id,instance,goal,result,duration,correct_result,verdict,steps_obtained,constraints_no,constraints_max,constraints_min,is_trivial
1,exp_acyclic_depvary_step10_batch_yyy01.pl,w2,yes,1.94,yes,corr,1.0,None,None,None,no
2,exp_acyclic_depvary_step10_batch_yyy01.pl,w5,yes,0.31,yes,corr,1.0,None,None,None,no
3,exp_acyclic_depvary_step10_batch_yyy01.pl,q4,no,86.86,no,corr,23.0,None,None,None,no
4,exp_acyclic_depvary_step10_batch_yyy01.pl,x5,yes,0.24,yes,corr,2.0,None,None,None,no
5,exp_acyclic_depvary_step10_batch_yyy01.pl,z3,yes,0.37,yes,corr,9.0,None,None,None,no
6,exp_acyclic_depvary_step10_batch_yyy01.pl,u2,yes,0.21,yes,corr,1.0,None,None,None,no
7,exp_acyclic_depvary_step10_batch_yyy01.pl,t4,yes,0.22,yes,corr,1.0,None,None,None,no
8,exp_acyclic_depvary_step10_batch_yyy01.pl,c4,no,0.28,no,corr,1.0,None,None,None,no
9,exp_acyclic_depvary_step10_batch_yyy01.pl,u3,no,188.86,no,corr,25.0,None,None,None,no
10,exp_acyclic_depvary_step10_batch_yyy01.pl,v4,yes,0.39,yes,corr,5.0,None,None,None,no
11,exp_acyclic_depvary_step10_batch_yyy02.pl,p5,no,0.29,no,corr,0.0,None,None,None,yes
12,exp_acyclic_depvary_step10_batch_yyy02.pl,c5,no,0.28,no,corr,6.0,None,None,None,no
13,exp_acyclic_depvary_step10_batch_yyy02.pl,q4,no,0.27,no,corr,1.0,None,None,None,no
14,exp_acyclic_depvary_step10_batch_yyy02.pl,a4,yes,0.22,yes,corr,4.0,None,None,None,no
15,exp_acyclic_depvary_step10_batch_yyy02.pl,r5,yes,0.15,yes,corr,1.0,None,None,None,no
16,exp_acyclic_depvary_step10_batch_yyy02.pl,w4,yes,0.23,yes,corr,1.0,None,None,None,no
17,exp_acyclic_depvary_step10_batch_yyy02.pl,b6,yes,0.28,yes,corr,1.0,None,None,None,no
18,exp_acyclic_depvary_step10_batch_yyy02.pl,p1,yes,0.24,yes,corr,1.0,None,None,None,no
19,exp_acyclic_depvary_step10_batch_yyy02.pl,u3,no,0.24,no,corr,1.0,None,None,None,no
20,exp_acyclic_depvary_step10_batch_yyy02.pl,e3,no,0.16,no,corr,1.0,None,None,None,no
21,exp_acyclic_depvary_step10_batch_yyy03.pl,s3,no,0.19,no,corr,0.0,None,None,None,yes
22,exp_acyclic_depvary_step10_batch_yyy03.pl,y4,no,7.75,no,corr,16.0,None,None,None,no
23,exp_acyclic_depvary_step10_batch_yyy03.pl,x2,yes,0.22,yes,corr,1.0,None,None,None,no
24,exp_acyclic_depvary_step10_batch_yyy03.pl,e4,,600.0,no,TIMEOUT,,,,,no
25,exp_acyclic_depvary_step10_batch_yyy03.pl,f3,yes,0.29,yes,corr,1.0,None,None,None,no
26,exp_acyclic_depvary_step10_batch_yyy03.pl,u3,yes,0.22,yes,corr,1.0,None,None,None,no
27,exp_acyclic_depvary_step10_batch_yyy03.pl,f4,no,0.44,no,corr,2.0,None,None,None,no
28,exp_acyclic_depvary_step10_batch_yyy03.pl,w3,yes,0.55,yes,corr,1.0,None,None,None,no
29,exp_acyclic_depvary_step10_batch_yyy03.pl,v1,,600.0,no,TIMEOUT,,,,,no
30,exp_acyclic_depvary_step10_batch_yyy03.pl,p3,no,0.65,no,corr,8.0,None,None,None,no
31,exp_acyclic_depvary_step10_batch_yyy04.pl,t4,no,0.37,no,corr,0.0,None,None,None,yes
32,exp_acyclic_depvary_step10_batch_yyy04.pl,s5,yes,0.59,yes,corr,5.0,None,None,None,no
33,exp_acyclic_depvary_step10_batch_yyy04.pl,q4,yes,1.08,yes,corr,7.0,None,None,None,no
34,exp_acyclic_depvary_step10_batch_yyy04.pl,e4,yes,0.61,yes,corr,1.0,None,None,None,no
35,exp_acyclic_depvary_step10_batch_yyy04.pl,w1,yes,0.28,yes,corr,1.0,None,None,None,no
36,exp_acyclic_depvary_step10_batch_yyy04.pl,y1,,600.0,no,TIMEOUT,,,,,no
37,exp_acyclic_depvary_step10_batch_yyy04.pl,p2,no,38.27,no,corr,25.0,None,None,None,no
38,exp_acyclic_depvary_step10_batch_yyy04.pl,r2,no,1.38,no,corr,13.0,None,None,None,no
39,exp_acyclic_depvary_step10_batch_yyy04.pl,a4,yes,7.4,yes,corr,16.0,None,None,None,no
40,exp_acyclic_depvary_step10_batch_yyy04.pl,x2,yes,0.37,yes,corr,1.0,None,None,None,no
41,exp_acyclic_depvary_step10_batch_yyy05.pl,c3,no,0.79,no,corr,14.0,None,None,None,no
42,exp_acyclic_depvary_step10_batch_yyy05.pl,e1,no,0.26,no,corr,1.0,None,None,None,no
43,exp_acyclic_depvary_step10_batch_yyy05.pl,f5,yes,0.23,yes,corr,0.0,None,None,None,no
44,exp_acyclic_depvary_step10_batch_yyy05.pl,y3,yes,0.41,yes,corr,1.0,None,None,None,no
45,exp_acyclic_depvary_step10_batch_yyy05.pl,r4,yes,0.67,yes,corr,6.0,None,None,None,no
46,exp_acyclic_depvary_step10_batch_yyy05.pl,p1,no,0.75,no,corr,18.0,None,None,None,no
47,exp_acyclic_depvary_step10_batch_yyy05.pl,c2,no,11.5,no,corr,18.0,None,None,None,no
48,exp_acyclic_depvary_step10_batch_yyy05.pl,b1,yes,0.38,yes,corr,6.0,None,None,None,no
49,exp_acyclic_depvary_step10_batch_yyy05.pl,u2,no,2.47,no,corr,12.0,None,None,None,no
50,exp_acyclic_depvary_step10_batch_yyy05.pl,t1,yes,0.45,yes,corr,1.0,None,None,None,no
51,exp_acyclic_depvary_step10_batch_yyy06.pl,y4,no,0.34,no,corr,0.0,None,None,None,yes
52,exp_acyclic_depvary_step10_batch_yyy06.pl,t3,yes,0.31,yes,corr,1.0,None,None,None,no
53,exp_acyclic_depvary_step10_batch_yyy06.pl,a5,no,0.21,no,corr,1.0,None,None,None,no
54,exp_acyclic_depvary_step10_batch_yyy06.pl,q4,no,0.34,no,corr,1.0,None,None,None,no
55,exp_acyclic_depvary_step10_batch_yyy06.pl,f5,yes,0.27,yes,corr,1.0,None,None,None,no
56,exp_acyclic_depvary_step10_batch_yyy06.pl,z4,yes,0.3,yes,corr,1.0,None,None,None,no
57,exp_acyclic_depvary_step10_batch_yyy06.pl,c1,yes,0.23,yes,corr,1.0,None,None,None,no
58,exp_acyclic_depvary_step10_batch_yyy06.pl,r4,no,0.33,no,corr,3.0,None,None,None,no
59,exp_acyclic_depvary_step10_batch_yyy06.pl,y1,no,0.31,no,corr,3.0,None,None,None,no
60,exp_acyclic_depvary_step10_batch_yyy06.pl,p1,yes,0.42,yes,corr,2.0,None,None,None,no
61,exp_acyclic_depvary_step10_batch_yyy07.pl,d4,,600.0,no,TIMEOUT,,,,,no
62,exp_acyclic_depvary_step10_batch_yyy07.pl,u4,no,0.33,no,corr,0.0,None,None,None,yes
63,exp_acyclic_depvary_step10_batch_yyy07.pl,b4,no,49.09,no,corr,24.0,None,None,None,no
64,exp_acyclic_depvary_step10_batch_yyy07.pl,z4,no,207.65,no,corr,25.0,None,None,None,no
65,exp_acyclic_depvary_step10_batch_yyy07.pl,y1,no,246.6,no,corr,24.0,None,None,None,no
66,exp_acyclic_depvary_step10_batch_yyy07.pl,r2,yes,1.19,yes,corr,13.0,None,None,None,no
67,exp_acyclic_depvary_step10_batch_yyy07.pl,u2,yes,0.39,yes,corr,1.0,None,None,None,no
68,exp_acyclic_depvary_step10_batch_yyy07.pl,a6,yes,0.4,yes,corr,1.0,None,None,None,no
69,exp_acyclic_depvary_step10_batch_yyy07.pl,b3,yes,0.38,yes,corr,0.0,None,None,None,no
70,exp_acyclic_depvary_step10_batch_yyy07.pl,y4,no,43.26,no,corr,24.0,None,None,None,no
71,exp_acyclic_depvary_step10_batch_yyy08.pl,c3,yes,0.62,yes,corr,6.0,None,None,None,no
72,exp_acyclic_depvary_step10_batch_yyy08.pl,e1,yes,0.35,yes,corr,1.0,None,None,None,no
73,exp_acyclic_depvary_step10_batch_yyy08.pl,v5,yes,0.56,yes,corr,5.0,None,None,None,no
74,exp_acyclic_depvary_step10_batch_yyy08.pl,a5,yes,0.31,yes,corr,3.0,None,None,None,no
75,exp_acyclic_depvary_step10_batch_yyy08.pl,a4,,600.0,no,TIMEOUT,,,,,no
76,exp_acyclic_depvary_step10_batch_yyy08.pl,z2,no,4.2,no,corr,14.0,None,None,None,no
77,exp_acyclic_depvary_step10_batch_yyy08.pl,q3,yes,0.28,yes,corr,1.0,None,None,None,no
78,exp_acyclic_depvary_step10_batch_yyy08.pl,t1,,600.0,no,TIMEOUT,,,,,no
79,exp_acyclic_depvary_step10_batch_yyy08.pl,z4,yes,0.81,yes,corr,6.0,None,None,None,no
80,exp_acyclic_depvary_step10_batch_yyy08.pl,r5,no,0.55,no,corr,0.0,None,None,None,yes
81,exp_acyclic_depvary_step10_batch_yyy09.pl,b2,no,0.68,no,corr,1.0,None,None,None,no
82,exp_acyclic_depvary_step10_batch_yyy09.pl,y4,no,0.26,no,corr,0.0,None,None,None,yes
83,exp_acyclic_depvary_step10_batch_yyy09.pl,t3,yes,0.33,yes,corr,1.0,None,None,None,no
84,exp_acyclic_depvary_step10_batch_yyy09.pl,z1,yes,0.27,yes,corr,1.0,None,None,None,no
85,exp_acyclic_depvary_step10_batch_yyy09.pl,f5,yes,0.46,yes,corr,0.0,None,None,None,no
86,exp_acyclic_depvary_step10_batch_yyy09.pl,z4,no,0.91,no,corr,1.0,None,None,None,no
87,exp_acyclic_depvary_step10_batch_yyy09.pl,e3,no,0.75,no,corr,4.0,None,None,None,no
88,exp_acyclic_depvary_step10_batch_yyy09.pl,y1,no,0.57,no,corr,0.0,None,None,None,yes
89,exp_acyclic_depvary_step10_batch_yyy09.pl,a3,no,0.59,no,corr,1.0,None,None,None,no
90,exp_acyclic_depvary_step10_batch_yyy09.pl,q2,no,119.56,no,corr,25.0,None,None,None,no
91,exp_acyclic_depvary_step10_batch_yyy10.pl,d5,yes,0.43,yes,corr,5.0,None,None,None,no
92,exp_acyclic_depvary_step10_batch_yyy10.pl,a6,yes,0.66,yes,corr,1.0,None,None,None,no
93,exp_acyclic_depvary_step10_batch_yyy10.pl,v2,no,0.35,no,corr,0.0,None,None,None,yes
94,exp_acyclic_depvary_step10_batch_yyy10.pl,x3,yes,0.85,yes,corr,1.0,None,None,None,no
95,exp_acyclic_depvary_step10_batch_yyy10.pl,x2,no,0.43,no,corr,0.0,None,None,None,yes
96,exp_acyclic_depvary_step10_batch_yyy10.pl,y3,no,0.42,no,corr,0.0,None,None,None,yes
97,exp_acyclic_depvary_step10_batch_yyy10.pl,b5,no,203.17,no,corr,25.0,None,None,None,no
98,exp_acyclic_depvary_step10_batch_yyy10.pl,e3,yes,0.37,yes,corr,1.0,None,None,None,no
99,exp_acyclic_depvary_step10_batch_yyy10.pl,x1,yes,0.56,yes,corr,3.0,None,None,None,no
100,exp_acyclic_depvary_step10_batch_yyy10.pl,r3,no,0.23,no,corr,1.0,None,None,None,no
101,exp_acyclic_depvary_step1_batch_yyy01.pl,u5,no,0.29,no,corr,0.0,None,None,None,yes
102,exp_acyclic_depvary_step1_batch_yyy01.pl,s4,no,0.41,no,corr,0.0,None,None,None,yes
103,exp_acyclic_depvary_step1_batch_yyy01.pl,d3,no,0.24,no,corr,0.0,None,None,None,yes
104,exp_acyclic_depvary_step1_batch_yyy01.pl,q5,no,0.17,no,corr,0.0,None,None,None,yes
105,exp_acyclic_depvary_step1_batch_yyy01.pl,z4,no,0.25,no,corr,0.0,None,None,None,yes
106,exp_acyclic_depvary_step1_batch_yyy01.pl,s1,yes,0.25,yes,corr,1.0,None,None,None,no
107,exp_acyclic_depvary_step1_batch_yyy01.pl,z3,no,0.22,no,corr,0.0,None,None,None,yes
108,exp_acyclic_depvary_step1_batch_yyy01.pl,u2,no,0.22,no,corr,0.0,None,None,None,yes
109,exp_acyclic_depvary_step1_batch_yyy01.pl,c5,no,0.22,no,corr,0.0,None,None,None,yes
110,exp_acyclic_depvary_step1_batch_yyy01.pl,b1,no,0.2,no,corr,1.0,None,None,None,no
111,exp_acyclic_depvary_step1_batch_yyy02.pl,y4,no,0.31,no,corr,0.0,None,None,None,yes
112,exp_acyclic_depvary_step1_batch_yyy02.pl,z5,no,0.2,no,corr,0.0,None,None,None,yes
113,exp_acyclic_depvary_step1_batch_yyy02.pl,x3,no,0.56,no,corr,0.0,None,None,None,yes
114,exp_acyclic_depvary_step1_batch_yyy02.pl,q4,no,0.25,no,corr,0.0,None,None,None,yes
115,exp_acyclic_depvary_step1_batch_yyy02.pl,x2,no,0.2,no,corr,0.0,None,None,None,yes
116,exp_acyclic_depvary_step1_batch_yyy02.pl,c6,no,0.52,no,corr,0.0,None,None,None,yes
117,exp_acyclic_depvary_step1_batch_yyy02.pl,d2,no,0.29,no,corr,0.0,None,None,None,yes
118,exp_acyclic_depvary_step1_batch_yyy02.pl,y2,no,0.41,no,corr,0.0,None,None,None,yes
119,exp_acyclic_depvary_step1_batch_yyy02.pl,e2,no,0.36,no,corr,0.0,None,None,None,yes
120,exp_acyclic_depvary_step1_batch_yyy02.pl,q2,no,0.22,no,corr,0.0,None,None,None,yes
121,exp_acyclic_depvary_step1_batch_yyy03.pl,u4,no,0.28,no,corr,0.0,None,None,None,yes
122,exp_acyclic_depvary_step1_batch_yyy03.pl,b1,no,0.55,no,corr,1.0,None,None,None,no
123,exp_acyclic_depvary_step1_batch_yyy03.pl,x2,no,0.16,no,corr,0.0,None,None,None,yes
124,exp_acyclic_depvary_step1_batch_yyy03.pl,r5,no,0.18,no,corr,0.0,None,None,None,yes
125,exp_acyclic_depvary_step1_batch_yyy03.pl,x4,no,0.18,no,corr,0.0,None,None,None,yes
126,exp_acyclic_depvary_step1_batch_yyy03.pl,q2,no,0.29,no,corr,0.0,None,None,None,yes
127,exp_acyclic_depvary_step1_batch_yyy03.pl,c6,no,0.22,no,corr,0.0,None,None,None,yes
128,exp_acyclic_depvary_step1_batch_yyy03.pl,z2,no,0.26,no,corr,0.0,None,None,None,yes
129,exp_acyclic_depvary_step1_batch_yyy03.pl,v4,no,0.31,no,corr,0.0,None,None,None,yes
130,exp_acyclic_depvary_step1_batch_yyy03.pl,e3,no,0.21,no,corr,0.0,None,None,None,yes
131,exp_acyclic_depvary_step1_batch_yyy04.pl,u4,no,0.27,no,corr,0.0,None,None,None,yes
132,exp_acyclic_depvary_step1_batch_yyy04.pl,p3,no,0.42,no,corr,0.0,None,None,None,yes
133,exp_acyclic_depvary_step1_batch_yyy04.pl,v4,no,0.34,no,corr,0.0,None,None,None,yes
134,exp_acyclic_depvary_step1_batch_yyy04.pl,r1,yes,0.24,yes,corr,2.0,None,None,None,no
135,exp_acyclic_depvary_step1_batch_yyy04.pl,a3,no,0.3,no,corr,0.0,None,None,None,yes
136,exp_acyclic_depvary_step1_batch_yyy04.pl,p1,yes,0.5,yes,corr,1.0,None,None,None,no
137,exp_acyclic_depvary_step1_batch_yyy04.pl,p5,no,0.17,no,corr,0.0,None,None,None,yes
138,exp_acyclic_depvary_step1_batch_yyy04.pl,x3,no,0.22,no,corr,0.0,None,None,None,yes
139,exp_acyclic_depvary_step1_batch_yyy04.pl,r2,no,0.38,no,corr,0.0,None,None,None,yes
140,exp_acyclic_depvary_step1_batch_yyy04.pl,b6,no,0.33,no,corr,0.0,None,None,None,yes
141,exp_acyclic_depvary_step1_batch_yyy05.pl,v2,no,0.26,no,corr,0.0,None,None,None,yes
142,exp_acyclic_depvary_step1_batch_yyy05.pl,x3,no,0.24,no,corr,0.0,None,None,None,yes
143,exp_acyclic_depvary_step1_batch_yyy05.pl,f1,no,0.49,no,corr,1.0,None,None,None,no
144,exp_acyclic_depvary_step1_batch_yyy05.pl,q5,no,0.62,no,corr,0.0,None,None,None,yes
145,exp_acyclic_depvary_step1_batch_yyy05.pl,w4,no,0.57,no,corr,0.0,None,None,None,yes
146,exp_acyclic_depvary_step1_batch_yyy05.pl,x5,no,0.59,no,corr,0.0,None,None,None,yes
147,exp_acyclic_depvary_step1_batch_yyy05.pl,y2,no,0.51,no,corr,0.0,None,None,None,yes
148,exp_acyclic_depvary_step1_batch_yyy05.pl,q2,no,0.52,no,corr,0.0,None,None,None,yes
149,exp_acyclic_depvary_step1_batch_yyy05.pl,v4,no,0.28,no,corr,0.0,None,None,None,yes
150,exp_acyclic_depvary_step1_batch_yyy05.pl,e3,no,0.22,no,corr,0.0,None,None,None,yes
151,exp_acyclic_depvary_step1_batch_yyy06.pl,b2,no,0.26,no,corr,0.0,None,None,None,yes
152,exp_acyclic_depvary_step1_batch_yyy06.pl,w5,no,0.22,no,corr,0.0,None,None,None,yes
153,exp_acyclic_depvary_step1_batch_yyy06.pl,s5,no,0.32,no,corr,0.0,None,None,None,yes
154,exp_acyclic_depvary_step1_batch_yyy06.pl,q4,no,0.22,no,corr,0.0,None,None,None,yes
155,exp_acyclic_depvary_step1_batch_yyy06.pl,w4,no,0.22,no,corr,0.0,None,None,None,yes
156,exp_acyclic_depvary_step1_batch_yyy06.pl,r4,no,0.42,no,corr,0.0,None,None,None,yes
157,exp_acyclic_depvary_step1_batch_yyy06.pl,b6,no,0.34,no,corr,0.0,None,None,None,yes
158,exp_acyclic_depvary_step1_batch_yyy06.pl,d1,yes,0.32,yes,corr,0.0,None,None,None,no
159,exp_acyclic_depvary_step1_batch_yyy06.pl,z1,no,0.48,no,corr,0.0,None,None,None,yes
160,exp_acyclic_depvary_step1_batch_yyy06.pl,b1,yes,0.19,yes,corr,0.0,None,None,None,no
161,exp_acyclic_depvary_step1_batch_yyy07.pl,c4,no,0.24,no,corr,0.0,None,None,None,yes
162,exp_acyclic_depvary_step1_batch_yyy07.pl,v5,no,0.24,no,corr,0.0,None,None,None,yes
163,exp_acyclic_depvary_step1_batch_yyy07.pl,z4,no,0.17,no,corr,0.0,None,None,None,yes
164,exp_acyclic_depvary_step1_batch_yyy07.pl,s1,yes,0.27,yes,corr,1.0,None,None,None,no
165,exp_acyclic_depvary_step1_batch_yyy07.pl,q1,yes,0.33,yes,corr,2.0,None,None,None,no
166,exp_acyclic_depvary_step1_batch_yyy07.pl,x4,no,0.24,no,corr,0.0,None,None,None,yes
167,exp_acyclic_depvary_step1_batch_yyy07.pl,f1,no,0.28,no,corr,1.0,None,None,None,no
168,exp_acyclic_depvary_step1_batch_yyy07.pl,e5,no,0.32,no,corr,0.0,None,None,None,yes
169,exp_acyclic_depvary_step1_batch_yyy07.pl,t2,no,0.18,no,corr,0.0,None,None,None,yes
170,exp_acyclic_depvary_step1_batch_yyy07.pl,z2,no,0.27,no,corr,0.0,None,None,None,yes
171,exp_acyclic_depvary_step1_batch_yyy08.pl,t5,no,0.29,no,corr,0.0,None,None,None,yes
172,exp_acyclic_depvary_step1_batch_yyy08.pl,y4,no,0.38,no,corr,0.0,None,None,None,yes
173,exp_acyclic_depvary_step1_batch_yyy08.pl,w2,no,0.3,no,corr,0.0,None,None,None,yes
174,exp_acyclic_depvary_step1_batch_yyy08.pl,f5,no,0.21,no,corr,0.0,None,None,None,yes
175,exp_acyclic_depvary_step1_batch_yyy08.pl,e3,no,0.4,no,corr,0.0,None,None,None,yes
176,exp_acyclic_depvary_step1_batch_yyy08.pl,d2,no,0.22,no,corr,0.0,None,None,None,yes
177,exp_acyclic_depvary_step1_batch_yyy08.pl,v3,no,0.24,no,corr,0.0,None,None,None,yes
178,exp_acyclic_depvary_step1_batch_yyy08.pl,f2,no,0.25,no,corr,0.0,None,None,None,yes
179,exp_acyclic_depvary_step1_batch_yyy08.pl,f4,no,0.27,no,corr,0.0,None,None,None,yes
180,exp_acyclic_depvary_step1_batch_yyy08.pl,a3,no,0.23,no,corr,0.0,None,None,None,yes
181,exp_acyclic_depvary_step1_batch_yyy09.pl,t4,no,0.22,no,corr,0.0,None,None,None,yes
182,exp_acyclic_depvary_step1_batch_yyy09.pl,b3,no,0.22,no,corr,0.0,None,None,None,yes
183,exp_acyclic_depvary_step1_batch_yyy09.pl,d3,no,0.37,no,corr,0.0,None,None,None,yes
184,exp_acyclic_depvary_step1_batch_yyy09.pl,x5,no,0.22,no,corr,0.0,None,None,None,yes
185,exp_acyclic_depvary_step1_batch_yyy09.pl,r1,yes,0.32,yes,corr,1.0,None,None,None,no
186,exp_acyclic_depvary_step1_batch_yyy09.pl,q3,no,0.16,no,corr,0.0,None,None,None,yes
187,exp_acyclic_depvary_step1_batch_yyy09.pl,e3,no,0.21,no,corr,0.0,None,None,None,yes
188,exp_acyclic_depvary_step1_batch_yyy09.pl,r4,no,0.18,no,corr,0.0,None,None,None,yes
189,exp_acyclic_depvary_step1_batch_yyy09.pl,e2,no,0.22,no,corr,0.0,None,None,None,yes
190,exp_acyclic_depvary_step1_batch_yyy09.pl,r3,no,0.23,no,corr,0.0,None,None,None,yes
191,exp_acyclic_depvary_step1_batch_yyy10.pl,c4,no,0.31,no,corr,0.0,None,None,None,yes
192,exp_acyclic_depvary_step1_batch_yyy10.pl,d4,no,0.19,no,corr,0.0,None,None,None,yes
193,exp_acyclic_depvary_step1_batch_yyy10.pl,b1,yes,0.35,yes,corr,2.0,None,None,None,no
194,exp_acyclic_depvary_step1_batch_yyy10.pl,a4,no,0.21,no,corr,0.0,None,None,None,yes
195,exp_acyclic_depvary_step1_batch_yyy10.pl,y3,no,0.2,no,corr,0.0,None,None,None,yes
196,exp_acyclic_depvary_step1_batch_yyy10.pl,e3,no,0.21,no,corr,0.0,None,None,None,yes
197,exp_acyclic_depvary_step1_batch_yyy10.pl,r3,no,0.28,no,corr,0.0,None,None,None,yes
198,exp_acyclic_depvary_step1_batch_yyy10.pl,f2,no,0.23,no,corr,0.0,None,None,None,yes
199,exp_acyclic_depvary_step1_batch_yyy10.pl,q3,no,0.29,no,corr,0.0,None,None,None,yes
200,exp_acyclic_depvary_step1_batch_yyy10.pl,y2,no,0.35,no,corr,0.0,None,None,None,yes
201,exp_acyclic_depvary_step2_batch_yyy01.pl,b2,no,0.23,no,corr,2.0,None,None,None,no
202,exp_acyclic_depvary_step2_batch_yyy01.pl,e1,yes,0.41,yes,corr,0.0,None,None,None,no
203,exp_acyclic_depvary_step2_batch_yyy01.pl,e5,no,0.24,no,corr,0.0,None,None,None,yes
204,exp_acyclic_depvary_step2_batch_yyy01.pl,c5,no,0.33,no,corr,0.0,None,None,None,yes
205,exp_acyclic_depvary_step2_batch_yyy01.pl,z4,no,0.26,no,corr,0.0,None,None,None,yes
206,exp_acyclic_depvary_step2_batch_yyy01.pl,c1,no,0.37,no,corr,1.0,None,None,None,no
207,exp_acyclic_depvary_step2_batch_yyy01.pl,p1,no,0.39,no,corr,2.0,None,None,None,no
208,exp_acyclic_depvary_step2_batch_yyy01.pl,y5,no,0.29,no,corr,0.0,None,None,None,yes
209,exp_acyclic_depvary_step2_batch_yyy01.pl,a6,no,0.19,no,corr,0.0,None,None,None,yes
210,exp_acyclic_depvary_step2_batch_yyy01.pl,s4,no,0.23,no,corr,0.0,None,None,None,yes
211,exp_acyclic_depvary_step2_batch_yyy02.pl,z5,no,0.3,no,corr,0.0,None,None,None,yes
212,exp_acyclic_depvary_step2_batch_yyy02.pl,e5,no,0.49,no,corr,0.0,None,None,None,yes
213,exp_acyclic_depvary_step2_batch_yyy02.pl,s5,no,0.21,no,corr,0.0,None,None,None,yes
214,exp_acyclic_depvary_step2_batch_yyy02.pl,p2,yes,0.21,yes,corr,1.0,None,None,None,no
215,exp_acyclic_depvary_step2_batch_yyy02.pl,a1,no,0.31,no,corr,1.0,None,None,None,no
216,exp_acyclic_depvary_step2_batch_yyy02.pl,q2,no,0.24,no,corr,3.0,None,None,None,no
217,exp_acyclic_depvary_step2_batch_yyy02.pl,d3,no,0.3,no,corr,0.0,None,None,None,yes
218,exp_acyclic_depvary_step2_batch_yyy02.pl,u4,no,0.57,no,corr,0.0,None,None,None,yes
219,exp_acyclic_depvary_step2_batch_yyy02.pl,w1,no,0.25,no,corr,0.0,None,None,None,yes
220,exp_acyclic_depvary_step2_batch_yyy02.pl,p3,no,0.28,no,corr,0.0,None,None,None,yes
221,exp_acyclic_depvary_step2_batch_yyy03.pl,d5,no,0.17,no,corr,0.0,None,None,None,yes
222,exp_acyclic_depvary_step2_batch_yyy03.pl,p5,no,0.21,no,corr,0.0,None,None,None,yes
223,exp_acyclic_depvary_step2_batch_yyy03.pl,v5,no,0.21,no,corr,0.0,None,None,None,yes
224,exp_acyclic_depvary_step2_batch_yyy03.pl,f5,no,0.22,no,corr,0.0,None,None,None,yes
225,exp_acyclic_depvary_step2_batch_yyy03.pl,p3,no,0.17,no,corr,0.0,None,None,None,yes
226,exp_acyclic_depvary_step2_batch_yyy03.pl,u3,no,0.29,no,corr,0.0,None,None,None,yes
227,exp_acyclic_depvary_step2_batch_yyy03.pl,y2,no,0.36,no,corr,0.0,None,None,None,yes
228,exp_acyclic_depvary_step2_batch_yyy03.pl,d1,yes,0.28,yes,corr,0.0,None,None,None,no
229,exp_acyclic_depvary_step2_batch_yyy03.pl,y3,no,0.2,no,corr,0.0,None,None,None,yes
230,exp_acyclic_depvary_step2_batch_yyy03.pl,r5,no,0.19,no,corr,0.0,None,None,None,yes
231,exp_acyclic_depvary_step2_batch_yyy04.pl,e1,no,0.22,no,corr,4.0,None,None,None,no
232,exp_acyclic_depvary_step2_batch_yyy04.pl,f1,yes,0.25,yes,corr,1.0,None,None,None,no
233,exp_acyclic_depvary_step2_batch_yyy04.pl,v5,no,0.23,no,corr,0.0,None,None,None,yes
234,exp_acyclic_depvary_step2_batch_yyy04.pl,q5,no,0.45,no,corr,0.0,None,None,None,yes
235,exp_acyclic_depvary_step2_batch_yyy04.pl,v1,yes,0.25,yes,corr,1.0,None,None,None,no
236,exp_acyclic_depvary_step2_batch_yyy04.pl,c6,no,0.34,no,corr,0.0,None,None,None,yes
237,exp_acyclic_depvary_step2_batch_yyy04.pl,a6,no,0.72,no,corr,0.0,None,None,None,yes
238,exp_acyclic_depvary_step2_batch_yyy04.pl,y4,no,0.2,no,corr,0.0,None,None,None,yes
239,exp_acyclic_depvary_step2_batch_yyy04.pl,e2,no,0.23,no,corr,0.0,None,None,None,yes
240,exp_acyclic_depvary_step2_batch_yyy04.pl,u2,no,0.25,no,corr,0.0,None,None,None,yes
241,exp_acyclic_depvary_step2_batch_yyy05.pl,b2,no,0.23,no,corr,1.0,None,None,None,no
242,exp_acyclic_depvary_step2_batch_yyy05.pl,y4,no,0.33,no,corr,0.0,None,None,None,yes
243,exp_acyclic_depvary_step2_batch_yyy05.pl,e1,yes,0.29,yes,corr,1.0,None,None,None,no
244,exp_acyclic_depvary_step2_batch_yyy05.pl,f1,yes,0.35,yes,corr,1.0,None,None,None,no
245,exp_acyclic_depvary_step2_batch_yyy05.pl,w5,no,0.16,no,corr,0.0,None,None,None,yes
246,exp_acyclic_depvary_step2_batch_yyy05.pl,q4,no,0.37,no,corr,0.0,None,None,None,yes
247,exp_acyclic_depvary_step2_batch_yyy05.pl,y3,no,0.48,no,corr,0.0,None,None,None,yes
248,exp_acyclic_depvary_step2_batch_yyy05.pl,f4,no,0.29,no,corr,0.0,None,None,None,yes
249,exp_acyclic_depvary_step2_batch_yyy05.pl,z1,yes,0.27,yes,corr,3.0,None,None,None,no
250,exp_acyclic_depvary_step2_batch_yyy05.pl,b1,yes,0.33,yes,corr,0.0,None,None,None,no
251,exp_acyclic_depvary_step2_batch_yyy06.pl,c3,no,0.29,no,corr,0.0,None,None,None,yes
252,exp_acyclic_depvary_step2_batch_yyy06.pl,u1,yes,0.64,yes,corr,1.0,None,None,None,no
253,exp_acyclic_depvary_step2_batch_yyy06.pl,d3,no,0.19,no,corr,0.0,None,None,None,yes
254,exp_acyclic_depvary_step2_batch_yyy06.pl,q4,no,0.23,no,corr,0.0,None,None,None,yes
255,exp_acyclic_depvary_step2_batch_yyy06.pl,x2,no,0.22,no,corr,0.0,None,None,None,yes
256,exp_acyclic_depvary_step2_batch_yyy06.pl,x5,no,0.24,no,corr,0.0,None,None,None,yes
257,exp_acyclic_depvary_step2_batch_yyy06.pl,a1,yes,0.22,yes,corr,0.0,None,None,None,no
258,exp_acyclic_depvary_step2_batch_yyy06.pl,x4,no,0.29,no,corr,0.0,None,None,None,yes
259,exp_acyclic_depvary_step2_batch_yyy06.pl,p5,no,0.34,no,corr,0.0,None,None,None,yes
260,exp_acyclic_depvary_step2_batch_yyy06.pl,x3,no,0.23,no,corr,0.0,None,None,None,yes
261,exp_acyclic_depvary_step2_batch_yyy07.pl,d5,no,0.48,no,corr,0.0,None,None,None,yes
262,exp_acyclic_depvary_step2_batch_yyy07.pl,f1,yes,0.31,yes,corr,3.0,None,None,None,no
263,exp_acyclic_depvary_step2_batch_yyy07.pl,w5,no,0.8,no,corr,0.0,None,None,None,yes
264,exp_acyclic_depvary_step2_batch_yyy07.pl,y3,no,0.52,no,corr,0.0,None,None,None,yes
265,exp_acyclic_depvary_step2_batch_yyy07.pl,x1,yes,0.32,yes,corr,1.0,None,None,None,no
266,exp_acyclic_depvary_step2_batch_yyy07.pl,f2,no,0.19,no,corr,0.0,None,None,None,yes
267,exp_acyclic_depvary_step2_batch_yyy07.pl,c5,no,0.76,no,corr,0.0,None,None,None,yes
268,exp_acyclic_depvary_step2_batch_yyy07.pl,a5,no,0.23,no,corr,0.0,None,None,None,yes
269,exp_acyclic_depvary_step2_batch_yyy07.pl,d1,no,0.28,no,corr,1.0,None,None,None,no
270,exp_acyclic_depvary_step2_batch_yyy07.pl,t1,yes,0.87,yes,corr,3.0,None,None,None,no
271,exp_acyclic_depvary_step2_batch_yyy08.pl,s3,no,0.75,no,corr,0.0,None,None,None,yes
272,exp_acyclic_depvary_step2_batch_yyy08.pl,x3,no,0.45,no,corr,0.0,None,None,None,yes
273,exp_acyclic_depvary_step2_batch_yyy08.pl,s5,no,0.21,no,corr,0.0,None,None,None,yes
274,exp_acyclic_depvary_step2_batch_yyy08.pl,p3,no,0.2,no,corr,0.0,None,None,None,yes
275,exp_acyclic_depvary_step2_batch_yyy08.pl,d2,no,0.27,no,corr,0.0,None,None,None,yes
276,exp_acyclic_depvary_step2_batch_yyy08.pl,z3,no,0.19,no,corr,0.0,None,None,None,yes
277,exp_acyclic_depvary_step2_batch_yyy08.pl,y2,no,0.16,no,corr,0.0,None,None,None,yes
278,exp_acyclic_depvary_step2_batch_yyy08.pl,c6,no,0.28,no,corr,0.0,None,None,None,yes
279,exp_acyclic_depvary_step2_batch_yyy08.pl,z2,no,0.31,no,corr,0.0,None,None,None,yes
280,exp_acyclic_depvary_step2_batch_yyy08.pl,b5,no,0.26,no,corr,0.0,None,None,None,yes
281,exp_acyclic_depvary_step2_batch_yyy09.pl,u5,no,0.24,no,corr,0.0,None,None,None,yes
282,exp_acyclic_depvary_step2_batch_yyy09.pl,t4,no,0.32,no,corr,0.0,None,None,None,yes
283,exp_acyclic_depvary_step2_batch_yyy09.pl,b2,no,0.34,no,corr,4.0,None,None,None,no
284,exp_acyclic_depvary_step2_batch_yyy09.pl,b3,no,0.65,no,corr,0.0,None,None,None,yes
285,exp_acyclic_depvary_step2_batch_yyy09.pl,p4,no,0.36,no,corr,0.0,None,None,None,yes
286,exp_acyclic_depvary_step2_batch_yyy09.pl,b4,no,0.36,no,corr,0.0,None,None,None,yes
287,exp_acyclic_depvary_step2_batch_yyy09.pl,z1,no,0.27,no,corr,0.0,None,None,None,yes
288,exp_acyclic_depvary_step2_batch_yyy09.pl,w4,no,0.22,no,corr,0.0,None,None,None,yes
289,exp_acyclic_depvary_step2_batch_yyy09.pl,d1,yes,0.25,yes,corr,0.0,None,None,None,no
290,exp_acyclic_depvary_step2_batch_yyy09.pl,x4,no,0.22,no,corr,0.0,None,None,None,yes
291,exp_acyclic_depvary_step2_batch_yyy10.pl,u5,no,0.29,no,corr,0.0,None,None,None,yes
292,exp_acyclic_depvary_step2_batch_yyy10.pl,d4,no,0.17,no,corr,0.0,None,None,None,yes
293,exp_acyclic_depvary_step2_batch_yyy10.pl,t3,no,0.24,no,corr,0.0,None,None,None,yes
294,exp_acyclic_depvary_step2_batch_yyy10.pl,v4,no,0.19,no,corr,0.0,None,None,None,yes
295,exp_acyclic_depvary_step2_batch_yyy10.pl,f4,no,0.26,no,corr,0.0,None,None,None,yes
296,exp_acyclic_depvary_step2_batch_yyy10.pl,r2,yes,0.23,yes,corr,1.0,None,None,None,no
297,exp_acyclic_depvary_step2_batch_yyy10.pl,v2,no,0.26,no,corr,0.0,None,None,None,yes
298,exp_acyclic_depvary_step2_batch_yyy10.pl,e1,no,0.26,no,corr,7.0,None,None,None,no
299,exp_acyclic_depvary_step2_batch_yyy10.pl,s1,yes,0.47,yes,corr,1.0,None,None,None,no
300,exp_acyclic_depvary_step2_batch_yyy10.pl,d2,no,0.15,no,corr,0.0,None,None,None,yes
301,exp_acyclic_depvary_step3_batch_yyy01.pl,u1,yes,0.37,yes,corr,1.0,None,None,None,no
302,exp_acyclic_depvary_step3_batch_yyy01.pl,c2,no,0.29,no,corr,4.0,None,None,None,no
303,exp_acyclic_depvary_step3_batch_yyy01.pl,a4,no,0.19,no,corr,0.0,None,None,None,yes
304,exp_acyclic_depvary_step3_batch_yyy01.pl,y1,yes,0.23,yes,corr,7.0,None,None,None,no
305,exp_acyclic_depvary_step3_batch_yyy01.pl,q1,yes,0.18,yes,corr,2.0,None,None,None,no
306,exp_acyclic_depvary_step3_batch_yyy01.pl,a2,no,0.35,no,corr,3.0,None,None,None,no
307,exp_acyclic_depvary_step3_batch_yyy01.pl,s5,no,0.7,no,corr,0.0,None,None,None,yes
308,exp_acyclic_depvary_step3_batch_yyy01.pl,b4,no,0.46,no,corr,0.0,None,None,None,yes
309,exp_acyclic_depvary_step3_batch_yyy01.pl,z3,no,0.21,no,corr,0.0,None,None,None,yes
310,exp_acyclic_depvary_step3_batch_yyy01.pl,a3,no,0.18,no,corr,0.0,None,None,None,yes
311,exp_acyclic_depvary_step3_batch_yyy02.pl,d5,no,0.18,no,corr,0.0,None,None,None,yes
312,exp_acyclic_depvary_step3_batch_yyy02.pl,z5,no,0.23,no,corr,0.0,None,None,None,yes
313,exp_acyclic_depvary_step3_batch_yyy02.pl,b4,no,0.47,no,corr,0.0,None,None,None,yes
314,exp_acyclic_depvary_step3_batch_yyy02.pl,c2,yes,0.3,yes,corr,0.0,None,None,None,no
315,exp_acyclic_depvary_step3_batch_yyy02.pl,r5,no,0.21,no,corr,0.0,None,None,None,yes
316,exp_acyclic_depvary_step3_batch_yyy02.pl,r1,yes,0.24,yes,corr,1.0,None,None,None,no
317,exp_acyclic_depvary_step3_batch_yyy02.pl,p2,yes,0.25,yes,corr,1.0,None,None,None,no
318,exp_acyclic_depvary_step3_batch_yyy02.pl,e2,yes,0.74,yes,corr,5.0,None,None,None,no
319,exp_acyclic_depvary_step3_batch_yyy02.pl,d1,yes,0.43,yes,corr,4.0,None,None,None,no
320,exp_acyclic_depvary_step3_batch_yyy02.pl,q1,no,0.23,no,corr,3.0,None,None,None,no
321,exp_acyclic_depvary_step3_batch_yyy03.pl,p4,no,0.36,no,corr,0.0,None,None,None,yes
322,exp_acyclic_depvary_step3_batch_yyy03.pl,u4,no,0.42,no,corr,0.0,None,None,None,yes
323,exp_acyclic_depvary_step3_batch_yyy03.pl,z1,no,0.21,no,corr,0.0,None,None,None,yes
324,exp_acyclic_depvary_step3_batch_yyy03.pl,c6,no,0.33,no,corr,0.0,None,None,None,yes
325,exp_acyclic_depvary_step3_batch_yyy03.pl,y1,no,0.27,no,corr,0.0,None,None,None,yes
326,exp_acyclic_depvary_step3_batch_yyy03.pl,y2,no,0.21,no,corr,0.0,None,None,None,yes
327,exp_acyclic_depvary_step3_batch_yyy03.pl,e2,no,0.32,no,corr,1.0,None,None,None,no
328,exp_acyclic_depvary_step3_batch_yyy03.pl,r3,no,0.6,no,corr,0.0,None,None,None,yes
329,exp_acyclic_depvary_step3_batch_yyy03.pl,f2,no,0.24,no,corr,1.0,None,None,None,no
330,exp_acyclic_depvary_step3_batch_yyy03.pl,q2,no,0.45,no,corr,6.0,None,None,None,no
331,exp_acyclic_depvary_step3_batch_yyy04.pl,t5,no,0.29,no,corr,0.0,None,None,None,yes
332,exp_acyclic_depvary_step3_batch_yyy04.pl,s4,no,0.43,no,corr,0.0,None,None,None,yes
333,exp_acyclic_depvary_step3_batch_yyy04.pl,u4,no,0.29,no,corr,0.0,None,None,None,yes
334,exp_acyclic_depvary_step3_batch_yyy04.pl,c5,no,0.2,no,corr,0.0,None,None,None,yes
335,exp_acyclic_depvary_step3_batch_yyy04.pl,e4,no,0.26,no,corr,0.0,None,None,None,yes
336,exp_acyclic_depvary_step3_batch_yyy04.pl,w1,no,0.25,no,corr,3.0,None,None,None,no
337,exp_acyclic_depvary_step3_batch_yyy04.pl,s1,yes,0.37,yes,corr,2.0,None,None,None,no
338,exp_acyclic_depvary_step3_batch_yyy04.pl,z3,no,0.24,no,corr,0.0,None,None,None,yes
339,exp_acyclic_depvary_step3_batch_yyy04.pl,r3,no,0.49,no,corr,0.0,None,None,None,yes
340,exp_acyclic_depvary_step3_batch_yyy04.pl,q2,yes,0.52,yes,corr,1.0,None,None,None,no
341,exp_acyclic_depvary_step3_batch_yyy05.pl,e1,yes,0.32,yes,corr,1.0,None,None,None,no
342,exp_acyclic_depvary_step3_batch_yyy05.pl,f1,yes,0.24,yes,corr,1.0,None,None,None,no
343,exp_acyclic_depvary_step3_batch_yyy05.pl,c5,no,0.26,no,corr,0.0,None,None,None,yes
344,exp_acyclic_depvary_step3_batch_yyy05.pl,r4,no,0.32,no,corr,0.0,None,None,None,yes
345,exp_acyclic_depvary_step3_batch_yyy05.pl,a3,no,0.37,no,corr,0.0,None,None,None,yes
346,exp_acyclic_depvary_step3_batch_yyy05.pl,x1,yes,0.3,yes,corr,1.0,None,None,None,no
347,exp_acyclic_depvary_step3_batch_yyy05.pl,s5,no,0.23,no,corr,0.0,None,None,None,yes
348,exp_acyclic_depvary_step3_batch_yyy05.pl,b4,no,0.21,no,corr,0.0,None,None,None,yes
349,exp_acyclic_depvary_step3_batch_yyy05.pl,r5,no,0.25,no,corr,0.0,None,None,None,yes
350,exp_acyclic_depvary_step3_batch_yyy05.pl,e4,no,0.23,no,corr,0.0,None,None,None,yes
351,exp_acyclic_depvary_step3_batch_yyy06.pl,c4,no,0.25,no,corr,0.0,None,None,None,yes
352,exp_acyclic_depvary_step3_batch_yyy06.pl,u4,no,0.32,no,corr,0.0,None,None,None,yes
353,exp_acyclic_depvary_step3_batch_yyy06.pl,a1,no,0.74,no,corr,14.0,None,None,None,no
354,exp_acyclic_depvary_step3_batch_yyy06.pl,u2,no,0.31,no,corr,0.0,None,None,None,yes
355,exp_acyclic_depvary_step3_batch_yyy06.pl,x4,no,0.24,no,corr,0.0,None,None,None,yes
356,exp_acyclic_depvary_step3_batch_yyy06.pl,z5,no,0.31,no,corr,0.0,None,None,None,yes
357,exp_acyclic_depvary_step3_batch_yyy06.pl,e1,yes,0.44,yes,corr,0.0,None,None,None,no
358,exp_acyclic_depvary_step3_batch_yyy06.pl,x5,no,0.55,no,corr,0.0,None,None,None,yes
359,exp_acyclic_depvary_step3_batch_yyy06.pl,c6,no,0.92,no,corr,0.0,None,None,None,yes
360,exp_acyclic_depvary_step3_batch_yyy06.pl,b5,no,0.57,no,corr,0.0,None,None,None,yes
361,exp_acyclic_depvary_step3_batch_yyy07.pl,w2,no,0.23,no,corr,0.0,None,None,None,yes
362,exp_acyclic_depvary_step3_batch_yyy07.pl,q5,no,0.67,no,corr,0.0,None,None,None,yes
363,exp_acyclic_depvary_step3_batch_yyy07.pl,c2,yes,0.25,yes,corr,1.0,None,None,None,no
364,exp_acyclic_depvary_step3_batch_yyy07.pl,x2,yes,0.2,yes,corr,2.0,None,None,None,no
365,exp_acyclic_depvary_step3_batch_yyy07.pl,e4,no,0.34,no,corr,0.0,None,None,None,yes
366,exp_acyclic_depvary_step3_batch_yyy07.pl,a1,yes,0.3,yes,corr,2.0,None,None,None,no
367,exp_acyclic_depvary_step3_batch_yyy07.pl,t4,no,0.26,no,corr,0.0,None,None,None,yes
368,exp_acyclic_depvary_step3_batch_yyy07.pl,s3,no,0.22,no,corr,0.0,None,None,None,yes
369,exp_acyclic_depvary_step3_batch_yyy07.pl,r3,no,0.17,no,corr,0.0,None,None,None,yes
370,exp_acyclic_depvary_step3_batch_yyy07.pl,q1,no,0.42,no,corr,0.0,None,None,None,yes
371,exp_acyclic_depvary_step3_batch_yyy08.pl,d4,no,0.41,no,corr,0.0,None,None,None,yes
372,exp_acyclic_depvary_step3_batch_yyy08.pl,w2,yes,0.19,yes,corr,1.0,None,None,None,no
373,exp_acyclic_depvary_step3_batch_yyy08.pl,a5,no,0.25,no,corr,0.0,None,None,None,yes
374,exp_acyclic_depvary_step3_batch_yyy08.pl,y3,no,0.18,no,corr,0.0,None,None,None,yes
375,exp_acyclic_depvary_step3_batch_yyy08.pl,c6,no,0.19,no,corr,0.0,None,None,None,yes
376,exp_acyclic_depvary_step3_batch_yyy08.pl,q3,no,0.28,no,corr,0.0,None,None,None,yes
377,exp_acyclic_depvary_step3_batch_yyy08.pl,u2,no,0.17,no,corr,0.0,None,None,None,yes
378,exp_acyclic_depvary_step3_batch_yyy08.pl,y5,no,0.25,no,corr,0.0,None,None,None,yes
379,exp_acyclic_depvary_step3_batch_yyy08.pl,f4,no,0.31,no,corr,0.0,None,None,None,yes
380,exp_acyclic_depvary_step3_batch_yyy08.pl,z3,no,0.27,no,corr,0.0,None,None,None,yes
381,exp_acyclic_depvary_step3_batch_yyy09.pl,b3,no,0.49,no,corr,0.0,None,None,None,yes
382,exp_acyclic_depvary_step3_batch_yyy09.pl,d4,no,0.2,no,corr,0.0,None,None,None,yes
383,exp_acyclic_depvary_step3_batch_yyy09.pl,w5,no,0.24,no,corr,0.0,None,None,None,yes
384,exp_acyclic_depvary_step3_batch_yyy09.pl,b1,no,0.23,no,corr,4.0,None,None,None,no
385,exp_acyclic_depvary_step3_batch_yyy09.pl,a4,no,0.28,no,corr,0.0,None,None,None,yes
386,exp_acyclic_depvary_step3_batch_yyy09.pl,p3,no,0.84,no,corr,0.0,None,None,None,yes
387,exp_acyclic_depvary_step3_batch_yyy09.pl,e3,no,0.45,no,corr,0.0,None,None,None,yes
388,exp_acyclic_depvary_step3_batch_yyy09.pl,r1,yes,0.72,yes,corr,3.0,None,None,None,no
389,exp_acyclic_depvary_step3_batch_yyy09.pl,e2,yes,0.22,yes,corr,5.0,None,None,None,no
390,exp_acyclic_depvary_step3_batch_yyy09.pl,d1,yes,0.29,yes,corr,6.0,None,None,None,no
391,exp_acyclic_depvary_step3_batch_yyy10.pl,s3,no,0.7,no,corr,0.0,None,None,None,yes
392,exp_acyclic_depvary_step3_batch_yyy10.pl,b3,no,0.44,no,corr,0.0,None,None,None,yes
393,exp_acyclic_depvary_step3_batch_yyy10.pl,e1,yes,0.25,yes,corr,3.0,None,None,None,no
394,exp_acyclic_depvary_step3_batch_yyy10.pl,t2,no,0.4,no,corr,7.0,None,None,None,no
395,exp_acyclic_depvary_step3_batch_yyy10.pl,e3,no,0.2,no,corr,0.0,None,None,None,yes
396,exp_acyclic_depvary_step3_batch_yyy10.pl,u5,no,0.27,no,corr,0.0,None,None,None,yes
397,exp_acyclic_depvary_step3_batch_yyy10.pl,d5,no,0.29,no,corr,0.0,None,None,None,yes
398,exp_acyclic_depvary_step3_batch_yyy10.pl,e2,no,0.23,no,corr,4.0,None,None,None,no
399,exp_acyclic_depvary_step3_batch_yyy10.pl,r3,no,0.22,no,corr,0.0,None,None,None,yes
400,exp_acyclic_depvary_step3_batch_yyy10.pl,d1,no,0.4,no,corr,8.0,None,None,None,no
401,exp_acyclic_depvary_step4_batch_yyy01.pl,b3,yes,0.27,yes,corr,0.0,None,None,None,no
402,exp_acyclic_depvary_step4_batch_yyy01.pl,u1,no,0.23,no,corr,3.0,None,None,None,no
403,exp_acyclic_depvary_step4_batch_yyy01.pl,d3,no,0.2,no,corr,0.0,None,None,None,yes
404,exp_acyclic_depvary_step4_batch_yyy01.pl,q5,no,0.26,no,corr,0.0,None,None,None,yes
405,exp_acyclic_depvary_step4_batch_yyy01.pl,c2,yes,0.3,yes,corr,2.0,None,None,None,no
406,exp_acyclic_depvary_step4_batch_yyy01.pl,f5,no,0.21,no,corr,0.0,None,None,None,yes
407,exp_acyclic_depvary_step4_batch_yyy01.pl,w1,no,0.34,no,corr,0.0,None,None,None,yes
408,exp_acyclic_depvary_step4_batch_yyy01.pl,s1,yes,0.45,yes,corr,1.0,None,None,None,no
409,exp_acyclic_depvary_step4_batch_yyy01.pl,x1,no,0.22,no,corr,6.0,None,None,None,no
410,exp_acyclic_depvary_step4_batch_yyy01.pl,f2,yes,0.42,yes,corr,1.0,None,None,None,no
411,exp_acyclic_depvary_step4_batch_yyy02.pl,u1,yes,0.45,yes,corr,1.0,None,None,None,no
412,exp_acyclic_depvary_step4_batch_yyy02.pl,y3,no,0.24,no,corr,0.0,None,None,None,yes
413,exp_acyclic_depvary_step4_batch_yyy02.pl,d2,yes,0.31,yes,corr,4.0,None,None,None,no
414,exp_acyclic_depvary_step4_batch_yyy02.pl,y5,no,0.35,no,corr,0.0,None,None,None,yes
415,exp_acyclic_depvary_step4_batch_yyy02.pl,w3,no,0.25,no,corr,0.0,None,None,None,yes
416,exp_acyclic_depvary_step4_batch_yyy02.pl,b3,yes,0.31,yes,corr,1.0,None,None,None,no
417,exp_acyclic_depvary_step4_batch_yyy02.pl,y4,no,0.59,no,corr,0.0,None,None,None,yes
418,exp_acyclic_depvary_step4_batch_yyy02.pl,e2,yes,0.23,yes,corr,4.0,None,None,None,no
419,exp_acyclic_depvary_step4_batch_yyy02.pl,t1,no,0.83,no,corr,0.0,None,None,None,yes
420,exp_acyclic_depvary_step4_batch_yyy02.pl,q1,yes,0.27,yes,corr,3.0,None,None,None,no
421,exp_acyclic_depvary_step4_batch_yyy03.pl,b2,yes,0.36,yes,corr,2.0,None,None,None,no
422,exp_acyclic_depvary_step4_batch_yyy03.pl,p5,no,0.6,no,corr,0.0,None,None,None,yes
423,exp_acyclic_depvary_step4_batch_yyy03.pl,d3,no,0.69,no,corr,0.0,None,None,None,yes
424,exp_acyclic_depvary_step4_batch_yyy03.pl,t3,no,0.72,no,corr,0.0,None,None,None,yes
425,exp_acyclic_depvary_step4_batch_yyy03.pl,u3,no,0.35,no,corr,0.0,None,None,None,yes
426,exp_acyclic_depvary_step4_batch_yyy03.pl,s1,no,0.26,no,corr,0.0,None,None,None,yes
427,exp_acyclic_depvary_step4_batch_yyy03.pl,q3,yes,0.28,yes,corr,2.0,None,None,None,no
428,exp_acyclic_depvary_step4_batch_yyy03.pl,b6,no,0.21,no,corr,0.0,None,None,None,yes
429,exp_acyclic_depvary_step4_batch_yyy03.pl,c3,no,0.19,no,corr,1.0,None,None,None,no
430,exp_acyclic_depvary_step4_batch_yyy03.pl,t4,no,0.32,no,corr,0.0,None,None,None,yes
431,exp_acyclic_depvary_step4_batch_yyy04.pl,u5,no,0.58,no,corr,0.0,None,None,None,yes
432,exp_acyclic_depvary_step4_batch_yyy04.pl,b2,yes,0.2,yes,corr,0.0,None,None,None,no
433,exp_acyclic_depvary_step4_batch_yyy04.pl,d4,no,0.22,no,corr,0.0,None,None,None,yes
434,exp_acyclic_depvary_step4_batch_yyy04.pl,b4,no,0.22,no,corr,0.0,None,None,None,yes
435,exp_acyclic_depvary_step4_batch_yyy04.pl,p3,no,30.72,no,corr,21.0,None,None,None,no
436,exp_acyclic_depvary_step4_batch_yyy04.pl,y1,no,1.15,no,corr,12.0,None,None,None,no
437,exp_acyclic_depvary_step4_batch_yyy04.pl,b6,no,0.14,no,corr,0.0,None,None,None,yes
438,exp_acyclic_depvary_step4_batch_yyy04.pl,q1,no,0.29,no,corr,3.0,None,None,None,no
439,exp_acyclic_depvary_step4_batch_yyy04.pl,x2,yes,0.49,yes,corr,1.0,None,None,None,no
440,exp_acyclic_depvary_step4_batch_yyy04.pl,f5,no,0.32,no,corr,0.0,None,None,None,yes
441,exp_acyclic_depvary_step4_batch_yyy05.pl,t4,no,0.19,no,corr,0.0,None,None,None,yes
442,exp_acyclic_depvary_step4_batch_yyy05.pl,p5,no,0.31,no,corr,0.0,None,None,None,yes
443,exp_acyclic_depvary_step4_batch_yyy05.pl,t3,no,0.48,no,corr,0.0,None,None,None,yes
444,exp_acyclic_depvary_step4_batch_yyy05.pl,y1,no,0.21,no,corr,3.0,None,None,None,no
445,exp_acyclic_depvary_step4_batch_yyy05.pl,a3,no,0.23,no,corr,1.0,None,None,None,no
446,exp_acyclic_depvary_step4_batch_yyy05.pl,x4,no,0.23,no,corr,0.0,None,None,None,yes
447,exp_acyclic_depvary_step4_batch_yyy05.pl,v5,no,0.33,no,corr,0.0,None,None,None,yes
448,exp_acyclic_depvary_step4_batch_yyy05.pl,w5,no,0.2,no,corr,0.0,None,None,None,yes
449,exp_acyclic_depvary_step4_batch_yyy05.pl,c6,no,0.27,no,corr,0.0,None,None,None,yes
450,exp_acyclic_depvary_step4_batch_yyy05.pl,z2,yes,0.22,yes,corr,1.0,None,None,None,no
451,exp_acyclic_depvary_step4_batch_yyy06.pl,b3,no,0.26,no,corr,1.0,None,None,None,no
452,exp_acyclic_depvary_step4_batch_yyy06.pl,z5,no,0.4,no,corr,0.0,None,None,None,yes
453,exp_acyclic_depvary_step4_batch_yyy06.pl,c2,yes,0.22,yes,corr,0.0,None,None,None,no
454,exp_acyclic_depvary_step4_batch_yyy06.pl,x2,no,0.23,no,corr,4.0,None,None,None,no
455,exp_acyclic_depvary_step4_batch_yyy06.pl,z4,no,0.19,no,corr,0.0,None,None,None,yes
456,exp_acyclic_depvary_step4_batch_yyy06.pl,v4,no,0.21,no,corr,0.0,None,None,None,yes
457,exp_acyclic_depvary_step4_batch_yyy06.pl,r3,no,0.28,no,corr,3.0,None,None,None,no
458,exp_acyclic_depvary_step4_batch_yyy06.pl,u2,no,0.2,no,corr,0.0,None,None,None,yes
459,exp_acyclic_depvary_step4_batch_yyy06.pl,a2,yes,0.24,yes,corr,1.0,None,None,None,no
460,exp_acyclic_depvary_step4_batch_yyy06.pl,w3,no,0.21,no,corr,0.0,None,None,None,yes
461,exp_acyclic_depvary_step4_batch_yyy07.pl,u5,no,0.15,no,corr,0.0,None,None,None,yes
462,exp_acyclic_depvary_step4_batch_yyy07.pl,t5,no,0.21,no,corr,0.0,None,None,None,yes
463,exp_acyclic_depvary_step4_batch_yyy07.pl,q4,no,0.41,no,corr,0.0,None,None,None,yes
464,exp_acyclic_depvary_step4_batch_yyy07.pl,f3,no,0.3,no,corr,0.0,None,None,None,yes
465,exp_acyclic_depvary_step4_batch_yyy07.pl,a1,yes,0.26,yes,corr,0.0,None,None,None,no
466,exp_acyclic_depvary_step4_batch_yyy07.pl,x4,no,0.31,no,corr,0.0,None,None,None,yes
467,exp_acyclic_depvary_step4_batch_yyy07.pl,s1,yes,0.3,yes,corr,1.0,None,None,None,no
468,exp_acyclic_depvary_step4_batch_yyy07.pl,d2,yes,0.2,yes,corr,1.0,None,None,None,no
469,exp_acyclic_depvary_step4_batch_yyy07.pl,t1,no,0.22,no,corr,0.0,None,None,None,yes
470,exp_acyclic_depvary_step4_batch_yyy07.pl,q1,no,0.28,no,corr,0.0,None,None,None,yes
471,exp_acyclic_depvary_step4_batch_yyy08.pl,t5,no,0.31,no,corr,0.0,None,None,None,yes
472,exp_acyclic_depvary_step4_batch_yyy08.pl,d4,no,0.3,no,corr,0.0,None,None,None,yes
473,exp_acyclic_depvary_step4_batch_yyy08.pl,t3,no,0.15,no,corr,0.0,None,None,None,yes
474,exp_acyclic_depvary_step4_batch_yyy08.pl,f3,no,0.38,no,corr,0.0,None,None,None,yes
475,exp_acyclic_depvary_step4_batch_yyy08.pl,r1,no,0.3,no,corr,7.0,None,None,None,no
476,exp_acyclic_depvary_step4_batch_yyy08.pl,y2,yes,0.21,yes,corr,4.0,None,None,None,no
477,exp_acyclic_depvary_step4_batch_yyy08.pl,v3,no,0.24,no,corr,0.0,None,None,None,yes
478,exp_acyclic_depvary_step4_batch_yyy08.pl,y5,no,0.21,no,corr,0.0,None,None,None,yes
479,exp_acyclic_depvary_step4_batch_yyy08.pl,w3,no,0.21,no,corr,0.0,None,None,None,yes
480,exp_acyclic_depvary_step4_batch_yyy08.pl,f2,no,0.25,no,corr,5.0,None,None,None,no
481,exp_acyclic_depvary_step4_batch_yyy09.pl,v2,no,0.3,no,corr,8.0,None,None,None,no
482,exp_acyclic_depvary_step4_batch_yyy09.pl,d3,no,0.2,no,corr,0.0,None,None,None,yes
483,exp_acyclic_depvary_step4_batch_yyy09.pl,t3,no,0.2,no,corr,0.0,None,None,None,yes
484,exp_acyclic_depvary_step4_batch_yyy09.pl,z4,no,0.23,no,corr,0.0,None,None,None,yes
485,exp_acyclic_depvary_step4_batch_yyy09.pl,v1,no,0.25,no,corr,6.0,None,None,None,no
486,exp_acyclic_depvary_step4_batch_yyy09.pl,c1,yes,0.18,yes,corr,1.0,None,None,None,no
487,exp_acyclic_depvary_step4_batch_yyy09.pl,a6,no,0.21,no,corr,0.0,None,None,None,yes
488,exp_acyclic_depvary_step4_batch_yyy09.pl,s4,no,0.2,no,corr,0.0,None,None,None,yes
489,exp_acyclic_depvary_step4_batch_yyy09.pl,a4,no,0.19,no,corr,0.0,None,None,None,yes
490,exp_acyclic_depvary_step4_batch_yyy09.pl,x2,no,0.22,no,corr,2.0,None,None,None,no
491,exp_acyclic_depvary_step4_batch_yyy10.pl,w5,no,0.46,no,corr,0.0,None,None,None,yes
492,exp_acyclic_depvary_step4_batch_yyy10.pl,q4,no,0.17,no,corr,0.0,None,None,None,yes
493,exp_acyclic_depvary_step4_batch_yyy10.pl,r5,no,0.25,no,corr,0.0,None,None,None,yes
494,exp_acyclic_depvary_step4_batch_yyy10.pl,w4,no,0.31,no,corr,0.0,None,None,None,yes
495,exp_acyclic_depvary_step4_batch_yyy10.pl,t2,no,0.3,no,corr,3.0,None,None,None,no
496,exp_acyclic_depvary_step4_batch_yyy10.pl,b6,no,0.24,no,corr,0.0,None,None,None,yes
497,exp_acyclic_depvary_step4_batch_yyy10.pl,d1,yes,0.22,yes,corr,2.0,None,None,None,no
498,exp_acyclic_depvary_step4_batch_yyy10.pl,f2,no,0.42,no,corr,1.0,None,None,None,no
499,exp_acyclic_depvary_step4_batch_yyy10.pl,u5,no,0.26,no,corr,0.0,None,None,None,yes
500,exp_acyclic_depvary_step4_batch_yyy10.pl,d5,no,0.23,no,corr,0.0,None,None,None,yes
501,exp_acyclic_depvary_step5_batch_yyy01.pl,d5,no,0.19,no,corr,0.0,None,None,None,yes
502,exp_acyclic_depvary_step5_batch_yyy01.pl,p5,no,0.31,no,corr,0.0,None,None,None,yes
503,exp_acyclic_depvary_step5_batch_yyy01.pl,a4,no,0.16,no,corr,0.0,None,None,None,yes
504,exp_acyclic_depvary_step5_batch_yyy01.pl,p2,no,0.36,no,corr,6.0,None,None,None,no
505,exp_acyclic_depvary_step5_batch_yyy01.pl,v2,yes,0.33,yes,corr,1.0,None,None,None,no
506,exp_acyclic_depvary_step5_batch_yyy01.pl,e1,yes,0.31,yes,corr,1.0,None,None,None,no
507,exp_acyclic_depvary_step5_batch_yyy01.pl,c5,no,0.56,no,corr,0.0,None,None,None,yes
508,exp_acyclic_depvary_step5_batch_yyy01.pl,b1,yes,0.47,yes,corr,1.0,None,None,None,no
509,exp_acyclic_depvary_step5_batch_yyy01.pl,d1,no,0.24,no,corr,4.0,None,None,None,no
510,exp_acyclic_depvary_step5_batch_yyy01.pl,q1,yes,0.21,yes,corr,1.0,None,None,None,no
511,exp_acyclic_depvary_step5_batch_yyy02.pl,u5,no,0.18,no,corr,0.0,None,None,None,yes
512,exp_acyclic_depvary_step5_batch_yyy02.pl,t4,no,0.38,no,corr,0.0,None,None,None,yes
513,exp_acyclic_depvary_step5_batch_yyy02.pl,e1,yes,0.3,yes,corr,2.0,None,None,None,no
514,exp_acyclic_depvary_step5_batch_yyy02.pl,q4,no,0.23,no,corr,0.0,None,None,None,yes
515,exp_acyclic_depvary_step5_batch_yyy02.pl,f5,no,0.43,no,corr,0.0,None,None,None,yes
516,exp_acyclic_depvary_step5_batch_yyy02.pl,r5,no,0.25,no,corr,0.0,None,None,None,yes
517,exp_acyclic_depvary_step5_batch_yyy02.pl,r1,no,0.42,no,corr,6.0,None,None,None,no
518,exp_acyclic_depvary_step5_batch_yyy02.pl,d1,yes,0.23,yes,corr,0.0,None,None,None,no
519,exp_acyclic_depvary_step5_batch_yyy02.pl,p4,no,0.35,no,corr,0.0,None,None,None,yes
520,exp_acyclic_depvary_step5_batch_yyy02.pl,d4,no,0.43,no,corr,0.0,None,None,None,yes
521,exp_acyclic_depvary_step5_batch_yyy03.pl,s4,no,0.32,no,corr,0.0,None,None,None,yes
522,exp_acyclic_depvary_step5_batch_yyy03.pl,d4,no,0.25,no,corr,0.0,None,None,None,yes
523,exp_acyclic_depvary_step5_batch_yyy03.pl,s2,yes,0.41,yes,corr,1.0,None,None,None,no
524,exp_acyclic_depvary_step5_batch_yyy03.pl,w1,no,0.24,no,corr,0.0,None,None,None,yes
525,exp_acyclic_depvary_step5_batch_yyy03.pl,f3,no,0.82,no,corr,14.0,None,None,None,no
526,exp_acyclic_depvary_step5_batch_yyy03.pl,t2,yes,0.31,yes,corr,7.0,None,None,None,no
527,exp_acyclic_depvary_step5_batch_yyy03.pl,y1,no,0.28,no,corr,0.0,None,None,None,yes
528,exp_acyclic_depvary_step5_batch_yyy03.pl,y5,no,0.22,no,corr,0.0,None,None,None,yes
529,exp_acyclic_depvary_step5_batch_yyy03.pl,b6,no,0.25,no,corr,0.0,None,None,None,yes
530,exp_acyclic_depvary_step5_batch_yyy03.pl,a1,no,0.76,no,corr,13.0,None,None,None,no
531,exp_acyclic_depvary_step5_batch_yyy04.pl,p5,no,0.24,no,corr,0.0,None,None,None,yes
532,exp_acyclic_depvary_step5_batch_yyy04.pl,f1,yes,0.3,yes,corr,5.0,None,None,None,no
533,exp_acyclic_depvary_step5_batch_yyy04.pl,v5,no,0.26,no,corr,0.0,None,None,None,yes
534,exp_acyclic_depvary_step5_batch_yyy04.pl,w1,no,12.05,no,corr,17.0,None,None,None,no
535,exp_acyclic_depvary_step5_batch_yyy04.pl,v4,no,0.2,no,corr,0.0,None,None,None,yes
536,exp_acyclic_depvary_step5_batch_yyy04.pl,v3,no,1.3,no,corr,16.0,None,None,None,no
537,exp_acyclic_depvary_step5_batch_yyy04.pl,s5,no,0.24,no,corr,0.0,None,None,None,yes
538,exp_acyclic_depvary_step5_batch_yyy04.pl,b4,no,0.24,no,corr,0.0,None,None,None,yes
539,exp_acyclic_depvary_step5_batch_yyy04.pl,r3,yes,0.17,yes,corr,1.0,None,None,None,no
540,exp_acyclic_depvary_step5_batch_yyy04.pl,t1,no,65.86,no,corr,18.0,None,None,None,no
541,exp_acyclic_depvary_step5_batch_yyy05.pl,t5,no,0.22,no,corr,0.0,None,None,None,yes
542,exp_acyclic_depvary_step5_batch_yyy05.pl,y4,no,0.32,no,corr,0.0,None,None,None,yes
543,exp_acyclic_depvary_step5_batch_yyy05.pl,a5,no,0.32,no,corr,0.0,None,None,None,yes
544,exp_acyclic_depvary_step5_batch_yyy05.pl,y3,no,0.22,no,corr,0.0,None,None,None,yes
545,exp_acyclic_depvary_step5_batch_yyy05.pl,x5,no,0.28,no,corr,0.0,None,None,None,yes
546,exp_acyclic_depvary_step5_batch_yyy05.pl,r4,no,0.19,no,corr,0.0,None,None,None,yes
547,exp_acyclic_depvary_step5_batch_yyy05.pl,d2,yes,0.34,yes,corr,8.0,None,None,None,no
548,exp_acyclic_depvary_step5_batch_yyy05.pl,y2,yes,0.2,yes,corr,1.0,None,None,None,no
549,exp_acyclic_depvary_step5_batch_yyy05.pl,b4,no,0.19,no,corr,0.0,None,None,None,yes
550,exp_acyclic_depvary_step5_batch_yyy05.pl,q5,no,0.23,no,corr,0.0,None,None,None,yes
551,exp_acyclic_depvary_step5_batch_yyy06.pl,t5,no,0.72,no,corr,0.0,None,None,None,yes
552,exp_acyclic_depvary_step5_batch_yyy06.pl,y4,no,0.43,no,corr,0.0,None,None,None,yes
553,exp_acyclic_depvary_step5_batch_yyy06.pl,z5,no,0.27,no,corr,0.0,None,None,None,yes
554,exp_acyclic_depvary_step5_batch_yyy06.pl,e3,yes,0.26,yes,corr,2.0,None,None,None,no
555,exp_acyclic_depvary_step5_batch_yyy06.pl,y1,no,0.42,no,corr,0.0,None,None,None,yes
556,exp_acyclic_depvary_step5_batch_yyy06.pl,q3,no,152.28,no,corr,18.0,None,None,None,no
557,exp_acyclic_depvary_step5_batch_yyy06.pl,p1,no,0.26,no,corr,3.0,None,None,None,no
558,exp_acyclic_depvary_step5_batch_yyy06.pl,a2,yes,0.25,yes,corr,0.0,None,None,None,no
559,exp_acyclic_depvary_step5_batch_yyy06.pl,z4,no,0.22,no,corr,0.0,None,None,None,yes
560,exp_acyclic_depvary_step5_batch_yyy06.pl,e4,no,0.25,no,corr,0.0,None,None,None,yes
561,exp_acyclic_depvary_step5_batch_yyy07.pl,p5,no,0.23,no,corr,0.0,None,None,None,yes
562,exp_acyclic_depvary_step5_batch_yyy07.pl,u1,no,0.17,no,corr,1.0,None,None,None,no
563,exp_acyclic_depvary_step5_batch_yyy07.pl,u4,no,0.25,no,corr,0.0,None,None,None,yes
564,exp_acyclic_depvary_step5_batch_yyy07.pl,p3,no,0.22,no,corr,0.0,None,None,None,yes
565,exp_acyclic_depvary_step5_batch_yyy07.pl,s1,yes,0.21,yes,corr,1.0,None,None,None,no
566,exp_acyclic_depvary_step5_batch_yyy07.pl,p2,no,0.22,no,corr,0.0,None,None,None,yes
567,exp_acyclic_depvary_step5_batch_yyy07.pl,r3,no,0.31,no,corr,4.0,None,None,None,no
568,exp_acyclic_depvary_step5_batch_yyy07.pl,a2,no,0.33,no,corr,4.0,None,None,None,no
569,exp_acyclic_depvary_step5_batch_yyy07.pl,q3,no,0.24,no,corr,4.0,None,None,None,no
570,exp_acyclic_depvary_step5_batch_yyy07.pl,y2,no,0.39,no,corr,6.0,None,None,None,no
571,exp_acyclic_depvary_step5_batch_yyy08.pl,c4,no,0.26,no,corr,0.0,None,None,None,yes
572,exp_acyclic_depvary_step5_batch_yyy08.pl,d4,no,0.27,no,corr,0.0,None,None,None,yes
573,exp_acyclic_depvary_step5_batch_yyy08.pl,e5,no,0.18,no,corr,0.0,None,None,None,yes
574,exp_acyclic_depvary_step5_batch_yyy08.pl,p3,no,0.31,no,corr,1.0,None,None,None,no
575,exp_acyclic_depvary_step5_batch_yyy08.pl,y2,no,0.22,no,corr,0.0,None,None,None,no
576,exp_acyclic_depvary_step5_batch_yyy08.pl,b6,no,0.39,no,corr,0.0,None,None,None,yes
577,exp_acyclic_depvary_step5_batch_yyy08.pl,p1,yes,0.2,yes,corr,1.0,None,None,None,no
578,exp_acyclic_depvary_step5_batch_yyy08.pl,f2,no,0.23,no,corr,1.0,None,None,None,no
579,exp_acyclic_depvary_step5_batch_yyy08.pl,u3,no,0.22,no,corr,1.0,None,None,None,no
580,exp_acyclic_depvary_step5_batch_yyy08.pl,v4,no,0.17,no,corr,0.0,None,None,None,yes
581,exp_acyclic_depvary_step5_batch_yyy09.pl,b3,no,0.4,no,corr,2.0,None,None,None,no
582,exp_acyclic_depvary_step5_batch_yyy09.pl,z1,yes,0.22,yes,corr,1.0,None,None,None,no
583,exp_acyclic_depvary_step5_batch_yyy09.pl,e4,no,0.23,no,corr,0.0,None,None,None,yes
584,exp_acyclic_depvary_step5_batch_yyy09.pl,v1,no,0.33,no,corr,7.0,None,None,None,no
585,exp_acyclic_depvary_step5_batch_yyy09.pl,t2,no,0.22,no,corr,0.0,None,None,None,yes
586,exp_acyclic_depvary_step5_batch_yyy09.pl,y1,no,0.23,no,corr,2.0,None,None,None,no
587,exp_acyclic_depvary_step5_batch_yyy09.pl,a3,yes,0.24,yes,corr,2.0,None,None,None,no
588,exp_acyclic_depvary_step5_batch_yyy09.pl,e2,no,0.34,no,corr,6.0,None,None,None,no
589,exp_acyclic_depvary_step5_batch_yyy09.pl,y2,yes,0.41,yes,corr,1.0,None,None,None,no
590,exp_acyclic_depvary_step5_batch_yyy09.pl,x1,no,0.2,no,corr,0.0,None,None,None,yes
591,exp_acyclic_depvary_step5_batch_yyy10.pl,e1,no,0.28,no,corr,1.0,None,None,None,no
592,exp_acyclic_depvary_step5_batch_yyy10.pl,d4,no,0.31,no,corr,0.0,None,None,None,yes
593,exp_acyclic_depvary_step5_batch_yyy10.pl,w4,no,0.17,no,corr,0.0,None,None,None,yes
594,exp_acyclic_depvary_step5_batch_yyy10.pl,t2,yes,0.51,yes,corr,1.0,None,None,None,no
595,exp_acyclic_depvary_step5_batch_yyy10.pl,z3,no,0.23,no,corr,0.0,None,None,None,yes
596,exp_acyclic_depvary_step5_batch_yyy10.pl,x4,no,0.24,no,corr,0.0,None,None,None,yes
597,exp_acyclic_depvary_step5_batch_yyy10.pl,t5,no,0.31,no,corr,0.0,None,None,None,yes
598,exp_acyclic_depvary_step5_batch_yyy10.pl,s3,yes,0.28,yes,corr,2.0,None,None,None,no
599,exp_acyclic_depvary_step5_batch_yyy10.pl,v4,no,0.18,no,corr,0.0,None,None,None,yes
600,exp_acyclic_depvary_step5_batch_yyy10.pl,e3,no,0.16,no,corr,1.0,None,None,None,no
601,exp_acyclic_depvary_step6_batch_yyy01.pl,d5,no,0.22,no,corr,0.0,None,None,None,yes
602,exp_acyclic_depvary_step6_batch_yyy01.pl,s3,yes,0.59,yes,corr,7.0,None,None,None,no
603,exp_acyclic_depvary_step6_batch_yyy01.pl,w5,no,0.27,no,corr,0.0,None,None,None,yes
604,exp_acyclic_depvary_step6_batch_yyy01.pl,b4,no,115.17,no,corr,20.0,None,None,None,no
605,exp_acyclic_depvary_step6_batch_yyy01.pl,a5,no,0.19,no,corr,0.0,None,None,None,yes
606,exp_acyclic_depvary_step6_batch_yyy01.pl,t2,no,2.38,no,corr,12.0,None,None,None,no
607,exp_acyclic_depvary_step6_batch_yyy01.pl,r4,no,0.26,no,corr,0.0,None,None,None,yes
608,exp_acyclic_depvary_step6_batch_yyy01.pl,u2,no,0.28,no,corr,0.0,None,None,None,yes
609,exp_acyclic_depvary_step6_batch_yyy01.pl,z4,no,0.21,no,corr,0.0,None,None,None,yes
610,exp_acyclic_depvary_step6_batch_yyy01.pl,e4,no,0.21,no,corr,0.0,None,None,None,yes
611,exp_acyclic_depvary_step6_batch_yyy02.pl,q4,no,0.34,no,corr,6.0,None,None,None,no
612,exp_acyclic_depvary_step6_batch_yyy02.pl,r5,no,0.16,no,corr,0.0,None,None,None,yes
613,exp_acyclic_depvary_step6_batch_yyy02.pl,r4,no,0.22,no,corr,0.0,None,None,None,yes
614,exp_acyclic_depvary_step6_batch_yyy02.pl,p2,yes,0.19,yes,corr,1.0,None,None,None,no
615,exp_acyclic_depvary_step6_batch_yyy02.pl,p5,no,0.36,no,corr,0.0,None,None,None,yes
616,exp_acyclic_depvary_step6_batch_yyy02.pl,x3,yes,0.41,yes,corr,1.0,None,None,None,no
617,exp_acyclic_depvary_step6_batch_yyy02.pl,u1,no,0.21,no,corr,0.0,None,None,None,yes
618,exp_acyclic_depvary_step6_batch_yyy02.pl,f1,yes,0.28,yes,corr,1.0,None,None,None,no
619,exp_acyclic_depvary_step6_batch_yyy02.pl,x5,no,0.26,no,corr,0.0,None,None,None,yes
620,exp_acyclic_depvary_step6_batch_yyy02.pl,z2,yes,0.2,yes,corr,4.0,None,None,None,no
621,exp_acyclic_depvary_step6_batch_yyy03.pl,d5,no,0.29,no,corr,0.0,None,None,None,yes
622,exp_acyclic_depvary_step6_batch_yyy03.pl,b2,yes,0.38,yes,corr,0.0,None,None,None,no
623,exp_acyclic_depvary_step6_batch_yyy03.pl,e1,no,0.22,no,corr,4.0,None,None,None,no
624,exp_acyclic_depvary_step6_batch_yyy03.pl,d4,no,0.26,no,corr,0.0,None,None,None,yes
625,exp_acyclic_depvary_step6_batch_yyy03.pl,u1,yes,0.23,yes,corr,1.0,None,None,None,no
626,exp_acyclic_depvary_step6_batch_yyy03.pl,s1,no,0.22,no,corr,0.0,None,None,None,yes
627,exp_acyclic_depvary_step6_batch_yyy03.pl,r3,no,0.19,no,corr,0.0,None,None,None,yes
628,exp_acyclic_depvary_step6_batch_yyy03.pl,f2,yes,0.24,yes,corr,1.0,None,None,None,no
629,exp_acyclic_depvary_step6_batch_yyy03.pl,t4,no,0.45,no,corr,0.0,None,None,None,yes
630,exp_acyclic_depvary_step6_batch_yyy03.pl,s3,yes,0.3,yes,corr,1.0,None,None,None,no
631,exp_acyclic_depvary_step6_batch_yyy04.pl,d5,no,0.23,no,corr,0.0,None,None,None,yes
632,exp_acyclic_depvary_step6_batch_yyy04.pl,q5,no,0.36,no,corr,0.0,None,None,None,yes
633,exp_acyclic_depvary_step6_batch_yyy04.pl,c2,yes,0.25,yes,corr,1.0,None,None,None,no
634,exp_acyclic_depvary_step6_batch_yyy04.pl,w1,no,0.67,no,corr,8.0,None,None,None,no
635,exp_acyclic_depvary_step6_batch_yyy04.pl,p2,no,0.28,no,corr,1.0,None,None,None,no
636,exp_acyclic_depvary_step6_batch_yyy04.pl,q2,no,0.2,no,corr,3.0,None,None,None,no
637,exp_acyclic_depvary_step6_batch_yyy04.pl,p4,yes,0.37,yes,corr,1.0,None,None,None,no
638,exp_acyclic_depvary_step6_batch_yyy04.pl,d4,no,0.23,no,corr,0.0,None,None,None,yes
639,exp_acyclic_depvary_step6_batch_yyy04.pl,r2,yes,0.24,yes,corr,1.0,None,None,None,no
640,exp_acyclic_depvary_step6_batch_yyy04.pl,a1,no,1.01,no,corr,11.0,None,None,None,no
641,exp_acyclic_depvary_step6_batch_yyy05.pl,b2,yes,0.86,yes,corr,5.0,None,None,None,no
642,exp_acyclic_depvary_step6_batch_yyy05.pl,q5,no,0.5,no,corr,0.0,None,None,None,yes
643,exp_acyclic_depvary_step6_batch_yyy05.pl,v1,yes,0.31,yes,corr,4.0,None,None,None,no
644,exp_acyclic_depvary_step6_batch_yyy05.pl,z2,no,0.24,no,corr,0.0,None,None,None,yes
645,exp_acyclic_depvary_step6_batch_yyy05.pl,d2,no,0.27,no,corr,6.0,None,None,None,no
646,exp_acyclic_depvary_step6_batch_yyy05.pl,a3,no,0.17,no,corr,5.0,None,None,None,no
647,exp_acyclic_depvary_step6_batch_yyy05.pl,u3,no,32.95,no,corr,20.0,None,None,None,no
648,exp_acyclic_depvary_step6_batch_yyy05.pl,v4,no,0.21,no,corr,0.0,None,None,None,yes
649,exp_acyclic_depvary_step6_batch_yyy05.pl,d1,yes,0.39,yes,corr,9.0,None,None,None,no
650,exp_acyclic_depvary_step6_batch_yyy05.pl,q1,yes,0.19,yes,corr,2.0,None,None,None,no
651,exp_acyclic_depvary_step6_batch_yyy06.pl,e5,no,0.35,no,corr,0.0,None,None,None,yes
652,exp_acyclic_depvary_step6_batch_yyy06.pl,w5,no,0.21,no,corr,0.0,None,None,None,yes
653,exp_acyclic_depvary_step6_batch_yyy06.pl,a5,no,0.23,no,corr,0.0,None,None,None,yes
654,exp_acyclic_depvary_step6_batch_yyy06.pl,z4,no,0.18,no,corr,0.0,None,None,None,yes
655,exp_acyclic_depvary_step6_batch_yyy06.pl,e3,yes,0.24,yes,corr,0.0,None,None,None,no
656,exp_acyclic_depvary_step6_batch_yyy06.pl,q3,no,2.09,no,corr,13.0,None,None,None,no
657,exp_acyclic_depvary_step6_batch_yyy06.pl,p1,yes,0.34,yes,corr,3.0,None,None,None,no
658,exp_acyclic_depvary_step6_batch_yyy06.pl,a2,yes,0.21,yes,corr,2.0,None,None,None,no
659,exp_acyclic_depvary_step6_batch_yyy06.pl,s5,no,0.26,no,corr,0.0,None,None,None,yes
660,exp_acyclic_depvary_step6_batch_yyy06.pl,q5,no,0.64,no,corr,0.0,None,None,None,yes
661,exp_acyclic_depvary_step6_batch_yyy07.pl,b2,no,0.34,no,corr,5.0,None,None,None,no
662,exp_acyclic_depvary_step6_batch_yyy07.pl,z5,no,0.23,no,corr,0.0,None,None,None,yes
663,exp_acyclic_depvary_step6_batch_yyy07.pl,w2,yes,0.2,yes,corr,1.0,None,None,None,no
664,exp_acyclic_depvary_step6_batch_yyy07.pl,q5,no,0.22,no,corr,0.0,None,None,None,yes
665,exp_acyclic_depvary_step6_batch_yyy07.pl,c2,yes,0.24,yes,corr,1.0,None,None,None,no
666,exp_acyclic_depvary_step6_batch_yyy07.pl,e4,no,0.19,no,corr,0.0,None,None,None,yes
667,exp_acyclic_depvary_step6_batch_yyy07.pl,a3,no,0.24,no,corr,1.0,None,None,None,no
668,exp_acyclic_depvary_step6_batch_yyy07.pl,y2,yes,0.21,yes,corr,1.0,None,None,None,no
669,exp_acyclic_depvary_step6_batch_yyy07.pl,a2,yes,0.39,yes,corr,1.0,None,None,None,no
670,exp_acyclic_depvary_step6_batch_yyy07.pl,x4,no,0.22,no,corr,0.0,None,None,None,yes
671,exp_acyclic_depvary_step6_batch_yyy08.pl,r5,no,0.19,no,corr,0.0,None,None,None,yes
672,exp_acyclic_depvary_step6_batch_yyy08.pl,c1,no,1.53,no,corr,15.0,None,None,None,no
673,exp_acyclic_depvary_step6_batch_yyy08.pl,e3,no,0.28,no,corr,4.0,None,None,None,no
674,exp_acyclic_depvary_step6_batch_yyy08.pl,r1,yes,0.24,yes,corr,1.0,None,None,None,no
675,exp_acyclic_depvary_step6_batch_yyy08.pl,z3,no,0.2,no,corr,0.0,None,None,None,yes
676,exp_acyclic_depvary_step6_batch_yyy08.pl,p1,no,6.16,no,corr,17.0,None,None,None,no
677,exp_acyclic_depvary_step6_batch_yyy08.pl,w1,yes,0.42,yes,corr,1.0,None,None,None,no
678,exp_acyclic_depvary_step6_batch_yyy08.pl,p3,yes,0.52,yes,corr,1.0,None,None,None,no
679,exp_acyclic_depvary_step6_batch_yyy08.pl,e2,no,0.35,no,corr,1.0,None,None,None,no
680,exp_acyclic_depvary_step6_batch_yyy08.pl,u2,no,46.03,no,corr,21.0,None,None,None,no
681,exp_acyclic_depvary_step6_batch_yyy09.pl,d5,no,0.22,no,corr,0.0,None,None,None,yes
682,exp_acyclic_depvary_step6_batch_yyy09.pl,t5,no,0.25,no,corr,0.0,None,None,None,yes
683,exp_acyclic_depvary_step6_batch_yyy09.pl,w5,no,0.19,no,corr,0.0,None,None,None,yes
684,exp_acyclic_depvary_step6_batch_yyy09.pl,c5,no,0.27,no,corr,0.0,None,None,None,yes
685,exp_acyclic_depvary_step6_batch_yyy09.pl,q4,yes,0.24,yes,corr,2.0,None,None,None,no
686,exp_acyclic_depvary_step6_batch_yyy09.pl,f3,yes,0.21,yes,corr,2.0,None,None,None,no
687,exp_acyclic_depvary_step6_batch_yyy09.pl,v4,no,0.21,no,corr,0.0,None,None,None,yes
688,exp_acyclic_depvary_step6_batch_yyy09.pl,f2,no,0.22,no,corr,3.0,None,None,None,no
689,exp_acyclic_depvary_step6_batch_yyy09.pl,x2,yes,0.34,yes,corr,1.0,None,None,None,no
690,exp_acyclic_depvary_step6_batch_yyy09.pl,f5,no,0.19,no,corr,0.0,None,None,None,yes
691,exp_acyclic_depvary_step6_batch_yyy10.pl,d5,no,0.32,no,corr,0.0,None,None,None,yes
692,exp_acyclic_depvary_step6_batch_yyy10.pl,f1,yes,0.24,yes,corr,0.0,None,None,None,no
693,exp_acyclic_depvary_step6_batch_yyy10.pl,t3,no,0.22,no,corr,0.0,None,None,None,yes
694,exp_acyclic_depvary_step6_batch_yyy10.pl,q4,no,0.18,no,corr,1.0,None,None,None,no
695,exp_acyclic_depvary_step6_batch_yyy10.pl,y3,yes,0.21,yes,corr,1.0,None,None,None,no
696,exp_acyclic_depvary_step6_batch_yyy10.pl,p3,yes,0.38,yes,corr,5.0,None,None,None,no
697,exp_acyclic_depvary_step6_batch_yyy10.pl,t4,no,0.24,no,corr,0.0,None,None,None,yes
698,exp_acyclic_depvary_step6_batch_yyy10.pl,s3,no,0.42,no,corr,9.0,None,None,None,no
699,exp_acyclic_depvary_step6_batch_yyy10.pl,s2,yes,0.24,yes,corr,1.0,None,None,None,no
700,exp_acyclic_depvary_step6_batch_yyy10.pl,c5,no,0.23,no,corr,0.0,None,None,None,yes
701,exp_acyclic_depvary_step7_batch_yyy01.pl,s4,yes,0.52,yes,corr,5.0,None,None,None,no
702,exp_acyclic_depvary_step7_batch_yyy01.pl,p5,no,0.26,no,corr,0.0,None,None,None,yes
703,exp_acyclic_depvary_step7_batch_yyy01.pl,q4,no,2.24,no,corr,13.0,None,None,None,no
704,exp_acyclic_depvary_step7_batch_yyy01.pl,e3,yes,0.32,yes,corr,1.0,None,None,None,no
705,exp_acyclic_depvary_step7_batch_yyy01.pl,a3,yes,0.21,yes,corr,3.0,None,None,None,no
706,exp_acyclic_depvary_step7_batch_yyy01.pl,v3,no,148.15,no,corr,22.0,None,None,None,no
707,exp_acyclic_depvary_step7_batch_yyy01.pl,e2,yes,0.3,yes,corr,4.0,None,None,None,no
708,exp_acyclic_depvary_step7_batch_yyy01.pl,f2,no,3.59,no,corr,15.0,None,None,None,no
709,exp_acyclic_depvary_step7_batch_yyy01.pl,y1,yes,0.23,yes,corr,1.0,None,None,None,no
710,exp_acyclic_depvary_step7_batch_yyy01.pl,r1,no,0.25,no,corr,3.0,None,None,None,no
711,exp_acyclic_depvary_step7_batch_yyy02.pl,v2,no,0.38,no,corr,3.0,None,None,None,no
712,exp_acyclic_depvary_step7_batch_yyy02.pl,c5,no,0.27,no,corr,0.0,None,None,None,yes
713,exp_acyclic_depvary_step7_batch_yyy02.pl,c1,yes,0.21,yes,corr,1.0,None,None,None,no
714,exp_acyclic_depvary_step7_batch_yyy02.pl,q3,yes,0.27,yes,corr,1.0,None,None,None,no
715,exp_acyclic_depvary_step7_batch_yyy02.pl,q2,no,0.19,no,corr,1.0,None,None,None,no
716,exp_acyclic_depvary_step7_batch_yyy02.pl,t4,no,0.25,no,corr,3.0,None,None,None,no
717,exp_acyclic_depvary_step7_batch_yyy02.pl,s3,no,0.17,no,corr,3.0,None,None,None,no
718,exp_acyclic_depvary_step7_batch_yyy02.pl,c4,yes,0.45,yes,corr,0.0,None,None,None,no
719,exp_acyclic_depvary_step7_batch_yyy02.pl,s5,no,0.23,no,corr,0.0,None,None,None,yes
720,exp_acyclic_depvary_step7_batch_yyy02.pl,t3,yes,0.2,yes,corr,1.0,None,None,None,no
721,exp_acyclic_depvary_step7_batch_yyy03.pl,b2,yes,0.22,yes,corr,1.0,None,None,None,no
722,exp_acyclic_depvary_step7_batch_yyy03.pl,b3,no,0.35,no,corr,1.0,None,None,None,no
723,exp_acyclic_depvary_step7_batch_yyy03.pl,v2,yes,0.24,yes,corr,3.0,None,None,None,no
724,exp_acyclic_depvary_step7_batch_yyy03.pl,p4,no,0.19,no,corr,2.0,None,None,None,no
725,exp_acyclic_depvary_step7_batch_yyy03.pl,q5,no,0.25,no,corr,0.0,None,None,None,yes
726,exp_acyclic_depvary_step7_batch_yyy03.pl,r5,no,0.2,no,corr,0.0,None,None,None,yes
727,exp_acyclic_depvary_step7_batch_yyy03.pl,r1,no,0.18,no,corr,0.0,None,None,None,yes
728,exp_acyclic_depvary_step7_batch_yyy03.pl,f4,no,0.96,no,corr,12.0,None,None,None,no
729,exp_acyclic_depvary_step7_batch_yyy03.pl,q3,yes,0.29,yes,corr,1.0,None,None,None,no
730,exp_acyclic_depvary_step7_batch_yyy03.pl,p1,yes,0.26,yes,corr,1.0,None,None,None,no
731,exp_acyclic_depvary_step7_batch_yyy04.pl,u5,no,0.22,no,corr,0.0,None,None,None,yes
732,exp_acyclic_depvary_step7_batch_yyy04.pl,t4,no,185.02,no,corr,25.0,None,None,None,no
733,exp_acyclic_depvary_step7_batch_yyy04.pl,b2,yes,0.24,yes,corr,0.0,None,None,None,no
734,exp_acyclic_depvary_step7_batch_yyy04.pl,e5,no,0.25,no,corr,0.0,None,None,None,yes
735,exp_acyclic_depvary_step7_batch_yyy04.pl,c2,,600.0,no,TIMEOUT,,,,,no
736,exp_acyclic_depvary_step7_batch_yyy04.pl,v1,no,1.69,no,corr,11.0,None,None,None,no
737,exp_acyclic_depvary_step7_batch_yyy04.pl,t2,no,334.32,no,corr,25.0,None,None,None,no
738,exp_acyclic_depvary_step7_batch_yyy04.pl,f4,no,15.57,no,corr,16.0,None,None,None,no
739,exp_acyclic_depvary_step7_batch_yyy04.pl,x2,no,19.47,no,corr,20.0,None,None,None,no
740,exp_acyclic_depvary_step7_batch_yyy04.pl,f5,no,0.19,no,corr,0.0,None,None,None,yes
741,exp_acyclic_depvary_step7_batch_yyy05.pl,c4,no,0.2,no,corr,2.0,None,None,None,no
742,exp_acyclic_depvary_step7_batch_yyy05.pl,p4,no,1.99,no,corr,12.0,None,None,None,no
743,exp_acyclic_depvary_step7_batch_yyy05.pl,u1,no,0.26,no,corr,0.0,None,None,None,yes
744,exp_acyclic_depvary_step7_batch_yyy05.pl,b4,yes,0.2,yes,corr,1.0,None,None,None,no
745,exp_acyclic_depvary_step7_batch_yyy05.pl,x2,yes,0.26,yes,corr,1.0,None,None,None,no
746,exp_acyclic_depvary_step7_batch_yyy05.pl,r5,no,0.3,no,corr,0.0,None,None,None,yes
747,exp_acyclic_depvary_step7_batch_yyy05.pl,w4,no,0.32,no,corr,0.0,None,None,None,yes
748,exp_acyclic_depvary_step7_batch_yyy05.pl,p2,yes,0.27,yes,corr,1.0,None,None,None,no
749,exp_acyclic_depvary_step7_batch_yyy05.pl,x1,yes,0.39,yes,corr,3.0,None,None,None,no
750,exp_acyclic_depvary_step7_batch_yyy05.pl,r2,no,0.21,no,corr,1.0,None,None,None,no
751,exp_acyclic_depvary_step7_batch_yyy06.pl,y4,no,0.27,no,corr,0.0,None,None,None,yes
752,exp_acyclic_depvary_step7_batch_yyy06.pl,w2,yes,0.32,yes,corr,1.0,None,None,None,no
753,exp_acyclic_depvary_step7_batch_yyy06.pl,e4,yes,0.4,yes,corr,7.0,None,None,None,no
754,exp_acyclic_depvary_step7_batch_yyy06.pl,b5,no,0.27,no,corr,0.0,None,None,None,yes
755,exp_acyclic_depvary_step7_batch_yyy06.pl,a3,no,0.25,no,corr,1.0,None,None,None,no
756,exp_acyclic_depvary_step7_batch_yyy06.pl,q3,yes,0.28,yes,corr,1.0,None,None,None,no
757,exp_acyclic_depvary_step7_batch_yyy06.pl,r2,yes,0.65,yes,corr,8.0,None,None,None,no
758,exp_acyclic_depvary_step7_batch_yyy06.pl,p1,yes,0.25,yes,corr,3.0,None,None,None,no
759,exp_acyclic_depvary_step7_batch_yyy06.pl,a2,yes,0.18,yes,corr,0.0,None,None,None,no
760,exp_acyclic_depvary_step7_batch_yyy06.pl,x4,no,0.43,no,corr,0.0,None,None,None,yes
761,exp_acyclic_depvary_step7_batch_yyy07.pl,t5,no,0.29,no,corr,0.0,None,None,None,yes
762,exp_acyclic_depvary_step7_batch_yyy07.pl,v2,no,0.41,no,corr,0.0,None,None,None,yes
763,exp_acyclic_depvary_step7_batch_yyy07.pl,b4,no,1.52,no,corr,12.0,None,None,None,no
764,exp_acyclic_depvary_step7_batch_yyy07.pl,r5,no,0.27,no,corr,0.0,None,None,None,yes
765,exp_acyclic_depvary_step7_batch_yyy07.pl,p3,yes,0.19,yes,corr,1.0,None,None,None,no
766,exp_acyclic_depvary_step7_batch_yyy07.pl,c1,yes,0.28,yes,corr,0.0,None,None,None,no
767,exp_acyclic_depvary_step7_batch_yyy07.pl,v4,no,0.57,no,corr,4.0,None,None,None,no
768,exp_acyclic_depvary_step7_batch_yyy07.pl,y5,no,0.26,no,corr,0.0,None,None,None,yes
769,exp_acyclic_depvary_step7_batch_yyy07.pl,y2,yes,0.32,yes,corr,4.0,None,None,None,no
770,exp_acyclic_depvary_step7_batch_yyy07.pl,x1,yes,0.24,yes,corr,1.0,None,None,None,no
771,exp_acyclic_depvary_step7_batch_yyy08.pl,c3,no,45.01,no,corr,19.0,None,None,None,no
772,exp_acyclic_depvary_step7_batch_yyy08.pl,w5,no,0.26,no,corr,0.0,None,None,None,yes
773,exp_acyclic_depvary_step7_batch_yyy08.pl,c5,no,0.27,no,corr,0.0,None,None,None,yes
774,exp_acyclic_depvary_step7_batch_yyy08.pl,r5,no,0.18,no,corr,0.0,None,None,None,yes
775,exp_acyclic_depvary_step7_batch_yyy08.pl,b5,no,0.27,no,corr,0.0,None,None,None,yes
776,exp_acyclic_depvary_step7_batch_yyy08.pl,a1,no,0.62,no,corr,9.0,None,None,None,no
777,exp_acyclic_depvary_step7_batch_yyy08.pl,s4,no,0.51,no,corr,9.0,None,None,None,no
778,exp_acyclic_depvary_step7_batch_yyy08.pl,y4,no,0.34,no,corr,0.0,None,None,None,yes
779,exp_acyclic_depvary_step7_batch_yyy08.pl,e2,yes,0.88,yes,corr,12.0,None,None,None,no
780,exp_acyclic_depvary_step7_batch_yyy08.pl,t1,yes,0.34,yes,corr,1.0,None,None,None,no
781,exp_acyclic_depvary_step7_batch_yyy09.pl,b2,yes,0.31,yes,corr,5.0,None,None,None,no
782,exp_acyclic_depvary_step7_batch_yyy09.pl,v2,no,0.23,no,corr,3.0,None,None,None,no
783,exp_acyclic_depvary_step7_batch_yyy09.pl,u1,yes,1.05,yes,corr,10.0,None,None,None,no
784,exp_acyclic_depvary_step7_batch_yyy09.pl,s5,no,0.23,no,corr,0.0,None,None,None,yes
785,exp_acyclic_depvary_step7_batch_yyy09.pl,a5,no,0.28,no,corr,0.0,None,None,None,yes
786,exp_acyclic_depvary_step7_batch_yyy09.pl,p2,yes,0.31,yes,corr,1.0,None,None,None,no
787,exp_acyclic_depvary_step7_batch_yyy09.pl,y2,yes,0.34,yes,corr,2.0,None,None,None,no
788,exp_acyclic_depvary_step7_batch_yyy09.pl,p1,no,0.6,no,corr,0.0,None,None,None,yes
789,exp_acyclic_depvary_step7_batch_yyy09.pl,t1,no,2.39,no,corr,14.0,None,None,None,no
790,exp_acyclic_depvary_step7_batch_yyy09.pl,q1,no,168.26,no,corr,25.0,None,None,None,no
791,exp_acyclic_depvary_step7_batch_yyy10.pl,b2,yes,0.33,yes,corr,0.0,None,None,None,no
792,exp_acyclic_depvary_step7_batch_yyy10.pl,s4,no,0.3,no,corr,0.0,None,None,None,yes
793,exp_acyclic_depvary_step7_batch_yyy10.pl,u1,no,1.26,no,corr,10.0,None,None,None,no
794,exp_acyclic_depvary_step7_batch_yyy10.pl,r5,no,0.68,no,corr,0.0,None,None,None,yes
795,exp_acyclic_depvary_step7_batch_yyy10.pl,t2,no,1.0,no,corr,0.0,None,None,None,yes
796,exp_acyclic_depvary_step7_batch_yyy10.pl,r4,no,0.29,no,corr,0.0,None,None,None,yes
797,exp_acyclic_depvary_step7_batch_yyy10.pl,y1,yes,0.25,yes,corr,1.0,None,None,None,no
798,exp_acyclic_depvary_step7_batch_yyy10.pl,f2,yes,0.24,yes,corr,1.0,None,None,None,no
799,exp_acyclic_depvary_step7_batch_yyy10.pl,s2,yes,0.27,yes,corr,1.0,None,None,None,no
800,exp_acyclic_depvary_step7_batch_yyy10.pl,z1,no,0.45,no,corr,3.0,None,None,None,no
801,exp_acyclic_depvary_step8_batch_yyy01.pl,t4,no,3.84,no,corr,15.0,None,None,None,no
802,exp_acyclic_depvary_step8_batch_yyy01.pl,x2,yes,0.27,yes,corr,4.0,None,None,None,no
803,exp_acyclic_depvary_step8_batch_yyy01.pl,r5,no,0.22,no,corr,0.0,None,None,None,yes
804,exp_acyclic_depvary_step8_batch_yyy01.pl,v1,no,0.3,no,corr,0.0,None,None,None,yes
805,exp_acyclic_depvary_step8_batch_yyy01.pl,p2,yes,0.57,yes,corr,1.0,None,None,None,no
806,exp_acyclic_depvary_step8_batch_yyy01.pl,a3,no,0.5,no,corr,4.0,None,None,None,no
807,exp_acyclic_depvary_step8_batch_yyy01.pl,c2,no,0.31,no,corr,9.0,None,None,None,no
808,exp_acyclic_depvary_step8_batch_yyy01.pl,b1,no,221.45,no,corr,18.0,None,None,None,no
809,exp_acyclic_depvary_step8_batch_yyy01.pl,x4,no,0.24,no,corr,0.0,None,None,None,no
810,exp_acyclic_depvary_step8_batch_yyy01.pl,w3,no,0.23,no,corr,3.0,None,None,None,no
811,exp_acyclic_depvary_step8_batch_yyy02.pl,s3,no,4.46,no,corr,14.0,None,None,None,no
812,exp_acyclic_depvary_step8_batch_yyy02.pl,y4,yes,0.19,yes,corr,1.0,None,None,None,no
813,exp_acyclic_depvary_step8_batch_yyy02.pl,p5,no,0.21,no,corr,1.0,None,None,None,no
814,exp_acyclic_depvary_step8_batch_yyy02.pl,d3,no,91.79,no,corr,23.0,None,None,None,no
815,exp_acyclic_depvary_step8_batch_yyy02.pl,w5,no,0.26,no,corr,0.0,None,None,None,yes
816,exp_acyclic_depvary_step8_batch_yyy02.pl,s5,no,0.26,no,corr,0.0,None,None,None,yes
817,exp_acyclic_depvary_step8_batch_yyy02.pl,c5,no,0.28,no,corr,1.0,None,None,None,no
818,exp_acyclic_depvary_step8_batch_yyy02.pl,u3,no,2.48,no,corr,16.0,None,None,None,no
819,exp_acyclic_depvary_step8_batch_yyy02.pl,s1,yes,0.63,yes,corr,1.0,None,None,None,no
820,exp_acyclic_depvary_step8_batch_yyy02.pl,r1,yes,0.38,yes,corr,6.0,None,None,None,no
821,exp_acyclic_depvary_step8_batch_yyy03.pl,b2,no,0.22,no,corr,1.0,None,None,None,no
822,exp_acyclic_depvary_step8_batch_yyy03.pl,s4,yes,0.31,yes,corr,2.0,None,None,None,no
823,exp_acyclic_depvary_step8_batch_yyy03.pl,e1,no,0.24,no,corr,1.0,None,None,None,no
824,exp_acyclic_depvary_step8_batch_yyy03.pl,v5,no,0.27,no,corr,0.0,None,None,None,yes
825,exp_acyclic_depvary_step8_batch_yyy03.pl,c5,yes,0.48,yes,corr,1.0,None,None,None,no
826,exp_acyclic_depvary_step8_batch_yyy03.pl,a4,yes,0.66,yes,corr,0.0,None,None,None,no
827,exp_acyclic_depvary_step8_batch_yyy03.pl,w1,no,0.35,no,corr,0.0,None,None,None,yes
828,exp_acyclic_depvary_step8_batch_yyy03.pl,f3,no,0.36,no,corr,1.0,None,None,None,no
829,exp_acyclic_depvary_step8_batch_yyy03.pl,e3,no,6.41,no,corr,16.0,None,None,None,no
830,exp_acyclic_depvary_step8_batch_yyy03.pl,z3,no,1.16,no,corr,11.0,None,None,None,no
831,exp_acyclic_depvary_step8_batch_yyy04.pl,d5,no,0.42,no,corr,0.0,None,None,None,yes
832,exp_acyclic_depvary_step8_batch_yyy04.pl,z5,no,0.27,no,corr,0.0,None,None,None,yes
833,exp_acyclic_depvary_step8_batch_yyy04.pl,p5,yes,0.3,yes,corr,1.0,None,None,None,no
834,exp_acyclic_depvary_step8_batch_yyy04.pl,u4,yes,0.32,yes,corr,2.0,None,None,None,no
835,exp_acyclic_depvary_step8_batch_yyy04.pl,v5,no,0.39,no,corr,0.0,None,None,None,yes
836,exp_acyclic_depvary_step8_batch_yyy04.pl,t2,no,0.23,no,corr,0.0,None,None,None,yes
837,exp_acyclic_depvary_step8_batch_yyy04.pl,b6,no,0.24,no,corr,0.0,None,None,None,yes
838,exp_acyclic_depvary_step8_batch_yyy04.pl,r3,yes,0.2,yes,corr,1.0,None,None,None,no
839,exp_acyclic_depvary_step8_batch_yyy04.pl,w1,yes,0.29,yes,corr,5.0,None,None,None,no
840,exp_acyclic_depvary_step8_batch_yyy04.pl,p3,no,117.24,no,corr,20.0,None,None,None,no
841,exp_acyclic_depvary_step8_batch_yyy05.pl,v2,yes,0.26,yes,corr,2.0,None,None,None,no
842,exp_acyclic_depvary_step8_batch_yyy05.pl,s2,yes,0.3,yes,corr,1.0,None,None,None,no
843,exp_acyclic_depvary_step8_batch_yyy05.pl,q4,yes,0.25,yes,corr,1.0,None,None,None,no
844,exp_acyclic_depvary_step8_batch_yyy05.pl,v1,no,71.93,no,corr,22.0,None,None,None,no
845,exp_acyclic_depvary_step8_batch_yyy05.pl,f3,yes,0.26,yes,corr,1.0,None,None,None,no
846,exp_acyclic_depvary_step8_batch_yyy05.pl,t2,yes,0.26,yes,corr,1.0,None,None,None,no
847,exp_acyclic_depvary_step8_batch_yyy05.pl,b6,no,0.24,no,corr,0.0,None,None,None,yes
848,exp_acyclic_depvary_step8_batch_yyy05.pl,q2,no,0.27,no,corr,1.0,None,None,None,no
849,exp_acyclic_depvary_step8_batch_yyy05.pl,t4,no,371.15,no,corr,22.0,None,None,None,no
850,exp_acyclic_depvary_step8_batch_yyy05.pl,t5,no,0.26,no,corr,0.0,None,None,None,yes
851,exp_acyclic_depvary_step8_batch_yyy06.pl,t4,yes,0.31,yes,corr,4.0,None,None,None,no
852,exp_acyclic_depvary_step8_batch_yyy06.pl,t3,yes,0.19,yes,corr,1.0,None,None,None,no
853,exp_acyclic_depvary_step8_batch_yyy06.pl,p3,no,0.23,no,corr,0.0,None,None,None,yes
854,exp_acyclic_depvary_step8_batch_yyy06.pl,w3,yes,0.25,yes,corr,4.0,None,None,None,no
855,exp_acyclic_depvary_step8_batch_yyy06.pl,b3,no,0.25,no,corr,7.0,None,None,None,no
856,exp_acyclic_depvary_step8_batch_yyy06.pl,y4,,600.0,no,TIMEOUT,,,,,no
857,exp_acyclic_depvary_step8_batch_yyy06.pl,s2,no,0.62,no,corr,5.0,None,None,None,no
858,exp_acyclic_depvary_step8_batch_yyy06.pl,c5,yes,0.48,yes,corr,9.0,None,None,None,no
859,exp_acyclic_depvary_step8_batch_yyy06.pl,x5,no,0.22,no,corr,0.0,None,None,None,yes
860,exp_acyclic_depvary_step8_batch_yyy06.pl,t2,yes,0.53,yes,corr,6.0,None,None,None,no
861,exp_acyclic_depvary_step8_batch_yyy07.pl,s2,no,325.74,no,corr,20.0,None,None,None,no
862,exp_acyclic_depvary_step8_batch_yyy07.pl,c6,no,0.25,no,corr,0.0,None,None,None,yes
863,exp_acyclic_depvary_step8_batch_yyy07.pl,f4,no,0.24,no,corr,4.0,None,None,None,no
864,exp_acyclic_depvary_step8_batch_yyy07.pl,a2,yes,0.51,yes,corr,1.0,None,None,None,no
865,exp_acyclic_depvary_step8_batch_yyy07.pl,z4,no,0.25,no,corr,0.0,None,None,None,yes
866,exp_acyclic_depvary_step8_batch_yyy07.pl,e4,no,0.25,no,corr,1.0,None,None,None,no
867,exp_acyclic_depvary_step8_batch_yyy07.pl,r2,yes,0.28,yes,corr,1.0,None,None,None,no
868,exp_acyclic_depvary_step8_batch_yyy07.pl,a1,yes,0.21,yes,corr,1.0,None,None,None,no
869,exp_acyclic_depvary_step8_batch_yyy07.pl,r3,no,0.21,no,corr,0.0,None,None,None,yes
870,exp_acyclic_depvary_step8_batch_yyy07.pl,u2,yes,0.26,yes,corr,1.0,None,None,None,no
871,exp_acyclic_depvary_step8_batch_yyy08.pl,a5,yes,0.24,yes,corr,2.0,None,None,None,no
872,exp_acyclic_depvary_step8_batch_yyy08.pl,v1,no,0.26,no,corr,0.0,None,None,None,yes
873,exp_acyclic_depvary_step8_batch_yyy08.pl,t2,yes,0.33,yes,corr,1.0,None,None,None,no
874,exp_acyclic_depvary_step8_batch_yyy08.pl,r1,no,0.37,no,corr,1.0,None,None,None,no
875,exp_acyclic_depvary_step8_batch_yyy08.pl,f4,yes,0.54,yes,corr,1.0,None,None,None,no
876,exp_acyclic_depvary_step8_batch_yyy08.pl,r2,yes,0.46,yes,corr,1.0,None,None,None,no
877,exp_acyclic_depvary_step8_batch_yyy08.pl,s4,no,0.24,no,corr,0.0,None,None,None,yes
878,exp_acyclic_depvary_step8_batch_yyy08.pl,b3,no,0.46,no,corr,7.0,None,None,None,no
879,exp_acyclic_depvary_step8_batch_yyy08.pl,d1,yes,0.35,yes,corr,0.0,None,None,None,no
880,exp_acyclic_depvary_step8_batch_yyy08.pl,q1,yes,0.26,yes,corr,1.0,None,None,None,no
881,exp_acyclic_depvary_step8_batch_yyy09.pl,a4,no,0.29,no,corr,1.0,None,None,None,no
882,exp_acyclic_depvary_step8_batch_yyy09.pl,p2,yes,0.35,yes,corr,4.0,None,None,None,no
883,exp_acyclic_depvary_step8_batch_yyy09.pl,y2,no,0.26,no,corr,0.0,None,None,None,yes
884,exp_acyclic_depvary_step8_batch_yyy09.pl,v3,yes,0.32,yes,corr,5.0,None,None,None,no
885,exp_acyclic_depvary_step8_batch_yyy09.pl,q1,yes,0.23,yes,corr,1.0,None,None,None,no
886,exp_acyclic_depvary_step8_batch_yyy09.pl,f2,no,0.36,no,corr,1.0,None,None,None,no
887,exp_acyclic_depvary_step8_batch_yyy09.pl,c3,no,0.43,no,corr,5.0,None,None,None,no
888,exp_acyclic_depvary_step8_batch_yyy09.pl,c4,no,0.27,no,corr,1.0,None,None,None,no
889,exp_acyclic_depvary_step8_batch_yyy09.pl,p5,yes,0.46,yes,corr,1.0,None,None,None,no
890,exp_acyclic_depvary_step8_batch_yyy09.pl,x3,yes,0.32,yes,corr,1.0,None,None,None,no
891,exp_acyclic_depvary_step8_batch_yyy10.pl,b2,yes,0.16,yes,corr,0.0,None,None,None,no
892,exp_acyclic_depvary_step8_batch_yyy10.pl,x3,no,0.22,no,corr,0.0,None,None,None,yes
893,exp_acyclic_depvary_step8_batch_yyy10.pl,f1,yes,0.22,yes,corr,1.0,None,None,None,no
894,exp_acyclic_depvary_step8_batch_yyy10.pl,s5,no,0.24,no,corr,0.0,None,None,None,yes
895,exp_acyclic_depvary_step8_batch_yyy10.pl,f5,no,0.25,no,corr,0.0,None,None,None,yes
896,exp_acyclic_depvary_step8_batch_yyy10.pl,r4,yes,0.36,yes,corr,2.0,None,None,None,no
897,exp_acyclic_depvary_step8_batch_yyy10.pl,w3,no,0.21,no,corr,3.0,None,None,None,no
898,exp_acyclic_depvary_step8_batch_yyy10.pl,f2,yes,0.33,yes,corr,9.0,None,None,None,no
899,exp_acyclic_depvary_step8_batch_yyy10.pl,t5,no,0.24,no,corr,0.0,None,None,None,yes
900,exp_acyclic_depvary_step8_batch_yyy10.pl,s3,yes,0.4,yes,corr,2.0,None,None,None,no
901,exp_acyclic_depvary_step9_batch_yyy01.pl,a6,no,0.31,no,corr,0.0,None,None,None,yes
902,exp_acyclic_depvary_step9_batch_yyy01.pl,p5,yes,0.5,yes,corr,3.0,None,None,None,no
903,exp_acyclic_depvary_step9_batch_yyy01.pl,v5,no,0.23,no,corr,0.0,None,None,None,yes
904,exp_acyclic_depvary_step9_batch_yyy01.pl,q4,no,0.23,no,corr,1.0,None,None,None,no
905,exp_acyclic_depvary_step9_batch_yyy01.pl,z3,yes,0.28,yes,corr,1.0,None,None,None,no
906,exp_acyclic_depvary_step9_batch_yyy01.pl,w2,yes,0.22,yes,corr,3.0,None,None,None,no
907,exp_acyclic_depvary_step9_batch_yyy01.pl,e5,no,0.24,no,corr,1.0,None,None,None,no
908,exp_acyclic_depvary_step9_batch_yyy01.pl,a4,yes,0.16,yes,corr,0.0,None,None,None,no
909,exp_acyclic_depvary_step9_batch_yyy01.pl,x2,yes,0.31,yes,corr,1.0,None,None,None,no
910,exp_acyclic_depvary_step9_batch_yyy01.pl,f5,no,0.28,no,corr,1.0,None,None,None,no
911,exp_acyclic_depvary_step9_batch_yyy02.pl,u5,no,111.47,no,corr,25.0,None,None,None,no
912,exp_acyclic_depvary_step9_batch_yyy02.pl,s3,yes,0.35,yes,corr,4.0,None,None,None,no
913,exp_acyclic_depvary_step9_batch_yyy02.pl,v2,yes,0.36,yes,corr,1.0,None,None,None,no
914,exp_acyclic_depvary_step9_batch_yyy02.pl,r4,no,40.41,no,corr,25.0,None,None,None,no
915,exp_acyclic_depvary_step9_batch_yyy02.pl,u2,yes,0.55,yes,corr,1.0,None,None,None,no
916,exp_acyclic_depvary_step9_batch_yyy02.pl,q2,no,31.03,no,corr,25.0,None,None,None,no
917,exp_acyclic_depvary_step9_batch_yyy02.pl,w2,no,0.19,no,corr,0.0,None,None,None,yes
918,exp_acyclic_depvary_step9_batch_yyy02.pl,e5,,600.0,no,TIMEOUT,,,,,no
919,exp_acyclic_depvary_step9_batch_yyy02.pl,s1,no,83.14,no,corr,25.0,None,None,None,no
920,exp_acyclic_depvary_step9_batch_yyy02.pl,d2,yes,0.7,yes,corr,1.0,None,None,None,no
921,exp_acyclic_depvary_step9_batch_yyy03.pl,u5,yes,0.47,yes,corr,1.0,None,None,None,no
922,exp_acyclic_depvary_step9_batch_yyy03.pl,x3,no,0.25,no,corr,3.0,None,None,None,no
923,exp_acyclic_depvary_step9_batch_yyy03.pl,q5,no,0.28,no,corr,0.0,None,None,None,yes
924,exp_acyclic_depvary_step9_batch_yyy03.pl,q4,yes,1.31,yes,corr,7.0,None,None,None,no
925,exp_acyclic_depvary_step9_batch_yyy03.pl,z4,no,0.32,no,corr,0.0,None,None,None,yes
926,exp_acyclic_depvary_step9_batch_yyy03.pl,p2,yes,0.59,yes,corr,5.0,None,None,None,no
927,exp_acyclic_depvary_step9_batch_yyy03.pl,x1,yes,0.94,yes,corr,8.0,None,None,None,no
928,exp_acyclic_depvary_step9_batch_yyy03.pl,a1,no,0.23,no,corr,4.0,None,None,None,no
929,exp_acyclic_depvary_step9_batch_yyy03.pl,s4,no,0.28,no,corr,0.0,None,None,None,yes
930,exp_acyclic_depvary_step9_batch_yyy03.pl,y4,yes,0.94,yes,corr,8.0,None,None,None,no
931,exp_acyclic_depvary_step9_batch_yyy04.pl,a6,no,0.26,no,corr,0.0,None,None,None,yes
932,exp_acyclic_depvary_step9_batch_yyy04.pl,v2,no,0.24,no,corr,0.0,None,None,None,yes
933,exp_acyclic_depvary_step9_batch_yyy04.pl,p5,yes,0.31,yes,corr,1.0,None,None,None,no
934,exp_acyclic_depvary_step9_batch_yyy04.pl,b1,no,0.3,no,corr,1.0,None,None,None,no
935,exp_acyclic_depvary_step9_batch_yyy04.pl,p3,no,0.31,no,corr,4.0,None,None,None,no
936,exp_acyclic_depvary_step9_batch_yyy04.pl,v4,no,0.29,no,corr,0.0,None,None,None,yes
937,exp_acyclic_depvary_step9_batch_yyy04.pl,c6,no,0.23,no,corr,0.0,None,None,None,yes
938,exp_acyclic_depvary_step9_batch_yyy04.pl,b5,yes,0.19,yes,corr,2.0,None,None,None,no
939,exp_acyclic_depvary_step9_batch_yyy04.pl,e2,no,0.31,no,corr,7.0,None,None,None,no
940,exp_acyclic_depvary_step9_batch_yyy04.pl,d1,no,0.23,no,corr,4.0,None,None,None,no
941,exp_acyclic_depvary_step9_batch_yyy05.pl,t5,yes,0.25,yes,corr,1.0,None,None,None,no
942,exp_acyclic_depvary_step9_batch_yyy05.pl,p5,yes,0.33,yes,corr,1.0,None,None,None,no
943,exp_acyclic_depvary_step9_batch_yyy05.pl,w5,no,0.33,no,corr,0.0,None,None,None,yes
944,exp_acyclic_depvary_step9_batch_yyy05.pl,b4,yes,0.31,yes,corr,1.0,None,None,None,no
945,exp_acyclic_depvary_step9_batch_yyy05.pl,w1,no,0.53,no,corr,4.0,None,None,None,no
946,exp_acyclic_depvary_step9_batch_yyy05.pl,d1,yes,0.29,yes,corr,1.0,None,None,None,no
947,exp_acyclic_depvary_step9_batch_yyy05.pl,r5,yes,0.46,yes,corr,1.0,None,None,None,no
948,exp_acyclic_depvary_step9_batch_yyy05.pl,e4,no,53.77,no,corr,17.0,None,None,None,no
949,exp_acyclic_depvary_step9_batch_yyy05.pl,q3,no,0.74,no,corr,5.0,None,None,None,no
950,exp_acyclic_depvary_step9_batch_yyy05.pl,y2,yes,0.25,yes,corr,1.0,None,None,None,no
951,exp_acyclic_depvary_step9_batch_yyy06.pl,u4,yes,0.33,yes,corr,1.0,None,None,None,no
952,exp_acyclic_depvary_step9_batch_yyy06.pl,q5,no,0.54,no,corr,0.0,None,None,None,yes
953,exp_acyclic_depvary_step9_batch_yyy06.pl,c5,no,0.81,no,corr,1.0,None,None,None,no
954,exp_acyclic_depvary_step9_batch_yyy06.pl,f4,no,0.47,no,corr,3.0,None,None,None,no
955,exp_acyclic_depvary_step9_batch_yyy06.pl,r2,no,27.96,no,corr,25.0,None,None,None,no
956,exp_acyclic_depvary_step9_batch_yyy06.pl,t1,no,3.42,no,corr,13.0,None,None,None,no
957,exp_acyclic_depvary_step9_batch_yyy06.pl,s3,no,51.76,no,corr,25.0,None,None,None,no
958,exp_acyclic_depvary_step9_batch_yyy06.pl,c4,no,0.21,no,corr,1.0,None,None,None,no
959,exp_acyclic_depvary_step9_batch_yyy06.pl,c1,no,0.27,no,corr,1.0,None,None,None,no
960,exp_acyclic_depvary_step9_batch_yyy06.pl,b5,yes,0.37,yes,corr,0.0,None,None,None,no
961,exp_acyclic_depvary_step9_batch_yyy07.pl,t4,yes,0.27,yes,corr,1.0,None,None,None,no
962,exp_acyclic_depvary_step9_batch_yyy07.pl,v2,no,0.21,no,corr,0.0,None,None,None,yes
963,exp_acyclic_depvary_step9_batch_yyy07.pl,d4,no,37.49,no,corr,25.0,None,None,None,no
964,exp_acyclic_depvary_step9_batch_yyy07.pl,w2,no,66.03,no,corr,25.0,None,None,None,no
965,exp_acyclic_depvary_step9_batch_yyy07.pl,z1,yes,3.01,yes,corr,12.0,None,None,None,no
966,exp_acyclic_depvary_step9_batch_yyy07.pl,t2,no,0.23,no,corr,0.0,None,None,None,yes
967,exp_acyclic_depvary_step9_batch_yyy07.pl,v4,yes,1.11,yes,corr,8.0,None,None,None,no
968,exp_acyclic_depvary_step9_batch_yyy07.pl,f4,,600.0,no,TIMEOUT,,,,,no
969,exp_acyclic_depvary_step9_batch_yyy07.pl,a6,no,0.29,no,corr,0.0,None,None,None,yes
970,exp_acyclic_depvary_step9_batch_yyy07.pl,y4,no,0.3,no,corr,0.0,None,None,None,yes
971,exp_acyclic_depvary_step9_batch_yyy08.pl,d5,yes,0.24,yes,corr,3.0,None,None,None,no
972,exp_acyclic_depvary_step9_batch_yyy08.pl,t5,no,0.43,no,corr,0.0,None,None,None,yes
973,exp_acyclic_depvary_step9_batch_yyy08.pl,b4,yes,0.22,yes,corr,0.0,None,None,None,no
974,exp_acyclic_depvary_step9_batch_yyy08.pl,b1,no,0.2,no,corr,1.0,None,None,None,no
975,exp_acyclic_depvary_step9_batch_yyy08.pl,y3,no,0.28,no,corr,0.0,None,None,None,yes
976,exp_acyclic_depvary_step9_batch_yyy08.pl,f3,no,0.24,no,corr,4.0,None,None,None,no
977,exp_acyclic_depvary_step9_batch_yyy08.pl,q3,no,0.51,no,corr,0.0,None,None,None,yes
978,exp_acyclic_depvary_step9_batch_yyy08.pl,a1,yes,0.28,yes,corr,2.0,None,None,None,no
979,exp_acyclic_depvary_step9_batch_yyy08.pl,p1,,600.0,no,TIMEOUT,,,,,no
980,exp_acyclic_depvary_step9_batch_yyy08.pl,f2,no,0.42,no,corr,1.0,None,None,None,no
981,exp_acyclic_depvary_step9_batch_yyy09.pl,u2,no,0.29,no,corr,4.0,None,None,None,no
982,exp_acyclic_depvary_step9_batch_yyy09.pl,w3,yes,1.12,yes,corr,9.0,None,None,None,no
983,exp_acyclic_depvary_step9_batch_yyy09.pl,q2,yes,0.28,yes,corr,1.0,None,None,None,no
984,exp_acyclic_depvary_step9_batch_yyy09.pl,a6,no,0.3,no,corr,0.0,None,None,None,yes
985,exp_acyclic_depvary_step9_batch_yyy09.pl,s4,yes,0.33,yes,corr,5.0,None,None,None,no
986,exp_acyclic_depvary_step9_batch_yyy09.pl,y4,no,119.77,no,corr,25.0,None,None,None,no
987,exp_acyclic_depvary_step9_batch_yyy09.pl,a5,no,46.65,no,corr,25.0,None,None,None,no
988,exp_acyclic_depvary_step9_batch_yyy09.pl,b1,no,0.44,no,corr,6.0,None,None,None,no
989,exp_acyclic_depvary_step9_batch_yyy09.pl,f4,no,20.77,no,corr,25.0,None,None,None,no
990,exp_acyclic_depvary_step9_batch_yyy09.pl,z3,no,0.83,no,corr,0.0,None,None,None,yes
991,exp_acyclic_depvary_step9_batch_yyy10.pl,u5,yes,0.51,yes,corr,1.0,None,None,None,no
992,exp_acyclic_depvary_step9_batch_yyy10.pl,x3,yes,0.43,yes,corr,1.0,None,None,None,no
993,exp_acyclic_depvary_step9_batch_yyy10.pl,w5,no,0.62,no,corr,0.0,None,None,None,yes
994,exp_acyclic_depvary_step9_batch_yyy10.pl,c6,no,0.43,no,corr,0.0,None,None,None,yes
995,exp_acyclic_depvary_step9_batch_yyy10.pl,u3,no,0.54,no,corr,4.0,None,None,None,no
996,exp_acyclic_depvary_step9_batch_yyy10.pl,q2,no,0.31,no,corr,1.0,None,None,None,no
997,exp_acyclic_depvary_step9_batch_yyy10.pl,b4,no,0.42,no,corr,1.0,None,None,None,no
998,exp_acyclic_depvary_step9_batch_yyy10.pl,q5,no,0.51,no,corr,3.0,None,None,None,no
999,exp_acyclic_depvary_step9_batch_yyy10.pl,d1,yes,0.38,yes,corr,0.0,None,None,None,no
1000,exp_acyclic_depvary_step9_batch_yyy10.pl,q1,yes,0.5,yes,corr,1.0,None,None,None,no
1001,exp_acyclic_indvary1_step1_batch_yyy01.pl,u1,no,0.78,no,corr,0.0,None,None,None,yes
1002,exp_acyclic_indvary1_step1_batch_yyy01.pl,v5,no,0.8,no,corr,0.0,None,None,None,yes
1003,exp_acyclic_indvary1_step1_batch_yyy01.pl,a5,no,0.25,no,corr,0.0,None,None,None,yes
1004,exp_acyclic_indvary1_step1_batch_yyy01.pl,y3,no,0.19,no,corr,0.0,None,None,None,yes
1005,exp_acyclic_indvary1_step1_batch_yyy01.pl,w1,no,0.24,no,corr,0.0,None,None,None,yes
1006,exp_acyclic_indvary1_step1_batch_yyy01.pl,r4,no,0.18,no,corr,0.0,None,None,None,yes
1007,exp_acyclic_indvary1_step1_batch_yyy01.pl,d2,yes,0.19,yes,corr,3.0,None,None,None,no
1008,exp_acyclic_indvary1_step1_batch_yyy01.pl,y5,no,0.21,no,corr,0.0,None,None,None,yes
1009,exp_acyclic_indvary1_step1_batch_yyy01.pl,c3,no,0.36,no,corr,2.0,None,None,None,no
1010,exp_acyclic_indvary1_step1_batch_yyy01.pl,t4,no,0.3,no,corr,0.0,None,None,None,yes
1011,exp_acyclic_indvary1_step1_batch_yyy02.pl,b2,no,0.4,no,corr,4.0,None,None,None,no
1012,exp_acyclic_indvary1_step1_batch_yyy02.pl,b3,yes,0.26,yes,corr,3.0,None,None,None,no
1013,exp_acyclic_indvary1_step1_batch_yyy02.pl,e1,yes,0.22,yes,corr,3.0,None,None,None,no
1014,exp_acyclic_indvary1_step1_batch_yyy02.pl,p5,no,0.38,no,corr,0.0,None,None,None,yes
1015,exp_acyclic_indvary1_step1_batch_yyy02.pl,b5,no,0.26,no,corr,0.0,None,None,None,yes
1016,exp_acyclic_indvary1_step1_batch_yyy02.pl,d2,no,0.55,no,corr,8.0,None,None,None,no
1017,exp_acyclic_indvary1_step1_batch_yyy02.pl,p1,yes,0.46,yes,corr,2.0,None,None,None,no
1018,exp_acyclic_indvary1_step1_batch_yyy02.pl,c5,no,0.19,no,corr,0.0,None,None,None,yes
1019,exp_acyclic_indvary1_step1_batch_yyy02.pl,c2,yes,0.32,yes,corr,1.0,None,None,None,no
1020,exp_acyclic_indvary1_step1_batch_yyy02.pl,b1,no,0.32,no,corr,1.0,None,None,None,no
1021,exp_acyclic_indvary1_step1_batch_yyy03.pl,b2,yes,0.24,yes,corr,2.0,None,None,None,no
1022,exp_acyclic_indvary1_step1_batch_yyy03.pl,y4,no,0.27,no,corr,0.0,None,None,None,yes
1023,exp_acyclic_indvary1_step1_batch_yyy03.pl,z5,no,0.21,no,corr,0.0,None,None,None,yes
1024,exp_acyclic_indvary1_step1_batch_yyy03.pl,e5,no,0.4,no,corr,0.0,None,None,None,yes
1025,exp_acyclic_indvary1_step1_batch_yyy03.pl,z4,no,0.23,no,corr,0.0,None,None,None,yes
1026,exp_acyclic_indvary1_step1_batch_yyy03.pl,v4,no,0.6,no,corr,0.0,None,None,None,yes
1027,exp_acyclic_indvary1_step1_batch_yyy03.pl,d2,yes,0.53,yes,corr,1.0,None,None,None,no
1028,exp_acyclic_indvary1_step1_batch_yyy03.pl,a1,yes,0.97,yes,corr,2.0,None,None,None,no
1029,exp_acyclic_indvary1_step1_batch_yyy03.pl,v3,no,0.57,no,corr,0.0,None,None,None,yes
1030,exp_acyclic_indvary1_step1_batch_yyy03.pl,q1,yes,0.21,yes,corr,2.0,None,None,None,no
1031,exp_acyclic_indvary1_step1_batch_yyy04.pl,b3,no,0.24,no,corr,3.0,None,None,None,no
1032,exp_acyclic_indvary1_step1_batch_yyy04.pl,u4,no,0.19,no,corr,0.0,None,None,None,yes
1033,exp_acyclic_indvary1_step1_batch_yyy04.pl,s2,no,0.39,no,corr,0.0,None,None,None,yes
1034,exp_acyclic_indvary1_step1_batch_yyy04.pl,v1,no,0.25,no,corr,0.0,None,None,None,yes
1035,exp_acyclic_indvary1_step1_batch_yyy04.pl,r4,no,0.27,no,corr,0.0,None,None,None,yes
1036,exp_acyclic_indvary1_step1_batch_yyy04.pl,d2,yes,0.28,yes,corr,1.0,None,None,None,no
1037,exp_acyclic_indvary1_step1_batch_yyy04.pl,z3,no,0.24,no,corr,0.0,None,None,None,yes
1038,exp_acyclic_indvary1_step1_batch_yyy04.pl,x4,no,0.33,no,corr,0.0,None,None,None,yes
1039,exp_acyclic_indvary1_step1_batch_yyy04.pl,c1,yes,0.46,yes,corr,3.0,None,None,None,no
1040,exp_acyclic_indvary1_step1_batch_yyy04.pl,t2,no,0.83,no,corr,0.0,None,None,None,yes
1041,exp_acyclic_indvary1_step1_batch_yyy05.pl,b1,yes,0.32,yes,corr,3.0,None,None,None,no
1042,exp_acyclic_indvary1_step1_batch_yyy05.pl,x2,no,0.3,no,corr,0.0,None,None,None,yes
1043,exp_acyclic_indvary1_step1_batch_yyy05.pl,r5,no,0.41,no,corr,0.0,None,None,None,yes
1044,exp_acyclic_indvary1_step1_batch_yyy05.pl,f3,no,0.25,no,corr,0.0,None,None,None,yes
1045,exp_acyclic_indvary1_step1_batch_yyy05.pl,a3,no,0.31,no,corr,3.0,None,None,None,no
1046,exp_acyclic_indvary1_step1_batch_yyy05.pl,a2,yes,0.23,yes,corr,5.0,None,None,None,no
1047,exp_acyclic_indvary1_step1_batch_yyy05.pl,t4,no,0.29,no,corr,0.0,None,None,None,yes
1048,exp_acyclic_indvary1_step1_batch_yyy05.pl,c4,no,0.58,no,corr,0.0,None,None,None,yes
1049,exp_acyclic_indvary1_step1_batch_yyy05.pl,t2,no,0.48,no,corr,0.0,None,None,None,yes
1050,exp_acyclic_indvary1_step1_batch_yyy05.pl,z2,no,0.2,no,corr,0.0,None,None,None,yes
1051,exp_acyclic_indvary1_step1_batch_yyy06.pl,t4,no,0.26,no,corr,0.0,None,None,None,yes
1052,exp_acyclic_indvary1_step1_batch_yyy06.pl,p4,no,0.32,no,corr,0.0,None,None,None,yes
1053,exp_acyclic_indvary1_step1_batch_yyy06.pl,u1,no,0.27,no,corr,0.0,None,None,None,yes
1054,exp_acyclic_indvary1_step1_batch_yyy06.pl,t3,no,0.51,no,corr,0.0,None,None,None,yes
1055,exp_acyclic_indvary1_step1_batch_yyy06.pl,q4,no,0.42,no,corr,0.0,None,None,None,yes
1056,exp_acyclic_indvary1_step1_batch_yyy06.pl,r3,no,0.23,no,corr,0.0,None,None,None,yes
1057,exp_acyclic_indvary1_step1_batch_yyy06.pl,z1,no,0.45,no,corr,0.0,None,None,None,yes
1058,exp_acyclic_indvary1_step1_batch_yyy06.pl,b1,yes,0.62,yes,corr,3.0,None,None,None,no
1059,exp_acyclic_indvary1_step1_batch_yyy06.pl,u3,no,0.46,no,corr,0.0,None,None,None,yes
1060,exp_acyclic_indvary1_step1_batch_yyy06.pl,r4,no,0.76,no,corr,0.0,None,None,None,yes
1061,exp_acyclic_indvary1_step1_batch_yyy07.pl,w2,no,0.28,no,corr,0.0,None,None,None,yes
1062,exp_acyclic_indvary1_step1_batch_yyy07.pl,u4,no,0.24,no,corr,0.0,None,None,None,yes
1063,exp_acyclic_indvary1_step1_batch_yyy07.pl,c2,no,0.24,no,corr,1.0,None,None,None,no
1064,exp_acyclic_indvary1_step1_batch_yyy07.pl,z4,no,0.24,no,corr,0.0,None,None,None,yes
1065,exp_acyclic_indvary1_step1_batch_yyy07.pl,f3,no,0.26,no,corr,0.0,None,None,None,yes
1066,exp_acyclic_indvary1_step1_batch_yyy07.pl,e3,no,0.17,no,corr,0.0,None,None,None,yes
1067,exp_acyclic_indvary1_step1_batch_yyy07.pl,y1,no,0.25,no,corr,0.0,None,None,None,yes
1068,exp_acyclic_indvary1_step1_batch_yyy07.pl,w3,no,0.26,no,corr,0.0,None,None,None,yes
1069,exp_acyclic_indvary1_step1_batch_yyy07.pl,e2,no,0.45,no,corr,1.0,None,None,None,no
1070,exp_acyclic_indvary1_step1_batch_yyy07.pl,d1,yes,0.26,yes,corr,3.0,None,None,None,no
1071,exp_acyclic_indvary1_step1_batch_yyy08.pl,y4,no,0.23,no,corr,0.0,None,None,None,yes
1072,exp_acyclic_indvary1_step1_batch_yyy08.pl,z5,no,0.29,no,corr,0.0,None,None,None,yes
1073,exp_acyclic_indvary1_step1_batch_yyy08.pl,w5,no,0.22,no,corr,0.0,None,None,None,yes
1074,exp_acyclic_indvary1_step1_batch_yyy08.pl,f5,no,0.22,no,corr,0.0,None,None,None,yes
1075,exp_acyclic_indvary1_step1_batch_yyy08.pl,z4,no,0.27,no,corr,0.0,None,None,None,yes
1076,exp_acyclic_indvary1_step1_batch_yyy08.pl,x5,no,0.24,no,corr,0.0,None,None,None,yes
1077,exp_acyclic_indvary1_step1_batch_yyy08.pl,f4,no,0.26,no,corr,0.0,None,None,None,yes
1078,exp_acyclic_indvary1_step1_batch_yyy08.pl,y5,no,0.23,no,corr,0.0,None,None,None,yes
1079,exp_acyclic_indvary1_step1_batch_yyy08.pl,s2,no,0.33,no,corr,0.0,None,None,None,yes
1080,exp_acyclic_indvary1_step1_batch_yyy08.pl,b1,no,0.25,no,corr,1.0,None,None,None,no
1081,exp_acyclic_indvary1_step1_batch_yyy09.pl,s3,no,0.43,no,corr,0.0,None,None,None,yes
1082,exp_acyclic_indvary1_step1_batch_yyy09.pl,z5,no,0.27,no,corr,0.0,None,None,None,yes
1083,exp_acyclic_indvary1_step1_batch_yyy09.pl,s5,no,0.28,no,corr,0.0,None,None,None,yes
1084,exp_acyclic_indvary1_step1_batch_yyy09.pl,x2,no,0.35,no,corr,0.0,None,None,None,yes
1085,exp_acyclic_indvary1_step1_batch_yyy09.pl,e4,no,0.62,no,corr,0.0,None,None,None,yes
1086,exp_acyclic_indvary1_step1_batch_yyy09.pl,u2,no,0.47,no,corr,0.0,None,None,None,yes
1087,exp_acyclic_indvary1_step1_batch_yyy09.pl,p1,yes,0.74,yes,corr,1.0,None,None,None,no
1088,exp_acyclic_indvary1_step1_batch_yyy09.pl,a2,no,0.62,no,corr,1.0,None,None,None,no
1089,exp_acyclic_indvary1_step1_batch_yyy09.pl,s2,no,0.23,no,corr,0.0,None,None,None,yes
1090,exp_acyclic_indvary1_step1_batch_yyy09.pl,z1,no,0.32,no,corr,0.0,None,None,None,yes
1091,exp_acyclic_indvary1_step1_batch_yyy10.pl,d5,no,0.61,no,corr,0.0,None,None,None,yes
1092,exp_acyclic_indvary1_step1_batch_yyy10.pl,v2,no,0.22,no,corr,0.0,None,None,None,yes
1093,exp_acyclic_indvary1_step1_batch_yyy10.pl,p5,no,0.43,no,corr,0.0,None,None,None,yes
1094,exp_acyclic_indvary1_step1_batch_yyy10.pl,v5,no,0.24,no,corr,0.0,None,None,None,yes
1095,exp_acyclic_indvary1_step1_batch_yyy10.pl,a4,no,0.2,no,corr,0.0,None,None,None,yes
1096,exp_acyclic_indvary1_step1_batch_yyy10.pl,p3,no,0.2,no,corr,0.0,None,None,None,yes
1097,exp_acyclic_indvary1_step1_batch_yyy10.pl,d2,yes,0.37,yes,corr,1.0,None,None,None,no
1098,exp_acyclic_indvary1_step1_batch_yyy10.pl,u2,no,0.25,no,corr,0.0,None,None,None,yes
1099,exp_acyclic_indvary1_step1_batch_yyy10.pl,b6,no,0.31,no,corr,0.0,None,None,None,yes
1100,exp_acyclic_indvary1_step1_batch_yyy10.pl,a1,no,0.76,no,corr,1.0,None,None,None,no
1101,exp_acyclic_indvary1_step2_batch_yyy01.pl,d5,no,0.92,no,corr,0.0,None,None,None,yes
1102,exp_acyclic_indvary1_step2_batch_yyy01.pl,z5,no,0.33,no,corr,0.0,None,None,None,yes
1103,exp_acyclic_indvary1_step2_batch_yyy01.pl,p4,no,0.24,no,corr,0.0,None,None,None,yes
1104,exp_acyclic_indvary1_step2_batch_yyy01.pl,z4,no,0.23,no,corr,0.0,None,None,None,yes
1105,exp_acyclic_indvary1_step2_batch_yyy01.pl,u3,no,0.18,no,corr,0.0,None,None,None,yes
1106,exp_acyclic_indvary1_step2_batch_yyy01.pl,r1,yes,0.19,yes,corr,1.0,None,None,None,no
1107,exp_acyclic_indvary1_step2_batch_yyy01.pl,a1,yes,0.2,yes,corr,1.0,None,None,None,no
1108,exp_acyclic_indvary1_step2_batch_yyy01.pl,v3,no,0.22,no,corr,0.0,None,None,None,yes
1109,exp_acyclic_indvary1_step2_batch_yyy01.pl,d1,no,0.4,no,corr,1.0,None,None,None,no
1110,exp_acyclic_indvary1_step2_batch_yyy01.pl,u2,no,0.31,no,corr,0.0,None,None,None,yes
1111,exp_acyclic_indvary1_step2_batch_yyy02.pl,w2,no,0.3,no,corr,0.0,None,None,None,yes
1112,exp_acyclic_indvary1_step2_batch_yyy02.pl,a5,no,0.48,no,corr,0.0,None,None,None,yes
1113,exp_acyclic_indvary1_step2_batch_yyy02.pl,y3,no,0.45,no,corr,0.0,None,None,None,yes
1114,exp_acyclic_indvary1_step2_batch_yyy02.pl,w4,no,0.31,no,corr,0.0,None,None,None,yes
1115,exp_acyclic_indvary1_step2_batch_yyy02.pl,p2,yes,0.35,yes,corr,1.0,None,None,None,no
1116,exp_acyclic_indvary1_step2_batch_yyy02.pl,a3,yes,0.22,yes,corr,0.0,None,None,None,no
1117,exp_acyclic_indvary1_step2_batch_yyy02.pl,x5,no,0.36,no,corr,0.0,None,None,None,yes
1118,exp_acyclic_indvary1_step2_batch_yyy02.pl,t2,no,0.48,no,corr,0.0,None,None,None,yes
1119,exp_acyclic_indvary1_step2_batch_yyy02.pl,u3,no,0.3,no,corr,0.0,None,None,None,yes
1120,exp_acyclic_indvary1_step2_batch_yyy02.pl,e3,no,0.27,no,corr,0.0,None,None,None,yes
1121,exp_acyclic_indvary1_step2_batch_yyy03.pl,v2,no,0.27,no,corr,0.0,None,None,None,yes
1122,exp_acyclic_indvary1_step2_batch_yyy03.pl,c5,no,0.36,no,corr,0.0,None,None,None,yes
1123,exp_acyclic_indvary1_step2_batch_yyy03.pl,b5,no,0.21,no,corr,0.0,None,None,None,yes
1124,exp_acyclic_indvary1_step2_batch_yyy03.pl,v4,no,0.25,no,corr,0.0,None,None,None,yes
1125,exp_acyclic_indvary1_step2_batch_yyy03.pl,a3,no,0.27,no,corr,1.0,None,None,None,no
1126,exp_acyclic_indvary1_step2_batch_yyy03.pl,x1,yes,0.39,yes,corr,1.0,None,None,None,no
1127,exp_acyclic_indvary1_step2_batch_yyy03.pl,y5,no,0.29,no,corr,0.0,None,None,None,yes
1128,exp_acyclic_indvary1_step2_batch_yyy03.pl,t4,no,0.27,no,corr,0.0,None,None,None,yes
1129,exp_acyclic_indvary1_step2_batch_yyy03.pl,t5,no,0.26,no,corr,0.0,None,None,None,yes
1130,exp_acyclic_indvary1_step2_batch_yyy03.pl,s3,no,0.18,no,corr,0.0,None,None,None,yes
1131,exp_acyclic_indvary1_step2_batch_yyy04.pl,u5,no,0.3,no,corr,0.0,None,None,None,yes
1132,exp_acyclic_indvary1_step2_batch_yyy04.pl,s3,no,0.15,no,corr,0.0,None,None,None,yes
1133,exp_acyclic_indvary1_step2_batch_yyy04.pl,u1,yes,0.27,yes,corr,1.0,None,None,None,no
1134,exp_acyclic_indvary1_step2_batch_yyy04.pl,d3,no,0.18,no,corr,0.0,None,None,None,yes
1135,exp_acyclic_indvary1_step2_batch_yyy04.pl,w5,no,0.31,no,corr,0.0,None,None,None,yes
1136,exp_acyclic_indvary1_step2_batch_yyy04.pl,c5,no,0.15,no,corr,0.0,None,None,None,yes
1137,exp_acyclic_indvary1_step2_batch_yyy04.pl,v4,no,0.4,no,corr,0.0,None,None,None,yes
1138,exp_acyclic_indvary1_step2_batch_yyy04.pl,p2,yes,0.37,yes,corr,5.0,None,None,None,no
1139,exp_acyclic_indvary1_step2_batch_yyy04.pl,a1,yes,0.25,yes,corr,0.0,None,None,None,no
1140,exp_acyclic_indvary1_step2_batch_yyy04.pl,d1,no,0.23,no,corr,10.0,None,None,None,no
1141,exp_acyclic_indvary1_step2_batch_yyy05.pl,p5,no,0.32,no,corr,0.0,None,None,None,yes
1142,exp_acyclic_indvary1_step2_batch_yyy05.pl,w2,no,0.3,no,corr,0.0,None,None,None,yes
1143,exp_acyclic_indvary1_step2_batch_yyy05.pl,s5,no,0.43,no,corr,0.0,None,None,None,yes
1144,exp_acyclic_indvary1_step2_batch_yyy05.pl,d2,no,0.34,no,corr,10.0,None,None,None,no
1145,exp_acyclic_indvary1_step2_batch_yyy05.pl,v3,no,0.24,no,corr,0.0,None,None,None,yes
1146,exp_acyclic_indvary1_step2_batch_yyy05.pl,u2,no,0.34,no,corr,0.0,None,None,None,yes
1147,exp_acyclic_indvary1_step2_batch_yyy05.pl,u5,no,0.29,no,corr,0.0,None,None,None,yes
1148,exp_acyclic_indvary1_step2_batch_yyy05.pl,d5,no,0.18,no,corr,0.0,None,None,None,yes
1149,exp_acyclic_indvary1_step2_batch_yyy05.pl,a4,no,0.18,no,corr,0.0,None,None,None,yes
1150,exp_acyclic_indvary1_step2_batch_yyy05.pl,f5,no,0.37,no,corr,0.0,None,None,None,yes
1151,exp_acyclic_indvary1_step2_batch_yyy06.pl,q4,no,0.21,no,corr,0.0,None,None,None,yes
1152,exp_acyclic_indvary1_step2_batch_yyy06.pl,z4,no,0.32,no,corr,0.0,None,None,None,yes
1153,exp_acyclic_indvary1_step2_batch_yyy06.pl,v1,yes,0.38,yes,corr,1.0,None,None,None,no
1154,exp_acyclic_indvary1_step2_batch_yyy06.pl,x5,no,0.42,no,corr,0.0,None,None,None,yes
1155,exp_acyclic_indvary1_step2_batch_yyy06.pl,s1,yes,0.5,yes,corr,1.0,None,None,None,no
1156,exp_acyclic_indvary1_step2_batch_yyy06.pl,v3,no,0.27,no,corr,0.0,None,None,None,yes
1157,exp_acyclic_indvary1_step2_batch_yyy06.pl,w3,no,0.18,no,corr,0.0,None,None,None,yes
1158,exp_acyclic_indvary1_step2_batch_yyy06.pl,q2,yes,0.21,yes,corr,6.0,None,None,None,no
1159,exp_acyclic_indvary1_step2_batch_yyy06.pl,w2,no,0.3,no,corr,0.0,None,None,None,yes
1160,exp_acyclic_indvary1_step2_batch_yyy06.pl,e5,no,0.18,no,corr,0.0,None,None,None,yes
1161,exp_acyclic_indvary1_step2_batch_yyy07.pl,a6,no,0.29,no,corr,0.0,None,None,None,yes
1162,exp_acyclic_indvary1_step2_batch_yyy07.pl,e5,no,0.34,no,corr,0.0,None,None,None,yes
1163,exp_acyclic_indvary1_step2_batch_yyy07.pl,d3,no,0.2,no,corr,0.0,None,None,None,yes
1164,exp_acyclic_indvary1_step2_batch_yyy07.pl,q5,no,0.69,no,corr,0.0,None,None,None,yes
1165,exp_acyclic_indvary1_step2_batch_yyy07.pl,s1,yes,0.24,yes,corr,1.0,None,None,None,no
1166,exp_acyclic_indvary1_step2_batch_yyy07.pl,p2,no,0.21,no,corr,3.0,None,None,None,no
1167,exp_acyclic_indvary1_step2_batch_yyy07.pl,c3,no,0.54,no,corr,12.0,None,None,None,no
1168,exp_acyclic_indvary1_step2_batch_yyy07.pl,s3,no,0.2,no,corr,0.0,None,None,None,yes
1169,exp_acyclic_indvary1_step2_batch_yyy07.pl,a2,no,0.47,no,corr,1.0,None,None,None,no
1170,exp_acyclic_indvary1_step2_batch_yyy07.pl,x4,no,0.24,no,corr,0.0,None,None,None,yes
1171,exp_acyclic_indvary1_step2_batch_yyy08.pl,d5,no,0.19,no,corr,0.0,None,None,None,yes
1172,exp_acyclic_indvary1_step2_batch_yyy08.pl,s3,no,0.32,no,corr,0.0,None,None,None,yes
1173,exp_acyclic_indvary1_step2_batch_yyy08.pl,b2,yes,0.33,yes,corr,8.0,None,None,None,no
1174,exp_acyclic_indvary1_step2_batch_yyy08.pl,u1,no,0.25,no,corr,6.0,None,None,None,no
1175,exp_acyclic_indvary1_step2_batch_yyy08.pl,d2,yes,0.25,yes,corr,1.0,None,None,None,no
1176,exp_acyclic_indvary1_step2_batch_yyy08.pl,b6,no,0.21,no,corr,0.0,None,None,None,yes
1177,exp_acyclic_indvary1_step2_batch_yyy08.pl,d1,no,0.2,no,corr,5.0,None,None,None,no
1178,exp_acyclic_indvary1_step2_batch_yyy08.pl,y5,no,0.24,no,corr,0.0,None,None,None,yes
1179,exp_acyclic_indvary1_step2_batch_yyy08.pl,x5,no,0.53,no,corr,0.0,None,None,None,yes
1180,exp_acyclic_indvary1_step2_batch_yyy08.pl,z2,no,0.21,no,corr,0.0,None,None,None,yes
1181,exp_acyclic_indvary1_step2_batch_yyy09.pl,a6,no,0.6,no,corr,0.0,None,None,None,yes
1182,exp_acyclic_indvary1_step2_batch_yyy09.pl,p4,no,0.37,no,corr,0.0,None,None,None,yes
1183,exp_acyclic_indvary1_step2_batch_yyy09.pl,f1,yes,0.21,yes,corr,1.0,None,None,None,no
1184,exp_acyclic_indvary1_step2_batch_yyy09.pl,z1,yes,0.28,yes,corr,1.0,None,None,None,no
1185,exp_acyclic_indvary1_step2_batch_yyy09.pl,a4,no,0.19,no,corr,0.0,None,None,None,yes
1186,exp_acyclic_indvary1_step2_batch_yyy09.pl,t1,yes,0.2,yes,corr,1.0,None,None,None,no
1187,exp_acyclic_indvary1_step2_batch_yyy09.pl,a2,yes,0.25,yes,corr,1.0,None,None,None,no
1188,exp_acyclic_indvary1_step2_batch_yyy09.pl,q2,no,0.21,no,corr,1.0,None,None,None,no
1189,exp_acyclic_indvary1_step2_batch_yyy09.pl,t2,no,0.21,no,corr,0.0,None,None,None,yes
1190,exp_acyclic_indvary1_step2_batch_yyy09.pl,c6,no,0.34,no,corr,0.0,None,None,None,yes
1191,exp_acyclic_indvary1_step2_batch_yyy10.pl,u5,no,0.35,no,corr,0.0,None,None,None,yes
1192,exp_acyclic_indvary1_step2_batch_yyy10.pl,e5,no,0.19,no,corr,0.0,None,None,None,yes
1193,exp_acyclic_indvary1_step2_batch_yyy10.pl,z1,yes,0.5,yes,corr,1.0,None,None,None,no
1194,exp_acyclic_indvary1_step2_batch_yyy10.pl,x5,no,0.27,no,corr,0.0,None,None,None,yes
1195,exp_acyclic_indvary1_step2_batch_yyy10.pl,a3,yes,0.23,yes,corr,1.0,None,None,None,no
1196,exp_acyclic_indvary1_step2_batch_yyy10.pl,r2,yes,0.51,yes,corr,3.0,None,None,None,no
1197,exp_acyclic_indvary1_step2_batch_yyy10.pl,v3,no,0.22,no,corr,0.0,None,None,None,yes
1198,exp_acyclic_indvary1_step2_batch_yyy10.pl,q1,no,0.22,no,corr,3.0,None,None,None,no
1199,exp_acyclic_indvary1_step2_batch_yyy10.pl,v5,no,0.3,no,corr,0.0,None,None,None,yes
1200,exp_acyclic_indvary1_step2_batch_yyy10.pl,w5,no,0.22,no,corr,0.0,None,None,None,yes
1201,exp_acyclic_indvary1_step3_batch_yyy01.pl,p5,no,0.35,no,corr,0.0,None,None,None,yes
1202,exp_acyclic_indvary1_step3_batch_yyy01.pl,w5,no,0.18,no,corr,0.0,None,None,None,yes
1203,exp_acyclic_indvary1_step3_batch_yyy01.pl,q5,no,0.23,no,corr,0.0,None,None,None,yes
1204,exp_acyclic_indvary1_step3_batch_yyy01.pl,v1,no,0.25,no,corr,0.0,None,None,None,yes
1205,exp_acyclic_indvary1_step3_batch_yyy01.pl,z2,yes,0.3,yes,corr,2.0,None,None,None,no
1206,exp_acyclic_indvary1_step3_batch_yyy01.pl,v3,no,0.23,no,corr,0.0,None,None,None,yes
1207,exp_acyclic_indvary1_step3_batch_yyy01.pl,a6,no,0.28,no,corr,0.0,None,None,None,yes
1208,exp_acyclic_indvary1_step3_batch_yyy01.pl,y4,no,0.2,no,corr,0.0,None,None,None,yes
1209,exp_acyclic_indvary1_step3_batch_yyy01.pl,w2,no,1.22,no,corr,15.0,None,None,None,no
1210,exp_acyclic_indvary1_step3_batch_yyy01.pl,u1,no,0.58,no,corr,12.0,None,None,None,no
1211,exp_acyclic_indvary1_step3_batch_yyy02.pl,t3,no,0.37,no,corr,0.0,None,None,None,yes
1212,exp_acyclic_indvary1_step3_batch_yyy02.pl,f3,no,0.27,no,corr,0.0,None,None,None,yes
1213,exp_acyclic_indvary1_step3_batch_yyy02.pl,e3,no,0.41,no,corr,0.0,None,None,None,yes
1214,exp_acyclic_indvary1_step3_batch_yyy02.pl,y1,yes,0.45,yes,corr,7.0,None,None,None,no
1215,exp_acyclic_indvary1_step3_batch_yyy02.pl,y2,yes,0.27,yes,corr,1.0,None,None,None,no
1216,exp_acyclic_indvary1_step3_batch_yyy02.pl,f2,no,0.47,no,corr,1.0,None,None,None,no
1217,exp_acyclic_indvary1_step3_batch_yyy02.pl,c2,yes,0.27,yes,corr,0.0,None,None,None,no
1218,exp_acyclic_indvary1_step3_batch_yyy02.pl,b1,no,0.25,no,corr,2.0,None,None,None,no
1219,exp_acyclic_indvary1_step3_batch_yyy02.pl,d1,no,0.44,no,corr,3.0,None,None,None,no
1220,exp_acyclic_indvary1_step3_batch_yyy02.pl,t1,yes,0.45,yes,corr,1.0,None,None,None,no
1221,exp_acyclic_indvary1_step3_batch_yyy03.pl,y4,no,0.2,no,corr,0.0,None,None,None,yes
1222,exp_acyclic_indvary1_step3_batch_yyy03.pl,c6,no,0.26,no,corr,0.0,None,None,None,yes
1223,exp_acyclic_indvary1_step3_batch_yyy03.pl,d2,yes,0.27,yes,corr,1.0,None,None,None,no
1224,exp_acyclic_indvary1_step3_batch_yyy03.pl,w3,no,0.19,no,corr,0.0,None,None,None,yes
1225,exp_acyclic_indvary1_step3_batch_yyy03.pl,t4,no,0.18,no,corr,0.0,None,None,None,yes
1226,exp_acyclic_indvary1_step3_batch_yyy03.pl,t5,no,0.21,no,corr,0.0,None,None,None,yes
1227,exp_acyclic_indvary1_step3_batch_yyy03.pl,s5,no,0.18,no,corr,0.0,None,None,None,yes
1228,exp_acyclic_indvary1_step3_batch_yyy03.pl,q5,no,0.34,no,corr,0.0,None,None,None,yes
1229,exp_acyclic_indvary1_step3_batch_yyy03.pl,a4,no,0.25,no,corr,0.0,None,None,None,yes
1230,exp_acyclic_indvary1_step3_batch_yyy03.pl,x2,no,0.71,no,corr,6.0,None,None,None,no
1231,exp_acyclic_indvary1_step3_batch_yyy04.pl,t4,no,0.82,no,corr,0.0,None,None,None,yes
1232,exp_acyclic_indvary1_step3_batch_yyy04.pl,p5,no,0.24,no,corr,0.0,None,None,None,yes
1233,exp_acyclic_indvary1_step3_batch_yyy04.pl,t3,no,0.17,no,corr,0.0,None,None,None,yes
1234,exp_acyclic_indvary1_step3_batch_yyy04.pl,s2,yes,0.2,yes,corr,1.0,None,None,None,no
1235,exp_acyclic_indvary1_step3_batch_yyy04.pl,q4,no,0.16,no,corr,0.0,None,None,None,yes
1236,exp_acyclic_indvary1_step3_batch_yyy04.pl,z3,no,0.18,no,corr,0.0,None,None,None,yes
1237,exp_acyclic_indvary1_step3_batch_yyy04.pl,d3,no,0.17,no,corr,0.0,None,None,None,yes
1238,exp_acyclic_indvary1_step3_batch_yyy04.pl,u4,no,0.22,no,corr,0.0,None,None,None,yes
1239,exp_acyclic_indvary1_step3_batch_yyy04.pl,v4,no,0.21,no,corr,0.0,None,None,None,yes
1240,exp_acyclic_indvary1_step3_batch_yyy04.pl,e3,no,0.21,no,corr,0.0,None,None,None,yes
1241,exp_acyclic_indvary1_step3_batch_yyy05.pl,u5,no,0.19,no,corr,0.0,None,None,None,yes
1242,exp_acyclic_indvary1_step3_batch_yyy05.pl,t4,no,0.15,no,corr,0.0,None,None,None,yes
1243,exp_acyclic_indvary1_step3_batch_yyy05.pl,v2,yes,0.17,yes,corr,2.0,None,None,None,no
1244,exp_acyclic_indvary1_step3_batch_yyy05.pl,d4,no,0.25,no,corr,0.0,None,None,None,yes
1245,exp_acyclic_indvary1_step3_batch_yyy05.pl,u4,no,0.19,no,corr,0.0,None,None,None,yes
1246,exp_acyclic_indvary1_step3_batch_yyy05.pl,v5,no,0.22,no,corr,0.0,None,None,None,yes
1247,exp_acyclic_indvary1_step3_batch_yyy05.pl,q4,no,0.31,no,corr,0.0,None,None,None,yes
1248,exp_acyclic_indvary1_step3_batch_yyy05.pl,p3,no,0.19,no,corr,5.0,None,None,None,no
1249,exp_acyclic_indvary1_step3_batch_yyy05.pl,y5,no,0.2,no,corr,0.0,None,None,None,yes
1250,exp_acyclic_indvary1_step3_batch_yyy05.pl,q2,no,0.38,no,corr,5.0,None,None,None,no
1251,exp_acyclic_indvary1_step3_batch_yyy06.pl,c3,yes,0.68,yes,corr,0.0,None,None,None,no
1252,exp_acyclic_indvary1_step3_batch_yyy06.pl,e5,no,0.32,no,corr,0.0,None,None,None,yes
1253,exp_acyclic_indvary1_step3_batch_yyy06.pl,s5,no,0.2,no,corr,0.0,None,None,None,yes
1254,exp_acyclic_indvary1_step3_batch_yyy06.pl,s2,yes,0.27,yes,corr,1.0,None,None,None,no
1255,exp_acyclic_indvary1_step3_batch_yyy06.pl,f3,no,0.35,no,corr,0.0,None,None,None,yes
1256,exp_acyclic_indvary1_step3_batch_yyy06.pl,r4,no,0.23,no,corr,0.0,None,None,None,yes
1257,exp_acyclic_indvary1_step3_batch_yyy06.pl,z3,no,0.27,no,corr,0.0,None,None,None,yes
1258,exp_acyclic_indvary1_step3_batch_yyy06.pl,r2,no,0.26,no,corr,0.0,None,None,None,yes
1259,exp_acyclic_indvary1_step3_batch_yyy06.pl,x4,no,0.25,no,corr,0.0,None,None,None,yes
1260,exp_acyclic_indvary1_step3_batch_yyy06.pl,q2,yes,0.23,yes,corr,1.0,None,None,None,no
1261,exp_acyclic_indvary1_step3_batch_yyy07.pl,c4,no,0.25,no,corr,0.0,None,None,None,yes
1262,exp_acyclic_indvary1_step3_batch_yyy07.pl,u4,no,0.2,no,corr,0.0,None,None,None,yes
1263,exp_acyclic_indvary1_step3_batch_yyy07.pl,e4,no,0.29,no,corr,0.0,None,None,None,yes
1264,exp_acyclic_indvary1_step3_batch_yyy07.pl,r4,no,0.61,no,corr,0.0,None,None,None,yes
1265,exp_acyclic_indvary1_step3_batch_yyy07.pl,p2,no,0.29,no,corr,5.0,None,None,None,no
1266,exp_acyclic_indvary1_step3_batch_yyy07.pl,f4,no,0.2,no,corr,0.0,None,None,None,yes
1267,exp_acyclic_indvary1_step3_batch_yyy07.pl,q1,yes,0.23,yes,corr,3.0,None,None,None,no
1268,exp_acyclic_indvary1_step3_batch_yyy07.pl,a2,yes,0.32,yes,corr,0.0,None,None,None,no
1269,exp_acyclic_indvary1_step3_batch_yyy07.pl,c2,no,0.24,no,corr,1.0,None,None,None,no
1270,exp_acyclic_indvary1_step3_batch_yyy07.pl,a5,no,0.24,no,corr,0.0,None,None,None,yes
1271,exp_acyclic_indvary1_step3_batch_yyy08.pl,u1,yes,0.21,yes,corr,1.0,None,None,None,no
1272,exp_acyclic_indvary1_step3_batch_yyy08.pl,q4,no,0.24,no,corr,0.0,None,None,None,yes
1273,exp_acyclic_indvary1_step3_batch_yyy08.pl,e4,no,0.23,no,corr,0.0,None,None,None,yes
1274,exp_acyclic_indvary1_step3_batch_yyy08.pl,w1,no,0.28,no,corr,0.0,None,None,None,yes
1275,exp_acyclic_indvary1_step3_batch_yyy08.pl,v4,no,0.26,no,corr,0.0,None,None,None,yes
1276,exp_acyclic_indvary1_step3_batch_yyy08.pl,f2,no,0.19,no,corr,1.0,None,None,None,no
1277,exp_acyclic_indvary1_step3_batch_yyy08.pl,b4,no,0.25,no,corr,0.0,None,None,None,yes
1278,exp_acyclic_indvary1_step3_batch_yyy08.pl,q5,no,0.2,no,corr,0.0,None,None,None,yes
1279,exp_acyclic_indvary1_step3_batch_yyy08.pl,c2,yes,0.22,yes,corr,1.0,None,None,None,no
1280,exp_acyclic_indvary1_step3_batch_yyy08.pl,b1,no,0.26,no,corr,1.0,None,None,None,no
1281,exp_acyclic_indvary1_step3_batch_yyy09.pl,b3,yes,0.18,yes,corr,2.0,None,None,None,no
1282,exp_acyclic_indvary1_step3_batch_yyy09.pl,d4,no,0.29,no,corr,0.0,None,None,None,yes
1283,exp_acyclic_indvary1_step3_batch_yyy09.pl,u1,no,0.19,no,corr,4.0,None,None,None,no
1284,exp_acyclic_indvary1_step3_batch_yyy09.pl,t3,no,0.26,no,corr,0.0,None,None,None,yes
1285,exp_acyclic_indvary1_step3_batch_yyy09.pl,q4,no,0.27,no,corr,0.0,None,None,None,yes
1286,exp_acyclic_indvary1_step3_batch_yyy09.pl,v1,no,0.28,no,corr,5.0,None,None,None,no
1287,exp_acyclic_indvary1_step3_batch_yyy09.pl,q1,no,0.23,no,corr,0.0,None,None,None,yes
1288,exp_acyclic_indvary1_step3_batch_yyy09.pl,c1,no,0.24,no,corr,1.0,None,None,None,no
1289,exp_acyclic_indvary1_step3_batch_yyy09.pl,t2,no,0.17,no,corr,3.0,None,None,None,no
1290,exp_acyclic_indvary1_step3_batch_yyy09.pl,c6,no,0.19,no,corr,0.0,None,None,None,yes
1291,exp_acyclic_indvary1_step3_batch_yyy10.pl,e1,yes,0.2,yes,corr,1.0,None,None,None,no
1292,exp_acyclic_indvary1_step3_batch_yyy10.pl,w5,no,0.3,no,corr,0.0,None,None,None,yes
1293,exp_acyclic_indvary1_step3_batch_yyy10.pl,z1,yes,0.29,yes,corr,1.0,None,None,None,no
1294,exp_acyclic_indvary1_step3_batch_yyy10.pl,a4,no,0.22,no,corr,0.0,None,None,None,yes
1295,exp_acyclic_indvary1_step3_batch_yyy10.pl,p3,no,0.55,no,corr,7.0,None,None,None,no
1296,exp_acyclic_indvary1_step3_batch_yyy10.pl,b6,no,0.23,no,corr,0.0,None,None,None,yes
1297,exp_acyclic_indvary1_step3_batch_yyy10.pl,d1,no,0.29,no,corr,1.0,None,None,None,no
1298,exp_acyclic_indvary1_step3_batch_yyy10.pl,c3,no,0.42,no,corr,1.0,None,None,None,no
1299,exp_acyclic_indvary1_step3_batch_yyy10.pl,t5,no,0.2,no,corr,0.0,None,None,None,yes
1300,exp_acyclic_indvary1_step3_batch_yyy10.pl,s3,no,0.25,no,corr,0.0,None,None,None,yes
1301,exp_acyclic_indvary1_step4_batch_yyy01.pl,u1,yes,0.29,yes,corr,5.0,None,None,None,no
1302,exp_acyclic_indvary1_step4_batch_yyy01.pl,a5,no,0.2,no,corr,0.0,None,None,None,yes
1303,exp_acyclic_indvary1_step4_batch_yyy01.pl,e4,no,0.23,no,corr,0.0,None,None,None,yes
1304,exp_acyclic_indvary1_step4_batch_yyy01.pl,v4,no,0.25,no,corr,0.0,None,None,None,yes
1305,exp_acyclic_indvary1_step4_batch_yyy01.pl,v3,yes,0.24,yes,corr,3.0,None,None,None,no
1306,exp_acyclic_indvary1_step4_batch_yyy01.pl,e2,no,0.22,no,corr,3.0,None,None,None,no
1307,exp_acyclic_indvary1_step4_batch_yyy01.pl,s5,no,0.22,no,corr,0.0,None,None,None,yes
1308,exp_acyclic_indvary1_step4_batch_yyy01.pl,q5,no,0.42,no,corr,0.0,None,None,None,yes
1309,exp_acyclic_indvary1_step4_batch_yyy01.pl,y2,yes,0.19,yes,corr,1.0,None,None,None,no
1310,exp_acyclic_indvary1_step4_batch_yyy01.pl,x1,no,0.19,no,corr,0.0,None,None,None,yes
1311,exp_acyclic_indvary1_step4_batch_yyy02.pl,s3,yes,0.18,yes,corr,1.0,None,None,None,no
1312,exp_acyclic_indvary1_step4_batch_yyy02.pl,b1,no,0.17,no,corr,1.0,None,None,None,no
1313,exp_acyclic_indvary1_step4_batch_yyy02.pl,w4,no,0.23,no,corr,0.0,None,None,None,yes
1314,exp_acyclic_indvary1_step4_batch_yyy02.pl,a3,yes,0.28,yes,corr,0.0,None,None,None,no
1315,exp_acyclic_indvary1_step4_batch_yyy02.pl,x1,no,0.36,no,corr,0.0,None,None,None,yes
1316,exp_acyclic_indvary1_step4_batch_yyy02.pl,a1,yes,0.5,yes,corr,0.0,None,None,None,no
1317,exp_acyclic_indvary1_step4_batch_yyy02.pl,r3,no,0.27,no,corr,4.0,None,None,None,no
1318,exp_acyclic_indvary1_step4_batch_yyy02.pl,f2,yes,0.28,yes,corr,0.0,None,None,None,no
1319,exp_acyclic_indvary1_step4_batch_yyy02.pl,b3,yes,0.23,yes,corr,5.0,None,None,None,no
1320,exp_acyclic_indvary1_step4_batch_yyy02.pl,y4,no,0.24,no,corr,0.0,None,None,None,yes
1321,exp_acyclic_indvary1_step4_batch_yyy03.pl,u5,no,0.21,no,corr,0.0,None,None,None,yes
1322,exp_acyclic_indvary1_step4_batch_yyy03.pl,q4,no,0.29,no,corr,10.0,None,None,None,no
1323,exp_acyclic_indvary1_step4_batch_yyy03.pl,z4,no,0.33,no,corr,0.0,None,None,None,yes
1324,exp_acyclic_indvary1_step4_batch_yyy03.pl,y2,no,0.18,no,corr,0.0,None,None,None,yes
1325,exp_acyclic_indvary1_step4_batch_yyy03.pl,r2,yes,0.22,yes,corr,1.0,None,None,None,no
1326,exp_acyclic_indvary1_step4_batch_yyy03.pl,v3,no,0.26,no,corr,0.0,None,None,None,yes
1327,exp_acyclic_indvary1_step4_batch_yyy03.pl,t4,no,0.31,no,corr,0.0,None,None,None,yes
1328,exp_acyclic_indvary1_step4_batch_yyy03.pl,c4,no,0.35,no,corr,0.0,None,None,None,yes
1329,exp_acyclic_indvary1_step4_batch_yyy03.pl,p5,no,0.18,no,corr,0.0,None,None,None,yes
1330,exp_acyclic_indvary1_step4_batch_yyy03.pl,x3,yes,0.26,yes,corr,1.0,None,None,None,no
1331,exp_acyclic_indvary1_step4_batch_yyy04.pl,a6,no,0.27,no,corr,0.0,None,None,None,yes
1332,exp_acyclic_indvary1_step4_batch_yyy04.pl,z5,no,0.19,no,corr,0.0,None,None,None,yes
1333,exp_acyclic_indvary1_step4_batch_yyy04.pl,p2,yes,0.22,yes,corr,1.0,None,None,None,no
1334,exp_acyclic_indvary1_step4_batch_yyy04.pl,a3,yes,0.2,yes,corr,0.0,None,None,None,no
1335,exp_acyclic_indvary1_step4_batch_yyy04.pl,w3,no,0.47,no,corr,8.0,None,None,None,no
1336,exp_acyclic_indvary1_step4_batch_yyy04.pl,f2,no,0.2,no,corr,1.0,None,None,None,no
1337,exp_acyclic_indvary1_step4_batch_yyy04.pl,c2,yes,0.28,yes,corr,0.0,None,None,None,no
1338,exp_acyclic_indvary1_step4_batch_yyy04.pl,b1,yes,0.16,yes,corr,0.0,None,None,None,no
1339,exp_acyclic_indvary1_step4_batch_yyy04.pl,e3,no,0.23,no,corr,0.0,None,None,None,yes
1340,exp_acyclic_indvary1_step4_batch_yyy04.pl,r4,no,0.21,no,corr,0.0,None,None,None,yes
1341,exp_acyclic_indvary1_step4_batch_yyy05.pl,v2,no,0.32,no,corr,0.0,None,None,None,yes
1342,exp_acyclic_indvary1_step4_batch_yyy05.pl,w5,no,0.34,no,corr,0.0,None,None,None,yes
1343,exp_acyclic_indvary1_step4_batch_yyy05.pl,b4,no,0.26,no,corr,0.0,None,None,None,yes
1344,exp_acyclic_indvary1_step4_batch_yyy05.pl,c5,no,0.19,no,corr,0.0,None,None,None,yes
1345,exp_acyclic_indvary1_step4_batch_yyy05.pl,q4,yes,0.25,yes,corr,1.0,None,None,None,no
1346,exp_acyclic_indvary1_step4_batch_yyy05.pl,y3,no,0.28,no,corr,5.0,None,None,None,no
1347,exp_acyclic_indvary1_step4_batch_yyy05.pl,w4,no,0.37,no,corr,0.0,None,None,None,yes
1348,exp_acyclic_indvary1_step4_batch_yyy05.pl,v4,no,0.33,no,corr,0.0,None,None,None,yes
1349,exp_acyclic_indvary1_step4_batch_yyy05.pl,x1,yes,0.23,yes,corr,1.0,None,None,None,no
1350,exp_acyclic_indvary1_step4_batch_yyy05.pl,a2,no,0.23,no,corr,1.0,None,None,None,no
1351,exp_acyclic_indvary1_step4_batch_yyy06.pl,a6,no,0.2,no,corr,0.0,None,None,None,yes
1352,exp_acyclic_indvary1_step4_batch_yyy06.pl,p5,no,0.23,no,corr,0.0,None,None,None,yes
1353,exp_acyclic_indvary1_step4_batch_yyy06.pl,d3,no,0.25,no,corr,0.0,None,None,None,yes
1354,exp_acyclic_indvary1_step4_batch_yyy06.pl,t3,no,0.2,no,corr,0.0,None,None,None,yes
1355,exp_acyclic_indvary1_step4_batch_yyy06.pl,a4,no,0.25,no,corr,0.0,None,None,None,yes
1356,exp_acyclic_indvary1_step4_batch_yyy06.pl,d2,no,0.29,no,corr,4.0,None,None,None,no
1357,exp_acyclic_indvary1_step4_batch_yyy06.pl,q1,yes,0.22,yes,corr,2.0,None,None,None,no
1358,exp_acyclic_indvary1_step4_batch_yyy06.pl,p1,no,0.5,no,corr,0.0,None,None,None,yes
1359,exp_acyclic_indvary1_step4_batch_yyy06.pl,b6,no,0.37,no,corr,0.0,None,None,None,yes
1360,exp_acyclic_indvary1_step4_batch_yyy06.pl,a1,yes,0.24,yes,corr,2.0,None,None,None,no
1361,exp_acyclic_indvary1_step4_batch_yyy07.pl,s3,yes,0.31,yes,corr,1.0,None,None,None,no
1362,exp_acyclic_indvary1_step4_batch_yyy07.pl,w2,no,0.27,no,corr,0.0,None,None,None,yes
1363,exp_acyclic_indvary1_step4_batch_yyy07.pl,d3,no,0.2,no,corr,0.0,None,None,None,yes
1364,exp_acyclic_indvary1_step4_batch_yyy07.pl,b4,no,0.22,no,corr,0.0,None,None,None,yes
1365,exp_acyclic_indvary1_step4_batch_yyy07.pl,z1,no,0.27,no,corr,0.0,None,None,None,yes
1366,exp_acyclic_indvary1_step4_batch_yyy07.pl,q4,yes,0.27,yes,corr,1.0,None,None,None,no
1367,exp_acyclic_indvary1_step4_batch_yyy07.pl,p3,yes,0.24,yes,corr,1.0,None,None,None,no
1368,exp_acyclic_indvary1_step4_batch_yyy07.pl,y1,no,0.22,no,corr,0.0,None,None,None,yes
1369,exp_acyclic_indvary1_step4_batch_yyy07.pl,p1,yes,0.39,yes,corr,1.0,None,None,None,no
1370,exp_acyclic_indvary1_step4_batch_yyy07.pl,a2,yes,0.49,yes,corr,1.0,None,None,None,no
1371,exp_acyclic_indvary1_step4_batch_yyy08.pl,u5,no,0.26,no,corr,0.0,None,None,None,yes
1372,exp_acyclic_indvary1_step4_batch_yyy08.pl,v2,no,0.5,no,corr,0.0,None,None,None,yes
1373,exp_acyclic_indvary1_step4_batch_yyy08.pl,f1,no,0.25,no,corr,1.0,None,None,None,no
1374,exp_acyclic_indvary1_step4_batch_yyy08.pl,f3,no,0.32,no,corr,0.0,None,None,None,yes
1375,exp_acyclic_indvary1_step4_batch_yyy08.pl,b6,no,0.23,no,corr,0.0,None,None,None,yes
1376,exp_acyclic_indvary1_step4_batch_yyy08.pl,x4,no,0.29,no,corr,0.0,None,None,None,yes
1377,exp_acyclic_indvary1_step4_batch_yyy08.pl,s4,no,0.18,no,corr,0.0,None,None,None,yes
1378,exp_acyclic_indvary1_step4_batch_yyy08.pl,b3,no,0.21,no,corr,1.0,None,None,None,no
1379,exp_acyclic_indvary1_step4_batch_yyy08.pl,z4,no,0.26,no,corr,0.0,None,None,None,yes
1380,exp_acyclic_indvary1_step4_batch_yyy08.pl,y3,no,0.3,no,corr,0.0,None,None,None,yes
1381,exp_acyclic_indvary1_step4_batch_yyy09.pl,c3,yes,0.25,yes,corr,1.0,None,None,None,no
1382,exp_acyclic_indvary1_step4_batch_yyy09.pl,f5,no,0.23,no,corr,0.0,None,None,None,yes
1383,exp_acyclic_indvary1_step4_batch_yyy09.pl,c1,yes,0.26,yes,corr,0.0,None,None,None,no
1384,exp_acyclic_indvary1_step4_batch_yyy09.pl,p2,no,0.36,no,corr,5.0,None,None,None,no
1385,exp_acyclic_indvary1_step4_batch_yyy09.pl,q3,no,0.3,no,corr,2.0,None,None,None,no
1386,exp_acyclic_indvary1_step4_batch_yyy09.pl,y2,no,0.23,no,corr,3.0,None,None,None,no
1387,exp_acyclic_indvary1_step4_batch_yyy09.pl,r2,yes,0.22,yes,corr,1.0,None,None,None,no
1388,exp_acyclic_indvary1_step4_batch_yyy09.pl,a1,yes,0.36,yes,corr,6.0,None,None,None,no
1389,exp_acyclic_indvary1_step4_batch_yyy09.pl,u2,no,0.31,no,corr,0.0,None,None,None,yes
1390,exp_acyclic_indvary1_step4_batch_yyy09.pl,q1,no,0.84,no,corr,7.0,None,None,None,no
1391,exp_acyclic_indvary1_step4_batch_yyy10.pl,b2,yes,0.27,yes,corr,0.0,None,None,None,no
1392,exp_acyclic_indvary1_step4_batch_yyy10.pl,p5,no,0.17,no,corr,0.0,None,None,None,yes
1393,exp_acyclic_indvary1_step4_batch_yyy10.pl,w5,no,0.33,no,corr,0.0,None,None,None,yes
1394,exp_acyclic_indvary1_step4_batch_yyy10.pl,w4,no,0.23,no,corr,0.0,None,None,None,yes
1395,exp_acyclic_indvary1_step4_batch_yyy10.pl,x5,no,0.18,no,corr,0.0,None,None,None,yes
1396,exp_acyclic_indvary1_step4_batch_yyy10.pl,e3,no,0.25,no,corr,0.0,None,None,None,yes
1397,exp_acyclic_indvary1_step4_batch_yyy10.pl,f4,no,0.2,no,corr,0.0,None,None,None,yes
1398,exp_acyclic_indvary1_step4_batch_yyy10.pl,q3,yes,0.21,yes,corr,1.0,None,None,None,no
1399,exp_acyclic_indvary1_step4_batch_yyy10.pl,w2,yes,0.35,yes,corr,1.0,None,None,None,no
1400,exp_acyclic_indvary1_step4_batch_yyy10.pl,f1,yes,0.21,yes,corr,0.0,None,None,None,no
1401,exp_acyclic_indvary1_step5_batch_yyy01.pl,z5,no,0.28,no,corr,0.0,None,None,None,yes
1402,exp_acyclic_indvary1_step5_batch_yyy01.pl,u1,no,0.23,no,corr,0.0,None,None,None,yes
1403,exp_acyclic_indvary1_step5_batch_yyy01.pl,q5,no,0.24,no,corr,0.0,None,None,None,yes
1404,exp_acyclic_indvary1_step5_batch_yyy01.pl,w4,no,0.28,no,corr,0.0,None,None,None,yes
1405,exp_acyclic_indvary1_step5_batch_yyy01.pl,f4,no,0.3,no,corr,0.0,None,None,None,yes
1406,exp_acyclic_indvary1_step5_batch_yyy01.pl,a2,yes,0.25,yes,corr,0.0,None,None,None,no
1407,exp_acyclic_indvary1_step5_batch_yyy01.pl,t4,no,0.35,no,corr,0.0,None,None,None,yes
1408,exp_acyclic_indvary1_step5_batch_yyy01.pl,t5,no,0.22,no,corr,0.0,None,None,None,yes
1409,exp_acyclic_indvary1_step5_batch_yyy01.pl,c6,no,0.23,no,corr,0.0,None,None,None,yes
1410,exp_acyclic_indvary1_step5_batch_yyy01.pl,z2,yes,0.3,yes,corr,3.0,None,None,None,no
1411,exp_acyclic_indvary1_step5_batch_yyy02.pl,d5,no,0.19,no,corr,0.0,None,None,None,yes
1412,exp_acyclic_indvary1_step5_batch_yyy02.pl,z5,no,0.25,no,corr,0.0,None,None,None,yes
1413,exp_acyclic_indvary1_step5_batch_yyy02.pl,p4,yes,0.29,yes,corr,1.0,None,None,None,no
1414,exp_acyclic_indvary1_step5_batch_yyy02.pl,y3,no,0.32,no,corr,0.0,None,None,None,yes
1415,exp_acyclic_indvary1_step5_batch_yyy02.pl,x4,yes,0.52,yes,corr,7.0,None,None,None,no
1416,exp_acyclic_indvary1_step5_batch_yyy02.pl,f2,no,0.21,no,corr,3.0,None,None,None,no
1417,exp_acyclic_indvary1_step5_batch_yyy02.pl,y1,no,0.24,no,corr,3.0,None,None,None,no
1418,exp_acyclic_indvary1_step5_batch_yyy02.pl,r1,no,0.33,no,corr,8.0,None,None,None,no
1419,exp_acyclic_indvary1_step5_batch_yyy02.pl,t1,no,0.17,no,corr,0.0,None,None,None,yes
1420,exp_acyclic_indvary1_step5_batch_yyy02.pl,q1,no,0.27,no,corr,0.0,None,None,None,yes
1421,exp_acyclic_indvary1_step5_batch_yyy03.pl,s3,no,0.3,no,corr,0.0,None,None,None,yes
1422,exp_acyclic_indvary1_step5_batch_yyy03.pl,z5,no,0.37,no,corr,0.0,None,None,None,yes
1423,exp_acyclic_indvary1_step5_batch_yyy03.pl,p4,no,0.22,no,corr,0.0,None,None,None,yes
1424,exp_acyclic_indvary1_step5_batch_yyy03.pl,e5,no,0.24,no,corr,0.0,None,None,None,yes
1425,exp_acyclic_indvary1_step5_batch_yyy03.pl,t3,yes,0.26,yes,corr,1.0,None,None,None,no
1426,exp_acyclic_indvary1_step5_batch_yyy03.pl,e4,no,0.2,no,corr,0.0,None,None,None,yes
1427,exp_acyclic_indvary1_step5_batch_yyy03.pl,x1,no,0.24,no,corr,0.0,None,None,None,yes
1428,exp_acyclic_indvary1_step5_batch_yyy03.pl,b6,no,0.24,no,corr,0.0,None,None,None,yes
1429,exp_acyclic_indvary1_step5_batch_yyy03.pl,s4,yes,0.24,yes,corr,1.0,None,None,None,no
1430,exp_acyclic_indvary1_step5_batch_yyy03.pl,b3,no,0.21,no,corr,1.0,None,None,None,no
1431,exp_acyclic_indvary1_step5_batch_yyy04.pl,e1,yes,0.34,yes,corr,0.0,None,None,None,no
1432,exp_acyclic_indvary1_step5_batch_yyy04.pl,p4,yes,0.23,yes,corr,1.0,None,None,None,no
1433,exp_acyclic_indvary1_step5_batch_yyy04.pl,f1,no,0.26,no,corr,1.0,None,None,None,no
1434,exp_acyclic_indvary1_step5_batch_yyy04.pl,q4,yes,0.28,yes,corr,2.0,None,None,None,no
1435,exp_acyclic_indvary1_step5_batch_yyy04.pl,r5,no,0.22,no,corr,0.0,None,None,None,yes
1436,exp_acyclic_indvary1_step5_batch_yyy04.pl,x5,no,0.25,no,corr,0.0,None,None,None,yes
1437,exp_acyclic_indvary1_step5_batch_yyy04.pl,a3,no,0.28,no,corr,1.0,None,None,None,no
1438,exp_acyclic_indvary1_step5_batch_yyy04.pl,y2,no,0.21,no,corr,3.0,None,None,None,no
1439,exp_acyclic_indvary1_step5_batch_yyy04.pl,a1,no,0.25,no,corr,1.0,None,None,None,no
1440,exp_acyclic_indvary1_step5_batch_yyy04.pl,p1,no,0.22,no,corr,0.0,None,None,None,yes
1441,exp_acyclic_indvary1_step5_batch_yyy05.pl,t5,no,0.23,no,corr,0.0,None,None,None,yes
1442,exp_acyclic_indvary1_step5_batch_yyy05.pl,e1,yes,0.24,yes,corr,0.0,None,None,None,no
1443,exp_acyclic_indvary1_step5_batch_yyy05.pl,z1,no,0.23,no,corr,0.0,None,None,None,yes
1444,exp_acyclic_indvary1_step5_batch_yyy05.pl,f5,no,0.23,no,corr,0.0,None,None,None,yes
1445,exp_acyclic_indvary1_step5_batch_yyy05.pl,c1,yes,0.2,yes,corr,1.0,None,None,None,no
1446,exp_acyclic_indvary1_step5_batch_yyy05.pl,u3,yes,0.23,yes,corr,1.0,None,None,None,no
1447,exp_acyclic_indvary1_step5_batch_yyy05.pl,r2,no,0.3,no,corr,0.0,None,None,None,yes
1448,exp_acyclic_indvary1_step5_batch_yyy05.pl,w3,no,0.17,no,corr,0.0,None,None,None,yes
1449,exp_acyclic_indvary1_step5_batch_yyy05.pl,p4,yes,0.17,yes,corr,1.0,None,None,None,no
1450,exp_acyclic_indvary1_step5_batch_yyy05.pl,x3,no,0.17,no,corr,0.0,None,None,None,yes
1451,exp_acyclic_indvary1_step5_batch_yyy06.pl,d3,no,0.19,no,corr,0.0,None,None,None,yes
1452,exp_acyclic_indvary1_step5_batch_yyy06.pl,v1,yes,0.19,yes,corr,1.0,None,None,None,no
1453,exp_acyclic_indvary1_step5_batch_yyy06.pl,s1,no,0.46,no,corr,0.0,None,None,None,yes
1454,exp_acyclic_indvary1_step5_batch_yyy06.pl,p2,yes,0.36,yes,corr,8.0,None,None,None,no
1455,exp_acyclic_indvary1_step5_batch_yyy06.pl,x4,yes,0.43,yes,corr,1.0,None,None,None,no
1456,exp_acyclic_indvary1_step5_batch_yyy06.pl,t5,no,0.17,no,corr,0.0,None,None,None,yes
1457,exp_acyclic_indvary1_step5_batch_yyy06.pl,s3,yes,0.25,yes,corr,1.0,None,None,None,no
1458,exp_acyclic_indvary1_step5_batch_yyy06.pl,c4,no,0.32,no,corr,0.0,None,None,None,yes
1459,exp_acyclic_indvary1_step5_batch_yyy06.pl,e3,no,0.26,no,corr,0.0,None,None,None,yes
1460,exp_acyclic_indvary1_step5_batch_yyy06.pl,r4,no,0.2,no,corr,4.0,None,None,None,no
1461,exp_acyclic_indvary1_step5_batch_yyy07.pl,b2,yes,0.29,yes,corr,3.0,None,None,None,no
1462,exp_acyclic_indvary1_step5_batch_yyy07.pl,p4,no,0.21,no,corr,2.0,None,None,None,no
1463,exp_acyclic_indvary1_step5_batch_yyy07.pl,w5,no,0.27,no,corr,0.0,None,None,None,yes
1464,exp_acyclic_indvary1_step5_batch_yyy07.pl,b1,yes,0.17,yes,corr,2.0,None,None,None,no
1465,exp_acyclic_indvary1_step5_batch_yyy07.pl,e3,no,0.23,no,corr,0.0,None,None,None,yes
1466,exp_acyclic_indvary1_step5_batch_yyy07.pl,s1,no,0.39,no,corr,2.0,None,None,None,no
1467,exp_acyclic_indvary1_step5_batch_yyy07.pl,q3,no,0.31,no,corr,0.0,None,None,None,yes
1468,exp_acyclic_indvary1_step5_batch_yyy07.pl,p1,yes,0.27,yes,corr,1.0,None,None,None,no
1469,exp_acyclic_indvary1_step5_batch_yyy07.pl,v1,no,0.27,no,corr,0.0,None,None,None,yes
1470,exp_acyclic_indvary1_step5_batch_yyy07.pl,w1,yes,0.27,yes,corr,1.0,None,None,None,no
1471,exp_acyclic_indvary1_step5_batch_yyy08.pl,d4,no,0.23,no,corr,0.0,None,None,None,yes
1472,exp_acyclic_indvary1_step5_batch_yyy08.pl,u1,no,0.57,no,corr,0.0,None,None,None,yes
1473,exp_acyclic_indvary1_step5_batch_yyy08.pl,v5,no,0.24,no,corr,0.0,None,None,None,yes
1474,exp_acyclic_indvary1_step5_batch_yyy08.pl,a4,no,0.17,no,corr,0.0,None,None,None,yes
1475,exp_acyclic_indvary1_step5_batch_yyy08.pl,r5,no,0.24,no,corr,0.0,None,None,None,yes
1476,exp_acyclic_indvary1_step5_batch_yyy08.pl,f3,no,0.2,no,corr,0.0,None,None,None,yes
1477,exp_acyclic_indvary1_step5_batch_yyy08.pl,c6,no,0.19,no,corr,0.0,None,None,None,yes
1478,exp_acyclic_indvary1_step5_batch_yyy08.pl,e3,no,0.23,no,corr,0.0,None,None,None,yes
1479,exp_acyclic_indvary1_step5_batch_yyy08.pl,y2,no,0.17,no,corr,0.0,None,None,None,yes
1480,exp_acyclic_indvary1_step5_batch_yyy08.pl,x1,yes,0.2,yes,corr,1.0,None,None,None,no
1481,exp_acyclic_indvary1_step5_batch_yyy09.pl,c4,no,0.24,no,corr,0.0,None,None,None,yes
1482,exp_acyclic_indvary1_step5_batch_yyy09.pl,b2,yes,0.2,yes,corr,0.0,None,None,None,no
1483,exp_acyclic_indvary1_step5_batch_yyy09.pl,w5,no,0.22,no,corr,0.0,None,None,None,yes
1484,exp_acyclic_indvary1_step5_batch_yyy09.pl,a5,no,0.22,no,corr,0.0,None,None,None,yes
1485,exp_acyclic_indvary1_step5_batch_yyy09.pl,x2,no,0.27,no,corr,0.0,None,None,None,yes
1486,exp_acyclic_indvary1_step5_batch_yyy09.pl,r5,no,0.21,no,corr,0.0,None,None,None,yes
1487,exp_acyclic_indvary1_step5_batch_yyy09.pl,w1,yes,0.27,yes,corr,3.0,None,None,None,no
1488,exp_acyclic_indvary1_step5_batch_yyy09.pl,c1,no,0.41,no,corr,1.0,None,None,None,no
1489,exp_acyclic_indvary1_step5_batch_yyy09.pl,d2,no,0.18,no,corr,1.0,None,None,None,no
1490,exp_acyclic_indvary1_step5_batch_yyy09.pl,y2,yes,0.32,yes,corr,1.0,None,None,None,no
1491,exp_acyclic_indvary1_step5_batch_yyy10.pl,b3,no,0.7,no,corr,1.0,None,None,None,no
1492,exp_acyclic_indvary1_step5_batch_yyy10.pl,u4,yes,0.27,yes,corr,1.0,None,None,None,no
1493,exp_acyclic_indvary1_step5_batch_yyy10.pl,a5,no,0.28,no,corr,0.0,None,None,None,yes
1494,exp_acyclic_indvary1_step5_batch_yyy10.pl,w1,no,0.28,no,corr,0.0,None,None,None,yes
1495,exp_acyclic_indvary1_step5_batch_yyy10.pl,y1,yes,0.29,yes,corr,1.0,None,None,None,no
1496,exp_acyclic_indvary1_step5_batch_yyy10.pl,a3,yes,0.27,yes,corr,0.0,None,None,None,no
1497,exp_acyclic_indvary1_step5_batch_yyy10.pl,t1,yes,0.24,yes,corr,3.0,None,None,None,no
1498,exp_acyclic_indvary1_step5_batch_yyy10.pl,q2,no,0.21,no,corr,0.0,None,None,None,yes
1499,exp_acyclic_indvary1_step5_batch_yyy10.pl,e3,no,0.27,no,corr,0.0,None,None,None,yes
1500,exp_acyclic_indvary1_step5_batch_yyy10.pl,r4,no,0.21,no,corr,0.0,None,None,None,yes
1501,exp_acyclic_indvary1_step6_batch_yyy01.pl,d5,no,0.23,no,corr,0.0,None,None,None,yes
1502,exp_acyclic_indvary1_step6_batch_yyy01.pl,v2,no,0.26,no,corr,0.0,None,None,None,yes
1503,exp_acyclic_indvary1_step6_batch_yyy01.pl,f1,no,0.21,no,corr,1.0,None,None,None,no
1504,exp_acyclic_indvary1_step6_batch_yyy01.pl,t3,no,0.31,no,corr,0.0,None,None,None,yes
1505,exp_acyclic_indvary1_step6_batch_yyy01.pl,s2,no,0.22,no,corr,0.0,None,None,None,yes
1506,exp_acyclic_indvary1_step6_batch_yyy01.pl,f3,no,0.22,no,corr,0.0,None,None,None,yes
1507,exp_acyclic_indvary1_step6_batch_yyy01.pl,x5,no,0.19,no,corr,0.0,None,None,None,yes
1508,exp_acyclic_indvary1_step6_batch_yyy01.pl,f4,no,0.2,no,corr,0.0,None,None,None,yes
1509,exp_acyclic_indvary1_step6_batch_yyy01.pl,y2,no,0.26,no,corr,0.0,None,None,None,yes
1510,exp_acyclic_indvary1_step6_batch_yyy01.pl,x4,yes,0.2,yes,corr,6.0,None,None,None,no
1511,exp_acyclic_indvary1_step6_batch_yyy02.pl,y4,no,0.28,no,corr,0.0,None,None,None,yes
1512,exp_acyclic_indvary1_step6_batch_yyy02.pl,e5,no,0.44,no,corr,0.0,None,None,None,yes
1513,exp_acyclic_indvary1_step6_batch_yyy02.pl,v5,no,0.38,no,corr,3.0,None,None,None,no
1514,exp_acyclic_indvary1_step6_batch_yyy02.pl,b1,yes,0.2,yes,corr,0.0,None,None,None,no
1515,exp_acyclic_indvary1_step6_batch_yyy02.pl,f5,no,0.24,no,corr,0.0,None,None,None,yes
1516,exp_acyclic_indvary1_step6_batch_yyy02.pl,f3,no,0.43,no,corr,0.0,None,None,None,yes
1517,exp_acyclic_indvary1_step6_batch_yyy02.pl,b5,no,0.27,no,corr,0.0,None,None,None,yes
1518,exp_acyclic_indvary1_step6_batch_yyy02.pl,e3,no,0.2,no,corr,0.0,None,None,None,yes
1519,exp_acyclic_indvary1_step6_batch_yyy02.pl,x4,no,0.24,no,corr,0.0,None,None,None,yes
1520,exp_acyclic_indvary1_step6_batch_yyy02.pl,f2,no,0.18,no,corr,1.0,None,None,None,no
1521,exp_acyclic_indvary1_step6_batch_yyy03.pl,v2,no,0.18,no,corr,0.0,None,None,None,yes
1522,exp_acyclic_indvary1_step6_batch_yyy03.pl,p5,no,0.31,no,corr,0.0,None,None,None,yes
1523,exp_acyclic_indvary1_step6_batch_yyy03.pl,a5,no,0.24,no,corr,0.0,None,None,None,yes
1524,exp_acyclic_indvary1_step6_batch_yyy03.pl,r5,no,0.27,no,corr,0.0,None,None,None,yes
1525,exp_acyclic_indvary1_step6_batch_yyy03.pl,v1,no,0.55,no,corr,0.0,None,None,None,yes
1526,exp_acyclic_indvary1_step6_batch_yyy03.pl,r4,no,0.18,no,corr,0.0,None,None,None,yes
1527,exp_acyclic_indvary1_step6_batch_yyy03.pl,z3,no,0.28,no,corr,0.0,None,None,None,yes
1528,exp_acyclic_indvary1_step6_batch_yyy03.pl,x1,no,0.41,no,corr,4.0,None,None,None,no
1529,exp_acyclic_indvary1_step6_batch_yyy03.pl,e2,yes,0.25,yes,corr,0.0,None,None,None,no
1530,exp_acyclic_indvary1_step6_batch_yyy03.pl,p1,no,0.25,no,corr,0.0,None,None,None,yes
1531,exp_acyclic_indvary1_step6_batch_yyy04.pl,s3,no,0.25,no,corr,0.0,None,None,None,yes
1532,exp_acyclic_indvary1_step6_batch_yyy04.pl,b2,yes,0.26,yes,corr,0.0,None,None,None,no
1533,exp_acyclic_indvary1_step6_batch_yyy04.pl,e1,no,0.4,no,corr,1.0,None,None,None,no
1534,exp_acyclic_indvary1_step6_batch_yyy04.pl,p5,yes,0.25,yes,corr,5.0,None,None,None,no
1535,exp_acyclic_indvary1_step6_batch_yyy04.pl,a5,no,0.26,no,corr,0.0,None,None,None,yes
1536,exp_acyclic_indvary1_step6_batch_yyy04.pl,x2,no,0.26,no,corr,0.0,None,None,None,yes
1537,exp_acyclic_indvary1_step6_batch_yyy04.pl,v1,no,0.28,no,corr,0.0,None,None,None,yes
1538,exp_acyclic_indvary1_step6_batch_yyy04.pl,a3,yes,0.18,yes,corr,0.0,None,None,None,no
1539,exp_acyclic_indvary1_step6_batch_yyy04.pl,d1,yes,0.18,yes,corr,0.0,None,None,None,no
1540,exp_acyclic_indvary1_step6_batch_yyy04.pl,u2,yes,0.23,yes,corr,2.0,None,None,None,no
1541,exp_acyclic_indvary1_step6_batch_yyy05.pl,a6,no,0.22,no,corr,0.0,None,None,None,yes
1542,exp_acyclic_indvary1_step6_batch_yyy05.pl,p5,no,0.34,no,corr,0.0,None,None,None,yes
1543,exp_acyclic_indvary1_step6_batch_yyy05.pl,z4,no,0.27,no,corr,0.0,None,None,None,yes
1544,exp_acyclic_indvary1_step6_batch_yyy05.pl,z2,no,0.28,no,corr,5.0,None,None,None,no
1545,exp_acyclic_indvary1_step6_batch_yyy05.pl,r4,no,0.2,no,corr,0.0,None,None,None,yes
1546,exp_acyclic_indvary1_step6_batch_yyy05.pl,t4,yes,0.3,yes,corr,3.0,None,None,None,no
1547,exp_acyclic_indvary1_step6_batch_yyy05.pl,s3,no,0.2,no,corr,0.0,None,None,None,yes
1548,exp_acyclic_indvary1_step6_batch_yyy05.pl,c4,no,0.23,no,corr,0.0,None,None,None,yes
1549,exp_acyclic_indvary1_step6_batch_yyy05.pl,f4,no,0.41,no,corr,0.0,None,None,None,yes
1550,exp_acyclic_indvary1_step6_batch_yyy05.pl,z3,no,0.22,no,corr,0.0,None,None,None,yes
1551,exp_acyclic_indvary1_step6_batch_yyy06.pl,t5,yes,0.22,yes,corr,1.0,None,None,None,no
1552,exp_acyclic_indvary1_step6_batch_yyy06.pl,w2,yes,0.18,yes,corr,1.0,None,None,None,no
1553,exp_acyclic_indvary1_step6_batch_yyy06.pl,t3,no,0.15,no,corr,0.0,None,None,None,yes
1554,exp_acyclic_indvary1_step6_batch_yyy06.pl,e4,no,0.21,no,corr,0.0,None,None,None,yes
1555,exp_acyclic_indvary1_step6_batch_yyy06.pl,v1,no,0.42,no,corr,0.0,None,None,None,yes
1556,exp_acyclic_indvary1_step6_batch_yyy06.pl,b5,no,0.4,no,corr,0.0,None,None,None,yes
1557,exp_acyclic_indvary1_step6_batch_yyy06.pl,v4,no,0.18,no,corr,0.0,None,None,None,yes
1558,exp_acyclic_indvary1_step6_batch_yyy06.pl,e3,no,0.21,no,corr,0.0,None,None,None,yes
1559,exp_acyclic_indvary1_step6_batch_yyy06.pl,d1,yes,0.2,yes,corr,0.0,None,None,None,no
1560,exp_acyclic_indvary1_step6_batch_yyy06.pl,u2,no,0.18,no,corr,0.0,None,None,None,yes
1561,exp_acyclic_indvary1_step6_batch_yyy07.pl,t5,no,0.17,no,corr,0.0,None,None,None,yes
1562,exp_acyclic_indvary1_step6_batch_yyy07.pl,x3,no,0.2,no,corr,0.0,None,None,None,yes
1563,exp_acyclic_indvary1_step6_batch_yyy07.pl,f1,yes,0.21,yes,corr,0.0,None,None,None,no
1564,exp_acyclic_indvary1_step6_batch_yyy07.pl,z4,no,0.22,no,corr,0.0,None,None,None,yes
1565,exp_acyclic_indvary1_step6_batch_yyy07.pl,u3,no,0.32,no,corr,0.0,None,None,None,yes
1566,exp_acyclic_indvary1_step6_batch_yyy07.pl,r2,no,0.23,no,corr,0.0,None,None,None,yes
1567,exp_acyclic_indvary1_step6_batch_yyy07.pl,t1,no,0.21,no,corr,0.0,None,None,None,yes
1568,exp_acyclic_indvary1_step6_batch_yyy07.pl,y5,no,0.31,no,corr,4.0,None,None,None,no
1569,exp_acyclic_indvary1_step6_batch_yyy07.pl,a2,yes,0.22,yes,corr,4.0,None,None,None,no
1570,exp_acyclic_indvary1_step6_batch_yyy07.pl,w3,no,0.45,no,corr,9.0,None,None,None,no
1571,exp_acyclic_indvary1_step6_batch_yyy08.pl,w5,yes,0.26,yes,corr,1.0,None,None,None,no
1572,exp_acyclic_indvary1_step6_batch_yyy08.pl,q5,yes,0.33,yes,corr,1.0,None,None,None,no
1573,exp_acyclic_indvary1_step6_batch_yyy08.pl,z4,no,0.27,no,corr,0.0,None,None,None,yes
1574,exp_acyclic_indvary1_step6_batch_yyy08.pl,p3,yes,0.29,yes,corr,1.0,None,None,None,no
1575,exp_acyclic_indvary1_step6_batch_yyy08.pl,b5,no,0.37,no,corr,0.0,None,None,None,yes
1576,exp_acyclic_indvary1_step6_batch_yyy08.pl,q2,yes,0.49,yes,corr,1.0,None,None,None,no
1577,exp_acyclic_indvary1_step6_batch_yyy08.pl,s4,no,0.66,no,corr,0.0,None,None,None,yes
1578,exp_acyclic_indvary1_step6_batch_yyy08.pl,b3,yes,0.54,yes,corr,0.0,None,None,None,no
1579,exp_acyclic_indvary1_step6_batch_yyy08.pl,u3,no,0.27,no,corr,0.0,None,None,None,yes
1580,exp_acyclic_indvary1_step6_batch_yyy08.pl,r4,no,0.25,no,corr,3.0,None,None,None,no
1581,exp_acyclic_indvary1_step6_batch_yyy09.pl,s4,yes,0.31,yes,corr,1.0,None,None,None,no
1582,exp_acyclic_indvary1_step6_batch_yyy09.pl,p4,no,0.2,no,corr,0.0,None,None,None,yes
1583,exp_acyclic_indvary1_step6_batch_yyy09.pl,a4,no,0.24,no,corr,0.0,None,None,None,yes
1584,exp_acyclic_indvary1_step6_batch_yyy09.pl,v1,yes,0.2,yes,corr,1.0,None,None,None,no
1585,exp_acyclic_indvary1_step6_batch_yyy09.pl,t2,no,0.17,no,corr,0.0,None,None,None,yes
1586,exp_acyclic_indvary1_step6_batch_yyy09.pl,q2,no,0.19,no,corr,0.0,None,None,None,yes
1587,exp_acyclic_indvary1_step6_batch_yyy09.pl,y1,no,0.38,no,corr,4.0,None,None,None,no
1588,exp_acyclic_indvary1_step6_batch_yyy09.pl,r1,no,0.36,no,corr,0.0,None,None,None,yes
1589,exp_acyclic_indvary1_step6_batch_yyy09.pl,d1,yes,0.19,yes,corr,0.0,None,None,None,no
1590,exp_acyclic_indvary1_step6_batch_yyy09.pl,u2,no,0.26,no,corr,0.0,None,None,None,yes
1591,exp_acyclic_indvary1_step6_batch_yyy10.pl,d5,no,0.24,no,corr,0.0,None,None,None,yes
1592,exp_acyclic_indvary1_step6_batch_yyy10.pl,v5,yes,0.38,yes,corr,3.0,None,None,None,no
1593,exp_acyclic_indvary1_step6_batch_yyy10.pl,p3,no,0.57,no,corr,0.0,None,None,None,yes
1594,exp_acyclic_indvary1_step6_batch_yyy10.pl,z2,no,0.21,no,corr,0.0,None,None,None,yes
1595,exp_acyclic_indvary1_step6_batch_yyy10.pl,r3,no,0.39,no,corr,0.0,None,None,None,yes
1596,exp_acyclic_indvary1_step6_batch_yyy10.pl,y5,no,0.2,no,corr,0.0,None,None,None,yes
1597,exp_acyclic_indvary1_step6_batch_yyy10.pl,a2,yes,0.31,yes,corr,2.0,None,None,None,no
1598,exp_acyclic_indvary1_step6_batch_yyy10.pl,u3,no,0.2,no,corr,0.0,None,None,None,yes
1599,exp_acyclic_indvary1_step6_batch_yyy10.pl,v4,no,0.27,no,corr,0.0,None,None,None,yes
1600,exp_acyclic_indvary1_step6_batch_yyy10.pl,r4,yes,0.23,yes,corr,1.0,None,None,None,no
1601,exp_acyclic_indvary1_step7_batch_yyy01.pl,c4,no,0.27,no,corr,0.0,None,None,None,yes
1602,exp_acyclic_indvary1_step7_batch_yyy01.pl,u1,no,0.18,no,corr,0.0,None,None,None,yes
1603,exp_acyclic_indvary1_step7_batch_yyy01.pl,a5,no,0.3,no,corr,0.0,None,None,None,yes
1604,exp_acyclic_indvary1_step7_batch_yyy01.pl,q4,no,0.34,no,corr,0.0,None,None,None,yes
1605,exp_acyclic_indvary1_step7_batch_yyy01.pl,w4,no,0.23,no,corr,3.0,None,None,None,no
1606,exp_acyclic_indvary1_step7_batch_yyy01.pl,b5,no,0.24,no,corr,0.0,None,None,None,yes
1607,exp_acyclic_indvary1_step7_batch_yyy01.pl,p2,no,0.28,no,corr,0.0,None,None,None,yes
1608,exp_acyclic_indvary1_step7_batch_yyy01.pl,p1,no,0.22,no,corr,0.0,None,None,None,yes
1609,exp_acyclic_indvary1_step7_batch_yyy01.pl,a2,yes,0.27,yes,corr,0.0,None,None,None,no
1610,exp_acyclic_indvary1_step7_batch_yyy01.pl,f2,no,0.37,no,corr,1.0,None,None,None,no
1611,exp_acyclic_indvary1_step7_batch_yyy02.pl,u6,no,0.97,no,corr,0.0,None,None,None,yes
1612,exp_acyclic_indvary1_step7_batch_yyy02.pl,d4,no,0.23,no,corr,0.0,None,None,None,yes
1613,exp_acyclic_indvary1_step7_batch_yyy02.pl,u1,no,0.29,no,corr,0.0,None,None,None,yes
1614,exp_acyclic_indvary1_step7_batch_yyy02.pl,p1,no,0.41,no,corr,8.0,None,None,None,no
1615,exp_acyclic_indvary1_step7_batch_yyy02.pl,x4,no,0.73,no,corr,0.0,None,None,None,yes
1616,exp_acyclic_indvary1_step7_batch_yyy02.pl,p6,no,0.37,no,corr,0.0,None,None,None,yes
1617,exp_acyclic_indvary1_step7_batch_yyy02.pl,a6,no,0.25,no,corr,0.0,None,None,None,yes
1618,exp_acyclic_indvary1_step7_batch_yyy02.pl,s4,no,0.2,no,corr,0.0,None,None,None,yes
1619,exp_acyclic_indvary1_step7_batch_yyy02.pl,w4,no,0.36,no,corr,0.0,None,None,None,yes
1620,exp_acyclic_indvary1_step7_batch_yyy02.pl,f3,no,0.39,no,corr,0.0,None,None,None,yes
1621,exp_acyclic_indvary1_step7_batch_yyy03.pl,t4,no,0.79,no,corr,0.0,None,None,None,yes
1622,exp_acyclic_indvary1_step7_batch_yyy03.pl,p5,no,0.19,no,corr,0.0,None,None,None,yes
1623,exp_acyclic_indvary1_step7_batch_yyy03.pl,w6,no,0.2,no,corr,4.0,None,None,None,no
1624,exp_acyclic_indvary1_step7_batch_yyy03.pl,s6,no,0.2,no,corr,4.0,None,None,None,no
1625,exp_acyclic_indvary1_step7_batch_yyy03.pl,r1,no,0.55,no,corr,0.0,None,None,None,yes
1626,exp_acyclic_indvary1_step7_batch_yyy03.pl,v3,yes,0.26,yes,corr,1.0,None,None,None,no
1627,exp_acyclic_indvary1_step7_batch_yyy03.pl,z5,no,0.19,no,corr,0.0,None,None,None,yes
1628,exp_acyclic_indvary1_step7_batch_yyy03.pl,v2,no,0.43,no,corr,0.0,None,None,None,yes
1629,exp_acyclic_indvary1_step7_batch_yyy03.pl,t6,no,0.2,no,corr,0.0,None,None,None,yes
1630,exp_acyclic_indvary1_step7_batch_yyy03.pl,a5,no,0.24,no,corr,0.0,None,None,None,yes
1631,exp_acyclic_indvary1_step7_batch_yyy04.pl,d4,no,0.24,no,corr,0.0,None,None,None,yes
1632,exp_acyclic_indvary1_step7_batch_yyy04.pl,f1,yes,0.2,yes,corr,0.0,None,None,None,no
1633,exp_acyclic_indvary1_step7_batch_yyy04.pl,w5,no,0.26,no,corr,0.0,None,None,None,yes
1634,exp_acyclic_indvary1_step7_batch_yyy04.pl,z1,no,0.21,no,corr,0.0,None,None,None,yes
1635,exp_acyclic_indvary1_step7_batch_yyy04.pl,x2,no,0.29,no,corr,0.0,None,None,None,yes
1636,exp_acyclic_indvary1_step7_batch_yyy04.pl,f3,no,0.18,no,corr,0.0,None,None,None,yes
1637,exp_acyclic_indvary1_step7_batch_yyy04.pl,r1,no,0.2,no,corr,0.0,None,None,None,yes
1638,exp_acyclic_indvary1_step7_batch_yyy04.pl,a3,no,0.21,no,corr,3.0,None,None,None,no
1639,exp_acyclic_indvary1_step7_batch_yyy04.pl,b6,no,0.31,no,corr,0.0,None,None,None,yes
1640,exp_acyclic_indvary1_step7_batch_yyy04.pl,p6,yes,0.3,yes,corr,1.0,None,None,None,no
1641,exp_acyclic_indvary1_step7_batch_yyy05.pl,d4,no,0.19,no,corr,0.0,None,None,None,yes
1642,exp_acyclic_indvary1_step7_batch_yyy05.pl,y3,no,0.51,no,corr,0.0,None,None,None,yes
1643,exp_acyclic_indvary1_step7_batch_yyy05.pl,s6,no,0.22,no,corr,0.0,None,None,None,yes
1644,exp_acyclic_indvary1_step7_batch_yyy05.pl,u3,no,0.36,no,corr,0.0,None,None,None,yes
1645,exp_acyclic_indvary1_step7_batch_yyy05.pl,f4,no,0.45,no,corr,0.0,None,None,None,yes
1646,exp_acyclic_indvary1_step7_batch_yyy05.pl,e2,no,0.29,no,corr,1.0,None,None,None,no
1647,exp_acyclic_indvary1_step7_batch_yyy05.pl,w3,no,0.3,no,corr,0.0,None,None,None,yes
1648,exp_acyclic_indvary1_step7_batch_yyy05.pl,q2,no,0.65,no,corr,0.0,None,None,None,yes
1649,exp_acyclic_indvary1_step7_batch_yyy05.pl,c5,no,0.3,no,corr,0.0,None,None,None,yes
1650,exp_acyclic_indvary1_step7_batch_yyy05.pl,a5,no,0.22,no,corr,0.0,None,None,None,yes
1651,exp_acyclic_indvary1_step7_batch_yyy06.pl,d5,no,0.58,no,corr,0.0,None,None,None,yes
1652,exp_acyclic_indvary1_step7_batch_yyy06.pl,t4,no,0.45,no,corr,0.0,None,None,None,yes
1653,exp_acyclic_indvary1_step7_batch_yyy06.pl,e1,no,0.76,no,corr,1.0,None,None,None,no
1654,exp_acyclic_indvary1_step7_batch_yyy06.pl,x3,no,0.21,no,corr,0.0,None,None,None,yes
1655,exp_acyclic_indvary1_step7_batch_yyy06.pl,u4,no,0.21,no,corr,0.0,None,None,None,yes
1656,exp_acyclic_indvary1_step7_batch_yyy06.pl,r1,no,0.54,no,corr,0.0,None,None,None,yes
1657,exp_acyclic_indvary1_step7_batch_yyy06.pl,b6,no,0.22,no,corr,0.0,None,None,None,yes
1658,exp_acyclic_indvary1_step7_batch_yyy06.pl,v3,yes,0.27,yes,corr,1.0,None,None,None,no
1659,exp_acyclic_indvary1_step7_batch_yyy06.pl,y6,no,0.23,no,corr,0.0,None,None,None,yes
1660,exp_acyclic_indvary1_step7_batch_yyy06.pl,x4,no,0.19,no,corr,0.0,None,None,None,yes
1661,exp_acyclic_indvary1_step7_batch_yyy07.pl,p4,no,0.28,no,corr,0.0,None,None,None,yes
1662,exp_acyclic_indvary1_step7_batch_yyy07.pl,z1,no,0.34,no,corr,0.0,None,None,None,yes
1663,exp_acyclic_indvary1_step7_batch_yyy07.pl,z4,yes,0.19,yes,corr,1.0,None,None,None,no
1664,exp_acyclic_indvary1_step7_batch_yyy07.pl,p2,no,0.22,no,corr,0.0,None,None,None,yes
1665,exp_acyclic_indvary1_step7_batch_yyy07.pl,y2,no,0.16,no,corr,0.0,None,None,None,yes
1666,exp_acyclic_indvary1_step7_batch_yyy07.pl,b5,no,0.2,no,corr,0.0,None,None,None,yes
1667,exp_acyclic_indvary1_step7_batch_yyy07.pl,z2,no,0.24,no,corr,0.0,None,None,None,yes
1668,exp_acyclic_indvary1_step7_batch_yyy07.pl,s6,no,0.2,no,corr,0.0,None,None,None,yes
1669,exp_acyclic_indvary1_step7_batch_yyy07.pl,v4,no,0.28,no,corr,0.0,None,None,None,yes
1670,exp_acyclic_indvary1_step7_batch_yyy07.pl,r4,no,0.23,no,corr,0.0,None,None,None,yes
1671,exp_acyclic_indvary1_step7_batch_yyy08.pl,c4,no,0.24,no,corr,0.0,None,None,None,yes
1672,exp_acyclic_indvary1_step7_batch_yyy08.pl,y4,no,0.2,no,corr,0.0,None,None,None,yes
1673,exp_acyclic_indvary1_step7_batch_yyy08.pl,w5,no,0.22,no,corr,0.0,None,None,None,yes
1674,exp_acyclic_indvary1_step7_batch_yyy08.pl,q5,no,0.61,no,corr,0.0,None,None,None,yes
1675,exp_acyclic_indvary1_step7_batch_yyy08.pl,a5,no,0.26,no,corr,0.0,None,None,None,yes
1676,exp_acyclic_indvary1_step7_batch_yyy08.pl,p3,no,0.21,no,corr,0.0,None,None,None,yes
1677,exp_acyclic_indvary1_step7_batch_yyy08.pl,c1,no,0.23,no,corr,1.0,None,None,None,no
1678,exp_acyclic_indvary1_step7_batch_yyy08.pl,a3,yes,0.28,yes,corr,0.0,None,None,None,no
1679,exp_acyclic_indvary1_step7_batch_yyy08.pl,y5,no,0.29,no,corr,0.0,None,None,None,yes
1680,exp_acyclic_indvary1_step7_batch_yyy08.pl,y6,no,0.27,no,corr,3.0,None,None,None,no
1681,exp_acyclic_indvary1_step7_batch_yyy09.pl,e1,no,0.31,no,corr,1.0,None,None,None,no
1682,exp_acyclic_indvary1_step7_batch_yyy09.pl,p2,no,0.29,no,corr,0.0,None,None,None,yes
1683,exp_acyclic_indvary1_step7_batch_yyy09.pl,a1,yes,0.25,yes,corr,1.0,None,None,None,no
1684,exp_acyclic_indvary1_step7_batch_yyy09.pl,q2,yes,0.24,yes,corr,1.0,None,None,None,no
1685,exp_acyclic_indvary1_step7_batch_yyy09.pl,s2,no,0.23,no,corr,0.0,None,None,None,yes
1686,exp_acyclic_indvary1_step7_batch_yyy09.pl,z1,no,0.22,no,corr,0.0,None,None,None,yes
1687,exp_acyclic_indvary1_step7_batch_yyy09.pl,f4,no,0.35,no,corr,0.0,None,None,None,yes
1688,exp_acyclic_indvary1_step7_batch_yyy09.pl,a3,yes,0.31,yes,corr,0.0,None,None,None,no
1689,exp_acyclic_indvary1_step7_batch_yyy09.pl,r3,yes,0.25,yes,corr,1.0,None,None,None,no
1690,exp_acyclic_indvary1_step7_batch_yyy09.pl,t1,no,0.22,no,corr,0.0,None,None,None,yes
1691,exp_acyclic_indvary1_step7_batch_yyy10.pl,e5,no,0.52,no,corr,0.0,None,None,None,yes
1692,exp_acyclic_indvary1_step7_batch_yyy10.pl,c2,yes,0.83,yes,corr,1.0,None,None,None,no
1693,exp_acyclic_indvary1_step7_batch_yyy10.pl,v1,no,0.67,no,corr,0.0,None,None,None,yes
1694,exp_acyclic_indvary1_step7_batch_yyy10.pl,r2,no,0.22,no,corr,0.0,None,None,None,yes
1695,exp_acyclic_indvary1_step7_batch_yyy10.pl,y5,no,0.19,no,corr,0.0,None,None,None,yes
1696,exp_acyclic_indvary1_step7_batch_yyy10.pl,q2,no,0.18,no,corr,3.0,None,None,None,no
1697,exp_acyclic_indvary1_step7_batch_yyy10.pl,a4,no,0.22,no,corr,0.0,None,None,None,yes
1698,exp_acyclic_indvary1_step7_batch_yyy10.pl,f5,no,0.22,no,corr,0.0,None,None,None,yes
1699,exp_acyclic_indvary1_step7_batch_yyy10.pl,y1,yes,0.23,yes,corr,1.0,None,None,None,no
1700,exp_acyclic_indvary1_step7_batch_yyy10.pl,s1,no,0.21,no,corr,0.0,None,None,None,yes
1701,exp_acyclic_indvary1_step8_batch_yyy01.pl,u5,no,0.7,no,corr,0.0,None,None,None,yes
1702,exp_acyclic_indvary1_step8_batch_yyy01.pl,b3,yes,0.95,yes,corr,0.0,None,None,None,no
1703,exp_acyclic_indvary1_step8_batch_yyy01.pl,z2,no,0.65,no,corr,0.0,None,None,None,yes
1704,exp_acyclic_indvary1_step8_batch_yyy01.pl,y6,no,0.53,no,corr,0.0,None,None,None,yes
1705,exp_acyclic_indvary1_step8_batch_yyy01.pl,a2,yes,0.49,yes,corr,0.0,None,None,None,no
1706,exp_acyclic_indvary1_step8_batch_yyy01.pl,z1,yes,0.23,yes,corr,1.0,None,None,None,no
1707,exp_acyclic_indvary1_step8_batch_yyy01.pl,t6,no,0.17,no,corr,0.0,None,None,None,yes
1708,exp_acyclic_indvary1_step8_batch_yyy01.pl,d1,yes,0.25,yes,corr,0.0,None,None,None,no
1709,exp_acyclic_indvary1_step8_batch_yyy01.pl,u2,no,0.46,no,corr,0.0,None,None,None,yes
1710,exp_acyclic_indvary1_step8_batch_yyy01.pl,t1,no,0.29,no,corr,0.0,None,None,None,yes
1711,exp_acyclic_indvary1_step8_batch_yyy02.pl,t4,yes,0.22,yes,corr,3.0,None,None,None,no
1712,exp_acyclic_indvary1_step8_batch_yyy02.pl,z5,yes,0.23,yes,corr,1.0,None,None,None,no
1713,exp_acyclic_indvary1_step8_batch_yyy02.pl,w2,no,0.27,no,corr,0.0,None,None,None,yes
1714,exp_acyclic_indvary1_step8_batch_yyy02.pl,s2,yes,0.42,yes,corr,3.0,None,None,None,no
1715,exp_acyclic_indvary1_step8_batch_yyy02.pl,v4,yes,0.74,yes,corr,1.0,None,None,None,no
1716,exp_acyclic_indvary1_step8_batch_yyy02.pl,z3,no,0.88,no,corr,0.0,None,None,None,yes
1717,exp_acyclic_indvary1_step8_batch_yyy02.pl,q1,no,0.27,no,corr,0.0,None,None,None,yes
1718,exp_acyclic_indvary1_step8_batch_yyy02.pl,f2,no,0.29,no,corr,1.0,None,None,None,no
1719,exp_acyclic_indvary1_step8_batch_yyy02.pl,s4,no,0.23,no,corr,0.0,None,None,None,yes
1720,exp_acyclic_indvary1_step8_batch_yyy02.pl,y4,no,0.18,no,corr,0.0,None,None,None,yes
1721,exp_acyclic_indvary1_step8_batch_yyy03.pl,x7,no,0.19,no,corr,0.0,None,None,None,yes
1722,exp_acyclic_indvary1_step8_batch_yyy03.pl,a4,no,0.21,no,corr,0.0,None,None,None,yes
1723,exp_acyclic_indvary1_step8_batch_yyy03.pl,w1,yes,0.22,yes,corr,1.0,None,None,None,no
1724,exp_acyclic_indvary1_step8_batch_yyy03.pl,u3,yes,0.23,yes,corr,2.0,None,None,None,no
1725,exp_acyclic_indvary1_step8_batch_yyy03.pl,r1,no,0.25,no,corr,0.0,None,None,None,yes
1726,exp_acyclic_indvary1_step8_batch_yyy03.pl,x4,no,0.17,no,corr,0.0,None,None,None,yes
1727,exp_acyclic_indvary1_step8_batch_yyy03.pl,f2,yes,0.23,yes,corr,1.0,None,None,None,no
1728,exp_acyclic_indvary1_step8_batch_yyy03.pl,c1,yes,0.2,yes,corr,0.0,None,None,None,no
1729,exp_acyclic_indvary1_step8_batch_yyy03.pl,s6,no,0.68,no,corr,0.0,None,None,None,yes
1730,exp_acyclic_indvary1_step8_batch_yyy03.pl,b5,no,0.21,no,corr,0.0,None,None,None,yes
1731,exp_acyclic_indvary1_step8_batch_yyy04.pl,t5,no,0.23,no,corr,0.0,None,None,None,yes
1732,exp_acyclic_indvary1_step8_batch_yyy04.pl,f1,yes,0.27,yes,corr,0.0,None,None,None,no
1733,exp_acyclic_indvary1_step8_batch_yyy04.pl,t3,no,0.19,no,corr,0.0,None,None,None,yes
1734,exp_acyclic_indvary1_step8_batch_yyy04.pl,s2,no,0.25,no,corr,0.0,None,None,None,yes
1735,exp_acyclic_indvary1_step8_batch_yyy04.pl,c6,no,0.29,no,corr,0.0,None,None,None,yes
1736,exp_acyclic_indvary1_step8_batch_yyy04.pl,y6,no,0.21,no,corr,0.0,None,None,None,yes
1737,exp_acyclic_indvary1_step8_batch_yyy04.pl,v2,no,0.65,no,corr,2.0,None,None,None,no
1738,exp_acyclic_indvary1_step8_batch_yyy04.pl,q6,yes,0.69,yes,corr,1.0,None,None,None,no
1739,exp_acyclic_indvary1_step8_batch_yyy04.pl,a4,no,0.35,no,corr,0.0,None,None,None,yes
1740,exp_acyclic_indvary1_step8_batch_yyy04.pl,w6,no,0.19,no,corr,0.0,None,None,None,yes
1741,exp_acyclic_indvary1_step8_batch_yyy05.pl,u5,no,0.24,no,corr,0.0,None,None,None,yes
1742,exp_acyclic_indvary1_step8_batch_yyy05.pl,x2,no,0.22,no,corr,0.0,None,None,None,yes
1743,exp_acyclic_indvary1_step8_batch_yyy05.pl,x1,no,0.23,no,corr,0.0,None,None,None,yes
1744,exp_acyclic_indvary1_step8_batch_yyy05.pl,r2,no,0.33,no,corr,0.0,None,None,None,yes
1745,exp_acyclic_indvary1_step8_batch_yyy05.pl,s4,no,0.31,no,corr,0.0,None,None,None,yes
1746,exp_acyclic_indvary1_step8_batch_yyy05.pl,w7,yes,0.72,yes,corr,1.0,None,None,None,no
1747,exp_acyclic_indvary1_step8_batch_yyy05.pl,z4,no,0.54,no,corr,0.0,None,None,None,yes
1748,exp_acyclic_indvary1_step8_batch_yyy05.pl,r5,no,0.41,no,corr,0.0,None,None,None,yes
1749,exp_acyclic_indvary1_step8_batch_yyy05.pl,t7,no,0.2,no,corr,0.0,None,None,None,yes
1750,exp_acyclic_indvary1_step8_batch_yyy05.pl,c6,no,0.21,no,corr,0.0,None,None,None,yes
1751,exp_acyclic_indvary1_step8_batch_yyy06.pl,c3,yes,0.19,yes,corr,0.0,None,None,None,no
1752,exp_acyclic_indvary1_step8_batch_yyy06.pl,v6,no,0.32,no,corr,0.0,None,None,None,yes
1753,exp_acyclic_indvary1_step8_batch_yyy06.pl,w5,no,0.32,no,corr,0.0,None,None,None,yes
1754,exp_acyclic_indvary1_step8_batch_yyy06.pl,x2,yes,0.46,yes,corr,1.0,None,None,None,no
1755,exp_acyclic_indvary1_step8_batch_yyy06.pl,x6,no,0.19,no,corr,0.0,None,None,None,yes
1756,exp_acyclic_indvary1_step8_batch_yyy06.pl,v3,no,0.5,no,corr,0.0,None,None,None,yes
1757,exp_acyclic_indvary1_step8_batch_yyy06.pl,d1,no,1.1,no,corr,3.0,None,None,None,no
1758,exp_acyclic_indvary1_step8_batch_yyy06.pl,q7,no,0.84,no,corr,0.0,None,None,None,yes
1759,exp_acyclic_indvary1_step8_batch_yyy06.pl,z5,no,0.58,no,corr,0.0,None,None,None,yes
1760,exp_acyclic_indvary1_step8_batch_yyy06.pl,v2,no,0.73,no,corr,0.0,None,None,None,yes
1761,exp_acyclic_indvary1_step8_batch_yyy07.pl,p5,no,0.32,no,corr,0.0,None,None,None,yes
1762,exp_acyclic_indvary1_step8_batch_yyy07.pl,r6,yes,0.23,yes,corr,1.0,None,None,None,no
1763,exp_acyclic_indvary1_step8_batch_yyy07.pl,s2,yes,0.67,yes,corr,1.0,None,None,None,no
1764,exp_acyclic_indvary1_step8_batch_yyy07.pl,v1,no,0.33,no,corr,0.0,None,None,None,yes
1765,exp_acyclic_indvary1_step8_batch_yyy07.pl,f3,no,0.21,no,corr,0.0,None,None,None,yes
1766,exp_acyclic_indvary1_step8_batch_yyy07.pl,e3,no,0.32,no,corr,0.0,None,None,None,yes
1767,exp_acyclic_indvary1_step8_batch_yyy07.pl,q7,no,0.31,no,corr,0.0,None,None,None,yes
1768,exp_acyclic_indvary1_step8_batch_yyy07.pl,f2,yes,0.2,yes,corr,0.0,None,None,None,no
1769,exp_acyclic_indvary1_step8_batch_yyy07.pl,c3,yes,0.19,yes,corr,0.0,None,None,None,no
1770,exp_acyclic_indvary1_step8_batch_yyy07.pl,c4,no,0.2,no,corr,0.0,None,None,None,yes
1771,exp_acyclic_indvary1_step8_batch_yyy08.pl,e5,no,0.21,no,corr,0.0,None,None,None,yes
1772,exp_acyclic_indvary1_step8_batch_yyy08.pl,u4,no,0.23,no,corr,0.0,None,None,None,yes
1773,exp_acyclic_indvary1_step8_batch_yyy08.pl,w5,no,1.12,no,corr,0.0,None,None,None,yes
1774,exp_acyclic_indvary1_step8_batch_yyy08.pl,c2,yes,0.93,yes,corr,0.0,None,None,None,no
1775,exp_acyclic_indvary1_step8_batch_yyy08.pl,q4,no,0.43,no,corr,0.0,None,None,None,yes
1776,exp_acyclic_indvary1_step8_batch_yyy08.pl,f5,no,0.47,no,corr,0.0,None,None,None,yes
1777,exp_acyclic_indvary1_step8_batch_yyy08.pl,r4,yes,0.25,yes,corr,3.0,None,None,None,no
1778,exp_acyclic_indvary1_step8_batch_yyy08.pl,z3,no,0.38,no,corr,0.0,None,None,None,yes
1779,exp_acyclic_indvary1_step8_batch_yyy08.pl,y2,no,0.28,no,corr,4.0,None,None,None,no
1780,exp_acyclic_indvary1_step8_batch_yyy08.pl,q1,no,0.26,no,corr,0.0,None,None,None,yes
1781,exp_acyclic_indvary1_step8_batch_yyy09.pl,c4,no,0.22,no,corr,0.0,None,None,None,yes
1782,exp_acyclic_indvary1_step8_batch_yyy09.pl,s4,no,0.24,no,corr,0.0,None,None,None,yes
1783,exp_acyclic_indvary1_step8_batch_yyy09.pl,e1,yes,0.19,yes,corr,0.0,None,None,None,no
1784,exp_acyclic_indvary1_step8_batch_yyy09.pl,e5,no,0.66,no,corr,0.0,None,None,None,yes
1785,exp_acyclic_indvary1_step8_batch_yyy09.pl,d3,no,0.42,no,corr,0.0,None,None,None,yes
1786,exp_acyclic_indvary1_step8_batch_yyy09.pl,a4,no,0.26,no,corr,0.0,None,None,None,yes
1787,exp_acyclic_indvary1_step8_batch_yyy09.pl,x5,no,0.47,no,corr,0.0,None,None,None,yes
1788,exp_acyclic_indvary1_step8_batch_yyy09.pl,w3,no,0.36,no,corr,0.0,None,None,None,yes
1789,exp_acyclic_indvary1_step8_batch_yyy09.pl,s2,no,0.21,no,corr,0.0,None,None,None,yes
1790,exp_acyclic_indvary1_step8_batch_yyy09.pl,z1,no,0.24,no,corr,5.0,None,None,None,no
1791,exp_acyclic_indvary1_step8_batch_yyy10.pl,p4,no,0.23,no,corr,0.0,None,None,None,yes
1792,exp_acyclic_indvary1_step8_batch_yyy10.pl,b4,no,0.31,no,corr,0.0,None,None,None,yes
1793,exp_acyclic_indvary1_step8_batch_yyy10.pl,c5,no,0.17,no,corr,0.0,None,None,None,yes
1794,exp_acyclic_indvary1_step8_batch_yyy10.pl,t2,no,0.49,no,corr,7.0,None,None,None,no
1795,exp_acyclic_indvary1_step8_batch_yyy10.pl,u3,yes,0.26,yes,corr,4.0,None,None,None,no
1796,exp_acyclic_indvary1_step8_batch_yyy10.pl,r7,no,0.27,no,corr,0.0,None,None,None,yes
1797,exp_acyclic_indvary1_step8_batch_yyy10.pl,q7,no,0.25,no,corr,0.0,None,None,None,yes
1798,exp_acyclic_indvary1_step8_batch_yyy10.pl,a2,yes,0.22,yes,corr,0.0,None,None,None,no
1799,exp_acyclic_indvary1_step8_batch_yyy10.pl,u5,no,0.21,no,corr,0.0,None,None,None,yes
1800,exp_acyclic_indvary1_step8_batch_yyy10.pl,d5,no,0.25,no,corr,0.0,None,None,None,yes
1801,exp_acyclic_indvary2_step1_batch_yyy01.pl,d5,no,0.27,no,corr,0.0,None,None,None,yes
1802,exp_acyclic_indvary2_step1_batch_yyy01.pl,c4,no,0.43,no,corr,0.0,None,None,None,yes
1803,exp_acyclic_indvary2_step1_batch_yyy01.pl,t3,no,0.2,no,corr,0.0,None,None,None,yes
1804,exp_acyclic_indvary2_step1_batch_yyy01.pl,t6,no,0.26,no,corr,0.0,None,None,None,yes
1805,exp_acyclic_indvary2_step1_batch_yyy01.pl,p1,yes,0.23,yes,corr,3.0,None,None,None,no
1806,exp_acyclic_indvary2_step1_batch_yyy01.pl,x4,no,0.29,no,corr,0.0,None,None,None,yes
1807,exp_acyclic_indvary2_step1_batch_yyy01.pl,p4,no,0.27,no,corr,0.0,None,None,None,yes
1808,exp_acyclic_indvary2_step1_batch_yyy01.pl,x3,no,0.2,no,corr,0.0,None,None,None,yes
1809,exp_acyclic_indvary2_step1_batch_yyy01.pl,t2,yes,0.49,yes,corr,2.0,None,None,None,no
1810,exp_acyclic_indvary2_step1_batch_yyy01.pl,b5,no,0.73,no,corr,0.0,None,None,None,yes
1811,exp_acyclic_indvary2_step1_batch_yyy02.pl,d5,no,0.36,no,corr,0.0,None,None,None,yes
1812,exp_acyclic_indvary2_step1_batch_yyy02.pl,s3,no,0.21,no,corr,0.0,None,None,None,yes
1813,exp_acyclic_indvary2_step1_batch_yyy02.pl,b3,no,0.26,no,corr,6.0,None,None,None,no
1814,exp_acyclic_indvary2_step1_batch_yyy02.pl,p5,no,0.55,no,corr,0.0,None,None,None,yes
1815,exp_acyclic_indvary2_step1_batch_yyy02.pl,x7,no,0.29,no,corr,0.0,None,None,None,yes
1816,exp_acyclic_indvary2_step1_batch_yyy02.pl,r4,no,0.42,no,corr,0.0,None,None,None,yes
1817,exp_acyclic_indvary2_step1_batch_yyy02.pl,z3,no,0.23,no,corr,0.0,None,None,None,yes
1818,exp_acyclic_indvary2_step1_batch_yyy02.pl,w3,no,0.24,no,corr,0.0,None,None,None,yes
1819,exp_acyclic_indvary2_step1_batch_yyy02.pl,u2,yes,0.3,yes,corr,1.0,None,None,None,no
1820,exp_acyclic_indvary2_step1_batch_yyy02.pl,t1,yes,0.37,yes,corr,7.0,None,None,None,no
1821,exp_acyclic_indvary2_step1_batch_yyy03.pl,u6,no,0.76,no,corr,0.0,None,None,None,yes
1822,exp_acyclic_indvary2_step1_batch_yyy03.pl,t5,no,0.69,no,corr,0.0,None,None,None,yes
1823,exp_acyclic_indvary2_step1_batch_yyy03.pl,y4,no,0.65,no,corr,0.0,None,None,None,yes
1824,exp_acyclic_indvary2_step1_batch_yyy03.pl,s5,no,0.79,no,corr,0.0,None,None,None,yes
1825,exp_acyclic_indvary2_step1_batch_yyy03.pl,c5,no,0.84,no,corr,0.0,None,None,None,yes
1826,exp_acyclic_indvary2_step1_batch_yyy03.pl,e4,no,0.7,no,corr,0.0,None,None,None,yes
1827,exp_acyclic_indvary2_step1_batch_yyy03.pl,v4,no,0.67,no,corr,0.0,None,None,None,yes
1828,exp_acyclic_indvary2_step1_batch_yyy03.pl,v6,no,0.21,no,corr,0.0,None,None,None,yes
1829,exp_acyclic_indvary2_step1_batch_yyy03.pl,u1,no,0.56,no,corr,0.0,None,None,None,yes
1830,exp_acyclic_indvary2_step1_batch_yyy03.pl,f1,yes,0.77,yes,corr,1.0,None,None,None,no
1831,exp_acyclic_indvary2_step1_batch_yyy04.pl,c3,no,1.04,no,corr,1.0,None,None,None,no
1832,exp_acyclic_indvary2_step1_batch_yyy04.pl,q6,no,0.25,no,corr,0.0,None,None,None,yes
1833,exp_acyclic_indvary2_step1_batch_yyy04.pl,x3,no,0.2,no,corr,0.0,None,None,None,yes
1834,exp_acyclic_indvary2_step1_batch_yyy04.pl,c5,no,0.27,no,corr,0.0,None,None,None,yes
1835,exp_acyclic_indvary2_step1_batch_yyy04.pl,q4,no,0.43,no,corr,0.0,None,None,None,yes
1836,exp_acyclic_indvary2_step1_batch_yyy04.pl,v4,no,0.25,no,corr,0.0,None,None,None,yes
1837,exp_acyclic_indvary2_step1_batch_yyy04.pl,y2,no,0.25,no,corr,0.0,None,None,None,yes
1838,exp_acyclic_indvary2_step1_batch_yyy04.pl,r7,no,0.28,no,corr,0.0,None,None,None,yes
1839,exp_acyclic_indvary2_step1_batch_yyy04.pl,q7,no,0.35,no,corr,0.0,None,None,None,yes
1840,exp_acyclic_indvary2_step1_batch_yyy04.pl,x4,no,0.22,no,corr,0.0,None,None,None,yes
1841,exp_acyclic_indvary2_step1_batch_yyy05.pl,s3,no,0.19,no,corr,0.0,None,None,None,yes
1842,exp_acyclic_indvary2_step1_batch_yyy05.pl,y4,no,0.28,no,corr,0.0,None,None,None,yes
1843,exp_acyclic_indvary2_step1_batch_yyy05.pl,v2,yes,0.37,yes,corr,1.0,None,None,None,no
1844,exp_acyclic_indvary2_step1_batch_yyy05.pl,u7,no,0.27,no,corr,0.0,None,None,None,yes
1845,exp_acyclic_indvary2_step1_batch_yyy05.pl,x7,no,0.32,no,corr,0.0,None,None,None,yes
1846,exp_acyclic_indvary2_step1_batch_yyy05.pl,x2,yes,0.39,yes,corr,1.0,None,None,None,no
1847,exp_acyclic_indvary2_step1_batch_yyy05.pl,r5,no,0.47,no,corr,0.0,None,None,None,yes
1848,exp_acyclic_indvary2_step1_batch_yyy05.pl,a2,no,0.25,no,corr,1.0,None,None,None,no
1849,exp_acyclic_indvary2_step1_batch_yyy05.pl,s2,no,0.24,no,corr,6.0,None,None,None,no
1850,exp_acyclic_indvary2_step1_batch_yyy05.pl,b1,no,0.26,no,corr,5.0,None,None,None,no
1851,exp_acyclic_indvary2_step1_batch_yyy06.pl,q5,no,0.24,no,corr,0.0,None,None,None,yes
1852,exp_acyclic_indvary2_step1_batch_yyy06.pl,c2,yes,0.25,yes,corr,5.0,None,None,None,no
1853,exp_acyclic_indvary2_step1_batch_yyy06.pl,y3,no,0.24,no,corr,0.0,None,None,None,yes
1854,exp_acyclic_indvary2_step1_batch_yyy06.pl,t2,no,0.18,no,corr,3.0,None,None,None,no
1855,exp_acyclic_indvary2_step1_batch_yyy06.pl,u3,no,0.31,no,corr,0.0,None,None,None,yes
1856,exp_acyclic_indvary2_step1_batch_yyy06.pl,s1,yes,0.33,yes,corr,1.0,None,None,None,no
1857,exp_acyclic_indvary2_step1_batch_yyy06.pl,z3,no,0.34,no,corr,0.0,None,None,None,yes
1858,exp_acyclic_indvary2_step1_batch_yyy06.pl,r7,no,0.24,no,corr,0.0,None,None,None,yes
1859,exp_acyclic_indvary2_step1_batch_yyy06.pl,y4,no,0.88,no,corr,0.0,None,None,None,yes
1860,exp_acyclic_indvary2_step1_batch_yyy06.pl,v7,no,0.24,no,corr,0.0,None,None,None,yes
1861,exp_acyclic_indvary2_step1_batch_yyy07.pl,d5,no,0.27,no,corr,0.0,None,None,None,yes
1862,exp_acyclic_indvary2_step1_batch_yyy07.pl,a6,no,0.19,no,corr,0.0,None,None,None,yes
1863,exp_acyclic_indvary2_step1_batch_yyy07.pl,e1,yes,0.25,yes,corr,0.0,None,None,None,no
1864,exp_acyclic_indvary2_step1_batch_yyy07.pl,c5,no,0.17,no,corr,0.0,None,None,None,yes
1865,exp_acyclic_indvary2_step1_batch_yyy07.pl,y3,no,0.23,no,corr,0.0,None,None,None,yes
1866,exp_acyclic_indvary2_step1_batch_yyy07.pl,w4,no,0.32,no,corr,0.0,None,None,None,yes
1867,exp_acyclic_indvary2_step1_batch_yyy07.pl,q1,no,0.21,no,corr,0.0,None,None,None,yes
1868,exp_acyclic_indvary2_step1_batch_yyy07.pl,w3,no,0.19,no,corr,0.0,None,None,None,yes
1869,exp_acyclic_indvary2_step1_batch_yyy07.pl,c3,yes,0.22,yes,corr,3.0,None,None,None,no
1870,exp_acyclic_indvary2_step1_batch_yyy07.pl,t4,no,0.37,no,corr,0.0,None,None,None,yes
1871,exp_acyclic_indvary2_step1_batch_yyy08.pl,w2,no,0.51,no,corr,13.0,None,None,None,no
1872,exp_acyclic_indvary2_step1_batch_yyy08.pl,s2,yes,0.38,yes,corr,1.0,None,None,None,no
1873,exp_acyclic_indvary2_step1_batch_yyy08.pl,y5,no,0.21,no,corr,0.0,None,None,None,yes
1874,exp_acyclic_indvary2_step1_batch_yyy08.pl,a6,no,0.2,no,corr,0.0,None,None,None,yes
1875,exp_acyclic_indvary2_step1_batch_yyy08.pl,b3,yes,0.31,yes,corr,4.0,None,None,None,no
1876,exp_acyclic_indvary2_step1_batch_yyy08.pl,y4,no,0.27,no,corr,0.0,None,None,None,yes
1877,exp_acyclic_indvary2_step1_batch_yyy08.pl,z4,no,0.38,no,corr,0.0,None,None,None,yes
1878,exp_acyclic_indvary2_step1_batch_yyy08.pl,r5,no,0.24,no,corr,0.0,None,None,None,yes
1879,exp_acyclic_indvary2_step1_batch_yyy08.pl,r2,yes,0.51,yes,corr,1.0,None,None,None,no
1880,exp_acyclic_indvary2_step1_batch_yyy08.pl,a1,yes,0.28,yes,corr,1.0,None,None,None,no
1881,exp_acyclic_indvary2_step1_batch_yyy09.pl,z6,no,0.19,no,corr,0.0,None,None,None,yes
1882,exp_acyclic_indvary2_step1_batch_yyy09.pl,t3,no,0.23,no,corr,0.0,None,None,None,yes
1883,exp_acyclic_indvary2_step1_batch_yyy09.pl,u5,no,0.38,no,corr,0.0,None,None,None,yes
1884,exp_acyclic_indvary2_step1_batch_yyy09.pl,d5,no,0.36,no,corr,0.0,None,None,None,yes
1885,exp_acyclic_indvary2_step1_batch_yyy09.pl,w2,no,0.81,no,corr,0.0,None,None,None,yes
1886,exp_acyclic_indvary2_step1_batch_yyy09.pl,e5,no,0.22,no,corr,0.0,None,None,None,yes
1887,exp_acyclic_indvary2_step1_batch_yyy09.pl,b6,no,0.51,no,corr,0.0,None,None,None,yes
1888,exp_acyclic_indvary2_step1_batch_yyy09.pl,a1,yes,0.44,yes,corr,1.0,None,None,None,no
1889,exp_acyclic_indvary2_step1_batch_yyy09.pl,u2,yes,0.34,yes,corr,1.0,None,None,None,no
1890,exp_acyclic_indvary2_step1_batch_yyy09.pl,q1,no,0.25,no,corr,0.0,None,None,None,yes
1891,exp_acyclic_indvary2_step1_batch_yyy10.pl,w7,no,0.23,no,corr,0.0,None,None,None,yes
1892,exp_acyclic_indvary2_step1_batch_yyy10.pl,f1,yes,0.27,yes,corr,5.0,None,None,None,no
1893,exp_acyclic_indvary2_step1_batch_yyy10.pl,d3,no,0.24,no,corr,0.0,None,None,None,yes
1894,exp_acyclic_indvary2_step1_batch_yyy10.pl,u7,no,0.31,no,corr,0.0,None,None,None,yes
1895,exp_acyclic_indvary2_step1_batch_yyy10.pl,x2,yes,0.29,yes,corr,1.0,None,None,None,no
1896,exp_acyclic_indvary2_step1_batch_yyy10.pl,u3,no,0.2,no,corr,0.0,None,None,None,yes
1897,exp_acyclic_indvary2_step1_batch_yyy10.pl,r7,no,0.23,no,corr,0.0,None,None,None,yes
1898,exp_acyclic_indvary2_step1_batch_yyy10.pl,y5,no,0.26,no,corr,0.0,None,None,None,yes
1899,exp_acyclic_indvary2_step1_batch_yyy10.pl,c1,yes,0.25,yes,corr,1.0,None,None,None,no
1900,exp_acyclic_indvary2_step1_batch_yyy10.pl,z2,yes,0.44,yes,corr,1.0,None,None,None,no
1901,exp_acyclic_indvary2_step2_batch_yyy01.pl,u6,no,0.37,no,corr,0.0,None,None,None,yes
1902,exp_acyclic_indvary2_step2_batch_yyy01.pl,t4,no,0.65,no,corr,0.0,None,None,None,yes
1903,exp_acyclic_indvary2_step2_batch_yyy01.pl,b2,yes,0.23,yes,corr,0.0,None,None,None,no
1904,exp_acyclic_indvary2_step2_batch_yyy01.pl,y4,no,0.23,no,corr,0.0,None,None,None,yes
1905,exp_acyclic_indvary2_step2_batch_yyy01.pl,p3,no,0.26,no,corr,0.0,None,None,None,yes
1906,exp_acyclic_indvary2_step2_batch_yyy01.pl,f3,no,0.24,no,corr,0.0,None,None,None,yes
1907,exp_acyclic_indvary2_step2_batch_yyy01.pl,u2,no,0.32,no,corr,0.0,None,None,None,yes
1908,exp_acyclic_indvary2_step2_batch_yyy01.pl,r2,yes,0.63,yes,corr,2.0,None,None,None,no
1909,exp_acyclic_indvary2_step2_batch_yyy01.pl,r7,no,0.52,no,corr,0.0,None,None,None,yes
1910,exp_acyclic_indvary2_step2_batch_yyy01.pl,a1,yes,0.46,yes,corr,4.0,None,None,None,no
1911,exp_acyclic_indvary2_step2_batch_yyy02.pl,v2,yes,0.77,yes,corr,1.0,None,None,None,no
1912,exp_acyclic_indvary2_step2_batch_yyy02.pl,x7,no,0.64,no,corr,0.0,None,None,None,yes
1913,exp_acyclic_indvary2_step2_batch_yyy02.pl,z4,no,0.73,no,corr,0.0,None,None,None,yes
1914,exp_acyclic_indvary2_step2_batch_yyy02.pl,q1,yes,0.26,yes,corr,1.0,None,None,None,no
1915,exp_acyclic_indvary2_step2_batch_yyy02.pl,p4,no,0.25,no,corr,0.0,None,None,None,yes
1916,exp_acyclic_indvary2_step2_batch_yyy02.pl,x3,no,0.24,no,corr,0.0,None,None,None,yes
1917,exp_acyclic_indvary2_step2_batch_yyy02.pl,v6,no,0.55,no,corr,0.0,None,None,None,yes
1918,exp_acyclic_indvary2_step2_batch_yyy02.pl,f1,no,0.24,no,corr,1.0,None,None,None,no
1919,exp_acyclic_indvary2_step2_batch_yyy02.pl,x4,no,0.22,no,corr,0.0,None,None,None,yes
1920,exp_acyclic_indvary2_step2_batch_yyy02.pl,w3,no,0.25,no,corr,0.0,None,None,None,yes
1921,exp_acyclic_indvary2_step2_batch_yyy03.pl,d5,no,0.27,no,corr,0.0,None,None,None,yes
1922,exp_acyclic_indvary2_step2_batch_yyy03.pl,y4,no,0.39,no,corr,0.0,None,None,None,yes
1923,exp_acyclic_indvary2_step2_batch_yyy03.pl,p4,no,0.22,no,corr,0.0,None,None,None,yes
1924,exp_acyclic_indvary2_step2_batch_yyy03.pl,z1,yes,0.26,yes,corr,1.0,None,None,None,no
1925,exp_acyclic_indvary2_step2_batch_yyy03.pl,w6,no,0.35,no,corr,0.0,None,None,None,yes
1926,exp_acyclic_indvary2_step2_batch_yyy03.pl,c6,no,0.27,no,corr,0.0,None,None,None,yes
1927,exp_acyclic_indvary2_step2_batch_yyy03.pl,f4,no,0.26,no,corr,0.0,None,None,None,yes
1928,exp_acyclic_indvary2_step2_batch_yyy03.pl,r3,yes,0.32,yes,corr,1.0,None,None,None,no
1929,exp_acyclic_indvary2_step2_batch_yyy03.pl,q7,no,0.37,no,corr,0.0,None,None,None,yes
1930,exp_acyclic_indvary2_step2_batch_yyy03.pl,f2,no,0.29,no,corr,4.0,None,None,None,no
1931,exp_acyclic_indvary2_step2_batch_yyy04.pl,t4,no,0.34,no,corr,0.0,None,None,None,yes
1932,exp_acyclic_indvary2_step2_batch_yyy04.pl,b2,no,0.56,no,corr,8.0,None,None,None,no
1933,exp_acyclic_indvary2_step2_batch_yyy04.pl,y4,no,0.43,no,corr,0.0,None,None,None,yes
1934,exp_acyclic_indvary2_step2_batch_yyy04.pl,f1,yes,0.47,yes,corr,9.0,None,None,None,no
1935,exp_acyclic_indvary2_step2_batch_yyy04.pl,v5,no,0.32,no,corr,0.0,None,None,None,yes
1936,exp_acyclic_indvary2_step2_batch_yyy04.pl,c2,no,0.17,no,corr,1.0,None,None,None,no
1937,exp_acyclic_indvary2_step2_batch_yyy04.pl,e4,no,0.2,no,corr,0.0,None,None,None,yes
1938,exp_acyclic_indvary2_step2_batch_yyy04.pl,t7,no,0.42,no,corr,0.0,None,None,None,yes
1939,exp_acyclic_indvary2_step2_batch_yyy04.pl,p2,no,0.25,no,corr,0.0,None,None,None,yes
1940,exp_acyclic_indvary2_step2_batch_yyy04.pl,a3,yes,0.65,yes,corr,13.0,None,None,None,no
1941,exp_acyclic_indvary2_step2_batch_yyy05.pl,t4,no,0.31,no,corr,0.0,None,None,None,yes
1942,exp_acyclic_indvary2_step2_batch_yyy05.pl,z6,no,0.25,no,corr,0.0,None,None,None,yes
1943,exp_acyclic_indvary2_step2_batch_yyy05.pl,f1,yes,0.26,yes,corr,1.0,None,None,None,no
1944,exp_acyclic_indvary2_step2_batch_yyy05.pl,v5,no,0.88,no,corr,0.0,None,None,None,yes
1945,exp_acyclic_indvary2_step2_batch_yyy05.pl,w1,no,0.69,no,corr,0.0,None,None,None,yes
1946,exp_acyclic_indvary2_step2_batch_yyy05.pl,e3,no,0.29,no,corr,0.0,None,None,None,yes
1947,exp_acyclic_indvary2_step2_batch_yyy05.pl,e2,no,0.45,no,corr,4.0,None,None,None,no
1948,exp_acyclic_indvary2_step2_batch_yyy05.pl,q7,no,0.2,no,corr,0.0,None,None,None,yes
1949,exp_acyclic_indvary2_step2_batch_yyy05.pl,b3,yes,0.3,yes,corr,1.0,None,None,None,no
1950,exp_acyclic_indvary2_step2_batch_yyy05.pl,v7,no,0.18,no,corr,0.0,None,None,None,yes
1951,exp_acyclic_indvary2_step2_batch_yyy06.pl,c3,no,0.39,no,corr,1.0,None,None,None,no
1952,exp_acyclic_indvary2_step2_batch_yyy06.pl,y4,no,0.21,no,corr,0.0,None,None,None,yes
1953,exp_acyclic_indvary2_step2_batch_yyy06.pl,v6,no,0.19,no,corr,0.0,None,None,None,yes
1954,exp_acyclic_indvary2_step2_batch_yyy06.pl,w1,yes,0.19,yes,corr,1.0,None,None,None,no
1955,exp_acyclic_indvary2_step2_batch_yyy06.pl,b5,no,0.3,no,corr,0.0,None,None,None,yes
1956,exp_acyclic_indvary2_step2_batch_yyy06.pl,z3,no,0.32,no,corr,0.0,None,None,None,yes
1957,exp_acyclic_indvary2_step2_batch_yyy06.pl,p7,no,0.21,no,corr,0.0,None,None,None,yes
1958,exp_acyclic_indvary2_step2_batch_yyy06.pl,p5,no,0.52,no,corr,0.0,None,None,None,yes
1959,exp_acyclic_indvary2_step2_batch_yyy06.pl,e2,no,0.51,no,corr,7.0,None,None,None,no
1960,exp_acyclic_indvary2_step2_batch_yyy06.pl,r3,no,0.44,no,corr,7.0,None,None,None,no
1961,exp_acyclic_indvary2_step2_batch_yyy07.pl,t5,no,0.24,no,corr,0.0,None,None,None,yes
1962,exp_acyclic_indvary2_step2_batch_yyy07.pl,y4,no,0.34,no,corr,0.0,None,None,None,yes
1963,exp_acyclic_indvary2_step2_batch_yyy07.pl,v5,no,0.34,no,corr,0.0,None,None,None,yes
1964,exp_acyclic_indvary2_step2_batch_yyy07.pl,a4,no,0.2,no,corr,0.0,None,None,None,yes
1965,exp_acyclic_indvary2_step2_batch_yyy07.pl,z4,no,0.21,no,corr,0.0,None,None,None,yes
1966,exp_acyclic_indvary2_step2_batch_yyy07.pl,u3,no,0.2,no,corr,0.0,None,None,None,yes
1967,exp_acyclic_indvary2_step2_batch_yyy07.pl,t1,yes,0.3,yes,corr,1.0,None,None,None,no
1968,exp_acyclic_indvary2_step2_batch_yyy07.pl,p6,no,0.29,no,corr,0.0,None,None,None,yes
1969,exp_acyclic_indvary2_step2_batch_yyy07.pl,r2,yes,0.21,yes,corr,1.0,None,None,None,no
1970,exp_acyclic_indvary2_step2_batch_yyy07.pl,a1,no,0.25,no,corr,1.0,None,None,None,no
1971,exp_acyclic_indvary2_step2_batch_yyy08.pl,d5,no,0.25,no,corr,0.0,None,None,None,yes
1972,exp_acyclic_indvary2_step2_batch_yyy08.pl,v7,no,0.29,no,corr,0.0,None,None,None,yes
1973,exp_acyclic_indvary2_step2_batch_yyy08.pl,u1,yes,0.23,yes,corr,2.0,None,None,None,no
1974,exp_acyclic_indvary2_step2_batch_yyy08.pl,c5,no,0.15,no,corr,0.0,None,None,None,yes
1975,exp_acyclic_indvary2_step2_batch_yyy08.pl,x2,no,0.29,no,corr,0.0,None,None,None,yes
1976,exp_acyclic_indvary2_step2_batch_yyy08.pl,a3,no,0.27,no,corr,1.0,None,None,None,no
1977,exp_acyclic_indvary2_step2_batch_yyy08.pl,q7,no,0.76,no,corr,0.0,None,None,None,yes
1978,exp_acyclic_indvary2_step2_batch_yyy08.pl,x5,no,0.32,no,corr,0.0,None,None,None,yes
1979,exp_acyclic_indvary2_step2_batch_yyy08.pl,z2,yes,0.27,yes,corr,1.0,None,None,None,no
1980,exp_acyclic_indvary2_step2_batch_yyy08.pl,b5,no,0.25,no,corr,0.0,None,None,None,yes
1981,exp_acyclic_indvary2_step2_batch_yyy09.pl,c3,yes,0.23,yes,corr,3.0,None,None,None,no
1982,exp_acyclic_indvary2_step2_batch_yyy09.pl,f1,no,0.51,no,corr,9.0,None,None,None,no
1983,exp_acyclic_indvary2_step2_batch_yyy09.pl,f3,no,0.78,no,corr,0.0,None,None,None,yes
1984,exp_acyclic_indvary2_step2_batch_yyy09.pl,r1,yes,1.73,yes,corr,1.0,None,None,None,no
1985,exp_acyclic_indvary2_step2_batch_yyy09.pl,q3,yes,0.63,yes,corr,1.0,None,None,None,no
1986,exp_acyclic_indvary2_step2_batch_yyy09.pl,p1,yes,0.38,yes,corr,2.0,None,None,None,no
1987,exp_acyclic_indvary2_step2_batch_yyy09.pl,z4,no,0.27,no,corr,0.0,None,None,None,yes
1988,exp_acyclic_indvary2_step2_batch_yyy09.pl,r5,no,0.28,no,corr,0.0,None,None,None,yes
1989,exp_acyclic_indvary2_step2_batch_yyy09.pl,u3,no,0.24,no,corr,0.0,None,None,None,yes
1990,exp_acyclic_indvary2_step2_batch_yyy09.pl,e3,no,0.36,no,corr,0.0,None,None,None,yes
1991,exp_acyclic_indvary2_step2_batch_yyy10.pl,t5,no,0.22,no,corr,0.0,None,None,None,yes
1992,exp_acyclic_indvary2_step2_batch_yyy10.pl,z6,no,0.58,no,corr,0.0,None,None,None,yes
1993,exp_acyclic_indvary2_step2_batch_yyy10.pl,s4,no,0.39,no,corr,0.0,None,None,None,yes
1994,exp_acyclic_indvary2_step2_batch_yyy10.pl,e1,yes,0.49,yes,corr,1.0,None,None,None,no
1995,exp_acyclic_indvary2_step2_batch_yyy10.pl,x3,no,0.38,no,corr,0.0,None,None,None,yes
1996,exp_acyclic_indvary2_step2_batch_yyy10.pl,v6,no,0.22,no,corr,0.0,None,None,None,yes
1997,exp_acyclic_indvary2_step2_batch_yyy10.pl,c5,no,0.22,no,corr,0.0,None,None,None,yes
1998,exp_acyclic_indvary2_step2_batch_yyy10.pl,q4,no,0.28,no,corr,0.0,None,None,None,yes
1999,exp_acyclic_indvary2_step2_batch_yyy10.pl,c1,no,0.29,no,corr,1.0,None,None,None,no
2000,exp_acyclic_indvary2_step2_batch_yyy10.pl,a3,yes,0.26,yes,corr,7.0,None,None,None,no
2001,exp_acyclic_indvary2_step3_batch_yyy01.pl,d5,no,0.26,no,corr,0.0,None,None,None,yes
2002,exp_acyclic_indvary2_step3_batch_yyy01.pl,s3,no,0.42,no,corr,0.0,None,None,None,yes
2003,exp_acyclic_indvary2_step3_batch_yyy01.pl,u7,no,0.23,no,corr,0.0,None,None,None,yes
2004,exp_acyclic_indvary2_step3_batch_yyy01.pl,x7,no,0.32,no,corr,0.0,None,None,None,yes
2005,exp_acyclic_indvary2_step3_batch_yyy01.pl,v1,no,0.32,no,corr,8.0,None,None,None,no
2006,exp_acyclic_indvary2_step3_batch_yyy01.pl,r2,no,0.29,no,corr,0.0,None,None,None,yes
2007,exp_acyclic_indvary2_step3_batch_yyy01.pl,p7,no,0.55,no,corr,0.0,None,None,None,yes
2008,exp_acyclic_indvary2_step3_batch_yyy01.pl,d4,no,0.41,no,corr,0.0,None,None,None,yes
2009,exp_acyclic_indvary2_step3_batch_yyy01.pl,q7,no,0.26,no,corr,0.0,None,None,None,yes
2010,exp_acyclic_indvary2_step3_batch_yyy01.pl,y5,no,0.47,no,corr,0.0,None,None,None,yes
2011,exp_acyclic_indvary2_step3_batch_yyy02.pl,e1,yes,0.32,yes,corr,4.0,None,None,None,no
2012,exp_acyclic_indvary2_step3_batch_yyy02.pl,v5,no,0.45,no,corr,0.0,None,None,None,yes
2013,exp_acyclic_indvary2_step3_batch_yyy02.pl,z4,no,0.2,no,corr,0.0,None,None,None,yes
2014,exp_acyclic_indvary2_step3_batch_yyy02.pl,c1,yes,0.27,yes,corr,0.0,None,None,None,no
2015,exp_acyclic_indvary2_step3_batch_yyy02.pl,b6,no,0.2,no,corr,0.0,None,None,None,yes
2016,exp_acyclic_indvary2_step3_batch_yyy02.pl,u2,yes,0.75,yes,corr,1.0,None,None,None,no
2017,exp_acyclic_indvary2_step3_batch_yyy02.pl,y5,no,0.64,no,corr,0.0,None,None,None,yes
2018,exp_acyclic_indvary2_step3_batch_yyy02.pl,x4,no,0.26,no,corr,0.0,None,None,None,yes
2019,exp_acyclic_indvary2_step3_batch_yyy02.pl,t4,no,0.41,no,corr,0.0,None,None,None,yes
2020,exp_acyclic_indvary2_step3_batch_yyy02.pl,s3,no,0.42,no,corr,0.0,None,None,None,yes
2021,exp_acyclic_indvary2_step3_batch_yyy03.pl,v2,yes,0.34,yes,corr,1.0,None,None,None,no
2022,exp_acyclic_indvary2_step3_batch_yyy03.pl,d4,no,0.23,no,corr,0.0,None,None,None,yes
2023,exp_acyclic_indvary2_step3_batch_yyy03.pl,v1,no,0.28,no,corr,3.0,None,None,None,no
2024,exp_acyclic_indvary2_step3_batch_yyy03.pl,v4,no,0.2,no,corr,0.0,None,None,None,yes
2025,exp_acyclic_indvary2_step3_batch_yyy03.pl,q2,yes,0.44,yes,corr,1.0,None,None,None,no
2026,exp_acyclic_indvary2_step3_batch_yyy03.pl,c5,no,0.59,no,corr,0.0,None,None,None,yes
2027,exp_acyclic_indvary2_step3_batch_yyy03.pl,c2,no,0.61,no,corr,1.0,None,None,None,no
2028,exp_acyclic_indvary2_step3_batch_yyy03.pl,a5,no,0.33,no,corr,0.0,None,None,None,yes
2029,exp_acyclic_indvary2_step3_batch_yyy03.pl,y1,no,0.27,no,corr,0.0,None,None,None,yes
2030,exp_acyclic_indvary2_step3_batch_yyy03.pl,r1,no,0.45,no,corr,4.0,None,None,None,no
2031,exp_acyclic_indvary2_step3_batch_yyy04.pl,u5,no,0.42,no,corr,0.0,None,None,None,yes
2032,exp_acyclic_indvary2_step3_batch_yyy04.pl,d4,no,0.23,no,corr,0.0,None,None,None,yes
2033,exp_acyclic_indvary2_step3_batch_yyy04.pl,u7,no,0.5,no,corr,0.0,None,None,None,yes
2034,exp_acyclic_indvary2_step3_batch_yyy04.pl,x7,no,0.5,no,corr,0.0,None,None,None,yes
2035,exp_acyclic_indvary2_step3_batch_yyy04.pl,f5,no,0.28,no,corr,0.0,None,None,None,yes
2036,exp_acyclic_indvary2_step3_batch_yyy04.pl,p3,yes,0.4,yes,corr,1.0,None,None,None,no
2037,exp_acyclic_indvary2_step3_batch_yyy04.pl,v4,no,0.2,no,corr,0.0,None,None,None,yes
2038,exp_acyclic_indvary2_step3_batch_yyy04.pl,q3,no,0.27,no,corr,0.0,None,None,None,yes
2039,exp_acyclic_indvary2_step3_batch_yyy04.pl,t1,yes,0.41,yes,corr,1.0,None,None,None,no
2040,exp_acyclic_indvary2_step3_batch_yyy04.pl,w3,no,0.44,no,corr,0.0,None,None,None,yes
2041,exp_acyclic_indvary2_step3_batch_yyy05.pl,r6,no,0.4,no,corr,0.0,None,None,None,yes
2042,exp_acyclic_indvary2_step3_batch_yyy05.pl,b1,yes,0.19,yes,corr,1.0,None,None,None,no
2043,exp_acyclic_indvary2_step3_batch_yyy05.pl,w1,yes,0.23,yes,corr,1.0,None,None,None,no
2044,exp_acyclic_indvary2_step3_batch_yyy05.pl,q7,no,0.31,no,corr,0.0,None,None,None,yes
2045,exp_acyclic_indvary2_step3_batch_yyy05.pl,z6,no,0.88,no,corr,0.0,None,None,None,yes
2046,exp_acyclic_indvary2_step3_batch_yyy05.pl,b2,no,0.66,no,corr,4.0,None,None,None,no
2047,exp_acyclic_indvary2_step3_batch_yyy05.pl,v4,no,0.44,no,corr,0.0,None,None,None,yes
2048,exp_acyclic_indvary2_step3_batch_yyy05.pl,e3,no,0.18,no,corr,0.0,None,None,None,yes
2049,exp_acyclic_indvary2_step3_batch_yyy05.pl,a2,no,0.41,no,corr,1.0,None,None,None,no
2050,exp_acyclic_indvary2_step3_batch_yyy05.pl,w3,no,0.36,no,corr,0.0,None,None,None,yes
2051,exp_acyclic_indvary2_step3_batch_yyy06.pl,t4,no,0.33,no,corr,0.0,None,None,None,yes
2052,exp_acyclic_indvary2_step3_batch_yyy06.pl,x3,no,0.26,no,corr,0.0,None,None,None,yes
2053,exp_acyclic_indvary2_step3_batch_yyy06.pl,t3,no,0.21,no,corr,0.0,None,None,None,yes
2054,exp_acyclic_indvary2_step3_batch_yyy06.pl,a5,no,0.39,no,corr,0.0,None,None,None,yes
2055,exp_acyclic_indvary2_step3_batch_yyy06.pl,w1,yes,0.26,yes,corr,1.0,None,None,None,no
2056,exp_acyclic_indvary2_step3_batch_yyy06.pl,b5,no,0.21,no,corr,0.0,None,None,None,yes
2057,exp_acyclic_indvary2_step3_batch_yyy06.pl,z3,no,0.19,no,corr,0.0,None,None,None,yes
2058,exp_acyclic_indvary2_step3_batch_yyy06.pl,r3,no,0.32,no,corr,5.0,None,None,None,no
2059,exp_acyclic_indvary2_step3_batch_yyy06.pl,q7,no,0.31,no,corr,0.0,None,None,None,yes
2060,exp_acyclic_indvary2_step3_batch_yyy06.pl,q2,yes,0.4,yes,corr,1.0,None,None,None,no
2061,exp_acyclic_indvary2_step3_batch_yyy07.pl,y4,no,0.56,no,corr,0.0,None,None,None,yes
2062,exp_acyclic_indvary2_step3_batch_yyy07.pl,q5,no,0.2,no,corr,0.0,None,None,None,yes
2063,exp_acyclic_indvary2_step3_batch_yyy07.pl,w1,yes,0.35,yes,corr,1.0,None,None,None,no
2064,exp_acyclic_indvary2_step3_batch_yyy07.pl,f3,no,0.38,no,corr,0.0,None,None,None,yes
2065,exp_acyclic_indvary2_step3_batch_yyy07.pl,r4,no,0.31,no,corr,0.0,None,None,None,yes
2066,exp_acyclic_indvary2_step3_batch_yyy07.pl,q1,yes,0.24,yes,corr,1.0,None,None,None,no
2067,exp_acyclic_indvary2_step3_batch_yyy07.pl,z5,no,0.4,no,corr,0.0,None,None,None,yes
2068,exp_acyclic_indvary2_step3_batch_yyy07.pl,v2,no,0.32,no,corr,0.0,None,None,None,yes
2069,exp_acyclic_indvary2_step3_batch_yyy07.pl,a4,no,0.34,no,corr,0.0,None,None,None,yes
2070,exp_acyclic_indvary2_step3_batch_yyy07.pl,w6,no,0.31,no,corr,0.0,None,None,None,yes
2071,exp_acyclic_indvary2_step3_batch_yyy08.pl,d5,no,0.24,no,corr,0.0,None,None,None,yes
2072,exp_acyclic_indvary2_step3_batch_yyy08.pl,t5,no,0.19,no,corr,0.0,None,None,None,yes
2073,exp_acyclic_indvary2_step3_batch_yyy08.pl,w7,no,0.2,no,corr,0.0,None,None,None,yes
2074,exp_acyclic_indvary2_step3_batch_yyy08.pl,a4,no,0.81,no,corr,0.0,None,None,None,yes
2075,exp_acyclic_indvary2_step3_batch_yyy08.pl,r5,no,0.39,no,corr,0.0,None,None,None,yes
2076,exp_acyclic_indvary2_step3_batch_yyy08.pl,u3,no,0.48,no,corr,0.0,None,None,None,yes
2077,exp_acyclic_indvary2_step3_batch_yyy08.pl,r2,no,0.47,no,corr,4.0,None,None,None,no
2078,exp_acyclic_indvary2_step3_batch_yyy08.pl,y6,no,0.49,no,corr,0.0,None,None,None,yes
2079,exp_acyclic_indvary2_step3_batch_yyy08.pl,p4,no,0.5,no,corr,0.0,None,None,None,yes
2080,exp_acyclic_indvary2_step3_batch_yyy08.pl,x3,no,0.21,no,corr,0.0,None,None,None,yes
2081,exp_acyclic_indvary2_step3_batch_yyy09.pl,b1,no,0.24,no,corr,1.0,None,None,None,no
2082,exp_acyclic_indvary2_step3_batch_yyy09.pl,r5,no,0.21,no,corr,0.0,None,None,None,yes
2083,exp_acyclic_indvary2_step3_batch_yyy09.pl,a3,yes,0.26,yes,corr,1.0,None,None,None,no
2084,exp_acyclic_indvary2_step3_batch_yyy09.pl,a1,yes,0.27,yes,corr,0.0,None,None,None,no
2085,exp_acyclic_indvary2_step3_batch_yyy09.pl,f2,no,0.27,no,corr,1.0,None,None,None,no
2086,exp_acyclic_indvary2_step3_batch_yyy09.pl,v1,yes,0.24,yes,corr,1.0,None,None,None,no
2087,exp_acyclic_indvary2_step3_batch_yyy09.pl,p3,no,0.33,no,corr,5.0,None,None,None,no
2088,exp_acyclic_indvary2_step3_batch_yyy09.pl,c1,no,0.29,no,corr,2.0,None,None,None,no
2089,exp_acyclic_indvary2_step3_batch_yyy09.pl,c6,no,0.31,no,corr,0.0,None,None,None,yes
2090,exp_acyclic_indvary2_step3_batch_yyy09.pl,z2,no,0.43,no,corr,0.0,None,None,None,yes
2091,exp_acyclic_indvary2_step3_batch_yyy10.pl,w2,yes,0.28,yes,corr,1.0,None,None,None,no
2092,exp_acyclic_indvary2_step3_batch_yyy10.pl,u3,no,0.16,no,corr,0.0,None,None,None,yes
2093,exp_acyclic_indvary2_step3_batch_yyy10.pl,p1,yes,0.45,yes,corr,1.0,None,None,None,no
2094,exp_acyclic_indvary2_step3_batch_yyy10.pl,p7,no,0.18,no,corr,0.0,None,None,None,yes
2095,exp_acyclic_indvary2_step3_batch_yyy10.pl,p5,no,0.22,no,corr,0.0,None,None,None,yes
2096,exp_acyclic_indvary2_step3_batch_yyy10.pl,c2,no,0.39,no,corr,4.0,None,None,None,no
2097,exp_acyclic_indvary2_step3_batch_yyy10.pl,t6,no,0.23,no,corr,0.0,None,None,None,yes
2098,exp_acyclic_indvary2_step3_batch_yyy10.pl,d1,no,0.31,no,corr,5.0,None,None,None,no
2099,exp_acyclic_indvary2_step3_batch_yyy10.pl,u2,yes,0.26,yes,corr,1.0,None,None,None,no
2100,exp_acyclic_indvary2_step3_batch_yyy10.pl,t1,yes,0.19,yes,corr,1.0,None,None,None,no
2101,exp_acyclic_indvary2_step4_batch_yyy01.pl,p4,no,0.27,no,corr,0.0,None,None,None,yes
2102,exp_acyclic_indvary2_step4_batch_yyy01.pl,e5,no,0.21,no,corr,0.0,None,None,None,yes
2103,exp_acyclic_indvary2_step4_batch_yyy01.pl,d3,no,0.28,no,corr,0.0,None,None,None,yes
2104,exp_acyclic_indvary2_step4_batch_yyy01.pl,s1,yes,0.19,yes,corr,1.0,None,None,None,no
2105,exp_acyclic_indvary2_step4_batch_yyy01.pl,t5,no,0.29,no,corr,0.0,None,None,None,yes
2106,exp_acyclic_indvary2_step4_batch_yyy01.pl,s3,no,0.24,no,corr,0.0,None,None,None,yes
2107,exp_acyclic_indvary2_step4_batch_yyy01.pl,r3,no,0.24,no,corr,0.0,None,None,None,yes
2108,exp_acyclic_indvary2_step4_batch_yyy01.pl,d1,no,0.23,no,corr,1.0,None,None,None,no
2109,exp_acyclic_indvary2_step4_batch_yyy01.pl,x4,no,0.22,no,corr,0.0,None,None,None,yes
2110,exp_acyclic_indvary2_step4_batch_yyy01.pl,w3,no,0.42,no,corr,0.0,None,None,None,yes
2111,exp_acyclic_indvary2_step4_batch_yyy02.pl,u5,no,0.23,no,corr,0.0,None,None,None,yes
2112,exp_acyclic_indvary2_step4_batch_yyy02.pl,c3,no,0.4,no,corr,4.0,None,None,None,no
2113,exp_acyclic_indvary2_step4_batch_yyy02.pl,z6,no,0.22,no,corr,0.0,None,None,None,yes
2114,exp_acyclic_indvary2_step4_batch_yyy02.pl,p7,no,0.2,no,corr,0.0,None,None,None,yes
2115,exp_acyclic_indvary2_step4_batch_yyy02.pl,w5,no,0.22,no,corr,0.0,None,None,None,yes
2116,exp_acyclic_indvary2_step4_batch_yyy02.pl,r3,yes,0.27,yes,corr,1.0,None,None,None,no
2117,exp_acyclic_indvary2_step4_batch_yyy02.pl,p1,yes,0.28,yes,corr,1.0,None,None,None,no
2118,exp_acyclic_indvary2_step4_batch_yyy02.pl,a2,yes,0.39,yes,corr,1.0,None,None,None,no
2119,exp_acyclic_indvary2_step4_batch_yyy02.pl,u3,no,0.22,no,corr,0.0,None,None,None,yes
2120,exp_acyclic_indvary2_step4_batch_yyy02.pl,r4,no,0.23,no,corr,0.0,None,None,None,yes
2121,exp_acyclic_indvary2_step4_batch_yyy03.pl,b2,yes,0.3,yes,corr,1.0,None,None,None,no
2122,exp_acyclic_indvary2_step4_batch_yyy03.pl,d3,no,0.17,no,corr,0.0,None,None,None,yes
2123,exp_acyclic_indvary2_step4_batch_yyy03.pl,w6,no,0.25,no,corr,0.0,None,None,None,yes
2124,exp_acyclic_indvary2_step4_batch_yyy03.pl,c1,no,0.38,no,corr,4.0,None,None,None,no
2125,exp_acyclic_indvary2_step4_batch_yyy03.pl,s1,yes,0.23,yes,corr,1.0,None,None,None,no
2126,exp_acyclic_indvary2_step4_batch_yyy03.pl,q3,yes,0.39,yes,corr,1.0,None,None,None,no
2127,exp_acyclic_indvary2_step4_batch_yyy03.pl,b6,no,0.56,no,corr,0.0,None,None,None,yes
2128,exp_acyclic_indvary2_step4_batch_yyy03.pl,y5,no,0.67,no,corr,0.0,None,None,None,yes
2129,exp_acyclic_indvary2_step4_batch_yyy03.pl,a2,yes,0.27,yes,corr,0.0,None,None,None,no
2130,exp_acyclic_indvary2_step4_batch_yyy03.pl,w3,no,0.23,no,corr,0.0,None,None,None,yes
2131,exp_acyclic_indvary2_step4_batch_yyy04.pl,t5,no,0.29,no,corr,0.0,None,None,None,yes
2132,exp_acyclic_indvary2_step4_batch_yyy04.pl,a6,no,0.38,no,corr,0.0,None,None,None,yes
2133,exp_acyclic_indvary2_step4_batch_yyy04.pl,r5,no,0.24,no,corr,0.0,None,None,None,yes
2134,exp_acyclic_indvary2_step4_batch_yyy04.pl,v1,yes,0.2,yes,corr,1.0,None,None,None,no
2135,exp_acyclic_indvary2_step4_batch_yyy04.pl,x6,no,0.26,no,corr,0.0,None,None,None,yes
2136,exp_acyclic_indvary2_step4_batch_yyy04.pl,q1,yes,0.63,yes,corr,1.0,None,None,None,no
2137,exp_acyclic_indvary2_step4_batch_yyy04.pl,w2,yes,0.26,yes,corr,1.0,None,None,None,no
2138,exp_acyclic_indvary2_step4_batch_yyy04.pl,u1,yes,0.31,yes,corr,1.0,None,None,None,no
2139,exp_acyclic_indvary2_step4_batch_yyy04.pl,a2,yes,0.25,yes,corr,1.0,None,None,None,no
2140,exp_acyclic_indvary2_step4_batch_yyy04.pl,x4,no,0.33,no,corr,0.0,None,None,None,yes
2141,exp_acyclic_indvary2_step4_batch_yyy05.pl,p5,no,0.24,no,corr,0.0,None,None,None,yes
2142,exp_acyclic_indvary2_step4_batch_yyy05.pl,t3,no,0.33,no,corr,0.0,None,None,None,yes
2143,exp_acyclic_indvary2_step4_batch_yyy05.pl,t6,no,0.18,no,corr,0.0,None,None,None,yes
2144,exp_acyclic_indvary2_step4_batch_yyy05.pl,a4,no,0.31,no,corr,0.0,None,None,None,yes
2145,exp_acyclic_indvary2_step4_batch_yyy05.pl,v4,no,0.29,no,corr,0.0,None,None,None,yes
2146,exp_acyclic_indvary2_step4_batch_yyy05.pl,f4,no,0.26,no,corr,0.0,None,None,None,yes
2147,exp_acyclic_indvary2_step4_batch_yyy05.pl,x6,no,0.32,no,corr,0.0,None,None,None,yes
2148,exp_acyclic_indvary2_step4_batch_yyy05.pl,p1,yes,0.26,yes,corr,1.0,None,None,None,no
2149,exp_acyclic_indvary2_step4_batch_yyy05.pl,a6,no,0.33,no,corr,0.0,None,None,None,yes
2150,exp_acyclic_indvary2_step4_batch_yyy05.pl,w7,no,0.2,no,corr,0.0,None,None,None,yes
2151,exp_acyclic_indvary2_step4_batch_yyy06.pl,d5,no,0.32,no,corr,0.0,None,None,None,yes
2152,exp_acyclic_indvary2_step4_batch_yyy06.pl,p7,no,0.16,no,corr,0.0,None,None,None,yes
2153,exp_acyclic_indvary2_step4_batch_yyy06.pl,v5,no,0.23,no,corr,0.0,None,None,None,yes
2154,exp_acyclic_indvary2_step4_batch_yyy06.pl,b1,yes,0.35,yes,corr,0.0,None,None,None,no
2155,exp_acyclic_indvary2_step4_batch_yyy06.pl,p3,yes,0.21,yes,corr,1.0,None,None,None,no
2156,exp_acyclic_indvary2_step4_batch_yyy06.pl,f3,no,0.26,no,corr,0.0,None,None,None,yes
2157,exp_acyclic_indvary2_step4_batch_yyy06.pl,e3,no,0.18,no,corr,0.0,None,None,None,yes
2158,exp_acyclic_indvary2_step4_batch_yyy06.pl,a3,yes,0.29,yes,corr,0.0,None,None,None,no
2159,exp_acyclic_indvary2_step4_batch_yyy06.pl,r7,no,0.27,no,corr,0.0,None,None,None,yes
2160,exp_acyclic_indvary2_step4_batch_yyy06.pl,d1,yes,0.23,yes,corr,1.0,None,None,None,no
2161,exp_acyclic_indvary2_step4_batch_yyy07.pl,w2,yes,0.42,yes,corr,2.0,None,None,None,no
2162,exp_acyclic_indvary2_step4_batch_yyy07.pl,u4,no,0.33,no,corr,0.0,None,None,None,yes
2163,exp_acyclic_indvary2_step4_batch_yyy07.pl,z1,no,0.18,no,corr,0.0,None,None,None,yes
2164,exp_acyclic_indvary2_step4_batch_yyy07.pl,v1,no,0.2,no,corr,0.0,None,None,None,yes
2165,exp_acyclic_indvary2_step4_batch_yyy07.pl,s1,yes,0.19,yes,corr,1.0,None,None,None,no
2166,exp_acyclic_indvary2_step4_batch_yyy07.pl,z3,no,0.34,no,corr,0.0,None,None,None,yes
2167,exp_acyclic_indvary2_step4_batch_yyy07.pl,s4,no,0.27,no,corr,0.0,None,None,None,yes
2168,exp_acyclic_indvary2_step4_batch_yyy07.pl,y4,no,0.36,no,corr,0.0,None,None,None,yes
2169,exp_acyclic_indvary2_step4_batch_yyy07.pl,t2,no,0.39,no,corr,0.0,None,None,None,yes
2170,exp_acyclic_indvary2_step4_batch_yyy07.pl,t7,no,0.23,no,corr,0.0,None,None,None,yes
2171,exp_acyclic_indvary2_step4_batch_yyy08.pl,u6,no,0.27,no,corr,0.0,None,None,None,yes
2172,exp_acyclic_indvary2_step4_batch_yyy08.pl,f5,no,0.59,no,corr,0.0,None,None,None,yes
2173,exp_acyclic_indvary2_step4_batch_yyy08.pl,f3,no,0.87,no,corr,0.0,None,None,None,yes
2174,exp_acyclic_indvary2_step4_batch_yyy08.pl,t7,no,0.69,no,corr,0.0,None,None,None,yes
2175,exp_acyclic_indvary2_step4_batch_yyy08.pl,v4,no,0.36,no,corr,0.0,None,None,None,yes
2176,exp_acyclic_indvary2_step4_batch_yyy08.pl,s7,no,0.24,no,corr,0.0,None,None,None,yes
2177,exp_acyclic_indvary2_step4_batch_yyy08.pl,y2,yes,0.37,yes,corr,5.0,None,None,None,no
2178,exp_acyclic_indvary2_step4_batch_yyy08.pl,x6,no,0.31,no,corr,0.0,None,None,None,yes
2179,exp_acyclic_indvary2_step4_batch_yyy08.pl,r3,yes,0.48,yes,corr,1.0,None,None,None,no
2180,exp_acyclic_indvary2_step4_batch_yyy08.pl,t1,yes,0.28,yes,corr,1.0,None,None,None,no
2181,exp_acyclic_indvary2_step4_batch_yyy09.pl,e1,no,0.44,no,corr,1.0,None,None,None,no
2182,exp_acyclic_indvary2_step4_batch_yyy09.pl,s5,no,0.34,no,corr,0.0,None,None,None,yes
2183,exp_acyclic_indvary2_step4_batch_yyy09.pl,c5,no,0.4,no,corr,0.0,None,None,None,yes
2184,exp_acyclic_indvary2_step4_batch_yyy09.pl,x7,no,0.25,no,corr,0.0,None,None,None,yes
2185,exp_acyclic_indvary2_step4_batch_yyy09.pl,e3,no,0.22,no,corr,0.0,None,None,None,yes
2186,exp_acyclic_indvary2_step4_batch_yyy09.pl,p2,yes,0.18,yes,corr,1.0,None,None,None,no
2187,exp_acyclic_indvary2_step4_batch_yyy09.pl,y2,yes,0.26,yes,corr,1.0,None,None,None,no
2188,exp_acyclic_indvary2_step4_batch_yyy09.pl,r2,yes,0.22,yes,corr,1.0,None,None,None,no
2189,exp_acyclic_indvary2_step4_batch_yyy09.pl,b6,no,0.45,no,corr,0.0,None,None,None,yes
2190,exp_acyclic_indvary2_step4_batch_yyy09.pl,a1,yes,0.23,yes,corr,4.0,None,None,None,no
2191,exp_acyclic_indvary2_step4_batch_yyy10.pl,t5,no,0.29,no,corr,0.0,None,None,None,yes
2192,exp_acyclic_indvary2_step4_batch_yyy10.pl,z6,no,0.3,no,corr,0.0,None,None,None,yes
2193,exp_acyclic_indvary2_step4_batch_yyy10.pl,p7,no,0.22,no,corr,0.0,None,None,None,yes
2194,exp_acyclic_indvary2_step4_batch_yyy10.pl,z4,no,0.24,no,corr,0.0,None,None,None,yes
2195,exp_acyclic_indvary2_step4_batch_yyy10.pl,c1,no,0.45,no,corr,1.0,None,None,None,no
2196,exp_acyclic_indvary2_step4_batch_yyy10.pl,r7,no,0.3,no,corr,0.0,None,None,None,yes
2197,exp_acyclic_indvary2_step4_batch_yyy10.pl,u2,yes,0.24,yes,corr,1.0,None,None,None,no
2198,exp_acyclic_indvary2_step4_batch_yyy10.pl,x4,no,0.18,no,corr,0.0,None,None,None,yes
2199,exp_acyclic_indvary2_step4_batch_yyy10.pl,y2,yes,0.28,yes,corr,1.0,None,None,None,no
2200,exp_acyclic_indvary2_step4_batch_yyy10.pl,x1,yes,0.29,yes,corr,1.0,None,None,None,no
2201,exp_acyclic_indvary2_step5_batch_yyy01.pl,d3,no,0.24,no,corr,0.0,None,None,None,yes
2202,exp_acyclic_indvary2_step5_batch_yyy01.pl,u7,no,0.39,no,corr,0.0,None,None,None,yes
2203,exp_acyclic_indvary2_step5_batch_yyy01.pl,e4,no,0.33,no,corr,0.0,None,None,None,yes
2204,exp_acyclic_indvary2_step5_batch_yyy01.pl,f3,no,0.38,no,corr,0.0,None,None,None,yes
2205,exp_acyclic_indvary2_step5_batch_yyy01.pl,t2,no,0.46,no,corr,0.0,None,None,None,yes
2206,exp_acyclic_indvary2_step5_batch_yyy01.pl,v4,no,0.33,no,corr,0.0,None,None,None,yes
2207,exp_acyclic_indvary2_step5_batch_yyy01.pl,a3,no,0.39,no,corr,6.0,None,None,None,no
2208,exp_acyclic_indvary2_step5_batch_yyy01.pl,y6,no,0.27,no,corr,0.0,None,None,None,yes
2209,exp_acyclic_indvary2_step5_batch_yyy01.pl,s2,yes,0.24,yes,corr,1.0,None,None,None,no
2210,exp_acyclic_indvary2_step5_batch_yyy01.pl,z1,yes,0.21,yes,corr,1.0,None,None,None,no
2211,exp_acyclic_indvary2_step5_batch_yyy02.pl,s3,no,0.3,no,corr,0.0,None,None,None,yes
2212,exp_acyclic_indvary2_step5_batch_yyy02.pl,v7,no,0.2,no,corr,0.0,None,None,None,yes
2213,exp_acyclic_indvary2_step5_batch_yyy02.pl,v2,yes,0.33,yes,corr,2.0,None,None,None,no
2214,exp_acyclic_indvary2_step5_batch_yyy02.pl,w1,yes,0.26,yes,corr,1.0,None,None,None,no
2215,exp_acyclic_indvary2_step5_batch_yyy02.pl,r4,no,0.24,no,corr,0.0,None,None,None,yes
2216,exp_acyclic_indvary2_step5_batch_yyy02.pl,p2,no,0.31,no,corr,0.0,None,None,None,yes
2217,exp_acyclic_indvary2_step5_batch_yyy02.pl,d1,yes,0.25,yes,corr,1.0,None,None,None,no
2218,exp_acyclic_indvary2_step5_batch_yyy02.pl,q2,yes,0.2,yes,corr,2.0,None,None,None,no
2219,exp_acyclic_indvary2_step5_batch_yyy02.pl,b6,no,0.23,no,corr,0.0,None,None,None,yes
2220,exp_acyclic_indvary2_step5_batch_yyy02.pl,a1,no,0.29,no,corr,1.0,None,None,None,no
2221,exp_acyclic_indvary2_step5_batch_yyy03.pl,u6,no,0.23,no,corr,0.0,None,None,None,yes
2222,exp_acyclic_indvary2_step5_batch_yyy03.pl,p5,no,0.25,no,corr,0.0,None,None,None,yes
2223,exp_acyclic_indvary2_step5_batch_yyy03.pl,r6,no,0.29,no,corr,0.0,None,None,None,yes
2224,exp_acyclic_indvary2_step5_batch_yyy03.pl,v5,no,0.32,no,corr,0.0,None,None,None,yes
2225,exp_acyclic_indvary2_step5_batch_yyy03.pl,u3,no,0.41,no,corr,0.0,None,None,None,yes
2226,exp_acyclic_indvary2_step5_batch_yyy03.pl,p2,no,0.3,no,corr,0.0,None,None,None,yes
2227,exp_acyclic_indvary2_step5_batch_yyy03.pl,r7,no,0.6,no,corr,0.0,None,None,None,yes
2228,exp_acyclic_indvary2_step5_batch_yyy03.pl,e2,no,0.44,no,corr,6.0,None,None,None,no
2229,exp_acyclic_indvary2_step5_batch_yyy03.pl,c6,no,0.23,no,corr,0.0,None,None,None,yes
2230,exp_acyclic_indvary2_step5_batch_yyy03.pl,b5,no,0.24,no,corr,0.0,None,None,None,yes
2231,exp_acyclic_indvary2_step5_batch_yyy04.pl,c4,no,0.24,no,corr,0.0,None,None,None,yes
2232,exp_acyclic_indvary2_step5_batch_yyy04.pl,s4,no,0.36,no,corr,0.0,None,None,None,yes
2233,exp_acyclic_indvary2_step5_batch_yyy04.pl,v2,yes,0.53,yes,corr,1.0,None,None,None,no
2234,exp_acyclic_indvary2_step5_batch_yyy04.pl,x2,yes,0.34,yes,corr,1.0,None,None,None,no
2235,exp_acyclic_indvary2_step5_batch_yyy04.pl,y2,yes,0.33,yes,corr,1.0,None,None,None,no
2236,exp_acyclic_indvary2_step5_batch_yyy04.pl,x5,no,0.26,no,corr,0.0,None,None,None,yes
2237,exp_acyclic_indvary2_step5_batch_yyy04.pl,c1,yes,0.24,yes,corr,1.0,None,None,None,no
2238,exp_acyclic_indvary2_step5_batch_yyy04.pl,t7,no,0.21,no,corr,0.0,None,None,None,yes
2239,exp_acyclic_indvary2_step5_batch_yyy04.pl,x4,no,0.28,no,corr,0.0,None,None,None,yes
2240,exp_acyclic_indvary2_step5_batch_yyy04.pl,w3,no,0.21,no,corr,0.0,None,None,None,yes
2241,exp_acyclic_indvary2_step5_batch_yyy05.pl,z6,no,0.22,no,corr,0.0,None,None,None,yes
2242,exp_acyclic_indvary2_step5_batch_yyy05.pl,p5,no,0.32,no,corr,0.0,None,None,None,yes
2243,exp_acyclic_indvary2_step5_batch_yyy05.pl,w2,yes,0.23,yes,corr,4.0,None,None,None,no
2244,exp_acyclic_indvary2_step5_batch_yyy05.pl,w5,no,0.23,no,corr,0.0,None,None,None,yes
2245,exp_acyclic_indvary2_step5_batch_yyy05.pl,z2,yes,0.61,yes,corr,1.0,None,None,None,no
2246,exp_acyclic_indvary2_step5_batch_yyy05.pl,d2,no,0.36,no,corr,5.0,None,None,None,no
2247,exp_acyclic_indvary2_step5_batch_yyy05.pl,u2,yes,0.22,yes,corr,1.0,None,None,None,no
2248,exp_acyclic_indvary2_step5_batch_yyy05.pl,x4,no,0.21,no,corr,0.0,None,None,None,yes
2249,exp_acyclic_indvary2_step5_batch_yyy05.pl,c3,no,0.25,no,corr,2.0,None,None,None,no
2250,exp_acyclic_indvary2_step5_batch_yyy05.pl,t5,no,0.18,no,corr,0.0,None,None,None,yes
2251,exp_acyclic_indvary2_step5_batch_yyy06.pl,y4,no,0.23,no,corr,0.0,None,None,None,yes
2252,exp_acyclic_indvary2_step5_batch_yyy06.pl,t3,no,0.2,no,corr,0.0,None,None,None,yes
2253,exp_acyclic_indvary2_step5_batch_yyy06.pl,x7,no,0.23,no,corr,0.0,None,None,None,yes
2254,exp_acyclic_indvary2_step5_batch_yyy06.pl,a4,no,0.26,no,corr,0.0,None,None,None,yes
2255,exp_acyclic_indvary2_step5_batch_yyy06.pl,w4,no,0.24,no,corr,0.0,None,None,None,yes
2256,exp_acyclic_indvary2_step5_batch_yyy06.pl,t7,no,0.31,no,corr,0.0,None,None,None,yes
2257,exp_acyclic_indvary2_step5_batch_yyy06.pl,q3,yes,0.32,yes,corr,1.0,None,None,None,no
2258,exp_acyclic_indvary2_step5_batch_yyy06.pl,v3,no,0.22,no,corr,0.0,None,None,None,yes
2259,exp_acyclic_indvary2_step5_batch_yyy06.pl,r3,yes,0.23,yes,corr,1.0,None,None,None,no
2260,exp_acyclic_indvary2_step5_batch_yyy06.pl,w3,no,0.41,no,corr,0.0,None,None,None,yes
2261,exp_acyclic_indvary2_step5_batch_yyy07.pl,u6,no,0.48,no,corr,0.0,None,None,None,yes
2262,exp_acyclic_indvary2_step5_batch_yyy07.pl,x3,no,0.34,no,corr,0.0,None,None,None,yes
2263,exp_acyclic_indvary2_step5_batch_yyy07.pl,e5,no,0.31,no,corr,0.0,None,None,None,yes
2264,exp_acyclic_indvary2_step5_batch_yyy07.pl,a5,no,0.29,no,corr,0.0,None,None,None,yes
2265,exp_acyclic_indvary2_step5_batch_yyy07.pl,r5,no,0.19,no,corr,0.0,None,None,None,yes
2266,exp_acyclic_indvary2_step5_batch_yyy07.pl,y6,no,0.25,no,corr,0.0,None,None,None,yes
2267,exp_acyclic_indvary2_step5_batch_yyy07.pl,c3,no,0.22,no,corr,1.0,None,None,None,no
2268,exp_acyclic_indvary2_step5_batch_yyy07.pl,t5,no,0.23,no,corr,0.0,None,None,None,yes
2269,exp_acyclic_indvary2_step5_batch_yyy07.pl,b3,no,0.26,no,corr,2.0,None,None,None,no
2270,exp_acyclic_indvary2_step5_batch_yyy07.pl,w7,no,0.21,no,corr,0.0,None,None,None,yes
2271,exp_acyclic_indvary2_step5_batch_yyy08.pl,d5,no,0.23,no,corr,0.0,None,None,None,yes
2272,exp_acyclic_indvary2_step5_batch_yyy08.pl,c3,no,0.29,no,corr,5.0,None,None,None,no
2273,exp_acyclic_indvary2_step5_batch_yyy08.pl,q6,no,0.2,no,corr,0.0,None,None,None,yes
2274,exp_acyclic_indvary2_step5_batch_yyy08.pl,e5,no,0.4,no,corr,0.0,None,None,None,yes
2275,exp_acyclic_indvary2_step5_batch_yyy08.pl,c5,no,0.35,no,corr,0.0,None,None,None,yes
2276,exp_acyclic_indvary2_step5_batch_yyy08.pl,e4,no,0.45,no,corr,0.0,None,None,None,yes
2277,exp_acyclic_indvary2_step5_batch_yyy08.pl,w4,no,0.25,no,corr,0.0,None,None,None,yes
2278,exp_acyclic_indvary2_step5_batch_yyy08.pl,v4,no,0.22,no,corr,0.0,None,None,None,yes
2279,exp_acyclic_indvary2_step5_batch_yyy08.pl,s7,no,0.31,no,corr,0.0,None,None,None,yes
2280,exp_acyclic_indvary2_step5_batch_yyy08.pl,p1,yes,0.31,yes,corr,1.0,None,None,None,no
2281,exp_acyclic_indvary2_step5_batch_yyy09.pl,a6,no,0.21,no,corr,0.0,None,None,None,yes
2282,exp_acyclic_indvary2_step5_batch_yyy09.pl,d4,no,0.31,no,corr,0.0,None,None,None,yes
2283,exp_acyclic_indvary2_step5_batch_yyy09.pl,u7,no,0.82,no,corr,0.0,None,None,None,yes
2284,exp_acyclic_indvary2_step5_batch_yyy09.pl,c5,no,0.26,no,corr,0.0,None,None,None,yes
2285,exp_acyclic_indvary2_step5_batch_yyy09.pl,a4,no,0.54,no,corr,0.0,None,None,None,yes
2286,exp_acyclic_indvary2_step5_batch_yyy09.pl,x5,no,0.55,no,corr,0.0,None,None,None,yes
2287,exp_acyclic_indvary2_step5_batch_yyy09.pl,a3,no,0.52,no,corr,7.0,None,None,None,no
2288,exp_acyclic_indvary2_step5_batch_yyy09.pl,y2,no,0.44,no,corr,0.0,None,None,None,yes
2289,exp_acyclic_indvary2_step5_batch_yyy09.pl,v1,yes,0.34,yes,corr,1.0,None,None,None,no
2290,exp_acyclic_indvary2_step5_batch_yyy09.pl,p3,yes,0.21,yes,corr,1.0,None,None,None,no
2291,exp_acyclic_indvary2_step5_batch_yyy10.pl,v7,no,0.57,no,corr,0.0,None,None,None,yes
2292,exp_acyclic_indvary2_step5_batch_yyy10.pl,v2,yes,0.22,yes,corr,1.0,None,None,None,no
2293,exp_acyclic_indvary2_step5_batch_yyy10.pl,u1,yes,0.25,yes,corr,1.0,None,None,None,no
2294,exp_acyclic_indvary2_step5_batch_yyy10.pl,d3,no,0.32,no,corr,0.0,None,None,None,yes
2295,exp_acyclic_indvary2_step5_batch_yyy10.pl,z1,yes,0.23,yes,corr,1.0,None,None,None,no
2296,exp_acyclic_indvary2_step5_batch_yyy10.pl,q4,no,0.24,no,corr,0.0,None,None,None,yes
2297,exp_acyclic_indvary2_step5_batch_yyy10.pl,v1,yes,0.3,yes,corr,1.0,None,None,None,no
2298,exp_acyclic_indvary2_step5_batch_yyy10.pl,t2,yes,0.23,yes,corr,1.0,None,None,None,no
2299,exp_acyclic_indvary2_step5_batch_yyy10.pl,s7,no,0.26,no,corr,0.0,None,None,None,yes
2300,exp_acyclic_indvary2_step5_batch_yyy10.pl,w3,no,0.18,no,corr,0.0,None,None,None,yes
2301,exp_acyclic_indvary2_step6_batch_yyy01.pl,v2,no,0.25,no,corr,0.0,None,None,None,yes
2302,exp_acyclic_indvary2_step6_batch_yyy01.pl,u4,no,0.18,no,corr,0.0,None,None,None,yes
2303,exp_acyclic_indvary2_step6_batch_yyy01.pl,w5,no,0.21,no,corr,0.0,None,None,None,yes
2304,exp_acyclic_indvary2_step6_batch_yyy01.pl,t7,no,0.22,no,corr,0.0,None,None,None,yes
2305,exp_acyclic_indvary2_step6_batch_yyy01.pl,x6,no,0.45,no,corr,0.0,None,None,None,yes
2306,exp_acyclic_indvary2_step6_batch_yyy01.pl,r2,no,0.41,no,corr,0.0,None,None,None,yes
2307,exp_acyclic_indvary2_step6_batch_yyy01.pl,a6,no,0.25,no,corr,0.0,None,None,None,yes
2308,exp_acyclic_indvary2_step6_batch_yyy01.pl,s4,no,0.22,no,corr,0.0,None,None,None,yes
2309,exp_acyclic_indvary2_step6_batch_yyy01.pl,f1,no,0.45,no,corr,4.0,None,None,None,no
2310,exp_acyclic_indvary2_step6_batch_yyy01.pl,e5,no,0.44,no,corr,0.0,None,None,None,yes
2311,exp_acyclic_indvary2_step6_batch_yyy02.pl,z6,no,0.26,no,corr,0.0,None,None,None,yes
2312,exp_acyclic_indvary2_step6_batch_yyy02.pl,x3,no,0.21,no,corr,0.0,None,None,None,yes
2313,exp_acyclic_indvary2_step6_batch_yyy02.pl,v5,no,0.26,no,corr,0.0,None,None,None,yes
2314,exp_acyclic_indvary2_step6_batch_yyy02.pl,s5,no,0.24,no,corr,0.0,None,None,None,yes
2315,exp_acyclic_indvary2_step6_batch_yyy02.pl,a5,no,0.22,no,corr,0.0,None,None,None,yes
2316,exp_acyclic_indvary2_step6_batch_yyy02.pl,t2,yes,0.22,yes,corr,1.0,None,None,None,no
2317,exp_acyclic_indvary2_step6_batch_yyy02.pl,d1,yes,0.22,yes,corr,3.0,None,None,None,no
2318,exp_acyclic_indvary2_step6_batch_yyy02.pl,q2,yes,0.27,yes,corr,1.0,None,None,None,no
2319,exp_acyclic_indvary2_step6_batch_yyy02.pl,w7,no,0.19,no,corr,0.0,None,None,None,yes
2320,exp_acyclic_indvary2_step6_batch_yyy02.pl,v7,no,0.28,no,corr,0.0,None,None,None,yes
2321,exp_acyclic_indvary2_step6_batch_yyy03.pl,v7,no,0.2,no,corr,0.0,None,None,None,yes
2322,exp_acyclic_indvary2_step6_batch_yyy03.pl,x3,no,0.27,no,corr,0.0,None,None,None,yes
2323,exp_acyclic_indvary2_step6_batch_yyy03.pl,f1,no,0.22,no,corr,1.0,None,None,None,no
2324,exp_acyclic_indvary2_step6_batch_yyy03.pl,s2,no,0.27,no,corr,0.0,None,None,None,yes
2325,exp_acyclic_indvary2_step6_batch_yyy03.pl,c1,no,0.36,no,corr,1.0,None,None,None,no
2326,exp_acyclic_indvary2_step6_batch_yyy03.pl,s1,yes,0.76,yes,corr,1.0,None,None,None,no
2327,exp_acyclic_indvary2_step6_batch_yyy03.pl,a1,no,0.29,no,corr,1.0,None,None,None,no
2328,exp_acyclic_indvary2_step6_batch_yyy03.pl,u3,no,0.24,no,corr,0.0,None,None,None,yes
2329,exp_acyclic_indvary2_step6_batch_yyy03.pl,e3,no,0.17,no,corr,0.0,None,None,None,yes
2330,exp_acyclic_indvary2_step6_batch_yyy03.pl,r4,no,0.21,no,corr,0.0,None,None,None,yes
2331,exp_acyclic_indvary2_step6_batch_yyy04.pl,a6,no,0.43,no,corr,0.0,None,None,None,yes
2332,exp_acyclic_indvary2_step6_batch_yyy04.pl,u4,no,0.74,no,corr,0.0,None,None,None,yes
2333,exp_acyclic_indvary2_step6_batch_yyy04.pl,w5,no,0.3,no,corr,0.0,None,None,None,yes
2334,exp_acyclic_indvary2_step6_batch_yyy04.pl,c2,no,0.31,no,corr,1.0,None,None,None,no
2335,exp_acyclic_indvary2_step6_batch_yyy04.pl,e4,no,0.33,no,corr,0.0,None,None,None,yes
2336,exp_acyclic_indvary2_step6_batch_yyy04.pl,c6,no,0.54,no,corr,0.0,None,None,None,yes
2337,exp_acyclic_indvary2_step6_batch_yyy04.pl,a3,no,0.85,no,corr,1.0,None,None,None,no
2338,exp_acyclic_indvary2_step6_batch_yyy04.pl,y6,no,0.77,no,corr,0.0,None,None,None,yes
2339,exp_acyclic_indvary2_step6_batch_yyy04.pl,y1,yes,0.38,yes,corr,1.0,None,None,None,no
2340,exp_acyclic_indvary2_step6_batch_yyy04.pl,r1,no,0.24,no,corr,0.0,None,None,None,yes
2341,exp_acyclic_indvary2_step6_batch_yyy05.pl,e1,no,0.3,no,corr,4.0,None,None,None,no
2342,exp_acyclic_indvary2_step6_batch_yyy05.pl,c2,no,0.22,no,corr,1.0,None,None,None,no
2343,exp_acyclic_indvary2_step6_batch_yyy05.pl,x7,no,0.32,no,corr,0.0,None,None,None,yes
2344,exp_acyclic_indvary2_step6_batch_yyy05.pl,w6,no,0.34,no,corr,0.0,None,None,None,yes
2345,exp_acyclic_indvary2_step6_batch_yyy05.pl,e4,no,0.27,no,corr,0.0,None,None,None,yes
2346,exp_acyclic_indvary2_step6_batch_yyy05.pl,f2,no,0.26,no,corr,1.0,None,None,None,no
2347,exp_acyclic_indvary2_step6_batch_yyy05.pl,y1,yes,0.24,yes,corr,1.0,None,None,None,no
2348,exp_acyclic_indvary2_step6_batch_yyy05.pl,s1,yes,0.25,yes,corr,1.0,None,None,None,no
2349,exp_acyclic_indvary2_step6_batch_yyy05.pl,y2,yes,0.36,yes,corr,1.0,None,None,None,no
2350,exp_acyclic_indvary2_step6_batch_yyy05.pl,x6,no,0.33,no,corr,0.0,None,None,None,yes
2351,exp_acyclic_indvary2_step6_batch_yyy06.pl,t5,no,0.3,no,corr,0.0,None,None,None,yes
2352,exp_acyclic_indvary2_step6_batch_yyy06.pl,z5,no,0.25,no,corr,0.0,None,None,None,yes
2353,exp_acyclic_indvary2_step6_batch_yyy06.pl,e5,no,0.24,no,corr,0.0,None,None,None,yes
2354,exp_acyclic_indvary2_step6_batch_yyy06.pl,s2,yes,0.21,yes,corr,1.0,None,None,None,no
2355,exp_acyclic_indvary2_step6_batch_yyy06.pl,z4,no,0.22,no,corr,0.0,None,None,None,yes
2356,exp_acyclic_indvary2_step6_batch_yyy06.pl,v4,no,0.22,no,corr,0.0,None,None,None,yes
2357,exp_acyclic_indvary2_step6_batch_yyy06.pl,a3,no,0.21,no,corr,1.0,None,None,None,no
2358,exp_acyclic_indvary2_step6_batch_yyy06.pl,x1,yes,0.24,yes,corr,1.0,None,None,None,no
2359,exp_acyclic_indvary2_step6_batch_yyy06.pl,s7,no,0.27,no,corr,0.0,None,None,None,yes
2360,exp_acyclic_indvary2_step6_batch_yyy06.pl,f2,no,0.29,no,corr,1.0,None,None,None,no
2361,exp_acyclic_indvary2_step6_batch_yyy07.pl,u5,no,0.36,no,corr,0.0,None,None,None,yes
2362,exp_acyclic_indvary2_step6_batch_yyy07.pl,u1,yes,0.29,yes,corr,1.0,None,None,None,no
2363,exp_acyclic_indvary2_step6_batch_yyy07.pl,v5,no,0.25,no,corr,0.0,None,None,None,yes
2364,exp_acyclic_indvary2_step6_batch_yyy07.pl,s2,yes,0.27,yes,corr,1.0,None,None,None,no
2365,exp_acyclic_indvary2_step6_batch_yyy07.pl,e3,no,0.35,no,corr,0.0,None,None,None,yes
2366,exp_acyclic_indvary2_step6_batch_yyy07.pl,d2,no,0.76,no,corr,7.0,None,None,None,no
2367,exp_acyclic_indvary2_step6_batch_yyy07.pl,v1,yes,0.47,yes,corr,1.0,None,None,None,no
2368,exp_acyclic_indvary2_step6_batch_yyy07.pl,p3,yes,0.22,yes,corr,1.0,None,None,None,no
2369,exp_acyclic_indvary2_step6_batch_yyy07.pl,t2,no,0.27,no,corr,0.0,None,None,None,yes
2370,exp_acyclic_indvary2_step6_batch_yyy07.pl,s6,no,0.31,no,corr,0.0,None,None,None,yes
2371,exp_acyclic_indvary2_step6_batch_yyy08.pl,u5,no,0.65,no,corr,0.0,None,None,None,yes
2372,exp_acyclic_indvary2_step6_batch_yyy08.pl,b3,no,0.42,no,corr,1.0,None,None,None,no
2373,exp_acyclic_indvary2_step6_batch_yyy08.pl,t6,no,0.42,no,corr,0.0,None,None,None,yes
2374,exp_acyclic_indvary2_step6_batch_yyy08.pl,d2,yes,0.58,yes,corr,1.0,None,None,None,no
2375,exp_acyclic_indvary2_step6_batch_yyy08.pl,x1,no,0.46,no,corr,0.0,None,None,None,yes
2376,exp_acyclic_indvary2_step6_batch_yyy08.pl,s7,no,0.31,no,corr,0.0,None,None,None,yes
2377,exp_acyclic_indvary2_step6_batch_yyy08.pl,e2,no,0.52,no,corr,1.0,None,None,None,no
2378,exp_acyclic_indvary2_step6_batch_yyy08.pl,q2,no,0.33,no,corr,0.0,None,None,None,yes
2379,exp_acyclic_indvary2_step6_batch_yyy08.pl,w2,yes,0.27,yes,corr,1.0,None,None,None,no
2380,exp_acyclic_indvary2_step6_batch_yyy08.pl,e5,no,0.29,no,corr,0.0,None,None,None,yes
2381,exp_acyclic_indvary2_step6_batch_yyy09.pl,u5,no,0.43,no,corr,0.0,None,None,None,yes
2382,exp_acyclic_indvary2_step6_batch_yyy09.pl,t5,no,0.27,no,corr,0.0,None,None,None,yes
2383,exp_acyclic_indvary2_step6_batch_yyy09.pl,b2,no,0.22,no,corr,1.0,None,None,None,no
2384,exp_acyclic_indvary2_step6_batch_yyy09.pl,p5,no,0.25,no,corr,0.0,None,None,None,yes
2385,exp_acyclic_indvary2_step6_batch_yyy09.pl,e5,no,0.22,no,corr,0.0,None,None,None,yes
2386,exp_acyclic_indvary2_step6_batch_yyy09.pl,t3,no,0.24,no,corr,0.0,None,None,None,yes
2387,exp_acyclic_indvary2_step6_batch_yyy09.pl,b1,no,0.28,no,corr,1.0,None,None,None,no
2388,exp_acyclic_indvary2_step6_batch_yyy09.pl,b5,no,0.41,no,corr,0.0,None,None,None,yes
2389,exp_acyclic_indvary2_step6_batch_yyy09.pl,d2,yes,0.47,yes,corr,1.0,None,None,None,no
2390,exp_acyclic_indvary2_step6_batch_yyy09.pl,e2,yes,0.38,yes,corr,1.0,None,None,None,no
2391,exp_acyclic_indvary2_step6_batch_yyy10.pl,z6,no,0.18,no,corr,0.0,None,None,None,yes
2392,exp_acyclic_indvary2_step6_batch_yyy10.pl,p7,no,0.31,no,corr,0.0,None,None,None,yes
2393,exp_acyclic_indvary2_step6_batch_yyy10.pl,x2,no,0.38,no,corr,0.0,None,None,None,yes
2394,exp_acyclic_indvary2_step6_batch_yyy10.pl,c6,no,0.53,no,corr,0.0,None,None,None,yes
2395,exp_acyclic_indvary2_step6_batch_yyy10.pl,x1,yes,0.23,yes,corr,1.0,None,None,None,no
2396,exp_acyclic_indvary2_step6_batch_yyy10.pl,r7,no,0.24,no,corr,0.0,None,None,None,yes
2397,exp_acyclic_indvary2_step6_batch_yyy10.pl,e2,no,0.37,no,corr,1.0,None,None,None,no
2398,exp_acyclic_indvary2_step6_batch_yyy10.pl,q7,no,0.25,no,corr,0.0,None,None,None,yes
2399,exp_acyclic_indvary2_step6_batch_yyy10.pl,c5,no,0.54,no,corr,0.0,None,None,None,yes
2400,exp_acyclic_indvary2_step6_batch_yyy10.pl,c2,yes,0.22,yes,corr,1.0,None,None,None,no
2401,exp_acyclic_indvary2_step7_batch_yyy01.pl,t4,no,0.22,no,corr,0.0,None,None,None,yes
2402,exp_acyclic_indvary2_step7_batch_yyy01.pl,b2,yes,0.24,yes,corr,0.0,None,None,None,no
2403,exp_acyclic_indvary2_step7_batch_yyy01.pl,p5,no,0.56,no,corr,0.0,None,None,None,yes
2404,exp_acyclic_indvary2_step7_batch_yyy01.pl,r5,no,0.25,no,corr,0.0,None,None,None,yes
2405,exp_acyclic_indvary2_step7_batch_yyy01.pl,z2,yes,0.63,yes,corr,5.0,None,None,None,no
2406,exp_acyclic_indvary2_step7_batch_yyy01.pl,b6,no,0.28,no,corr,0.0,None,None,None,yes
2407,exp_acyclic_indvary2_step7_batch_yyy01.pl,r3,no,0.33,no,corr,0.0,None,None,None,yes
2408,exp_acyclic_indvary2_step7_batch_yyy01.pl,w3,no,0.29,no,corr,0.0,None,None,None,yes
2409,exp_acyclic_indvary2_step7_batch_yyy01.pl,r6,no,0.2,no,corr,0.0,None,None,None,yes
2410,exp_acyclic_indvary2_step7_batch_yyy01.pl,e5,no,0.24,no,corr,0.0,None,None,None,yes
2411,exp_acyclic_indvary2_step7_batch_yyy02.pl,s3,no,1.15,no,corr,0.0,None,None,None,yes
2412,exp_acyclic_indvary2_step7_batch_yyy02.pl,z6,no,0.61,no,corr,0.0,None,None,None,yes
2413,exp_acyclic_indvary2_step7_batch_yyy02.pl,e1,yes,0.22,yes,corr,1.0,None,None,None,no
2414,exp_acyclic_indvary2_step7_batch_yyy02.pl,v5,no,0.3,no,corr,0.0,None,None,None,yes
2415,exp_acyclic_indvary2_step7_batch_yyy02.pl,q5,no,0.31,no,corr,0.0,None,None,None,yes
2416,exp_acyclic_indvary2_step7_batch_yyy02.pl,c5,no,0.38,no,corr,0.0,None,None,None,yes
2417,exp_acyclic_indvary2_step7_batch_yyy02.pl,f5,no,0.27,no,corr,0.0,None,None,None,yes
2418,exp_acyclic_indvary2_step7_batch_yyy02.pl,p3,yes,0.44,yes,corr,1.0,None,None,None,no
2419,exp_acyclic_indvary2_step7_batch_yyy02.pl,z4,no,0.23,no,corr,0.0,None,None,None,yes
2420,exp_acyclic_indvary2_step7_batch_yyy02.pl,r5,no,0.31,no,corr,0.0,None,None,None,yes
2421,exp_acyclic_indvary2_step7_batch_yyy03.pl,z5,no,0.26,no,corr,0.0,None,None,None,yes
2422,exp_acyclic_indvary2_step7_batch_yyy03.pl,x3,no,0.31,no,corr,0.0,None,None,None,yes
2423,exp_acyclic_indvary2_step7_batch_yyy03.pl,w2,yes,0.5,yes,corr,1.0,None,None,None,no
2424,exp_acyclic_indvary2_step7_batch_yyy03.pl,u7,no,0.2,no,corr,0.0,None,None,None,yes
2425,exp_acyclic_indvary2_step7_batch_yyy03.pl,s5,no,0.2,no,corr,0.0,None,None,None,yes
2426,exp_acyclic_indvary2_step7_batch_yyy03.pl,c2,no,0.27,no,corr,1.0,None,None,None,no
2427,exp_acyclic_indvary2_step7_batch_yyy03.pl,b5,no,0.25,no,corr,0.0,None,None,None,yes
2428,exp_acyclic_indvary2_step7_batch_yyy03.pl,u3,no,0.36,no,corr,0.0,None,None,None,yes
2429,exp_acyclic_indvary2_step7_batch_yyy03.pl,r1,no,0.3,no,corr,0.0,None,None,None,yes
2430,exp_acyclic_indvary2_step7_batch_yyy03.pl,r7,no,0.22,no,corr,0.0,None,None,None,yes
2431,exp_acyclic_indvary2_step7_batch_yyy04.pl,t4,no,0.26,no,corr,0.0,None,None,None,yes
2432,exp_acyclic_indvary2_step7_batch_yyy04.pl,u7,no,0.22,no,corr,0.0,None,None,None,yes
2433,exp_acyclic_indvary2_step7_batch_yyy04.pl,t3,no,0.24,no,corr,0.0,None,None,None,yes
2434,exp_acyclic_indvary2_step7_batch_yyy04.pl,c5,no,0.25,no,corr,0.0,None,None,None,yes
2435,exp_acyclic_indvary2_step7_batch_yyy04.pl,d2,no,0.4,no,corr,1.0,None,None,None,no
2436,exp_acyclic_indvary2_step7_batch_yyy04.pl,t1,yes,0.25,yes,corr,1.0,None,None,None,no
2437,exp_acyclic_indvary2_step7_batch_yyy04.pl,q3,yes,0.21,yes,corr,1.0,None,None,None,no
2438,exp_acyclic_indvary2_step7_batch_yyy04.pl,y2,yes,0.26,yes,corr,1.0,None,None,None,no
2439,exp_acyclic_indvary2_step7_batch_yyy04.pl,y5,no,0.24,no,corr,0.0,None,None,None,yes
2440,exp_acyclic_indvary2_step7_batch_yyy04.pl,y6,no,0.43,no,corr,0.0,None,None,None,yes
2441,exp_acyclic_indvary2_step7_batch_yyy05.pl,u6,no,0.65,no,corr,0.0,None,None,None,yes
2442,exp_acyclic_indvary2_step7_batch_yyy05.pl,c4,no,0.47,no,corr,0.0,None,None,None,yes
2443,exp_acyclic_indvary2_step7_batch_yyy05.pl,s4,no,0.6,no,corr,0.0,None,None,None,yes
2444,exp_acyclic_indvary2_step7_batch_yyy05.pl,c5,no,0.33,no,corr,0.0,None,None,None,yes
2445,exp_acyclic_indvary2_step7_batch_yyy05.pl,q4,no,0.27,no,corr,0.0,None,None,None,yes
2446,exp_acyclic_indvary2_step7_batch_yyy05.pl,f5,no,0.25,no,corr,0.0,None,None,None,yes
2447,exp_acyclic_indvary2_step7_batch_yyy05.pl,w1,yes,0.26,yes,corr,1.0,None,None,None,no
2448,exp_acyclic_indvary2_step7_batch_yyy05.pl,e3,no,0.39,no,corr,0.0,None,None,None,yes
2449,exp_acyclic_indvary2_step7_batch_yyy05.pl,y2,yes,0.33,yes,corr,1.0,None,None,None,no
2450,exp_acyclic_indvary2_step7_batch_yyy05.pl,q2,yes,0.24,yes,corr,1.0,None,None,None,no
2451,exp_acyclic_indvary2_step7_batch_yyy06.pl,s4,no,0.66,no,corr,0.0,None,None,None,yes
2452,exp_acyclic_indvary2_step7_batch_yyy06.pl,w2,yes,0.46,yes,corr,1.0,None,None,None,no
2453,exp_acyclic_indvary2_step7_batch_yyy06.pl,w4,no,0.27,no,corr,0.0,None,None,None,yes
2454,exp_acyclic_indvary2_step7_batch_yyy06.pl,f4,no,0.24,no,corr,0.0,None,None,None,yes
2455,exp_acyclic_indvary2_step7_batch_yyy06.pl,x1,yes,0.25,yes,corr,1.0,None,None,None,no
2456,exp_acyclic_indvary2_step7_batch_yyy06.pl,r7,no,0.27,no,corr,0.0,None,None,None,yes
2457,exp_acyclic_indvary2_step7_batch_yyy06.pl,p1,yes,0.31,yes,corr,1.0,None,None,None,no
2458,exp_acyclic_indvary2_step7_batch_yyy06.pl,a2,yes,0.31,yes,corr,1.0,None,None,None,no
2459,exp_acyclic_indvary2_step7_batch_yyy06.pl,p6,no,0.35,no,corr,0.0,None,None,None,yes
2460,exp_acyclic_indvary2_step7_batch_yyy06.pl,q2,yes,0.33,yes,corr,2.0,None,None,None,no
2461,exp_acyclic_indvary2_step7_batch_yyy07.pl,u6,no,0.34,no,corr,0.0,None,None,None,yes
2462,exp_acyclic_indvary2_step7_batch_yyy07.pl,b2,yes,0.26,yes,corr,1.0,None,None,None,no
2463,exp_acyclic_indvary2_step7_batch_yyy07.pl,v7,no,0.55,no,corr,0.0,None,None,None,yes
2464,exp_acyclic_indvary2_step7_batch_yyy07.pl,z5,no,0.47,no,corr,0.0,None,None,None,yes
2465,exp_acyclic_indvary2_step7_batch_yyy07.pl,s1,yes,0.29,yes,corr,1.0,None,None,None,no
2466,exp_acyclic_indvary2_step7_batch_yyy07.pl,f4,no,0.25,no,corr,0.0,None,None,None,yes
2467,exp_acyclic_indvary2_step7_batch_yyy07.pl,y2,yes,0.3,yes,corr,1.0,None,None,None,no
2468,exp_acyclic_indvary2_step7_batch_yyy07.pl,r7,no,0.26,no,corr,0.0,None,None,None,yes
2469,exp_acyclic_indvary2_step7_batch_yyy07.pl,z4,no,0.32,no,corr,0.0,None,None,None,yes
2470,exp_acyclic_indvary2_step7_batch_yyy07.pl,r5,no,0.28,no,corr,0.0,None,None,None,yes
2471,exp_acyclic_indvary2_step7_batch_yyy08.pl,q6,no,0.28,no,corr,0.0,None,None,None,yes
2472,exp_acyclic_indvary2_step7_batch_yyy08.pl,d3,no,0.24,no,corr,0.0,None,None,None,yes
2473,exp_acyclic_indvary2_step7_batch_yyy08.pl,v5,no,0.24,no,corr,0.0,None,None,None,yes
2474,exp_acyclic_indvary2_step7_batch_yyy08.pl,w6,no,0.34,no,corr,0.0,None,None,None,yes
2475,exp_acyclic_indvary2_step7_batch_yyy08.pl,r5,no,0.24,no,corr,0.0,None,None,None,yes
2476,exp_acyclic_indvary2_step7_batch_yyy08.pl,u2,yes,0.24,yes,corr,1.0,None,None,None,no
2477,exp_acyclic_indvary2_step7_batch_yyy08.pl,s4,no,0.21,no,corr,0.0,None,None,None,yes
2478,exp_acyclic_indvary2_step7_batch_yyy08.pl,v7,no,0.23,no,corr,0.0,None,None,None,yes
2479,exp_acyclic_indvary2_step7_batch_yyy08.pl,y2,yes,0.26,yes,corr,1.0,None,None,None,no
2480,exp_acyclic_indvary2_step7_batch_yyy08.pl,x6,no,0.25,no,corr,0.0,None,None,None,yes
2481,exp_acyclic_indvary2_step7_batch_yyy09.pl,a6,no,0.32,no,corr,0.0,None,None,None,yes
2482,exp_acyclic_indvary2_step7_batch_yyy09.pl,e1,no,0.22,no,corr,1.0,None,None,None,no
2483,exp_acyclic_indvary2_step7_batch_yyy09.pl,d4,no,0.29,no,corr,0.0,None,None,None,yes
2484,exp_acyclic_indvary2_step7_batch_yyy09.pl,b4,no,0.28,no,corr,0.0,None,None,None,yes
2485,exp_acyclic_indvary2_step7_batch_yyy09.pl,a4,no,0.28,no,corr,0.0,None,None,None,yes
2486,exp_acyclic_indvary2_step7_batch_yyy09.pl,z4,no,0.28,no,corr,0.0,None,None,None,yes
2487,exp_acyclic_indvary2_step7_batch_yyy09.pl,v1,yes,0.5,yes,corr,1.0,None,None,None,no
2488,exp_acyclic_indvary2_step7_batch_yyy09.pl,b5,no,0.19,no,corr,0.0,None,None,None,yes
2489,exp_acyclic_indvary2_step7_batch_yyy09.pl,y2,no,0.24,no,corr,0.0,None,None,None,yes
2490,exp_acyclic_indvary2_step7_batch_yyy09.pl,q7,no,0.51,no,corr,0.0,None,None,None,yes
2491,exp_acyclic_indvary2_step7_batch_yyy10.pl,t5,no,0.17,no,corr,0.0,None,None,None,yes
2492,exp_acyclic_indvary2_step7_batch_yyy10.pl,z6,no,0.31,no,corr,0.0,None,None,None,yes
2493,exp_acyclic_indvary2_step7_batch_yyy10.pl,e1,no,0.44,no,corr,6.0,None,None,None,no
2494,exp_acyclic_indvary2_step7_batch_yyy10.pl,s5,no,0.26,no,corr,0.0,None,None,None,yes
2495,exp_acyclic_indvary2_step7_batch_yyy10.pl,x1,yes,0.43,yes,corr,1.0,None,None,None,no
2496,exp_acyclic_indvary2_step7_batch_yyy10.pl,p6,no,0.88,no,corr,0.0,None,None,None,yes
2497,exp_acyclic_indvary2_step7_batch_yyy10.pl,s4,no,0.42,no,corr,0.0,None,None,None,yes
2498,exp_acyclic_indvary2_step7_batch_yyy10.pl,w7,no,0.25,no,corr,0.0,None,None,None,yes
2499,exp_acyclic_indvary2_step7_batch_yyy10.pl,c1,no,0.76,no,corr,6.0,None,None,None,no
2500,exp_acyclic_indvary2_step7_batch_yyy10.pl,s6,no,0.88,no,corr,0.0,None,None,None,yes
2501,exp_acyclic_indvary2_step8_batch_yyy01.pl,q6,no,0.66,no,corr,0.0,None,None,None,yes
2502,exp_acyclic_indvary2_step8_batch_yyy01.pl,c5,no,0.5,no,corr,0.0,None,None,None,yes
2503,exp_acyclic_indvary2_step8_batch_yyy01.pl,v4,no,0.31,no,corr,0.0,None,None,None,yes
2504,exp_acyclic_indvary2_step8_batch_yyy01.pl,d2,yes,0.27,yes,corr,1.0,None,None,None,no
2505,exp_acyclic_indvary2_step8_batch_yyy01.pl,p2,yes,0.27,yes,corr,1.0,None,None,None,no
2506,exp_acyclic_indvary2_step8_batch_yyy01.pl,r7,no,0.27,no,corr,0.0,None,None,None,yes
2507,exp_acyclic_indvary2_step8_batch_yyy01.pl,w3,no,0.43,no,corr,0.0,None,None,None,yes
2508,exp_acyclic_indvary2_step8_batch_yyy01.pl,x5,no,0.28,no,corr,0.0,None,None,None,yes
2509,exp_acyclic_indvary2_step8_batch_yyy01.pl,t2,yes,0.4,yes,corr,1.0,None,None,None,no
2510,exp_acyclic_indvary2_step8_batch_yyy01.pl,s6,no,0.5,no,corr,0.0,None,None,None,yes
2511,exp_acyclic_indvary2_step8_batch_yyy02.pl,f1,yes,0.28,yes,corr,0.0,None,None,None,no
2512,exp_acyclic_indvary2_step8_batch_yyy02.pl,r5,no,0.27,no,corr,0.0,None,None,None,yes
2513,exp_acyclic_indvary2_step8_batch_yyy02.pl,v3,no,0.29,no,corr,0.0,None,None,None,yes
2514,exp_acyclic_indvary2_step8_batch_yyy02.pl,d1,yes,0.59,yes,corr,1.0,None,None,None,no
2515,exp_acyclic_indvary2_step8_batch_yyy02.pl,y5,no,0.34,no,corr,0.0,None,None,None,yes
2516,exp_acyclic_indvary2_step8_batch_yyy02.pl,f2,yes,0.3,yes,corr,0.0,None,None,None,no
2517,exp_acyclic_indvary2_step8_batch_yyy02.pl,v2,no,0.25,no,corr,0.0,None,None,None,yes
2518,exp_acyclic_indvary2_step8_batch_yyy02.pl,q6,no,0.26,no,corr,0.0,None,None,None,yes
2519,exp_acyclic_indvary2_step8_batch_yyy02.pl,v5,no,0.26,no,corr,0.0,None,None,None,yes
2520,exp_acyclic_indvary2_step8_batch_yyy02.pl,w5,no,0.74,no,corr,0.0,None,None,None,yes
2521,exp_acyclic_indvary2_step8_batch_yyy03.pl,d5,no,0.69,no,corr,0.0,None,None,None,yes
2522,exp_acyclic_indvary2_step8_batch_yyy03.pl,v7,no,0.23,no,corr,0.0,None,None,None,yes
2523,exp_acyclic_indvary2_step8_batch_yyy03.pl,d3,no,0.57,no,corr,0.0,None,None,None,yes
2524,exp_acyclic_indvary2_step8_batch_yyy03.pl,t6,no,0.49,no,corr,0.0,None,None,None,yes
2525,exp_acyclic_indvary2_step8_batch_yyy03.pl,f5,no,0.29,no,corr,0.0,None,None,None,yes
2526,exp_acyclic_indvary2_step8_batch_yyy03.pl,z3,no,0.24,no,corr,0.0,None,None,None,yes
2527,exp_acyclic_indvary2_step8_batch_yyy03.pl,d1,yes,0.25,yes,corr,1.0,None,None,None,no
2528,exp_acyclic_indvary2_step8_batch_yyy03.pl,q7,no,0.25,no,corr,0.0,None,None,None,yes
2529,exp_acyclic_indvary2_step8_batch_yyy03.pl,r2,yes,0.27,yes,corr,1.0,None,None,None,no
2530,exp_acyclic_indvary2_step8_batch_yyy03.pl,r7,no,0.2,no,corr,0.0,None,None,None,yes
2531,exp_acyclic_indvary2_step8_batch_yyy04.pl,p4,no,0.33,no,corr,0.0,None,None,None,yes
2532,exp_acyclic_indvary2_step8_batch_yyy04.pl,q5,no,0.33,no,corr,0.0,None,None,None,yes
2533,exp_acyclic_indvary2_step8_batch_yyy04.pl,x5,no,0.3,no,corr,0.0,None,None,None,yes
2534,exp_acyclic_indvary2_step8_batch_yyy04.pl,p2,no,0.43,no,corr,0.0,None,None,None,yes
2535,exp_acyclic_indvary2_step8_batch_yyy04.pl,f1,yes,0.45,yes,corr,2.0,None,None,None,no
2536,exp_acyclic_indvary2_step8_batch_yyy04.pl,e5,no,0.3,no,corr,0.0,None,None,None,yes
2537,exp_acyclic_indvary2_step8_batch_yyy04.pl,w5,no,0.3,no,corr,0.0,None,None,None,yes
2538,exp_acyclic_indvary2_step8_batch_yyy04.pl,u7,no,0.27,no,corr,0.0,None,None,None,yes
2539,exp_acyclic_indvary2_step8_batch_yyy04.pl,e2,no,0.44,no,corr,1.0,None,None,None,no
2540,exp_acyclic_indvary2_step8_batch_yyy04.pl,t1,yes,0.78,yes,corr,1.0,None,None,None,no
2541,exp_acyclic_indvary2_step8_batch_yyy05.pl,p4,no,0.37,no,corr,0.0,None,None,None,yes
2542,exp_acyclic_indvary2_step8_batch_yyy05.pl,w2,yes,0.5,yes,corr,1.0,None,None,None,no
2543,exp_acyclic_indvary2_step8_batch_yyy05.pl,b1,yes,0.53,yes,corr,0.0,None,None,None,no
2544,exp_acyclic_indvary2_step8_batch_yyy05.pl,x2,yes,0.27,yes,corr,1.0,None,None,None,no
2545,exp_acyclic_indvary2_step8_batch_yyy05.pl,t2,yes,0.36,yes,corr,1.0,None,None,None,no
2546,exp_acyclic_indvary2_step8_batch_yyy05.pl,y2,yes,0.27,yes,corr,1.0,None,None,None,no
2547,exp_acyclic_indvary2_step8_batch_yyy05.pl,b6,no,0.57,no,corr,0.0,None,None,None,yes
2548,exp_acyclic_indvary2_step8_batch_yyy05.pl,a2,no,0.46,no,corr,6.0,None,None,None,no
2549,exp_acyclic_indvary2_step8_batch_yyy05.pl,b4,no,1.01,no,corr,0.0,None,None,None,yes
2550,exp_acyclic_indvary2_step8_batch_yyy05.pl,t3,no,0.7,no,corr,0.0,None,None,None,yes
2551,exp_acyclic_indvary2_step8_batch_yyy06.pl,v6,no,0.54,no,corr,0.0,None,None,None,yes
2552,exp_acyclic_indvary2_step8_batch_yyy06.pl,w5,no,0.26,no,corr,0.0,None,None,None,yes
2553,exp_acyclic_indvary2_step8_batch_yyy06.pl,f3,no,0.25,no,corr,0.0,None,None,None,yes
2554,exp_acyclic_indvary2_step8_batch_yyy06.pl,e3,no,0.46,no,corr,0.0,None,None,None,yes
2555,exp_acyclic_indvary2_step8_batch_yyy06.pl,r1,yes,0.24,yes,corr,1.0,None,None,None,no
2556,exp_acyclic_indvary2_step8_batch_yyy06.pl,b6,no,0.2,no,corr,0.0,None,None,None,yes
2557,exp_acyclic_indvary2_step8_batch_yyy06.pl,p1,yes,0.35,yes,corr,2.0,None,None,None,no
2558,exp_acyclic_indvary2_step8_batch_yyy06.pl,q2,no,0.24,no,corr,0.0,None,None,None,yes
2559,exp_acyclic_indvary2_step8_batch_yyy06.pl,c5,no,0.29,no,corr,0.0,None,None,None,yes
2560,exp_acyclic_indvary2_step8_batch_yyy06.pl,b1,no,0.42,no,corr,4.0,None,None,None,no
2561,exp_acyclic_indvary2_step8_batch_yyy07.pl,u5,no,0.35,no,corr,0.0,None,None,None,yes
2562,exp_acyclic_indvary2_step8_batch_yyy07.pl,z5,no,0.26,no,corr,0.0,None,None,None,yes
2563,exp_acyclic_indvary2_step8_batch_yyy07.pl,b4,no,0.37,no,corr,0.0,None,None,None,yes
2564,exp_acyclic_indvary2_step8_batch_yyy07.pl,w1,yes,0.23,yes,corr,1.0,None,None,None,no
2565,exp_acyclic_indvary2_step8_batch_yyy07.pl,x5,no,0.32,no,corr,0.0,None,None,None,yes
2566,exp_acyclic_indvary2_step8_batch_yyy07.pl,u3,no,0.4,no,corr,0.0,None,None,None,yes
2567,exp_acyclic_indvary2_step8_batch_yyy07.pl,s2,yes,0.27,yes,corr,1.0,None,None,None,no
2568,exp_acyclic_indvary2_step8_batch_yyy07.pl,a5,no,0.2,no,corr,0.0,None,None,None,yes
2569,exp_acyclic_indvary2_step8_batch_yyy07.pl,y1,yes,0.28,yes,corr,1.0,None,None,None,no
2570,exp_acyclic_indvary2_step8_batch_yyy07.pl,r1,yes,0.29,yes,corr,1.0,None,None,None,no
2571,exp_acyclic_indvary2_step8_batch_yyy08.pl,z6,no,0.33,no,corr,0.0,None,None,None,yes
2572,exp_acyclic_indvary2_step8_batch_yyy08.pl,v2,yes,0.25,yes,corr,1.0,None,None,None,no
2573,exp_acyclic_indvary2_step8_batch_yyy08.pl,c5,no,0.23,no,corr,0.0,None,None,None,yes
2574,exp_acyclic_indvary2_step8_batch_yyy08.pl,w6,no,0.29,no,corr,0.0,None,None,None,yes
2575,exp_acyclic_indvary2_step8_batch_yyy08.pl,z4,no,0.28,no,corr,0.0,None,None,None,yes
2576,exp_acyclic_indvary2_step8_batch_yyy08.pl,s1,yes,0.3,yes,corr,1.0,None,None,None,no
2577,exp_acyclic_indvary2_step8_batch_yyy08.pl,a3,yes,0.24,yes,corr,1.0,None,None,None,no
2578,exp_acyclic_indvary2_step8_batch_yyy08.pl,q7,no,0.56,no,corr,0.0,None,None,None,yes
2579,exp_acyclic_indvary2_step8_batch_yyy08.pl,x5,no,0.69,no,corr,0.0,None,None,None,yes
2580,exp_acyclic_indvary2_step8_batch_yyy08.pl,b5,no,0.84,no,corr,0.0,None,None,None,yes
2581,exp_acyclic_indvary2_step8_batch_yyy09.pl,q6,no,0.69,no,corr,0.0,None,None,None,yes
2582,exp_acyclic_indvary2_step8_batch_yyy09.pl,t6,no,0.25,no,corr,0.0,None,None,None,yes
2583,exp_acyclic_indvary2_step8_batch_yyy09.pl,e3,no,0.24,no,corr,0.0,None,None,None,yes
2584,exp_acyclic_indvary2_step8_batch_yyy09.pl,r1,no,0.24,no,corr,0.0,None,None,None,yes
2585,exp_acyclic_indvary2_step8_batch_yyy09.pl,d4,no,0.37,no,corr,0.0,None,None,None,yes
2586,exp_acyclic_indvary2_step8_batch_yyy09.pl,x3,no,0.29,no,corr,0.0,None,None,None,yes
2587,exp_acyclic_indvary2_step8_batch_yyy09.pl,f1,no,0.38,no,corr,5.0,None,None,None,no
2588,exp_acyclic_indvary2_step8_batch_yyy09.pl,e5,no,0.23,no,corr,0.0,None,None,None,yes
2589,exp_acyclic_indvary2_step8_batch_yyy09.pl,f4,no,0.35,no,corr,0.0,None,None,None,yes
2590,exp_acyclic_indvary2_step8_batch_yyy09.pl,a3,no,0.4,no,corr,5.0,None,None,None,no
2591,exp_acyclic_indvary2_step8_batch_yyy10.pl,c3,no,0.55,no,corr,1.0,None,None,None,no
2592,exp_acyclic_indvary2_step8_batch_yyy10.pl,v7,no,0.25,no,corr,0.0,None,None,None,yes
2593,exp_acyclic_indvary2_step8_batch_yyy10.pl,v6,no,0.27,no,corr,0.0,None,None,None,yes
2594,exp_acyclic_indvary2_step8_batch_yyy10.pl,b4,no,0.23,no,corr,0.0,None,None,None,yes
2595,exp_acyclic_indvary2_step8_batch_yyy10.pl,t6,no,0.2,no,corr,0.0,None,None,None,yes
2596,exp_acyclic_indvary2_step8_batch_yyy10.pl,e3,no,0.26,no,corr,0.0,None,None,None,yes
2597,exp_acyclic_indvary2_step8_batch_yyy10.pl,a3,yes,0.33,yes,corr,1.0,None,None,None,no
2598,exp_acyclic_indvary2_step8_batch_yyy10.pl,d1,no,0.44,no,corr,1.0,None,None,None,no
2599,exp_acyclic_indvary2_step8_batch_yyy10.pl,w6,no,0.24,no,corr,0.0,None,None,None,yes
2600,exp_acyclic_indvary2_step8_batch_yyy10.pl,x2,yes,0.22,yes,corr,1.0,None,None,None,no
2601,exp_acyclic_indvary3_step1_batch_yyy01.pl,t3,no,0.22,no,corr,0.0,None,None,None,yes
2602,exp_acyclic_indvary3_step1_batch_yyy01.pl,a5,no,0.29,no,corr,0.0,None,None,None,yes
2603,exp_acyclic_indvary3_step1_batch_yyy01.pl,p3,yes,0.3,yes,corr,1.0,None,None,None,no
2604,exp_acyclic_indvary3_step1_batch_yyy01.pl,c1,no,0.22,no,corr,1.0,None,None,None,no
2605,exp_acyclic_indvary3_step1_batch_yyy01.pl,e3,no,0.33,no,corr,0.0,None,None,None,yes
2606,exp_acyclic_indvary3_step1_batch_yyy01.pl,q3,yes,0.19,yes,corr,1.0,None,None,None,no
2607,exp_acyclic_indvary3_step1_batch_yyy01.pl,r7,no,0.23,no,corr,0.0,None,None,None,yes
2608,exp_acyclic_indvary3_step1_batch_yyy01.pl,u2,yes,0.26,yes,corr,1.0,None,None,None,no
2609,exp_acyclic_indvary3_step1_batch_yyy01.pl,r1,no,0.26,no,corr,0.0,None,None,None,yes
2610,exp_acyclic_indvary3_step1_batch_yyy01.pl,d2,yes,0.38,yes,corr,0.0,None,None,None,no
2611,exp_acyclic_indvary3_step1_batch_yyy02.pl,u6,no,0.27,no,corr,0.0,None,None,None,yes
2612,exp_acyclic_indvary3_step1_batch_yyy02.pl,z5,no,0.3,no,corr,0.0,None,None,None,yes
2613,exp_acyclic_indvary3_step1_batch_yyy02.pl,f1,no,0.27,no,corr,1.0,None,None,None,no
2614,exp_acyclic_indvary3_step1_batch_yyy02.pl,v5,no,0.21,no,corr,0.0,None,None,None,yes
2615,exp_acyclic_indvary3_step1_batch_yyy02.pl,c2,yes,0.21,yes,corr,0.0,None,None,None,no
2616,exp_acyclic_indvary3_step1_batch_yyy02.pl,x7,no,0.58,no,corr,0.0,None,None,None,yes
2617,exp_acyclic_indvary3_step1_batch_yyy02.pl,f5,no,0.42,no,corr,0.0,None,None,None,yes
2618,exp_acyclic_indvary3_step1_batch_yyy02.pl,v1,yes,0.43,yes,corr,3.0,None,None,None,no
2619,exp_acyclic_indvary3_step1_batch_yyy02.pl,t7,no,0.18,no,corr,0.0,None,None,None,yes
2620,exp_acyclic_indvary3_step1_batch_yyy02.pl,y5,no,0.26,no,corr,0.0,None,None,None,yes
2621,exp_acyclic_indvary3_step1_batch_yyy03.pl,q6,no,0.29,no,corr,0.0,None,None,None,yes
2622,exp_acyclic_indvary3_step1_batch_yyy03.pl,u1,no,0.19,no,corr,0.0,None,None,None,yes
2623,exp_acyclic_indvary3_step1_batch_yyy03.pl,c5,no,0.18,no,corr,0.0,None,None,None,yes
2624,exp_acyclic_indvary3_step1_batch_yyy03.pl,t7,no,0.22,no,corr,0.0,None,None,None,yes
2625,exp_acyclic_indvary3_step1_batch_yyy03.pl,y2,no,0.35,no,corr,4.0,None,None,None,no
2626,exp_acyclic_indvary3_step1_batch_yyy03.pl,e2,yes,0.22,yes,corr,1.0,None,None,None,no
2627,exp_acyclic_indvary3_step1_batch_yyy03.pl,e3,no,0.34,no,corr,0.0,None,None,None,yes
2628,exp_acyclic_indvary3_step1_batch_yyy03.pl,r4,no,0.35,no,corr,0.0,None,None,None,yes
2629,exp_acyclic_indvary3_step1_batch_yyy03.pl,y1,yes,0.46,yes,corr,2.0,None,None,None,no
2630,exp_acyclic_indvary3_step1_batch_yyy03.pl,s1,no,0.24,no,corr,0.0,None,None,None,yes
2631,exp_acyclic_indvary3_step1_batch_yyy04.pl,z5,no,0.3,no,corr,0.0,None,None,None,yes
2632,exp_acyclic_indvary3_step1_batch_yyy04.pl,d4,no,0.3,no,corr,0.0,None,None,None,yes
2633,exp_acyclic_indvary3_step1_batch_yyy04.pl,u4,no,0.39,no,corr,0.0,None,None,None,yes
2634,exp_acyclic_indvary3_step1_batch_yyy04.pl,b1,yes,0.25,yes,corr,1.0,None,None,None,no
2635,exp_acyclic_indvary3_step1_batch_yyy04.pl,x7,no,0.19,no,corr,0.0,None,None,None,yes
2636,exp_acyclic_indvary3_step1_batch_yyy04.pl,s6,no,0.28,no,corr,0.0,None,None,None,yes
2637,exp_acyclic_indvary3_step1_batch_yyy04.pl,d2,no,0.44,no,corr,1.0,None,None,None,no
2638,exp_acyclic_indvary3_step1_batch_yyy04.pl,r2,no,0.28,no,corr,0.0,None,None,None,yes
2639,exp_acyclic_indvary3_step1_batch_yyy04.pl,c3,yes,0.24,yes,corr,6.0,None,None,None,no
2640,exp_acyclic_indvary3_step1_batch_yyy04.pl,s3,yes,0.26,yes,corr,1.0,None,None,None,no
2641,exp_acyclic_indvary3_step1_batch_yyy05.pl,z6,no,0.26,no,corr,0.0,None,None,None,yes
2642,exp_acyclic_indvary3_step1_batch_yyy05.pl,b3,no,0.27,no,corr,4.0,None,None,None,no
2643,exp_acyclic_indvary3_step1_batch_yyy05.pl,v2,no,0.25,no,corr,0.0,None,None,None,yes
2644,exp_acyclic_indvary3_step1_batch_yyy05.pl,x3,yes,0.24,yes,corr,1.0,None,None,None,no
2645,exp_acyclic_indvary3_step1_batch_yyy05.pl,t3,yes,0.46,yes,corr,1.0,None,None,None,no
2646,exp_acyclic_indvary3_step1_batch_yyy05.pl,w4,no,0.17,no,corr,0.0,None,None,None,yes
2647,exp_acyclic_indvary3_step1_batch_yyy05.pl,t2,yes,0.22,yes,corr,3.0,None,None,None,no
2648,exp_acyclic_indvary3_step1_batch_yyy05.pl,r2,no,0.33,no,corr,0.0,None,None,None,yes
2649,exp_acyclic_indvary3_step1_batch_yyy05.pl,s1,yes,0.42,yes,corr,1.0,None,None,None,no
2650,exp_acyclic_indvary3_step1_batch_yyy05.pl,d2,yes,0.21,yes,corr,0.0,None,None,None,no
2651,exp_acyclic_indvary3_step1_batch_yyy06.pl,u6,no,0.22,no,corr,0.0,None,None,None,yes
2652,exp_acyclic_indvary3_step1_batch_yyy06.pl,d3,no,0.24,no,corr,0.0,None,None,None,yes
2653,exp_acyclic_indvary3_step1_batch_yyy06.pl,w5,no,0.29,no,corr,0.0,None,None,None,yes
2654,exp_acyclic_indvary3_step1_batch_yyy06.pl,b4,no,0.25,no,corr,0.0,None,None,None,yes
2655,exp_acyclic_indvary3_step1_batch_yyy06.pl,v1,yes,0.76,yes,corr,2.0,None,None,None,no
2656,exp_acyclic_indvary3_step1_batch_yyy06.pl,t7,no,0.83,no,corr,0.0,None,None,None,yes
2657,exp_acyclic_indvary3_step1_batch_yyy06.pl,p2,no,0.42,no,corr,0.0,None,None,None,yes
2658,exp_acyclic_indvary3_step1_batch_yyy06.pl,q3,yes,0.25,yes,corr,1.0,None,None,None,no
2659,exp_acyclic_indvary3_step1_batch_yyy06.pl,v3,no,0.22,no,corr,0.0,None,None,None,yes
2660,exp_acyclic_indvary3_step1_batch_yyy06.pl,a2,no,0.44,no,corr,1.0,None,None,None,no
2661,exp_acyclic_indvary3_step1_batch_yyy07.pl,b2,yes,0.33,yes,corr,1.0,None,None,None,no
2662,exp_acyclic_indvary3_step1_batch_yyy07.pl,c2,no,0.26,no,corr,1.0,None,None,None,no
2663,exp_acyclic_indvary3_step1_batch_yyy07.pl,u3,no,0.48,no,corr,0.0,None,None,None,yes
2664,exp_acyclic_indvary3_step1_batch_yyy07.pl,y1,no,0.19,no,corr,0.0,None,None,None,yes
2665,exp_acyclic_indvary3_step1_batch_yyy07.pl,r2,no,0.19,no,corr,0.0,None,None,None,yes
2666,exp_acyclic_indvary3_step1_batch_yyy07.pl,u2,no,0.21,no,corr,0.0,None,None,None,yes
2667,exp_acyclic_indvary3_step1_batch_yyy07.pl,q7,no,0.31,no,corr,0.0,None,None,None,yes
2668,exp_acyclic_indvary3_step1_batch_yyy07.pl,y5,no,0.34,no,corr,0.0,None,None,None,yes
2669,exp_acyclic_indvary3_step1_batch_yyy07.pl,p6,no,0.22,no,corr,0.0,None,None,None,yes
2670,exp_acyclic_indvary3_step1_batch_yyy07.pl,q2,no,0.23,no,corr,0.0,None,None,None,yes
2671,exp_acyclic_indvary3_step1_batch_yyy08.pl,s3,no,0.28,no,corr,0.0,None,None,None,yes
2672,exp_acyclic_indvary3_step1_batch_yyy08.pl,s4,no,0.39,no,corr,0.0,None,None,None,yes
2673,exp_acyclic_indvary3_step1_batch_yyy08.pl,x3,yes,0.2,yes,corr,1.0,None,None,None,no
2674,exp_acyclic_indvary3_step1_batch_yyy08.pl,f1,no,0.43,no,corr,1.0,None,None,None,no
2675,exp_acyclic_indvary3_step1_batch_yyy08.pl,q1,yes,0.55,yes,corr,1.0,None,None,None,no
2676,exp_acyclic_indvary3_step1_batch_yyy08.pl,p6,no,0.23,no,corr,0.0,None,None,None,yes
2677,exp_acyclic_indvary3_step1_batch_yyy08.pl,z5,no,0.26,no,corr,0.0,None,None,None,yes
2678,exp_acyclic_indvary3_step1_batch_yyy08.pl,v2,yes,0.34,yes,corr,1.0,None,None,None,no
2679,exp_acyclic_indvary3_step1_batch_yyy08.pl,q3,no,0.27,no,corr,4.0,None,None,None,no
2680,exp_acyclic_indvary3_step1_batch_yyy08.pl,x6,no,0.32,no,corr,0.0,None,None,None,yes
2681,exp_acyclic_indvary3_step1_batch_yyy09.pl,v6,no,0.23,no,corr,0.0,None,None,None,yes
2682,exp_acyclic_indvary3_step1_batch_yyy09.pl,v5,no,0.21,no,corr,0.0,None,None,None,yes
2683,exp_acyclic_indvary3_step1_batch_yyy09.pl,c3,no,0.28,no,corr,1.0,None,None,None,no
2684,exp_acyclic_indvary3_step1_batch_yyy09.pl,t5,no,0.24,no,corr,0.0,None,None,None,yes
2685,exp_acyclic_indvary3_step1_batch_yyy09.pl,d3,no,0.21,no,corr,0.0,None,None,None,yes
2686,exp_acyclic_indvary3_step1_batch_yyy09.pl,u4,no,0.22,no,corr,0.0,None,None,None,yes
2687,exp_acyclic_indvary3_step1_batch_yyy09.pl,s2,yes,0.2,yes,corr,1.0,None,None,None,no
2688,exp_acyclic_indvary3_step1_batch_yyy09.pl,c2,yes,0.17,yes,corr,0.0,None,None,None,no
2689,exp_acyclic_indvary3_step1_batch_yyy09.pl,y3,yes,0.29,yes,corr,1.0,None,None,None,no
2690,exp_acyclic_indvary3_step1_batch_yyy09.pl,r5,no,0.22,no,corr,0.0,None,None,None,yes
2691,exp_acyclic_indvary3_step1_batch_yyy10.pl,d5,no,0.26,no,corr,0.0,None,None,None,yes
2692,exp_acyclic_indvary3_step1_batch_yyy10.pl,w7,no,0.2,no,corr,0.0,None,None,None,yes
2693,exp_acyclic_indvary3_step1_batch_yyy10.pl,e5,no,0.22,no,corr,0.0,None,None,None,yes
2694,exp_acyclic_indvary3_step1_batch_yyy10.pl,c5,no,0.26,no,corr,0.0,None,None,None,yes
2695,exp_acyclic_indvary3_step1_batch_yyy10.pl,p3,yes,0.22,yes,corr,3.0,None,None,None,no
2696,exp_acyclic_indvary3_step1_batch_yyy10.pl,c1,yes,0.22,yes,corr,0.0,None,None,None,no
2697,exp_acyclic_indvary3_step1_batch_yyy10.pl,r1,no,0.35,no,corr,0.0,None,None,None,yes
2698,exp_acyclic_indvary3_step1_batch_yyy10.pl,b6,no,0.59,no,corr,0.0,None,None,None,yes
2699,exp_acyclic_indvary3_step1_batch_yyy10.pl,v3,no,0.27,no,corr,0.0,None,None,None,yes
2700,exp_acyclic_indvary3_step1_batch_yyy10.pl,e2,yes,0.29,yes,corr,0.0,None,None,None,no
2701,exp_acyclic_indvary3_step2_batch_yyy01.pl,u6,no,0.25,no,corr,0.0,None,None,None,yes
2702,exp_acyclic_indvary3_step2_batch_yyy01.pl,q6,no,0.32,no,corr,0.0,None,None,None,yes
2703,exp_acyclic_indvary3_step2_batch_yyy01.pl,p4,yes,0.34,yes,corr,5.0,None,None,None,no
2704,exp_acyclic_indvary3_step2_batch_yyy01.pl,e5,no,0.21,no,corr,0.0,None,None,None,yes
2705,exp_acyclic_indvary3_step2_batch_yyy01.pl,x7,no,0.33,no,corr,0.0,None,None,None,yes
2706,exp_acyclic_indvary3_step2_batch_yyy01.pl,z4,no,0.19,no,corr,0.0,None,None,None,yes
2707,exp_acyclic_indvary3_step2_batch_yyy01.pl,r4,no,0.3,no,corr,0.0,None,None,None,yes
2708,exp_acyclic_indvary3_step2_batch_yyy01.pl,x1,no,0.58,no,corr,4.0,None,None,None,no
2709,exp_acyclic_indvary3_step2_batch_yyy01.pl,q7,no,0.4,no,corr,0.0,None,None,None,yes
2710,exp_acyclic_indvary3_step2_batch_yyy01.pl,a2,no,0.42,no,corr,1.0,None,None,None,no
2711,exp_acyclic_indvary3_step2_batch_yyy02.pl,d5,no,0.26,no,corr,0.0,None,None,None,yes
2712,exp_acyclic_indvary3_step2_batch_yyy02.pl,c4,no,0.27,no,corr,0.0,None,None,None,yes
2713,exp_acyclic_indvary3_step2_batch_yyy02.pl,w7,no,0.22,no,corr,0.0,None,None,None,yes
2714,exp_acyclic_indvary3_step2_batch_yyy02.pl,x3,no,0.23,no,corr,0.0,None,None,None,yes
2715,exp_acyclic_indvary3_step2_batch_yyy02.pl,u4,no,0.17,no,corr,0.0,None,None,None,yes
2716,exp_acyclic_indvary3_step2_batch_yyy02.pl,a4,no,0.2,no,corr,0.0,None,None,None,yes
2717,exp_acyclic_indvary3_step2_batch_yyy02.pl,e4,no,0.21,no,corr,0.0,None,None,None,yes
2718,exp_acyclic_indvary3_step2_batch_yyy02.pl,u3,no,0.19,no,corr,0.0,None,None,None,yes
2719,exp_acyclic_indvary3_step2_batch_yyy02.pl,q3,no,0.34,no,corr,3.0,None,None,None,no
2720,exp_acyclic_indvary3_step2_batch_yyy02.pl,v3,no,4.88,no,corr,12.0,None,None,None,no
2721,exp_acyclic_indvary3_step2_batch_yyy03.pl,v7,no,0.26,no,corr,0.0,None,None,None,yes
2722,exp_acyclic_indvary3_step2_batch_yyy03.pl,v6,no,0.23,no,corr,0.0,None,None,None,yes
2723,exp_acyclic_indvary3_step2_batch_yyy03.pl,u4,no,0.29,no,corr,0.0,None,None,None,yes
2724,exp_acyclic_indvary3_step2_batch_yyy03.pl,v5,no,0.33,no,corr,0.0,None,None,None,yes
2725,exp_acyclic_indvary3_step2_batch_yyy03.pl,t7,no,0.2,no,corr,0.0,None,None,None,yes
2726,exp_acyclic_indvary3_step2_batch_yyy03.pl,s1,no,0.4,no,corr,0.0,None,None,None,yes
2727,exp_acyclic_indvary3_step2_batch_yyy03.pl,v1,no,0.38,no,corr,0.0,None,None,None,yes
2728,exp_acyclic_indvary3_step2_batch_yyy03.pl,w1,no,510.18,no,corr,21.0,None,None,None,no
2729,exp_acyclic_indvary3_step2_batch_yyy03.pl,p6,no,0.45,no,corr,0.0,None,None,None,yes
2730,exp_acyclic_indvary3_step2_batch_yyy03.pl,q2,no,0.75,no,corr,0.0,None,None,None,yes
2731,exp_acyclic_indvary3_step2_batch_yyy04.pl,t5,no,0.51,no,corr,0.0,None,None,None,yes
2732,exp_acyclic_indvary3_step2_batch_yyy04.pl,w7,no,0.38,no,corr,0.0,None,None,None,yes
2733,exp_acyclic_indvary3_step2_batch_yyy04.pl,v6,no,0.37,no,corr,0.0,None,None,None,yes
2734,exp_acyclic_indvary3_step2_batch_yyy04.pl,s5,no,0.24,no,corr,0.0,None,None,None,yes
2735,exp_acyclic_indvary3_step2_batch_yyy04.pl,s2,no,0.23,no,corr,0.0,None,None,None,yes
2736,exp_acyclic_indvary3_step2_batch_yyy04.pl,x2,no,0.33,no,corr,0.0,None,None,None,yes
2737,exp_acyclic_indvary3_step2_batch_yyy04.pl,y3,no,64.18,no,corr,16.0,None,None,None,no
2738,exp_acyclic_indvary3_step2_batch_yyy04.pl,u2,yes,0.4,yes,corr,3.0,None,None,None,no
2739,exp_acyclic_indvary3_step2_batch_yyy04.pl,y6,no,0.29,no,corr,0.0,None,None,None,yes
2740,exp_acyclic_indvary3_step2_batch_yyy04.pl,p6,no,0.24,no,corr,0.0,None,None,None,yes
2741,exp_acyclic_indvary3_step2_batch_yyy05.pl,b2,yes,0.49,yes,corr,1.0,None,None,None,no
2742,exp_acyclic_indvary3_step2_batch_yyy05.pl,z5,no,0.31,no,corr,0.0,None,None,None,yes
2743,exp_acyclic_indvary3_step2_batch_yyy05.pl,e4,no,0.25,no,corr,0.0,None,None,None,yes
2744,exp_acyclic_indvary3_step2_batch_yyy05.pl,v1,yes,0.46,yes,corr,2.0,None,None,None,no
2745,exp_acyclic_indvary3_step2_batch_yyy05.pl,y2,yes,0.42,yes,corr,5.0,None,None,None,no
2746,exp_acyclic_indvary3_step2_batch_yyy05.pl,x4,no,0.5,no,corr,0.0,None,None,None,yes
2747,exp_acyclic_indvary3_step2_batch_yyy05.pl,c1,yes,0.53,yes,corr,5.0,None,None,None,no
2748,exp_acyclic_indvary3_step2_batch_yyy05.pl,b5,no,0.29,no,corr,0.0,None,None,None,yes
2749,exp_acyclic_indvary3_step2_batch_yyy05.pl,f4,no,0.25,no,corr,0.0,None,None,None,yes
2750,exp_acyclic_indvary3_step2_batch_yyy05.pl,z3,no,123.79,no,corr,22.0,None,None,None,no
2751,exp_acyclic_indvary3_step2_batch_yyy06.pl,z6,no,0.36,no,corr,0.0,None,None,None,yes
2752,exp_acyclic_indvary3_step2_batch_yyy06.pl,s4,no,0.29,no,corr,0.0,None,None,None,yes
2753,exp_acyclic_indvary3_step2_batch_yyy06.pl,v2,no,3.42,no,corr,11.0,None,None,None,no
2754,exp_acyclic_indvary3_step2_batch_yyy06.pl,d3,no,0.2,no,corr,0.0,None,None,None,yes
2755,exp_acyclic_indvary3_step2_batch_yyy06.pl,a5,no,0.19,no,corr,0.0,None,None,None,yes
2756,exp_acyclic_indvary3_step2_batch_yyy06.pl,x4,no,0.18,no,corr,0.0,None,None,None,yes
2757,exp_acyclic_indvary3_step2_batch_yyy06.pl,q5,no,0.21,no,corr,0.0,None,None,None,yes
2758,exp_acyclic_indvary3_step2_batch_yyy06.pl,t3,no,0.24,no,corr,0.0,None,None,None,yes
2759,exp_acyclic_indvary3_step2_batch_yyy06.pl,b6,no,0.22,no,corr,0.0,None,None,None,yes
2760,exp_acyclic_indvary3_step2_batch_yyy06.pl,a1,yes,0.42,yes,corr,2.0,None,None,None,no
2761,exp_acyclic_indvary3_step2_batch_yyy07.pl,s4,no,0.19,no,corr,0.0,None,None,None,yes
2762,exp_acyclic_indvary3_step2_batch_yyy07.pl,p4,no,0.18,no,corr,0.0,None,None,None,yes
2763,exp_acyclic_indvary3_step2_batch_yyy07.pl,a4,no,0.24,no,corr,0.0,None,None,None,yes
2764,exp_acyclic_indvary3_step2_batch_yyy07.pl,r5,no,0.2,no,corr,0.0,None,None,None,yes
2765,exp_acyclic_indvary3_step2_batch_yyy07.pl,v4,no,0.27,no,corr,0.0,None,None,None,yes
2766,exp_acyclic_indvary3_step2_batch_yyy07.pl,f4,no,0.26,no,corr,0.0,None,None,None,yes
2767,exp_acyclic_indvary3_step2_batch_yyy07.pl,x6,no,0.71,no,corr,0.0,None,None,None,yes
2768,exp_acyclic_indvary3_step2_batch_yyy07.pl,r7,no,0.28,no,corr,0.0,None,None,None,yes
2769,exp_acyclic_indvary3_step2_batch_yyy07.pl,x5,no,0.23,no,corr,0.0,None,None,None,yes
2770,exp_acyclic_indvary3_step2_batch_yyy07.pl,c1,yes,0.33,yes,corr,0.0,None,None,None,no
2771,exp_acyclic_indvary3_step2_batch_yyy08.pl,u5,no,0.27,no,corr,0.0,None,None,None,yes
2772,exp_acyclic_indvary3_step2_batch_yyy08.pl,r6,no,0.78,no,corr,0.0,None,None,None,yes
2773,exp_acyclic_indvary3_step2_batch_yyy08.pl,a4,no,0.6,no,corr,0.0,None,None,None,yes
2774,exp_acyclic_indvary3_step2_batch_yyy08.pl,a3,yes,0.32,yes,corr,2.0,None,None,None,no
2775,exp_acyclic_indvary3_step2_batch_yyy08.pl,b6,no,0.22,no,corr,0.0,None,None,None,yes
2776,exp_acyclic_indvary3_step2_batch_yyy08.pl,q2,no,0.79,no,corr,8.0,None,None,None,no
2777,exp_acyclic_indvary3_step2_batch_yyy08.pl,s2,no,0.32,no,corr,0.0,None,None,None,yes
2778,exp_acyclic_indvary3_step2_batch_yyy08.pl,b1,yes,0.18,yes,corr,1.0,None,None,None,no
2779,exp_acyclic_indvary3_step2_batch_yyy08.pl,c1,no,0.92,no,corr,9.0,None,None,None,no
2780,exp_acyclic_indvary3_step2_batch_yyy08.pl,t2,no,50.26,no,corr,15.0,None,None,None,no
2781,exp_acyclic_indvary3_step2_batch_yyy09.pl,z5,no,0.27,no,corr,0.0,None,None,None,yes
2782,exp_acyclic_indvary3_step2_batch_yyy09.pl,u7,no,0.24,no,corr,0.0,None,None,None,yes
2783,exp_acyclic_indvary3_step2_batch_yyy09.pl,v1,no,0.47,no,corr,0.0,None,None,None,yes
2784,exp_acyclic_indvary3_step2_batch_yyy09.pl,y2,no,0.24,no,corr,0.0,None,None,None,yes
2785,exp_acyclic_indvary3_step2_batch_yyy09.pl,b6,no,0.16,no,corr,0.0,None,None,None,yes
2786,exp_acyclic_indvary3_step2_batch_yyy09.pl,a6,no,0.36,no,corr,0.0,None,None,None,yes
2787,exp_acyclic_indvary3_step2_batch_yyy09.pl,v7,no,0.41,no,corr,0.0,None,None,None,yes
2788,exp_acyclic_indvary3_step2_batch_yyy09.pl,z4,no,0.18,no,corr,0.0,None,None,None,yes
2789,exp_acyclic_indvary3_step2_batch_yyy09.pl,r5,no,0.24,no,corr,0.0,None,None,None,yes
2790,exp_acyclic_indvary3_step2_batch_yyy09.pl,e4,no,0.37,no,corr,0.0,None,None,None,yes
2791,exp_acyclic_indvary3_step2_batch_yyy10.pl,f5,no,0.19,no,corr,0.0,None,None,None,yes
2792,exp_acyclic_indvary3_step2_batch_yyy10.pl,z4,no,0.24,no,corr,0.0,None,None,None,yes
2793,exp_acyclic_indvary3_step2_batch_yyy10.pl,x5,no,0.19,no,corr,0.0,None,None,None,yes
2794,exp_acyclic_indvary3_step2_batch_yyy10.pl,y1,no,0.21,no,corr,0.0,None,None,None,yes
2795,exp_acyclic_indvary3_step2_batch_yyy10.pl,x6,no,0.18,no,corr,0.0,None,None,None,yes
2796,exp_acyclic_indvary3_step2_batch_yyy10.pl,d1,yes,0.17,yes,corr,3.0,None,None,None,no
2797,exp_acyclic_indvary3_step2_batch_yyy10.pl,a6,no,0.25,no,corr,0.0,None,None,None,yes
2798,exp_acyclic_indvary3_step2_batch_yyy10.pl,b3,yes,0.32,yes,corr,1.0,None,None,None,no
2799,exp_acyclic_indvary3_step2_batch_yyy10.pl,z1,no,0.35,no,corr,6.0,None,None,None,no
2800,exp_acyclic_indvary3_step2_batch_yyy10.pl,b1,no,0.25,no,corr,1.0,None,None,None,no
2801,exp_acyclic_indvary3_step3_batch_yyy01.pl,u5,no,0.24,no,corr,0.0,None,None,None,yes
2802,exp_acyclic_indvary3_step3_batch_yyy01.pl,t4,no,0.26,no,corr,0.0,None,None,None,yes
2803,exp_acyclic_indvary3_step3_batch_yyy01.pl,b3,yes,0.26,yes,corr,1.0,None,None,None,no
2804,exp_acyclic_indvary3_step3_batch_yyy01.pl,t3,yes,0.38,yes,corr,5.0,None,None,None,no
2805,exp_acyclic_indvary3_step3_batch_yyy01.pl,c1,yes,0.14,yes,corr,1.0,None,None,None,no
2806,exp_acyclic_indvary3_step3_batch_yyy01.pl,s1,no,0.3,no,corr,0.0,None,None,None,yes
2807,exp_acyclic_indvary3_step3_batch_yyy01.pl,a3,no,0.41,no,corr,9.0,None,None,None,no
2808,exp_acyclic_indvary3_step3_batch_yyy01.pl,x4,no,0.16,no,corr,0.0,None,None,None,yes
2809,exp_acyclic_indvary3_step3_batch_yyy01.pl,d1,yes,0.23,yes,corr,1.0,None,None,None,no
2810,exp_acyclic_indvary3_step3_batch_yyy01.pl,t1,no,1.21,no,corr,8.0,None,None,None,no
2811,exp_acyclic_indvary3_step3_batch_yyy02.pl,z6,no,0.2,no,corr,0.0,None,None,None,yes
2812,exp_acyclic_indvary3_step3_batch_yyy02.pl,p4,no,0.17,no,corr,0.0,None,None,None,yes
2813,exp_acyclic_indvary3_step3_batch_yyy02.pl,w2,no,0.32,no,corr,3.0,None,None,None,no
2814,exp_acyclic_indvary3_step3_batch_yyy02.pl,x2,no,0.6,no,corr,5.0,None,None,None,no
2815,exp_acyclic_indvary3_step3_batch_yyy02.pl,w4,no,0.2,no,corr,0.0,None,None,None,yes
2816,exp_acyclic_indvary3_step3_batch_yyy02.pl,p2,no,0.26,no,corr,0.0,None,None,None,yes
2817,exp_acyclic_indvary3_step3_batch_yyy02.pl,s4,no,0.16,no,corr,0.0,None,None,None,yes
2818,exp_acyclic_indvary3_step3_batch_yyy02.pl,y4,no,0.25,no,corr,0.0,None,None,None,yes
2819,exp_acyclic_indvary3_step3_batch_yyy02.pl,q7,no,0.21,no,corr,0.0,None,None,None,yes
2820,exp_acyclic_indvary3_step3_batch_yyy02.pl,y5,no,0.31,no,corr,0.0,None,None,None,yes
2821,exp_acyclic_indvary3_step3_batch_yyy03.pl,z5,no,0.19,no,corr,0.0,None,None,None,yes
2822,exp_acyclic_indvary3_step3_batch_yyy03.pl,p5,no,0.22,no,corr,0.0,None,None,None,yes
2823,exp_acyclic_indvary3_step3_batch_yyy03.pl,u7,no,0.17,no,corr,0.0,None,None,None,yes
2824,exp_acyclic_indvary3_step3_batch_yyy03.pl,q5,no,0.17,no,corr,0.0,None,None,None,yes
2825,exp_acyclic_indvary3_step3_batch_yyy03.pl,c2,no,0.26,no,corr,1.0,None,None,None,no
2826,exp_acyclic_indvary3_step3_batch_yyy03.pl,f3,no,0.25,no,corr,0.0,None,None,None,yes
2827,exp_acyclic_indvary3_step3_batch_yyy03.pl,z2,no,3.12,no,corr,9.0,None,None,None,no
2828,exp_acyclic_indvary3_step3_batch_yyy03.pl,x1,no,0.28,no,corr,0.0,None,None,None,yes
2829,exp_acyclic_indvary3_step3_batch_yyy03.pl,r3,no,0.42,no,corr,0.0,None,None,None,yes
2830,exp_acyclic_indvary3_step3_batch_yyy03.pl,y6,no,0.25,no,corr,0.0,None,None,None,yes
2831,exp_acyclic_indvary3_step3_batch_yyy04.pl,s3,no,1.62,no,corr,8.0,None,None,None,no
2832,exp_acyclic_indvary3_step3_batch_yyy04.pl,c2,yes,0.29,yes,corr,2.0,None,None,None,no
2833,exp_acyclic_indvary3_step3_batch_yyy04.pl,t7,no,0.45,no,corr,0.0,None,None,None,yes
2834,exp_acyclic_indvary3_step3_batch_yyy04.pl,z3,no,0.18,no,corr,1.0,None,None,None,no
2835,exp_acyclic_indvary3_step3_batch_yyy04.pl,b6,no,0.21,no,corr,0.0,None,None,None,yes
2836,exp_acyclic_indvary3_step3_batch_yyy04.pl,u2,no,0.28,no,corr,0.0,None,None,None,yes
2837,exp_acyclic_indvary3_step3_batch_yyy04.pl,y6,no,0.23,no,corr,0.0,None,None,None,yes
2838,exp_acyclic_indvary3_step3_batch_yyy04.pl,p6,no,0.27,no,corr,0.0,None,None,None,yes
2839,exp_acyclic_indvary3_step3_batch_yyy04.pl,u5,no,0.49,no,corr,0.0,None,None,None,yes
2840,exp_acyclic_indvary3_step3_batch_yyy04.pl,d5,no,0.49,no,corr,0.0,None,None,None,yes
2841,exp_acyclic_indvary3_step3_batch_yyy05.pl,b3,yes,0.38,yes,corr,1.0,None,None,None,no
2842,exp_acyclic_indvary3_step3_batch_yyy05.pl,w5,no,0.24,no,corr,0.0,None,None,None,yes
2843,exp_acyclic_indvary3_step3_batch_yyy05.pl,s5,no,0.27,no,corr,0.0,None,None,None,yes
2844,exp_acyclic_indvary3_step3_batch_yyy05.pl,r5,no,0.23,no,corr,0.0,None,None,None,yes
2845,exp_acyclic_indvary3_step3_batch_yyy05.pl,w4,no,0.29,no,corr,0.0,None,None,None,yes
2846,exp_acyclic_indvary3_step3_batch_yyy05.pl,t1,no,0.28,no,corr,1.0,None,None,None,no
2847,exp_acyclic_indvary3_step3_batch_yyy05.pl,q2,no,0.85,no,corr,7.0,None,None,None,no
2848,exp_acyclic_indvary3_step3_batch_yyy05.pl,w2,no,0.8,no,corr,6.0,None,None,None,no
2849,exp_acyclic_indvary3_step3_batch_yyy05.pl,r6,no,0.18,no,corr,0.0,None,None,None,yes
2850,exp_acyclic_indvary3_step3_batch_yyy05.pl,f1,yes,0.23,yes,corr,0.0,None,None,None,no
2851,exp_acyclic_indvary3_step3_batch_yyy06.pl,u6,no,0.2,no,corr,0.0,None,None,None,yes
2852,exp_acyclic_indvary3_step3_batch_yyy06.pl,x3,no,0.39,no,corr,0.0,None,None,None,yes
2853,exp_acyclic_indvary3_step3_batch_yyy06.pl,s5,no,0.3,no,corr,0.0,None,None,None,yes
2854,exp_acyclic_indvary3_step3_batch_yyy06.pl,q4,no,0.24,no,corr,0.0,None,None,None,no
2855,exp_acyclic_indvary3_step3_batch_yyy06.pl,f3,no,0.33,no,corr,0.0,None,None,None,yes
2856,exp_acyclic_indvary3_step3_batch_yyy06.pl,r7,no,0.22,no,corr,0.0,None,None,None,yes
2857,exp_acyclic_indvary3_step3_batch_yyy06.pl,t4,no,0.3,no,corr,0.0,None,None,None,yes
2858,exp_acyclic_indvary3_step3_batch_yyy06.pl,t5,no,0.46,no,corr,0.0,None,None,None,yes
2859,exp_acyclic_indvary3_step3_batch_yyy06.pl,y2,no,0.38,no,corr,7.0,None,None,None,no
2860,exp_acyclic_indvary3_step3_batch_yyy06.pl,x6,no,0.4,no,corr,0.0,None,None,None,yes
2861,exp_acyclic_indvary3_step3_batch_yyy07.pl,f1,yes,0.17,yes,corr,1.0,None,None,None,no
2862,exp_acyclic_indvary3_step3_batch_yyy07.pl,v5,no,0.33,no,corr,0.0,None,None,None,yes
2863,exp_acyclic_indvary3_step3_batch_yyy07.pl,x7,no,0.29,no,corr,0.0,None,None,None,yes
2864,exp_acyclic_indvary3_step3_batch_yyy07.pl,f3,no,0.22,no,corr,0.0,None,None,None,yes
2865,exp_acyclic_indvary3_step3_batch_yyy07.pl,r4,no,0.22,no,corr,0.0,None,None,None,yes
2866,exp_acyclic_indvary3_step3_batch_yyy07.pl,d2,yes,0.27,yes,corr,1.0,None,None,None,no
2867,exp_acyclic_indvary3_step3_batch_yyy07.pl,x6,no,0.44,no,corr,0.0,None,None,None,yes
2868,exp_acyclic_indvary3_step3_batch_yyy07.pl,x1,no,0.21,no,corr,0.0,None,None,None,yes
2869,exp_acyclic_indvary3_step3_batch_yyy07.pl,r2,no,0.35,no,corr,1.0,None,None,None,no
2870,exp_acyclic_indvary3_step3_batch_yyy07.pl,r7,no,0.43,no,corr,0.0,None,None,None,yes
2871,exp_acyclic_indvary3_step3_batch_yyy08.pl,d5,no,0.29,no,corr,0.0,None,None,None,yes
2872,exp_acyclic_indvary3_step3_batch_yyy08.pl,c3,yes,0.64,yes,corr,3.0,None,None,None,no
2873,exp_acyclic_indvary3_step3_batch_yyy08.pl,z6,no,0.62,no,corr,0.0,None,None,None,yes
2874,exp_acyclic_indvary3_step3_batch_yyy08.pl,v7,no,0.26,no,corr,0.0,None,None,None,yes
2875,exp_acyclic_indvary3_step3_batch_yyy08.pl,p7,no,0.39,no,corr,0.0,None,None,None,yes
2876,exp_acyclic_indvary3_step3_batch_yyy08.pl,b4,no,0.7,no,corr,0.0,None,None,None,yes
2877,exp_acyclic_indvary3_step3_batch_yyy08.pl,p3,no,0.22,no,corr,2.0,None,None,None,no
2878,exp_acyclic_indvary3_step3_batch_yyy08.pl,p6,no,0.23,no,corr,0.0,None,None,None,yes
2879,exp_acyclic_indvary3_step3_batch_yyy08.pl,r1,no,418.82,no,corr,17.0,None,None,None,no
2880,exp_acyclic_indvary3_step3_batch_yyy08.pl,d2,,600.0,no,TIMEOUT,,,,,no
2881,exp_acyclic_indvary3_step3_batch_yyy09.pl,v7,no,0.25,no,corr,0.0,None,None,None,yes
2882,exp_acyclic_indvary3_step3_batch_yyy09.pl,q6,no,0.21,no,corr,0.0,None,None,None,yes
2883,exp_acyclic_indvary3_step3_batch_yyy09.pl,w2,no,0.2,no,corr,1.0,None,None,None,no
2884,exp_acyclic_indvary3_step3_batch_yyy09.pl,v5,no,0.27,no,corr,0.0,None,None,None,yes
2885,exp_acyclic_indvary3_step3_batch_yyy09.pl,v1,no,0.38,no,corr,0.0,None,None,None,no
2886,exp_acyclic_indvary3_step3_batch_yyy09.pl,u3,no,0.41,no,corr,0.0,None,None,None,yes
2887,exp_acyclic_indvary3_step3_batch_yyy09.pl,a1,yes,0.25,yes,corr,0.0,None,None,None,no
2888,exp_acyclic_indvary3_step3_batch_yyy09.pl,q7,no,0.23,no,corr,0.0,None,None,None,yes
2889,exp_acyclic_indvary3_step3_batch_yyy09.pl,c1,no,0.22,no,corr,1.0,None,None,None,no
2890,exp_acyclic_indvary3_step3_batch_yyy09.pl,b5,no,0.38,no,corr,0.0,None,None,None,yes
2891,exp_acyclic_indvary3_step3_batch_yyy10.pl,c3,yes,0.48,yes,corr,0.0,None,None,None,no
2892,exp_acyclic_indvary3_step3_batch_yyy10.pl,v7,no,0.35,no,corr,0.0,None,None,None,yes
2893,exp_acyclic_indvary3_step3_batch_yyy10.pl,d3,no,0.4,no,corr,0.0,None,None,None,yes
2894,exp_acyclic_indvary3_step3_batch_yyy10.pl,q5,no,0.28,no,corr,0.0,None,None,None,yes
2895,exp_acyclic_indvary3_step3_batch_yyy10.pl,x7,no,0.26,no,corr,0.0,None,None,None,yes
2896,exp_acyclic_indvary3_step3_batch_yyy10.pl,a4,no,0.47,no,corr,0.0,None,None,None,yes
2897,exp_acyclic_indvary3_step3_batch_yyy10.pl,d2,yes,0.21,yes,corr,0.0,None,None,None,no
2898,exp_acyclic_indvary3_step3_batch_yyy10.pl,a3,no,0.31,no,corr,5.0,None,None,None,no
2899,exp_acyclic_indvary3_step3_batch_yyy10.pl,t1,no,0.24,no,corr,0.0,None,None,None,yes
2900,exp_acyclic_indvary3_step3_batch_yyy10.pl,y6,no,0.25,no,corr,0.0,None,None,None,yes
2901,exp_acyclic_indvary3_step4_batch_yyy01.pl,z6,no,0.21,no,corr,0.0,None,None,None,yes
2902,exp_acyclic_indvary3_step4_batch_yyy01.pl,p7,no,0.37,no,corr,0.0,None,None,None,yes
2903,exp_acyclic_indvary3_step4_batch_yyy01.pl,v1,no,1.88,no,corr,11.0,None,None,None,no
2904,exp_acyclic_indvary3_step4_batch_yyy01.pl,p1,no,0.31,no,corr,0.0,None,None,None,yes
2905,exp_acyclic_indvary3_step4_batch_yyy01.pl,s4,no,0.27,no,corr,0.0,None,None,None,yes
2906,exp_acyclic_indvary3_step4_batch_yyy01.pl,v7,no,0.38,no,corr,0.0,None,None,None,yes
2907,exp_acyclic_indvary3_step4_batch_yyy01.pl,c5,no,0.58,no,corr,0.0,None,None,None,yes
2908,exp_acyclic_indvary3_step4_batch_yyy01.pl,t6,no,0.2,no,corr,0.0,None,None,None,yes
2909,exp_acyclic_indvary3_step4_batch_yyy01.pl,u2,no,0.24,no,corr,0.0,None,None,None,yes
2910,exp_acyclic_indvary3_step4_batch_yyy01.pl,t1,no,0.62,no,corr,6.0,None,None,None,no
2911,exp_acyclic_indvary3_step4_batch_yyy02.pl,d5,no,0.34,no,corr,0.0,None,None,None,yes
2912,exp_acyclic_indvary3_step4_batch_yyy02.pl,v5,no,0.32,no,corr,0.0,None,None,None,yes
2913,exp_acyclic_indvary3_step4_batch_yyy02.pl,c5,no,0.21,no,corr,0.0,None,None,None,yes
2914,exp_acyclic_indvary3_step4_batch_yyy02.pl,y3,no,0.42,no,corr,4.0,None,None,None,no
2915,exp_acyclic_indvary3_step4_batch_yyy02.pl,t2,no,0.45,no,corr,3.0,None,None,None,no
2916,exp_acyclic_indvary3_step4_batch_yyy02.pl,u3,no,0.43,no,corr,1.0,None,None,None,no
2917,exp_acyclic_indvary3_step4_batch_yyy02.pl,t5,no,0.5,no,corr,0.0,None,None,None,yes
2918,exp_acyclic_indvary3_step4_batch_yyy02.pl,c4,no,0.57,no,corr,0.0,None,None,None,yes
2919,exp_acyclic_indvary3_step4_batch_yyy02.pl,z5,no,0.36,no,corr,0.0,None,None,None,yes
2920,exp_acyclic_indvary3_step4_batch_yyy02.pl,v2,no,0.36,no,corr,4.0,None,None,None,no
2921,exp_acyclic_indvary3_step4_batch_yyy03.pl,b3,yes,0.6,yes,corr,1.0,None,None,None,no
2922,exp_acyclic_indvary3_step4_batch_yyy03.pl,q5,no,0.33,no,corr,0.0,None,None,None,yes
2923,exp_acyclic_indvary3_step4_batch_yyy03.pl,x7,no,0.16,no,corr,0.0,None,None,None,yes
2924,exp_acyclic_indvary3_step4_batch_yyy03.pl,f3,no,0.22,no,corr,0.0,None,None,None,yes
2925,exp_acyclic_indvary3_step4_batch_yyy03.pl,x5,no,0.46,no,corr,0.0,None,None,None,yes
2926,exp_acyclic_indvary3_step4_batch_yyy03.pl,u3,no,0.3,no,corr,0.0,None,None,None,yes
2927,exp_acyclic_indvary3_step4_batch_yyy03.pl,r3,no,0.27,no,corr,1.0,None,None,None,no
2928,exp_acyclic_indvary3_step4_batch_yyy03.pl,x4,no,0.2,no,corr,0.0,None,None,None,yes
2929,exp_acyclic_indvary3_step4_batch_yyy03.pl,s1,no,0.33,no,corr,0.0,None,None,None,yes
2930,exp_acyclic_indvary3_step4_batch_yyy03.pl,d2,yes,0.33,yes,corr,1.0,None,None,None,no
2931,exp_acyclic_indvary3_step4_batch_yyy04.pl,z5,no,0.32,no,corr,0.0,None,None,None,yes
2932,exp_acyclic_indvary3_step4_batch_yyy04.pl,p7,no,0.2,no,corr,0.0,None,None,None,yes
2933,exp_acyclic_indvary3_step4_batch_yyy04.pl,f1,yes,0.17,yes,corr,1.0,None,None,None,no
2934,exp_acyclic_indvary3_step4_batch_yyy04.pl,u7,no,0.21,no,corr,0.0,None,None,None,yes
2935,exp_acyclic_indvary3_step4_batch_yyy04.pl,r5,no,0.42,no,corr,0.0,None,None,None,yes
2936,exp_acyclic_indvary3_step4_batch_yyy04.pl,z3,no,0.3,no,corr,0.0,None,None,None,yes
2937,exp_acyclic_indvary3_step4_batch_yyy04.pl,a1,no,0.28,no,corr,1.0,None,None,None,no
2938,exp_acyclic_indvary3_step4_batch_yyy04.pl,f2,yes,0.26,yes,corr,0.0,None,None,None,no
2939,exp_acyclic_indvary3_step4_batch_yyy04.pl,b3,yes,0.32,yes,corr,0.0,None,None,None,no
2940,exp_acyclic_indvary3_step4_batch_yyy04.pl,w7,no,0.36,no,corr,0.0,None,None,None,yes
2941,exp_acyclic_indvary3_step4_batch_yyy05.pl,d5,no,0.41,no,corr,0.0,None,None,None,yes
2942,exp_acyclic_indvary3_step4_batch_yyy05.pl,b4,no,0.25,no,corr,0.0,None,None,None,yes
2943,exp_acyclic_indvary3_step4_batch_yyy05.pl,t6,no,0.52,no,corr,0.0,None,None,None,yes
2944,exp_acyclic_indvary3_step4_batch_yyy05.pl,w1,no,0.38,no,corr,3.0,None,None,None,no
2945,exp_acyclic_indvary3_step4_batch_yyy05.pl,t2,no,0.52,no,corr,0.0,None,None,None,yes
2946,exp_acyclic_indvary3_step4_batch_yyy05.pl,x6,no,0.34,no,corr,0.0,None,None,None,yes
2947,exp_acyclic_indvary3_step4_batch_yyy05.pl,v3,no,0.49,no,corr,0.0,None,None,None,yes
2948,exp_acyclic_indvary3_step4_batch_yyy05.pl,w3,no,1.24,no,corr,8.0,None,None,None,no
2949,exp_acyclic_indvary3_step4_batch_yyy05.pl,u3,no,0.72,no,corr,6.0,None,None,None,no
2950,exp_acyclic_indvary3_step4_batch_yyy05.pl,r4,no,0.31,no,corr,0.0,None,None,None,yes
2951,exp_acyclic_indvary3_step4_batch_yyy06.pl,d3,no,0.45,no,corr,0.0,None,None,None,yes
2952,exp_acyclic_indvary3_step4_batch_yyy06.pl,z1,no,0.45,no,corr,0.0,None,None,None,yes
2953,exp_acyclic_indvary3_step4_batch_yyy06.pl,s1,no,0.58,no,corr,0.0,None,None,None,yes
2954,exp_acyclic_indvary3_step4_batch_yyy06.pl,x6,no,0.25,no,corr,0.0,None,None,None,yes
2955,exp_acyclic_indvary3_step4_batch_yyy06.pl,b3,no,0.21,no,corr,1.0,None,None,None,no
2956,exp_acyclic_indvary3_step4_batch_yyy06.pl,w7,no,0.22,no,corr,0.0,None,None,None,yes
2957,exp_acyclic_indvary3_step4_batch_yyy06.pl,z4,no,0.29,no,corr,0.0,None,None,None,yes
2958,exp_acyclic_indvary3_step4_batch_yyy06.pl,y3,no,0.26,no,corr,0.0,None,None,None,yes
2959,exp_acyclic_indvary3_step4_batch_yyy06.pl,q7,no,0.25,no,corr,0.0,None,None,None,yes
2960,exp_acyclic_indvary3_step4_batch_yyy06.pl,y6,no,0.3,no,corr,0.0,None,None,None,yes
2961,exp_acyclic_indvary3_step4_batch_yyy07.pl,q6,no,0.58,no,corr,0.0,None,None,None,yes
2962,exp_acyclic_indvary3_step4_batch_yyy07.pl,p5,no,0.28,no,corr,0.0,None,None,None,yes
2963,exp_acyclic_indvary3_step4_batch_yyy07.pl,d3,no,0.35,no,corr,0.0,None,None,None,yes
2964,exp_acyclic_indvary3_step4_batch_yyy07.pl,r5,no,0.28,no,corr,0.0,None,None,None,yes
2965,exp_acyclic_indvary3_step4_batch_yyy07.pl,p3,no,0.18,no,corr,0.0,None,None,None,yes
2966,exp_acyclic_indvary3_step4_batch_yyy07.pl,s6,no,0.29,no,corr,0.0,None,None,None,yes
2967,exp_acyclic_indvary3_step4_batch_yyy07.pl,e2,yes,0.22,yes,corr,0.0,None,None,None,no
2968,exp_acyclic_indvary3_step4_batch_yyy07.pl,a2,no,0.25,no,corr,1.0,None,None,None,no
2969,exp_acyclic_indvary3_step4_batch_yyy07.pl,u3,no,0.21,no,corr,0.0,None,None,None,yes
2970,exp_acyclic_indvary3_step4_batch_yyy07.pl,r4,no,0.27,no,corr,0.0,None,None,None,yes
2971,exp_acyclic_indvary3_step4_batch_yyy08.pl,b3,yes,0.31,yes,corr,1.0,None,None,None,no
2972,exp_acyclic_indvary3_step4_batch_yyy08.pl,z5,no,0.28,no,corr,0.0,None,None,None,yes
2973,exp_acyclic_indvary3_step4_batch_yyy08.pl,a4,no,0.25,no,corr,0.0,None,None,None,yes
2974,exp_acyclic_indvary3_step4_batch_yyy08.pl,v3,no,0.3,no,corr,0.0,None,None,None,yes
2975,exp_acyclic_indvary3_step4_batch_yyy08.pl,p4,no,0.27,no,corr,0.0,None,None,None,yes
2976,exp_acyclic_indvary3_step4_batch_yyy08.pl,p5,no,0.34,no,corr,0.0,None,None,None,yes
2977,exp_acyclic_indvary3_step4_batch_yyy08.pl,u2,no,5.19,no,corr,11.0,None,None,None,no
2978,exp_acyclic_indvary3_step4_batch_yyy08.pl,t1,no,0.39,no,corr,0.0,None,None,None,yes
2979,exp_acyclic_indvary3_step4_batch_yyy08.pl,x4,no,0.4,no,corr,0.0,None,None,None,yes
2980,exp_acyclic_indvary3_step4_batch_yyy08.pl,w3,no,0.42,no,corr,0.0,None,None,None,yes
2981,exp_acyclic_indvary3_step4_batch_yyy09.pl,u5,no,0.35,no,corr,0.0,None,None,None,yes
2982,exp_acyclic_indvary3_step4_batch_yyy09.pl,q6,no,0.23,no,corr,0.0,None,None,None,yes
2983,exp_acyclic_indvary3_step4_batch_yyy09.pl,f1,yes,0.31,yes,corr,0.0,None,None,None,no
2984,exp_acyclic_indvary3_step4_batch_yyy09.pl,f3,no,0.21,no,corr,0.0,None,None,None,yes
2985,exp_acyclic_indvary3_step4_batch_yyy09.pl,s6,no,0.38,no,corr,0.0,None,None,None,yes
2986,exp_acyclic_indvary3_step4_batch_yyy09.pl,r4,no,0.18,no,corr,0.0,None,None,None,yes
2987,exp_acyclic_indvary3_step4_batch_yyy09.pl,r1,no,0.21,no,corr,0.0,None,None,None,yes
2988,exp_acyclic_indvary3_step4_batch_yyy09.pl,r2,no,14.93,no,corr,12.0,None,None,None,no
2989,exp_acyclic_indvary3_step4_batch_yyy09.pl,y6,no,0.43,no,corr,0.0,None,None,None,yes
2990,exp_acyclic_indvary3_step4_batch_yyy09.pl,q2,no,0.19,no,corr,0.0,None,None,None,yes
2991,exp_acyclic_indvary3_step4_batch_yyy10.pl,u5,no,0.33,no,corr,0.0,None,None,None,yes
2992,exp_acyclic_indvary3_step4_batch_yyy10.pl,b2,no,0.79,no,corr,1.0,None,None,None,no
2993,exp_acyclic_indvary3_step4_batch_yyy10.pl,d3,no,0.31,no,corr,0.0,None,None,None,yes
2994,exp_acyclic_indvary3_step4_batch_yyy10.pl,f3,no,0.2,no,corr,0.0,None,None,None,yes
2995,exp_acyclic_indvary3_step4_batch_yyy10.pl,e3,no,0.27,no,corr,0.0,None,None,None,yes
2996,exp_acyclic_indvary3_step4_batch_yyy10.pl,r7,no,0.24,no,corr,0.0,None,None,None,yes
2997,exp_acyclic_indvary3_step4_batch_yyy10.pl,c3,yes,0.24,yes,corr,0.0,None,None,None,no
2998,exp_acyclic_indvary3_step4_batch_yyy10.pl,t5,no,0.39,no,corr,0.0,None,None,None,yes
2999,exp_acyclic_indvary3_step4_batch_yyy10.pl,s5,no,0.73,no,corr,0.0,None,None,None,yes
3000,exp_acyclic_indvary3_step4_batch_yyy10.pl,b4,no,0.56,no,corr,0.0,None,None,None,yes
3001,exp_acyclic_indvary3_step5_batch_yyy01.pl,s4,no,0.91,no,corr,0.0,None,None,None,yes
3002,exp_acyclic_indvary3_step5_batch_yyy01.pl,w5,no,0.39,no,corr,0.0,None,None,None,yes
3003,exp_acyclic_indvary3_step5_batch_yyy01.pl,b1,no,0.25,no,corr,1.0,None,None,None,no
3004,exp_acyclic_indvary3_step5_batch_yyy01.pl,t2,no,0.27,no,corr,0.0,None,None,None,yes
3005,exp_acyclic_indvary3_step5_batch_yyy01.pl,y1,no,0.23,no,corr,0.0,None,None,None,no
3006,exp_acyclic_indvary3_step5_batch_yyy01.pl,p1,no,0.44,no,corr,1.0,None,None,None,no
3007,exp_acyclic_indvary3_step5_batch_yyy01.pl,y5,no,0.18,no,corr,0.0,None,None,None,yes
3008,exp_acyclic_indvary3_step5_batch_yyy01.pl,s5,no,0.19,no,corr,0.0,None,None,None,yes
3009,exp_acyclic_indvary3_step5_batch_yyy01.pl,b4,no,0.37,no,corr,0.0,None,None,None,yes
3010,exp_acyclic_indvary3_step5_batch_yyy01.pl,q5,no,0.18,no,corr,0.0,None,None,None,yes
3011,exp_acyclic_indvary3_step5_batch_yyy02.pl,z6,no,0.26,no,corr,0.0,None,None,None,yes
3012,exp_acyclic_indvary3_step5_batch_yyy02.pl,z5,no,0.26,no,corr,0.0,None,None,None,yes
3013,exp_acyclic_indvary3_step5_batch_yyy02.pl,v6,no,0.24,no,corr,0.0,None,None,None,yes
3014,exp_acyclic_indvary3_step5_batch_yyy02.pl,z2,no,0.21,no,corr,0.0,None,None,None,yes
3015,exp_acyclic_indvary3_step5_batch_yyy02.pl,x1,no,0.33,no,corr,0.0,None,None,None,yes
3016,exp_acyclic_indvary3_step5_batch_yyy02.pl,a1,yes,0.23,yes,corr,1.0,None,None,None,no
3017,exp_acyclic_indvary3_step5_batch_yyy02.pl,u2,,600.0,no,TIMEOUT,,,,,no
3018,exp_acyclic_indvary3_step5_batch_yyy02.pl,p6,no,0.27,no,corr,0.0,None,None,None,yes
3019,exp_acyclic_indvary3_step5_batch_yyy02.pl,x2,no,0.2,no,corr,0.0,None,None,None,yes
3020,exp_acyclic_indvary3_step5_batch_yyy02.pl,f5,no,0.25,no,corr,0.0,None,None,None,yes
3021,exp_acyclic_indvary3_step5_batch_yyy03.pl,q6,no,0.33,no,corr,0.0,None,None,None,yes
3022,exp_acyclic_indvary3_step5_batch_yyy03.pl,p4,no,0.33,no,corr,0.0,None,None,None,yes
3023,exp_acyclic_indvary3_step5_batch_yyy03.pl,v6,no,0.24,no,corr,0.0,None,None,None,yes
3024,exp_acyclic_indvary3_step5_batch_yyy03.pl,u7,no,0.3,no,corr,0.0,None,None,None,yes
3025,exp_acyclic_indvary3_step5_batch_yyy03.pl,t3,no,50.45,no,corr,13.0,None,None,None,no
3026,exp_acyclic_indvary3_step5_batch_yyy03.pl,y2,no,0.23,no,corr,0.0,None,None,None,yes
3027,exp_acyclic_indvary3_step5_batch_yyy03.pl,c6,no,0.3,no,corr,0.0,None,None,None,yes
3028,exp_acyclic_indvary3_step5_batch_yyy03.pl,b5,no,0.23,no,corr,0.0,None,None,None,yes
3029,exp_acyclic_indvary3_step5_batch_yyy03.pl,q7,no,0.22,no,corr,0.0,None,None,None,yes
3030,exp_acyclic_indvary3_step5_batch_yyy03.pl,y6,no,0.33,no,corr,0.0,None,None,None,yes
3031,exp_acyclic_indvary3_step5_batch_yyy04.pl,a6,no,0.44,no,corr,0.0,None,None,None,yes
3032,exp_acyclic_indvary3_step5_batch_yyy04.pl,v2,no,1.08,no,corr,7.0,None,None,None,no
3033,exp_acyclic_indvary3_step5_batch_yyy04.pl,f1,yes,0.29,yes,corr,1.0,None,None,None,no
3034,exp_acyclic_indvary3_step5_batch_yyy04.pl,d3,no,0.22,no,corr,0.0,None,None,None,yes
3035,exp_acyclic_indvary3_step5_batch_yyy04.pl,u7,no,0.27,no,corr,0.0,None,None,None,yes
3036,exp_acyclic_indvary3_step5_batch_yyy04.pl,s5,no,0.2,no,corr,0.0,None,None,None,yes
3037,exp_acyclic_indvary3_step5_batch_yyy04.pl,a5,no,0.28,no,corr,0.0,None,None,None,yes
3038,exp_acyclic_indvary3_step5_batch_yyy04.pl,v1,no,0.26,no,corr,0.0,None,None,None,no
3039,exp_acyclic_indvary3_step5_batch_yyy04.pl,s7,no,0.39,no,corr,0.0,None,None,None,yes
3040,exp_acyclic_indvary3_step5_batch_yyy04.pl,e2,yes,0.42,yes,corr,0.0,None,None,None,no
3041,exp_acyclic_indvary3_step5_batch_yyy05.pl,u6,no,0.3,no,corr,0.0,None,None,None,yes
3042,exp_acyclic_indvary3_step5_batch_yyy05.pl,b2,yes,0.26,yes,corr,1.0,None,None,None,no
3043,exp_acyclic_indvary3_step5_batch_yyy05.pl,y2,no,0.27,no,corr,0.0,None,None,None,no
3044,exp_acyclic_indvary3_step5_batch_yyy05.pl,p1,no,0.24,no,corr,0.0,None,None,None,yes
3045,exp_acyclic_indvary3_step5_batch_yyy05.pl,a6,no,0.2,no,corr,0.0,None,None,None,yes
3046,exp_acyclic_indvary3_step5_batch_yyy05.pl,s4,no,0.25,no,corr,0.0,None,None,None,yes
3047,exp_acyclic_indvary3_step5_batch_yyy05.pl,s2,no,0.25,no,corr,0.0,None,None,None,yes
3048,exp_acyclic_indvary3_step5_batch_yyy05.pl,t6,no,0.26,no,corr,0.0,None,None,None,yes
3049,exp_acyclic_indvary3_step5_batch_yyy05.pl,r1,no,0.36,no,corr,3.0,None,None,None,no
3050,exp_acyclic_indvary3_step5_batch_yyy05.pl,d2,no,0.26,no,corr,1.0,None,None,None,no
3051,exp_acyclic_indvary3_step5_batch_yyy06.pl,z5,no,0.29,no,corr,0.0,None,None,None,yes
3052,exp_acyclic_indvary3_step5_batch_yyy06.pl,u7,no,0.25,no,corr,0.0,None,None,None,yes
3053,exp_acyclic_indvary3_step5_batch_yyy06.pl,f5,no,0.28,no,corr,0.0,None,None,None,yes
3054,exp_acyclic_indvary3_step5_batch_yyy06.pl,a3,yes,0.22,yes,corr,0.0,None,None,None,no
3055,exp_acyclic_indvary3_step5_batch_yyy06.pl,u2,no,0.2,no,corr,0.0,None,None,None,yes
3056,exp_acyclic_indvary3_step5_batch_yyy06.pl,a2,no,0.28,no,corr,1.0,None,None,None,no
3057,exp_acyclic_indvary3_step5_batch_yyy06.pl,w2,no,6.79,no,corr,10.0,None,None,None,no
3058,exp_acyclic_indvary3_step5_batch_yyy06.pl,f1,yes,0.37,yes,corr,1.0,None,None,None,no
3059,exp_acyclic_indvary3_step5_batch_yyy06.pl,d3,no,0.26,no,corr,0.0,None,None,None,yes
3060,exp_acyclic_indvary3_step5_batch_yyy06.pl,u4,no,0.31,no,corr,0.0,None,None,None,yes
3061,exp_acyclic_indvary3_step5_batch_yyy07.pl,p5,no,0.3,no,corr,0.0,None,None,None,yes
3062,exp_acyclic_indvary3_step5_batch_yyy07.pl,u7,no,0.33,no,corr,0.0,None,None,None,yes
3063,exp_acyclic_indvary3_step5_batch_yyy07.pl,q3,no,5.61,no,corr,11.0,None,None,None,no
3064,exp_acyclic_indvary3_step5_batch_yyy07.pl,r7,no,0.26,no,corr,0.0,None,None,None,yes
3065,exp_acyclic_indvary3_step5_batch_yyy07.pl,a2,yes,0.34,yes,corr,0.0,None,None,None,no
3066,exp_acyclic_indvary3_step5_batch_yyy07.pl,p6,no,0.21,no,corr,0.0,None,None,None,yes
3067,exp_acyclic_indvary3_step5_batch_yyy07.pl,t7,no,0.26,no,corr,0.0,None,None,None,yes
3068,exp_acyclic_indvary3_step5_batch_yyy07.pl,z2,no,2.25,no,corr,11.0,None,None,None,no
3069,exp_acyclic_indvary3_step5_batch_yyy07.pl,r3,no,0.21,no,corr,1.0,None,None,None,no
3070,exp_acyclic_indvary3_step5_batch_yyy07.pl,q1,,600.0,no,TIMEOUT,,,,,no
3071,exp_acyclic_indvary3_step5_batch_yyy08.pl,v2,no,0.21,no,corr,0.0,None,None,None,yes
3072,exp_acyclic_indvary3_step5_batch_yyy08.pl,p5,no,0.23,no,corr,0.0,None,None,None,yes
3073,exp_acyclic_indvary3_step5_batch_yyy08.pl,f1,yes,0.22,yes,corr,1.0,None,None,None,no
3074,exp_acyclic_indvary3_step5_batch_yyy08.pl,r7,no,0.19,no,corr,0.0,None,None,None,yes
3075,exp_acyclic_indvary3_step5_batch_yyy08.pl,p1,no,0.42,no,corr,5.0,None,None,None,no
3076,exp_acyclic_indvary3_step5_batch_yyy08.pl,u3,no,0.26,no,corr,0.0,None,None,None,yes
3077,exp_acyclic_indvary3_step5_batch_yyy08.pl,v4,no,0.3,no,corr,0.0,None,None,None,yes
3078,exp_acyclic_indvary3_step5_batch_yyy08.pl,e3,no,0.23,no,corr,0.0,None,None,None,yes
3079,exp_acyclic_indvary3_step5_batch_yyy08.pl,y1,no,0.31,no,corr,5.0,None,None,None,no
3080,exp_acyclic_indvary3_step5_batch_yyy08.pl,s1,no,0.23,no,corr,0.0,None,None,None,yes
3081,exp_acyclic_indvary3_step5_batch_yyy09.pl,f1,no,0.33,no,corr,1.0,None,None,None,no
3082,exp_acyclic_indvary3_step5_batch_yyy09.pl,b4,no,0.32,no,corr,0.0,None,None,None,yes
3083,exp_acyclic_indvary3_step5_batch_yyy09.pl,v1,no,0.28,no,corr,0.0,None,None,None,yes
3084,exp_acyclic_indvary3_step5_batch_yyy09.pl,t2,no,1.1,no,corr,9.0,None,None,None,no
3085,exp_acyclic_indvary3_step5_batch_yyy09.pl,r1,no,0.38,no,corr,0.0,None,None,None,yes
3086,exp_acyclic_indvary3_step5_batch_yyy09.pl,w3,no,0.22,no,corr,0.0,None,None,None,yes
3087,exp_acyclic_indvary3_step5_batch_yyy09.pl,t5,no,0.21,no,corr,0.0,None,None,None,yes
3088,exp_acyclic_indvary3_step5_batch_yyy09.pl,c4,no,0.28,no,corr,0.0,None,None,None,yes
3089,exp_acyclic_indvary3_step5_batch_yyy09.pl,f2,yes,0.44,yes,corr,0.0,None,None,None,no
3090,exp_acyclic_indvary3_step5_batch_yyy09.pl,q2,no,0.26,no,corr,0.0,None,None,None,yes
3091,exp_acyclic_indvary3_step5_batch_yyy10.pl,a6,no,0.21,no,corr,0.0,None,None,None,yes
3092,exp_acyclic_indvary3_step5_batch_yyy10.pl,v2,no,4.94,no,corr,9.0,None,None,None,no
3093,exp_acyclic_indvary3_step5_batch_yyy10.pl,w2,no,0.66,no,corr,6.0,None,None,None,no
3094,exp_acyclic_indvary3_step5_batch_yyy10.pl,d3,no,0.21,no,corr,0.0,None,None,None,yes
3095,exp_acyclic_indvary3_step5_batch_yyy10.pl,e4,no,0.29,no,corr,0.0,None,None,None,yes
3096,exp_acyclic_indvary3_step5_batch_yyy10.pl,a3,yes,0.27,yes,corr,0.0,None,None,None,no
3097,exp_acyclic_indvary3_step5_batch_yyy10.pl,u3,no,0.23,no,corr,0.0,None,None,None,yes
3098,exp_acyclic_indvary3_step5_batch_yyy10.pl,e3,no,0.45,no,corr,0.0,None,None,None,yes
3099,exp_acyclic_indvary3_step5_batch_yyy10.pl,r3,no,0.27,no,corr,0.0,None,None,None,yes
3100,exp_acyclic_indvary3_step5_batch_yyy10.pl,u2,no,0.21,no,corr,0.0,None,None,None,yes
3101,exp_acyclic_indvary3_step6_batch_yyy01.pl,q6,no,0.32,no,corr,0.0,None,None,None,yes
3102,exp_acyclic_indvary3_step6_batch_yyy01.pl,w4,no,0.24,no,corr,0.0,None,None,None,yes
3103,exp_acyclic_indvary3_step6_batch_yyy01.pl,d2,yes,0.25,yes,corr,1.0,None,None,None,no
3104,exp_acyclic_indvary3_step6_batch_yyy01.pl,x1,no,0.25,no,corr,0.0,None,None,None,yes
3105,exp_acyclic_indvary3_step6_batch_yyy01.pl,y4,no,0.19,no,corr,0.0,None,None,None,yes
3106,exp_acyclic_indvary3_step6_batch_yyy01.pl,v7,no,0.33,no,corr,0.0,None,None,None,yes
3107,exp_acyclic_indvary3_step6_batch_yyy01.pl,p7,no,0.24,no,corr,0.0,None,None,None,yes
3108,exp_acyclic_indvary3_step6_batch_yyy01.pl,x3,no,0.16,no,corr,0.0,None,None,None,yes
3109,exp_acyclic_indvary3_step6_batch_yyy01.pl,e2,yes,0.16,yes,corr,1.0,None,None,None,no
3110,exp_acyclic_indvary3_step6_batch_yyy01.pl,t1,no,0.28,no,corr,1.0,None,None,None,no
3111,exp_acyclic_indvary3_step6_batch_yyy02.pl,z6,no,0.42,no,corr,0.0,None,None,None,yes
3112,exp_acyclic_indvary3_step6_batch_yyy02.pl,p7,no,0.52,no,corr,0.0,None,None,None,yes
3113,exp_acyclic_indvary3_step6_batch_yyy02.pl,v6,no,0.34,no,corr,0.0,None,None,None,yes
3114,exp_acyclic_indvary3_step6_batch_yyy02.pl,c5,no,0.26,no,corr,0.0,None,None,None,yes
3115,exp_acyclic_indvary3_step6_batch_yyy02.pl,q4,no,0.24,no,corr,0.0,None,None,None,no
3116,exp_acyclic_indvary3_step6_batch_yyy02.pl,f3,no,0.23,no,corr,0.0,None,None,None,yes
3117,exp_acyclic_indvary3_step6_batch_yyy02.pl,u3,no,0.21,no,corr,0.0,None,None,None,yes
3118,exp_acyclic_indvary3_step6_batch_yyy02.pl,y5,no,0.24,no,corr,0.0,None,None,None,yes
3119,exp_acyclic_indvary3_step6_batch_yyy02.pl,s7,no,0.28,no,corr,0.0,None,None,None,yes
3120,exp_acyclic_indvary3_step6_batch_yyy02.pl,a1,yes,0.18,yes,corr,1.0,None,None,None,no
3121,exp_acyclic_indvary3_step6_batch_yyy03.pl,u5,no,0.28,no,corr,0.0,None,None,None,yes
3122,exp_acyclic_indvary3_step6_batch_yyy03.pl,q4,no,0.31,no,corr,0.0,None,None,None,no
3123,exp_acyclic_indvary3_step6_batch_yyy03.pl,y3,no,0.26,no,corr,0.0,None,None,None,yes
3124,exp_acyclic_indvary3_step6_batch_yyy03.pl,b5,no,0.17,no,corr,0.0,None,None,None,yes
3125,exp_acyclic_indvary3_step6_batch_yyy03.pl,e3,no,0.28,no,corr,0.0,None,None,None,yes
3126,exp_acyclic_indvary3_step6_batch_yyy03.pl,p2,no,92.76,no,corr,13.0,None,None,None,no
3127,exp_acyclic_indvary3_step6_batch_yyy03.pl,r3,no,0.45,no,corr,0.0,None,None,None,yes
3128,exp_acyclic_indvary3_step6_batch_yyy03.pl,y6,no,0.22,no,corr,0.0,None,None,None,yes
3129,exp_acyclic_indvary3_step6_batch_yyy03.pl,f1,no,278.81,no,corr,13.0,None,None,None,no
3130,exp_acyclic_indvary3_step6_batch_yyy03.pl,e5,no,0.3,no,corr,0.0,None,None,None,yes
3131,exp_acyclic_indvary3_step6_batch_yyy04.pl,v7,no,0.39,no,corr,0.0,None,None,None,yes
3132,exp_acyclic_indvary3_step6_batch_yyy04.pl,q6,no,0.33,no,corr,0.0,None,None,None,yes
3133,exp_acyclic_indvary3_step6_batch_yyy04.pl,d3,no,0.23,no,corr,0.0,None,None,None,yes
3134,exp_acyclic_indvary3_step6_batch_yyy04.pl,y2,no,0.74,no,corr,0.0,None,None,None,yes
3135,exp_acyclic_indvary3_step6_batch_yyy04.pl,y5,no,0.21,no,corr,0.0,None,None,None,yes
3136,exp_acyclic_indvary3_step6_batch_yyy04.pl,s2,no,161.41,no,corr,14.0,None,None,None,no
3137,exp_acyclic_indvary3_step6_batch_yyy04.pl,a5,no,0.89,no,corr,0.0,None,None,None,yes
3138,exp_acyclic_indvary3_step6_batch_yyy04.pl,e2,yes,0.3,yes,corr,0.0,None,None,None,no
3139,exp_acyclic_indvary3_step6_batch_yyy04.pl,d1,yes,0.22,yes,corr,0.0,None,None,None,no
3140,exp_acyclic_indvary3_step6_batch_yyy04.pl,u2,no,0.19,no,corr,0.0,None,None,None,no
3141,exp_acyclic_indvary3_step6_batch_yyy05.pl,d5,no,0.41,no,corr,0.0,None,None,None,yes
3142,exp_acyclic_indvary3_step6_batch_yyy05.pl,e1,yes,0.33,yes,corr,0.0,None,None,None,no
3143,exp_acyclic_indvary3_step6_batch_yyy05.pl,b4,no,0.3,no,corr,0.0,None,None,None,yes
3144,exp_acyclic_indvary3_step6_batch_yyy05.pl,x7,no,0.47,no,corr,0.0,None,None,None,yes
3145,exp_acyclic_indvary3_step6_batch_yyy05.pl,d2,yes,0.31,yes,corr,0.0,None,None,None,no
3146,exp_acyclic_indvary3_step6_batch_yyy05.pl,p2,no,0.56,no,corr,0.0,None,None,None,yes
3147,exp_acyclic_indvary3_step6_batch_yyy05.pl,a3,yes,0.2,yes,corr,0.0,None,None,None,no
3148,exp_acyclic_indvary3_step6_batch_yyy05.pl,q3,no,15.82,no,corr,10.0,None,None,None,no
3149,exp_acyclic_indvary3_step6_batch_yyy05.pl,a1,no,0.44,no,corr,1.0,None,None,None,no
3150,exp_acyclic_indvary3_step6_batch_yyy05.pl,e2,yes,0.4,yes,corr,0.0,None,None,None,no
3151,exp_acyclic_indvary3_step6_batch_yyy06.pl,y4,no,0.29,no,corr,0.0,None,None,None,yes
3152,exp_acyclic_indvary3_step6_batch_yyy06.pl,u7,no,0.28,no,corr,0.0,None,None,None,yes
3153,exp_acyclic_indvary3_step6_batch_yyy06.pl,c5,no,0.31,no,corr,0.0,None,None,None,yes
3154,exp_acyclic_indvary3_step6_batch_yyy06.pl,r5,no,0.4,no,corr,0.0,None,None,None,yes
3155,exp_acyclic_indvary3_step6_batch_yyy06.pl,f3,no,0.45,no,corr,0.0,None,None,None,yes
3156,exp_acyclic_indvary3_step6_batch_yyy06.pl,s6,no,0.37,no,corr,0.0,None,None,None,yes
3157,exp_acyclic_indvary3_step6_batch_yyy06.pl,u2,no,0.55,no,corr,5.0,None,None,None,no
3158,exp_acyclic_indvary3_step6_batch_yyy06.pl,a2,yes,0.29,yes,corr,1.0,None,None,None,no
3159,exp_acyclic_indvary3_step6_batch_yyy06.pl,v1,no,1.0,no,corr,7.0,None,None,None,no
3160,exp_acyclic_indvary3_step6_batch_yyy06.pl,p3,no,1.02,no,corr,4.0,None,None,None,no
3161,exp_acyclic_indvary3_step6_batch_yyy07.pl,t4,no,0.37,no,corr,0.0,None,None,None,yes
3162,exp_acyclic_indvary3_step6_batch_yyy07.pl,s4,no,0.54,no,corr,0.0,None,None,None,yes
3163,exp_acyclic_indvary3_step6_batch_yyy07.pl,u1,no,0.27,no,corr,0.0,None,None,None,yes
3164,exp_acyclic_indvary3_step6_batch_yyy07.pl,w5,no,0.24,no,corr,0.0,None,None,None,yes
3165,exp_acyclic_indvary3_step6_batch_yyy07.pl,z1,no,0.29,no,corr,1.0,None,None,None,no
3166,exp_acyclic_indvary3_step6_batch_yyy07.pl,t7,no,0.18,no,corr,0.0,None,None,None,yes
3167,exp_acyclic_indvary3_step6_batch_yyy07.pl,q3,no,0.35,no,corr,5.0,None,None,None,no
3168,exp_acyclic_indvary3_step6_batch_yyy07.pl,r2,no,0.23,no,corr,0.0,None,None,None,yes
3169,exp_acyclic_indvary3_step6_batch_yyy07.pl,t1,no,0.27,no,corr,2.0,None,None,None,no
3170,exp_acyclic_indvary3_step6_batch_yyy07.pl,w3,no,0.36,no,corr,0.0,None,None,None,yes
3171,exp_acyclic_indvary3_step6_batch_yyy08.pl,w5,no,0.31,no,corr,0.0,None,None,None,yes
3172,exp_acyclic_indvary3_step6_batch_yyy08.pl,x2,no,0.53,no,corr,2.0,None,None,None,no
3173,exp_acyclic_indvary3_step6_batch_yyy08.pl,s7,no,0.31,no,corr,0.0,None,None,None,yes
3174,exp_acyclic_indvary3_step6_batch_yyy08.pl,p7,no,0.38,no,corr,0.0,None,None,None,yes
3175,exp_acyclic_indvary3_step6_batch_yyy08.pl,d4,no,0.29,no,corr,0.0,None,None,None,yes
3176,exp_acyclic_indvary3_step6_batch_yyy08.pl,r6,no,0.4,no,corr,0.0,None,None,None,yes
3177,exp_acyclic_indvary3_step6_batch_yyy08.pl,f1,yes,0.25,yes,corr,0.0,None,None,None,no
3178,exp_acyclic_indvary3_step6_batch_yyy08.pl,c5,no,0.22,no,corr,0.0,None,None,None,yes
3179,exp_acyclic_indvary3_step6_batch_yyy08.pl,c2,yes,0.24,yes,corr,1.0,None,None,None,no
3180,exp_acyclic_indvary3_step6_batch_yyy08.pl,b1,yes,0.23,yes,corr,0.0,None,None,None,no
3181,exp_acyclic_indvary3_step6_batch_yyy09.pl,u5,no,0.37,no,corr,0.0,None,None,None,yes
3182,exp_acyclic_indvary3_step6_batch_yyy09.pl,t5,no,0.28,no,corr,0.0,None,None,None,yes
3183,exp_acyclic_indvary3_step6_batch_yyy09.pl,u1,no,0.28,no,corr,0.0,None,None,None,yes
3184,exp_acyclic_indvary3_step6_batch_yyy09.pl,t6,no,0.22,no,corr,0.0,None,None,None,yes
3185,exp_acyclic_indvary3_step6_batch_yyy09.pl,x7,no,0.26,no,corr,0.0,None,None,None,yes
3186,exp_acyclic_indvary3_step6_batch_yyy09.pl,c1,no,0.39,no,corr,9.0,None,None,None,no
3187,exp_acyclic_indvary3_step6_batch_yyy09.pl,a1,yes,0.39,yes,corr,1.0,None,None,None,no
3188,exp_acyclic_indvary3_step6_batch_yyy09.pl,u2,no,4.2,no,corr,10.0,None,None,None,no
3189,exp_acyclic_indvary3_step6_batch_yyy09.pl,w4,no,0.28,no,corr,0.0,None,None,None,yes
3190,exp_acyclic_indvary3_step6_batch_yyy09.pl,f3,no,0.5,no,corr,0.0,None,None,None,yes
3191,exp_acyclic_indvary3_step6_batch_yyy10.pl,w7,no,0.28,no,corr,0.0,None,None,None,yes
3192,exp_acyclic_indvary3_step6_batch_yyy10.pl,p7,no,0.54,no,corr,0.0,None,None,None,yes
3193,exp_acyclic_indvary3_step6_batch_yyy10.pl,e5,no,0.85,no,corr,0.0,None,None,None,yes
3194,exp_acyclic_indvary3_step6_batch_yyy10.pl,a5,no,0.35,no,corr,0.0,None,None,None,yes
3195,exp_acyclic_indvary3_step6_batch_yyy10.pl,w6,no,0.25,no,corr,0.0,None,None,None,yes
3196,exp_acyclic_indvary3_step6_batch_yyy10.pl,z4,no,0.22,no,corr,0.0,None,None,None,yes
3197,exp_acyclic_indvary3_step6_batch_yyy10.pl,w1,no,0.27,no,corr,0.0,None,None,None,yes
3198,exp_acyclic_indvary3_step6_batch_yyy10.pl,v3,no,0.26,no,corr,1.0,None,None,None,no
3199,exp_acyclic_indvary3_step6_batch_yyy10.pl,q1,no,0.45,no,corr,1.0,None,None,None,no
3200,exp_acyclic_indvary3_step6_batch_yyy10.pl,p6,no,0.25,no,corr,0.0,None,None,None,yes
3201,exp_acyclic_indvary3_step7_batch_yyy01.pl,y4,no,0.4,no,corr,0.0,None,None,None,yes
3202,exp_acyclic_indvary3_step7_batch_yyy01.pl,x2,no,0.27,no,corr,0.0,None,None,None,yes
3203,exp_acyclic_indvary3_step7_batch_yyy01.pl,x5,no,0.42,no,corr,0.0,None,None,None,yes
3204,exp_acyclic_indvary3_step7_batch_yyy01.pl,a3,yes,0.28,yes,corr,0.0,None,None,None,no
3205,exp_acyclic_indvary3_step7_batch_yyy01.pl,r2,no,0.38,no,corr,0.0,None,None,None,yes
3206,exp_acyclic_indvary3_step7_batch_yyy01.pl,q1,no,0.35,no,corr,0.0,None,None,None,yes
3207,exp_acyclic_indvary3_step7_batch_yyy01.pl,q2,no,0.92,no,corr,8.0,None,None,None,no
3208,exp_acyclic_indvary3_step7_batch_yyy01.pl,c5,no,0.35,no,corr,0.0,None,None,None,yes
3209,exp_acyclic_indvary3_step7_batch_yyy01.pl,c2,yes,0.45,yes,corr,1.0,None,None,None,no
3210,exp_acyclic_indvary3_step7_batch_yyy01.pl,b1,no,0.66,no,corr,7.0,None,None,None,no
3211,exp_acyclic_indvary3_step7_batch_yyy02.pl,c4,no,0.34,no,corr,0.0,None,None,None,yes
3212,exp_acyclic_indvary3_step7_batch_yyy02.pl,x3,no,0.18,no,corr,0.0,None,None,None,no
3213,exp_acyclic_indvary3_step7_batch_yyy02.pl,w5,no,0.32,no,corr,0.0,None,None,None,yes
3214,exp_acyclic_indvary3_step7_batch_yyy02.pl,b4,no,0.29,no,corr,0.0,None,None,None,yes
3215,exp_acyclic_indvary3_step7_batch_yyy02.pl,c1,yes,0.21,yes,corr,1.0,None,None,None,no
3216,exp_acyclic_indvary3_step7_batch_yyy02.pl,r1,no,0.29,no,corr,0.0,None,None,None,no
3217,exp_acyclic_indvary3_step7_batch_yyy02.pl,s2,no,0.3,no,corr,0.0,None,None,None,no
3218,exp_acyclic_indvary3_step7_batch_yyy02.pl,c5,no,0.24,no,corr,0.0,None,None,None,yes
3219,exp_acyclic_indvary3_step7_batch_yyy02.pl,x6,no,0.29,no,corr,0.0,None,None,None,yes
3220,exp_acyclic_indvary3_step7_batch_yyy02.pl,x1,no,0.26,no,corr,0.0,None,None,None,yes
3221,exp_acyclic_indvary3_step7_batch_yyy03.pl,v2,no,0.24,no,corr,1.0,None,None,None,no
3222,exp_acyclic_indvary3_step7_batch_yyy03.pl,p7,no,0.46,no,corr,0.0,None,None,None,yes
3223,exp_acyclic_indvary3_step7_batch_yyy03.pl,v5,no,0.15,no,corr,0.0,None,None,None,yes
3224,exp_acyclic_indvary3_step7_batch_yyy03.pl,b4,no,0.42,no,corr,0.0,None,None,None,yes
3225,exp_acyclic_indvary3_step7_batch_yyy03.pl,w1,no,0.37,no,corr,2.0,None,None,None,no
3226,exp_acyclic_indvary3_step7_batch_yyy03.pl,t2,no,0.26,no,corr,0.0,None,None,None,yes
3227,exp_acyclic_indvary3_step7_batch_yyy03.pl,s4,no,0.58,no,corr,0.0,None,None,None,yes
3228,exp_acyclic_indvary3_step7_batch_yyy03.pl,v7,no,0.36,no,corr,0.0,None,None,None,yes
3229,exp_acyclic_indvary3_step7_batch_yyy03.pl,r7,no,0.6,no,corr,0.0,None,None,None,yes
3230,exp_acyclic_indvary3_step7_batch_yyy03.pl,b6,no,0.67,no,corr,0.0,None,None,None,yes
3231,exp_acyclic_indvary3_step7_batch_yyy04.pl,s4,no,0.35,no,corr,0.0,None,None,None,yes
3232,exp_acyclic_indvary3_step7_batch_yyy04.pl,a5,no,0.83,no,corr,0.0,None,None,None,yes
3233,exp_acyclic_indvary3_step7_batch_yyy04.pl,r5,no,0.51,no,corr,0.0,None,None,None,yes
3234,exp_acyclic_indvary3_step7_batch_yyy04.pl,w4,no,0.77,no,corr,0.0,None,None,None,yes
3235,exp_acyclic_indvary3_step7_batch_yyy04.pl,c1,yes,0.54,yes,corr,1.0,None,None,None,no
3236,exp_acyclic_indvary3_step7_batch_yyy04.pl,z3,no,2.86,no,corr,8.0,None,None,None,no
3237,exp_acyclic_indvary3_step7_batch_yyy04.pl,b6,no,0.21,no,corr,0.0,None,None,None,yes
3238,exp_acyclic_indvary3_step7_batch_yyy04.pl,y5,no,0.49,no,corr,0.0,None,None,None,yes
3239,exp_acyclic_indvary3_step7_batch_yyy04.pl,v6,no,0.23,no,corr,0.0,None,None,None,yes
3240,exp_acyclic_indvary3_step7_batch_yyy04.pl,f1,yes,0.42,yes,corr,0.0,None,None,None,no
3241,exp_acyclic_indvary3_step7_batch_yyy05.pl,d5,no,0.26,no,corr,0.0,None,None,None,yes
3242,exp_acyclic_indvary3_step7_batch_yyy05.pl,s3,no,0.22,no,corr,0.0,None,None,None,yes
3243,exp_acyclic_indvary3_step7_batch_yyy05.pl,x3,no,0.69,no,corr,5.0,None,None,None,no
3244,exp_acyclic_indvary3_step7_batch_yyy05.pl,d3,no,1.0,no,corr,0.0,None,None,None,yes
3245,exp_acyclic_indvary3_step7_batch_yyy05.pl,a4,no,0.49,no,corr,0.0,None,None,None,yes
3246,exp_acyclic_indvary3_step7_batch_yyy05.pl,x5,no,0.3,no,corr,0.0,None,None,None,yes
3247,exp_acyclic_indvary3_step7_batch_yyy05.pl,r3,no,0.61,no,corr,0.0,None,None,None,yes
3248,exp_acyclic_indvary3_step7_batch_yyy05.pl,q6,no,0.4,no,corr,0.0,None,None,None,yes
3249,exp_acyclic_indvary3_step7_batch_yyy05.pl,z5,no,0.56,no,corr,0.0,None,None,None,yes
3250,exp_acyclic_indvary3_step7_batch_yyy05.pl,v2,no,0.26,no,corr,0.0,None,None,None,yes
3251,exp_acyclic_indvary3_step7_batch_yyy06.pl,z1,no,0.25,no,corr,0.0,None,None,None,yes
3252,exp_acyclic_indvary3_step7_batch_yyy06.pl,r1,no,0.23,no,corr,1.0,None,None,None,no
3253,exp_acyclic_indvary3_step7_batch_yyy06.pl,z3,no,0.34,no,corr,0.0,None,None,None,yes
3254,exp_acyclic_indvary3_step7_batch_yyy06.pl,b4,no,0.24,no,corr,0.0,None,None,None,yes
3255,exp_acyclic_indvary3_step7_batch_yyy06.pl,t3,no,0.37,no,corr,3.0,None,None,None,no
3256,exp_acyclic_indvary3_step7_batch_yyy06.pl,q3,no,0.79,no,corr,0.0,None,None,None,no
3257,exp_acyclic_indvary3_step7_batch_yyy06.pl,x6,no,1.01,no,corr,0.0,None,None,None,yes
3258,exp_acyclic_indvary3_step7_batch_yyy06.pl,e2,yes,0.4,yes,corr,0.0,None,None,None,no
3259,exp_acyclic_indvary3_step7_batch_yyy06.pl,d1,yes,0.6,yes,corr,0.0,None,None,None,no
3260,exp_acyclic_indvary3_step7_batch_yyy06.pl,t1,no,0.24,no,corr,0.0,None,None,None,yes
3261,exp_acyclic_indvary3_step7_batch_yyy07.pl,u5,no,0.3,no,corr,0.0,None,None,None,yes
3262,exp_acyclic_indvary3_step7_batch_yyy07.pl,t4,no,0.29,no,corr,0.0,None,None,None,yes
3263,exp_acyclic_indvary3_step7_batch_yyy07.pl,a6,no,0.23,no,corr,0.0,None,None,None,yes
3264,exp_acyclic_indvary3_step7_batch_yyy07.pl,e1,yes,0.35,yes,corr,2.0,None,None,None,no
3265,exp_acyclic_indvary3_step7_batch_yyy07.pl,z1,no,0.28,no,corr,1.0,None,None,None,no
3266,exp_acyclic_indvary3_step7_batch_yyy07.pl,r4,no,0.24,no,corr,0.0,None,None,None,yes
3267,exp_acyclic_indvary3_step7_batch_yyy07.pl,q7,no,0.27,no,corr,0.0,None,None,None,yes
3268,exp_acyclic_indvary3_step7_batch_yyy07.pl,w3,no,0.73,no,corr,3.0,None,None,None,no
3269,exp_acyclic_indvary3_step7_batch_yyy07.pl,z4,no,0.34,no,corr,0.0,None,None,None,yes
3270,exp_acyclic_indvary3_step7_batch_yyy07.pl,e4,no,0.33,no,corr,0.0,None,None,None,yes
3271,exp_acyclic_indvary3_step7_batch_yyy08.pl,t4,no,0.46,no,corr,0.0,None,None,None,yes
3272,exp_acyclic_indvary3_step7_batch_yyy08.pl,v2,no,0.31,no,corr,0.0,None,None,None,yes
3273,exp_acyclic_indvary3_step7_batch_yyy08.pl,w2,no,0.53,no,corr,0.0,None,None,None,yes
3274,exp_acyclic_indvary3_step7_batch_yyy08.pl,z4,no,0.27,no,corr,0.0,None,None,None,yes
3275,exp_acyclic_indvary3_step7_batch_yyy08.pl,y6,no,0.32,no,corr,0.0,None,None,None,yes
3276,exp_acyclic_indvary3_step7_batch_yyy08.pl,a2,no,0.24,no,corr,1.0,None,None,None,no
3277,exp_acyclic_indvary3_step7_batch_yyy08.pl,z1,no,0.24,no,corr,0.0,None,None,None,no
3278,exp_acyclic_indvary3_step7_batch_yyy08.pl,c2,no,0.38,no,corr,1.0,None,None,None,no
3279,exp_acyclic_indvary3_step7_batch_yyy08.pl,r3,no,0.37,no,corr,0.0,None,None,None,no
3280,exp_acyclic_indvary3_step7_batch_yyy08.pl,d1,yes,0.45,yes,corr,1.0,None,None,None,no
3281,exp_acyclic_indvary3_step7_batch_yyy09.pl,u6,no,0.33,no,corr,0.0,None,None,None,yes
3282,exp_acyclic_indvary3_step7_batch_yyy09.pl,v7,no,0.22,no,corr,0.0,None,None,None,yes
3283,exp_acyclic_indvary3_step7_batch_yyy09.pl,p4,no,0.58,no,corr,6.0,None,None,None,no
3284,exp_acyclic_indvary3_step7_batch_yyy09.pl,p3,no,0.24,no,corr,3.0,None,None,None,no
3285,exp_acyclic_indvary3_step7_batch_yyy09.pl,d2,no,1.09,no,corr,8.0,None,None,None,no
3286,exp_acyclic_indvary3_step7_batch_yyy09.pl,r3,no,0.45,no,corr,0.0,None,None,None,yes
3287,exp_acyclic_indvary3_step7_batch_yyy09.pl,w3,no,0.23,no,corr,1.0,None,None,None,no
3288,exp_acyclic_indvary3_step7_batch_yyy09.pl,q2,no,0.27,no,corr,0.0,None,None,None,yes
3289,exp_acyclic_indvary3_step7_batch_yyy09.pl,t7,no,0.23,no,corr,0.0,None,None,None,yes
3290,exp_acyclic_indvary3_step7_batch_yyy09.pl,b5,no,0.38,no,corr,0.0,None,None,None,yes
3291,exp_acyclic_indvary3_step7_batch_yyy10.pl,c4,no,0.31,no,corr,0.0,None,None,None,yes
3292,exp_acyclic_indvary3_step7_batch_yyy10.pl,x3,no,0.76,no,corr,6.0,None,None,None,no
3293,exp_acyclic_indvary3_step7_batch_yyy10.pl,s2,no,0.35,no,corr,6.0,None,None,None,no
3294,exp_acyclic_indvary3_step7_batch_yyy10.pl,f3,no,0.44,no,corr,0.0,None,None,None,yes
3295,exp_acyclic_indvary3_step7_batch_yyy10.pl,t7,no,0.22,no,corr,0.0,None,None,None,yes
3296,exp_acyclic_indvary3_step7_batch_yyy10.pl,q1,no,0.19,no,corr,2.0,None,None,None,no
3297,exp_acyclic_indvary3_step7_batch_yyy10.pl,y6,no,0.26,no,corr,0.0,None,None,None,yes
3298,exp_acyclic_indvary3_step7_batch_yyy10.pl,a2,yes,0.26,yes,corr,0.0,None,None,None,no
3299,exp_acyclic_indvary3_step7_batch_yyy10.pl,s7,no,0.2,no,corr,0.0,None,None,None,yes
3300,exp_acyclic_indvary3_step7_batch_yyy10.pl,b6,no,0.45,no,corr,0.0,None,None,None,yes
3301,exp_acyclic_indvary3_step8_batch_yyy01.pl,v7,no,0.62,no,corr,0.0,None,None,None,yes
3302,exp_acyclic_indvary3_step8_batch_yyy01.pl,u1,no,0.25,no,corr,1.0,None,None,None,no
3303,exp_acyclic_indvary3_step8_batch_yyy01.pl,t3,no,0.21,no,corr,0.0,None,None,None,yes
3304,exp_acyclic_indvary3_step8_batch_yyy01.pl,s2,no,0.29,no,corr,0.0,None,None,None,no
3305,exp_acyclic_indvary3_step8_batch_yyy01.pl,r4,no,0.24,no,corr,0.0,None,None,None,yes
3306,exp_acyclic_indvary3_step8_batch_yyy01.pl,r2,no,0.29,no,corr,0.0,None,None,None,yes
3307,exp_acyclic_indvary3_step8_batch_yyy01.pl,p1,no,0.3,no,corr,4.0,None,None,None,no
3308,exp_acyclic_indvary3_step8_batch_yyy01.pl,f2,yes,0.23,yes,corr,1.0,None,None,None,no
3309,exp_acyclic_indvary3_step8_batch_yyy01.pl,v1,no,0.28,no,corr,0.0,None,None,None,yes
3310,exp_acyclic_indvary3_step8_batch_yyy01.pl,p3,no,0.28,no,corr,0.0,None,None,None,yes
3311,exp_acyclic_indvary3_step8_batch_yyy02.pl,a6,no,0.34,no,corr,0.0,None,None,None,yes
3312,exp_acyclic_indvary3_step8_batch_yyy02.pl,q5,no,0.38,no,corr,0.0,None,None,None,yes
3313,exp_acyclic_indvary3_step8_batch_yyy02.pl,z1,no,1.25,no,corr,7.0,None,None,None,no
3314,exp_acyclic_indvary3_step8_batch_yyy02.pl,w6,no,0.43,no,corr,0.0,None,None,None,yes
3315,exp_acyclic_indvary3_step8_batch_yyy02.pl,p3,no,0.51,no,corr,0.0,None,None,None,no
3316,exp_acyclic_indvary3_step8_batch_yyy02.pl,y2,no,0.29,no,corr,0.0,None,None,None,no
3317,exp_acyclic_indvary3_step8_batch_yyy02.pl,y6,no,0.25,no,corr,0.0,None,None,None,yes
3318,exp_acyclic_indvary3_step8_batch_yyy02.pl,q2,no,0.49,no,corr,0.0,None,None,None,yes
3319,exp_acyclic_indvary3_step8_batch_yyy02.pl,t2,no,0.28,no,corr,0.0,None,None,None,yes
3320,exp_acyclic_indvary3_step8_batch_yyy02.pl,z2,no,0.4,no,corr,5.0,None,None,None,no
3321,exp_acyclic_indvary3_step8_batch_yyy03.pl,d5,no,0.36,no,corr,0.0,None,None,None,yes
3322,exp_acyclic_indvary3_step8_batch_yyy03.pl,z5,no,0.19,no,corr,0.0,None,None,None,yes
3323,exp_acyclic_indvary3_step8_batch_yyy03.pl,p5,no,0.22,no,corr,0.0,None,None,None,yes
3324,exp_acyclic_indvary3_step8_batch_yyy03.pl,q4,no,0.17,no,corr,1.0,None,None,None,no
3325,exp_acyclic_indvary3_step8_batch_yyy03.pl,p3,no,0.22,no,corr,1.0,None,None,None,no
3326,exp_acyclic_indvary3_step8_batch_yyy03.pl,f3,no,0.22,no,corr,0.0,None,None,None,yes
3327,exp_acyclic_indvary3_step8_batch_yyy03.pl,r1,no,0.23,no,corr,0.0,None,None,None,yes
3328,exp_acyclic_indvary3_step8_batch_yyy03.pl,p1,no,0.3,no,corr,0.0,None,None,None,yes
3329,exp_acyclic_indvary3_step8_batch_yyy03.pl,z1,no,0.37,no,corr,2.0,None,None,None,no
3330,exp_acyclic_indvary3_step8_batch_yyy03.pl,c5,no,0.24,no,corr,0.0,None,None,None,yes
3331,exp_acyclic_indvary3_step8_batch_yyy04.pl,t5,no,0.2,no,corr,0.0,None,None,None,yes
3332,exp_acyclic_indvary3_step8_batch_yyy04.pl,z5,no,0.28,no,corr,0.0,None,None,None,yes
3333,exp_acyclic_indvary3_step8_batch_yyy04.pl,e5,no,0.17,no,corr,0.0,None,None,None,yes
3334,exp_acyclic_indvary3_step8_batch_yyy04.pl,c5,no,0.21,no,corr,0.0,None,None,None,yes
3335,exp_acyclic_indvary3_step8_batch_yyy04.pl,w1,no,0.3,no,corr,0.0,None,None,None,yes
3336,exp_acyclic_indvary3_step8_batch_yyy04.pl,c6,no,0.27,no,corr,0.0,None,None,None,yes
3337,exp_acyclic_indvary3_step8_batch_yyy04.pl,r7,no,0.3,no,corr,0.0,None,None,None,yes
3338,exp_acyclic_indvary3_step8_batch_yyy04.pl,p1,no,0.21,no,corr,0.0,None,None,None,no
3339,exp_acyclic_indvary3_step8_batch_yyy04.pl,a6,no,0.31,no,corr,0.0,None,None,None,yes
3340,exp_acyclic_indvary3_step8_batch_yyy04.pl,s4,no,0.19,no,corr,0.0,None,None,None,yes
3341,exp_acyclic_indvary3_step8_batch_yyy05.pl,w7,no,0.27,no,corr,0.0,None,None,None,yes
3342,exp_acyclic_indvary3_step8_batch_yyy05.pl,d3,no,0.78,no,corr,0.0,None,None,None,yes
3343,exp_acyclic_indvary3_step8_batch_yyy05.pl,v5,no,0.7,no,corr,0.0,None,None,None,yes
3344,exp_acyclic_indvary3_step8_batch_yyy05.pl,c2,no,0.22,no,corr,1.0,None,None,None,no
3345,exp_acyclic_indvary3_step8_batch_yyy05.pl,r2,no,0.17,no,corr,0.0,None,None,None,yes
3346,exp_acyclic_indvary3_step8_batch_yyy05.pl,r3,no,0.19,no,corr,0.0,None,None,None,no
3347,exp_acyclic_indvary3_step8_batch_yyy05.pl,e1,yes,0.3,yes,corr,1.0,None,None,None,no
3348,exp_acyclic_indvary3_step8_batch_yyy05.pl,q6,no,0.18,no,corr,0.0,None,None,None,yes
3349,exp_acyclic_indvary3_step8_batch_yyy05.pl,a4,no,0.35,no,corr,0.0,None,None,None,yes
3350,exp_acyclic_indvary3_step8_batch_yyy05.pl,x2,no,0.27,no,corr,0.0,None,None,None,yes
3351,exp_acyclic_indvary3_step8_batch_yyy06.pl,a6,no,0.43,no,corr,0.0,None,None,None,yes
3352,exp_acyclic_indvary3_step8_batch_yyy06.pl,v2,no,0.33,no,corr,0.0,None,None,None,yes
3353,exp_acyclic_indvary3_step8_batch_yyy06.pl,p4,no,0.81,no,corr,6.0,None,None,None,no
3354,exp_acyclic_indvary3_step8_batch_yyy06.pl,y3,no,0.35,no,corr,0.0,None,None,None,yes
3355,exp_acyclic_indvary3_step8_batch_yyy06.pl,q7,no,0.56,no,corr,0.0,None,None,None,yes
3356,exp_acyclic_indvary3_step8_batch_yyy06.pl,p6,no,0.32,no,corr,0.0,None,None,None,yes
3357,exp_acyclic_indvary3_step8_batch_yyy06.pl,t4,no,0.25,no,corr,0.0,None,None,None,yes
3358,exp_acyclic_indvary3_step8_batch_yyy06.pl,t5,no,0.26,no,corr,0.0,None,None,None,yes
3359,exp_acyclic_indvary3_step8_batch_yyy06.pl,s5,no,0.28,no,corr,0.0,None,None,None,yes
3360,exp_acyclic_indvary3_step8_batch_yyy06.pl,b4,no,0.2,no,corr,0.0,None,None,None,yes
3361,exp_acyclic_indvary3_step8_batch_yyy07.pl,p7,no,0.26,no,corr,0.0,None,None,None,yes
3362,exp_acyclic_indvary3_step8_batch_yyy07.pl,v6,no,0.3,no,corr,0.0,None,None,None,yes
3363,exp_acyclic_indvary3_step8_batch_yyy07.pl,f5,no,0.27,no,corr,0.0,None,None,None,yes
3364,exp_acyclic_indvary3_step8_batch_yyy07.pl,y1,no,0.31,no,corr,0.0,None,None,None,yes
3365,exp_acyclic_indvary3_step8_batch_yyy07.pl,w3,no,0.38,no,corr,0.0,None,None,None,yes
3366,exp_acyclic_indvary3_step8_batch_yyy07.pl,p6,no,0.32,no,corr,0.0,None,None,None,yes
3367,exp_acyclic_indvary3_step8_batch_yyy07.pl,b4,no,0.46,no,corr,0.0,None,None,None,yes
3368,exp_acyclic_indvary3_step8_batch_yyy07.pl,t3,no,0.22,no,corr,0.0,None,None,None,no
3369,exp_acyclic_indvary3_step8_batch_yyy07.pl,e2,no,0.64,no,corr,4.0,None,None,None,no
3370,exp_acyclic_indvary3_step8_batch_yyy07.pl,r3,no,0.51,no,corr,1.0,None,None,None,no
3371,exp_acyclic_indvary3_step8_batch_yyy08.pl,y4,no,0.46,no,corr,0.0,None,None,None,yes
3372,exp_acyclic_indvary3_step8_batch_yyy08.pl,u1,no,0.75,no,corr,0.0,None,None,None,no
3373,exp_acyclic_indvary3_step8_batch_yyy08.pl,x7,no,0.36,no,corr,0.0,None,None,None,yes
3374,exp_acyclic_indvary3_step8_batch_yyy08.pl,a4,no,0.3,no,corr,0.0,None,None,None,yes
3375,exp_acyclic_indvary3_step8_batch_yyy08.pl,a1,yes,0.42,yes,corr,3.0,None,None,None,no
3376,exp_acyclic_indvary3_step8_batch_yyy08.pl,r3,no,0.31,no,corr,5.0,None,None,None,no
3377,exp_acyclic_indvary3_step8_batch_yyy08.pl,z4,no,0.25,no,corr,0.0,None,None,None,yes
3378,exp_acyclic_indvary3_step8_batch_yyy08.pl,y3,no,0.28,no,corr,0.0,None,None,None,yes
3379,exp_acyclic_indvary3_step8_batch_yyy08.pl,u3,no,0.23,no,corr,0.0,None,None,None,yes
3380,exp_acyclic_indvary3_step8_batch_yyy08.pl,v4,no,0.26,no,corr,0.0,None,None,None,yes
3381,exp_acyclic_indvary3_step8_batch_yyy09.pl,u6,no,0.46,no,corr,0.0,None,None,None,yes
3382,exp_acyclic_indvary3_step8_batch_yyy09.pl,a6,no,0.35,no,corr,0.0,None,None,None,yes
3383,exp_acyclic_indvary3_step8_batch_yyy09.pl,w5,no,0.28,no,corr,0.0,None,None,None,yes
3384,exp_acyclic_indvary3_step8_batch_yyy09.pl,c2,yes,0.36,yes,corr,0.0,None,None,None,no
3385,exp_acyclic_indvary3_step8_batch_yyy09.pl,z4,no,0.41,no,corr,0.0,None,None,None,yes
3386,exp_acyclic_indvary3_step8_batch_yyy09.pl,t2,no,0.27,no,corr,2.0,None,None,None,no
3387,exp_acyclic_indvary3_step8_batch_yyy09.pl,p2,no,0.52,no,corr,7.0,None,None,None,no
3388,exp_acyclic_indvary3_step8_batch_yyy09.pl,u2,no,0.29,no,corr,5.0,None,None,None,no
3389,exp_acyclic_indvary3_step8_batch_yyy09.pl,z5,no,0.26,no,corr,0.0,None,None,None,yes
3390,exp_acyclic_indvary3_step8_batch_yyy09.pl,q6,no,0.44,no,corr,0.0,None,None,None,yes
3391,exp_acyclic_indvary3_step8_batch_yyy10.pl,b3,yes,0.33,yes,corr,1.0,None,None,None,no
3392,exp_acyclic_indvary3_step8_batch_yyy10.pl,p4,no,0.37,no,corr,1.0,None,None,None,no
3393,exp_acyclic_indvary3_step8_batch_yyy10.pl,u1,no,0.23,no,corr,2.0,None,None,None,no
3394,exp_acyclic_indvary3_step8_batch_yyy10.pl,b4,no,0.37,no,corr,0.0,None,None,None,yes
3395,exp_acyclic_indvary3_step8_batch_yyy10.pl,t7,no,0.27,no,corr,0.0,None,None,None,yes
3396,exp_acyclic_indvary3_step8_batch_yyy10.pl,z3,no,0.33,no,corr,0.0,None,None,None,no
3397,exp_acyclic_indvary3_step8_batch_yyy10.pl,s7,no,0.36,no,corr,0.0,None,None,None,yes
3398,exp_acyclic_indvary3_step8_batch_yyy10.pl,d1,no,0.28,no,corr,1.0,None,None,None,no
3399,exp_acyclic_indvary3_step8_batch_yyy10.pl,w6,no,0.4,no,corr,0.0,None,None,None,yes
3400,exp_acyclic_indvary3_step8_batch_yyy10.pl,f5,no,0.28,no,corr,0.0,None,None,None,yes
3401,exp_cycles_depvary_step10_batch_yyy01.pl,u6,no,0.38,no,corr,0.0,None,None,None,yes
3402,exp_cycles_depvary_step10_batch_yyy01.pl,b3,no,1.69,no,corr,14.0,None,None,None,no
3403,exp_cycles_depvary_step10_batch_yyy01.pl,v2,no,0.34,no,corr,0.0,None,None,None,yes
3404,exp_cycles_depvary_step10_batch_yyy01.pl,s5,no,0.32,no,corr,0.0,None,None,None,yes
3405,exp_cycles_depvary_step10_batch_yyy01.pl,r3,no,0.35,no,corr,0.0,None,None,None,yes
3406,exp_cycles_depvary_step10_batch_yyy01.pl,f2,yes,0.72,yes,corr,7.0,None,None,None,no
3407,exp_cycles_depvary_step10_batch_yyy01.pl,z4,yes,0.26,yes,corr,3.0,None,None,None,no
3408,exp_cycles_depvary_step10_batch_yyy01.pl,y3,yes,1.26,yes,corr,11.0,None,None,None,no
3409,exp_cycles_depvary_step10_batch_yyy01.pl,c1,no,47.28,no,corr,25.0,None,None,None,no
3410,exp_cycles_depvary_step10_batch_yyy01.pl,c6,no,1.68,no,corr,14.0,None,None,None,no
3411,exp_cycles_depvary_step10_batch_yyy02.pl,v2,no,0.36,no,corr,0.0,None,None,None,yes
3412,exp_cycles_depvary_step10_batch_yyy02.pl,d3,yes,0.69,yes,corr,7.0,None,None,None,no
3413,exp_cycles_depvary_step10_batch_yyy02.pl,z4,yes,0.35,yes,corr,4.0,None,None,None,no
3414,exp_cycles_depvary_step10_batch_yyy02.pl,a3,no,69.2,no,corr,25.0,None,None,None,no
3415,exp_cycles_depvary_step10_batch_yyy02.pl,q1,no,514.89,no,corr,25.0,None,None,None,no
3416,exp_cycles_depvary_step10_batch_yyy02.pl,u6,no,0.54,no,corr,0.0,None,None,None,yes
3417,exp_cycles_depvary_step10_batch_yyy02.pl,d5,yes,0.34,yes,corr,3.0,None,None,None,no
3418,exp_cycles_depvary_step10_batch_yyy02.pl,w2,yes,0.33,yes,corr,1.0,None,None,None,no
3419,exp_cycles_depvary_step10_batch_yyy02.pl,v6,no,0.2,no,corr,0.0,None,None,None,yes
3420,exp_cycles_depvary_step10_batch_yyy02.pl,f1,yes,0.26,yes,corr,0.0,None,None,None,no
3421,exp_cycles_depvary_step10_batch_yyy03.pl,a6,no,0.36,no,corr,1.0,None,None,None,no
3422,exp_cycles_depvary_step10_batch_yyy03.pl,p4,no,0.82,no,corr,8.0,None,None,None,no
3423,exp_cycles_depvary_step10_batch_yyy03.pl,u1,no,0.36,no,corr,0.0,None,None,None,yes
3424,exp_cycles_depvary_step10_batch_yyy03.pl,x2,yes,0.45,yes,corr,1.0,None,None,None,no
3425,exp_cycles_depvary_step10_batch_yyy03.pl,b5,yes,0.38,yes,corr,2.0,None,None,None,no
3426,exp_cycles_depvary_step10_batch_yyy03.pl,y2,yes,0.34,yes,corr,1.0,None,None,None,no
3427,exp_cycles_depvary_step10_batch_yyy03.pl,v4,no,0.45,no,corr,0.0,None,None,None,yes
3428,exp_cycles_depvary_step10_batch_yyy03.pl,r4,no,0.35,no,corr,0.0,None,None,None,yes
3429,exp_cycles_depvary_step10_batch_yyy03.pl,s7,no,0.31,no,corr,0.0,None,None,None,yes
3430,exp_cycles_depvary_step10_batch_yyy03.pl,a1,yes,0.38,yes,corr,1.0,None,None,None,no
3431,exp_cycles_depvary_step10_batch_yyy04.pl,z1,no,162.29,no,corr,20.0,None,None,None,no
3432,exp_cycles_depvary_step10_batch_yyy04.pl,r5,yes,0.41,yes,corr,4.0,None,None,None,no
3433,exp_cycles_depvary_step10_batch_yyy04.pl,f3,no,150.48,no,corr,25.0,None,None,None,no
3434,exp_cycles_depvary_step10_batch_yyy04.pl,u3,no,169.99,no,corr,25.0,None,None,None,no
3435,exp_cycles_depvary_step10_batch_yyy04.pl,a3,yes,0.6,yes,corr,1.0,None,None,None,no
3436,exp_cycles_depvary_step10_batch_yyy04.pl,r7,no,0.68,no,corr,0.0,None,None,None,yes
3437,exp_cycles_depvary_step10_batch_yyy04.pl,f2,no,0.89,no,corr,1.0,None,None,None,no
3438,exp_cycles_depvary_step10_batch_yyy04.pl,c1,no,55.44,no,corr,25.0,None,None,None,no
3439,exp_cycles_depvary_step10_batch_yyy04.pl,t2,yes,0.26,yes,corr,1.0,None,None,None,no
3440,exp_cycles_depvary_step10_batch_yyy04.pl,c6,yes,0.25,yes,corr,0.0,None,None,None,no
3441,exp_cycles_depvary_step10_batch_yyy05.pl,t5,yes,0.33,yes,corr,1.0,None,None,None,no
3442,exp_cycles_depvary_step10_batch_yyy05.pl,b2,yes,0.88,yes,corr,0.0,None,None,None,no
3443,exp_cycles_depvary_step10_batch_yyy05.pl,w5,yes,0.59,yes,corr,1.0,None,None,None,no
3444,exp_cycles_depvary_step10_batch_yyy05.pl,s2,yes,0.27,yes,corr,1.0,None,None,None,no
3445,exp_cycles_depvary_step10_batch_yyy05.pl,f5,no,0.32,no,corr,1.0,None,None,None,no
3446,exp_cycles_depvary_step10_batch_yyy05.pl,y3,no,0.85,no,corr,0.0,None,None,None,yes
3447,exp_cycles_depvary_step10_batch_yyy05.pl,t2,no,0.28,no,corr,0.0,None,None,None,yes
3448,exp_cycles_depvary_step10_batch_yyy05.pl,r1,no,0.36,no,corr,4.0,None,None,None,no
3449,exp_cycles_depvary_step10_batch_yyy05.pl,r2,no,0.3,no,corr,0.0,None,None,None,yes
3450,exp_cycles_depvary_step10_batch_yyy05.pl,u2,no,48.43,no,corr,25.0,None,None,None,no
3451,exp_cycles_depvary_step10_batch_yyy06.pl,u5,no,367.13,no,corr,25.0,None,None,None,no
3452,exp_cycles_depvary_step10_batch_yyy06.pl,z5,no,64.58,no,corr,25.0,None,None,None,no
3453,exp_cycles_depvary_step10_batch_yyy06.pl,w2,no,275.37,no,corr,25.0,None,None,None,no
3454,exp_cycles_depvary_step10_batch_yyy06.pl,d3,yes,0.92,yes,corr,1.0,None,None,None,no
3455,exp_cycles_depvary_step10_batch_yyy06.pl,u3,no,0.87,no,corr,0.0,None,None,None,yes
3456,exp_cycles_depvary_step10_batch_yyy06.pl,y2,no,0.27,no,corr,1.0,None,None,None,no
3457,exp_cycles_depvary_step10_batch_yyy06.pl,s7,no,0.28,no,corr,0.0,None,None,None,yes
3458,exp_cycles_depvary_step10_batch_yyy06.pl,r3,yes,0.45,yes,corr,1.0,None,None,None,no
3459,exp_cycles_depvary_step10_batch_yyy06.pl,c2,yes,0.27,yes,corr,1.0,None,None,None,no
3460,exp_cycles_depvary_step10_batch_yyy06.pl,b1,no,0.39,no,corr,4.0,None,None,None,no
3461,exp_cycles_depvary_step10_batch_yyy07.pl,a6,yes,0.56,yes,corr,0.0,None,None,None,no
3462,exp_cycles_depvary_step10_batch_yyy07.pl,e1,no,0.49,no,corr,1.0,None,None,None,no
3463,exp_cycles_depvary_step10_batch_yyy07.pl,u4,yes,0.47,yes,corr,1.0,None,None,None,no
3464,exp_cycles_depvary_step10_batch_yyy07.pl,c6,no,0.62,no,corr,1.0,None,None,None,no
3465,exp_cycles_depvary_step10_batch_yyy07.pl,r4,no,0.22,no,corr,0.0,None,None,None,yes
3466,exp_cycles_depvary_step10_batch_yyy07.pl,p2,yes,0.31,yes,corr,1.0,None,None,None,no
3467,exp_cycles_depvary_step10_batch_yyy07.pl,s7,no,0.29,no,corr,0.0,None,None,None,yes
3468,exp_cycles_depvary_step10_batch_yyy07.pl,p1,,600.0,no,TIMEOUT,,,,,no
3469,exp_cycles_depvary_step10_batch_yyy07.pl,x4,no,0.33,no,corr,0.0,None,None,None,yes
3470,exp_cycles_depvary_step10_batch_yyy07.pl,p6,no,0.28,no,corr,0.0,None,None,None,yes
3471,exp_cycles_depvary_step10_batch_yyy08.pl,c4,,600.0,no,TIMEOUT,,,,,no
3472,exp_cycles_depvary_step10_batch_yyy08.pl,v5,yes,0.31,yes,corr,1.0,None,None,None,no
3473,exp_cycles_depvary_step10_batch_yyy08.pl,b4,yes,0.26,yes,corr,0.0,None,None,None,no
3474,exp_cycles_depvary_step10_batch_yyy08.pl,x2,no,306.42,no,corr,25.0,None,None,None,no
3475,exp_cycles_depvary_step10_batch_yyy08.pl,r5,no,550.16,no,corr,25.0,None,None,None,no
3476,exp_cycles_depvary_step10_batch_yyy08.pl,v4,no,577.75,no,corr,25.0,None,None,None,no
3477,exp_cycles_depvary_step10_batch_yyy08.pl,y1,no,36.45,no,corr,25.0,None,None,None,no
3478,exp_cycles_depvary_step10_batch_yyy08.pl,q3,yes,0.28,yes,corr,1.0,None,None,None,no
3479,exp_cycles_depvary_step10_batch_yyy08.pl,r6,no,0.26,no,corr,0.0,None,None,None,yes
3480,exp_cycles_depvary_step10_batch_yyy08.pl,e5,,600.0,no,TIMEOUT,,,,,no
3481,exp_cycles_depvary_step10_batch_yyy09.pl,d5,yes,0.48,yes,corr,1.0,None,None,None,no
3482,exp_cycles_depvary_step10_batch_yyy09.pl,z5,yes,0.46,yes,corr,1.0,None,None,None,no
3483,exp_cycles_depvary_step10_batch_yyy09.pl,x7,no,0.4,no,corr,0.0,None,None,None,yes
3484,exp_cycles_depvary_step10_batch_yyy09.pl,e4,yes,0.37,yes,corr,1.0,None,None,None,no
3485,exp_cycles_depvary_step10_batch_yyy09.pl,v1,yes,0.59,yes,corr,1.0,None,None,None,no
3486,exp_cycles_depvary_step10_batch_yyy09.pl,x5,yes,0.23,yes,corr,1.0,None,None,None,no
3487,exp_cycles_depvary_step10_batch_yyy09.pl,p2,yes,0.24,yes,corr,1.0,None,None,None,no
3488,exp_cycles_depvary_step10_batch_yyy09.pl,q1,no,0.26,no,corr,0.0,None,None,None,yes
3489,exp_cycles_depvary_step10_batch_yyy09.pl,s4,yes,0.47,yes,corr,4.0,None,None,None,no
3490,exp_cycles_depvary_step10_batch_yyy09.pl,v7,no,0.29,no,corr,0.0,None,None,None,yes
3491,exp_cycles_depvary_step10_batch_yyy10.pl,w7,no,0.49,no,corr,0.0,None,None,None,yes
3492,exp_cycles_depvary_step10_batch_yyy10.pl,f1,,600.0,no,TIMEOUT,,,,,no
3493,exp_cycles_depvary_step10_batch_yyy10.pl,v5,no,0.28,no,corr,0.0,None,None,None,yes
3494,exp_cycles_depvary_step10_batch_yyy10.pl,w6,no,0.28,no,corr,0.0,None,None,None,yes
3495,exp_cycles_depvary_step10_batch_yyy10.pl,r1,yes,26.56,yes,corr,12.0,None,None,None,no
3496,exp_cycles_depvary_step10_batch_yyy10.pl,s7,no,0.92,no,corr,0.0,None,None,None,yes
3497,exp_cycles_depvary_step10_batch_yyy10.pl,d1,yes,0.31,yes,corr,0.0,None,None,None,no
3498,exp_cycles_depvary_step10_batch_yyy10.pl,f2,yes,0.28,yes,corr,0.0,None,None,None,no
3499,exp_cycles_depvary_step10_batch_yyy10.pl,q7,no,0.25,no,corr,0.0,None,None,None,yes
3500,exp_cycles_depvary_step10_batch_yyy10.pl,y6,no,0.24,no,corr,0.0,None,None,None,yes
3501,exp_cycles_depvary_step1_batch_yyy01.pl,b3,no,0.28,no,corr,0.0,None,None,None,yes
3502,exp_cycles_depvary_step1_batch_yyy01.pl,e1,no,0.2,no,corr,1.0,None,None,None,no
3503,exp_cycles_depvary_step1_batch_yyy01.pl,a4,no,0.28,no,corr,0.0,None,None,None,yes
3504,exp_cycles_depvary_step1_batch_yyy01.pl,y3,no,0.36,no,corr,0.0,None,None,None,yes
3505,exp_cycles_depvary_step1_batch_yyy01.pl,w4,no,0.36,no,corr,0.0,None,None,None,yes
3506,exp_cycles_depvary_step1_batch_yyy01.pl,a3,no,0.2,no,corr,0.0,None,None,None,yes
3507,exp_cycles_depvary_step1_batch_yyy01.pl,a1,no,0.27,no,corr,1.0,None,None,None,no
3508,exp_cycles_depvary_step1_batch_yyy01.pl,y5,no,0.37,no,corr,0.0,None,None,None,yes
3509,exp_cycles_depvary_step1_batch_yyy01.pl,x5,no,0.24,no,corr,0.0,None,None,None,yes
3510,exp_cycles_depvary_step1_batch_yyy01.pl,c6,no,0.37,no,corr,0.0,None,None,None,yes
3511,exp_cycles_depvary_step1_batch_yyy02.pl,d5,no,0.48,no,corr,0.0,None,None,None,yes
3512,exp_cycles_depvary_step1_batch_yyy02.pl,s4,no,0.27,no,corr,0.0,None,None,None,yes
3513,exp_cycles_depvary_step1_batch_yyy02.pl,e5,no,0.29,no,corr,0.0,None,None,None,yes
3514,exp_cycles_depvary_step1_batch_yyy02.pl,u4,no,0.47,no,corr,0.0,None,None,None,yes
3515,exp_cycles_depvary_step1_batch_yyy02.pl,t3,no,0.35,no,corr,0.0,None,None,None,yes
3516,exp_cycles_depvary_step1_batch_yyy02.pl,r5,no,0.27,no,corr,0.0,None,None,None,yes
3517,exp_cycles_depvary_step1_batch_yyy02.pl,f3,no,0.38,no,corr,0.0,None,None,None,yes
3518,exp_cycles_depvary_step1_batch_yyy02.pl,y2,no,0.6,no,corr,0.0,None,None,None,yes
3519,exp_cycles_depvary_step1_batch_yyy02.pl,z6,no,0.83,no,corr,0.0,None,None,None,yes
3520,exp_cycles_depvary_step1_batch_yyy02.pl,b2,no,0.45,no,corr,0.0,None,None,None,yes
3521,exp_cycles_depvary_step1_batch_yyy03.pl,c4,no,0.57,no,corr,0.0,None,None,None,yes
3522,exp_cycles_depvary_step1_batch_yyy03.pl,t6,no,0.29,no,corr,0.0,None,None,None,yes
3523,exp_cycles_depvary_step1_batch_yyy03.pl,z4,no,0.3,no,corr,0.0,None,None,None,yes
3524,exp_cycles_depvary_step1_batch_yyy03.pl,w4,no,0.25,no,corr,0.0,None,None,None,yes
3525,exp_cycles_depvary_step1_batch_yyy03.pl,u3,no,0.2,no,corr,0.0,None,None,None,yes
3526,exp_cycles_depvary_step1_batch_yyy03.pl,r2,no,0.25,no,corr,0.0,None,None,None,yes
3527,exp_cycles_depvary_step1_batch_yyy03.pl,v3,no,0.23,no,corr,0.0,None,None,None,yes
3528,exp_cycles_depvary_step1_batch_yyy03.pl,u2,no,0.32,no,corr,0.0,None,None,None,yes
3529,exp_cycles_depvary_step1_batch_yyy03.pl,p4,no,0.26,no,corr,0.0,None,None,None,yes
3530,exp_cycles_depvary_step1_batch_yyy03.pl,x3,no,0.37,no,corr,0.0,None,None,None,yes
3531,exp_cycles_depvary_step1_batch_yyy04.pl,w7,no,0.42,no,corr,0.0,None,None,None,yes
3532,exp_cycles_depvary_step1_batch_yyy04.pl,v2,no,0.26,no,corr,0.0,None,None,None,yes
3533,exp_cycles_depvary_step1_batch_yyy04.pl,u7,no,0.24,no,corr,0.0,None,None,None,yes
3534,exp_cycles_depvary_step1_batch_yyy04.pl,a4,no,0.24,no,corr,0.0,None,None,None,yes
3535,exp_cycles_depvary_step1_batch_yyy04.pl,z4,no,0.35,no,corr,0.0,None,None,None,yes
3536,exp_cycles_depvary_step1_batch_yyy04.pl,p3,no,0.29,no,corr,0.0,None,None,None,yes
3537,exp_cycles_depvary_step1_batch_yyy04.pl,v4,no,0.28,no,corr,0.0,None,None,None,yes
3538,exp_cycles_depvary_step1_batch_yyy04.pl,x1,yes,0.29,yes,corr,4.0,None,None,None,no
3539,exp_cycles_depvary_step1_batch_yyy04.pl,r2,no,0.22,no,corr,0.0,None,None,None,yes
3540,exp_cycles_depvary_step1_batch_yyy04.pl,d1,no,0.33,no,corr,2.0,None,None,None,no
3541,exp_cycles_depvary_step1_batch_yyy05.pl,u7,no,0.73,no,corr,0.0,None,None,None,yes
3542,exp_cycles_depvary_step1_batch_yyy05.pl,q5,no,0.44,no,corr,0.0,None,None,None,yes
3543,exp_cycles_depvary_step1_batch_yyy05.pl,b1,yes,0.3,yes,corr,0.0,None,None,None,no
3544,exp_cycles_depvary_step1_batch_yyy05.pl,f5,no,0.35,no,corr,0.0,None,None,None,yes
3545,exp_cycles_depvary_step1_batch_yyy05.pl,a1,yes,0.25,yes,corr,5.0,None,None,None,no
3546,exp_cycles_depvary_step1_batch_yyy05.pl,d1,no,0.25,no,corr,1.0,None,None,None,no
3547,exp_cycles_depvary_step1_batch_yyy05.pl,z6,no,0.26,no,corr,0.0,None,None,None,yes
3548,exp_cycles_depvary_step1_batch_yyy05.pl,b2,no,0.27,no,corr,0.0,None,None,None,yes
3549,exp_cycles_depvary_step1_batch_yyy05.pl,y3,no,0.31,no,corr,0.0,None,None,None,yes
3550,exp_cycles_depvary_step1_batch_yyy05.pl,r5,no,0.28,no,corr,0.0,None,None,None,yes
3551,exp_cycles_depvary_step1_batch_yyy06.pl,u1,no,0.33,no,corr,0.0,None,None,None,yes
3552,exp_cycles_depvary_step1_batch_yyy06.pl,c2,no,0.25,no,corr,0.0,None,None,None,yes
3553,exp_cycles_depvary_step1_batch_yyy06.pl,v1,no,0.31,no,corr,5.0,None,None,None,no
3554,exp_cycles_depvary_step1_batch_yyy06.pl,r7,no,0.25,no,corr,0.0,None,None,None,yes
3555,exp_cycles_depvary_step1_batch_yyy06.pl,p1,yes,0.22,yes,corr,1.0,None,None,None,no
3556,exp_cycles_depvary_step1_batch_yyy06.pl,y5,no,0.23,no,corr,0.0,None,None,None,yes
3557,exp_cycles_depvary_step1_batch_yyy06.pl,s3,no,0.26,no,corr,0.0,None,None,None,yes
3558,exp_cycles_depvary_step1_batch_yyy06.pl,c4,no,0.31,no,corr,0.0,None,None,None,yes
3559,exp_cycles_depvary_step1_batch_yyy06.pl,a6,no,0.25,no,corr,0.0,None,None,None,yes
3560,exp_cycles_depvary_step1_batch_yyy06.pl,v7,no,0.27,no,corr,0.0,None,None,None,yes
3561,exp_cycles_depvary_step1_batch_yyy07.pl,w7,no,0.29,no,corr,0.0,None,None,None,yes
3562,exp_cycles_depvary_step1_batch_yyy07.pl,d4,no,0.29,no,corr,0.0,None,None,None,yes
3563,exp_cycles_depvary_step1_batch_yyy07.pl,w2,no,0.24,no,corr,0.0,None,None,None,yes
3564,exp_cycles_depvary_step1_batch_yyy07.pl,w4,no,0.26,no,corr,0.0,None,None,None,yes
3565,exp_cycles_depvary_step1_batch_yyy07.pl,t2,no,0.2,no,corr,0.0,None,None,None,yes
3566,exp_cycles_depvary_step1_batch_yyy07.pl,d2,no,0.22,no,corr,0.0,None,None,None,yes
3567,exp_cycles_depvary_step1_batch_yyy07.pl,y6,no,0.29,no,corr,0.0,None,None,None,yes
3568,exp_cycles_depvary_step1_batch_yyy07.pl,x4,no,0.27,no,corr,0.0,None,None,None,yes
3569,exp_cycles_depvary_step1_batch_yyy07.pl,s5,no,0.22,no,corr,0.0,None,None,None,yes
3570,exp_cycles_depvary_step1_batch_yyy07.pl,t3,no,0.25,no,corr,0.0,None,None,None,yes
3571,exp_cycles_depvary_step1_batch_yyy08.pl,c4,no,0.63,no,corr,0.0,None,None,None,yes
3572,exp_cycles_depvary_step1_batch_yyy08.pl,u7,no,0.62,no,corr,0.0,None,None,None,yes
3573,exp_cycles_depvary_step1_batch_yyy08.pl,t3,no,0.29,no,corr,0.0,None,None,None,yes
3574,exp_cycles_depvary_step1_batch_yyy08.pl,t6,no,0.26,no,corr,0.0,None,None,None,yes
3575,exp_cycles_depvary_step1_batch_yyy08.pl,w1,yes,0.29,yes,corr,1.0,None,None,None,no
3576,exp_cycles_depvary_step1_batch_yyy08.pl,y5,no,0.3,no,corr,0.0,None,None,None,yes
3577,exp_cycles_depvary_step1_batch_yyy08.pl,y3,no,0.23,no,corr,0.0,None,None,None,yes
3578,exp_cycles_depvary_step1_batch_yyy08.pl,e4,no,0.53,no,corr,0.0,None,None,None,yes
3579,exp_cycles_depvary_step1_batch_yyy08.pl,r2,no,0.29,no,corr,0.0,None,None,None,yes
3580,exp_cycles_depvary_step1_batch_yyy08.pl,a1,no,0.27,no,corr,1.0,None,None,None,no
3581,exp_cycles_depvary_step1_batch_yyy09.pl,y4,no,0.34,no,corr,0.0,None,None,None,yes
3582,exp_cycles_depvary_step1_batch_yyy09.pl,p4,no,0.29,no,corr,0.0,None,None,None,yes
3583,exp_cycles_depvary_step1_batch_yyy09.pl,v5,no,0.32,no,corr,0.0,None,None,None,yes
3584,exp_cycles_depvary_step1_batch_yyy09.pl,t6,no,0.24,no,corr,0.0,None,None,None,yes
3585,exp_cycles_depvary_step1_batch_yyy09.pl,q4,no,0.25,no,corr,0.0,None,None,None,yes
3586,exp_cycles_depvary_step1_batch_yyy09.pl,v1,no,0.27,no,corr,0.0,None,None,None,yes
3587,exp_cycles_depvary_step1_batch_yyy09.pl,f3,no,0.33,no,corr,0.0,None,None,None,yes
3588,exp_cycles_depvary_step1_batch_yyy09.pl,q7,no,0.27,no,corr,0.0,None,None,None,yes
3589,exp_cycles_depvary_step1_batch_yyy09.pl,r3,no,0.26,no,corr,0.0,None,None,None,yes
3590,exp_cycles_depvary_step1_batch_yyy09.pl,u2,no,0.26,no,corr,0.0,None,None,None,yes
3591,exp_cycles_depvary_step1_batch_yyy10.pl,u5,no,0.31,no,corr,0.0,None,None,None,yes
3592,exp_cycles_depvary_step1_batch_yyy10.pl,r4,no,0.29,no,corr,0.0,None,None,None,yes
3593,exp_cycles_depvary_step1_batch_yyy10.pl,a3,no,0.25,no,corr,0.0,None,None,None,yes
3594,exp_cycles_depvary_step1_batch_yyy10.pl,d1,no,0.28,no,corr,1.0,None,None,None,no
3595,exp_cycles_depvary_step1_batch_yyy10.pl,y6,no,0.32,no,corr,0.0,None,None,None,yes
3596,exp_cycles_depvary_step1_batch_yyy10.pl,a2,no,0.32,no,corr,0.0,None,None,None,yes
3597,exp_cycles_depvary_step1_batch_yyy10.pl,a6,no,0.31,no,corr,0.0,None,None,None,yes
3598,exp_cycles_depvary_step1_batch_yyy10.pl,v7,no,0.25,no,corr,0.0,None,None,None,yes
3599,exp_cycles_depvary_step1_batch_yyy10.pl,z5,no,0.25,no,corr,0.0,None,None,None,yes
3600,exp_cycles_depvary_step1_batch_yyy10.pl,e1,no,0.26,no,corr,1.0,None,None,None,no
3601,exp_cycles_depvary_step2_batch_yyy01.pl,d3,no,0.28,no,corr,0.0,None,None,None,yes
3602,exp_cycles_depvary_step2_batch_yyy01.pl,t6,no,0.26,no,corr,0.0,None,None,None,yes
3603,exp_cycles_depvary_step2_batch_yyy01.pl,a4,no,0.28,no,corr,0.0,None,None,None,yes
3604,exp_cycles_depvary_step2_batch_yyy01.pl,b5,no,0.29,no,corr,0.0,None,None,None,yes
3605,exp_cycles_depvary_step2_batch_yyy01.pl,c3,no,0.33,no,corr,0.0,None,None,None,yes
3606,exp_cycles_depvary_step2_batch_yyy01.pl,t5,no,0.47,no,corr,0.0,None,None,None,yes
3607,exp_cycles_depvary_step2_batch_yyy01.pl,v1,no,0.38,no,corr,9.0,None,None,None,no
3608,exp_cycles_depvary_step2_batch_yyy01.pl,p3,no,0.25,no,corr,0.0,None,None,None,yes
3609,exp_cycles_depvary_step2_batch_yyy01.pl,d1,no,0.25,no,corr,4.0,None,None,None,no
3610,exp_cycles_depvary_step2_batch_yyy01.pl,u2,no,0.23,no,corr,0.0,None,None,None,yes
3611,exp_cycles_depvary_step2_batch_yyy02.pl,u5,no,0.27,no,corr,0.0,None,None,None,yes
3612,exp_cycles_depvary_step2_batch_yyy02.pl,y4,no,0.28,no,corr,0.0,None,None,None,yes
3613,exp_cycles_depvary_step2_batch_yyy02.pl,p5,no,0.2,no,corr,0.0,None,None,None,yes
3614,exp_cycles_depvary_step2_batch_yyy02.pl,b4,no,0.29,no,corr,0.0,None,None,None,yes
3615,exp_cycles_depvary_step2_batch_yyy02.pl,x7,no,0.31,no,corr,0.0,None,None,None,yes
3616,exp_cycles_depvary_step2_batch_yyy02.pl,w1,no,0.36,no,corr,0.0,None,None,None,yes
3617,exp_cycles_depvary_step2_batch_yyy02.pl,r2,no,0.29,no,corr,2.0,None,None,None,no
3618,exp_cycles_depvary_step2_batch_yyy02.pl,e2,no,0.3,no,corr,0.0,None,None,None,yes
3619,exp_cycles_depvary_step2_batch_yyy02.pl,y6,no,0.21,no,corr,0.0,None,None,None,yes
3620,exp_cycles_depvary_step2_batch_yyy02.pl,w3,no,0.24,no,corr,0.0,None,None,None,yes
3621,exp_cycles_depvary_step2_batch_yyy03.pl,t4,no,0.23,no,corr,0.0,None,None,None,yes
3622,exp_cycles_depvary_step2_batch_yyy03.pl,w7,no,0.23,no,corr,0.0,None,None,None,yes
3623,exp_cycles_depvary_step2_batch_yyy03.pl,d4,no,0.28,no,corr,0.0,None,None,None,yes
3624,exp_cycles_depvary_step2_batch_yyy03.pl,v6,no,0.22,no,corr,0.0,None,None,None,yes
3625,exp_cycles_depvary_step2_batch_yyy03.pl,s2,yes,0.23,yes,corr,1.0,None,None,None,no
3626,exp_cycles_depvary_step2_batch_yyy03.pl,t2,no,0.27,no,corr,0.0,None,None,None,yes
3627,exp_cycles_depvary_step2_batch_yyy03.pl,s1,no,0.38,no,corr,0.0,None,None,None,yes
3628,exp_cycles_depvary_step2_batch_yyy03.pl,a1,yes,0.25,yes,corr,1.0,None,None,None,no
3629,exp_cycles_depvary_step2_batch_yyy03.pl,p1,yes,0.27,yes,corr,1.0,None,None,None,no
3630,exp_cycles_depvary_step2_batch_yyy03.pl,p6,no,0.21,no,corr,0.0,None,None,None,yes
3631,exp_cycles_depvary_step2_batch_yyy04.pl,v2,no,0.42,no,corr,0.0,None,None,None,yes
3632,exp_cycles_depvary_step2_batch_yyy04.pl,t3,no,0.65,no,corr,0.0,None,None,None,yes
3633,exp_cycles_depvary_step2_batch_yyy04.pl,a4,no,0.29,no,corr,0.0,None,None,None,yes
3634,exp_cycles_depvary_step2_batch_yyy04.pl,c6,no,0.46,no,corr,0.0,None,None,None,yes
3635,exp_cycles_depvary_step2_batch_yyy04.pl,d1,yes,0.22,yes,corr,0.0,None,None,None,no
3636,exp_cycles_depvary_step2_batch_yyy04.pl,z1,no,0.27,no,corr,5.0,None,None,None,no
3637,exp_cycles_depvary_step2_batch_yyy04.pl,a5,no,0.21,no,corr,0.0,None,None,None,yes
3638,exp_cycles_depvary_step2_batch_yyy04.pl,q3,no,0.4,no,corr,0.0,None,None,None,yes
3639,exp_cycles_depvary_step2_batch_yyy04.pl,y2,no,0.26,no,corr,0.0,None,None,None,yes
3640,exp_cycles_depvary_step2_batch_yyy04.pl,x1,yes,0.28,yes,corr,1.0,None,None,None,no
3641,exp_cycles_depvary_step2_batch_yyy05.pl,z1,yes,0.29,yes,corr,1.0,None,None,None,no
3642,exp_cycles_depvary_step2_batch_yyy05.pl,q4,no,0.25,no,corr,0.0,None,None,None,yes
3643,exp_cycles_depvary_step2_batch_yyy05.pl,v1,yes,0.37,yes,corr,1.0,None,None,None,no
3644,exp_cycles_depvary_step2_batch_yyy05.pl,r4,no,0.3,no,corr,0.0,None,None,None,yes
3645,exp_cycles_depvary_step2_batch_yyy05.pl,p2,no,0.3,no,corr,0.0,None,None,None,yes
3646,exp_cycles_depvary_step2_batch_yyy05.pl,a3,no,0.39,no,corr,0.0,None,None,None,yes
3647,exp_cycles_depvary_step2_batch_yyy05.pl,v3,no,0.52,no,corr,0.0,None,None,None,yes
3648,exp_cycles_depvary_step2_batch_yyy05.pl,q1,yes,0.33,yes,corr,1.0,None,None,None,no
3649,exp_cycles_depvary_step2_batch_yyy05.pl,p5,no,0.48,no,corr,0.0,None,None,None,yes
3650,exp_cycles_depvary_step2_batch_yyy05.pl,d4,no,0.32,no,corr,0.0,None,None,None,yes
3651,exp_cycles_depvary_step2_batch_yyy06.pl,t4,no,0.29,no,corr,0.0,None,None,None,yes
3652,exp_cycles_depvary_step2_batch_yyy06.pl,z5,no,0.25,no,corr,0.0,None,None,None,yes
3653,exp_cycles_depvary_step2_batch_yyy06.pl,w5,no,0.28,no,corr,0.0,None,None,None,yes
3654,exp_cycles_depvary_step2_batch_yyy06.pl,x7,no,0.28,no,corr,0.0,None,None,None,yes
3655,exp_cycles_depvary_step2_batch_yyy06.pl,f3,no,0.28,no,corr,0.0,None,None,None,yes
3656,exp_cycles_depvary_step2_batch_yyy06.pl,d2,no,0.27,no,corr,0.0,None,None,None,yes
3657,exp_cycles_depvary_step2_batch_yyy06.pl,f4,no,0.36,no,corr,0.0,None,None,None,yes
3658,exp_cycles_depvary_step2_batch_yyy06.pl,p1,yes,0.27,yes,corr,1.0,None,None,None,no
3659,exp_cycles_depvary_step2_batch_yyy06.pl,u1,yes,0.25,yes,corr,1.0,None,None,None,no
3660,exp_cycles_depvary_step2_batch_yyy06.pl,r6,no,0.24,no,corr,0.0,None,None,None,yes
3661,exp_cycles_depvary_step2_batch_yyy07.pl,t4,no,0.31,no,corr,0.0,None,None,None,yes
3662,exp_cycles_depvary_step2_batch_yyy07.pl,v2,no,0.28,no,corr,0.0,None,None,None,yes
3663,exp_cycles_depvary_step2_batch_yyy07.pl,x3,no,0.23,no,corr,0.0,None,None,None,yes
3664,exp_cycles_depvary_step2_batch_yyy07.pl,y3,no,0.29,no,corr,0.0,None,None,None,yes
3665,exp_cycles_depvary_step2_batch_yyy07.pl,z2,no,0.26,no,corr,0.0,None,None,None,yes
3666,exp_cycles_depvary_step2_batch_yyy07.pl,r4,no,0.22,no,corr,0.0,None,None,None,yes
3667,exp_cycles_depvary_step2_batch_yyy07.pl,s1,yes,0.25,yes,corr,6.0,None,None,None,no
3668,exp_cycles_depvary_step2_batch_yyy07.pl,r7,no,0.27,no,corr,0.0,None,None,None,yes
3669,exp_cycles_depvary_step2_batch_yyy07.pl,f4,no,0.33,no,corr,0.0,None,None,None,yes
3670,exp_cycles_depvary_step2_batch_yyy07.pl,a3,no,0.25,no,corr,0.0,None,None,None,yes
3671,exp_cycles_depvary_step2_batch_yyy08.pl,u6,no,0.33,no,corr,0.0,None,None,None,yes
3672,exp_cycles_depvary_step2_batch_yyy08.pl,p5,no,0.32,no,corr,0.0,None,None,None,yes
3673,exp_cycles_depvary_step2_batch_yyy08.pl,d3,no,0.26,no,corr,0.0,None,None,None,yes
3674,exp_cycles_depvary_step2_batch_yyy08.pl,v5,no,0.24,no,corr,0.0,None,None,None,yes
3675,exp_cycles_depvary_step2_batch_yyy08.pl,s5,no,0.26,no,corr,0.0,None,None,None,yes
3676,exp_cycles_depvary_step2_batch_yyy08.pl,w4,no,0.3,no,corr,0.0,None,None,None,yes
3677,exp_cycles_depvary_step2_batch_yyy08.pl,t7,no,0.23,no,corr,0.0,None,None,None,yes
3678,exp_cycles_depvary_step2_batch_yyy08.pl,f2,no,0.25,no,corr,0.0,None,None,None,yes
3679,exp_cycles_depvary_step2_batch_yyy08.pl,z4,no,0.23,no,corr,0.0,None,None,None,yes
3680,exp_cycles_depvary_step2_batch_yyy08.pl,e4,no,0.23,no,corr,0.0,None,None,None,yes
3681,exp_cycles_depvary_step2_batch_yyy09.pl,c4,no,0.35,no,corr,0.0,None,None,None,yes
3682,exp_cycles_depvary_step2_batch_yyy09.pl,z5,no,0.23,no,corr,0.0,None,None,None,yes
3683,exp_cycles_depvary_step2_batch_yyy09.pl,p7,no,0.27,no,corr,0.0,None,None,None,yes
3684,exp_cycles_depvary_step2_batch_yyy09.pl,v5,no,0.32,no,corr,0.0,None,None,None,yes
3685,exp_cycles_depvary_step2_batch_yyy09.pl,b4,no,0.26,no,corr,0.0,None,None,None,yes
3686,exp_cycles_depvary_step2_batch_yyy09.pl,z1,yes,0.35,yes,corr,1.0,None,None,None,no
3687,exp_cycles_depvary_step2_batch_yyy09.pl,u3,no,0.31,no,corr,0.0,None,None,None,yes
3688,exp_cycles_depvary_step2_batch_yyy09.pl,y2,no,0.68,no,corr,0.0,None,None,None,yes
3689,exp_cycles_depvary_step2_batch_yyy09.pl,v3,no,0.39,no,corr,0.0,None,None,None,yes
3690,exp_cycles_depvary_step2_batch_yyy09.pl,u2,no,0.32,no,corr,0.0,None,None,None,yes
3691,exp_cycles_depvary_step2_batch_yyy10.pl,t4,no,0.36,no,corr,0.0,None,None,None,yes
3692,exp_cycles_depvary_step2_batch_yyy10.pl,e1,yes,0.28,yes,corr,0.0,None,None,None,no
3693,exp_cycles_depvary_step2_batch_yyy10.pl,t3,no,0.21,no,corr,0.0,None,None,None,yes
3694,exp_cycles_depvary_step2_batch_yyy10.pl,z1,yes,0.25,yes,corr,1.0,None,None,None,no
3695,exp_cycles_depvary_step2_batch_yyy10.pl,x7,no,0.35,no,corr,0.0,None,None,None,yes
3696,exp_cycles_depvary_step2_batch_yyy10.pl,x5,no,0.26,no,corr,0.0,None,None,None,yes
3697,exp_cycles_depvary_step2_batch_yyy10.pl,s7,no,0.24,no,corr,0.0,None,None,None,yes
3698,exp_cycles_depvary_step2_batch_yyy10.pl,p1,yes,0.25,yes,corr,1.0,None,None,None,no
3699,exp_cycles_depvary_step2_batch_yyy10.pl,y1,no,0.26,no,corr,6.0,None,None,None,no
3700,exp_cycles_depvary_step2_batch_yyy10.pl,s1,yes,0.33,yes,corr,2.0,None,None,None,no
3701,exp_cycles_depvary_step3_batch_yyy01.pl,z5,no,0.3,no,corr,0.0,None,None,None,yes
3702,exp_cycles_depvary_step3_batch_yyy01.pl,u7,no,0.24,no,corr,0.0,None,None,None,yes
3703,exp_cycles_depvary_step3_batch_yyy01.pl,e4,no,0.22,no,corr,0.0,None,None,None,yes
3704,exp_cycles_depvary_step3_batch_yyy01.pl,b5,no,0.27,no,corr,0.0,None,None,None,yes
3705,exp_cycles_depvary_step3_batch_yyy01.pl,d2,yes,0.27,yes,corr,1.0,None,None,None,no
3706,exp_cycles_depvary_step3_batch_yyy01.pl,v3,no,0.23,no,corr,0.0,None,None,None,yes
3707,exp_cycles_depvary_step3_batch_yyy01.pl,y6,no,0.28,no,corr,0.0,None,None,None,yes
3708,exp_cycles_depvary_step3_batch_yyy01.pl,w3,no,0.25,no,corr,0.0,None,None,None,yes
3709,exp_cycles_depvary_step3_batch_yyy01.pl,u6,no,0.23,no,corr,0.0,None,None,None,yes
3710,exp_cycles_depvary_step3_batch_yyy01.pl,d5,no,0.24,no,corr,0.0,None,None,None,yes
3711,exp_cycles_depvary_step3_batch_yyy02.pl,z5,no,0.22,no,corr,0.0,None,None,None,yes
3712,exp_cycles_depvary_step3_batch_yyy02.pl,b4,no,0.27,no,corr,0.0,None,None,None,yes
3713,exp_cycles_depvary_step3_batch_yyy02.pl,c2,yes,0.29,yes,corr,6.0,None,None,None,no
3714,exp_cycles_depvary_step3_batch_yyy02.pl,w6,no,0.26,no,corr,0.0,None,None,None,yes
3715,exp_cycles_depvary_step3_batch_yyy02.pl,v1,no,0.39,no,corr,9.0,None,None,None,no
3716,exp_cycles_depvary_step3_batch_yyy02.pl,s6,no,0.22,no,corr,0.0,None,None,None,yes
3717,exp_cycles_depvary_step3_batch_yyy02.pl,r4,no,0.23,no,corr,0.0,None,None,None,yes
3718,exp_cycles_depvary_step3_batch_yyy02.pl,q3,no,0.2,no,corr,0.0,None,None,None,yes
3719,exp_cycles_depvary_step3_batch_yyy02.pl,u6,no,0.33,no,corr,0.0,None,None,None,yes
3720,exp_cycles_depvary_step3_batch_yyy02.pl,d5,no,0.23,no,corr,0.0,None,None,None,yes
3721,exp_cycles_depvary_step3_batch_yyy03.pl,z6,no,0.32,no,corr,0.0,None,None,None,yes
3722,exp_cycles_depvary_step3_batch_yyy03.pl,x3,no,0.26,no,corr,0.0,None,None,None,yes
3723,exp_cycles_depvary_step3_batch_yyy03.pl,e5,no,0.34,no,corr,0.0,None,None,None,yes
3724,exp_cycles_depvary_step3_batch_yyy03.pl,t3,no,0.34,no,corr,0.0,None,None,None,yes
3725,exp_cycles_depvary_step3_batch_yyy03.pl,c2,no,0.32,no,corr,1.0,None,None,None,no
3726,exp_cycles_depvary_step3_batch_yyy03.pl,z4,no,0.43,no,corr,0.0,None,None,None,yes
3727,exp_cycles_depvary_step3_batch_yyy03.pl,w1,yes,0.57,yes,corr,1.0,None,None,None,no
3728,exp_cycles_depvary_step3_batch_yyy03.pl,t7,no,0.27,no,corr,0.0,None,None,None,yes
3729,exp_cycles_depvary_step3_batch_yyy03.pl,y2,no,0.26,no,corr,0.0,None,None,None,yes
3730,exp_cycles_depvary_step3_batch_yyy03.pl,d1,no,0.56,no,corr,15.0,None,None,None,no
3731,exp_cycles_depvary_step3_batch_yyy04.pl,v6,no,0.35,no,corr,0.0,None,None,None,yes
3732,exp_cycles_depvary_step3_batch_yyy04.pl,u7,no,0.46,no,corr,0.0,None,None,None,yes
3733,exp_cycles_depvary_step3_batch_yyy04.pl,x7,no,0.38,no,corr,0.0,None,None,None,yes
3734,exp_cycles_depvary_step3_batch_yyy04.pl,y3,no,0.24,no,corr,0.0,None,None,None,yes
3735,exp_cycles_depvary_step3_batch_yyy04.pl,s1,no,0.55,no,corr,0.0,None,None,None,yes
3736,exp_cycles_depvary_step3_batch_yyy04.pl,y6,no,0.89,no,corr,0.0,None,None,None,yes
3737,exp_cycles_depvary_step3_batch_yyy04.pl,z1,no,0.64,no,corr,4.0,None,None,None,no
3738,exp_cycles_depvary_step3_batch_yyy04.pl,t6,no,0.29,no,corr,0.0,None,None,None,yes
3739,exp_cycles_depvary_step3_batch_yyy04.pl,u2,no,0.21,no,corr,0.0,None,None,None,yes
3740,exp_cycles_depvary_step3_batch_yyy04.pl,q1,yes,0.28,yes,corr,4.0,None,None,None,no
3741,exp_cycles_depvary_step3_batch_yyy05.pl,p5,no,0.33,no,corr,0.0,None,None,None,yes
3742,exp_cycles_depvary_step3_batch_yyy05.pl,u1,yes,0.41,yes,corr,1.0,None,None,None,no
3743,exp_cycles_depvary_step3_batch_yyy05.pl,c2,no,0.47,no,corr,1.0,None,None,None,no
3744,exp_cycles_depvary_step3_batch_yyy05.pl,x7,no,0.26,no,corr,0.0,None,None,None,yes
3745,exp_cycles_depvary_step3_batch_yyy05.pl,x2,yes,0.25,yes,corr,1.0,None,None,None,no
3746,exp_cycles_depvary_step3_batch_yyy05.pl,p3,no,0.24,no,corr,0.0,None,None,None,yes
3747,exp_cycles_depvary_step3_batch_yyy05.pl,z2,no,0.27,no,corr,0.0,None,None,None,yes
3748,exp_cycles_depvary_step3_batch_yyy05.pl,w3,no,0.22,no,corr,0.0,None,None,None,yes
3749,exp_cycles_depvary_step3_batch_yyy05.pl,y3,no,0.22,no,corr,0.0,None,None,None,yes
3750,exp_cycles_depvary_step3_batch_yyy05.pl,e4,no,0.28,no,corr,0.0,None,None,None,yes
3751,exp_cycles_depvary_step3_batch_yyy06.pl,s3,no,0.42,no,corr,0.0,None,None,None,yes
3752,exp_cycles_depvary_step3_batch_yyy06.pl,z5,no,0.23,no,corr,0.0,None,None,None,yes
3753,exp_cycles_depvary_step3_batch_yyy06.pl,p5,no,0.24,no,corr,0.0,None,None,None,yes
3754,exp_cycles_depvary_step3_batch_yyy06.pl,r6,no,0.23,no,corr,0.0,None,None,None,yes
3755,exp_cycles_depvary_step3_batch_yyy06.pl,w5,no,0.28,no,corr,0.0,None,None,None,yes
3756,exp_cycles_depvary_step3_batch_yyy06.pl,t3,no,0.24,no,corr,0.0,None,None,None,yes
3757,exp_cycles_depvary_step3_batch_yyy06.pl,t6,no,0.27,no,corr,0.0,None,None,None,yes
3758,exp_cycles_depvary_step3_batch_yyy06.pl,r7,no,0.26,no,corr,0.0,None,None,None,yes
3759,exp_cycles_depvary_step3_batch_yyy06.pl,d1,no,0.26,no,corr,3.0,None,None,None,no
3760,exp_cycles_depvary_step3_batch_yyy06.pl,u2,no,0.3,no,corr,5.0,None,None,None,no
3761,exp_cycles_depvary_step3_batch_yyy07.pl,t5,no,0.25,no,corr,0.0,None,None,None,yes
3762,exp_cycles_depvary_step3_batch_yyy07.pl,y4,no,0.2,no,corr,0.0,None,None,None,yes
3763,exp_cycles_depvary_step3_batch_yyy07.pl,u4,no,0.25,no,corr,0.0,None,None,None,yes
3764,exp_cycles_depvary_step3_batch_yyy07.pl,a4,no,0.31,no,corr,0.0,None,None,None,yes
3765,exp_cycles_depvary_step3_batch_yyy07.pl,d2,yes,0.32,yes,corr,0.0,None,None,None,no
3766,exp_cycles_depvary_step3_batch_yyy07.pl,q3,no,0.35,no,corr,0.0,None,None,None,yes
3767,exp_cycles_depvary_step3_batch_yyy07.pl,t1,yes,0.6,yes,corr,2.0,None,None,None,no
3768,exp_cycles_depvary_step3_batch_yyy07.pl,y5,no,0.21,no,corr,0.0,None,None,None,yes
3769,exp_cycles_depvary_step3_batch_yyy07.pl,c5,no,0.49,no,corr,0.0,None,None,None,yes
3770,exp_cycles_depvary_step3_batch_yyy07.pl,t6,no,0.38,no,corr,0.0,None,None,None,yes
3771,exp_cycles_depvary_step3_batch_yyy08.pl,e1,no,0.35,no,corr,1.0,None,None,None,no
3772,exp_cycles_depvary_step3_batch_yyy08.pl,t3,no,0.31,no,corr,0.0,None,None,None,yes
3773,exp_cycles_depvary_step3_batch_yyy08.pl,p3,no,0.29,no,corr,0.0,None,None,None,yes
3774,exp_cycles_depvary_step3_batch_yyy08.pl,t7,no,0.54,no,corr,0.0,None,None,None,yes
3775,exp_cycles_depvary_step3_batch_yyy08.pl,e3,no,0.34,no,corr,0.0,None,None,None,yes
3776,exp_cycles_depvary_step3_batch_yyy08.pl,x1,yes,0.39,yes,corr,1.0,None,None,None,no
3777,exp_cycles_depvary_step3_batch_yyy08.pl,v3,no,0.34,no,corr,0.0,None,None,None,yes
3778,exp_cycles_depvary_step3_batch_yyy08.pl,p6,no,0.29,no,corr,0.0,None,None,None,yes
3779,exp_cycles_depvary_step3_batch_yyy08.pl,y1,yes,0.38,yes,corr,1.0,None,None,None,no
3780,exp_cycles_depvary_step3_batch_yyy08.pl,s1,yes,0.3,yes,corr,4.0,None,None,None,no
3781,exp_cycles_depvary_step3_batch_yyy09.pl,d5,no,0.28,no,corr,0.0,None,None,None,yes
3782,exp_cycles_depvary_step3_batch_yyy09.pl,a6,no,0.19,no,corr,0.0,None,None,None,yes
3783,exp_cycles_depvary_step3_batch_yyy09.pl,d4,no,0.22,no,corr,0.0,None,None,None,yes
3784,exp_cycles_depvary_step3_batch_yyy09.pl,u1,yes,0.26,yes,corr,1.0,None,None,None,no
3785,exp_cycles_depvary_step3_batch_yyy09.pl,t3,no,0.2,no,corr,0.0,None,None,None,yes
3786,exp_cycles_depvary_step3_batch_yyy09.pl,c2,no,0.31,no,corr,5.0,None,None,None,no
3787,exp_cycles_depvary_step3_batch_yyy09.pl,t2,no,0.36,no,corr,10.0,None,None,None,no
3788,exp_cycles_depvary_step3_batch_yyy09.pl,a3,no,0.23,no,corr,0.0,None,None,None,yes
3789,exp_cycles_depvary_step3_batch_yyy09.pl,r2,yes,0.22,yes,corr,1.0,None,None,None,no
3790,exp_cycles_depvary_step3_batch_yyy09.pl,a1,yes,0.28,yes,corr,0.0,None,None,None,no
3791,exp_cycles_depvary_step3_batch_yyy10.pl,d5,no,0.3,no,corr,0.0,None,None,None,yes
3792,exp_cycles_depvary_step3_batch_yyy10.pl,b2,no,0.23,no,corr,1.0,None,None,None,no
3793,exp_cycles_depvary_step3_batch_yyy10.pl,w7,no,0.44,no,corr,0.0,None,None,None,yes
3794,exp_cycles_depvary_step3_batch_yyy10.pl,w2,yes,0.31,yes,corr,1.0,None,None,None,no
3795,exp_cycles_depvary_step3_batch_yyy10.pl,b4,no,0.23,no,corr,0.0,None,None,None,yes
3796,exp_cycles_depvary_step3_batch_yyy10.pl,s2,no,0.31,no,corr,9.0,None,None,None,no
3797,exp_cycles_depvary_step3_batch_yyy10.pl,t1,no,0.21,no,corr,0.0,None,None,None,yes
3798,exp_cycles_depvary_step3_batch_yyy10.pl,p1,yes,0.34,yes,corr,3.0,None,None,None,no
3799,exp_cycles_depvary_step3_batch_yyy10.pl,w3,no,0.23,no,corr,0.0,None,None,None,yes
3800,exp_cycles_depvary_step3_batch_yyy10.pl,q2,no,0.29,no,corr,0.0,None,None,None,yes
3801,exp_cycles_depvary_step4_batch_yyy01.pl,s4,no,0.33,no,corr,0.0,None,None,None,yes
3802,exp_cycles_depvary_step4_batch_yyy01.pl,u1,yes,0.26,yes,corr,4.0,None,None,None,no
3803,exp_cycles_depvary_step4_batch_yyy01.pl,u4,no,0.23,no,corr,0.0,None,None,None,yes
3804,exp_cycles_depvary_step4_batch_yyy01.pl,q4,no,0.25,no,corr,0.0,None,None,None,yes
3805,exp_cycles_depvary_step4_batch_yyy01.pl,v1,no,0.38,no,corr,0.0,None,None,None,yes
3806,exp_cycles_depvary_step4_batch_yyy01.pl,z2,no,1.15,no,corr,14.0,None,None,None,no
3807,exp_cycles_depvary_step4_batch_yyy01.pl,y1,no,0.22,no,corr,0.0,None,None,None,yes
3808,exp_cycles_depvary_step4_batch_yyy01.pl,y5,no,0.36,no,corr,0.0,None,None,None,yes
3809,exp_cycles_depvary_step4_batch_yyy01.pl,f2,no,0.41,no,corr,9.0,None,None,None,no
3810,exp_cycles_depvary_step4_batch_yyy01.pl,q2,no,0.58,no,corr,14.0,None,None,None,no
3811,exp_cycles_depvary_step4_batch_yyy02.pl,r6,no,0.31,no,corr,0.0,None,None,None,yes
3812,exp_cycles_depvary_step4_batch_yyy02.pl,c5,no,0.22,no,corr,0.0,None,None,None,yes
3813,exp_cycles_depvary_step4_batch_yyy02.pl,q4,no,0.27,no,corr,0.0,None,None,None,yes
3814,exp_cycles_depvary_step4_batch_yyy02.pl,v1,yes,0.43,yes,corr,6.0,None,None,None,no
3815,exp_cycles_depvary_step4_batch_yyy02.pl,w4,no,0.29,no,corr,0.0,None,None,None,yes
3816,exp_cycles_depvary_step4_batch_yyy02.pl,u2,no,0.29,no,corr,0.0,None,None,None,yes
3817,exp_cycles_depvary_step4_batch_yyy02.pl,a6,no,0.51,no,corr,0.0,None,None,None,yes
3818,exp_cycles_depvary_step4_batch_yyy02.pl,y4,no,0.46,no,corr,0.0,None,None,None,yes
3819,exp_cycles_depvary_step4_batch_yyy02.pl,z4,no,0.69,no,corr,0.0,None,None,None,yes
3820,exp_cycles_depvary_step4_batch_yyy02.pl,r5,no,0.44,no,corr,0.0,None,None,None,yes
3821,exp_cycles_depvary_step4_batch_yyy03.pl,u1,yes,0.37,yes,corr,1.0,None,None,None,no
3822,exp_cycles_depvary_step4_batch_yyy03.pl,t3,no,0.27,no,corr,0.0,None,None,None,yes
3823,exp_cycles_depvary_step4_batch_yyy03.pl,x5,no,0.22,no,corr,0.0,None,None,None,yes
3824,exp_cycles_depvary_step4_batch_yyy03.pl,s1,no,0.52,no,corr,11.0,None,None,None,no
3825,exp_cycles_depvary_step4_batch_yyy03.pl,b6,no,0.36,no,corr,0.0,None,None,None,yes
3826,exp_cycles_depvary_step4_batch_yyy03.pl,q1,no,0.29,no,corr,4.0,None,None,None,no
3827,exp_cycles_depvary_step4_batch_yyy03.pl,t5,no,0.23,no,corr,0.0,None,None,None,yes
3828,exp_cycles_depvary_step4_batch_yyy03.pl,s3,no,0.5,no,corr,0.0,None,None,None,yes
3829,exp_cycles_depvary_step4_batch_yyy03.pl,s4,no,0.26,no,corr,0.0,None,None,None,yes
3830,exp_cycles_depvary_step4_batch_yyy03.pl,v7,no,0.24,no,corr,0.0,None,None,None,yes
3831,exp_cycles_depvary_step4_batch_yyy04.pl,b3,yes,0.24,yes,corr,1.0,None,None,None,no
3832,exp_cycles_depvary_step4_batch_yyy04.pl,z5,no,0.24,no,corr,0.0,None,None,None,yes
3833,exp_cycles_depvary_step4_batch_yyy04.pl,w6,no,0.25,no,corr,0.0,None,None,None,yes
3834,exp_cycles_depvary_step4_batch_yyy04.pl,v1,yes,0.25,yes,corr,1.0,None,None,None,no
3835,exp_cycles_depvary_step4_batch_yyy04.pl,u3,no,0.41,no,corr,0.0,None,None,None,yes
3836,exp_cycles_depvary_step4_batch_yyy04.pl,z3,no,0.28,no,corr,0.0,None,None,None,yes
3837,exp_cycles_depvary_step4_batch_yyy04.pl,e2,yes,0.26,yes,corr,2.0,None,None,None,no
3838,exp_cycles_depvary_step4_batch_yyy04.pl,d1,no,0.22,no,corr,1.0,None,None,None,no
3839,exp_cycles_depvary_step4_batch_yyy04.pl,u2,yes,0.19,yes,corr,1.0,None,None,None,no
3840,exp_cycles_depvary_step4_batch_yyy04.pl,t1,no,0.26,no,corr,0.0,None,None,None,yes
3841,exp_cycles_depvary_step4_batch_yyy05.pl,z6,no,0.2,no,corr,0.0,None,None,None,yes
3842,exp_cycles_depvary_step4_batch_yyy05.pl,w5,no,0.26,no,corr,0.0,None,None,None,yes
3843,exp_cycles_depvary_step4_batch_yyy05.pl,y3,no,0.21,no,corr,0.0,None,None,None,yes
3844,exp_cycles_depvary_step4_batch_yyy05.pl,s4,no,0.31,no,corr,0.0,None,None,None,yes
3845,exp_cycles_depvary_step4_batch_yyy05.pl,y4,no,0.22,no,corr,0.0,None,None,None,yes
3846,exp_cycles_depvary_step4_batch_yyy05.pl,p4,no,0.26,no,corr,0.0,None,None,None,yes
3847,exp_cycles_depvary_step4_batch_yyy05.pl,p5,no,0.25,no,corr,0.0,None,None,None,yes
3848,exp_cycles_depvary_step4_batch_yyy05.pl,d4,no,0.52,no,corr,0.0,None,None,None,yes
3849,exp_cycles_depvary_step4_batch_yyy05.pl,x5,no,0.21,no,corr,0.0,None,None,None,yes
3850,exp_cycles_depvary_step4_batch_yyy05.pl,t7,no,1.09,no,corr,0.0,None,None,None,yes
3851,exp_cycles_depvary_step4_batch_yyy06.pl,q6,no,0.36,no,corr,0.0,None,None,None,yes
3852,exp_cycles_depvary_step4_batch_yyy06.pl,u1,yes,0.33,yes,corr,1.0,None,None,None,no
3853,exp_cycles_depvary_step4_batch_yyy06.pl,u7,no,0.26,no,corr,0.0,None,None,None,yes
3854,exp_cycles_depvary_step4_batch_yyy06.pl,t3,no,0.25,no,corr,0.0,None,None,None,yes
3855,exp_cycles_depvary_step4_batch_yyy06.pl,f5,no,0.26,no,corr,0.0,None,None,None,yes
3856,exp_cycles_depvary_step4_batch_yyy06.pl,x6,no,0.3,no,corr,0.0,None,None,None,yes
3857,exp_cycles_depvary_step4_batch_yyy06.pl,r7,no,0.23,no,corr,0.0,None,None,None,yes
3858,exp_cycles_depvary_step4_batch_yyy06.pl,q2,yes,0.23,yes,corr,2.0,None,None,None,no
3859,exp_cycles_depvary_step4_batch_yyy06.pl,z1,yes,0.3,yes,corr,2.0,None,None,None,no
3860,exp_cycles_depvary_step4_batch_yyy06.pl,c2,no,0.24,no,corr,6.0,None,None,None,no
3861,exp_cycles_depvary_step4_batch_yyy07.pl,x3,no,0.28,no,corr,0.0,None,None,None,yes
3862,exp_cycles_depvary_step4_batch_yyy07.pl,t3,no,0.26,no,corr,0.0,None,None,None,yes
3863,exp_cycles_depvary_step4_batch_yyy07.pl,c2,yes,0.36,yes,corr,8.0,None,None,None,no
3864,exp_cycles_depvary_step4_batch_yyy07.pl,x2,yes,0.23,yes,corr,1.0,None,None,None,no
3865,exp_cycles_depvary_step4_batch_yyy07.pl,p3,no,0.26,no,corr,0.0,None,None,None,yes
3866,exp_cycles_depvary_step4_batch_yyy07.pl,t2,yes,0.27,yes,corr,1.0,None,None,None,no
3867,exp_cycles_depvary_step4_batch_yyy07.pl,z3,no,0.23,no,corr,0.0,None,None,None,yes
3868,exp_cycles_depvary_step4_batch_yyy07.pl,q1,yes,0.84,yes,corr,7.0,None,None,None,no
3869,exp_cycles_depvary_step4_batch_yyy07.pl,x4,no,0.63,no,corr,0.0,None,None,None,yes
3870,exp_cycles_depvary_step4_batch_yyy07.pl,w3,no,0.7,no,corr,0.0,None,None,None,yes
3871,exp_cycles_depvary_step4_batch_yyy08.pl,x2,yes,0.49,yes,corr,1.0,None,None,None,no
3872,exp_cycles_depvary_step4_batch_yyy08.pl,e4,no,0.2,no,corr,0.0,None,None,None,yes
3873,exp_cycles_depvary_step4_batch_yyy08.pl,b5,no,0.36,no,corr,0.0,None,None,None,yes
3874,exp_cycles_depvary_step4_batch_yyy08.pl,f4,no,0.4,no,corr,0.0,None,None,None,yes
3875,exp_cycles_depvary_step4_batch_yyy08.pl,u2,yes,0.29,yes,corr,1.0,None,None,None,no
3876,exp_cycles_depvary_step4_batch_yyy08.pl,a2,no,0.35,no,corr,2.0,None,None,None,no
3877,exp_cycles_depvary_step4_batch_yyy08.pl,s4,no,0.36,no,corr,0.0,None,None,None,yes
3878,exp_cycles_depvary_step4_batch_yyy08.pl,v7,no,0.34,no,corr,0.0,None,None,None,yes
3879,exp_cycles_depvary_step4_batch_yyy08.pl,c2,no,0.36,no,corr,4.0,None,None,None,no
3880,exp_cycles_depvary_step4_batch_yyy08.pl,t6,no,0.23,no,corr,0.0,None,None,None,yes
3881,exp_cycles_depvary_step4_batch_yyy09.pl,t5,no,0.29,no,corr,0.0,None,None,None,yes
3882,exp_cycles_depvary_step4_batch_yyy09.pl,e4,no,0.29,no,corr,0.0,None,None,None,yes
3883,exp_cycles_depvary_step4_batch_yyy09.pl,x5,no,0.3,no,corr,0.0,None,None,None,yes
3884,exp_cycles_depvary_step4_batch_yyy09.pl,y5,no,0.35,no,corr,0.0,None,None,None,yes
3885,exp_cycles_depvary_step4_batch_yyy09.pl,w3,no,0.29,no,corr,0.0,None,None,None,yes
3886,exp_cycles_depvary_step4_batch_yyy09.pl,p4,no,0.54,no,corr,0.0,None,None,None,yes
3887,exp_cycles_depvary_step4_batch_yyy09.pl,p7,no,0.29,no,corr,0.0,None,None,None,yes
3888,exp_cycles_depvary_step4_batch_yyy09.pl,p5,no,0.26,no,corr,0.0,None,None,None,yes
3889,exp_cycles_depvary_step4_batch_yyy09.pl,w6,no,0.26,no,corr,0.0,None,None,None,yes
3890,exp_cycles_depvary_step4_batch_yyy09.pl,f5,no,0.23,no,corr,0.0,None,None,None,yes
3891,exp_cycles_depvary_step4_batch_yyy10.pl,c3,no,0.57,no,corr,14.0,None,None,None,no
3892,exp_cycles_depvary_step4_batch_yyy10.pl,u7,no,0.22,no,corr,0.0,None,None,None,yes
3893,exp_cycles_depvary_step4_batch_yyy10.pl,z4,no,0.26,no,corr,0.0,None,None,None,yes
3894,exp_cycles_depvary_step4_batch_yyy10.pl,p3,yes,0.38,yes,corr,1.0,None,None,None,no
3895,exp_cycles_depvary_step4_batch_yyy10.pl,x5,no,0.29,no,corr,0.0,None,None,None,yes
3896,exp_cycles_depvary_step4_batch_yyy10.pl,u3,no,0.2,no,corr,0.0,None,None,None,yes
3897,exp_cycles_depvary_step4_batch_yyy10.pl,f4,no,0.25,no,corr,0.0,None,None,None,yes
3898,exp_cycles_depvary_step4_batch_yyy10.pl,a2,no,1.05,no,corr,14.0,None,None,None,no
3899,exp_cycles_depvary_step4_batch_yyy10.pl,p7,no,0.23,no,corr,0.0,None,None,None,yes
3900,exp_cycles_depvary_step4_batch_yyy10.pl,x3,no,0.31,no,corr,0.0,None,None,None,yes
3901,exp_cycles_depvary_step5_batch_yyy01.pl,u5,no,0.25,no,corr,0.0,None,None,None,yes
3902,exp_cycles_depvary_step5_batch_yyy01.pl,c4,no,0.23,no,corr,0.0,None,None,None,yes
3903,exp_cycles_depvary_step5_batch_yyy01.pl,d4,no,0.24,no,corr,0.0,None,None,None,yes
3904,exp_cycles_depvary_step5_batch_yyy01.pl,u4,no,0.31,no,corr,0.0,None,None,None,yes
3905,exp_cycles_depvary_step5_batch_yyy01.pl,s2,no,1.35,no,corr,15.0,None,None,None,no
3906,exp_cycles_depvary_step5_batch_yyy01.pl,w4,no,0.22,no,corr,0.0,None,None,None,yes
3907,exp_cycles_depvary_step5_batch_yyy01.pl,s7,no,0.2,no,corr,0.0,None,None,None,yes
3908,exp_cycles_depvary_step5_batch_yyy01.pl,e2,yes,0.25,yes,corr,5.0,None,None,None,no
3909,exp_cycles_depvary_step5_batch_yyy01.pl,e1,no,0.2,no,corr,1.0,None,None,None,no
3910,exp_cycles_depvary_step5_batch_yyy01.pl,q6,no,0.24,no,corr,0.0,None,None,None,yes
3911,exp_cycles_depvary_step5_batch_yyy02.pl,c4,no,0.27,no,corr,0.0,None,None,None,yes
3912,exp_cycles_depvary_step5_batch_yyy02.pl,p7,no,0.28,no,corr,0.0,None,None,None,yes
3913,exp_cycles_depvary_step5_batch_yyy02.pl,w2,no,0.28,no,corr,3.0,None,None,None,no
3914,exp_cycles_depvary_step5_batch_yyy02.pl,b4,no,0.32,no,corr,0.0,None,None,None,yes
3915,exp_cycles_depvary_step5_batch_yyy02.pl,e4,no,0.23,no,corr,0.0,None,None,None,yes
3916,exp_cycles_depvary_step5_batch_yyy02.pl,z2,yes,0.29,yes,corr,1.0,None,None,None,no
3917,exp_cycles_depvary_step5_batch_yyy02.pl,v3,,600.0,no,TIMEOUT,,,,,no
3918,exp_cycles_depvary_step5_batch_yyy02.pl,q7,no,0.33,no,corr,0.0,None,None,None,yes
3919,exp_cycles_depvary_step5_batch_yyy02.pl,u3,yes,0.37,yes,corr,1.0,None,None,None,no
3920,exp_cycles_depvary_step5_batch_yyy02.pl,r4,no,0.28,no,corr,0.0,None,None,None,yes
3921,exp_cycles_depvary_step5_batch_yyy03.pl,a6,no,0.35,no,corr,0.0,None,None,None,yes
3922,exp_cycles_depvary_step5_batch_yyy03.pl,f1,no,0.37,no,corr,1.0,None,None,None,no
3923,exp_cycles_depvary_step5_batch_yyy03.pl,v5,no,0.26,no,corr,0.0,None,None,None,yes
3924,exp_cycles_depvary_step5_batch_yyy03.pl,s2,no,0.47,no,corr,0.0,None,None,None,yes
3925,exp_cycles_depvary_step5_batch_yyy03.pl,f5,no,0.3,no,corr,0.0,None,None,None,yes
3926,exp_cycles_depvary_step5_batch_yyy03.pl,r7,no,0.27,no,corr,0.0,None,None,None,yes
3927,exp_cycles_depvary_step5_batch_yyy03.pl,q1,no,0.64,no,corr,13.0,None,None,None,no
3928,exp_cycles_depvary_step5_batch_yyy03.pl,q7,no,0.23,no,corr,0.0,None,None,None,yes
3929,exp_cycles_depvary_step5_batch_yyy03.pl,z5,no,0.24,no,corr,0.0,None,None,None,yes
3930,exp_cycles_depvary_step5_batch_yyy03.pl,v2,yes,0.45,yes,corr,1.0,None,None,None,no
3931,exp_cycles_depvary_step5_batch_yyy04.pl,s3,no,27.82,no,corr,25.0,None,None,None,no
3932,exp_cycles_depvary_step5_batch_yyy04.pl,a6,no,0.24,no,corr,0.0,None,None,None,yes
3933,exp_cycles_depvary_step5_batch_yyy04.pl,v5,no,0.28,no,corr,0.0,None,None,None,yes
3934,exp_cycles_depvary_step5_batch_yyy04.pl,w6,no,0.25,no,corr,0.0,None,None,None,yes
3935,exp_cycles_depvary_step5_batch_yyy04.pl,y3,no,0.27,no,corr,0.0,None,None,None,yes
3936,exp_cycles_depvary_step5_batch_yyy04.pl,z2,yes,0.3,yes,corr,1.0,None,None,None,no
3937,exp_cycles_depvary_step5_batch_yyy04.pl,f2,no,0.34,no,corr,14.0,None,None,None,no
3938,exp_cycles_depvary_step5_batch_yyy04.pl,v6,no,0.36,no,corr,0.0,None,None,None,yes
3939,exp_cycles_depvary_step5_batch_yyy04.pl,r6,no,0.28,no,corr,0.0,None,None,None,yes
3940,exp_cycles_depvary_step5_batch_yyy04.pl,e5,no,0.2,no,corr,0.0,None,None,None,yes
3941,exp_cycles_depvary_step5_batch_yyy05.pl,v2,no,0.75,no,corr,12.0,None,None,None,no
3942,exp_cycles_depvary_step5_batch_yyy05.pl,r5,no,0.26,no,corr,0.0,None,None,None,yes
3943,exp_cycles_depvary_step5_batch_yyy05.pl,y6,no,0.23,no,corr,0.0,None,None,None,yes
3944,exp_cycles_depvary_step5_batch_yyy05.pl,c2,yes,0.27,yes,corr,1.0,None,None,None,no
3945,exp_cycles_depvary_step5_batch_yyy05.pl,a5,no,0.23,no,corr,0.0,None,None,None,yes
3946,exp_cycles_depvary_step5_batch_yyy05.pl,b1,no,1.25,no,corr,13.0,None,None,None,no
3947,exp_cycles_depvary_step5_batch_yyy05.pl,t2,yes,0.29,yes,corr,1.0,None,None,None,no
3948,exp_cycles_depvary_step5_batch_yyy05.pl,z2,yes,0.26,yes,corr,1.0,None,None,None,no
3949,exp_cycles_depvary_step5_batch_yyy05.pl,q3,no,0.25,no,corr,5.0,None,None,None,no
3950,exp_cycles_depvary_step5_batch_yyy05.pl,y2,no,0.72,no,corr,12.0,None,None,None,no
3951,exp_cycles_depvary_step5_batch_yyy06.pl,u5,no,0.46,no,corr,0.0,None,None,None,yes
3952,exp_cycles_depvary_step5_batch_yyy06.pl,t5,no,0.27,no,corr,0.0,None,None,None,yes
3953,exp_cycles_depvary_step5_batch_yyy06.pl,y4,no,0.26,no,corr,0.0,None,None,None,yes
3954,exp_cycles_depvary_step5_batch_yyy06.pl,v6,no,0.24,no,corr,0.0,None,None,None,yes
3955,exp_cycles_depvary_step5_batch_yyy06.pl,s5,no,0.24,no,corr,0.0,None,None,None,yes
3956,exp_cycles_depvary_step5_batch_yyy06.pl,c2,no,0.23,no,corr,1.0,None,None,None,no
3957,exp_cycles_depvary_step5_batch_yyy06.pl,p3,yes,0.29,yes,corr,3.0,None,None,None,no
3958,exp_cycles_depvary_step5_batch_yyy06.pl,c6,no,0.22,no,corr,0.0,None,None,None,yes
3959,exp_cycles_depvary_step5_batch_yyy06.pl,d2,yes,0.27,yes,corr,3.0,None,None,None,no
3960,exp_cycles_depvary_step5_batch_yyy06.pl,a3,no,0.56,no,corr,12.0,None,None,None,no
3961,exp_cycles_depvary_step5_batch_yyy07.pl,u6,no,0.3,no,corr,0.0,None,None,None,yes
3962,exp_cycles_depvary_step5_batch_yyy07.pl,q6,no,0.28,no,corr,0.0,None,None,None,yes
3963,exp_cycles_depvary_step5_batch_yyy07.pl,d3,yes,0.19,yes,corr,1.0,None,None,None,no
3964,exp_cycles_depvary_step5_batch_yyy07.pl,z4,no,0.23,no,corr,0.0,None,None,None,yes
3965,exp_cycles_depvary_step5_batch_yyy07.pl,f3,yes,0.43,yes,corr,2.0,None,None,None,no
3966,exp_cycles_depvary_step5_batch_yyy07.pl,p2,no,0.28,no,corr,0.0,None,None,None,yes
3967,exp_cycles_depvary_step5_batch_yyy07.pl,f4,no,0.36,no,corr,0.0,None,None,None,yes
3968,exp_cycles_depvary_step5_batch_yyy07.pl,e2,no,0.53,no,corr,10.0,None,None,None,no
3969,exp_cycles_depvary_step5_batch_yyy07.pl,p6,no,0.29,no,corr,0.0,None,None,None,yes
3970,exp_cycles_depvary_step5_batch_yyy07.pl,f2,no,0.25,no,corr,1.0,None,None,None,no
3971,exp_cycles_depvary_step5_batch_yyy08.pl,v2,yes,0.3,yes,corr,3.0,None,None,None,no
3972,exp_cycles_depvary_step5_batch_yyy08.pl,d4,no,0.26,no,corr,0.0,None,None,None,yes
3973,exp_cycles_depvary_step5_batch_yyy08.pl,u1,yes,0.38,yes,corr,1.0,None,None,None,no
3974,exp_cycles_depvary_step5_batch_yyy08.pl,d3,yes,0.32,yes,corr,9.0,None,None,None,no
3975,exp_cycles_depvary_step5_batch_yyy08.pl,f5,no,0.29,no,corr,0.0,None,None,None,yes
3976,exp_cycles_depvary_step5_batch_yyy08.pl,y1,yes,0.28,yes,corr,1.0,None,None,None,no
3977,exp_cycles_depvary_step5_batch_yyy08.pl,y6,no,0.29,no,corr,0.0,None,None,None,yes
3978,exp_cycles_depvary_step5_batch_yyy08.pl,c3,yes,0.26,yes,corr,1.0,None,None,None,no
3979,exp_cycles_depvary_step5_batch_yyy08.pl,t5,no,0.23,no,corr,0.0,None,None,None,yes
3980,exp_cycles_depvary_step5_batch_yyy08.pl,s3,yes,0.31,yes,corr,1.0,None,None,None,no
3981,exp_cycles_depvary_step5_batch_yyy09.pl,w5,no,0.35,no,corr,0.0,None,None,None,yes
3982,exp_cycles_depvary_step5_batch_yyy09.pl,c2,no,0.31,no,corr,1.0,None,None,None,no
3983,exp_cycles_depvary_step5_batch_yyy09.pl,v3,no,12.63,no,corr,18.0,None,None,None,no
3984,exp_cycles_depvary_step5_batch_yyy09.pl,q7,no,0.42,no,corr,0.0,None,None,None,yes
3985,exp_cycles_depvary_step5_batch_yyy09.pl,p6,no,0.31,no,corr,0.0,None,None,None,yes
3986,exp_cycles_depvary_step5_batch_yyy09.pl,s4,no,0.25,no,corr,0.0,None,None,None,yes
3987,exp_cycles_depvary_step5_batch_yyy09.pl,y4,no,0.36,no,corr,0.0,None,None,None,yes
3988,exp_cycles_depvary_step5_batch_yyy09.pl,x5,no,0.22,no,corr,0.0,None,None,None,yes
3989,exp_cycles_depvary_step5_batch_yyy09.pl,c1,no,0.29,no,corr,1.0,None,None,None,no
3990,exp_cycles_depvary_step5_batch_yyy09.pl,z2,yes,0.25,yes,corr,5.0,None,None,None,no
3991,exp_cycles_depvary_step5_batch_yyy10.pl,p4,no,0.27,no,corr,0.0,None,None,None,yes
3992,exp_cycles_depvary_step5_batch_yyy10.pl,u1,no,0.21,no,corr,0.0,None,None,None,yes
3993,exp_cycles_depvary_step5_batch_yyy10.pl,t3,yes,0.2,yes,corr,1.0,None,None,None,no
3994,exp_cycles_depvary_step5_batch_yyy10.pl,x2,no,0.22,no,corr,0.0,None,None,None,yes
3995,exp_cycles_depvary_step5_batch_yyy10.pl,x5,no,0.23,no,corr,0.0,None,None,None,yes
3996,exp_cycles_depvary_step5_batch_yyy10.pl,v3,yes,0.29,yes,corr,2.0,None,None,None,no
3997,exp_cycles_depvary_step5_batch_yyy10.pl,s4,no,0.32,no,corr,0.0,None,None,None,yes
3998,exp_cycles_depvary_step5_batch_yyy10.pl,y4,no,0.32,no,corr,0.0,None,None,None,yes
3999,exp_cycles_depvary_step5_batch_yyy10.pl,y2,yes,0.35,yes,corr,1.0,None,None,None,no
4000,exp_cycles_depvary_step5_batch_yyy10.pl,x1,no,0.32,no,corr,0.0,None,None,None,yes
4001,exp_cycles_depvary_step6_batch_yyy01.pl,z5,no,0.57,no,corr,0.0,None,None,None,yes
4002,exp_cycles_depvary_step6_batch_yyy01.pl,d3,yes,0.23,yes,corr,2.0,None,None,None,no
4003,exp_cycles_depvary_step6_batch_yyy01.pl,s5,no,0.24,no,corr,0.0,None,None,None,yes
4004,exp_cycles_depvary_step6_batch_yyy01.pl,z3,yes,0.24,yes,corr,1.0,None,None,None,no
4005,exp_cycles_depvary_step6_batch_yyy01.pl,y5,no,0.26,no,corr,0.0,None,None,None,yes
4006,exp_cycles_depvary_step6_batch_yyy01.pl,q2,no,0.35,no,corr,3.0,None,None,None,no
4007,exp_cycles_depvary_step6_batch_yyy01.pl,t5,no,0.19,no,corr,0.0,None,None,None,yes
4008,exp_cycles_depvary_step6_batch_yyy01.pl,s3,yes,0.28,yes,corr,5.0,None,None,None,no
4009,exp_cycles_depvary_step6_batch_yyy01.pl,a6,no,0.22,no,corr,0.0,None,None,None,yes
4010,exp_cycles_depvary_step6_batch_yyy01.pl,s4,no,0.25,no,corr,0.0,None,None,None,yes
4011,exp_cycles_depvary_step6_batch_yyy02.pl,y4,no,0.34,no,corr,0.0,None,None,None,yes
4012,exp_cycles_depvary_step6_batch_yyy02.pl,t3,,600.0,no,TIMEOUT,,,,,no
4013,exp_cycles_depvary_step6_batch_yyy02.pl,z1,no,0.25,no,corr,0.0,None,None,None,no
4014,exp_cycles_depvary_step6_batch_yyy02.pl,x2,no,0.22,no,corr,0.0,None,None,None,yes
4015,exp_cycles_depvary_step6_batch_yyy02.pl,u3,,600.0,no,TIMEOUT,,,,,no
4016,exp_cycles_depvary_step6_batch_yyy02.pl,d1,yes,0.92,yes,corr,4.0,None,None,None,no
4017,exp_cycles_depvary_step6_batch_yyy02.pl,p7,no,0.43,no,corr,0.0,None,None,None,yes
4018,exp_cycles_depvary_step6_batch_yyy02.pl,p5,no,0.24,no,corr,0.0,None,None,None,yes
4019,exp_cycles_depvary_step6_batch_yyy02.pl,w2,no,3.82,no,corr,20.0,None,None,None,no
4020,exp_cycles_depvary_step6_batch_yyy02.pl,u1,no,0.21,no,corr,0.0,None,None,None,yes
4021,exp_cycles_depvary_step6_batch_yyy03.pl,d3,yes,0.23,yes,corr,0.0,None,None,None,no
4022,exp_cycles_depvary_step6_batch_yyy03.pl,a5,no,0.25,no,corr,0.0,None,None,None,yes
4023,exp_cycles_depvary_step6_batch_yyy03.pl,z4,no,0.31,no,corr,0.0,None,None,None,yes
4024,exp_cycles_depvary_step6_batch_yyy03.pl,c1,,600.0,no,TIMEOUT,,,,,no
4025,exp_cycles_depvary_step6_batch_yyy03.pl,a3,yes,0.39,yes,corr,3.0,None,None,None,no
4026,exp_cycles_depvary_step6_batch_yyy03.pl,r2,yes,0.41,yes,corr,1.0,None,None,None,no
4027,exp_cycles_depvary_step6_batch_yyy03.pl,x4,no,0.3,no,corr,0.0,None,None,None,yes
4028,exp_cycles_depvary_step6_batch_yyy03.pl,p6,no,0.24,no,corr,0.0,None,None,None,yes
4029,exp_cycles_depvary_step6_batch_yyy03.pl,y2,yes,0.22,yes,corr,1.0,None,None,None,no
4030,exp_cycles_depvary_step6_batch_yyy03.pl,x6,no,0.23,no,corr,0.0,None,None,None,yes
4031,exp_cycles_depvary_step6_batch_yyy04.pl,z6,no,0.31,no,corr,0.0,None,None,None,yes
4032,exp_cycles_depvary_step6_batch_yyy04.pl,b3,no,1.4,no,corr,17.0,None,None,None,no
4033,exp_cycles_depvary_step6_batch_yyy04.pl,c5,no,0.34,no,corr,0.0,None,None,None,yes
4034,exp_cycles_depvary_step6_batch_yyy04.pl,e3,yes,0.45,yes,corr,1.0,None,None,None,no
4035,exp_cycles_depvary_step6_batch_yyy04.pl,y2,yes,0.28,yes,corr,1.0,None,None,None,no
4036,exp_cycles_depvary_step6_batch_yyy04.pl,y5,no,0.4,no,corr,0.0,None,None,None,yes
4037,exp_cycles_depvary_step6_batch_yyy04.pl,t4,no,0.26,no,corr,0.0,None,None,None,yes
4038,exp_cycles_depvary_step6_batch_yyy04.pl,s3,no,0.19,no,corr,0.0,None,None,None,yes
4039,exp_cycles_depvary_step6_batch_yyy04.pl,d4,no,0.28,no,corr,0.0,None,None,None,yes
4040,exp_cycles_depvary_step6_batch_yyy04.pl,x3,yes,0.18,yes,corr,1.0,None,None,None,no
4041,exp_cycles_depvary_step6_batch_yyy05.pl,u6,no,0.38,no,corr,0.0,None,None,None,yes
4042,exp_cycles_depvary_step6_batch_yyy05.pl,s3,no,0.29,no,corr,0.0,None,None,None,yes
4043,exp_cycles_depvary_step6_batch_yyy05.pl,b2,,600.0,no,TIMEOUT,,,,,no
4044,exp_cycles_depvary_step6_batch_yyy05.pl,w7,no,0.32,no,corr,0.0,None,None,None,yes
4045,exp_cycles_depvary_step6_batch_yyy05.pl,q6,no,0.28,no,corr,0.0,None,None,None,yes
4046,exp_cycles_depvary_step6_batch_yyy05.pl,x3,yes,0.29,yes,corr,1.0,None,None,None,no
4047,exp_cycles_depvary_step6_batch_yyy05.pl,v6,no,0.2,no,corr,0.0,None,None,None,yes
4048,exp_cycles_depvary_step6_batch_yyy05.pl,v5,no,0.25,no,corr,0.0,None,None,None,yes
4049,exp_cycles_depvary_step6_batch_yyy05.pl,a5,no,0.18,no,corr,0.0,None,None,None,yes
4050,exp_cycles_depvary_step6_batch_yyy05.pl,f2,,600.0,no,TIMEOUT,,,,,no
4051,exp_cycles_depvary_step6_batch_yyy06.pl,u5,no,0.37,no,corr,0.0,None,None,None,yes
4052,exp_cycles_depvary_step6_batch_yyy06.pl,w7,no,0.27,no,corr,0.0,None,None,None,yes
4053,exp_cycles_depvary_step6_batch_yyy06.pl,z5,no,0.39,no,corr,0.0,None,None,None,yes
4054,exp_cycles_depvary_step6_batch_yyy06.pl,y3,no,0.25,no,corr,1.0,None,None,None,no
4055,exp_cycles_depvary_step6_batch_yyy06.pl,v1,no,0.83,no,corr,11.0,None,None,None,no
4056,exp_cycles_depvary_step6_batch_yyy06.pl,x5,no,0.23,no,corr,0.0,None,None,None,yes
4057,exp_cycles_depvary_step6_batch_yyy06.pl,u2,yes,0.3,yes,corr,4.0,None,None,None,no
4058,exp_cycles_depvary_step6_batch_yyy06.pl,a2,yes,0.21,yes,corr,1.0,None,None,None,no
4059,exp_cycles_depvary_step6_batch_yyy06.pl,a5,no,0.26,no,corr,0.0,None,None,None,yes
4060,exp_cycles_depvary_step6_batch_yyy06.pl,b1,yes,0.37,yes,corr,1.0,None,None,None,no
4061,exp_cycles_depvary_step6_batch_yyy07.pl,t5,no,0.66,no,corr,0.0,None,None,None,yes
4062,exp_cycles_depvary_step6_batch_yyy07.pl,s4,no,0.76,no,corr,0.0,None,None,None,yes
4063,exp_cycles_depvary_step6_batch_yyy07.pl,b4,no,0.51,no,corr,9.0,None,None,None,no
4064,exp_cycles_depvary_step6_batch_yyy07.pl,z1,yes,0.5,yes,corr,7.0,None,None,None,no
4065,exp_cycles_depvary_step6_batch_yyy07.pl,a4,yes,0.19,yes,corr,1.0,None,None,None,no
4066,exp_cycles_depvary_step6_batch_yyy07.pl,s1,yes,0.3,yes,corr,1.0,None,None,None,no
4067,exp_cycles_depvary_step6_batch_yyy07.pl,a2,no,0.19,no,corr,1.0,None,None,None,no
4068,exp_cycles_depvary_step6_batch_yyy07.pl,p6,no,0.2,no,corr,0.0,None,None,None,yes
4069,exp_cycles_depvary_step6_batch_yyy07.pl,w1,yes,0.22,yes,corr,1.0,None,None,None,no
4070,exp_cycles_depvary_step6_batch_yyy07.pl,p3,yes,0.26,yes,corr,1.0,None,None,None,no
4071,exp_cycles_depvary_step6_batch_yyy08.pl,b3,,600.0,no,TIMEOUT,,,,,no
4072,exp_cycles_depvary_step6_batch_yyy08.pl,p4,,600.0,no,TIMEOUT,,,,,no
4073,exp_cycles_depvary_step6_batch_yyy08.pl,e5,no,0.21,no,corr,0.0,None,None,None,yes
4074,exp_cycles_depvary_step6_batch_yyy08.pl,q5,no,0.23,no,corr,0.0,None,None,None,yes
4075,exp_cycles_depvary_step6_batch_yyy08.pl,b1,no,0.2,no,corr,1.0,None,None,None,no
4076,exp_cycles_depvary_step6_batch_yyy08.pl,f5,no,0.24,no,corr,0.0,None,None,None,yes
4077,exp_cycles_depvary_step6_batch_yyy08.pl,e2,yes,0.52,yes,corr,7.0,None,None,None,no
4078,exp_cycles_depvary_step6_batch_yyy08.pl,p1,yes,0.29,yes,corr,1.0,None,None,None,no
4079,exp_cycles_depvary_step6_batch_yyy08.pl,b6,no,0.36,no,corr,0.0,None,None,None,yes
4080,exp_cycles_depvary_step6_batch_yyy08.pl,a1,,600.0,no,TIMEOUT,,,,,no
4081,exp_cycles_depvary_step6_batch_yyy09.pl,p7,no,0.75,no,corr,0.0,None,None,None,yes
4082,exp_cycles_depvary_step6_batch_yyy09.pl,q5,no,0.23,no,corr,0.0,None,None,None,yes
4083,exp_cycles_depvary_step6_batch_yyy09.pl,w6,no,0.28,no,corr,0.0,None,None,None,yes
4084,exp_cycles_depvary_step6_batch_yyy09.pl,e4,no,0.2,no,corr,0.0,None,None,None,yes
4085,exp_cycles_depvary_step6_batch_yyy09.pl,x5,no,0.18,no,corr,0.0,None,None,None,yes
4086,exp_cycles_depvary_step6_batch_yyy09.pl,r4,no,0.28,no,corr,0.0,None,None,None,yes
4087,exp_cycles_depvary_step6_batch_yyy09.pl,y2,no,0.37,no,corr,0.0,None,None,None,yes
4088,exp_cycles_depvary_step6_batch_yyy09.pl,q1,yes,0.48,yes,corr,2.0,None,None,None,no
4089,exp_cycles_depvary_step6_batch_yyy09.pl,y6,no,0.25,no,corr,0.0,None,None,None,yes
4090,exp_cycles_depvary_step6_batch_yyy09.pl,q2,no,0.25,no,corr,0.0,None,None,None,yes
4091,exp_cycles_depvary_step6_batch_yyy10.pl,y4,no,0.24,no,corr,0.0,None,None,None,yes
4092,exp_cycles_depvary_step6_batch_yyy10.pl,v6,no,0.28,no,corr,0.0,None,None,None,yes
4093,exp_cycles_depvary_step6_batch_yyy10.pl,c6,no,0.34,no,corr,0.0,None,None,None,yes
4094,exp_cycles_depvary_step6_batch_yyy10.pl,x1,no,0.19,no,corr,0.0,None,None,None,yes
4095,exp_cycles_depvary_step6_batch_yyy10.pl,c3,yes,0.39,yes,corr,1.0,None,None,None,no
4096,exp_cycles_depvary_step6_batch_yyy10.pl,t5,no,0.3,no,corr,0.0,None,None,None,yes
4097,exp_cycles_depvary_step6_batch_yyy10.pl,c5,no,0.25,no,corr,0.0,None,None,None,yes
4098,exp_cycles_depvary_step6_batch_yyy10.pl,b1,no,1.19,no,corr,13.0,None,None,None,no
4099,exp_cycles_depvary_step6_batch_yyy10.pl,v4,no,0.31,no,corr,0.0,None,None,None,yes
4100,exp_cycles_depvary_step6_batch_yyy10.pl,r4,no,0.46,no,corr,0.0,None,None,None,yes
4101,exp_cycles_depvary_step7_batch_yyy01.pl,d5,no,0.57,no,corr,0.0,None,None,None,yes
4102,exp_cycles_depvary_step7_batch_yyy01.pl,b2,no,0.24,no,corr,1.0,None,None,None,no
4103,exp_cycles_depvary_step7_batch_yyy01.pl,d4,yes,0.29,yes,corr,5.0,None,None,None,no
4104,exp_cycles_depvary_step7_batch_yyy01.pl,f1,yes,0.29,yes,corr,5.0,None,None,None,no
4105,exp_cycles_depvary_step7_batch_yyy01.pl,u7,no,0.27,no,corr,0.0,None,None,None,yes
4106,exp_cycles_depvary_step7_batch_yyy01.pl,q5,no,0.27,no,corr,0.0,None,None,None,yes
4107,exp_cycles_depvary_step7_batch_yyy01.pl,p3,no,0.18,no,corr,0.0,None,None,None,yes
4108,exp_cycles_depvary_step7_batch_yyy01.pl,q3,no,0.34,no,corr,0.0,None,None,None,no
4109,exp_cycles_depvary_step7_batch_yyy01.pl,t5,no,0.35,no,corr,0.0,None,None,None,yes
4110,exp_cycles_depvary_step7_batch_yyy01.pl,s3,,600.0,no,TIMEOUT,,,,,no
4111,exp_cycles_depvary_step7_batch_yyy02.pl,u6,no,0.42,no,corr,0.0,None,None,None,yes
4112,exp_cycles_depvary_step7_batch_yyy02.pl,b3,no,3.83,no,corr,23.0,None,None,None,no
4113,exp_cycles_depvary_step7_batch_yyy02.pl,z5,no,0.22,no,corr,0.0,None,None,None,yes
4114,exp_cycles_depvary_step7_batch_yyy02.pl,w5,no,0.34,no,corr,0.0,None,None,None,yes
4115,exp_cycles_depvary_step7_batch_yyy02.pl,q5,no,0.24,no,corr,0.0,None,None,None,yes
4116,exp_cycles_depvary_step7_batch_yyy02.pl,s2,no,0.5,no,corr,0.0,None,None,None,yes
4117,exp_cycles_depvary_step7_batch_yyy02.pl,r1,no,17.2,no,corr,25.0,None,None,None,no
4118,exp_cycles_depvary_step7_batch_yyy02.pl,y5,no,0.23,no,corr,0.0,None,None,None,yes
4119,exp_cycles_depvary_step7_batch_yyy02.pl,x7,no,0.35,no,corr,0.0,None,None,None,yes
4120,exp_cycles_depvary_step7_batch_yyy02.pl,q4,yes,0.66,yes,corr,3.0,None,None,None,no
4121,exp_cycles_depvary_step7_batch_yyy03.pl,w2,yes,0.75,yes,corr,1.0,None,None,None,no
4122,exp_cycles_depvary_step7_batch_yyy03.pl,b4,no,94.86,no,corr,25.0,None,None,None,no
4123,exp_cycles_depvary_step7_batch_yyy03.pl,z1,no,164.62,no,corr,25.0,None,None,None,no
4124,exp_cycles_depvary_step7_batch_yyy03.pl,e4,,600.0,no,TIMEOUT,,,,,no
4125,exp_cycles_depvary_step7_batch_yyy03.pl,p3,no,0.4,no,corr,0.0,None,None,None,yes
4126,exp_cycles_depvary_step7_batch_yyy03.pl,w4,no,0.25,no,corr,0.0,None,None,None,yes
4127,exp_cycles_depvary_step7_batch_yyy03.pl,c6,no,0.28,no,corr,0.0,None,None,None,yes
4128,exp_cycles_depvary_step7_batch_yyy03.pl,v4,yes,0.29,yes,corr,1.0,None,None,None,no
4129,exp_cycles_depvary_step7_batch_yyy03.pl,a1,,600.0,no,TIMEOUT,,,,,no
4130,exp_cycles_depvary_step7_batch_yyy03.pl,y6,no,0.22,no,corr,0.0,None,None,None,yes
4131,exp_cycles_depvary_step7_batch_yyy04.pl,u5,no,0.41,no,corr,0.0,None,None,None,yes
4132,exp_cycles_depvary_step7_batch_yyy04.pl,z5,no,0.2,no,corr,0.0,None,None,None,yes
4133,exp_cycles_depvary_step7_batch_yyy04.pl,q5,no,0.33,no,corr,0.0,None,None,None,yes
4134,exp_cycles_depvary_step7_batch_yyy04.pl,x7,no,0.24,no,corr,0.0,None,None,None,yes
4135,exp_cycles_depvary_step7_batch_yyy04.pl,v1,no,0.25,no,corr,0.0,None,None,None,yes
4136,exp_cycles_depvary_step7_batch_yyy04.pl,f3,yes,0.23,yes,corr,4.0,None,None,None,no
4137,exp_cycles_depvary_step7_batch_yyy04.pl,f4,yes,0.23,yes,corr,0.0,None,None,None,no
4138,exp_cycles_depvary_step7_batch_yyy04.pl,x1,yes,0.27,yes,corr,1.0,None,None,None,no
4139,exp_cycles_depvary_step7_batch_yyy04.pl,p4,no,0.23,no,corr,5.0,None,None,None,no
4140,exp_cycles_depvary_step7_batch_yyy04.pl,d4,yes,0.73,yes,corr,8.0,None,None,None,no
4141,exp_cycles_depvary_step7_batch_yyy05.pl,z6,no,0.29,no,corr,0.0,None,None,None,yes
4142,exp_cycles_depvary_step7_batch_yyy05.pl,w1,no,0.3,no,corr,1.0,None,None,None,no
4143,exp_cycles_depvary_step7_batch_yyy05.pl,r4,no,0.36,no,corr,0.0,None,None,None,yes
4144,exp_cycles_depvary_step7_batch_yyy05.pl,y2,no,6.25,no,corr,16.0,None,None,None,no
4145,exp_cycles_depvary_step7_batch_yyy05.pl,v3,no,0.27,no,corr,5.0,None,None,None,no
4146,exp_cycles_depvary_step7_batch_yyy05.pl,y5,no,0.25,no,corr,0.0,None,None,None,yes
4147,exp_cycles_depvary_step7_batch_yyy05.pl,p4,yes,0.26,yes,corr,1.0,None,None,None,no
4148,exp_cycles_depvary_step7_batch_yyy05.pl,p5,no,0.24,no,corr,0.0,None,None,None,yes
4149,exp_cycles_depvary_step7_batch_yyy05.pl,s2,no,1.25,no,corr,12.0,None,None,None,no
4150,exp_cycles_depvary_step7_batch_yyy05.pl,a5,no,0.17,no,corr,0.0,None,None,None,yes
4151,exp_cycles_depvary_step7_batch_yyy06.pl,t4,yes,0.22,yes,corr,1.0,None,None,None,no
4152,exp_cycles_depvary_step7_batch_yyy06.pl,p5,no,0.25,no,corr,0.0,None,None,None,yes
4153,exp_cycles_depvary_step7_batch_yyy06.pl,f1,no,8.72,no,corr,18.0,None,None,None,no
4154,exp_cycles_depvary_step7_batch_yyy06.pl,c5,no,0.2,no,corr,0.0,None,None,None,yes
4155,exp_cycles_depvary_step7_batch_yyy06.pl,t2,yes,0.16,yes,corr,1.0,None,None,None,no
4156,exp_cycles_depvary_step7_batch_yyy06.pl,e3,yes,0.28,yes,corr,0.0,None,None,None,no
4157,exp_cycles_depvary_step7_batch_yyy06.pl,y4,no,0.17,no,corr,0.0,None,None,None,yes
4158,exp_cycles_depvary_step7_batch_yyy06.pl,v7,no,0.22,no,corr,0.0,None,None,None,yes
4159,exp_cycles_depvary_step7_batch_yyy06.pl,y2,yes,0.21,yes,corr,1.0,None,None,None,no
4160,exp_cycles_depvary_step7_batch_yyy06.pl,x6,no,0.19,no,corr,0.0,None,None,None,yes
4161,exp_cycles_depvary_step7_batch_yyy07.pl,u5,no,0.21,no,corr,0.0,None,None,None,yes
4162,exp_cycles_depvary_step7_batch_yyy07.pl,p4,yes,0.22,yes,corr,1.0,None,None,None,no
4163,exp_cycles_depvary_step7_batch_yyy07.pl,f1,no,0.21,no,corr,2.0,None,None,None,no
4164,exp_cycles_depvary_step7_batch_yyy07.pl,q4,yes,0.34,yes,corr,1.0,None,None,None,no
4165,exp_cycles_depvary_step7_batch_yyy07.pl,a4,no,0.55,no,corr,11.0,None,None,None,no
4166,exp_cycles_depvary_step7_batch_yyy07.pl,r1,yes,0.22,yes,corr,1.0,None,None,None,no
4167,exp_cycles_depvary_step7_batch_yyy07.pl,a3,no,2.17,no,corr,12.0,None,None,None,no
4168,exp_cycles_depvary_step7_batch_yyy07.pl,r2,yes,0.17,yes,corr,1.0,None,None,None,no
4169,exp_cycles_depvary_step7_batch_yyy07.pl,y4,no,0.24,no,corr,0.0,None,None,None,yes
4170,exp_cycles_depvary_step7_batch_yyy07.pl,v7,no,0.16,no,corr,0.0,None,None,None,yes
4171,exp_cycles_depvary_step7_batch_yyy08.pl,v2,yes,0.21,yes,corr,2.0,None,None,None,no
4172,exp_cycles_depvary_step7_batch_yyy08.pl,t3,yes,0.14,yes,corr,1.0,None,None,None,no
4173,exp_cycles_depvary_step7_batch_yyy08.pl,x7,no,0.2,no,corr,0.0,None,None,None,yes
4174,exp_cycles_depvary_step7_batch_yyy08.pl,a4,no,0.3,no,corr,1.0,None,None,None,no
4175,exp_cycles_depvary_step7_batch_yyy08.pl,e4,yes,0.26,yes,corr,2.0,None,None,None,no
4176,exp_cycles_depvary_step7_batch_yyy08.pl,f3,yes,0.19,yes,corr,3.0,None,None,None,no
4177,exp_cycles_depvary_step7_batch_yyy08.pl,x5,no,0.17,no,corr,0.0,None,None,None,yes
4178,exp_cycles_depvary_step7_batch_yyy08.pl,r7,no,0.19,no,corr,0.0,None,None,None,yes
4179,exp_cycles_depvary_step7_batch_yyy08.pl,r3,yes,0.18,yes,corr,1.0,None,None,None,no
4180,exp_cycles_depvary_step7_batch_yyy08.pl,x4,no,0.21,no,corr,0.0,None,None,None,yes
4181,exp_cycles_depvary_step7_batch_yyy09.pl,t4,yes,0.24,yes,corr,1.0,None,None,None,no
4182,exp_cycles_depvary_step7_batch_yyy09.pl,d3,no,0.82,no,corr,13.0,None,None,None,no
4183,exp_cycles_depvary_step7_batch_yyy09.pl,c2,yes,0.21,yes,corr,0.0,None,None,None,no
4184,exp_cycles_depvary_step7_batch_yyy09.pl,w1,yes,0.23,yes,corr,5.0,None,None,None,no
4185,exp_cycles_depvary_step7_batch_yyy09.pl,f3,no,0.22,no,corr,1.0,None,None,None,no
4186,exp_cycles_depvary_step7_batch_yyy09.pl,w3,yes,0.21,yes,corr,4.0,None,None,None,no
4187,exp_cycles_depvary_step7_batch_yyy09.pl,a4,no,0.19,no,corr,1.0,None,None,None,no
4188,exp_cycles_depvary_step7_batch_yyy09.pl,w6,no,0.2,no,corr,0.0,None,None,None,yes
4189,exp_cycles_depvary_step7_batch_yyy09.pl,y1,yes,0.34,yes,corr,1.0,None,None,None,no
4190,exp_cycles_depvary_step7_batch_yyy09.pl,d2,yes,0.29,yes,corr,4.0,None,None,None,no
4191,exp_cycles_depvary_step7_batch_yyy10.pl,b2,yes,0.28,yes,corr,3.0,None,None,None,no
4192,exp_cycles_depvary_step7_batch_yyy10.pl,d4,no,0.27,no,corr,6.0,None,None,None,no
4193,exp_cycles_depvary_step7_batch_yyy10.pl,u1,no,0.76,no,corr,11.0,None,None,None,no
4194,exp_cycles_depvary_step7_batch_yyy10.pl,v5,no,0.21,no,corr,0.0,None,None,None,yes
4195,exp_cycles_depvary_step7_batch_yyy10.pl,q5,no,0.29,no,corr,0.0,None,None,None,yes
4196,exp_cycles_depvary_step7_batch_yyy10.pl,p3,no,0.2,no,corr,0.0,None,None,None,yes
4197,exp_cycles_depvary_step7_batch_yyy10.pl,c1,yes,0.25,yes,corr,2.0,None,None,None,no
4198,exp_cycles_depvary_step7_batch_yyy10.pl,z3,yes,0.22,yes,corr,1.0,None,None,None,no
4199,exp_cycles_depvary_step7_batch_yyy10.pl,r3,yes,0.18,yes,corr,1.0,None,None,None,no
4200,exp_cycles_depvary_step7_batch_yyy10.pl,w3,no,0.27,no,corr,1.0,None,None,None,no
4201,exp_cycles_depvary_step8_batch_yyy01.pl,u5,no,0.29,no,corr,0.0,None,None,None,yes
4202,exp_cycles_depvary_step8_batch_yyy01.pl,t5,no,0.2,no,corr,0.0,None,None,None,yes
4203,exp_cycles_depvary_step8_batch_yyy01.pl,x3,no,3.79,no,corr,25.0,None,None,None,no
4204,exp_cycles_depvary_step8_batch_yyy01.pl,x7,no,0.2,no,corr,0.0,None,None,None,yes
4205,exp_cycles_depvary_step8_batch_yyy01.pl,a3,no,0.17,no,corr,1.0,None,None,None,no
4206,exp_cycles_depvary_step8_batch_yyy01.pl,r3,yes,0.2,yes,corr,1.0,None,None,None,no
4207,exp_cycles_depvary_step8_batch_yyy01.pl,y6,no,0.18,no,corr,0.0,None,None,None,yes
4208,exp_cycles_depvary_step8_batch_yyy01.pl,q2,,600.0,no,TIMEOUT,,,,,no
4209,exp_cycles_depvary_step8_batch_yyy01.pl,c2,yes,0.55,yes,corr,1.0,None,None,None,no
4210,exp_cycles_depvary_step8_batch_yyy01.pl,b1,no,0.55,no,corr,1.0,None,None,None,no
4211,exp_cycles_depvary_step8_batch_yyy02.pl,t4,yes,0.32,yes,corr,1.0,None,None,None,no
4212,exp_cycles_depvary_step8_batch_yyy02.pl,z5,no,0.23,no,corr,0.0,None,None,None,yes
4213,exp_cycles_depvary_step8_batch_yyy02.pl,u1,no,325.61,no,corr,25.0,None,None,None,no
4214,exp_cycles_depvary_step8_batch_yyy02.pl,q5,no,0.22,no,corr,0.0,None,None,None,yes
4215,exp_cycles_depvary_step8_batch_yyy02.pl,c1,,600.0,no,TIMEOUT,,,,,no
4216,exp_cycles_depvary_step8_batch_yyy02.pl,u3,yes,0.24,yes,corr,1.0,None,None,None,no
4217,exp_cycles_depvary_step8_batch_yyy02.pl,y1,yes,0.29,yes,corr,1.0,None,None,None,no
4218,exp_cycles_depvary_step8_batch_yyy02.pl,a2,,600.0,no,TIMEOUT,,,,,no
4219,exp_cycles_depvary_step8_batch_yyy02.pl,r7,no,0.25,no,corr,0.0,None,None,None,yes
4220,exp_cycles_depvary_step8_batch_yyy02.pl,b6,no,0.23,no,corr,0.0,None,None,None,yes
4221,exp_cycles_depvary_step8_batch_yyy03.pl,c4,,600.0,no,TIMEOUT,,,,,no
4222,exp_cycles_depvary_step8_batch_yyy03.pl,p7,no,0.25,no,corr,0.0,None,None,None,yes
4223,exp_cycles_depvary_step8_batch_yyy03.pl,d3,yes,0.2,yes,corr,4.0,None,None,None,no
4224,exp_cycles_depvary_step8_batch_yyy03.pl,w6,no,0.31,no,corr,0.0,None,None,None,yes
4225,exp_cycles_depvary_step8_batch_yyy03.pl,r5,no,0.17,no,corr,0.0,None,None,None,yes
4226,exp_cycles_depvary_step8_batch_yyy03.pl,b5,,600.0,no,TIMEOUT,,,,,no
4227,exp_cycles_depvary_step8_batch_yyy03.pl,x1,yes,0.29,yes,corr,1.0,None,None,None,no
4228,exp_cycles_depvary_step8_batch_yyy03.pl,p1,,600.0,no,TIMEOUT,,,,,no
4229,exp_cycles_depvary_step8_batch_yyy03.pl,c2,no,0.6,no,corr,5.0,None,None,None,no
4230,exp_cycles_depvary_step8_batch_yyy03.pl,a5,,600.0,no,TIMEOUT,,,,,no
4231,exp_cycles_depvary_step8_batch_yyy04.pl,s3,yes,3.09,yes,corr,11.0,None,None,None,no
4232,exp_cycles_depvary_step8_batch_yyy04.pl,b2,,600.0,no,TIMEOUT,,,,,no
4233,exp_cycles_depvary_step8_batch_yyy04.pl,v7,no,0.36,no,corr,0.0,None,None,None,yes
4234,exp_cycles_depvary_step8_batch_yyy04.pl,x3,no,33.93,no,corr,21.0,None,None,None,no
4235,exp_cycles_depvary_step8_batch_yyy04.pl,u7,no,0.38,no,corr,0.0,None,None,None,yes
4236,exp_cycles_depvary_step8_batch_yyy04.pl,b1,yes,0.29,yes,corr,1.0,None,None,None,no
4237,exp_cycles_depvary_step8_batch_yyy04.pl,w6,no,0.45,no,corr,0.0,None,None,None,yes
4238,exp_cycles_depvary_step8_batch_yyy04.pl,p1,yes,1.39,yes,corr,9.0,None,None,None,no
4239,exp_cycles_depvary_step8_batch_yyy04.pl,c1,,600.0,no,TIMEOUT,,,,,no
4240,exp_cycles_depvary_step8_batch_yyy04.pl,z2,yes,0.44,yes,corr,2.0,None,None,None,no
4241,exp_cycles_depvary_step8_batch_yyy05.pl,q6,no,0.4,no,corr,0.0,None,None,None,yes
4242,exp_cycles_depvary_step8_batch_yyy05.pl,v5,no,0.38,no,corr,0.0,None,None,None,yes
4243,exp_cycles_depvary_step8_batch_yyy05.pl,v1,yes,0.28,yes,corr,1.0,None,None,None,no
4244,exp_cycles_depvary_step8_batch_yyy05.pl,r4,yes,0.28,yes,corr,1.0,None,None,None,no
4245,exp_cycles_depvary_step8_batch_yyy05.pl,r1,no,0.27,no,corr,5.0,None,None,None,no
4246,exp_cycles_depvary_step8_batch_yyy05.pl,z3,yes,0.23,yes,corr,2.0,None,None,None,no
4247,exp_cycles_depvary_step8_batch_yyy05.pl,r3,no,36.81,no,corr,20.0,None,None,None,no
4248,exp_cycles_depvary_step8_batch_yyy05.pl,y5,no,0.23,no,corr,0.0,None,None,None,yes
4249,exp_cycles_depvary_step8_batch_yyy05.pl,x5,no,0.21,no,corr,0.0,None,None,None,yes
4250,exp_cycles_depvary_step8_batch_yyy05.pl,t2,no,1.03,no,corr,14.0,None,None,None,no
4251,exp_cycles_depvary_step8_batch_yyy06.pl,x3,no,0.41,no,corr,4.0,None,None,None,no
4252,exp_cycles_depvary_step8_batch_yyy06.pl,b1,no,0.34,no,corr,3.0,None,None,None,no
4253,exp_cycles_depvary_step8_batch_yyy06.pl,y3,,600.0,no,TIMEOUT,,,,,no
4254,exp_cycles_depvary_step8_batch_yyy06.pl,w1,no,1.25,no,corr,5.0,None,None,None,no
4255,exp_cycles_depvary_step8_batch_yyy06.pl,e1,no,0.23,no,corr,1.0,None,None,None,no
4256,exp_cycles_depvary_step8_batch_yyy06.pl,q6,no,0.38,no,corr,0.0,None,None,None,yes
4257,exp_cycles_depvary_step8_batch_yyy06.pl,x2,no,0.54,no,corr,0.0,None,None,None,yes
4258,exp_cycles_depvary_step8_batch_yyy06.pl,f5,no,0.23,no,corr,0.0,None,None,None,yes
4259,exp_cycles_depvary_step8_batch_yyy06.pl,c1,yes,0.23,yes,corr,1.0,None,None,None,no
4260,exp_cycles_depvary_step8_batch_yyy06.pl,s6,no,0.26,no,corr,0.0,None,None,None,yes
4261,exp_cycles_depvary_step8_batch_yyy07.pl,w5,no,0.52,no,corr,0.0,None,None,None,yes
4262,exp_cycles_depvary_step8_batch_yyy07.pl,s2,yes,0.39,yes,corr,1.0,None,None,None,no
4263,exp_cycles_depvary_step8_batch_yyy07.pl,q4,yes,0.28,yes,corr,1.0,None,None,None,no
4264,exp_cycles_depvary_step8_batch_yyy07.pl,s7,no,0.35,no,corr,0.0,None,None,None,yes
4265,exp_cycles_depvary_step8_batch_yyy07.pl,y6,no,0.25,no,corr,0.0,None,None,None,yes
4266,exp_cycles_depvary_step8_batch_yyy07.pl,a2,yes,0.28,yes,corr,1.0,None,None,None,no
4267,exp_cycles_depvary_step8_batch_yyy07.pl,u1,yes,0.26,yes,corr,5.0,None,None,None,no
4268,exp_cycles_depvary_step8_batch_yyy07.pl,f1,no,1.36,no,corr,14.0,None,None,None,no
4269,exp_cycles_depvary_step8_batch_yyy07.pl,c1,yes,0.18,yes,corr,0.0,None,None,None,no
4270,exp_cycles_depvary_step8_batch_yyy07.pl,b5,no,0.21,no,corr,1.0,None,None,None,no
4271,exp_cycles_depvary_step8_batch_yyy08.pl,z6,no,0.52,no,corr,0.0,None,None,None,yes
4272,exp_cycles_depvary_step8_batch_yyy08.pl,w2,yes,0.2,yes,corr,1.0,None,None,None,no
4273,exp_cycles_depvary_step8_batch_yyy08.pl,v5,no,0.32,no,corr,0.0,None,None,None,yes
4274,exp_cycles_depvary_step8_batch_yyy08.pl,z1,no,1.27,no,corr,10.0,None,None,None,no
4275,exp_cycles_depvary_step8_batch_yyy08.pl,q4,no,0.26,no,corr,0.0,None,None,None,yes
4276,exp_cycles_depvary_step8_batch_yyy08.pl,w4,no,2.15,no,corr,12.0,None,None,None,no
4277,exp_cycles_depvary_step8_batch_yyy08.pl,r1,yes,0.28,yes,corr,1.0,None,None,None,no
4278,exp_cycles_depvary_step8_batch_yyy08.pl,a1,no,0.29,no,corr,5.0,None,None,None,no
4279,exp_cycles_depvary_step8_batch_yyy08.pl,u2,yes,0.23,yes,corr,1.0,None,None,None,no
4280,exp_cycles_depvary_step8_batch_yyy08.pl,w3,yes,0.39,yes,corr,1.0,None,None,None,no
4281,exp_cycles_depvary_step8_batch_yyy09.pl,d5,no,0.39,no,corr,0.0,None,None,None,yes
4282,exp_cycles_depvary_step8_batch_yyy09.pl,u4,no,0.21,no,corr,0.0,None,None,None,yes
4283,exp_cycles_depvary_step8_batch_yyy09.pl,f5,no,0.19,no,corr,0.0,None,None,None,yes
4284,exp_cycles_depvary_step8_batch_yyy09.pl,w1,no,0.41,no,corr,6.0,None,None,None,no
4285,exp_cycles_depvary_step8_batch_yyy09.pl,y2,yes,0.34,yes,corr,1.0,None,None,None,no
4286,exp_cycles_depvary_step8_batch_yyy09.pl,r2,yes,0.25,yes,corr,1.0,None,None,None,no
4287,exp_cycles_depvary_step8_batch_yyy09.pl,r3,no,0.17,no,corr,0.0,None,None,None,yes
4288,exp_cycles_depvary_step8_batch_yyy09.pl,s2,no,250.82,no,corr,25.0,None,None,None,no
4289,exp_cycles_depvary_step8_batch_yyy09.pl,z1,no,53.18,no,corr,20.0,None,None,None,no
4290,exp_cycles_depvary_step8_batch_yyy09.pl,c5,no,0.27,no,corr,5.0,None,None,None,no
4291,exp_cycles_depvary_step8_batch_yyy10.pl,u5,no,0.29,no,corr,0.0,None,None,None,yes
4292,exp_cycles_depvary_step8_batch_yyy10.pl,s3,no,0.33,no,corr,0.0,None,None,None,yes
4293,exp_cycles_depvary_step8_batch_yyy10.pl,y4,yes,0.23,yes,corr,1.0,None,None,None,no
4294,exp_cycles_depvary_step8_batch_yyy10.pl,f1,no,0.36,no,corr,1.0,None,None,None,no
4295,exp_cycles_depvary_step8_batch_yyy10.pl,d3,no,0.41,no,corr,5.0,None,None,None,no
4296,exp_cycles_depvary_step8_batch_yyy10.pl,w6,no,0.43,no,corr,0.0,None,None,None,yes
4297,exp_cycles_depvary_step8_batch_yyy10.pl,x5,no,0.23,no,corr,0.0,None,None,None,yes
4298,exp_cycles_depvary_step8_batch_yyy10.pl,f4,,600.0,no,TIMEOUT,,,,,no
4299,exp_cycles_depvary_step8_batch_yyy10.pl,x6,no,0.55,no,corr,0.0,None,None,None,yes
4300,exp_cycles_depvary_step8_batch_yyy10.pl,r3,no,31.53,no,corr,19.0,None,None,None,no
4301,exp_cycles_depvary_step9_batch_yyy01.pl,e1,no,0.62,no,corr,2.0,None,None,None,no
4302,exp_cycles_depvary_step9_batch_yyy01.pl,p5,no,0.29,no,corr,1.0,None,None,None,no
4303,exp_cycles_depvary_step9_batch_yyy01.pl,v6,no,0.29,no,corr,0.0,None,None,None,yes
4304,exp_cycles_depvary_step9_batch_yyy01.pl,w6,no,0.25,no,corr,0.0,None,None,None,yes
4305,exp_cycles_depvary_step9_batch_yyy01.pl,p3,yes,0.32,yes,corr,1.0,None,None,None,no
4306,exp_cycles_depvary_step9_batch_yyy01.pl,t7,no,0.3,no,corr,0.0,None,None,None,yes
4307,exp_cycles_depvary_step9_batch_yyy01.pl,x6,no,0.35,no,corr,0.0,None,None,None,yes
4308,exp_cycles_depvary_step9_batch_yyy01.pl,s7,no,0.22,no,corr,0.0,None,None,None,yes
4309,exp_cycles_depvary_step9_batch_yyy01.pl,a6,no,0.2,no,corr,0.0,None,None,None,yes
4310,exp_cycles_depvary_step9_batch_yyy01.pl,w7,no,0.25,no,corr,0.0,None,None,None,yes
4311,exp_cycles_depvary_step9_batch_yyy02.pl,f1,yes,0.38,yes,corr,1.0,None,None,None,no
4312,exp_cycles_depvary_step9_batch_yyy02.pl,c5,no,13.82,no,corr,25.0,None,None,None,no
4313,exp_cycles_depvary_step9_batch_yyy02.pl,s1,yes,0.34,yes,corr,1.0,None,None,None,no
4314,exp_cycles_depvary_step9_batch_yyy02.pl,x4,yes,0.49,yes,corr,1.0,None,None,None,no
4315,exp_cycles_depvary_step9_batch_yyy02.pl,c3,yes,0.65,yes,corr,1.0,None,None,None,no
4316,exp_cycles_depvary_step9_batch_yyy02.pl,t5,no,0.87,no,corr,0.0,None,None,None,yes
4317,exp_cycles_depvary_step9_batch_yyy02.pl,t2,no,133.51,no,corr,25.0,None,None,None,no
4318,exp_cycles_depvary_step9_batch_yyy02.pl,z2,yes,0.2,yes,corr,1.0,None,None,None,no
4319,exp_cycles_depvary_step9_batch_yyy02.pl,r2,no,324.23,no,corr,25.0,None,None,None,no
4320,exp_cycles_depvary_step9_batch_yyy02.pl,r7,no,0.3,no,corr,0.0,None,None,None,yes
4321,exp_cycles_depvary_step9_batch_yyy03.pl,c3,no,0.28,no,corr,1.0,None,None,None,no
4322,exp_cycles_depvary_step9_batch_yyy03.pl,d4,yes,0.38,yes,corr,5.0,None,None,None,no
4323,exp_cycles_depvary_step9_batch_yyy03.pl,b4,no,0.28,no,corr,1.0,None,None,None,no
4324,exp_cycles_depvary_step9_batch_yyy03.pl,c5,no,0.31,no,corr,1.0,None,None,None,no
4325,exp_cycles_depvary_step9_batch_yyy03.pl,x7,no,0.32,no,corr,0.0,None,None,None,yes
4326,exp_cycles_depvary_step9_batch_yyy03.pl,p1,no,152.32,no,corr,23.0,None,None,None,no
4327,exp_cycles_depvary_step9_batch_yyy03.pl,w4,no,370.52,no,corr,25.0,None,None,None,no
4328,exp_cycles_depvary_step9_batch_yyy03.pl,f3,no,0.28,no,corr,1.0,None,None,None,no
4329,exp_cycles_depvary_step9_batch_yyy03.pl,p6,no,0.43,no,corr,0.0,None,None,None,yes
4330,exp_cycles_depvary_step9_batch_yyy03.pl,q2,no,193.75,no,corr,25.0,None,None,None,no
4331,exp_cycles_depvary_step9_batch_yyy04.pl,p4,no,267.81,no,corr,25.0,None,None,None,no
4332,exp_cycles_depvary_step9_batch_yyy04.pl,w2,,600.0,no,TIMEOUT,,,,,no
4333,exp_cycles_depvary_step9_batch_yyy04.pl,w5,no,1.67,no,corr,0.0,None,None,None,yes
4334,exp_cycles_depvary_step9_batch_yyy04.pl,x7,no,0.21,no,corr,0.0,None,None,None,yes
4335,exp_cycles_depvary_step9_batch_yyy04.pl,p3,,600.0,no,TIMEOUT,,,,,no
4336,exp_cycles_depvary_step9_batch_yyy04.pl,w4,no,0.43,no,corr,0.0,None,None,None,yes
4337,exp_cycles_depvary_step9_batch_yyy04.pl,r4,,600.0,no,TIMEOUT,,,,,no
4338,exp_cycles_depvary_step9_batch_yyy04.pl,s7,no,1.54,no,corr,0.0,None,None,None,yes
4339,exp_cycles_depvary_step9_batch_yyy04.pl,q7,no,0.48,no,corr,0.0,None,None,None,yes
4340,exp_cycles_depvary_step9_batch_yyy04.pl,w3,no,44.05,no,corr,25.0,None,None,None,no
4341,exp_cycles_depvary_step9_batch_yyy05.pl,b2,no,500.48,no,corr,25.0,None,None,None,no
4342,exp_cycles_depvary_step9_batch_yyy05.pl,a5,yes,0.51,yes,corr,1.0,None,None,None,no
4343,exp_cycles_depvary_step9_batch_yyy05.pl,e4,,600.0,no,TIMEOUT,,,,,no
4344,exp_cycles_depvary_step9_batch_yyy05.pl,w1,yes,0.93,yes,corr,7.0,None,None,None,no
4345,exp_cycles_depvary_step9_batch_yyy05.pl,t2,yes,0.28,yes,corr,1.0,None,None,None,no
4346,exp_cycles_depvary_step9_batch_yyy05.pl,v4,yes,0.36,yes,corr,1.0,None,None,None,no
4347,exp_cycles_depvary_step9_batch_yyy05.pl,s7,no,0.18,no,corr,0.0,None,None,None,yes
4348,exp_cycles_depvary_step9_batch_yyy05.pl,v3,,600.0,no,TIMEOUT,,,,,no
4349,exp_cycles_depvary_step9_batch_yyy05.pl,q1,yes,0.95,yes,corr,1.0,None,None,None,no
4350,exp_cycles_depvary_step9_batch_yyy05.pl,p1,no,257.15,no,corr,25.0,None,None,None,no
4351,exp_cycles_depvary_step9_batch_yyy06.pl,v7,no,0.4,no,corr,0.0,None,None,None,yes
4352,exp_cycles_depvary_step9_batch_yyy06.pl,z5,no,0.39,no,corr,0.0,None,None,None,yes
4353,exp_cycles_depvary_step9_batch_yyy06.pl,w2,yes,0.5,yes,corr,6.0,None,None,None,no
4354,exp_cycles_depvary_step9_batch_yyy06.pl,p2,yes,0.24,yes,corr,1.0,None,None,None,no
4355,exp_cycles_depvary_step9_batch_yyy06.pl,x6,no,0.24,no,corr,0.0,None,None,None,yes
4356,exp_cycles_depvary_step9_batch_yyy06.pl,r7,no,0.22,no,corr,0.0,None,None,None,yes
4357,exp_cycles_depvary_step9_batch_yyy06.pl,t1,no,0.43,no,corr,0.0,None,None,None,yes
4358,exp_cycles_depvary_step9_batch_yyy06.pl,z1,no,0.34,no,corr,0.0,None,None,None,yes
4359,exp_cycles_depvary_step9_batch_yyy06.pl,t6,no,0.61,no,corr,0.0,None,None,None,yes
4360,exp_cycles_depvary_step9_batch_yyy06.pl,a5,no,0.47,no,corr,2.0,None,None,None,no
4361,exp_cycles_depvary_step9_batch_yyy07.pl,v7,no,0.49,no,corr,0.0,None,None,None,yes
4362,exp_cycles_depvary_step9_batch_yyy07.pl,a5,no,96.74,no,corr,25.0,None,None,None,no
4363,exp_cycles_depvary_step9_batch_yyy07.pl,q4,yes,0.69,yes,corr,1.0,None,None,None,no
4364,exp_cycles_depvary_step9_batch_yyy07.pl,w1,yes,6.82,yes,corr,13.0,None,None,None,no
4365,exp_cycles_depvary_step9_batch_yyy07.pl,v4,no,56.84,no,corr,25.0,None,None,None,no
4366,exp_cycles_depvary_step9_batch_yyy07.pl,s1,no,131.12,no,corr,25.0,None,None,None,no
4367,exp_cycles_depvary_step9_batch_yyy07.pl,y6,no,0.77,no,corr,0.0,None,None,None,yes
4368,exp_cycles_depvary_step9_batch_yyy07.pl,w3,no,0.21,no,corr,0.0,None,None,None,yes
4369,exp_cycles_depvary_step9_batch_yyy07.pl,t4,yes,0.3,yes,corr,1.0,None,None,None,no
4370,exp_cycles_depvary_step9_batch_yyy07.pl,s3,no,0.3,no,corr,5.0,None,None,None,no
4371,exp_cycles_depvary_step9_batch_yyy08.pl,b2,yes,0.32,yes,corr,1.0,None,None,None,no
4372,exp_cycles_depvary_step9_batch_yyy08.pl,z5,no,0.28,no,corr,0.0,None,None,None,yes
4373,exp_cycles_depvary_step9_batch_yyy08.pl,e4,no,13.05,no,corr,17.0,None,None,None,no
4374,exp_cycles_depvary_step9_batch_yyy08.pl,t7,no,0.24,no,corr,0.0,None,None,None,yes
4375,exp_cycles_depvary_step9_batch_yyy08.pl,r7,no,0.26,no,corr,0.0,None,None,None,yes
4376,exp_cycles_depvary_step9_batch_yyy08.pl,v3,yes,0.25,yes,corr,2.0,None,None,None,no
4377,exp_cycles_depvary_step9_batch_yyy08.pl,w2,yes,0.31,yes,corr,1.0,None,None,None,no
4378,exp_cycles_depvary_step9_batch_yyy08.pl,f1,no,0.38,no,corr,1.0,None,None,None,no
4379,exp_cycles_depvary_step9_batch_yyy08.pl,v1,yes,0.39,yes,corr,1.0,None,None,None,no
4380,exp_cycles_depvary_step9_batch_yyy08.pl,p3,yes,0.6,yes,corr,1.0,None,None,None,no
4381,exp_cycles_depvary_step9_batch_yyy09.pl,d5,yes,0.96,yes,corr,1.0,None,None,None,no
4382,exp_cycles_depvary_step9_batch_yyy09.pl,d4,,600.0,no,TIMEOUT,,,,,no
4383,exp_cycles_depvary_step9_batch_yyy09.pl,c2,yes,0.65,yes,corr,7.0,None,None,None,no
4384,exp_cycles_depvary_step9_batch_yyy09.pl,x2,no,0.25,no,corr,0.0,None,None,None,yes
4385,exp_cycles_depvary_step9_batch_yyy09.pl,w1,no,0.31,no,corr,0.0,None,None,None,yes
4386,exp_cycles_depvary_step9_batch_yyy09.pl,y5,no,0.22,no,corr,0.0,None,None,None,yes
4387,exp_cycles_depvary_step9_batch_yyy09.pl,w2,no,74.43,no,corr,25.0,None,None,None,no
4388,exp_cycles_depvary_step9_batch_yyy09.pl,e5,yes,0.48,yes,corr,2.0,None,None,None,no
4389,exp_cycles_depvary_step9_batch_yyy09.pl,f4,no,0.2,no,corr,1.0,None,None,None,no
4390,exp_cycles_depvary_step9_batch_yyy09.pl,z3,yes,0.41,yes,corr,1.0,None,None,None,no
4391,exp_cycles_depvary_step9_batch_yyy10.pl,t5,no,0.41,no,corr,0.0,None,None,None,yes
4392,exp_cycles_depvary_step9_batch_yyy10.pl,c5,yes,0.33,yes,corr,4.0,None,None,None,no
4393,exp_cycles_depvary_step9_batch_yyy10.pl,q4,no,6.07,no,corr,21.0,None,None,None,no
4394,exp_cycles_depvary_step9_batch_yyy10.pl,r5,no,294.21,no,corr,25.0,None,None,None,no
4395,exp_cycles_depvary_step9_batch_yyy10.pl,v1,yes,0.47,yes,corr,1.0,None,None,None,no
4396,exp_cycles_depvary_step9_batch_yyy10.pl,w4,no,51.1,no,corr,25.0,None,None,None,no
4397,exp_cycles_depvary_step9_batch_yyy10.pl,z3,yes,0.27,yes,corr,3.0,None,None,None,no
4398,exp_cycles_depvary_step9_batch_yyy10.pl,y2,yes,0.31,yes,corr,5.0,None,None,None,no
4399,exp_cycles_depvary_step9_batch_yyy10.pl,w5,no,0.31,no,corr,0.0,None,None,None,yes
4400,exp_cycles_depvary_step9_batch_yyy10.pl,u7,no,0.39,no,corr,0.0,None,None,None,yes
4401,exp_cycles_indvary1_step1_batch_yyy01.pl,c3,yes,0.65,yes,corr,4.0,None,None,None,no
4402,exp_cycles_indvary1_step1_batch_yyy01.pl,a6,no,0.36,no,corr,0.0,None,None,None,yes
4403,exp_cycles_indvary1_step1_batch_yyy01.pl,u4,no,0.33,no,corr,0.0,None,None,None,yes
4404,exp_cycles_indvary1_step1_batch_yyy01.pl,t6,no,0.27,no,corr,0.0,None,None,None,yes
4405,exp_cycles_indvary1_step1_batch_yyy01.pl,w6,no,0.92,no,corr,0.0,None,None,None,yes
4406,exp_cycles_indvary1_step1_batch_yyy01.pl,y1,no,0.5,no,corr,0.0,None,None,None,yes
4407,exp_cycles_indvary1_step1_batch_yyy01.pl,t1,no,4.19,no,corr,15.0,None,None,None,no
4408,exp_cycles_indvary1_step1_batch_yyy01.pl,x4,no,1.0,no,corr,0.0,None,None,None,yes
4409,exp_cycles_indvary1_step1_batch_yyy01.pl,b6,no,0.93,no,corr,0.0,None,None,None,yes
4410,exp_cycles_indvary1_step1_batch_yyy01.pl,a1,yes,0.44,yes,corr,2.0,None,None,None,no
4411,exp_cycles_indvary1_step1_batch_yyy02.pl,t5,no,0.38,no,corr,0.0,None,None,None,yes
4412,exp_cycles_indvary1_step1_batch_yyy02.pl,v7,no,0.23,no,corr,0.0,None,None,None,yes
4413,exp_cycles_indvary1_step1_batch_yyy02.pl,x3,no,0.47,no,corr,0.0,None,None,None,yes
4414,exp_cycles_indvary1_step1_batch_yyy02.pl,f3,no,0.63,no,corr,0.0,None,None,None,yes
4415,exp_cycles_indvary1_step1_batch_yyy02.pl,s1,yes,0.96,yes,corr,2.0,None,None,None,no
4416,exp_cycles_indvary1_step1_batch_yyy02.pl,a3,no,0.39,no,corr,1.0,None,None,None,no
4417,exp_cycles_indvary1_step1_batch_yyy02.pl,w2,no,0.27,no,corr,0.0,None,None,None,yes
4418,exp_cycles_indvary1_step1_batch_yyy02.pl,e5,no,0.3,no,corr,0.0,None,None,None,yes
4419,exp_cycles_indvary1_step1_batch_yyy02.pl,x5,no,0.19,no,corr,0.0,None,None,None,yes
4420,exp_cycles_indvary1_step1_batch_yyy02.pl,c1,no,0.29,no,corr,1.0,None,None,None,no
4421,exp_cycles_indvary1_step1_batch_yyy03.pl,z6,no,0.33,no,corr,0.0,None,None,None,yes
4422,exp_cycles_indvary1_step1_batch_yyy03.pl,x2,no,0.49,no,corr,0.0,None,None,None,yes
4423,exp_cycles_indvary1_step1_batch_yyy03.pl,a3,yes,0.51,yes,corr,5.0,None,None,None,no
4424,exp_cycles_indvary1_step1_batch_yyy03.pl,q3,no,0.32,no,corr,0.0,None,None,None,yes
4425,exp_cycles_indvary1_step1_batch_yyy03.pl,a1,yes,0.29,yes,corr,4.0,None,None,None,no
4426,exp_cycles_indvary1_step1_batch_yyy03.pl,v3,no,0.22,no,corr,0.0,None,None,None,yes
4427,exp_cycles_indvary1_step1_batch_yyy03.pl,u2,no,0.2,no,corr,0.0,None,None,None,yes
4428,exp_cycles_indvary1_step1_batch_yyy03.pl,w3,no,0.25,no,corr,0.0,None,None,None,yes
4429,exp_cycles_indvary1_step1_batch_yyy03.pl,s5,no,0.25,no,corr,0.0,None,None,None,yes
4430,exp_cycles_indvary1_step1_batch_yyy03.pl,t3,no,0.34,no,corr,0.0,None,None,None,yes
4431,exp_cycles_indvary1_step1_batch_yyy04.pl,x3,no,1.08,no,corr,0.0,None,None,None,yes
4432,exp_cycles_indvary1_step1_batch_yyy04.pl,u4,no,1.03,no,corr,0.0,None,None,None,yes
4433,exp_cycles_indvary1_step1_batch_yyy04.pl,u7,no,0.34,no,corr,0.0,None,None,None,yes
4434,exp_cycles_indvary1_step1_batch_yyy04.pl,q5,no,0.25,no,corr,0.0,None,None,None,yes
4435,exp_cycles_indvary1_step1_batch_yyy04.pl,a4,no,0.25,no,corr,0.0,None,None,None,yes
4436,exp_cycles_indvary1_step1_batch_yyy04.pl,s1,yes,0.48,yes,corr,1.0,None,None,None,no
4437,exp_cycles_indvary1_step1_batch_yyy04.pl,s7,no,0.34,no,corr,0.0,None,None,None,yes
4438,exp_cycles_indvary1_step1_batch_yyy04.pl,y6,no,0.27,no,corr,0.0,None,None,None,yes
4439,exp_cycles_indvary1_step1_batch_yyy04.pl,u2,no,0.43,no,corr,0.0,None,None,None,yes
4440,exp_cycles_indvary1_step1_batch_yyy04.pl,q1,no,0.26,no,corr,4.0,None,None,None,no
4441,exp_cycles_indvary1_step1_batch_yyy05.pl,d3,no,0.36,no,corr,0.0,None,None,None,yes
4442,exp_cycles_indvary1_step1_batch_yyy05.pl,s2,no,0.45,no,corr,0.0,None,None,None,yes
4443,exp_cycles_indvary1_step1_batch_yyy05.pl,x7,no,0.38,no,corr,0.0,None,None,None,yes
4444,exp_cycles_indvary1_step1_batch_yyy05.pl,x2,no,0.24,no,corr,0.0,None,None,None,yes
4445,exp_cycles_indvary1_step1_batch_yyy05.pl,v1,no,0.23,no,corr,0.0,None,None,None,yes
4446,exp_cycles_indvary1_step1_batch_yyy05.pl,v4,no,0.2,no,corr,0.0,None,None,None,yes
4447,exp_cycles_indvary1_step1_batch_yyy05.pl,d2,yes,0.48,yes,corr,0.0,None,None,None,no
4448,exp_cycles_indvary1_step1_batch_yyy05.pl,x6,no,0.23,no,corr,0.0,None,None,None,yes
4449,exp_cycles_indvary1_step1_batch_yyy05.pl,b6,no,0.2,no,corr,0.0,None,None,None,yes
4450,exp_cycles_indvary1_step1_batch_yyy05.pl,v3,no,0.27,no,corr,0.0,None,None,None,yes
4451,exp_cycles_indvary1_step1_batch_yyy06.pl,d3,no,0.22,no,corr,0.0,None,None,None,yes
4452,exp_cycles_indvary1_step1_batch_yyy06.pl,x2,no,0.52,no,corr,0.0,None,None,None,yes
4453,exp_cycles_indvary1_step1_batch_yyy06.pl,p2,no,0.25,no,corr,0.0,None,None,None,yes
4454,exp_cycles_indvary1_step1_batch_yyy06.pl,b6,no,0.18,no,corr,0.0,None,None,None,yes
4455,exp_cycles_indvary1_step1_batch_yyy06.pl,q1,yes,0.28,yes,corr,3.0,None,None,None,no
4456,exp_cycles_indvary1_step1_batch_yyy06.pl,c5,no,0.47,no,corr,0.0,None,None,None,yes
4457,exp_cycles_indvary1_step1_batch_yyy06.pl,a5,no,0.61,no,corr,0.0,None,None,None,yes
4458,exp_cycles_indvary1_step1_batch_yyy06.pl,b1,yes,0.19,yes,corr,0.0,None,None,None,no
4459,exp_cycles_indvary1_step1_batch_yyy06.pl,x5,no,0.75,no,corr,0.0,None,None,None,yes
4460,exp_cycles_indvary1_step1_batch_yyy06.pl,c6,no,0.36,no,corr,0.0,None,None,None,yes
4461,exp_cycles_indvary1_step1_batch_yyy07.pl,f4,no,0.33,no,corr,0.0,None,None,None,yes
4462,exp_cycles_indvary1_step1_batch_yyy07.pl,b6,no,0.74,no,corr,0.0,None,None,None,yes
4463,exp_cycles_indvary1_step1_batch_yyy07.pl,w7,no,0.2,no,corr,0.0,None,None,None,yes
4464,exp_cycles_indvary1_step1_batch_yyy07.pl,v7,no,0.36,no,corr,0.0,None,None,None,yes
4465,exp_cycles_indvary1_step1_batch_yyy07.pl,v2,no,0.5,no,corr,0.0,None,None,None,yes
4466,exp_cycles_indvary1_step1_batch_yyy07.pl,q6,no,0.22,no,corr,0.0,None,None,None,yes
4467,exp_cycles_indvary1_step1_batch_yyy07.pl,w2,no,0.37,no,corr,0.0,None,None,None,yes
4468,exp_cycles_indvary1_step1_batch_yyy07.pl,u1,no,0.38,no,corr,0.0,None,None,None,yes
4469,exp_cycles_indvary1_step1_batch_yyy07.pl,t7,no,0.31,no,corr,0.0,None,None,None,yes
4470,exp_cycles_indvary1_step1_batch_yyy07.pl,z2,no,0.41,no,corr,0.0,None,None,None,yes
4471,exp_cycles_indvary1_step1_batch_yyy08.pl,a6,no,0.46,no,corr,0.0,None,None,None,yes
4472,exp_cycles_indvary1_step1_batch_yyy08.pl,d3,no,0.33,no,corr,0.0,None,None,None,yes
4473,exp_cycles_indvary1_step1_batch_yyy08.pl,v5,no,0.46,no,corr,0.0,None,None,None,yes
4474,exp_cycles_indvary1_step1_batch_yyy08.pl,c5,no,0.29,no,corr,0.0,None,None,None,yes
4475,exp_cycles_indvary1_step1_batch_yyy08.pl,a4,no,0.33,no,corr,0.0,None,None,None,yes
4476,exp_cycles_indvary1_step1_batch_yyy08.pl,q7,no,0.34,no,corr,0.0,None,None,None,yes
4477,exp_cycles_indvary1_step1_batch_yyy08.pl,x5,no,0.54,no,corr,0.0,None,None,None,yes
4478,exp_cycles_indvary1_step1_batch_yyy08.pl,c6,no,0.46,no,corr,0.0,None,None,None,yes
4479,exp_cycles_indvary1_step1_batch_yyy08.pl,y1,no,0.22,no,corr,0.0,None,None,None,yes
4480,exp_cycles_indvary1_step1_batch_yyy08.pl,d2,yes,0.43,yes,corr,5.0,None,None,None,no
4481,exp_cycles_indvary1_step1_batch_yyy09.pl,c4,no,0.19,no,corr,0.0,None,None,None,yes
4482,exp_cycles_indvary1_step1_batch_yyy09.pl,w7,no,0.93,no,corr,0.0,None,None,None,yes
4483,exp_cycles_indvary1_step1_batch_yyy09.pl,c5,no,0.47,no,corr,0.0,None,None,None,yes
4484,exp_cycles_indvary1_step1_batch_yyy09.pl,a4,no,0.45,no,corr,0.0,None,None,None,yes
4485,exp_cycles_indvary1_step1_batch_yyy09.pl,r1,yes,0.39,yes,corr,1.0,None,None,None,no
4486,exp_cycles_indvary1_step1_batch_yyy09.pl,x1,no,0.22,no,corr,0.0,None,None,None,yes
4487,exp_cycles_indvary1_step1_batch_yyy09.pl,x4,no,0.25,no,corr,0.0,None,None,None,yes
4488,exp_cycles_indvary1_step1_batch_yyy09.pl,q2,no,0.33,no,corr,0.0,None,None,None,yes
4489,exp_cycles_indvary1_step1_batch_yyy09.pl,w5,no,0.34,no,corr,0.0,None,None,None,yes
4490,exp_cycles_indvary1_step1_batch_yyy09.pl,u7,no,0.31,no,corr,0.0,None,None,None,yes
4491,exp_cycles_indvary1_step1_batch_yyy10.pl,s4,no,0.32,no,corr,0.0,None,None,None,yes
4492,exp_cycles_indvary1_step1_batch_yyy10.pl,v2,no,0.36,no,corr,0.0,None,None,None,yes
4493,exp_cycles_indvary1_step1_batch_yyy10.pl,d4,no,0.27,no,corr,0.0,None,None,None,yes
4494,exp_cycles_indvary1_step1_batch_yyy10.pl,r6,no,0.66,no,corr,0.0,None,None,None,yes
4495,exp_cycles_indvary1_step1_batch_yyy10.pl,w5,no,0.32,no,corr,0.0,None,None,None,yes
4496,exp_cycles_indvary1_step1_batch_yyy10.pl,p3,no,0.29,no,corr,0.0,None,None,None,yes
4497,exp_cycles_indvary1_step1_batch_yyy10.pl,r4,no,0.2,no,corr,0.0,None,None,None,yes
4498,exp_cycles_indvary1_step1_batch_yyy10.pl,r1,yes,0.2,yes,corr,1.0,None,None,None,no
4499,exp_cycles_indvary1_step1_batch_yyy10.pl,r3,no,0.28,no,corr,0.0,None,None,None,yes
4500,exp_cycles_indvary1_step1_batch_yyy10.pl,u2,no,0.38,no,corr,0.0,None,None,None,yes
4501,exp_cycles_indvary1_step2_batch_yyy01.pl,w1,yes,0.27,yes,corr,1.0,None,None,None,no
4502,exp_cycles_indvary1_step2_batch_yyy01.pl,x5,no,0.51,no,corr,0.0,None,None,None,yes
4503,exp_cycles_indvary1_step2_batch_yyy01.pl,r4,no,0.42,no,corr,0.0,None,None,None,yes
4504,exp_cycles_indvary1_step2_batch_yyy01.pl,y6,no,0.41,no,corr,0.0,None,None,None,yes
4505,exp_cycles_indvary1_step2_batch_yyy01.pl,q2,no,0.63,no,corr,9.0,None,None,None,no
4506,exp_cycles_indvary1_step2_batch_yyy01.pl,y3,no,0.4,no,corr,0.0,None,None,None,yes
4507,exp_cycles_indvary1_step2_batch_yyy01.pl,r5,no,0.53,no,corr,0.0,None,None,None,yes
4508,exp_cycles_indvary1_step2_batch_yyy01.pl,d1,no,4.91,no,corr,14.0,None,None,None,no
4509,exp_cycles_indvary1_step2_batch_yyy01.pl,u2,no,0.31,no,corr,0.0,None,None,None,yes
4510,exp_cycles_indvary1_step2_batch_yyy01.pl,t1,yes,0.23,yes,corr,2.0,None,None,None,no
4511,exp_cycles_indvary1_step2_batch_yyy02.pl,d4,no,0.25,no,corr,0.0,None,None,None,yes
4512,exp_cycles_indvary1_step2_batch_yyy02.pl,x2,no,0.19,no,corr,0.0,None,None,None,yes
4513,exp_cycles_indvary1_step2_batch_yyy02.pl,t7,no,0.23,no,corr,0.0,None,None,None,yes
4514,exp_cycles_indvary1_step2_batch_yyy02.pl,d2,no,0.51,no,corr,1.0,None,None,None,no
4515,exp_cycles_indvary1_step2_batch_yyy02.pl,z3,no,0.23,no,corr,0.0,None,None,None,yes
4516,exp_cycles_indvary1_step2_batch_yyy02.pl,q7,no,0.21,no,corr,0.0,None,None,None,yes
4517,exp_cycles_indvary1_step2_batch_yyy02.pl,a6,no,0.3,no,corr,0.0,None,None,None,yes
4518,exp_cycles_indvary1_step2_batch_yyy02.pl,s4,no,0.3,no,corr,0.0,None,None,None,yes
4519,exp_cycles_indvary1_step2_batch_yyy02.pl,r6,no,0.5,no,corr,0.0,None,None,None,yes
4520,exp_cycles_indvary1_step2_batch_yyy02.pl,e5,no,0.36,no,corr,0.0,None,None,None,yes
4521,exp_cycles_indvary1_step2_batch_yyy03.pl,c4,no,0.32,no,corr,0.0,None,None,None,yes
4522,exp_cycles_indvary1_step2_batch_yyy03.pl,v2,no,0.43,no,corr,0.0,None,None,None,yes
4523,exp_cycles_indvary1_step2_batch_yyy03.pl,d3,no,0.24,no,corr,0.0,None,None,None,yes
4524,exp_cycles_indvary1_step2_batch_yyy03.pl,w5,no,0.23,no,corr,0.0,None,None,None,yes
4525,exp_cycles_indvary1_step2_batch_yyy03.pl,s5,no,0.17,no,corr,0.0,None,None,None,yes
4526,exp_cycles_indvary1_step2_batch_yyy03.pl,b1,yes,0.25,yes,corr,6.0,None,None,None,no
4527,exp_cycles_indvary1_step2_batch_yyy03.pl,x7,no,0.2,no,corr,0.0,None,None,None,yes
4528,exp_cycles_indvary1_step2_batch_yyy03.pl,e4,no,0.32,no,corr,0.0,None,None,None,yes
4529,exp_cycles_indvary1_step2_batch_yyy03.pl,c6,no,0.38,no,corr,0.0,None,None,None,yes
4530,exp_cycles_indvary1_step2_batch_yyy03.pl,f2,yes,0.2,yes,corr,1.0,None,None,None,no
4531,exp_cycles_indvary1_step2_batch_yyy04.pl,u5,no,0.47,no,corr,0.0,None,None,None,yes
4532,exp_cycles_indvary1_step2_batch_yyy04.pl,d4,no,0.3,no,corr,0.0,None,None,None,yes
4533,exp_cycles_indvary1_step2_batch_yyy04.pl,z1,yes,0.55,yes,corr,1.0,None,None,None,no
4534,exp_cycles_indvary1_step2_batch_yyy04.pl,x6,no,0.31,no,corr,0.0,None,None,None,yes
4535,exp_cycles_indvary1_step2_batch_yyy04.pl,a1,no,0.56,no,corr,1.0,None,None,None,no
4536,exp_cycles_indvary1_step2_batch_yyy04.pl,p6,no,0.19,no,corr,0.0,None,None,None,yes
4537,exp_cycles_indvary1_step2_batch_yyy04.pl,t4,no,0.21,no,corr,0.0,None,None,None,yes
4538,exp_cycles_indvary1_step2_batch_yyy04.pl,t5,no,0.35,no,corr,0.0,None,None,None,yes
4539,exp_cycles_indvary1_step2_batch_yyy04.pl,a6,no,0.29,no,corr,0.0,None,None,None,yes
4540,exp_cycles_indvary1_step2_batch_yyy04.pl,v7,no,0.25,no,corr,0.0,None,None,None,yes
4541,exp_cycles_indvary1_step2_batch_yyy05.pl,u6,no,0.24,no,corr,0.0,None,None,None,yes
4542,exp_cycles_indvary1_step2_batch_yyy05.pl,v7,no,0.4,no,corr,0.0,None,None,None,yes
4543,exp_cycles_indvary1_step2_batch_yyy05.pl,q5,no,0.21,no,corr,0.0,None,None,None,yes
4544,exp_cycles_indvary1_step2_batch_yyy05.pl,b1,no,0.27,no,corr,1.0,None,None,None,no
4545,exp_cycles_indvary1_step2_batch_yyy05.pl,c6,no,0.29,no,corr,0.0,None,None,None,yes
4546,exp_cycles_indvary1_step2_batch_yyy05.pl,r4,no,0.25,no,corr,0.0,None,None,None,yes
4547,exp_cycles_indvary1_step2_batch_yyy05.pl,u2,no,0.21,no,corr,0.0,None,None,None,yes
4548,exp_cycles_indvary1_step2_batch_yyy05.pl,p1,yes,0.22,yes,corr,1.0,None,None,None,no
4549,exp_cycles_indvary1_step2_batch_yyy05.pl,v2,no,0.26,no,corr,0.0,None,None,None,yes
4550,exp_cycles_indvary1_step2_batch_yyy05.pl,e1,no,0.48,no,corr,1.0,None,None,None,no
4551,exp_cycles_indvary1_step2_batch_yyy06.pl,w7,no,0.23,no,corr,0.0,None,None,None,yes
4552,exp_cycles_indvary1_step2_batch_yyy06.pl,e1,no,0.49,no,corr,1.0,None,None,None,no
4553,exp_cycles_indvary1_step2_batch_yyy06.pl,v5,no,0.25,no,corr,0.0,None,None,None,yes
4554,exp_cycles_indvary1_step2_batch_yyy06.pl,t6,no,0.24,no,corr,0.0,None,None,None,yes
4555,exp_cycles_indvary1_step2_batch_yyy06.pl,f5,no,0.27,no,corr,0.0,None,None,None,yes
4556,exp_cycles_indvary1_step2_batch_yyy06.pl,u3,no,0.24,no,corr,0.0,None,None,None,yes
4557,exp_cycles_indvary1_step2_batch_yyy06.pl,d1,no,0.41,no,corr,12.0,None,None,None,no
4558,exp_cycles_indvary1_step2_batch_yyy06.pl,x4,no,0.27,no,corr,0.0,None,None,None,yes
4559,exp_cycles_indvary1_step2_batch_yyy06.pl,u1,yes,0.28,yes,corr,1.0,None,None,None,no
4560,exp_cycles_indvary1_step2_batch_yyy06.pl,e5,no,0.28,no,corr,0.0,None,None,None,yes
4561,exp_cycles_indvary1_step2_batch_yyy07.pl,u6,no,0.28,no,corr,0.0,None,None,None,yes
4562,exp_cycles_indvary1_step2_batch_yyy07.pl,w7,no,0.27,no,corr,0.0,None,None,None,yes
4563,exp_cycles_indvary1_step2_batch_yyy07.pl,s5,no,0.24,no,corr,0.0,None,None,None,yes
4564,exp_cycles_indvary1_step2_batch_yyy07.pl,s6,no,0.25,no,corr,0.0,None,None,None,yes
4565,exp_cycles_indvary1_step2_batch_yyy07.pl,z3,no,0.39,no,corr,0.0,None,None,None,yes
4566,exp_cycles_indvary1_step2_batch_yyy07.pl,q3,no,0.21,no,corr,0.0,None,None,None,yes
4567,exp_cycles_indvary1_step2_batch_yyy07.pl,a4,no,0.33,no,corr,0.0,None,None,None,yes
4568,exp_cycles_indvary1_step2_batch_yyy07.pl,w6,no,0.21,no,corr,0.0,None,None,None,yes
4569,exp_cycles_indvary1_step2_batch_yyy07.pl,v1,yes,0.36,yes,corr,1.0,None,None,None,no
4570,exp_cycles_indvary1_step2_batch_yyy07.pl,p3,no,0.85,no,corr,0.0,None,None,None,yes
4571,exp_cycles_indvary1_step2_batch_yyy08.pl,p4,no,0.3,no,corr,0.0,None,None,None,yes
4572,exp_cycles_indvary1_step2_batch_yyy08.pl,v5,no,0.33,no,corr,0.0,None,None,None,yes
4573,exp_cycles_indvary1_step2_batch_yyy08.pl,r5,no,0.33,no,corr,0.0,None,None,None,yes
4574,exp_cycles_indvary1_step2_batch_yyy08.pl,t2,no,0.19,no,corr,0.0,None,None,None,yes
4575,exp_cycles_indvary1_step2_batch_yyy08.pl,v4,no,0.2,no,corr,0.0,None,None,None,yes
4576,exp_cycles_indvary1_step2_batch_yyy08.pl,v3,no,0.35,no,corr,0.0,None,None,None,yes
4577,exp_cycles_indvary1_step2_batch_yyy08.pl,e2,yes,0.23,yes,corr,1.0,None,None,None,no
4578,exp_cycles_indvary1_step2_batch_yyy08.pl,q2,yes,0.31,yes,corr,4.0,None,None,None,no
4579,exp_cycles_indvary1_step2_batch_yyy08.pl,s5,no,0.51,no,corr,0.0,None,None,None,yes
4580,exp_cycles_indvary1_step2_batch_yyy08.pl,t3,no,0.35,no,corr,0.0,None,None,None,yes
4581,exp_cycles_indvary1_step2_batch_yyy09.pl,z6,no,0.43,no,corr,0.0,None,None,None,yes
4582,exp_cycles_indvary1_step2_batch_yyy09.pl,u4,no,0.53,no,corr,0.0,None,None,None,yes
4583,exp_cycles_indvary1_step2_batch_yyy09.pl,c5,no,0.26,no,corr,0.0,None,None,None,yes
4584,exp_cycles_indvary1_step2_batch_yyy09.pl,x7,no,0.36,no,corr,0.0,None,None,None,yes
4585,exp_cycles_indvary1_step2_batch_yyy09.pl,e4,no,0.4,no,corr,0.0,None,None,None,yes
4586,exp_cycles_indvary1_step2_batch_yyy09.pl,t7,no,0.25,no,corr,0.0,None,None,None,yes
4587,exp_cycles_indvary1_step2_batch_yyy09.pl,p1,no,4.13,no,corr,16.0,None,None,None,no
4588,exp_cycles_indvary1_step2_batch_yyy09.pl,a2,no,2.63,no,corr,11.0,None,None,None,no
4589,exp_cycles_indvary1_step2_batch_yyy09.pl,u3,no,0.43,no,corr,0.0,None,None,None,yes
4590,exp_cycles_indvary1_step2_batch_yyy09.pl,e3,no,0.39,no,corr,0.0,None,None,None,yes
4591,exp_cycles_indvary1_step2_batch_yyy10.pl,d5,no,0.35,no,corr,0.0,None,None,None,yes
4592,exp_cycles_indvary1_step2_batch_yyy10.pl,b3,no,0.41,no,corr,6.0,None,None,None,no
4593,exp_cycles_indvary1_step2_batch_yyy10.pl,r6,no,0.26,no,corr,0.0,None,None,None,yes
4594,exp_cycles_indvary1_step2_batch_yyy10.pl,w5,no,0.29,no,corr,0.0,None,None,None,yes
4595,exp_cycles_indvary1_step2_batch_yyy10.pl,s5,no,0.21,no,corr,0.0,None,None,None,yes
4596,exp_cycles_indvary1_step2_batch_yyy10.pl,a4,no,0.2,no,corr,0.0,None,None,None,yes
4597,exp_cycles_indvary1_step2_batch_yyy10.pl,x1,yes,0.45,yes,corr,1.0,None,None,None,no
4598,exp_cycles_indvary1_step2_batch_yyy10.pl,q1,yes,0.28,yes,corr,2.0,None,None,None,no
4599,exp_cycles_indvary1_step2_batch_yyy10.pl,t2,no,0.18,no,corr,0.0,None,None,None,yes
4600,exp_cycles_indvary1_step2_batch_yyy10.pl,c6,no,0.31,no,corr,0.0,None,None,None,yes
4601,exp_cycles_indvary1_step3_batch_yyy01.pl,d4,no,0.24,no,corr,0.0,None,None,None,yes
4602,exp_cycles_indvary1_step3_batch_yyy01.pl,c5,no,0.47,no,corr,0.0,None,None,None,yes
4603,exp_cycles_indvary1_step3_batch_yyy01.pl,x2,no,0.2,no,corr,0.0,None,None,None,yes
4604,exp_cycles_indvary1_step3_batch_yyy01.pl,r4,no,0.19,no,corr,0.0,None,None,None,yes
4605,exp_cycles_indvary1_step3_batch_yyy01.pl,r1,no,0.58,no,corr,0.0,None,None,None,yes
4606,exp_cycles_indvary1_step3_batch_yyy01.pl,x6,no,0.39,no,corr,0.0,None,None,None,yes
4607,exp_cycles_indvary1_step3_batch_yyy01.pl,r2,yes,0.32,yes,corr,1.0,None,None,None,no
4608,exp_cycles_indvary1_step3_batch_yyy01.pl,q7,no,0.3,no,corr,0.0,None,None,None,yes
4609,exp_cycles_indvary1_step3_batch_yyy01.pl,e2,no,0.47,no,corr,8.0,None,None,None,no
4610,exp_cycles_indvary1_step3_batch_yyy01.pl,r3,no,0.25,no,corr,0.0,None,None,None,yes
4611,exp_cycles_indvary1_step3_batch_yyy02.pl,v7,no,0.22,no,corr,0.0,None,None,None,yes
4612,exp_cycles_indvary1_step3_batch_yyy02.pl,p5,no,0.31,no,corr,0.0,None,None,None,yes
4613,exp_cycles_indvary1_step3_batch_yyy02.pl,u4,no,0.44,no,corr,0.0,None,None,None,yes
4614,exp_cycles_indvary1_step3_batch_yyy02.pl,r5,no,0.19,no,corr,0.0,None,None,None,yes
4615,exp_cycles_indvary1_step3_batch_yyy02.pl,p3,no,0.36,no,corr,9.0,None,None,None,no
4616,exp_cycles_indvary1_step3_batch_yyy02.pl,r4,no,0.23,no,corr,0.0,None,None,None,yes
4617,exp_cycles_indvary1_step3_batch_yyy02.pl,y2,no,0.49,no,corr,0.0,None,None,None,yes
4618,exp_cycles_indvary1_step3_batch_yyy02.pl,f2,no,0.56,no,corr,9.0,None,None,None,no
4619,exp_cycles_indvary1_step3_batch_yyy02.pl,t2,no,0.29,no,corr,4.0,None,None,None,no
4620,exp_cycles_indvary1_step3_batch_yyy02.pl,s6,no,0.25,no,corr,0.0,None,None,None,yes
4621,exp_cycles_indvary1_step3_batch_yyy03.pl,s3,no,0.38,no,corr,0.0,None,None,None,yes
4622,exp_cycles_indvary1_step3_batch_yyy03.pl,d4,no,0.66,no,corr,0.0,None,None,None,yes
4623,exp_cycles_indvary1_step3_batch_yyy03.pl,r6,no,0.41,no,corr,0.0,None,None,None,yes
4624,exp_cycles_indvary1_step3_batch_yyy03.pl,b1,no,0.57,no,corr,10.0,None,None,None,no
4625,exp_cycles_indvary1_step3_batch_yyy03.pl,t7,no,0.32,no,corr,0.0,None,None,None,yes
4626,exp_cycles_indvary1_step3_batch_yyy03.pl,u3,no,0.51,no,corr,0.0,None,None,None,yes
4627,exp_cycles_indvary1_step3_batch_yyy03.pl,a1,yes,0.38,yes,corr,8.0,None,None,None,no
4628,exp_cycles_indvary1_step3_batch_yyy03.pl,t1,yes,0.57,yes,corr,10.0,None,None,None,no
4629,exp_cycles_indvary1_step3_batch_yyy03.pl,y6,no,0.24,no,corr,0.0,None,None,None,yes
4630,exp_cycles_indvary1_step3_batch_yyy03.pl,w3,no,0.35,no,corr,0.0,None,None,None,yes
4631,exp_cycles_indvary1_step3_batch_yyy04.pl,u5,no,0.27,no,corr,0.0,None,None,None,yes
4632,exp_cycles_indvary1_step3_batch_yyy04.pl,y4,no,0.34,no,corr,0.0,None,None,None,yes
4633,exp_cycles_indvary1_step3_batch_yyy04.pl,s5,no,0.16,no,corr,0.0,None,None,None,yes
4634,exp_cycles_indvary1_step3_batch_yyy04.pl,s2,no,0.25,no,corr,3.0,None,None,None,no
4635,exp_cycles_indvary1_step3_batch_yyy04.pl,e4,no,0.43,no,corr,0.0,None,None,None,yes
4636,exp_cycles_indvary1_step3_batch_yyy04.pl,u3,no,0.4,no,corr,0.0,None,None,None,yes
4637,exp_cycles_indvary1_step3_batch_yyy04.pl,y1,no,1.74,no,corr,14.0,None,None,None,no
4638,exp_cycles_indvary1_step3_batch_yyy04.pl,f4,no,0.23,no,corr,0.0,None,None,None,yes
4639,exp_cycles_indvary1_step3_batch_yyy04.pl,y2,yes,0.26,yes,corr,3.0,None,None,None,no
4640,exp_cycles_indvary1_step3_batch_yyy04.pl,a1,yes,0.36,yes,corr,3.0,None,None,None,no
4641,exp_cycles_indvary1_step3_batch_yyy05.pl,u6,no,0.23,no,corr,0.0,None,None,None,yes
4642,exp_cycles_indvary1_step3_batch_yyy05.pl,t5,no,0.22,no,corr,0.0,None,None,None,yes
4643,exp_cycles_indvary1_step3_batch_yyy05.pl,b3,yes,0.29,yes,corr,1.0,None,None,None,no
4644,exp_cycles_indvary1_step3_batch_yyy05.pl,p5,no,0.22,no,corr,0.0,None,None,None,yes
4645,exp_cycles_indvary1_step3_batch_yyy05.pl,v5,no,0.25,no,corr,0.0,None,None,None,yes
4646,exp_cycles_indvary1_step3_batch_yyy05.pl,s5,no,0.23,no,corr,0.0,None,None,None,yes
4647,exp_cycles_indvary1_step3_batch_yyy05.pl,s2,no,0.32,no,corr,11.0,None,None,None,no
4648,exp_cycles_indvary1_step3_batch_yyy05.pl,e3,no,0.28,no,corr,0.0,None,None,None,yes
4649,exp_cycles_indvary1_step3_batch_yyy05.pl,p6,no,0.27,no,corr,0.0,None,None,None,yes
4650,exp_cycles_indvary1_step3_batch_yyy05.pl,f2,no,0.46,no,corr,13.0,None,None,None,no
4651,exp_cycles_indvary1_step3_batch_yyy06.pl,d5,no,0.3,no,corr,0.0,None,None,None,yes
4652,exp_cycles_indvary1_step3_batch_yyy06.pl,v2,yes,0.27,yes,corr,1.0,None,None,None,no
4653,exp_cycles_indvary1_step3_batch_yyy06.pl,x3,no,0.4,no,corr,0.0,None,None,None,yes
4654,exp_cycles_indvary1_step3_batch_yyy06.pl,d3,no,0.26,no,corr,0.0,None,None,None,yes
4655,exp_cycles_indvary1_step3_batch_yyy06.pl,b4,no,0.22,no,corr,0.0,None,None,None,yes
4656,exp_cycles_indvary1_step3_batch_yyy06.pl,a5,no,0.25,no,corr,0.0,None,None,None,yes
4657,exp_cycles_indvary1_step3_batch_yyy06.pl,x2,yes,0.72,yes,corr,9.0,None,None,None,no
4658,exp_cycles_indvary1_step3_batch_yyy06.pl,z4,no,0.63,no,corr,0.0,None,None,None,yes
4659,exp_cycles_indvary1_step3_batch_yyy06.pl,v1,yes,1.42,yes,corr,9.0,None,None,None,no
4660,exp_cycles_indvary1_step3_batch_yyy06.pl,d2,yes,0.39,yes,corr,1.0,None,None,None,no
4661,exp_cycles_indvary1_step3_batch_yyy07.pl,d4,no,0.37,no,corr,0.0,None,None,None,yes
4662,exp_cycles_indvary1_step3_batch_yyy07.pl,u1,yes,0.21,yes,corr,2.0,None,None,None,no
4663,exp_cycles_indvary1_step3_batch_yyy07.pl,d3,no,0.2,no,corr,0.0,None,None,None,yes
4664,exp_cycles_indvary1_step3_batch_yyy07.pl,f5,no,0.33,no,corr,0.0,None,None,None,yes
4665,exp_cycles_indvary1_step3_batch_yyy07.pl,e4,no,0.49,no,corr,0.0,None,None,None,yes
4666,exp_cycles_indvary1_step3_batch_yyy07.pl,s6,no,0.33,no,corr,0.0,None,None,None,yes
4667,exp_cycles_indvary1_step3_batch_yyy07.pl,r1,no,0.18,no,corr,0.0,None,None,None,yes
4668,exp_cycles_indvary1_step3_batch_yyy07.pl,y2,yes,0.36,yes,corr,1.0,None,None,None,no
4669,exp_cycles_indvary1_step3_batch_yyy07.pl,s4,no,0.21,no,corr,0.0,None,None,None,yes
4670,exp_cycles_indvary1_step3_batch_yyy07.pl,v7,no,0.21,no,corr,0.0,None,None,None,yes
4671,exp_cycles_indvary1_step3_batch_yyy08.pl,t4,no,0.23,no,corr,0.0,None,None,None,yes
4672,exp_cycles_indvary1_step3_batch_yyy08.pl,y4,no,0.54,no,corr,0.0,None,None,None,yes
4673,exp_cycles_indvary1_step3_batch_yyy08.pl,w2,yes,0.42,yes,corr,1.0,None,None,None,no
4674,exp_cycles_indvary1_step3_batch_yyy08.pl,t6,no,0.29,no,corr,0.0,None,None,None,yes
4675,exp_cycles_indvary1_step3_batch_yyy08.pl,e4,no,0.37,no,corr,0.0,None,None,None,yes
4676,exp_cycles_indvary1_step3_batch_yyy08.pl,v1,no,0.41,no,corr,8.0,None,None,None,no
4677,exp_cycles_indvary1_step3_batch_yyy08.pl,u3,no,0.27,no,corr,0.0,None,None,None,yes
4678,exp_cycles_indvary1_step3_batch_yyy08.pl,r7,no,0.43,no,corr,0.0,None,None,None,yes
4679,exp_cycles_indvary1_step3_batch_yyy08.pl,t2,yes,0.31,yes,corr,4.0,None,None,None,no
4680,exp_cycles_indvary1_step3_batch_yyy08.pl,b5,no,0.68,no,corr,0.0,None,None,None,yes
4681,exp_cycles_indvary1_step3_batch_yyy09.pl,z6,no,0.25,no,corr,0.0,None,None,None,yes
4682,exp_cycles_indvary1_step3_batch_yyy09.pl,y4,no,0.23,no,corr,0.0,None,None,None,yes
4683,exp_cycles_indvary1_step3_batch_yyy09.pl,d4,no,0.19,no,corr,0.0,None,None,None,yes
4684,exp_cycles_indvary1_step3_batch_yyy09.pl,c2,no,0.25,no,corr,1.0,None,None,None,no
4685,exp_cycles_indvary1_step3_batch_yyy09.pl,z2,no,0.24,no,corr,0.0,None,None,None,yes
4686,exp_cycles_indvary1_step3_batch_yyy09.pl,r1,yes,0.21,yes,corr,1.0,None,None,None,no
4687,exp_cycles_indvary1_step3_batch_yyy09.pl,r2,yes,0.29,yes,corr,3.0,None,None,None,no
4688,exp_cycles_indvary1_step3_batch_yyy09.pl,p6,no,0.4,no,corr,0.0,None,None,None,yes
4689,exp_cycles_indvary1_step3_batch_yyy09.pl,y2,yes,0.22,yes,corr,1.0,None,None,None,no
4690,exp_cycles_indvary1_step3_batch_yyy09.pl,x6,no,0.3,no,corr,0.0,None,None,None,yes
4691,exp_cycles_indvary1_step3_batch_yyy10.pl,t5,no,0.38,no,corr,0.0,None,None,None,yes
4692,exp_cycles_indvary1_step3_batch_yyy10.pl,v7,no,0.25,no,corr,0.0,None,None,None,yes
4693,exp_cycles_indvary1_step3_batch_yyy10.pl,z5,no,0.3,no,corr,0.0,None,None,None,yes
4694,exp_cycles_indvary1_step3_batch_yyy10.pl,u4,no,0.45,no,corr,0.0,None,None,None,yes
4695,exp_cycles_indvary1_step3_batch_yyy10.pl,v1,no,0.29,no,corr,0.0,None,None,None,yes
4696,exp_cycles_indvary1_step3_batch_yyy10.pl,z2,yes,0.32,yes,corr,6.0,None,None,None,no
4697,exp_cycles_indvary1_step3_batch_yyy10.pl,r3,no,0.25,no,corr,0.0,None,None,None,yes
4698,exp_cycles_indvary1_step3_batch_yyy10.pl,z1,yes,0.21,yes,corr,2.0,None,None,None,no
4699,exp_cycles_indvary1_step3_batch_yyy10.pl,c5,no,0.23,no,corr,0.0,None,None,None,yes
4700,exp_cycles_indvary1_step3_batch_yyy10.pl,b1,yes,0.22,yes,corr,6.0,None,None,None,no
4701,exp_cycles_indvary1_step4_batch_yyy01.pl,v7,no,0.23,no,corr,0.0,None,None,None,yes
4702,exp_cycles_indvary1_step4_batch_yyy01.pl,z5,no,0.21,no,corr,0.0,None,None,None,yes
4703,exp_cycles_indvary1_step4_batch_yyy01.pl,x3,no,0.26,no,corr,0.0,None,None,None,yes
4704,exp_cycles_indvary1_step4_batch_yyy01.pl,y3,yes,0.22,yes,corr,1.0,None,None,None,no
4705,exp_cycles_indvary1_step4_batch_yyy01.pl,p3,no,0.38,no,corr,0.0,None,None,None,yes
4706,exp_cycles_indvary1_step4_batch_yyy01.pl,u3,no,0.51,no,corr,3.0,None,None,None,no
4707,exp_cycles_indvary1_step4_batch_yyy01.pl,y2,yes,0.24,yes,corr,1.0,None,None,None,no
4708,exp_cycles_indvary1_step4_batch_yyy01.pl,r3,yes,0.29,yes,corr,1.0,None,None,None,no
4709,exp_cycles_indvary1_step4_batch_yyy01.pl,s3,no,0.31,no,corr,0.0,None,None,None,yes
4710,exp_cycles_indvary1_step4_batch_yyy01.pl,c4,no,0.35,no,corr,0.0,None,None,None,yes
4711,exp_cycles_indvary1_step4_batch_yyy02.pl,p4,no,0.18,no,corr,0.0,None,None,None,yes
4712,exp_cycles_indvary1_step4_batch_yyy02.pl,u1,yes,0.26,yes,corr,1.0,None,None,None,no
4713,exp_cycles_indvary1_step4_batch_yyy02.pl,q5,no,0.24,no,corr,0.0,None,None,None,yes
4714,exp_cycles_indvary1_step4_batch_yyy02.pl,z1,no,0.26,no,corr,0.0,None,None,None,yes
4715,exp_cycles_indvary1_step4_batch_yyy02.pl,p2,no,0.24,no,corr,3.0,None,None,None,no
4716,exp_cycles_indvary1_step4_batch_yyy02.pl,u2,yes,0.23,yes,corr,1.0,None,None,None,no
4717,exp_cycles_indvary1_step4_batch_yyy02.pl,y4,no,0.26,no,corr,0.0,None,None,None,yes
4718,exp_cycles_indvary1_step4_batch_yyy02.pl,v7,no,0.26,no,corr,0.0,None,None,None,yes
4719,exp_cycles_indvary1_step4_batch_yyy02.pl,c1,no,0.29,no,corr,1.0,None,None,None,no
4720,exp_cycles_indvary1_step4_batch_yyy02.pl,z2,no,0.22,no,corr,0.0,None,None,None,yes
4721,exp_cycles_indvary1_step4_batch_yyy03.pl,s3,no,0.22,no,corr,0.0,None,None,None,yes
4722,exp_cycles_indvary1_step4_batch_yyy03.pl,b3,no,0.25,no,corr,1.0,None,None,None,no
4723,exp_cycles_indvary1_step4_batch_yyy03.pl,q5,no,0.29,no,corr,0.0,None,None,None,yes
4724,exp_cycles_indvary1_step4_batch_yyy03.pl,f3,no,0.32,no,corr,0.0,None,None,None,yes
4725,exp_cycles_indvary1_step4_batch_yyy03.pl,x5,no,0.36,no,corr,0.0,None,None,None,yes
4726,exp_cycles_indvary1_step4_batch_yyy03.pl,v4,no,0.58,no,corr,0.0,None,None,None,yes
4727,exp_cycles_indvary1_step4_batch_yyy03.pl,q1,no,0.26,no,corr,0.0,None,None,None,yes
4728,exp_cycles_indvary1_step4_batch_yyy03.pl,w3,no,0.21,no,corr,7.0,None,None,None,no
4729,exp_cycles_indvary1_step4_batch_yyy03.pl,w2,no,0.2,no,corr,0.0,None,None,None,yes
4730,exp_cycles_indvary1_step4_batch_yyy03.pl,r6,no,0.19,no,corr,0.0,None,None,None,yes
4731,exp_cycles_indvary1_step4_batch_yyy04.pl,c4,no,0.28,no,corr,0.0,None,None,None,yes
4732,exp_cycles_indvary1_step4_batch_yyy04.pl,s4,no,0.22,no,corr,0.0,None,None,None,yes
4733,exp_cycles_indvary1_step4_batch_yyy04.pl,q6,no,0.2,no,corr,0.0,None,None,None,yes
4734,exp_cycles_indvary1_step4_batch_yyy04.pl,f1,no,0.25,no,corr,1.0,None,None,None,no
4735,exp_cycles_indvary1_step4_batch_yyy04.pl,x2,yes,0.16,yes,corr,1.0,None,None,None,no
4736,exp_cycles_indvary1_step4_batch_yyy04.pl,y3,yes,0.28,yes,corr,1.0,None,None,None,no
4737,exp_cycles_indvary1_step4_batch_yyy04.pl,t7,no,0.35,no,corr,0.0,None,None,None,yes
4738,exp_cycles_indvary1_step4_batch_yyy04.pl,r1,no,0.25,no,corr,0.0,None,None,None,yes
4739,exp_cycles_indvary1_step4_batch_yyy04.pl,a2,no,0.32,no,corr,1.0,None,None,None,no
4740,exp_cycles_indvary1_step4_batch_yyy04.pl,f2,yes,0.27,yes,corr,1.0,None,None,None,no
4741,exp_cycles_indvary1_step4_batch_yyy05.pl,y4,no,0.23,no,corr,0.0,None,None,None,yes
4742,exp_cycles_indvary1_step4_batch_yyy05.pl,v2,no,0.25,no,corr,0.0,None,None,None,yes
4743,exp_cycles_indvary1_step4_batch_yyy05.pl,w5,no,0.23,no,corr,0.0,None,None,None,yes
4744,exp_cycles_indvary1_step4_batch_yyy05.pl,x2,yes,0.27,yes,corr,2.0,None,None,None,no
4745,exp_cycles_indvary1_step4_batch_yyy05.pl,s7,no,0.19,no,corr,0.0,None,None,None,yes
4746,exp_cycles_indvary1_step4_batch_yyy05.pl,d1,no,0.23,no,corr,1.0,None,None,None,no
4747,exp_cycles_indvary1_step4_batch_yyy05.pl,t6,no,0.27,no,corr,0.0,None,None,None,yes
4748,exp_cycles_indvary1_step4_batch_yyy05.pl,a5,no,0.38,no,corr,0.0,None,None,None,yes
4749,exp_cycles_indvary1_step4_batch_yyy05.pl,r5,no,0.28,no,corr,0.0,None,None,None,yes
4750,exp_cycles_indvary1_step4_batch_yyy05.pl,e4,no,0.48,no,corr,0.0,None,None,None,yes
4751,exp_cycles_indvary1_step4_batch_yyy06.pl,p5,no,0.35,no,corr,0.0,None,None,None,yes
4752,exp_cycles_indvary1_step4_batch_yyy06.pl,s5,no,0.31,no,corr,0.0,None,None,None,yes
4753,exp_cycles_indvary1_step4_batch_yyy06.pl,t6,no,0.28,no,corr,0.0,None,None,None,yes
4754,exp_cycles_indvary1_step4_batch_yyy06.pl,c6,no,0.25,no,corr,0.0,None,None,None,yes
4755,exp_cycles_indvary1_step4_batch_yyy06.pl,p2,yes,0.31,yes,corr,2.0,None,None,None,no
4756,exp_cycles_indvary1_step4_batch_yyy06.pl,w3,no,0.23,no,corr,0.0,None,None,None,yes
4757,exp_cycles_indvary1_step4_batch_yyy06.pl,a6,no,0.26,no,corr,0.0,None,None,None,yes
4758,exp_cycles_indvary1_step4_batch_yyy06.pl,b3,yes,0.18,yes,corr,0.0,None,None,None,no
4759,exp_cycles_indvary1_step4_batch_yyy06.pl,r7,no,0.25,no,corr,0.0,None,None,None,yes
4760,exp_cycles_indvary1_step4_batch_yyy06.pl,b6,no,0.54,no,corr,0.0,None,None,None,yes
4761,exp_cycles_indvary1_step4_batch_yyy07.pl,a6,no,0.55,no,corr,0.0,None,None,None,yes
4762,exp_cycles_indvary1_step4_batch_yyy07.pl,v6,no,0.35,no,corr,0.0,None,None,None,yes
4763,exp_cycles_indvary1_step4_batch_yyy07.pl,c5,no,0.25,no,corr,0.0,None,None,None,yes
4764,exp_cycles_indvary1_step4_batch_yyy07.pl,w1,yes,0.26,yes,corr,2.0,None,None,None,no
4765,exp_cycles_indvary1_step4_batch_yyy07.pl,r7,no,0.24,no,corr,0.0,None,None,None,yes
4766,exp_cycles_indvary1_step4_batch_yyy07.pl,y5,no,0.62,no,corr,0.0,None,None,None,yes
4767,exp_cycles_indvary1_step4_batch_yyy07.pl,x4,no,0.36,no,corr,0.0,None,None,None,yes
4768,exp_cycles_indvary1_step4_batch_yyy07.pl,f2,no,0.18,no,corr,1.0,None,None,None,no
4769,exp_cycles_indvary1_step4_batch_yyy07.pl,e2,yes,0.26,yes,corr,0.0,None,None,None,no
4770,exp_cycles_indvary1_step4_batch_yyy07.pl,t1,yes,0.24,yes,corr,1.0,None,None,None,no
4771,exp_cycles_indvary1_step4_batch_yyy08.pl,e5,no,0.65,no,corr,0.0,None,None,None,yes
4772,exp_cycles_indvary1_step4_batch_yyy08.pl,u4,no,0.36,no,corr,0.0,None,None,None,yes
4773,exp_cycles_indvary1_step4_batch_yyy08.pl,v5,no,0.2,no,corr,0.0,None,None,None,yes
4774,exp_cycles_indvary1_step4_batch_yyy08.pl,t3,yes,0.35,yes,corr,1.0,None,None,None,no
4775,exp_cycles_indvary1_step4_batch_yyy08.pl,x7,no,0.38,no,corr,0.0,None,None,None,yes
4776,exp_cycles_indvary1_step4_batch_yyy08.pl,w6,no,0.22,no,corr,0.0,None,None,None,yes
4777,exp_cycles_indvary1_step4_batch_yyy08.pl,t2,yes,0.33,yes,corr,1.0,None,None,None,no
4778,exp_cycles_indvary1_step4_batch_yyy08.pl,f4,no,0.21,no,corr,0.0,None,None,None,yes
4779,exp_cycles_indvary1_step4_batch_yyy08.pl,r2,no,0.31,no,corr,0.0,None,None,None,yes
4780,exp_cycles_indvary1_step4_batch_yyy08.pl,b6,no,0.21,no,corr,0.0,None,None,None,yes
4781,exp_cycles_indvary1_step4_batch_yyy09.pl,w7,no,0.31,no,corr,0.0,None,None,None,yes
4782,exp_cycles_indvary1_step4_batch_yyy09.pl,e1,yes,0.27,yes,corr,4.0,None,None,None,no
4783,exp_cycles_indvary1_step4_batch_yyy09.pl,v6,no,0.33,no,corr,0.0,None,None,None,yes
4784,exp_cycles_indvary1_step4_batch_yyy09.pl,c2,yes,0.29,yes,corr,4.0,None,None,None,no
4785,exp_cycles_indvary1_step4_batch_yyy09.pl,e3,no,0.25,no,corr,0.0,None,None,None,yes
4786,exp_cycles_indvary1_step4_batch_yyy09.pl,a3,yes,0.26,yes,corr,3.0,None,None,None,no
4787,exp_cycles_indvary1_step4_batch_yyy09.pl,q1,no,0.3,no,corr,8.0,None,None,None,no
4788,exp_cycles_indvary1_step4_batch_yyy09.pl,a2,yes,0.35,yes,corr,1.0,None,None,None,no
4789,exp_cycles_indvary1_step4_batch_yyy09.pl,a4,no,0.2,no,corr,0.0,None,None,None,yes
4790,exp_cycles_indvary1_step4_batch_yyy09.pl,x2,yes,0.21,yes,corr,1.0,None,None,None,no
4791,exp_cycles_indvary1_step4_batch_yyy10.pl,v7,no,0.45,no,corr,0.0,None,None,None,yes
4792,exp_cycles_indvary1_step4_batch_yyy10.pl,u1,no,0.28,no,corr,0.0,None,None,None,yes
4793,exp_cycles_indvary1_step4_batch_yyy10.pl,b5,no,0.42,no,corr,0.0,None,None,None,yes
4794,exp_cycles_indvary1_step4_batch_yyy10.pl,a1,no,0.42,no,corr,1.0,None,None,None,no
4795,exp_cycles_indvary1_step4_batch_yyy10.pl,y6,no,0.22,no,corr,0.0,None,None,None,yes
4796,exp_cycles_indvary1_step4_batch_yyy10.pl,a4,no,0.21,no,corr,0.0,None,None,None,yes
4797,exp_cycles_indvary1_step4_batch_yyy10.pl,x2,no,0.21,no,corr,0.0,None,None,None,yes
4798,exp_cycles_indvary1_step4_batch_yyy10.pl,f5,no,0.36,no,corr,0.0,None,None,None,yes
4799,exp_cycles_indvary1_step4_batch_yyy10.pl,r3,yes,0.55,yes,corr,1.0,None,None,None,no
4800,exp_cycles_indvary1_step4_batch_yyy10.pl,q1,no,0.61,no,corr,0.0,None,None,None,yes
4801,exp_cycles_indvary1_step5_batch_yyy01.pl,p7,no,0.35,no,corr,0.0,None,None,None,yes
4802,exp_cycles_indvary1_step5_batch_yyy01.pl,q5,no,0.29,no,corr,0.0,None,None,None,yes
4803,exp_cycles_indvary1_step5_batch_yyy01.pl,q4,no,0.28,no,corr,0.0,None,None,None,yes
4804,exp_cycles_indvary1_step5_batch_yyy01.pl,x2,no,0.19,no,corr,0.0,None,None,None,yes
4805,exp_cycles_indvary1_step5_batch_yyy01.pl,c1,no,0.22,no,corr,1.0,None,None,None,no
4806,exp_cycles_indvary1_step5_batch_yyy01.pl,p2,no,8.97,no,corr,20.0,None,None,None,no
4807,exp_cycles_indvary1_step5_batch_yyy01.pl,s4,no,0.28,no,corr,0.0,None,None,None,yes
4808,exp_cycles_indvary1_step5_batch_yyy01.pl,v7,no,0.34,no,corr,0.0,None,None,None,yes
4809,exp_cycles_indvary1_step5_batch_yyy01.pl,x4,yes,0.3,yes,corr,6.0,None,None,None,no
4810,exp_cycles_indvary1_step5_batch_yyy01.pl,w3,yes,0.27,yes,corr,1.0,None,None,None,no
4811,exp_cycles_indvary1_step5_batch_yyy02.pl,z5,no,0.37,no,corr,0.0,None,None,None,yes
4812,exp_cycles_indvary1_step5_batch_yyy02.pl,f1,no,0.45,no,corr,3.0,None,None,None,no
4813,exp_cycles_indvary1_step5_batch_yyy02.pl,x7,no,0.26,no,corr,0.0,None,None,None,yes
4814,exp_cycles_indvary1_step5_batch_yyy02.pl,u3,yes,0.3,yes,corr,1.0,None,None,None,no
4815,exp_cycles_indvary1_step5_batch_yyy02.pl,y1,yes,0.35,yes,corr,1.0,None,None,None,no
4816,exp_cycles_indvary1_step5_batch_yyy02.pl,p2,no,0.21,no,corr,0.0,None,None,None,yes
4817,exp_cycles_indvary1_step5_batch_yyy02.pl,c2,yes,0.33,yes,corr,2.0,None,None,None,no
4818,exp_cycles_indvary1_step5_batch_yyy02.pl,a5,no,0.26,no,corr,0.0,None,None,None,yes
4819,exp_cycles_indvary1_step5_batch_yyy02.pl,x5,no,0.23,no,corr,0.0,None,None,None,yes
4820,exp_cycles_indvary1_step5_batch_yyy02.pl,s6,no,0.31,no,corr,0.0,None,None,None,yes
4821,exp_cycles_indvary1_step5_batch_yyy03.pl,u4,no,0.28,no,corr,0.0,None,None,None,yes
4822,exp_cycles_indvary1_step5_batch_yyy03.pl,q4,no,0.25,no,corr,0.0,None,None,None,yes
4823,exp_cycles_indvary1_step5_batch_yyy03.pl,z2,no,0.47,no,corr,0.0,None,None,None,yes
4824,exp_cycles_indvary1_step5_batch_yyy03.pl,u3,no,0.47,no,corr,1.0,None,None,None,no
4825,exp_cycles_indvary1_step5_batch_yyy03.pl,y1,yes,0.5,yes,corr,1.0,None,None,None,no
4826,exp_cycles_indvary1_step5_batch_yyy03.pl,y6,no,0.26,no,corr,0.0,None,None,None,yes
4827,exp_cycles_indvary1_step5_batch_yyy03.pl,a2,yes,0.23,yes,corr,0.0,None,None,None,no
4828,exp_cycles_indvary1_step5_batch_yyy03.pl,q2,no,0.22,no,corr,0.0,None,None,None,yes
4829,exp_cycles_indvary1_step5_batch_yyy03.pl,p7,no,0.27,no,corr,0.0,None,None,None,yes
4830,exp_cycles_indvary1_step5_batch_yyy03.pl,x3,no,0.23,no,corr,0.0,None,None,None,yes
4831,exp_cycles_indvary1_step5_batch_yyy04.pl,s4,no,0.38,no,corr,3.0,None,None,None,no
4832,exp_cycles_indvary1_step5_batch_yyy04.pl,v2,no,0.22,no,corr,0.0,None,None,None,yes
4833,exp_cycles_indvary1_step5_batch_yyy04.pl,p7,no,0.52,no,corr,0.0,None,None,None,yes
4834,exp_cycles_indvary1_step5_batch_yyy04.pl,u1,yes,0.26,yes,corr,1.0,None,None,None,no
4835,exp_cycles_indvary1_step5_batch_yyy04.pl,a4,no,0.34,no,corr,0.0,None,None,None,yes
4836,exp_cycles_indvary1_step5_batch_yyy04.pl,q1,no,0.21,no,corr,0.0,None,None,None,yes
4837,exp_cycles_indvary1_step5_batch_yyy04.pl,b4,no,0.25,no,corr,0.0,None,None,None,yes
4838,exp_cycles_indvary1_step5_batch_yyy04.pl,q5,no,0.34,no,corr,0.0,None,None,None,yes
4839,exp_cycles_indvary1_step5_batch_yyy04.pl,t2,no,0.2,no,corr,0.0,None,None,None,yes
4840,exp_cycles_indvary1_step5_batch_yyy04.pl,c6,no,0.26,no,corr,0.0,None,None,None,yes
4841,exp_cycles_indvary1_step5_batch_yyy05.pl,e1,yes,0.28,yes,corr,0.0,None,None,None,no
4842,exp_cycles_indvary1_step5_batch_yyy05.pl,d3,no,0.2,no,corr,0.0,None,None,None,yes
4843,exp_cycles_indvary1_step5_batch_yyy05.pl,v5,no,0.26,no,corr,0.0,None,None,None,yes
4844,exp_cycles_indvary1_step5_batch_yyy05.pl,b4,no,0.26,no,corr,0.0,None,None,None,yes
4845,exp_cycles_indvary1_step5_batch_yyy05.pl,w1,no,0.23,no,corr,0.0,None,None,None,yes
4846,exp_cycles_indvary1_step5_batch_yyy05.pl,e3,no,0.3,no,corr,0.0,None,None,None,yes
4847,exp_cycles_indvary1_step5_batch_yyy05.pl,p2,no,0.25,no,corr,0.0,None,None,None,no
4848,exp_cycles_indvary1_step5_batch_yyy05.pl,q3,no,0.29,no,corr,2.0,None,None,None,no
4849,exp_cycles_indvary1_step5_batch_yyy05.pl,s7,no,0.17,no,corr,0.0,None,None,None,yes
4850,exp_cycles_indvary1_step5_batch_yyy05.pl,y5,no,0.43,no,corr,0.0,None,None,None,yes
4851,exp_cycles_indvary1_step5_batch_yyy06.pl,u4,no,0.26,no,corr,3.0,None,None,None,no
4852,exp_cycles_indvary1_step5_batch_yyy06.pl,w5,no,0.26,no,corr,0.0,None,None,None,yes
4853,exp_cycles_indvary1_step5_batch_yyy06.pl,s2,no,0.23,no,corr,4.0,None,None,None,no
4854,exp_cycles_indvary1_step5_batch_yyy06.pl,f5,no,0.2,no,corr,0.0,None,None,None,yes
4855,exp_cycles_indvary1_step5_batch_yyy06.pl,r5,no,0.17,no,corr,0.0,None,None,None,yes
4856,exp_cycles_indvary1_step5_batch_yyy06.pl,v4,no,0.3,no,corr,0.0,None,None,None,yes
4857,exp_cycles_indvary1_step5_batch_yyy06.pl,s5,no,0.25,no,corr,0.0,None,None,None,yes
4858,exp_cycles_indvary1_step5_batch_yyy06.pl,t3,no,0.24,no,corr,0.0,None,None,None,yes
4859,exp_cycles_indvary1_step5_batch_yyy06.pl,e2,no,0.25,no,corr,1.0,None,None,None,no
4860,exp_cycles_indvary1_step5_batch_yyy06.pl,r3,yes,0.46,yes,corr,1.0,None,None,None,no
4861,exp_cycles_indvary1_step5_batch_yyy07.pl,u5,no,0.34,no,corr,0.0,None,None,None,yes
4862,exp_cycles_indvary1_step5_batch_yyy07.pl,y4,no,0.27,no,corr,0.0,None,None,None,yes
4863,exp_cycles_indvary1_step5_batch_yyy07.pl,v2,no,0.23,no,corr,0.0,None,None,None,yes
4864,exp_cycles_indvary1_step5_batch_yyy07.pl,p4,yes,0.17,yes,corr,1.0,None,None,None,no
4865,exp_cycles_indvary1_step5_batch_yyy07.pl,w2,no,0.34,no,corr,0.0,None,None,None,yes
4866,exp_cycles_indvary1_step5_batch_yyy07.pl,c5,no,0.39,no,corr,0.0,None,None,None,yes
4867,exp_cycles_indvary1_step5_batch_yyy07.pl,r5,no,0.47,no,corr,0.0,None,None,None,yes
4868,exp_cycles_indvary1_step5_batch_yyy07.pl,s6,no,0.25,no,corr,0.0,None,None,None,yes
4869,exp_cycles_indvary1_step5_batch_yyy07.pl,r7,no,0.22,no,corr,0.0,None,None,None,yes
4870,exp_cycles_indvary1_step5_batch_yyy07.pl,a2,yes,0.24,yes,corr,0.0,None,None,None,no
4871,exp_cycles_indvary1_step5_batch_yyy08.pl,u6,no,0.24,no,corr,0.0,None,None,None,yes
4872,exp_cycles_indvary1_step5_batch_yyy08.pl,t4,yes,0.27,yes,corr,4.0,None,None,None,no
4873,exp_cycles_indvary1_step5_batch_yyy08.pl,a6,no,0.2,no,corr,0.0,None,None,None,yes
4874,exp_cycles_indvary1_step5_batch_yyy08.pl,d3,no,0.24,no,corr,0.0,None,None,None,yes
4875,exp_cycles_indvary1_step5_batch_yyy08.pl,t3,yes,0.3,yes,corr,1.0,None,None,None,no
4876,exp_cycles_indvary1_step5_batch_yyy08.pl,a5,no,0.21,no,corr,0.0,None,None,None,yes
4877,exp_cycles_indvary1_step5_batch_yyy08.pl,v1,no,0.21,no,corr,0.0,None,None,None,yes
4878,exp_cycles_indvary1_step5_batch_yyy08.pl,r3,no,0.3,no,corr,5.0,None,None,None,no
4879,exp_cycles_indvary1_step5_batch_yyy08.pl,y6,no,0.24,no,corr,0.0,None,None,None,yes
4880,exp_cycles_indvary1_step5_batch_yyy08.pl,q2,no,0.25,no,corr,0.0,None,None,None,yes
4881,exp_cycles_indvary1_step5_batch_yyy09.pl,x3,no,0.37,no,corr,0.0,None,None,None,yes
4882,exp_cycles_indvary1_step5_batch_yyy09.pl,z1,no,0.24,no,corr,0.0,None,None,None,yes
4883,exp_cycles_indvary1_step5_batch_yyy09.pl,p3,no,0.57,no,corr,9.0,None,None,None,no
4884,exp_cycles_indvary1_step5_batch_yyy09.pl,y2,no,0.33,no,corr,0.0,None,None,None,yes
4885,exp_cycles_indvary1_step5_batch_yyy09.pl,s7,no,0.34,no,corr,0.0,None,None,None,yes
4886,exp_cycles_indvary1_step5_batch_yyy09.pl,p6,no,0.23,no,corr,0.0,None,None,None,yes
4887,exp_cycles_indvary1_step5_batch_yyy09.pl,q5,no,0.35,no,corr,0.0,None,None,None,yes
4888,exp_cycles_indvary1_step5_batch_yyy09.pl,t3,no,0.82,no,corr,0.0,None,None,None,yes
4889,exp_cycles_indvary1_step5_batch_yyy09.pl,x5,no,0.33,no,corr,0.0,None,None,None,yes
4890,exp_cycles_indvary1_step5_batch_yyy09.pl,c6,no,0.24,no,corr,0.0,None,None,None,yes
4891,exp_cycles_indvary1_step5_batch_yyy10.pl,v2,no,0.44,no,corr,10.0,None,None,None,no
4892,exp_cycles_indvary1_step5_batch_yyy10.pl,e5,no,0.25,no,corr,0.0,None,None,None,yes
4893,exp_cycles_indvary1_step5_batch_yyy10.pl,x7,no,0.24,no,corr,0.0,None,None,None,yes
4894,exp_cycles_indvary1_step5_batch_yyy10.pl,d2,yes,0.23,yes,corr,1.0,None,None,None,no
4895,exp_cycles_indvary1_step5_batch_yyy10.pl,p1,no,0.3,no,corr,3.0,None,None,None,no
4896,exp_cycles_indvary1_step5_batch_yyy10.pl,c2,yes,0.5,yes,corr,1.0,None,None,None,no
4897,exp_cycles_indvary1_step5_batch_yyy10.pl,a5,no,0.55,no,corr,0.0,None,None,None,yes
4898,exp_cycles_indvary1_step5_batch_yyy10.pl,t2,no,0.36,no,corr,0.0,None,None,None,yes
4899,exp_cycles_indvary1_step5_batch_yyy10.pl,s6,no,0.26,no,corr,0.0,None,None,None,yes
4900,exp_cycles_indvary1_step5_batch_yyy10.pl,b5,no,0.27,no,corr,0.0,None,None,None,yes
4901,exp_cycles_indvary1_step6_batch_yyy01.pl,u5,yes,0.35,yes,corr,4.0,None,None,None,no
4902,exp_cycles_indvary1_step6_batch_yyy01.pl,c3,yes,0.47,yes,corr,0.0,None,None,None,no
4903,exp_cycles_indvary1_step6_batch_yyy01.pl,z5,no,0.37,no,corr,0.0,None,None,None,yes
4904,exp_cycles_indvary1_step6_batch_yyy01.pl,d4,no,0.21,no,corr,0.0,None,None,None,yes
4905,exp_cycles_indvary1_step6_batch_yyy01.pl,w2,no,0.24,no,corr,0.0,None,None,None,yes
4906,exp_cycles_indvary1_step6_batch_yyy01.pl,q4,no,0.21,no,corr,0.0,None,None,None,yes
4907,exp_cycles_indvary1_step6_batch_yyy01.pl,x5,yes,0.54,yes,corr,1.0,None,None,None,no
4908,exp_cycles_indvary1_step6_batch_yyy01.pl,q3,no,0.31,no,corr,5.0,None,None,None,no
4909,exp_cycles_indvary1_step6_batch_yyy01.pl,r2,no,0.28,no,corr,0.0,None,None,None,yes
4910,exp_cycles_indvary1_step6_batch_yyy01.pl,a2,yes,0.4,yes,corr,0.0,None,None,None,no
4911,exp_cycles_indvary1_step6_batch_yyy02.pl,s3,no,0.32,no,corr,0.0,None,None,None,yes
4912,exp_cycles_indvary1_step6_batch_yyy02.pl,z5,yes,0.31,yes,corr,1.0,None,None,None,no
4913,exp_cycles_indvary1_step6_batch_yyy02.pl,e5,no,0.34,no,corr,0.0,None,None,None,yes
4914,exp_cycles_indvary1_step6_batch_yyy02.pl,w6,no,0.27,no,corr,0.0,None,None,None,yes
4915,exp_cycles_indvary1_step6_batch_yyy02.pl,x5,no,0.21,no,corr,0.0,None,None,None,yes
4916,exp_cycles_indvary1_step6_batch_yyy02.pl,f4,no,0.28,no,corr,0.0,None,None,None,yes
4917,exp_cycles_indvary1_step6_batch_yyy02.pl,r7,no,0.26,no,corr,0.0,None,None,None,yes
4918,exp_cycles_indvary1_step6_batch_yyy02.pl,x4,no,0.17,no,corr,0.0,None,None,None,yes
4919,exp_cycles_indvary1_step6_batch_yyy02.pl,c2,yes,0.34,yes,corr,1.0,None,None,None,no
4920,exp_cycles_indvary1_step6_batch_yyy02.pl,a5,no,0.24,no,corr,0.0,None,None,None,yes
4921,exp_cycles_indvary1_step6_batch_yyy03.pl,t4,no,0.25,no,corr,0.0,None,None,None,yes
4922,exp_cycles_indvary1_step6_batch_yyy03.pl,v7,no,0.3,no,corr,0.0,None,None,None,yes
4923,exp_cycles_indvary1_step6_batch_yyy03.pl,x3,yes,0.3,yes,corr,2.0,None,None,None,no
4924,exp_cycles_indvary1_step6_batch_yyy03.pl,w6,no,0.4,no,corr,0.0,None,None,None,yes
4925,exp_cycles_indvary1_step6_batch_yyy03.pl,e4,no,0.75,no,corr,0.0,None,None,None,yes
4926,exp_cycles_indvary1_step6_batch_yyy03.pl,b5,no,0.23,no,corr,0.0,None,None,None,yes
4927,exp_cycles_indvary1_step6_batch_yyy03.pl,r2,yes,0.23,yes,corr,1.0,None,None,None,no
4928,exp_cycles_indvary1_step6_batch_yyy03.pl,y5,no,0.21,no,corr,0.0,None,None,None,yes
4929,exp_cycles_indvary1_step6_batch_yyy03.pl,v4,no,0.39,no,corr,2.0,None,None,None,no
4930,exp_cycles_indvary1_step6_batch_yyy03.pl,r4,no,0.17,no,corr,0.0,None,None,None,yes
4931,exp_cycles_indvary1_step6_batch_yyy04.pl,f5,no,0.42,no,corr,0.0,None,None,None,yes
4932,exp_cycles_indvary1_step6_batch_yyy04.pl,v1,no,0.62,no,corr,0.0,None,None,None,yes
4933,exp_cycles_indvary1_step6_batch_yyy04.pl,x5,no,0.29,no,corr,0.0,None,None,None,yes
4934,exp_cycles_indvary1_step6_batch_yyy04.pl,r2,yes,0.21,yes,corr,1.0,None,None,None,no
4935,exp_cycles_indvary1_step6_batch_yyy04.pl,v6,no,0.29,no,corr,0.0,None,None,None,yes
4936,exp_cycles_indvary1_step6_batch_yyy04.pl,u1,yes,0.28,yes,corr,1.0,None,None,None,no
4937,exp_cycles_indvary1_step6_batch_yyy04.pl,w4,no,0.53,no,corr,8.0,None,None,None,no
4938,exp_cycles_indvary1_step6_batch_yyy04.pl,f3,no,0.23,no,corr,0.0,None,None,None,yes
4939,exp_cycles_indvary1_step6_batch_yyy04.pl,d1,no,0.24,no,corr,1.0,None,None,None,no
4940,exp_cycles_indvary1_step6_batch_yyy04.pl,u2,no,0.27,no,corr,0.0,None,None,None,yes
4941,exp_cycles_indvary1_step6_batch_yyy05.pl,c3,no,0.38,no,corr,1.0,None,None,None,no
4942,exp_cycles_indvary1_step6_batch_yyy05.pl,d3,no,0.73,no,corr,0.0,None,None,None,yes
4943,exp_cycles_indvary1_step6_batch_yyy05.pl,v5,no,0.22,no,corr,0.0,None,None,None,yes
4944,exp_cycles_indvary1_step6_batch_yyy05.pl,x7,no,0.27,no,corr,0.0,None,None,None,yes
4945,exp_cycles_indvary1_step6_batch_yyy05.pl,a4,no,0.25,no,corr,0.0,None,None,None,yes
4946,exp_cycles_indvary1_step6_batch_yyy05.pl,s1,no,0.3,no,corr,0.0,None,None,None,yes
4947,exp_cycles_indvary1_step6_batch_yyy05.pl,a6,no,0.29,no,corr,0.0,None,None,None,yes
4948,exp_cycles_indvary1_step6_batch_yyy05.pl,y4,yes,0.25,yes,corr,1.0,None,None,None,no
4949,exp_cycles_indvary1_step6_batch_yyy05.pl,q7,no,0.2,no,corr,0.0,None,None,None,yes
4950,exp_cycles_indvary1_step6_batch_yyy05.pl,y5,no,0.34,no,corr,0.0,None,None,None,yes
4951,exp_cycles_indvary1_step6_batch_yyy06.pl,u6,no,0.4,no,corr,0.0,None,None,None,yes
4952,exp_cycles_indvary1_step6_batch_yyy06.pl,z6,no,0.37,no,corr,0.0,None,None,None,yes
4953,exp_cycles_indvary1_step6_batch_yyy06.pl,y4,no,0.39,no,corr,5.0,None,None,None,no
4954,exp_cycles_indvary1_step6_batch_yyy06.pl,x2,no,0.24,no,corr,0.0,None,None,None,yes
4955,exp_cycles_indvary1_step6_batch_yyy06.pl,f3,no,0.27,no,corr,0.0,None,None,None,yes
4956,exp_cycles_indvary1_step6_batch_yyy06.pl,e3,no,0.24,no,corr,0.0,None,None,None,yes
4957,exp_cycles_indvary1_step6_batch_yyy06.pl,p2,no,0.18,no,corr,0.0,None,None,None,yes
4958,exp_cycles_indvary1_step6_batch_yyy06.pl,q6,no,0.24,no,corr,0.0,None,None,None,yes
4959,exp_cycles_indvary1_step6_batch_yyy06.pl,z5,no,0.24,no,corr,0.0,None,None,None,yes
4960,exp_cycles_indvary1_step6_batch_yyy06.pl,v2,no,0.19,no,corr,0.0,None,None,None,yes
4961,exp_cycles_indvary1_step6_batch_yyy07.pl,u5,yes,0.21,yes,corr,1.0,None,None,None,no
4962,exp_cycles_indvary1_step6_batch_yyy07.pl,z6,no,0.2,no,corr,0.0,None,None,None,yes
4963,exp_cycles_indvary1_step6_batch_yyy07.pl,p5,no,0.19,no,corr,0.0,None,None,None,yes
4964,exp_cycles_indvary1_step6_batch_yyy07.pl,q4,no,0.27,no,corr,2.0,None,None,None,no
4965,exp_cycles_indvary1_step6_batch_yyy07.pl,b5,no,0.21,no,corr,0.0,None,None,None,yes
4966,exp_cycles_indvary1_step6_batch_yyy07.pl,p2,no,0.49,no,corr,0.0,None,None,None,yes
4967,exp_cycles_indvary1_step6_batch_yyy07.pl,y2,no,0.92,no,corr,2.0,None,None,None,no
4968,exp_cycles_indvary1_step6_batch_yyy07.pl,r2,yes,0.29,yes,corr,2.0,None,None,None,no
4969,exp_cycles_indvary1_step6_batch_yyy07.pl,w2,yes,0.21,yes,corr,2.0,None,None,None,no
4970,exp_cycles_indvary1_step6_batch_yyy07.pl,r6,no,0.26,no,corr,0.0,None,None,None,yes
4971,exp_cycles_indvary1_step6_batch_yyy08.pl,z6,no,0.26,no,corr,0.0,None,None,None,yes
4972,exp_cycles_indvary1_step6_batch_yyy08.pl,p4,yes,0.3,yes,corr,1.0,None,None,None,no
4973,exp_cycles_indvary1_step6_batch_yyy08.pl,w4,no,0.23,no,corr,0.0,None,None,None,yes
4974,exp_cycles_indvary1_step6_batch_yyy08.pl,z2,no,0.34,no,corr,0.0,None,None,None,yes
4975,exp_cycles_indvary1_step6_batch_yyy08.pl,e3,no,0.23,no,corr,0.0,None,None,None,yes
4976,exp_cycles_indvary1_step6_batch_yyy08.pl,x1,yes,0.31,yes,corr,1.0,None,None,None,no
4977,exp_cycles_indvary1_step6_batch_yyy08.pl,p1,no,0.25,no,corr,0.0,None,None,None,yes
4978,exp_cycles_indvary1_step6_batch_yyy08.pl,f2,no,0.42,no,corr,1.0,None,None,None,no
4979,exp_cycles_indvary1_step6_batch_yyy08.pl,z5,no,0.21,no,corr,0.0,None,None,None,yes
4980,exp_cycles_indvary1_step6_batch_yyy08.pl,v2,no,0.26,no,corr,5.0,None,None,None,no
4981,exp_cycles_indvary1_step6_batch_yyy09.pl,s3,no,0.69,no,corr,0.0,None,None,None,yes
4982,exp_cycles_indvary1_step6_batch_yyy09.pl,d4,no,0.35,no,corr,0.0,None,None,None,yes
4983,exp_cycles_indvary1_step6_batch_yyy09.pl,v5,no,0.33,no,corr,0.0,None,None,None,yes
4984,exp_cycles_indvary1_step6_batch_yyy09.pl,w6,no,0.2,no,corr,0.0,None,None,None,yes
4985,exp_cycles_indvary1_step6_batch_yyy09.pl,s1,no,0.76,no,corr,0.0,None,None,None,yes
4986,exp_cycles_indvary1_step6_batch_yyy09.pl,p2,no,0.28,no,corr,0.0,None,None,None,yes
4987,exp_cycles_indvary1_step6_batch_yyy09.pl,z3,no,0.23,no,corr,5.0,None,None,None,no
4988,exp_cycles_indvary1_step6_batch_yyy09.pl,v3,no,0.27,no,corr,0.0,None,None,None,yes
4989,exp_cycles_indvary1_step6_batch_yyy09.pl,c2,no,0.23,no,corr,1.0,None,None,None,no
4990,exp_cycles_indvary1_step6_batch_yyy09.pl,a5,no,0.24,no,corr,0.0,None,None,None,yes
4991,exp_cycles_indvary1_step6_batch_yyy10.pl,a6,no,0.31,no,corr,0.0,None,None,None,yes
4992,exp_cycles_indvary1_step6_batch_yyy10.pl,v2,no,0.97,no,corr,10.0,None,None,None,no
4993,exp_cycles_indvary1_step6_batch_yyy10.pl,t6,no,0.26,no,corr,0.0,None,None,None,yes
4994,exp_cycles_indvary1_step6_batch_yyy10.pl,w1,no,1.17,no,corr,12.0,None,None,None,no
4995,exp_cycles_indvary1_step6_batch_yyy10.pl,e3,no,0.24,no,corr,0.0,None,None,None,yes
4996,exp_cycles_indvary1_step6_batch_yyy10.pl,r1,no,0.24,no,corr,0.0,None,None,None,yes
4997,exp_cycles_indvary1_step6_batch_yyy10.pl,z4,no,0.28,no,corr,0.0,None,None,None,yes
4998,exp_cycles_indvary1_step6_batch_yyy10.pl,r5,no,0.52,no,corr,9.0,None,None,None,no
4999,exp_cycles_indvary1_step6_batch_yyy10.pl,u2,no,0.52,no,corr,4.0,None,None,None,no
5000,exp_cycles_indvary1_step6_batch_yyy10.pl,q1,no,0.59,no,corr,0.0,None,None,None,yes
5001,exp_cycles_indvary1_step7_batch_yyy01.pl,c4,no,0.4,no,corr,0.0,None,None,None,yes
5002,exp_cycles_indvary1_step7_batch_yyy01.pl,u4,yes,0.26,yes,corr,2.0,None,None,None,no
5003,exp_cycles_indvary1_step7_batch_yyy01.pl,s2,no,0.27,no,corr,0.0,None,None,None,yes
5004,exp_cycles_indvary1_step7_batch_yyy01.pl,f5,no,0.26,no,corr,0.0,None,None,None,yes
5005,exp_cycles_indvary1_step7_batch_yyy01.pl,r2,no,0.22,no,corr,0.0,None,None,None,yes
5006,exp_cycles_indvary1_step7_batch_yyy01.pl,w3,no,0.29,no,corr,0.0,None,None,None,yes
5007,exp_cycles_indvary1_step7_batch_yyy01.pl,f1,no,0.26,no,corr,1.0,None,None,None,no
5008,exp_cycles_indvary1_step7_batch_yyy01.pl,e5,no,0.24,no,corr,0.0,None,None,None,yes
5009,exp_cycles_indvary1_step7_batch_yyy01.pl,s6,no,0.25,no,corr,0.0,None,None,None,yes
5010,exp_cycles_indvary1_step7_batch_yyy01.pl,b5,no,0.36,no,corr,0.0,None,None,None,yes
5011,exp_cycles_indvary1_step7_batch_yyy02.pl,w7,no,0.33,no,corr,0.0,None,None,None,yes
5012,exp_cycles_indvary1_step7_batch_yyy02.pl,p7,no,0.47,no,corr,0.0,None,None,None,yes
5013,exp_cycles_indvary1_step7_batch_yyy02.pl,w2,no,0.18,no,corr,0.0,None,None,None,yes
5014,exp_cycles_indvary1_step7_batch_yyy02.pl,a5,no,0.24,no,corr,0.0,None,None,None,yes
5015,exp_cycles_indvary1_step7_batch_yyy02.pl,a4,no,0.34,no,corr,0.0,None,None,None,yes
5016,exp_cycles_indvary1_step7_batch_yyy02.pl,s6,no,0.46,no,corr,0.0,None,None,None,yes
5017,exp_cycles_indvary1_step7_batch_yyy02.pl,r1,no,0.3,no,corr,0.0,None,None,None,yes
5018,exp_cycles_indvary1_step7_batch_yyy02.pl,f2,yes,0.24,yes,corr,0.0,None,None,None,no
5019,exp_cycles_indvary1_step7_batch_yyy02.pl,y2,yes,0.21,yes,corr,1.0,None,None,None,no
5020,exp_cycles_indvary1_step7_batch_yyy02.pl,x6,no,0.23,no,corr,0.0,None,None,None,yes
5021,exp_cycles_indvary1_step7_batch_yyy03.pl,u6,no,0.35,no,corr,0.0,None,None,None,yes
5022,exp_cycles_indvary1_step7_batch_yyy03.pl,c4,no,0.34,no,corr,0.0,None,None,None,yes
5023,exp_cycles_indvary1_step7_batch_yyy03.pl,v2,no,0.23,no,corr,0.0,None,None,None,yes
5024,exp_cycles_indvary1_step7_batch_yyy03.pl,u1,no,0.27,no,corr,3.0,None,None,None,no
5025,exp_cycles_indvary1_step7_batch_yyy03.pl,d3,no,0.25,no,corr,0.0,None,None,None,yes
5026,exp_cycles_indvary1_step7_batch_yyy03.pl,a5,no,0.19,no,corr,0.0,None,None,None,yes
5027,exp_cycles_indvary1_step7_batch_yyy03.pl,d2,yes,0.2,yes,corr,0.0,None,None,None,no
5028,exp_cycles_indvary1_step7_batch_yyy03.pl,f4,no,0.75,no,corr,0.0,None,None,None,yes
5029,exp_cycles_indvary1_step7_batch_yyy03.pl,w3,yes,0.51,yes,corr,1.0,None,None,None,no
5030,exp_cycles_indvary1_step7_batch_yyy03.pl,q2,no,0.54,no,corr,3.0,None,None,None,no
5031,exp_cycles_indvary1_step7_batch_yyy04.pl,z6,no,0.24,no,corr,0.0,None,None,None,yes
5032,exp_cycles_indvary1_step7_batch_yyy04.pl,b5,no,0.23,no,corr,0.0,None,None,None,yes
5033,exp_cycles_indvary1_step7_batch_yyy04.pl,r2,no,0.26,no,corr,0.0,None,None,None,no
5034,exp_cycles_indvary1_step7_batch_yyy04.pl,a2,no,0.23,no,corr,1.0,None,None,None,no
5035,exp_cycles_indvary1_step7_batch_yyy04.pl,r6,no,0.23,no,corr,0.0,None,None,None,yes
5036,exp_cycles_indvary1_step7_batch_yyy04.pl,f1,no,0.4,no,corr,1.0,None,None,None,no
5037,exp_cycles_indvary1_step7_batch_yyy04.pl,t6,no,0.55,no,corr,0.0,None,None,None,yes
5038,exp_cycles_indvary1_step7_batch_yyy04.pl,b1,yes,0.22,yes,corr,0.0,None,None,None,no
5039,exp_cycles_indvary1_step7_batch_yyy04.pl,e2,yes,0.75,yes,corr,0.0,None,None,None,no
5040,exp_cycles_indvary1_step7_batch_yyy04.pl,d1,yes,0.48,yes,corr,0.0,None,None,None,no
5041,exp_cycles_indvary1_step7_batch_yyy05.pl,d5,no,0.56,no,corr,0.0,None,None,None,yes
5042,exp_cycles_indvary1_step7_batch_yyy05.pl,c3,yes,0.22,yes,corr,0.0,None,None,None,no
5043,exp_cycles_indvary1_step7_batch_yyy05.pl,e1,yes,0.37,yes,corr,0.0,None,None,None,no
5044,exp_cycles_indvary1_step7_batch_yyy05.pl,t3,no,0.26,no,corr,2.0,None,None,None,no
5045,exp_cycles_indvary1_step7_batch_yyy05.pl,c2,no,0.39,no,corr,1.0,None,None,None,no
5046,exp_cycles_indvary1_step7_batch_yyy05.pl,r5,no,0.46,no,corr,5.0,None,None,None,no
5047,exp_cycles_indvary1_step7_batch_yyy05.pl,s1,no,0.33,no,corr,0.0,None,None,None,yes
5048,exp_cycles_indvary1_step7_batch_yyy05.pl,p6,no,0.28,no,corr,4.0,None,None,None,no
5049,exp_cycles_indvary1_step7_batch_yyy05.pl,d1,no,0.24,no,corr,1.0,None,None,None,no
5050,exp_cycles_indvary1_step7_batch_yyy05.pl,q1,no,0.38,no,corr,0.0,None,None,None,yes
5051,exp_cycles_indvary1_step7_batch_yyy06.pl,y4,no,0.23,no,corr,0.0,None,None,None,yes
5052,exp_cycles_indvary1_step7_batch_yyy06.pl,u7,no,0.33,no,corr,0.0,None,None,None,yes
5053,exp_cycles_indvary1_step7_batch_yyy06.pl,q5,no,0.29,no,corr,0.0,None,None,None,yes
5054,exp_cycles_indvary1_step7_batch_yyy06.pl,c2,no,0.26,no,corr,1.0,None,None,None,no
5055,exp_cycles_indvary1_step7_batch_yyy06.pl,a4,no,0.31,no,corr,0.0,None,None,None,yes
5056,exp_cycles_indvary1_step7_batch_yyy06.pl,p3,yes,0.4,yes,corr,1.0,None,None,None,no
5057,exp_cycles_indvary1_step7_batch_yyy06.pl,f4,no,0.34,no,corr,0.0,None,None,None,yes
5058,exp_cycles_indvary1_step7_batch_yyy06.pl,q3,no,0.28,no,corr,3.0,None,None,None,no
5059,exp_cycles_indvary1_step7_batch_yyy06.pl,p4,no,0.28,no,corr,0.0,None,None,None,yes
5060,exp_cycles_indvary1_step7_batch_yyy06.pl,d4,no,0.55,no,corr,0.0,None,None,None,yes
5061,exp_cycles_indvary1_step7_batch_yyy07.pl,d5,no,0.29,no,corr,0.0,None,None,None,yes
5062,exp_cycles_indvary1_step7_batch_yyy07.pl,c4,no,0.36,no,corr,0.0,None,None,None,yes
5063,exp_cycles_indvary1_step7_batch_yyy07.pl,z5,yes,0.25,yes,corr,1.0,None,None,None,no
5064,exp_cycles_indvary1_step7_batch_yyy07.pl,u7,no,0.2,no,corr,0.0,None,None,None,yes
5065,exp_cycles_indvary1_step7_batch_yyy07.pl,w6,no,0.18,no,corr,0.0,None,None,None,yes
5066,exp_cycles_indvary1_step7_batch_yyy07.pl,v4,no,0.37,no,corr,0.0,None,None,None,yes
5067,exp_cycles_indvary1_step7_batch_yyy07.pl,r3,yes,0.27,yes,corr,1.0,None,None,None,no
5068,exp_cycles_indvary1_step7_batch_yyy07.pl,q7,no,0.33,no,corr,0.0,None,None,None,yes
5069,exp_cycles_indvary1_step7_batch_yyy07.pl,s4,no,0.31,no,corr,0.0,None,None,None,yes
5070,exp_cycles_indvary1_step7_batch_yyy07.pl,y4,no,0.55,no,corr,0.0,None,None,None,yes
5071,exp_cycles_indvary1_step7_batch_yyy08.pl,t5,no,1.09,no,corr,3.0,None,None,None,no
5072,exp_cycles_indvary1_step7_batch_yyy08.pl,s4,no,0.36,no,corr,0.0,None,None,None,yes
5073,exp_cycles_indvary1_step7_batch_yyy08.pl,b4,no,0.27,no,corr,0.0,None,None,None,yes
5074,exp_cycles_indvary1_step7_batch_yyy08.pl,y3,no,0.2,no,corr,0.0,None,None,None,yes
5075,exp_cycles_indvary1_step7_batch_yyy08.pl,y1,no,0.26,no,corr,0.0,None,None,None,yes
5076,exp_cycles_indvary1_step7_batch_yyy08.pl,y6,no,0.32,no,corr,7.0,None,None,None,no
5077,exp_cycles_indvary1_step7_batch_yyy08.pl,p4,no,0.3,no,corr,0.0,None,None,None,yes
5078,exp_cycles_indvary1_step7_batch_yyy08.pl,x3,no,0.2,no,corr,0.0,None,None,None,yes
5079,exp_cycles_indvary1_step7_batch_yyy08.pl,q3,no,0.27,no,corr,0.0,None,None,None,yes
5080,exp_cycles_indvary1_step7_batch_yyy08.pl,x1,no,0.32,no,corr,0.0,None,None,None,yes
5081,exp_cycles_indvary1_step7_batch_yyy09.pl,e5,no,0.31,no,corr,0.0,None,None,None,yes
5082,exp_cycles_indvary1_step7_batch_yyy09.pl,y3,no,0.36,no,corr,0.0,None,None,None,yes
5083,exp_cycles_indvary1_step7_batch_yyy09.pl,t2,no,0.46,no,corr,0.0,None,None,None,yes
5084,exp_cycles_indvary1_step7_batch_yyy09.pl,s1,no,0.31,no,corr,0.0,None,None,None,yes
5085,exp_cycles_indvary1_step7_batch_yyy09.pl,u2,yes,0.36,yes,corr,6.0,None,None,None,no
5086,exp_cycles_indvary1_step7_batch_yyy09.pl,p6,no,0.33,no,corr,0.0,None,None,None,yes
5087,exp_cycles_indvary1_step7_batch_yyy09.pl,x7,no,0.36,no,corr,0.0,None,None,None,yes
5088,exp_cycles_indvary1_step7_batch_yyy09.pl,q4,no,0.4,no,corr,0.0,None,None,None,yes
5089,exp_cycles_indvary1_step7_batch_yyy09.pl,v1,no,0.28,no,corr,3.0,None,None,None,no
5090,exp_cycles_indvary1_step7_batch_yyy09.pl,w1,yes,0.32,yes,corr,3.0,None,None,None,no
5091,exp_cycles_indvary1_step7_batch_yyy10.pl,t3,yes,0.27,yes,corr,2.0,None,None,None,no
5092,exp_cycles_indvary1_step7_batch_yyy10.pl,a4,no,0.32,no,corr,0.0,None,None,None,yes
5093,exp_cycles_indvary1_step7_batch_yyy10.pl,v1,yes,0.49,yes,corr,1.0,None,None,None,no
5094,exp_cycles_indvary1_step7_batch_yyy10.pl,b5,no,0.38,no,corr,0.0,None,None,None,yes
5095,exp_cycles_indvary1_step7_batch_yyy10.pl,p2,no,0.36,no,corr,0.0,None,None,None,yes
5096,exp_cycles_indvary1_step7_batch_yyy10.pl,z3,no,0.29,no,corr,0.0,None,None,None,yes
5097,exp_cycles_indvary1_step7_batch_yyy10.pl,v4,no,0.22,no,corr,0.0,None,None,None,yes
5098,exp_cycles_indvary1_step7_batch_yyy10.pl,r4,no,0.53,no,corr,0.0,None,None,None,yes
5099,exp_cycles_indvary1_step7_batch_yyy10.pl,s7,no,0.24,no,corr,0.0,None,None,None,yes
5100,exp_cycles_indvary1_step7_batch_yyy10.pl,r7,no,0.39,no,corr,0.0,None,None,None,yes
5101,exp_cycles_indvary1_step8_batch_yyy01.pl,a6,no,0.31,no,corr,0.0,None,None,None,yes
5102,exp_cycles_indvary1_step8_batch_yyy01.pl,u4,no,0.23,no,corr,0.0,None,None,None,yes
5103,exp_cycles_indvary1_step8_batch_yyy01.pl,t6,no,0.44,no,corr,0.0,None,None,None,yes
5104,exp_cycles_indvary1_step8_batch_yyy01.pl,p3,no,0.37,no,corr,0.0,None,None,None,yes
5105,exp_cycles_indvary1_step8_batch_yyy01.pl,b5,no,0.38,no,corr,0.0,None,None,None,yes
5106,exp_cycles_indvary1_step8_batch_yyy01.pl,p2,no,0.28,no,corr,0.0,None,None,None,yes
5107,exp_cycles_indvary1_step8_batch_yyy01.pl,v3,no,0.38,no,corr,0.0,None,None,None,yes
5108,exp_cycles_indvary1_step8_batch_yyy01.pl,y5,no,0.29,no,corr,0.0,None,None,None,yes
5109,exp_cycles_indvary1_step8_batch_yyy01.pl,y3,no,0.26,no,corr,0.0,None,None,None,yes
5110,exp_cycles_indvary1_step8_batch_yyy01.pl,e4,no,0.2,no,corr,0.0,None,None,None,yes
5111,exp_cycles_indvary1_step8_batch_yyy02.pl,s3,no,0.34,no,corr,0.0,None,None,None,yes
5112,exp_cycles_indvary1_step8_batch_yyy02.pl,b2,yes,0.34,yes,corr,1.0,None,None,None,no
5113,exp_cycles_indvary1_step8_batch_yyy02.pl,y4,no,0.46,no,corr,8.0,None,None,None,no
5114,exp_cycles_indvary1_step8_batch_yyy02.pl,p5,no,0.35,no,corr,0.0,None,None,None,yes
5115,exp_cycles_indvary1_step8_batch_yyy02.pl,f1,no,0.43,no,corr,1.0,None,None,None,no
5116,exp_cycles_indvary1_step8_batch_yyy02.pl,w1,no,0.33,no,corr,0.0,None,None,None,yes
5117,exp_cycles_indvary1_step8_batch_yyy02.pl,a1,no,0.3,no,corr,1.0,None,None,None,no
5118,exp_cycles_indvary1_step8_batch_yyy02.pl,u2,no,0.29,no,corr,0.0,None,None,None,yes
5119,exp_cycles_indvary1_step8_batch_yyy02.pl,z1,no,0.47,no,corr,2.0,None,None,None,no
5120,exp_cycles_indvary1_step8_batch_yyy02.pl,c2,yes,0.55,yes,corr,0.0,None,None,None,no
5121,exp_cycles_indvary1_step8_batch_yyy03.pl,u7,no,0.4,no,corr,0.0,None,None,None,yes
5122,exp_cycles_indvary1_step8_batch_yyy03.pl,f5,no,0.34,no,corr,0.0,None,None,None,yes
5123,exp_cycles_indvary1_step8_batch_yyy03.pl,e4,no,0.25,no,corr,0.0,None,None,None,yes
5124,exp_cycles_indvary1_step8_batch_yyy03.pl,w4,yes,0.33,yes,corr,3.0,None,None,None,no
5125,exp_cycles_indvary1_step8_batch_yyy03.pl,r3,yes,0.35,yes,corr,1.0,None,None,None,no
5126,exp_cycles_indvary1_step8_batch_yyy03.pl,q2,no,0.34,no,corr,0.0,None,None,None,yes
5127,exp_cycles_indvary1_step8_batch_yyy03.pl,v1,yes,0.25,yes,corr,1.0,None,None,None,no
5128,exp_cycles_indvary1_step8_batch_yyy03.pl,w1,no,0.44,no,corr,0.0,None,None,None,yes
5129,exp_cycles_indvary1_step8_batch_yyy03.pl,t2,no,0.3,no,corr,0.0,None,None,None,yes
5130,exp_cycles_indvary1_step8_batch_yyy03.pl,b5,no,0.5,no,corr,0.0,None,None,None,yes
5131,exp_cycles_indvary1_step8_batch_yyy04.pl,s4,no,0.72,no,corr,0.0,None,None,None,yes
5132,exp_cycles_indvary1_step8_batch_yyy04.pl,w5,no,0.29,no,corr,0.0,None,None,None,yes
5133,exp_cycles_indvary1_step8_batch_yyy04.pl,w1,yes,1.0,yes,corr,7.0,None,None,None,no
5134,exp_cycles_indvary1_step8_batch_yyy04.pl,f3,no,0.28,no,corr,0.0,None,None,None,yes
5135,exp_cycles_indvary1_step8_batch_yyy04.pl,u3,no,0.23,no,corr,0.0,None,None,None,yes
5136,exp_cycles_indvary1_step8_batch_yyy04.pl,v3,no,0.28,no,corr,0.0,None,None,None,yes
5137,exp_cycles_indvary1_step8_batch_yyy04.pl,w3,no,0.52,no,corr,0.0,None,None,None,yes
5138,exp_cycles_indvary1_step8_batch_yyy04.pl,q2,no,0.54,no,corr,0.0,None,None,None,yes
5139,exp_cycles_indvary1_step8_batch_yyy04.pl,s1,no,0.26,no,corr,0.0,None,None,None,yes
5140,exp_cycles_indvary1_step8_batch_yyy04.pl,r1,no,0.28,no,corr,4.0,None,None,None,no
5141,exp_cycles_indvary1_step8_batch_yyy05.pl,a6,no,0.39,no,corr,0.0,None,None,None,yes
5142,exp_cycles_indvary1_step8_batch_yyy05.pl,e1,yes,0.45,yes,corr,0.0,None,None,None,no
5143,exp_cycles_indvary1_step8_batch_yyy05.pl,p5,yes,0.91,yes,corr,2.0,None,None,None,no
5144,exp_cycles_indvary1_step8_batch_yyy05.pl,w2,no,0.55,no,corr,0.0,None,None,None,yes
5145,exp_cycles_indvary1_step8_batch_yyy05.pl,t3,no,0.48,no,corr,0.0,None,None,None,yes
5146,exp_cycles_indvary1_step8_batch_yyy05.pl,s1,no,0.26,no,corr,0.0,None,None,None,yes
5147,exp_cycles_indvary1_step8_batch_yyy05.pl,f4,no,0.34,no,corr,0.0,None,None,None,yes
5148,exp_cycles_indvary1_step8_batch_yyy05.pl,r3,no,0.32,no,corr,0.0,None,None,None,yes
5149,exp_cycles_indvary1_step8_batch_yyy05.pl,t5,yes,0.39,yes,corr,2.0,None,None,None,no
5150,exp_cycles_indvary1_step8_batch_yyy05.pl,c4,no,0.39,no,corr,0.0,None,None,None,yes
5151,exp_cycles_indvary1_step8_batch_yyy06.pl,u5,no,0.19,no,corr,0.0,None,None,None,yes
5152,exp_cycles_indvary1_step8_batch_yyy06.pl,y4,no,0.3,no,corr,0.0,None,None,None,yes
5153,exp_cycles_indvary1_step8_batch_yyy06.pl,d3,no,0.34,no,corr,0.0,None,None,None,yes
5154,exp_cycles_indvary1_step8_batch_yyy06.pl,u7,no,0.62,no,corr,9.0,None,None,None,no
5155,exp_cycles_indvary1_step8_batch_yyy06.pl,e4,no,0.22,no,corr,0.0,None,None,None,yes
5156,exp_cycles_indvary1_step8_batch_yyy06.pl,c6,no,0.22,no,corr,0.0,None,None,None,yes
5157,exp_cycles_indvary1_step8_batch_yyy06.pl,v4,no,0.56,no,corr,0.0,None,None,None,yes
5158,exp_cycles_indvary1_step8_batch_yyy06.pl,p2,no,0.25,no,corr,0.0,None,None,None,yes
5159,exp_cycles_indvary1_step8_batch_yyy06.pl,x6,no,0.45,no,corr,2.0,None,None,None,no
5160,exp_cycles_indvary1_step8_batch_yyy06.pl,e2,yes,0.3,yes,corr,0.0,None,None,None,no
5161,exp_cycles_indvary1_step8_batch_yyy07.pl,w7,no,0.62,no,corr,0.0,None,None,None,yes
5162,exp_cycles_indvary1_step8_batch_yyy07.pl,v2,no,0.67,no,corr,0.0,None,None,None,yes
5163,exp_cycles_indvary1_step8_batch_yyy07.pl,u1,no,0.24,no,corr,0.0,None,None,None,yes
5164,exp_cycles_indvary1_step8_batch_yyy07.pl,q4,no,0.24,no,corr,0.0,None,None,None,yes
5165,exp_cycles_indvary1_step8_batch_yyy07.pl,e3,no,0.25,no,corr,0.0,None,None,None,yes
5166,exp_cycles_indvary1_step8_batch_yyy07.pl,y1,no,0.22,no,corr,0.0,None,None,None,yes
5167,exp_cycles_indvary1_step8_batch_yyy07.pl,y2,no,0.28,no,corr,0.0,None,None,None,yes
5168,exp_cycles_indvary1_step8_batch_yyy07.pl,x1,no,0.29,no,corr,0.0,None,None,None,yes
5169,exp_cycles_indvary1_step8_batch_yyy07.pl,b6,no,0.22,no,corr,0.0,None,None,None,yes
5170,exp_cycles_indvary1_step8_batch_yyy07.pl,a1,yes,0.34,yes,corr,1.0,None,None,None,no
5171,exp_cycles_indvary1_step8_batch_yyy08.pl,w7,no,0.29,no,corr,0.0,None,None,None,yes
5172,exp_cycles_indvary1_step8_batch_yyy08.pl,p4,no,0.48,no,corr,0.0,None,None,None,yes
5173,exp_cycles_indvary1_step8_batch_yyy08.pl,e5,no,0.46,no,corr,0.0,None,None,None,yes
5174,exp_cycles_indvary1_step8_batch_yyy08.pl,w5,no,0.36,no,corr,0.0,None,None,None,yes
5175,exp_cycles_indvary1_step8_batch_yyy08.pl,z1,no,0.31,no,corr,0.0,None,None,None,yes
5176,exp_cycles_indvary1_step8_batch_yyy08.pl,f5,no,0.25,no,corr,0.0,None,None,None,yes
5177,exp_cycles_indvary1_step8_batch_yyy08.pl,y2,no,0.24,no,corr,0.0,None,None,None,yes
5178,exp_cycles_indvary1_step8_batch_yyy08.pl,e2,yes,0.47,yes,corr,0.0,None,None,None,no
5179,exp_cycles_indvary1_step8_batch_yyy08.pl,q7,no,0.28,no,corr,0.0,None,None,None,yes
5180,exp_cycles_indvary1_step8_batch_yyy08.pl,q2,no,0.31,no,corr,0.0,None,None,None,yes
5181,exp_cycles_indvary1_step8_batch_yyy09.pl,b2,no,0.29,no,corr,1.0,None,None,None,no
5182,exp_cycles_indvary1_step8_batch_yyy09.pl,s5,no,0.25,no,corr,0.0,None,None,None,yes
5183,exp_cycles_indvary1_step8_batch_yyy09.pl,a5,no,0.23,no,corr,0.0,None,None,None,yes
5184,exp_cycles_indvary1_step8_batch_yyy09.pl,v1,no,0.18,no,corr,0.0,None,None,None,yes
5185,exp_cycles_indvary1_step8_batch_yyy09.pl,p2,no,0.31,no,corr,0.0,None,None,None,yes
5186,exp_cycles_indvary1_step8_batch_yyy09.pl,c3,yes,0.91,yes,corr,0.0,None,None,None,no
5187,exp_cycles_indvary1_step8_batch_yyy09.pl,t5,no,0.4,no,corr,0.0,None,None,None,yes
5188,exp_cycles_indvary1_step8_batch_yyy09.pl,c1,yes,0.43,yes,corr,4.0,None,None,None,no
5189,exp_cycles_indvary1_step8_batch_yyy09.pl,t2,no,0.3,no,corr,0.0,None,None,None,yes
5190,exp_cycles_indvary1_step8_batch_yyy09.pl,z2,no,0.4,no,corr,2.0,None,None,None,no
5191,exp_cycles_indvary1_step8_batch_yyy10.pl,a6,no,0.34,no,corr,0.0,None,None,None,yes
5192,exp_cycles_indvary1_step8_batch_yyy10.pl,x7,yes,0.3,yes,corr,1.0,None,None,None,no
5193,exp_cycles_indvary1_step8_batch_yyy10.pl,a4,no,0.59,no,corr,0.0,None,None,None,yes
5194,exp_cycles_indvary1_step8_batch_yyy10.pl,z4,no,0.22,no,corr,0.0,None,None,None,yes
5195,exp_cycles_indvary1_step8_batch_yyy10.pl,x6,yes,0.38,yes,corr,2.0,None,None,None,no
5196,exp_cycles_indvary1_step8_batch_yyy10.pl,a1,yes,0.26,yes,corr,0.0,None,None,None,no
5197,exp_cycles_indvary1_step8_batch_yyy10.pl,d1,yes,0.52,yes,corr,1.0,None,None,None,no
5198,exp_cycles_indvary1_step8_batch_yyy10.pl,a2,yes,0.48,yes,corr,0.0,None,None,None,no
5199,exp_cycles_indvary1_step8_batch_yyy10.pl,f4,no,0.28,no,corr,0.0,None,None,None,yes
5200,exp_cycles_indvary1_step8_batch_yyy10.pl,a3,no,0.42,no,corr,1.0,None,None,None,no
5201,exp_cycles_indvary2_step1_batch_yyy01.pl,b2,no,3.88,no,corr,18.0,None,None,None,no
5202,exp_cycles_indvary2_step1_batch_yyy01.pl,b3,no,2.32,no,corr,16.0,None,None,None,no
5203,exp_cycles_indvary2_step1_batch_yyy01.pl,z4,no,0.19,no,corr,0.0,None,None,None,yes
5204,exp_cycles_indvary2_step1_batch_yyy01.pl,q7,no,0.52,no,corr,0.0,None,None,None,yes
5205,exp_cycles_indvary2_step1_batch_yyy01.pl,p4,no,0.24,no,corr,0.0,None,None,None,yes
5206,exp_cycles_indvary2_step1_batch_yyy01.pl,d4,no,0.29,no,corr,0.0,None,None,None,yes
5207,exp_cycles_indvary2_step1_batch_yyy01.pl,c5,no,0.27,no,corr,0.0,None,None,None,yes
5208,exp_cycles_indvary2_step1_batch_yyy01.pl,c2,no,0.2,no,corr,1.0,None,None,None,no
5209,exp_cycles_indvary2_step1_batch_yyy01.pl,s7,no,0.28,no,corr,0.0,None,None,None,yes
5210,exp_cycles_indvary2_step1_batch_yyy01.pl,a1,yes,0.41,yes,corr,6.0,None,None,None,no
5211,exp_cycles_indvary2_step1_batch_yyy02.pl,s4,no,0.57,no,corr,0.0,None,None,None,yes
5212,exp_cycles_indvary2_step1_batch_yyy02.pl,z5,no,0.35,no,corr,0.0,None,None,None,yes
5213,exp_cycles_indvary2_step1_batch_yyy02.pl,w5,no,0.28,no,corr,0.0,None,None,None,yes
5214,exp_cycles_indvary2_step1_batch_yyy02.pl,q4,no,0.3,no,corr,0.0,None,None,None,yes
5215,exp_cycles_indvary2_step1_batch_yyy02.pl,a4,no,0.34,no,corr,0.0,None,None,None,yes
5216,exp_cycles_indvary2_step1_batch_yyy02.pl,d2,no,0.31,no,corr,1.0,None,None,None,no
5217,exp_cycles_indvary2_step1_batch_yyy02.pl,p2,no,0.39,no,corr,0.0,None,None,None,yes
5218,exp_cycles_indvary2_step1_batch_yyy02.pl,v3,no,0.68,no,corr,0.0,None,None,None,yes
5219,exp_cycles_indvary2_step1_batch_yyy02.pl,r3,yes,0.31,yes,corr,1.0,None,None,None,no
5220,exp_cycles_indvary2_step1_batch_yyy02.pl,q2,yes,0.22,yes,corr,1.0,None,None,None,no
5221,exp_cycles_indvary2_step1_batch_yyy03.pl,u5,no,0.4,no,corr,0.0,None,None,None,yes
5222,exp_cycles_indvary2_step1_batch_yyy03.pl,c3,yes,0.29,yes,corr,1.0,None,None,None,no
5223,exp_cycles_indvary2_step1_batch_yyy03.pl,b2,no,0.44,no,corr,1.0,None,None,None,no
5224,exp_cycles_indvary2_step1_batch_yyy03.pl,a6,no,0.34,no,corr,0.0,None,None,None,yes
5225,exp_cycles_indvary2_step1_batch_yyy03.pl,r6,no,0.26,no,corr,0.0,None,None,None,yes
5226,exp_cycles_indvary2_step1_batch_yyy03.pl,r5,no,0.22,no,corr,0.0,None,None,None,yes
5227,exp_cycles_indvary2_step1_batch_yyy03.pl,w1,no,0.25,no,corr,0.0,None,None,None,yes
5228,exp_cycles_indvary2_step1_batch_yyy03.pl,w4,no,0.3,no,corr,0.0,None,None,None,yes
5229,exp_cycles_indvary2_step1_batch_yyy03.pl,v4,no,0.29,no,corr,0.0,None,None,None,yes
5230,exp_cycles_indvary2_step1_batch_yyy03.pl,a1,no,0.22,no,corr,1.0,None,None,None,no
5231,exp_cycles_indvary2_step1_batch_yyy04.pl,z6,no,0.5,no,corr,0.0,None,None,None,yes
5232,exp_cycles_indvary2_step1_batch_yyy04.pl,r6,no,0.24,no,corr,0.0,None,None,None,yes
5233,exp_cycles_indvary2_step1_batch_yyy04.pl,x7,no,0.24,no,corr,0.0,None,None,None,yes
5234,exp_cycles_indvary2_step1_batch_yyy04.pl,r1,yes,0.33,yes,corr,1.0,None,None,None,no
5235,exp_cycles_indvary2_step1_batch_yyy04.pl,a3,no,0.28,no,corr,1.0,None,None,None,no
5236,exp_cycles_indvary2_step1_batch_yyy04.pl,y2,no,0.19,no,corr,0.0,None,None,None,yes
5237,exp_cycles_indvary2_step1_batch_yyy04.pl,q1,yes,0.22,yes,corr,2.0,None,None,None,no
5238,exp_cycles_indvary2_step1_batch_yyy04.pl,f2,no,0.28,no,corr,1.0,None,None,None,no
5239,exp_cycles_indvary2_step1_batch_yyy04.pl,w4,no,0.3,no,corr,0.0,None,None,None,yes
5240,exp_cycles_indvary2_step1_batch_yyy04.pl,f3,no,0.25,no,corr,0.0,None,None,None,yes
5241,exp_cycles_indvary2_step1_batch_yyy05.pl,y4,no,0.43,no,corr,0.0,None,None,None,yes
5242,exp_cycles_indvary2_step1_batch_yyy05.pl,p4,no,0.4,no,corr,0.0,None,None,None,yes
5243,exp_cycles_indvary2_step1_batch_yyy05.pl,e5,no,0.27,no,corr,0.0,None,None,None,yes
5244,exp_cycles_indvary2_step1_batch_yyy05.pl,v5,no,0.36,no,corr,0.0,None,None,None,yes
5245,exp_cycles_indvary2_step1_batch_yyy05.pl,q4,no,0.23,no,corr,0.0,None,None,None,yes
5246,exp_cycles_indvary2_step1_batch_yyy05.pl,s1,no,0.29,no,corr,0.0,None,None,None,no
5247,exp_cycles_indvary2_step1_batch_yyy05.pl,p1,no,0.48,no,corr,0.0,None,None,None,yes
5248,exp_cycles_indvary2_step1_batch_yyy05.pl,u3,no,0.39,no,corr,0.0,None,None,None,yes
5249,exp_cycles_indvary2_step1_batch_yyy05.pl,v4,no,0.35,no,corr,0.0,None,None,None,yes
5250,exp_cycles_indvary2_step1_batch_yyy05.pl,e3,no,0.28,no,corr,0.0,None,None,None,yes
5251,exp_cycles_indvary2_step1_batch_yyy06.pl,t4,no,0.26,no,corr,0.0,None,None,None,yes
5252,exp_cycles_indvary2_step1_batch_yyy06.pl,z5,no,0.23,no,corr,0.0,None,None,None,yes
5253,exp_cycles_indvary2_step1_batch_yyy06.pl,p4,no,0.27,no,corr,0.0,None,None,None,yes
5254,exp_cycles_indvary2_step1_batch_yyy06.pl,u4,no,0.28,no,corr,0.0,None,None,None,yes
5255,exp_cycles_indvary2_step1_batch_yyy06.pl,w5,no,0.33,no,corr,0.0,None,None,None,yes
5256,exp_cycles_indvary2_step1_batch_yyy06.pl,s5,no,0.24,no,corr,0.0,None,None,None,yes
5257,exp_cycles_indvary2_step1_batch_yyy06.pl,x5,no,0.55,no,corr,0.0,None,None,None,yes
5258,exp_cycles_indvary2_step1_batch_yyy06.pl,z3,no,0.48,no,corr,0.0,None,None,None,yes
5259,exp_cycles_indvary2_step1_batch_yyy06.pl,y2,no,0.57,no,corr,10.0,None,None,None,no
5260,exp_cycles_indvary2_step1_batch_yyy06.pl,q7,no,0.39,no,corr,0.0,None,None,None,yes
5261,exp_cycles_indvary2_step1_batch_yyy07.pl,b2,yes,0.3,yes,corr,0.0,None,None,None,no
5262,exp_cycles_indvary2_step1_batch_yyy07.pl,s4,no,0.65,no,corr,0.0,None,None,None,yes
5263,exp_cycles_indvary2_step1_batch_yyy07.pl,d4,no,0.25,no,corr,0.0,None,None,None,yes
5264,exp_cycles_indvary2_step1_batch_yyy07.pl,t3,no,0.32,no,corr,0.0,None,None,None,yes
5265,exp_cycles_indvary2_step1_batch_yyy07.pl,p3,yes,0.76,yes,corr,1.0,None,None,None,no
5266,exp_cycles_indvary2_step1_batch_yyy07.pl,a3,no,0.22,no,corr,1.0,None,None,None,no
5267,exp_cycles_indvary2_step1_batch_yyy07.pl,x1,no,0.29,no,corr,1.0,None,None,None,no
5268,exp_cycles_indvary2_step1_batch_yyy07.pl,q7,no,0.85,no,corr,0.0,None,None,None,yes
5269,exp_cycles_indvary2_step1_batch_yyy07.pl,u3,no,0.45,no,corr,0.0,None,None,None,yes
5270,exp_cycles_indvary2_step1_batch_yyy07.pl,e3,no,0.19,no,corr,0.0,None,None,None,yes
5271,exp_cycles_indvary2_step1_batch_yyy08.pl,u5,no,0.39,no,corr,0.0,None,None,None,yes
5272,exp_cycles_indvary2_step1_batch_yyy08.pl,e1,yes,0.18,yes,corr,0.0,None,None,None,no
5273,exp_cycles_indvary2_step1_batch_yyy08.pl,w5,no,0.22,no,corr,0.0,None,None,None,yes
5274,exp_cycles_indvary2_step1_batch_yyy08.pl,b4,no,0.34,no,corr,0.0,None,None,None,yes
5275,exp_cycles_indvary2_step1_batch_yyy08.pl,z1,no,19.78,no,corr,18.0,None,None,None,no
5276,exp_cycles_indvary2_step1_batch_yyy08.pl,e4,no,0.23,no,corr,0.0,None,None,None,yes
5277,exp_cycles_indvary2_step1_batch_yyy08.pl,t7,no,0.28,no,corr,0.0,None,None,None,yes
5278,exp_cycles_indvary2_step1_batch_yyy08.pl,f4,no,0.37,no,corr,0.0,None,None,None,yes
5279,exp_cycles_indvary2_step1_batch_yyy08.pl,q7,no,0.2,no,corr,0.0,None,None,None,yes
5280,exp_cycles_indvary2_step1_batch_yyy08.pl,f2,no,5.89,no,corr,20.0,None,None,None,no
5281,exp_cycles_indvary2_step1_batch_yyy09.pl,u5,no,0.32,no,corr,0.0,None,None,None,yes
5282,exp_cycles_indvary2_step1_batch_yyy09.pl,c3,no,0.32,no,corr,9.0,None,None,None,no
5283,exp_cycles_indvary2_step1_batch_yyy09.pl,s4,no,0.35,no,corr,0.0,None,None,None,yes
5284,exp_cycles_indvary2_step1_batch_yyy09.pl,u7,no,0.26,no,corr,0.0,None,None,None,yes
5285,exp_cycles_indvary2_step1_batch_yyy09.pl,z4,no,0.38,no,corr,0.0,None,None,None,yes
5286,exp_cycles_indvary2_step1_batch_yyy09.pl,e3,no,0.45,no,corr,0.0,None,None,None,yes
5287,exp_cycles_indvary2_step1_batch_yyy09.pl,r1,no,6.79,no,corr,20.0,None,None,None,no
5288,exp_cycles_indvary2_step1_batch_yyy09.pl,p2,no,0.48,no,corr,10.0,None,None,None,no
5289,exp_cycles_indvary2_step1_batch_yyy09.pl,z3,no,0.31,no,corr,0.0,None,None,None,yes
5290,exp_cycles_indvary2_step1_batch_yyy09.pl,q3,no,0.89,no,corr,14.0,None,None,None,no
5291,exp_cycles_indvary2_step1_batch_yyy10.pl,w5,no,0.23,no,corr,0.0,None,None,None,yes
5292,exp_cycles_indvary2_step1_batch_yyy10.pl,y1,no,1.77,no,corr,15.0,None,None,None,no
5293,exp_cycles_indvary2_step1_batch_yyy10.pl,r2,yes,0.56,yes,corr,1.0,None,None,None,no
5294,exp_cycles_indvary2_step1_batch_yyy10.pl,y6,no,0.71,no,corr,0.0,None,None,None,yes
5295,exp_cycles_indvary2_step1_batch_yyy10.pl,a6,no,0.91,no,corr,0.0,None,None,None,yes
5296,exp_cycles_indvary2_step1_batch_yyy10.pl,w7,no,0.2,no,corr,0.0,None,None,None,yes
5297,exp_cycles_indvary2_step1_batch_yyy10.pl,t7,no,0.3,no,corr,0.0,None,None,None,yes
5298,exp_cycles_indvary2_step1_batch_yyy10.pl,c6,no,0.32,no,corr,0.0,None,None,None,yes
5299,exp_cycles_indvary2_step1_batch_yyy10.pl,f4,no,0.25,no,corr,0.0,None,None,None,yes
5300,exp_cycles_indvary2_step1_batch_yyy10.pl,a3,yes,0.26,yes,corr,2.0,None,None,None,no
5301,exp_cycles_indvary2_step2_batch_yyy01.pl,t4,no,0.25,no,corr,0.0,None,None,None,yes
5302,exp_cycles_indvary2_step2_batch_yyy01.pl,w7,no,0.33,no,corr,0.0,None,None,None,yes
5303,exp_cycles_indvary2_step2_batch_yyy01.pl,x3,no,0.23,no,corr,0.0,None,None,None,yes
5304,exp_cycles_indvary2_step2_batch_yyy01.pl,y3,no,0.38,no,corr,0.0,None,None,None,yes
5305,exp_cycles_indvary2_step2_batch_yyy01.pl,a3,yes,0.25,yes,corr,4.0,None,None,None,no
5306,exp_cycles_indvary2_step2_batch_yyy01.pl,x1,yes,0.48,yes,corr,1.0,None,None,None,no
5307,exp_cycles_indvary2_step2_batch_yyy01.pl,s7,no,0.51,no,corr,0.0,None,None,None,yes
5308,exp_cycles_indvary2_step2_batch_yyy01.pl,w3,no,0.64,no,corr,0.0,None,None,None,yes
5309,exp_cycles_indvary2_step2_batch_yyy01.pl,w4,no,0.65,no,corr,0.0,None,None,None,yes
5310,exp_cycles_indvary2_step2_batch_yyy01.pl,f3,no,0.23,no,corr,0.0,None,None,None,yes
5311,exp_cycles_indvary2_step2_batch_yyy02.pl,f1,yes,0.23,yes,corr,0.0,None,None,None,no
5312,exp_cycles_indvary2_step2_batch_yyy02.pl,s2,no,0.33,no,corr,0.0,None,None,None,yes
5313,exp_cycles_indvary2_step2_batch_yyy02.pl,q4,no,0.43,no,corr,0.0,None,None,None,yes
5314,exp_cycles_indvary2_step2_batch_yyy02.pl,e3,no,0.18,no,corr,0.0,None,None,None,yes
5315,exp_cycles_indvary2_step2_batch_yyy02.pl,a3,yes,0.28,yes,corr,0.0,None,None,None,no
5316,exp_cycles_indvary2_step2_batch_yyy02.pl,p1,yes,0.6,yes,corr,2.0,None,None,None,no
5317,exp_cycles_indvary2_step2_batch_yyy02.pl,x6,no,0.34,no,corr,0.0,None,None,None,yes
5318,exp_cycles_indvary2_step2_batch_yyy02.pl,x1,no,0.28,no,corr,0.0,None,None,None,yes
5319,exp_cycles_indvary2_step2_batch_yyy02.pl,q7,no,0.25,no,corr,0.0,None,None,None,yes
5320,exp_cycles_indvary2_step2_batch_yyy02.pl,y5,no,0.39,no,corr,0.0,None,None,None,yes
5321,exp_cycles_indvary2_step2_batch_yyy03.pl,c3,yes,0.4,yes,corr,0.0,None,None,None,no
5322,exp_cycles_indvary2_step2_batch_yyy03.pl,b3,no,0.5,no,corr,1.0,None,None,None,no
5323,exp_cycles_indvary2_step2_batch_yyy03.pl,e1,yes,0.28,yes,corr,0.0,None,None,None,no
5324,exp_cycles_indvary2_step2_batch_yyy03.pl,x3,no,0.45,no,corr,0.0,None,None,None,yes
5325,exp_cycles_indvary2_step2_batch_yyy03.pl,u4,no,0.28,no,corr,0.0,None,None,None,yes
5326,exp_cycles_indvary2_step2_batch_yyy03.pl,w1,yes,0.26,yes,corr,1.0,None,None,None,no
5327,exp_cycles_indvary2_step2_batch_yyy03.pl,b6,no,0.47,no,corr,0.0,None,None,None,yes
5328,exp_cycles_indvary2_step2_batch_yyy03.pl,p1,yes,0.56,yes,corr,1.0,None,None,None,no
5329,exp_cycles_indvary2_step2_batch_yyy03.pl,r3,yes,0.92,yes,corr,2.0,None,None,None,no
5330,exp_cycles_indvary2_step2_batch_yyy03.pl,d1,no,0.39,no,corr,7.0,None,None,None,no
5331,exp_cycles_indvary2_step2_batch_yyy04.pl,c4,no,0.24,no,corr,0.0,None,None,None,yes
5332,exp_cycles_indvary2_step2_batch_yyy04.pl,q6,no,0.25,no,corr,0.0,None,None,None,yes
5333,exp_cycles_indvary2_step2_batch_yyy04.pl,f1,no,0.24,no,corr,5.0,None,None,None,no
5334,exp_cycles_indvary2_step2_batch_yyy04.pl,v5,no,0.26,no,corr,0.0,None,None,None,yes
5335,exp_cycles_indvary2_step2_batch_yyy04.pl,d2,yes,0.34,yes,corr,4.0,None,None,None,no
5336,exp_cycles_indvary2_step2_batch_yyy04.pl,q3,no,0.23,no,corr,0.0,None,None,None,yes
5337,exp_cycles_indvary2_step2_batch_yyy04.pl,q1,yes,0.47,yes,corr,1.0,None,None,None,no
5338,exp_cycles_indvary2_step2_batch_yyy04.pl,p1,yes,0.39,yes,corr,1.0,None,None,None,no
5339,exp_cycles_indvary2_step2_batch_yyy04.pl,x4,no,0.33,no,corr,0.0,None,None,None,yes
5340,exp_cycles_indvary2_step2_batch_yyy04.pl,f2,no,0.36,no,corr,1.0,None,None,None,no
5341,exp_cycles_indvary2_step2_batch_yyy05.pl,p4,no,0.42,no,corr,0.0,None,None,None,yes
5342,exp_cycles_indvary2_step2_batch_yyy05.pl,w5,no,0.69,no,corr,0.0,None,None,None,yes
5343,exp_cycles_indvary2_step2_batch_yyy05.pl,r5,no,0.41,no,corr,0.0,None,None,None,yes
5344,exp_cycles_indvary2_step2_batch_yyy05.pl,c1,no,0.38,no,corr,1.0,None,None,None,no
5345,exp_cycles_indvary2_step2_batch_yyy05.pl,f4,no,0.24,no,corr,0.0,None,None,None,yes
5346,exp_cycles_indvary2_step2_batch_yyy05.pl,p1,yes,0.19,yes,corr,1.0,None,None,None,no
5347,exp_cycles_indvary2_step2_batch_yyy05.pl,y6,no,0.3,no,corr,0.0,None,None,None,yes
5348,exp_cycles_indvary2_step2_batch_yyy05.pl,p6,no,0.28,no,corr,0.0,None,None,None,yes
5349,exp_cycles_indvary2_step2_batch_yyy05.pl,s2,yes,0.23,yes,corr,1.0,None,None,None,no
5350,exp_cycles_indvary2_step2_batch_yyy05.pl,b1,yes,0.32,yes,corr,0.0,None,None,None,no
5351,exp_cycles_indvary2_step2_batch_yyy06.pl,b2,no,0.36,no,corr,1.0,None,None,None,no
5352,exp_cycles_indvary2_step2_batch_yyy06.pl,b3,yes,0.54,yes,corr,0.0,None,None,None,no
5353,exp_cycles_indvary2_step2_batch_yyy06.pl,f1,no,0.33,no,corr,7.0,None,None,None,no
5354,exp_cycles_indvary2_step2_batch_yyy06.pl,c5,no,0.19,no,corr,0.0,None,None,None,yes
5355,exp_cycles_indvary2_step2_batch_yyy06.pl,f5,no,0.24,no,corr,0.0,None,None,None,yes
5356,exp_cycles_indvary2_step2_batch_yyy06.pl,p3,yes,0.33,yes,corr,1.0,None,None,None,no
5357,exp_cycles_indvary2_step2_batch_yyy06.pl,f3,no,0.29,no,corr,0.0,None,None,None,yes
5358,exp_cycles_indvary2_step2_batch_yyy06.pl,f4,no,0.48,no,corr,0.0,None,None,None,yes
5359,exp_cycles_indvary2_step2_batch_yyy06.pl,t7,no,0.33,no,corr,0.0,None,None,None,yes
5360,exp_cycles_indvary2_step2_batch_yyy06.pl,b5,no,0.29,no,corr,0.0,None,None,None,yes
5361,exp_cycles_indvary2_step2_batch_yyy07.pl,s3,no,0.23,no,corr,0.0,None,None,None,yes
5362,exp_cycles_indvary2_step2_batch_yyy07.pl,b1,no,0.21,no,corr,1.0,None,None,None,no
5363,exp_cycles_indvary2_step2_batch_yyy07.pl,t1,no,0.29,no,corr,0.0,None,None,None,yes
5364,exp_cycles_indvary2_step2_batch_yyy07.pl,a2,no,0.21,no,corr,1.0,None,None,None,no
5365,exp_cycles_indvary2_step2_batch_yyy07.pl,f2,yes,0.48,yes,corr,0.0,None,None,None,no
5366,exp_cycles_indvary2_step2_batch_yyy07.pl,p4,no,0.41,no,corr,0.0,None,None,None,yes
5367,exp_cycles_indvary2_step2_batch_yyy07.pl,p7,no,0.39,no,corr,0.0,None,None,None,yes
5368,exp_cycles_indvary2_step2_batch_yyy07.pl,x3,no,0.43,no,corr,0.0,None,None,None,yes
5369,exp_cycles_indvary2_step2_batch_yyy07.pl,r6,no,0.33,no,corr,0.0,None,None,None,yes
5370,exp_cycles_indvary2_step2_batch_yyy07.pl,e5,no,0.31,no,corr,0.0,None,None,None,yes
5371,exp_cycles_indvary2_step2_batch_yyy08.pl,b3,no,0.79,no,corr,1.0,None,None,None,no
5372,exp_cycles_indvary2_step2_batch_yyy08.pl,e1,no,0.42,no,corr,8.0,None,None,None,no
5373,exp_cycles_indvary2_step2_batch_yyy08.pl,p5,no,0.72,no,corr,0.0,None,None,None,yes
5374,exp_cycles_indvary2_step2_batch_yyy08.pl,z2,no,0.97,no,corr,0.0,None,None,None,yes
5375,exp_cycles_indvary2_step2_batch_yyy08.pl,v4,no,0.45,no,corr,0.0,None,None,None,yes
5376,exp_cycles_indvary2_step2_batch_yyy08.pl,y1,no,0.22,no,corr,0.0,None,None,None,yes
5377,exp_cycles_indvary2_step2_batch_yyy08.pl,p2,yes,0.26,yes,corr,1.0,None,None,None,no
5378,exp_cycles_indvary2_step2_batch_yyy08.pl,z3,no,0.33,no,corr,0.0,None,None,None,yes
5379,exp_cycles_indvary2_step2_batch_yyy08.pl,y2,yes,0.35,yes,corr,2.0,None,None,None,no
5380,exp_cycles_indvary2_step2_batch_yyy08.pl,x6,no,0.42,no,corr,0.0,None,None,None,yes
5381,exp_cycles_indvary2_step2_batch_yyy09.pl,c3,yes,0.3,yes,corr,1.0,None,None,None,no
5382,exp_cycles_indvary2_step2_batch_yyy09.pl,b2,yes,0.36,yes,corr,0.0,None,None,None,no
5383,exp_cycles_indvary2_step2_batch_yyy09.pl,z5,no,0.37,no,corr,0.0,None,None,None,yes
5384,exp_cycles_indvary2_step2_batch_yyy09.pl,w5,no,0.45,no,corr,0.0,None,None,None,yes
5385,exp_cycles_indvary2_step2_batch_yyy09.pl,b1,no,0.23,no,corr,1.0,None,None,None,no
5386,exp_cycles_indvary2_step2_batch_yyy09.pl,r5,no,0.43,no,corr,0.0,None,None,None,yes
5387,exp_cycles_indvary2_step2_batch_yyy09.pl,p3,yes,0.31,yes,corr,3.0,None,None,None,no
5388,exp_cycles_indvary2_step2_batch_yyy09.pl,e3,no,0.29,no,corr,0.0,None,None,None,yes
5389,exp_cycles_indvary2_step2_batch_yyy09.pl,y2,yes,0.26,yes,corr,2.0,None,None,None,no
5390,exp_cycles_indvary2_step2_batch_yyy09.pl,r3,no,0.19,no,corr,0.0,None,None,None,yes
5391,exp_cycles_indvary2_step2_batch_yyy10.pl,t4,no,0.31,no,corr,0.0,None,None,None,yes
5392,exp_cycles_indvary2_step2_batch_yyy10.pl,z6,no,0.18,no,corr,0.0,None,None,None,yes
5393,exp_cycles_indvary2_step2_batch_yyy10.pl,s4,no,0.35,no,corr,0.0,None,None,None,yes
5394,exp_cycles_indvary2_step2_batch_yyy10.pl,z5,no,0.24,no,corr,0.0,None,None,None,yes
5395,exp_cycles_indvary2_step2_batch_yyy10.pl,q1,yes,0.91,yes,corr,10.0,None,None,None,no
5396,exp_cycles_indvary2_step2_batch_yyy10.pl,y6,no,0.28,no,corr,0.0,None,None,None,yes
5397,exp_cycles_indvary2_step2_batch_yyy10.pl,w3,no,0.65,no,corr,0.0,None,None,None,yes
5398,exp_cycles_indvary2_step2_batch_yyy10.pl,p6,no,0.37,no,corr,0.0,None,None,None,yes
5399,exp_cycles_indvary2_step2_batch_yyy10.pl,y2,yes,0.32,yes,corr,3.0,None,None,None,no
5400,exp_cycles_indvary2_step2_batch_yyy10.pl,x1,yes,1.5,yes,corr,14.0,None,None,None,no
5401,exp_cycles_indvary2_step3_batch_yyy01.pl,a6,no,0.39,no,corr,0.0,None,None,None,yes
5402,exp_cycles_indvary2_step3_batch_yyy01.pl,x7,no,0.37,no,corr,0.0,None,None,None,yes
5403,exp_cycles_indvary2_step3_batch_yyy01.pl,w1,yes,0.27,yes,corr,1.0,None,None,None,no
5404,exp_cycles_indvary2_step3_batch_yyy01.pl,t7,no,0.22,no,corr,0.0,None,None,None,yes
5405,exp_cycles_indvary2_step3_batch_yyy01.pl,e3,no,0.29,no,corr,0.0,None,None,None,yes
5406,exp_cycles_indvary2_step3_batch_yyy01.pl,s1,yes,0.32,yes,corr,1.0,None,None,None,no
5407,exp_cycles_indvary2_step3_batch_yyy01.pl,y2,no,0.25,no,corr,0.0,None,None,None,yes
5408,exp_cycles_indvary2_step3_batch_yyy01.pl,u2,no,0.28,no,corr,0.0,None,None,None,yes
5409,exp_cycles_indvary2_step3_batch_yyy01.pl,p7,no,0.27,no,corr,0.0,None,None,None,yes
5410,exp_cycles_indvary2_step3_batch_yyy01.pl,p5,no,0.33,no,corr,0.0,None,None,None,yes
5411,exp_cycles_indvary2_step3_batch_yyy02.pl,e1,no,0.38,no,corr,1.0,None,None,None,no
5412,exp_cycles_indvary2_step3_batch_yyy02.pl,r6,no,0.37,no,corr,0.0,None,None,None,yes
5413,exp_cycles_indvary2_step3_batch_yyy02.pl,c5,no,0.28,no,corr,0.0,None,None,None,yes
5414,exp_cycles_indvary2_step3_batch_yyy02.pl,x7,no,0.51,no,corr,0.0,None,None,None,yes
5415,exp_cycles_indvary2_step3_batch_yyy02.pl,w4,no,0.66,no,corr,0.0,None,None,None,yes
5416,exp_cycles_indvary2_step3_batch_yyy02.pl,z2,yes,0.98,yes,corr,1.0,None,None,None,no
5417,exp_cycles_indvary2_step3_batch_yyy02.pl,p2,yes,0.28,yes,corr,1.0,None,None,None,no
5418,exp_cycles_indvary2_step3_batch_yyy02.pl,a3,no,0.19,no,corr,1.0,None,None,None,no
5419,exp_cycles_indvary2_step3_batch_yyy02.pl,y3,no,0.22,no,corr,0.0,None,None,None,yes
5420,exp_cycles_indvary2_step3_batch_yyy02.pl,r5,no,0.22,no,corr,0.0,None,None,None,yes
5421,exp_cycles_indvary2_step3_batch_yyy03.pl,u1,yes,0.24,yes,corr,1.0,None,None,None,no
5422,exp_cycles_indvary2_step3_batch_yyy03.pl,u7,no,0.27,no,corr,0.0,None,None,None,yes
5423,exp_cycles_indvary2_step3_batch_yyy03.pl,s5,no,0.21,no,corr,0.0,None,None,None,yes
5424,exp_cycles_indvary2_step3_batch_yyy03.pl,c2,yes,0.32,yes,corr,6.0,None,None,None,no
5425,exp_cycles_indvary2_step3_batch_yyy03.pl,p3,yes,0.54,yes,corr,4.0,None,None,None,no
5426,exp_cycles_indvary2_step3_batch_yyy03.pl,t2,no,2.89,no,corr,17.0,None,None,None,no
5427,exp_cycles_indvary2_step3_batch_yyy03.pl,p2,yes,0.24,yes,corr,1.0,None,None,None,no
5428,exp_cycles_indvary2_step3_batch_yyy03.pl,x1,yes,0.22,yes,corr,1.0,None,None,None,no
5429,exp_cycles_indvary2_step3_batch_yyy03.pl,r7,no,0.19,no,corr,0.0,None,None,None,yes
5430,exp_cycles_indvary2_step3_batch_yyy03.pl,r3,yes,0.46,yes,corr,2.0,None,None,None,no
5431,exp_cycles_indvary2_step3_batch_yyy04.pl,s4,no,0.23,no,corr,0.0,None,None,None,yes
5432,exp_cycles_indvary2_step3_batch_yyy04.pl,q6,no,0.41,no,corr,0.0,None,None,None,yes
5433,exp_cycles_indvary2_step3_batch_yyy04.pl,p5,no,0.22,no,corr,0.0,None,None,None,yes
5434,exp_cycles_indvary2_step3_batch_yyy04.pl,r6,no,0.35,no,corr,0.0,None,None,None,yes
5435,exp_cycles_indvary2_step3_batch_yyy04.pl,z1,no,0.25,no,corr,0.0,None,None,None,yes
5436,exp_cycles_indvary2_step3_batch_yyy04.pl,z3,no,0.2,no,corr,0.0,None,None,None,yes
5437,exp_cycles_indvary2_step3_batch_yyy04.pl,t1,yes,0.43,yes,corr,1.0,None,None,None,no
5438,exp_cycles_indvary2_step3_batch_yyy04.pl,y6,no,0.52,no,corr,0.0,None,None,None,yes
5439,exp_cycles_indvary2_step3_batch_yyy04.pl,u3,no,0.16,no,corr,0.0,None,None,None,yes
5440,exp_cycles_indvary2_step3_batch_yyy04.pl,r4,no,0.38,no,corr,0.0,None,None,None,yes
5441,exp_cycles_indvary2_step3_batch_yyy05.pl,v7,no,0.39,no,corr,0.0,None,None,None,yes
5442,exp_cycles_indvary2_step3_batch_yyy05.pl,q5,no,0.3,no,corr,0.0,None,None,None,yes
5443,exp_cycles_indvary2_step3_batch_yyy05.pl,x7,no,0.27,no,corr,0.0,None,None,None,yes
5444,exp_cycles_indvary2_step3_batch_yyy05.pl,r5,no,0.3,no,corr,0.0,None,None,None,yes
5445,exp_cycles_indvary2_step3_batch_yyy05.pl,d2,no,0.33,no,corr,4.0,None,None,None,no
5446,exp_cycles_indvary2_step3_batch_yyy05.pl,v3,no,0.23,no,corr,0.0,None,None,None,yes
5447,exp_cycles_indvary2_step3_batch_yyy05.pl,w5,no,0.22,no,corr,0.0,None,None,None,yes
5448,exp_cycles_indvary2_step3_batch_yyy05.pl,u7,no,0.28,no,corr,0.0,None,None,None,yes
5449,exp_cycles_indvary2_step3_batch_yyy05.pl,c2,yes,0.55,yes,corr,2.0,None,None,None,no
5450,exp_cycles_indvary2_step3_batch_yyy05.pl,a5,no,0.27,no,corr,0.0,None,None,None,yes
5451,exp_cycles_indvary2_step3_batch_yyy06.pl,c3,yes,0.62,yes,corr,3.0,None,None,None,no
5452,exp_cycles_indvary2_step3_batch_yyy06.pl,w2,no,0.37,no,corr,0.0,None,None,None,yes
5453,exp_cycles_indvary2_step3_batch_yyy06.pl,a5,no,0.46,no,corr,0.0,None,None,None,yes
5454,exp_cycles_indvary2_step3_batch_yyy06.pl,x2,yes,0.3,yes,corr,1.0,None,None,None,no
5455,exp_cycles_indvary2_step3_batch_yyy06.pl,x5,no,0.42,no,corr,0.0,None,None,None,yes
5456,exp_cycles_indvary2_step3_batch_yyy06.pl,e3,no,0.22,no,corr,0.0,None,None,None,yes
5457,exp_cycles_indvary2_step3_batch_yyy06.pl,y1,yes,0.27,yes,corr,1.0,None,None,None,no
5458,exp_cycles_indvary2_step3_batch_yyy06.pl,f4,no,0.32,no,corr,0.0,None,None,None,yes
5459,exp_cycles_indvary2_step3_batch_yyy06.pl,q1,yes,0.21,yes,corr,1.0,None,None,None,no
5460,exp_cycles_indvary2_step3_batch_yyy06.pl,q2,no,0.38,no,corr,0.0,None,None,None,yes
5461,exp_cycles_indvary2_step3_batch_yyy07.pl,d4,no,0.32,no,corr,0.0,None,None,None,yes
5462,exp_cycles_indvary2_step3_batch_yyy07.pl,d3,no,0.32,no,corr,0.0,None,None,None,yes
5463,exp_cycles_indvary2_step3_batch_yyy07.pl,b1,yes,0.29,yes,corr,1.0,None,None,None,no
5464,exp_cycles_indvary2_step3_batch_yyy07.pl,r5,no,0.35,no,corr,0.0,None,None,None,yes
5465,exp_cycles_indvary2_step3_batch_yyy07.pl,d2,no,0.25,no,corr,1.0,None,None,None,no
5466,exp_cycles_indvary2_step3_batch_yyy07.pl,r2,no,0.31,no,corr,0.0,None,None,None,yes
5467,exp_cycles_indvary2_step3_batch_yyy07.pl,x4,no,0.27,no,corr,0.0,None,None,None,yes
5468,exp_cycles_indvary2_step3_batch_yyy07.pl,p6,no,0.34,no,corr,0.0,None,None,None,yes
5469,exp_cycles_indvary2_step3_batch_yyy07.pl,u6,no,0.31,no,corr,0.0,None,None,None,yes
5470,exp_cycles_indvary2_step3_batch_yyy07.pl,d5,no,0.3,no,corr,0.0,None,None,None,yes
5471,exp_cycles_indvary2_step3_batch_yyy08.pl,b2,no,0.28,no,corr,1.0,None,None,None,no
5472,exp_cycles_indvary2_step3_batch_yyy08.pl,w7,no,0.27,no,corr,0.0,None,None,None,yes
5473,exp_cycles_indvary2_step3_batch_yyy08.pl,a5,no,0.23,no,corr,0.0,None,None,None,yes
5474,exp_cycles_indvary2_step3_batch_yyy08.pl,q4,no,0.19,no,corr,0.0,None,None,None,yes
5475,exp_cycles_indvary2_step3_batch_yyy08.pl,t2,yes,0.28,yes,corr,2.0,None,None,None,no
5476,exp_cycles_indvary2_step3_batch_yyy08.pl,f4,no,0.25,no,corr,0.0,None,None,None,yes
5477,exp_cycles_indvary2_step3_batch_yyy08.pl,e2,yes,0.22,yes,corr,1.0,None,None,None,no
5478,exp_cycles_indvary2_step3_batch_yyy08.pl,r2,yes,0.24,yes,corr,2.0,None,None,None,no
5479,exp_cycles_indvary2_step3_batch_yyy08.pl,r7,no,0.21,no,corr,0.0,None,None,None,yes
5480,exp_cycles_indvary2_step3_batch_yyy08.pl,a1,no,0.42,no,corr,2.0,None,None,None,no
5481,exp_cycles_indvary2_step3_batch_yyy09.pl,t5,no,0.38,no,corr,0.0,None,None,None,yes
5482,exp_cycles_indvary2_step3_batch_yyy09.pl,z6,no,0.37,no,corr,0.0,None,None,None,yes
5483,exp_cycles_indvary2_step3_batch_yyy09.pl,v7,no,0.64,no,corr,0.0,None,None,None,yes
5484,exp_cycles_indvary2_step3_batch_yyy09.pl,r6,no,0.25,no,corr,0.0,None,None,None,yes
5485,exp_cycles_indvary2_step3_batch_yyy09.pl,s5,no,0.27,no,corr,0.0,None,None,None,yes
5486,exp_cycles_indvary2_step3_batch_yyy09.pl,v4,no,0.48,no,corr,0.0,None,None,None,yes
5487,exp_cycles_indvary2_step3_batch_yyy09.pl,y1,no,0.22,no,corr,0.0,None,None,None,yes
5488,exp_cycles_indvary2_step3_batch_yyy09.pl,x6,no,0.33,no,corr,0.0,None,None,None,yes
5489,exp_cycles_indvary2_step3_batch_yyy09.pl,r3,no,0.21,no,corr,0.0,None,None,None,yes
5490,exp_cycles_indvary2_step3_batch_yyy09.pl,y5,no,0.28,no,corr,0.0,None,None,None,yes
5491,exp_cycles_indvary2_step3_batch_yyy10.pl,c3,no,0.33,no,corr,1.0,None,None,None,no
5492,exp_cycles_indvary2_step3_batch_yyy10.pl,b3,no,0.22,no,corr,1.0,None,None,None,no
5493,exp_cycles_indvary2_step3_batch_yyy10.pl,w1,yes,0.29,yes,corr,1.0,None,None,None,no
5494,exp_cycles_indvary2_step3_batch_yyy10.pl,f2,no,0.21,no,corr,1.0,None,None,None,no
5495,exp_cycles_indvary2_step3_batch_yyy10.pl,p7,no,0.32,no,corr,0.0,None,None,None,yes
5496,exp_cycles_indvary2_step3_batch_yyy10.pl,x3,no,0.45,no,corr,0.0,None,None,None,yes
5497,exp_cycles_indvary2_step3_batch_yyy10.pl,s1,no,0.22,no,corr,5.0,None,None,None,no
5498,exp_cycles_indvary2_step3_batch_yyy10.pl,r1,yes,0.39,yes,corr,1.0,None,None,None,no
5499,exp_cycles_indvary2_step3_batch_yyy10.pl,s7,no,0.54,no,corr,0.0,None,None,None,yes
5500,exp_cycles_indvary2_step3_batch_yyy10.pl,r7,no,0.25,no,corr,0.0,None,None,None,yes
5501,exp_cycles_indvary2_step4_batch_yyy01.pl,p7,no,0.31,no,corr,0.0,None,None,None,yes
5502,exp_cycles_indvary2_step4_batch_yyy01.pl,w2,yes,0.33,yes,corr,1.0,None,None,None,no
5503,exp_cycles_indvary2_step4_batch_yyy01.pl,w5,no,0.32,no,corr,0.0,None,None,None,yes
5504,exp_cycles_indvary2_step4_batch_yyy01.pl,q5,no,0.4,no,corr,0.0,None,None,None,yes
5505,exp_cycles_indvary2_step4_batch_yyy01.pl,c2,no,0.41,no,corr,4.0,None,None,None,no
5506,exp_cycles_indvary2_step4_batch_yyy01.pl,x7,no,0.32,no,corr,0.0,None,None,None,yes
5507,exp_cycles_indvary2_step4_batch_yyy01.pl,e3,no,0.38,no,corr,0.0,None,None,None,yes
5508,exp_cycles_indvary2_step4_batch_yyy01.pl,s1,yes,0.3,yes,corr,1.0,None,None,None,no
5509,exp_cycles_indvary2_step4_batch_yyy01.pl,a1,no,0.56,no,corr,7.0,None,None,None,no
5510,exp_cycles_indvary2_step4_batch_yyy01.pl,a2,no,0.52,no,corr,5.0,None,None,None,no
5511,exp_cycles_indvary2_step4_batch_yyy02.pl,p4,no,0.31,no,corr,0.0,None,None,None,yes
5512,exp_cycles_indvary2_step4_batch_yyy02.pl,u7,no,0.41,no,corr,0.0,None,None,None,yes
5513,exp_cycles_indvary2_step4_batch_yyy02.pl,q5,no,0.24,no,corr,0.0,None,None,None,yes
5514,exp_cycles_indvary2_step4_batch_yyy02.pl,e4,no,0.38,no,corr,0.0,None,None,None,yes
5515,exp_cycles_indvary2_step4_batch_yyy02.pl,p2,yes,0.3,yes,corr,1.0,None,None,None,no
5516,exp_cycles_indvary2_step4_batch_yyy02.pl,x6,no,0.34,no,corr,0.0,None,None,None,yes
5517,exp_cycles_indvary2_step4_batch_yyy02.pl,u2,yes,0.31,yes,corr,1.0,None,None,None,no
5518,exp_cycles_indvary2_step4_batch_yyy02.pl,p1,yes,0.21,yes,corr,1.0,None,None,None,no
5519,exp_cycles_indvary2_step4_batch_yyy02.pl,u1,no,0.21,no,corr,0.0,None,None,None,yes
5520,exp_cycles_indvary2_step4_batch_yyy02.pl,r6,no,0.26,no,corr,0.0,None,None,None,yes
5521,exp_cycles_indvary2_step4_batch_yyy03.pl,w7,no,0.26,no,corr,0.0,None,None,None,yes
5522,exp_cycles_indvary2_step4_batch_yyy03.pl,x3,no,0.24,no,corr,0.0,None,None,None,yes
5523,exp_cycles_indvary2_step4_batch_yyy03.pl,u4,no,0.21,no,corr,0.0,None,None,None,yes
5524,exp_cycles_indvary2_step4_batch_yyy03.pl,u7,no,0.35,no,corr,0.0,None,None,None,yes
5525,exp_cycles_indvary2_step4_batch_yyy03.pl,y3,no,0.47,no,corr,0.0,None,None,None,yes
5526,exp_cycles_indvary2_step4_batch_yyy03.pl,x1,yes,0.38,yes,corr,1.0,None,None,None,no
5527,exp_cycles_indvary2_step4_batch_yyy03.pl,t5,no,0.52,no,corr,0.0,None,None,None,yes
5528,exp_cycles_indvary2_step4_batch_yyy03.pl,s3,no,0.33,no,corr,0.0,None,None,None,yes
5529,exp_cycles_indvary2_step4_batch_yyy03.pl,v4,no,0.27,no,corr,0.0,None,None,None,yes
5530,exp_cycles_indvary2_step4_batch_yyy03.pl,e3,no,0.22,no,corr,0.0,None,None,None,yes
5531,exp_cycles_indvary2_step4_batch_yyy04.pl,d4,no,0.32,no,corr,0.0,None,None,None,yes
5532,exp_cycles_indvary2_step4_batch_yyy04.pl,f5,no,0.27,no,corr,0.0,None,None,None,yes
5533,exp_cycles_indvary2_step4_batch_yyy04.pl,e4,no,0.19,no,corr,0.0,None,None,None,yes
5534,exp_cycles_indvary2_step4_batch_yyy04.pl,a3,no,0.35,no,corr,1.0,None,None,None,no
5535,exp_cycles_indvary2_step4_batch_yyy04.pl,x1,yes,0.28,yes,corr,1.0,None,None,None,no
5536,exp_cycles_indvary2_step4_batch_yyy04.pl,b6,no,0.22,no,corr,0.0,None,None,None,yes
5537,exp_cycles_indvary2_step4_batch_yyy04.pl,u5,no,0.32,no,corr,0.0,None,None,None,yes
5538,exp_cycles_indvary2_step4_batch_yyy04.pl,u6,no,0.27,no,corr,0.0,None,None,None,yes
5539,exp_cycles_indvary2_step4_batch_yyy04.pl,t2,yes,0.31,yes,corr,1.0,None,None,None,no
5540,exp_cycles_indvary2_step4_batch_yyy04.pl,c6,no,0.27,no,corr,0.0,None,None,None,yes
5541,exp_cycles_indvary2_step4_batch_yyy05.pl,a6,no,0.24,no,corr,0.0,None,None,None,yes
5542,exp_cycles_indvary2_step4_batch_yyy05.pl,e1,no,0.29,no,corr,1.0,None,None,None,no
5543,exp_cycles_indvary2_step4_batch_yyy05.pl,p5,no,0.18,no,corr,0.0,None,None,None,yes
5544,exp_cycles_indvary2_step4_batch_yyy05.pl,f1,yes,0.38,yes,corr,1.0,None,None,None,no
5545,exp_cycles_indvary2_step4_batch_yyy05.pl,w1,yes,0.26,yes,corr,1.0,None,None,None,no
5546,exp_cycles_indvary2_step4_batch_yyy05.pl,c6,no,0.4,no,corr,0.0,None,None,None,yes
5547,exp_cycles_indvary2_step4_batch_yyy05.pl,v4,no,0.27,no,corr,0.0,None,None,None,yes
5548,exp_cycles_indvary2_step4_batch_yyy05.pl,s7,no,0.22,no,corr,0.0,None,None,None,yes
5549,exp_cycles_indvary2_step4_batch_yyy05.pl,v3,no,0.39,no,corr,0.0,None,None,None,yes
5550,exp_cycles_indvary2_step4_batch_yyy05.pl,a2,yes,0.41,yes,corr,3.0,None,None,None,no
5551,exp_cycles_indvary2_step4_batch_yyy06.pl,t4,no,0.28,no,corr,0.0,None,None,None,yes
5552,exp_cycles_indvary2_step4_batch_yyy06.pl,e1,no,0.2,no,corr,1.0,None,None,None,no
5553,exp_cycles_indvary2_step4_batch_yyy06.pl,p5,no,0.26,no,corr,0.0,None,None,None,yes
5554,exp_cycles_indvary2_step4_batch_yyy06.pl,u7,no,0.18,no,corr,0.0,None,None,None,yes
5555,exp_cycles_indvary2_step4_batch_yyy06.pl,s5,no,0.23,no,corr,0.0,None,None,None,yes
5556,exp_cycles_indvary2_step4_batch_yyy06.pl,x7,no,0.27,no,corr,0.0,None,None,None,yes
5557,exp_cycles_indvary2_step4_batch_yyy06.pl,q3,yes,0.21,yes,corr,1.0,None,None,None,no
5558,exp_cycles_indvary2_step4_batch_yyy06.pl,a1,no,0.3,no,corr,1.0,None,None,None,no
5559,exp_cycles_indvary2_step4_batch_yyy06.pl,d1,no,0.51,no,corr,5.0,None,None,None,no
5560,exp_cycles_indvary2_step4_batch_yyy06.pl,q7,no,0.33,no,corr,0.0,None,None,None,yes
5561,exp_cycles_indvary2_step4_batch_yyy07.pl,c3,yes,0.45,yes,corr,7.0,None,None,None,no
5562,exp_cycles_indvary2_step4_batch_yyy07.pl,v2,yes,0.21,yes,corr,1.0,None,None,None,no
5563,exp_cycles_indvary2_step4_batch_yyy07.pl,p4,no,0.28,no,corr,0.0,None,None,None,yes
5564,exp_cycles_indvary2_step4_batch_yyy07.pl,a5,no,0.29,no,corr,0.0,None,None,None,yes
5565,exp_cycles_indvary2_step4_batch_yyy07.pl,e4,no,0.25,no,corr,0.0,None,None,None,yes
5566,exp_cycles_indvary2_step4_batch_yyy07.pl,v1,yes,0.39,yes,corr,1.0,None,None,None,no
5567,exp_cycles_indvary2_step4_batch_yyy07.pl,e3,no,0.22,no,corr,0.0,None,None,None,yes
5568,exp_cycles_indvary2_step4_batch_yyy07.pl,f4,no,0.39,no,corr,0.0,None,None,None,yes
5569,exp_cycles_indvary2_step4_batch_yyy07.pl,u2,no,0.16,no,corr,0.0,None,None,None,yes
5570,exp_cycles_indvary2_step4_batch_yyy07.pl,q7,no,0.24,no,corr,0.0,None,None,None,yes
5571,exp_cycles_indvary2_step4_batch_yyy08.pl,y3,no,0.4,no,corr,0.0,None,None,None,yes
5572,exp_cycles_indvary2_step4_batch_yyy08.pl,v1,yes,0.39,yes,corr,2.0,None,None,None,no
5573,exp_cycles_indvary2_step4_batch_yyy08.pl,d2,yes,0.24,yes,corr,0.0,None,None,None,no
5574,exp_cycles_indvary2_step4_batch_yyy08.pl,c1,no,0.44,no,corr,1.0,None,None,None,no
5575,exp_cycles_indvary2_step4_batch_yyy08.pl,c6,no,0.33,no,corr,0.0,None,None,None,yes
5576,exp_cycles_indvary2_step4_batch_yyy08.pl,z2,no,0.28,no,corr,0.0,None,None,None,yes
5577,exp_cycles_indvary2_step4_batch_yyy08.pl,e3,no,0.25,no,corr,0.0,None,None,None,yes
5578,exp_cycles_indvary2_step4_batch_yyy08.pl,r4,no,0.24,no,corr,0.0,None,None,None,yes
5579,exp_cycles_indvary2_step4_batch_yyy08.pl,e2,no,0.37,no,corr,1.0,None,None,None,no
5580,exp_cycles_indvary2_step4_batch_yyy08.pl,u2,yes,0.39,yes,corr,1.0,None,None,None,no
5581,exp_cycles_indvary2_step4_batch_yyy09.pl,d5,no,0.32,no,corr,0.0,None,None,None,yes
5582,exp_cycles_indvary2_step4_batch_yyy09.pl,e1,no,0.65,no,corr,6.0,None,None,None,no
5583,exp_cycles_indvary2_step4_batch_yyy09.pl,x3,no,0.51,no,corr,0.0,None,None,None,yes
5584,exp_cycles_indvary2_step4_batch_yyy09.pl,d3,no,0.3,no,corr,0.0,None,None,None,yes
5585,exp_cycles_indvary2_step4_batch_yyy09.pl,v5,no,0.43,no,corr,0.0,None,None,None,yes
5586,exp_cycles_indvary2_step4_batch_yyy09.pl,x5,no,0.63,no,corr,0.0,None,None,None,yes
5587,exp_cycles_indvary2_step4_batch_yyy09.pl,r1,yes,0.3,yes,corr,2.0,None,None,None,no
5588,exp_cycles_indvary2_step4_batch_yyy09.pl,p2,yes,0.27,yes,corr,1.0,None,None,None,no
5589,exp_cycles_indvary2_step4_batch_yyy09.pl,a1,no,0.33,no,corr,1.0,None,None,None,no
5590,exp_cycles_indvary2_step4_batch_yyy09.pl,f2,no,0.35,no,corr,1.0,None,None,None,no
5591,exp_cycles_indvary2_step4_batch_yyy10.pl,q4,no,0.49,no,corr,0.0,None,None,None,yes
5592,exp_cycles_indvary2_step4_batch_yyy10.pl,x2,no,0.42,no,corr,0.0,None,None,None,yes
5593,exp_cycles_indvary2_step4_batch_yyy10.pl,a3,no,0.32,no,corr,5.0,None,None,None,no
5594,exp_cycles_indvary2_step4_batch_yyy10.pl,a1,no,0.33,no,corr,4.0,None,None,None,no
5595,exp_cycles_indvary2_step4_batch_yyy10.pl,t1,yes,0.29,yes,corr,1.0,None,None,None,no
5596,exp_cycles_indvary2_step4_batch_yyy10.pl,p1,yes,0.32,yes,corr,1.0,None,None,None,no
5597,exp_cycles_indvary2_step4_batch_yyy10.pl,f2,no,0.53,no,corr,7.0,None,None,None,no
5598,exp_cycles_indvary2_step4_batch_yyy10.pl,y1,yes,0.28,yes,corr,1.0,None,None,None,no
5599,exp_cycles_indvary2_step4_batch_yyy10.pl,s1,yes,0.35,yes,corr,2.0,None,None,None,no
5600,exp_cycles_indvary2_step4_batch_yyy10.pl,d2,yes,0.28,yes,corr,2.0,None,None,None,no
5601,exp_cycles_indvary2_step5_batch_yyy01.pl,x3,no,0.29,no,corr,0.0,None,None,None,yes
5602,exp_cycles_indvary2_step5_batch_yyy01.pl,e5,no,0.21,no,corr,0.0,None,None,None,yes
5603,exp_cycles_indvary2_step5_batch_yyy01.pl,q4,no,0.46,no,corr,0.0,None,None,None,yes
5604,exp_cycles_indvary2_step5_batch_yyy01.pl,p3,yes,0.27,yes,corr,1.0,None,None,None,no
5605,exp_cycles_indvary2_step5_batch_yyy01.pl,b5,no,0.29,no,corr,0.0,None,None,None,yes
5606,exp_cycles_indvary2_step5_batch_yyy01.pl,x1,yes,0.45,yes,corr,1.0,None,None,None,no
5607,exp_cycles_indvary2_step5_batch_yyy01.pl,r3,yes,0.28,yes,corr,1.0,None,None,None,no
5608,exp_cycles_indvary2_step5_batch_yyy01.pl,q2,yes,0.32,yes,corr,1.0,None,None,None,no
5609,exp_cycles_indvary2_step5_batch_yyy01.pl,s5,no,0.24,no,corr,0.0,None,None,None,yes
5610,exp_cycles_indvary2_step5_batch_yyy01.pl,t3,no,0.47,no,corr,0.0,None,None,None,yes
5611,exp_cycles_indvary2_step5_batch_yyy02.pl,u6,no,0.23,no,corr,0.0,None,None,None,yes
5612,exp_cycles_indvary2_step5_batch_yyy02.pl,v2,yes,0.35,yes,corr,1.0,None,None,None,no
5613,exp_cycles_indvary2_step5_batch_yyy02.pl,f1,no,0.32,no,corr,1.0,None,None,None,no
5614,exp_cycles_indvary2_step5_batch_yyy02.pl,x2,yes,0.29,yes,corr,1.0,None,None,None,no
5615,exp_cycles_indvary2_step5_batch_yyy02.pl,r5,no,0.22,no,corr,0.0,None,None,None,yes
5616,exp_cycles_indvary2_step5_batch_yyy02.pl,f3,no,0.28,no,corr,0.0,None,None,None,yes
5617,exp_cycles_indvary2_step5_batch_yyy02.pl,u3,no,0.23,no,corr,0.0,None,None,None,yes
5618,exp_cycles_indvary2_step5_batch_yyy02.pl,p2,no,0.25,no,corr,0.0,None,None,None,yes
5619,exp_cycles_indvary2_step5_batch_yyy02.pl,x1,yes,0.26,yes,corr,1.0,None,None,None,no
5620,exp_cycles_indvary2_step5_batch_yyy02.pl,v3,no,0.17,no,corr,0.0,None,None,None,yes
5621,exp_cycles_indvary2_step5_batch_yyy03.pl,f1,no,0.46,no,corr,4.0,None,None,None,no
5622,exp_cycles_indvary2_step5_batch_yyy03.pl,c2,no,0.39,no,corr,1.0,None,None,None,no
5623,exp_cycles_indvary2_step5_batch_yyy03.pl,x2,yes,0.31,yes,corr,1.0,None,None,None,no
5624,exp_cycles_indvary2_step5_batch_yyy03.pl,z2,yes,0.26,yes,corr,1.0,None,None,None,no
5625,exp_cycles_indvary2_step5_batch_yyy03.pl,y2,no,0.26,no,corr,0.0,None,None,None,yes
5626,exp_cycles_indvary2_step5_batch_yyy03.pl,q1,no,0.38,no,corr,0.0,None,None,None,yes
5627,exp_cycles_indvary2_step5_batch_yyy03.pl,p1,no,0.39,no,corr,0.0,None,None,None,yes
5628,exp_cycles_indvary2_step5_batch_yyy03.pl,x4,no,0.33,no,corr,0.0,None,None,None,yes
5629,exp_cycles_indvary2_step5_batch_yyy03.pl,s5,no,0.21,no,corr,0.0,None,None,None,yes
5630,exp_cycles_indvary2_step5_batch_yyy03.pl,q5,no,0.35,no,corr,0.0,None,None,None,yes
5631,exp_cycles_indvary2_step5_batch_yyy04.pl,d4,no,0.4,no,corr,0.0,None,None,None,yes
5632,exp_cycles_indvary2_step5_batch_yyy04.pl,u4,no,0.57,no,corr,0.0,None,None,None,yes
5633,exp_cycles_indvary2_step5_batch_yyy04.pl,b4,no,0.35,no,corr,0.0,None,None,None,yes
5634,exp_cycles_indvary2_step5_batch_yyy04.pl,w1,no,0.36,no,corr,0.0,None,None,None,yes
5635,exp_cycles_indvary2_step5_batch_yyy04.pl,r1,yes,0.19,yes,corr,2.0,None,None,None,no
5636,exp_cycles_indvary2_step5_batch_yyy04.pl,x1,yes,0.21,yes,corr,1.0,None,None,None,no
5637,exp_cycles_indvary2_step5_batch_yyy04.pl,s4,no,0.39,no,corr,0.0,None,None,None,yes
5638,exp_cycles_indvary2_step5_batch_yyy04.pl,w7,no,0.31,no,corr,0.0,None,None,None,yes
5639,exp_cycles_indvary2_step5_batch_yyy04.pl,t7,no,0.23,no,corr,0.0,None,None,None,yes
5640,exp_cycles_indvary2_step5_batch_yyy04.pl,c6,no,0.18,no,corr,0.0,None,None,None,yes
5641,exp_cycles_indvary2_step5_batch_yyy05.pl,d3,no,0.31,no,corr,0.0,None,None,None,yes
5642,exp_cycles_indvary2_step5_batch_yyy05.pl,f3,no,0.27,no,corr,0.0,None,None,None,yes
5643,exp_cycles_indvary2_step5_batch_yyy05.pl,u3,no,0.17,no,corr,0.0,None,None,None,yes
5644,exp_cycles_indvary2_step5_batch_yyy05.pl,a1,yes,0.19,yes,corr,1.0,None,None,None,no
5645,exp_cycles_indvary2_step5_batch_yyy05.pl,u2,yes,0.28,yes,corr,1.0,None,None,None,no
5646,exp_cycles_indvary2_step5_batch_yyy05.pl,p4,no,0.36,no,corr,0.0,None,None,None,yes
5647,exp_cycles_indvary2_step5_batch_yyy05.pl,d4,no,0.29,no,corr,0.0,None,None,None,yes
5648,exp_cycles_indvary2_step5_batch_yyy05.pl,q3,yes,0.32,yes,corr,2.0,None,None,None,no
5649,exp_cycles_indvary2_step5_batch_yyy05.pl,y2,no,0.23,no,corr,0.0,None,None,None,yes
5650,exp_cycles_indvary2_step5_batch_yyy05.pl,x6,no,0.22,no,corr,0.0,None,None,None,yes
5651,exp_cycles_indvary2_step5_batch_yyy06.pl,b1,no,0.49,no,corr,4.0,None,None,None,no
5652,exp_cycles_indvary2_step5_batch_yyy06.pl,z4,no,0.5,no,corr,0.0,None,None,None,yes
5653,exp_cycles_indvary2_step5_batch_yyy06.pl,t7,no,0.37,no,corr,0.0,None,None,None,yes
5654,exp_cycles_indvary2_step5_batch_yyy06.pl,r4,no,0.35,no,corr,0.0,None,None,None,yes
5655,exp_cycles_indvary2_step5_batch_yyy06.pl,d2,no,0.31,no,corr,1.0,None,None,None,no
5656,exp_cycles_indvary2_step5_batch_yyy06.pl,x6,no,0.26,no,corr,0.0,None,None,None,yes
5657,exp_cycles_indvary2_step5_batch_yyy06.pl,t1,yes,0.25,yes,corr,1.0,None,None,None,no
5658,exp_cycles_indvary2_step5_batch_yyy06.pl,q2,no,0.27,no,corr,0.0,None,None,None,yes
5659,exp_cycles_indvary2_step5_batch_yyy06.pl,r2,no,0.33,no,corr,0.0,None,None,None,yes
5660,exp_cycles_indvary2_step5_batch_yyy06.pl,a1,no,0.28,no,corr,1.0,None,None,None,no
5661,exp_cycles_indvary2_step5_batch_yyy07.pl,c3,no,0.28,no,corr,1.0,None,None,None,no
5662,exp_cycles_indvary2_step5_batch_yyy07.pl,x3,no,0.24,no,corr,0.0,None,None,None,yes
5663,exp_cycles_indvary2_step5_batch_yyy07.pl,s5,no,0.37,no,corr,0.0,None,None,None,yes
5664,exp_cycles_indvary2_step5_batch_yyy07.pl,b1,no,0.22,no,corr,1.0,None,None,None,no
5665,exp_cycles_indvary2_step5_batch_yyy07.pl,q4,no,0.58,no,corr,0.0,None,None,None,yes
5666,exp_cycles_indvary2_step5_batch_yyy07.pl,y3,no,0.19,no,corr,0.0,None,None,None,yes
5667,exp_cycles_indvary2_step5_batch_yyy07.pl,q3,yes,0.35,yes,corr,1.0,None,None,None,no
5668,exp_cycles_indvary2_step5_batch_yyy07.pl,r2,yes,0.38,yes,corr,1.0,None,None,None,no
5669,exp_cycles_indvary2_step5_batch_yyy07.pl,v6,no,0.33,no,corr,0.0,None,None,None,yes
5670,exp_cycles_indvary2_step5_batch_yyy07.pl,u1,yes,0.28,yes,corr,1.0,None,None,None,no
5671,exp_cycles_indvary2_step5_batch_yyy08.pl,v6,no,0.26,no,corr,0.0,None,None,None,yes
5672,exp_cycles_indvary2_step5_batch_yyy08.pl,d3,no,0.33,no,corr,0.0,None,None,None,yes
5673,exp_cycles_indvary2_step5_batch_yyy08.pl,c2,yes,0.25,yes,corr,1.0,None,None,None,no
5674,exp_cycles_indvary2_step5_batch_yyy08.pl,r5,no,0.42,no,corr,0.0,None,None,None,yes
5675,exp_cycles_indvary2_step5_batch_yyy08.pl,p3,yes,0.23,yes,corr,1.0,None,None,None,no
5676,exp_cycles_indvary2_step5_batch_yyy08.pl,r4,no,0.25,no,corr,0.0,None,None,None,yes
5677,exp_cycles_indvary2_step5_batch_yyy08.pl,y2,yes,0.23,yes,corr,2.0,None,None,None,no
5678,exp_cycles_indvary2_step5_batch_yyy08.pl,d1,no,0.46,no,corr,1.0,None,None,None,no
5679,exp_cycles_indvary2_step5_batch_yyy08.pl,c1,no,0.41,no,corr,1.0,None,None,None,no
5680,exp_cycles_indvary2_step5_batch_yyy08.pl,s6,no,0.38,no,corr,0.0,None,None,None,yes
5681,exp_cycles_indvary2_step5_batch_yyy09.pl,w2,yes,0.25,yes,corr,1.0,None,None,None,no
5682,exp_cycles_indvary2_step5_batch_yyy09.pl,u4,no,0.24,no,corr,0.0,None,None,None,yes
5683,exp_cycles_indvary2_step5_batch_yyy09.pl,e4,no,0.23,no,corr,0.0,None,None,None,yes
5684,exp_cycles_indvary2_step5_batch_yyy09.pl,d2,yes,0.3,yes,corr,7.0,None,None,None,no
5685,exp_cycles_indvary2_step5_batch_yyy09.pl,b6,no,0.62,no,corr,0.0,None,None,None,yes
5686,exp_cycles_indvary2_step5_batch_yyy09.pl,z6,no,0.28,no,corr,0.0,None,None,None,yes
5687,exp_cycles_indvary2_step5_batch_yyy09.pl,b2,yes,0.31,yes,corr,1.0,None,None,None,no
5688,exp_cycles_indvary2_step5_batch_yyy09.pl,a6,no,0.5,no,corr,0.0,None,None,None,yes
5689,exp_cycles_indvary2_step5_batch_yyy09.pl,w7,no,0.33,no,corr,0.0,None,None,None,yes
5690,exp_cycles_indvary2_step5_batch_yyy09.pl,y4,no,0.31,no,corr,0.0,None,None,None,yes
5691,exp_cycles_indvary2_step5_batch_yyy10.pl,c4,no,0.36,no,corr,0.0,None,None,None,yes
5692,exp_cycles_indvary2_step5_batch_yyy10.pl,x3,no,0.4,no,corr,0.0,None,None,None,yes
5693,exp_cycles_indvary2_step5_batch_yyy10.pl,r6,no,0.96,no,corr,0.0,None,None,None,yes
5694,exp_cycles_indvary2_step5_batch_yyy10.pl,t3,no,0.39,no,corr,0.0,None,None,None,yes
5695,exp_cycles_indvary2_step5_batch_yyy10.pl,w6,no,0.49,no,corr,0.0,None,None,None,yes
5696,exp_cycles_indvary2_step5_batch_yyy10.pl,p2,no,0.36,no,corr,0.0,None,None,None,yes
5697,exp_cycles_indvary2_step5_batch_yyy10.pl,r2,yes,0.31,yes,corr,1.0,None,None,None,no
5698,exp_cycles_indvary2_step5_batch_yyy10.pl,r3,yes,0.25,yes,corr,1.0,None,None,None,no
5699,exp_cycles_indvary2_step5_batch_yyy10.pl,v1,yes,0.19,yes,corr,1.0,None,None,None,no
5700,exp_cycles_indvary2_step5_batch_yyy10.pl,p3,yes,0.25,yes,corr,1.0,None,None,None,no
5701,exp_cycles_indvary2_step6_batch_yyy01.pl,y3,no,0.24,no,corr,0.0,None,None,None,yes
5702,exp_cycles_indvary2_step6_batch_yyy01.pl,w1,yes,0.24,yes,corr,1.0,None,None,None,no
5703,exp_cycles_indvary2_step6_batch_yyy01.pl,b6,no,0.26,no,corr,0.0,None,None,None,yes
5704,exp_cycles_indvary2_step6_batch_yyy01.pl,q2,yes,0.26,yes,corr,1.0,None,None,None,no
5705,exp_cycles_indvary2_step6_batch_yyy01.pl,c2,no,0.37,no,corr,5.0,None,None,None,no
5706,exp_cycles_indvary2_step6_batch_yyy01.pl,b1,yes,0.25,yes,corr,1.0,None,None,None,no
5707,exp_cycles_indvary2_step6_batch_yyy01.pl,c1,no,0.35,no,corr,4.0,None,None,None,no
5708,exp_cycles_indvary2_step6_batch_yyy01.pl,t7,no,0.4,no,corr,0.0,None,None,None,yes
5709,exp_cycles_indvary2_step6_batch_yyy01.pl,z2,yes,0.3,yes,corr,1.0,None,None,None,no
5710,exp_cycles_indvary2_step6_batch_yyy01.pl,b5,no,0.29,no,corr,0.0,None,None,None,yes
5711,exp_cycles_indvary2_step6_batch_yyy02.pl,d5,no,0.28,no,corr,0.0,None,None,None,yes
5712,exp_cycles_indvary2_step6_batch_yyy02.pl,s4,no,0.31,no,corr,0.0,None,None,None,yes
5713,exp_cycles_indvary2_step6_batch_yyy02.pl,x7,no,0.34,no,corr,0.0,None,None,None,yes
5714,exp_cycles_indvary2_step6_batch_yyy02.pl,p3,yes,0.59,yes,corr,1.0,None,None,None,no
5715,exp_cycles_indvary2_step6_batch_yyy02.pl,e3,no,0.26,no,corr,0.0,None,None,None,yes
5716,exp_cycles_indvary2_step6_batch_yyy02.pl,x1,yes,0.33,yes,corr,1.0,None,None,None,no
5717,exp_cycles_indvary2_step6_batch_yyy02.pl,s7,no,0.2,no,corr,0.0,None,None,None,yes
5718,exp_cycles_indvary2_step6_batch_yyy02.pl,p1,yes,0.23,yes,corr,1.0,None,None,None,no
5719,exp_cycles_indvary2_step6_batch_yyy02.pl,s2,yes,0.37,yes,corr,1.0,None,None,None,no
5720,exp_cycles_indvary2_step6_batch_yyy02.pl,z1,yes,0.38,yes,corr,1.0,None,None,None,no
5721,exp_cycles_indvary2_step6_batch_yyy03.pl,f1,yes,0.38,yes,corr,0.0,None,None,None,no
5722,exp_cycles_indvary2_step6_batch_yyy03.pl,s2,yes,0.23,yes,corr,1.0,None,None,None,no
5723,exp_cycles_indvary2_step6_batch_yyy03.pl,y3,no,0.21,no,corr,0.0,None,None,None,yes
5724,exp_cycles_indvary2_step6_batch_yyy03.pl,w1,yes,0.38,yes,corr,1.0,None,None,None,no
5725,exp_cycles_indvary2_step6_batch_yyy03.pl,x5,no,0.22,no,corr,0.0,None,None,None,yes
5726,exp_cycles_indvary2_step6_batch_yyy03.pl,y1,yes,0.22,yes,corr,1.0,None,None,None,no
5727,exp_cycles_indvary2_step6_batch_yyy03.pl,y2,yes,0.22,yes,corr,1.0,None,None,None,no
5728,exp_cycles_indvary2_step6_batch_yyy03.pl,q1,yes,0.35,yes,corr,1.0,None,None,None,no
5729,exp_cycles_indvary2_step6_batch_yyy03.pl,d4,no,0.36,no,corr,0.0,None,None,None,yes
5730,exp_cycles_indvary2_step6_batch_yyy03.pl,x3,no,0.37,no,corr,0.0,None,None,None,yes
5731,exp_cycles_indvary2_step6_batch_yyy04.pl,u6,no,0.63,no,corr,0.0,None,None,None,yes
5732,exp_cycles_indvary2_step6_batch_yyy04.pl,z5,no,0.62,no,corr,0.0,None,None,None,yes
5733,exp_cycles_indvary2_step6_batch_yyy04.pl,w5,no,0.24,no,corr,0.0,None,None,None,yes
5734,exp_cycles_indvary2_step6_batch_yyy04.pl,r5,no,0.25,no,corr,0.0,None,None,None,yes
5735,exp_cycles_indvary2_step6_batch_yyy04.pl,f3,no,0.21,no,corr,0.0,None,None,None,yes
5736,exp_cycles_indvary2_step6_batch_yyy04.pl,t1,yes,0.27,yes,corr,1.0,None,None,None,no
5737,exp_cycles_indvary2_step6_batch_yyy04.pl,y6,no,0.23,no,corr,0.0,None,None,None,yes
5738,exp_cycles_indvary2_step6_batch_yyy04.pl,t2,yes,0.31,yes,corr,1.0,None,None,None,no
5739,exp_cycles_indvary2_step6_batch_yyy04.pl,t7,no,0.26,no,corr,0.0,None,None,None,yes
5740,exp_cycles_indvary2_step6_batch_yyy04.pl,z2,no,0.3,no,corr,0.0,None,None,None,yes
5741,exp_cycles_indvary2_step6_batch_yyy05.pl,y4,no,0.47,no,corr,0.0,None,None,None,yes
5742,exp_cycles_indvary2_step6_batch_yyy05.pl,v5,no,0.26,no,corr,0.0,None,None,None,yes
5743,exp_cycles_indvary2_step6_batch_yyy05.pl,r5,no,0.29,no,corr,0.0,None,None,None,yes
5744,exp_cycles_indvary2_step6_batch_yyy05.pl,w1,yes,0.29,yes,corr,1.0,None,None,None,no
5745,exp_cycles_indvary2_step6_batch_yyy05.pl,y1,yes,0.41,yes,corr,1.0,None,None,None,no
5746,exp_cycles_indvary2_step6_batch_yyy05.pl,z3,no,0.45,no,corr,0.0,None,None,None,yes
5747,exp_cycles_indvary2_step6_batch_yyy05.pl,r2,yes,0.37,yes,corr,1.0,None,None,None,no
5748,exp_cycles_indvary2_step6_batch_yyy05.pl,p1,yes,0.34,yes,corr,1.0,None,None,None,no
5749,exp_cycles_indvary2_step6_batch_yyy05.pl,t4,no,0.25,no,corr,0.0,None,None,None,yes
5750,exp_cycles_indvary2_step6_batch_yyy05.pl,c4,no,0.51,no,corr,0.0,None,None,None,yes
5751,exp_cycles_indvary2_step6_batch_yyy06.pl,t5,no,0.23,no,corr,0.0,None,None,None,yes
5752,exp_cycles_indvary2_step6_batch_yyy06.pl,y4,no,0.31,no,corr,0.0,None,None,None,yes
5753,exp_cycles_indvary2_step6_batch_yyy06.pl,v6,no,0.27,no,corr,0.0,None,None,None,yes
5754,exp_cycles_indvary2_step6_batch_yyy06.pl,a4,no,0.26,no,corr,0.0,None,None,None,yes
5755,exp_cycles_indvary2_step6_batch_yyy06.pl,p2,no,0.2,no,corr,0.0,None,None,None,yes
5756,exp_cycles_indvary2_step6_batch_yyy06.pl,x6,no,0.23,no,corr,0.0,None,None,None,yes
5757,exp_cycles_indvary2_step6_batch_yyy06.pl,t1,yes,0.47,yes,corr,1.0,None,None,None,no
5758,exp_cycles_indvary2_step6_batch_yyy06.pl,y5,no,0.25,no,corr,0.0,None,None,None,yes
5759,exp_cycles_indvary2_step6_batch_yyy06.pl,p6,no,0.42,no,corr,0.0,None,None,None,yes
5760,exp_cycles_indvary2_step6_batch_yyy06.pl,f2,yes,0.49,yes,corr,1.0,None,None,None,no
5761,exp_cycles_indvary2_step6_batch_yyy07.pl,u5,no,0.24,no,corr,0.0,None,None,None,yes
5762,exp_cycles_indvary2_step6_batch_yyy07.pl,p7,no,0.36,no,corr,0.0,None,None,None,yes
5763,exp_cycles_indvary2_step6_batch_yyy07.pl,z1,yes,0.32,yes,corr,1.0,None,None,None,no
5764,exp_cycles_indvary2_step6_batch_yyy07.pl,x7,no,0.22,no,corr,0.0,None,None,None,yes
5765,exp_cycles_indvary2_step6_batch_yyy07.pl,p3,yes,0.26,yes,corr,1.0,None,None,None,no
5766,exp_cycles_indvary2_step6_batch_yyy07.pl,r3,yes,0.3,yes,corr,1.0,None,None,None,no
5767,exp_cycles_indvary2_step6_batch_yyy07.pl,c3,yes,0.47,yes,corr,1.0,None,None,None,no
5768,exp_cycles_indvary2_step6_batch_yyy07.pl,t4,no,0.23,no,corr,0.0,None,None,None,yes
5769,exp_cycles_indvary2_step6_batch_yyy07.pl,x6,no,0.22,no,corr,0.0,None,None,None,yes
5770,exp_cycles_indvary2_step6_batch_yyy07.pl,x1,yes,0.53,yes,corr,1.0,None,None,None,no
5771,exp_cycles_indvary2_step6_batch_yyy08.pl,d5,no,0.31,no,corr,0.0,None,None,None,yes
5772,exp_cycles_indvary2_step6_batch_yyy08.pl,c3,yes,0.31,yes,corr,1.0,None,None,None,no
5773,exp_cycles_indvary2_step6_batch_yyy08.pl,w7,no,0.21,no,corr,0.0,None,None,None,yes
5774,exp_cycles_indvary2_step6_batch_yyy08.pl,v6,no,0.26,no,corr,0.0,None,None,None,yes
5775,exp_cycles_indvary2_step6_batch_yyy08.pl,v1,yes,0.2,yes,corr,1.0,None,None,None,no
5776,exp_cycles_indvary2_step6_batch_yyy08.pl,x6,no,0.39,no,corr,0.0,None,None,None,yes
5777,exp_cycles_indvary2_step6_batch_yyy08.pl,r7,no,0.49,no,corr,0.0,None,None,None,yes
5778,exp_cycles_indvary2_step6_batch_yyy08.pl,y5,no,0.26,no,corr,0.0,None,None,None,yes
5779,exp_cycles_indvary2_step6_batch_yyy08.pl,d1,no,0.41,no,corr,5.0,None,None,None,no
5780,exp_cycles_indvary2_step6_batch_yyy08.pl,u2,yes,0.66,yes,corr,1.0,None,None,None,no
5781,exp_cycles_indvary2_step6_batch_yyy09.pl,z6,no,0.43,no,corr,0.0,None,None,None,yes
5782,exp_cycles_indvary2_step6_batch_yyy09.pl,v7,no,0.35,no,corr,0.0,None,None,None,yes
5783,exp_cycles_indvary2_step6_batch_yyy09.pl,s2,yes,0.27,yes,corr,1.0,None,None,None,no
5784,exp_cycles_indvary2_step6_batch_yyy09.pl,r5,no,0.26,no,corr,0.0,None,None,None,yes
5785,exp_cycles_indvary2_step6_batch_yyy09.pl,z2,yes,0.26,yes,corr,2.0,None,None,None,no
5786,exp_cycles_indvary2_step6_batch_yyy09.pl,x6,no,0.29,no,corr,0.0,None,None,None,yes
5787,exp_cycles_indvary2_step6_batch_yyy09.pl,u2,yes,0.25,yes,corr,1.0,None,None,None,no
5788,exp_cycles_indvary2_step6_batch_yyy09.pl,q7,no,0.51,no,corr,0.0,None,None,None,yes
5789,exp_cycles_indvary2_step6_batch_yyy09.pl,r2,yes,0.32,yes,corr,1.0,None,None,None,no
5790,exp_cycles_indvary2_step6_batch_yyy09.pl,b6,no,0.33,no,corr,0.0,None,None,None,yes
5791,exp_cycles_indvary2_step6_batch_yyy10.pl,q6,no,0.31,no,corr,0.0,None,None,None,yes
5792,exp_cycles_indvary2_step6_batch_yyy10.pl,c2,no,0.41,no,corr,6.0,None,None,None,no
5793,exp_cycles_indvary2_step6_batch_yyy10.pl,z2,yes,0.21,yes,corr,1.0,None,None,None,no
5794,exp_cycles_indvary2_step6_batch_yyy10.pl,y1,yes,0.23,yes,corr,1.0,None,None,None,no
5795,exp_cycles_indvary2_step6_batch_yyy10.pl,z3,no,0.25,no,corr,0.0,None,None,None,yes
5796,exp_cycles_indvary2_step6_batch_yyy10.pl,y2,yes,0.23,yes,corr,1.0,None,None,None,no
5797,exp_cycles_indvary2_step6_batch_yyy10.pl,q1,yes,0.34,yes,corr,1.0,None,None,None,no
5798,exp_cycles_indvary2_step6_batch_yyy10.pl,y6,no,0.46,no,corr,0.0,None,None,None,yes
5799,exp_cycles_indvary2_step6_batch_yyy10.pl,a6,no,0.37,no,corr,0.0,None,None,None,yes
5800,exp_cycles_indvary2_step6_batch_yyy10.pl,b3,no,0.44,no,corr,6.0,None,None,None,no
5801,exp_cycles_indvary2_step7_batch_yyy01.pl,d5,no,0.26,no,corr,0.0,None,None,None,yes
5802,exp_cycles_indvary2_step7_batch_yyy01.pl,q5,no,0.38,no,corr,0.0,None,None,None,yes
5803,exp_cycles_indvary2_step7_batch_yyy01.pl,w6,no,0.42,no,corr,0.0,None,None,None,yes
5804,exp_cycles_indvary2_step7_batch_yyy01.pl,y3,no,0.24,no,corr,0.0,None,None,None,yes
5805,exp_cycles_indvary2_step7_batch_yyy01.pl,v1,yes,0.26,yes,corr,1.0,None,None,None,no
5806,exp_cycles_indvary2_step7_batch_yyy01.pl,f3,no,0.27,no,corr,0.0,None,None,None,yes
5807,exp_cycles_indvary2_step7_batch_yyy01.pl,t2,yes,0.33,yes,corr,1.0,None,None,None,no
5808,exp_cycles_indvary2_step7_batch_yyy01.pl,s1,no,0.33,no,corr,0.0,None,None,None,yes
5809,exp_cycles_indvary2_step7_batch_yyy01.pl,r7,no,0.23,no,corr,0.0,None,None,None,yes
5810,exp_cycles_indvary2_step7_batch_yyy01.pl,q2,no,0.21,no,corr,0.0,None,None,None,yes
5811,exp_cycles_indvary2_step7_batch_yyy02.pl,u5,no,0.29,no,corr,0.0,None,None,None,yes
5812,exp_cycles_indvary2_step7_batch_yyy02.pl,f1,no,0.42,no,corr,4.0,None,None,None,no
5813,exp_cycles_indvary2_step7_batch_yyy02.pl,c1,no,0.47,no,corr,4.0,None,None,None,no
5814,exp_cycles_indvary2_step7_batch_yyy02.pl,e3,no,0.33,no,corr,0.0,None,None,None,yes
5815,exp_cycles_indvary2_step7_batch_yyy02.pl,d2,no,0.4,no,corr,4.0,None,None,None,no
5816,exp_cycles_indvary2_step7_batch_yyy02.pl,v3,no,0.27,no,corr,0.0,None,None,None,yes
5817,exp_cycles_indvary2_step7_batch_yyy02.pl,s4,no,0.41,no,corr,0.0,None,None,None,yes
5818,exp_cycles_indvary2_step7_batch_yyy02.pl,y4,no,0.29,no,corr,0.0,None,None,None,yes
5819,exp_cycles_indvary2_step7_batch_yyy02.pl,r5,no,0.26,no,corr,0.0,None,None,None,yes
5820,exp_cycles_indvary2_step7_batch_yyy02.pl,e4,no,0.42,no,corr,0.0,None,None,None,yes
5821,exp_cycles_indvary2_step7_batch_yyy03.pl,w7,no,0.5,no,corr,0.0,None,None,None,yes
5822,exp_cycles_indvary2_step7_batch_yyy03.pl,z5,no,0.33,no,corr,0.0,None,None,None,yes
5823,exp_cycles_indvary2_step7_batch_yyy03.pl,u4,no,0.27,no,corr,0.0,None,None,None,yes
5824,exp_cycles_indvary2_step7_batch_yyy03.pl,v5,no,0.6,no,corr,0.0,None,None,None,yes
5825,exp_cycles_indvary2_step7_batch_yyy03.pl,c2,yes,0.29,yes,corr,2.0,None,None,None,no
5826,exp_cycles_indvary2_step7_batch_yyy03.pl,y2,yes,0.35,yes,corr,1.0,None,None,None,no
5827,exp_cycles_indvary2_step7_batch_yyy03.pl,x5,no,0.24,no,corr,0.0,None,None,None,yes
5828,exp_cycles_indvary2_step7_batch_yyy03.pl,c6,no,0.33,no,corr,0.0,None,None,None,yes
5829,exp_cycles_indvary2_step7_batch_yyy03.pl,q7,no,0.34,no,corr,0.0,None,None,None,yes
5830,exp_cycles_indvary2_step7_batch_yyy03.pl,y5,no,0.21,no,corr,0.0,None,None,None,yes
5831,exp_cycles_indvary2_step7_batch_yyy04.pl,x3,no,0.27,no,corr,0.0,None,None,None,yes
5832,exp_cycles_indvary2_step7_batch_yyy04.pl,t3,no,0.41,no,corr,0.0,None,None,None,yes
5833,exp_cycles_indvary2_step7_batch_yyy04.pl,f5,no,0.38,no,corr,0.0,None,None,None,yes
5834,exp_cycles_indvary2_step7_batch_yyy04.pl,y3,no,0.2,no,corr,0.0,None,None,None,yes
5835,exp_cycles_indvary2_step7_batch_yyy04.pl,w1,yes,0.26,yes,corr,1.0,None,None,None,no
5836,exp_cycles_indvary2_step7_batch_yyy04.pl,s6,no,0.26,no,corr,0.0,None,None,None,yes
5837,exp_cycles_indvary2_step7_batch_yyy04.pl,e3,no,0.23,no,corr,0.0,None,None,None,yes
5838,exp_cycles_indvary2_step7_batch_yyy04.pl,p6,no,0.35,no,corr,0.0,None,None,None,yes
5839,exp_cycles_indvary2_step7_batch_yyy04.pl,t1,yes,0.22,yes,corr,1.0,None,None,None,no
5840,exp_cycles_indvary2_step7_batch_yyy04.pl,q1,yes,0.21,yes,corr,1.0,None,None,None,no
5841,exp_cycles_indvary2_step7_batch_yyy05.pl,d5,no,0.26,no,corr,0.0,None,None,None,yes
5842,exp_cycles_indvary2_step7_batch_yyy05.pl,q6,no,0.31,no,corr,0.0,None,None,None,yes
5843,exp_cycles_indvary2_step7_batch_yyy05.pl,p7,no,0.26,no,corr,0.0,None,None,None,yes
5844,exp_cycles_indvary2_step7_batch_yyy05.pl,t3,no,0.23,no,corr,0.0,None,None,None,yes
5845,exp_cycles_indvary2_step7_batch_yyy05.pl,x7,no,0.34,no,corr,0.0,None,None,None,yes
5846,exp_cycles_indvary2_step7_batch_yyy05.pl,y2,yes,0.22,yes,corr,1.0,None,None,None,no
5847,exp_cycles_indvary2_step7_batch_yyy05.pl,a1,no,0.53,no,corr,6.0,None,None,None,no
5848,exp_cycles_indvary2_step7_batch_yyy05.pl,t1,no,0.34,no,corr,0.0,None,None,None,yes
5849,exp_cycles_indvary2_step7_batch_yyy05.pl,b3,yes,0.19,yes,corr,0.0,None,None,None,no
5850,exp_cycles_indvary2_step7_batch_yyy05.pl,w7,no,0.24,no,corr,0.0,None,None,None,yes
5851,exp_cycles_indvary2_step7_batch_yyy06.pl,d5,no,0.26,no,corr,0.0,None,None,None,yes
5852,exp_cycles_indvary2_step7_batch_yyy06.pl,x3,no,0.27,no,corr,0.0,None,None,None,yes
5853,exp_cycles_indvary2_step7_batch_yyy06.pl,r6,no,0.24,no,corr,0.0,None,None,None,yes
5854,exp_cycles_indvary2_step7_batch_yyy06.pl,c2,no,0.22,no,corr,1.0,None,None,None,no
5855,exp_cycles_indvary2_step7_batch_yyy06.pl,s6,no,0.22,no,corr,0.0,None,None,None,yes
5856,exp_cycles_indvary2_step7_batch_yyy06.pl,x6,no,0.22,no,corr,0.0,None,None,None,yes
5857,exp_cycles_indvary2_step7_batch_yyy06.pl,r7,no,0.23,no,corr,0.0,None,None,None,yes
5858,exp_cycles_indvary2_step7_batch_yyy06.pl,a1,no,0.22,no,corr,1.0,None,None,None,no
5859,exp_cycles_indvary2_step7_batch_yyy06.pl,r2,no,0.32,no,corr,0.0,None,None,None,yes
5860,exp_cycles_indvary2_step7_batch_yyy06.pl,s7,no,0.24,no,corr,0.0,None,None,None,yes
5861,exp_cycles_indvary2_step7_batch_yyy07.pl,d3,no,0.3,no,corr,0.0,None,None,None,yes
5862,exp_cycles_indvary2_step7_batch_yyy07.pl,v5,no,0.25,no,corr,0.0,None,None,None,yes
5863,exp_cycles_indvary2_step7_batch_yyy07.pl,q4,no,0.35,no,corr,0.0,None,None,None,yes
5864,exp_cycles_indvary2_step7_batch_yyy07.pl,w4,no,0.4,no,corr,0.0,None,None,None,yes
5865,exp_cycles_indvary2_step7_batch_yyy07.pl,c1,no,0.27,no,corr,1.0,None,None,None,no
5866,exp_cycles_indvary2_step7_batch_yyy07.pl,r4,no,0.45,no,corr,0.0,None,None,None,yes
5867,exp_cycles_indvary2_step7_batch_yyy07.pl,b4,no,0.2,no,corr,0.0,None,None,None,yes
5868,exp_cycles_indvary2_step7_batch_yyy07.pl,q5,no,0.27,no,corr,0.0,None,None,None,yes
5869,exp_cycles_indvary2_step7_batch_yyy07.pl,c2,yes,0.26,yes,corr,1.0,None,None,None,no
5870,exp_cycles_indvary2_step7_batch_yyy07.pl,t6,no,0.3,no,corr,0.0,None,None,None,yes
5871,exp_cycles_indvary2_step7_batch_yyy08.pl,q6,no,0.46,no,corr,0.0,None,None,None,yes
5872,exp_cycles_indvary2_step7_batch_yyy08.pl,x3,no,0.24,no,corr,0.0,None,None,None,yes
5873,exp_cycles_indvary2_step7_batch_yyy08.pl,w5,no,0.3,no,corr,0.0,None,None,None,yes
5874,exp_cycles_indvary2_step7_batch_yyy08.pl,s5,no,0.27,no,corr,0.0,None,None,None,yes
5875,exp_cycles_indvary2_step7_batch_yyy08.pl,b1,yes,0.35,yes,corr,3.0,None,None,None,no
5876,exp_cycles_indvary2_step7_batch_yyy08.pl,a4,no,0.27,no,corr,0.0,None,None,None,yes
5877,exp_cycles_indvary2_step7_batch_yyy08.pl,c6,no,0.38,no,corr,0.0,None,None,None,yes
5878,exp_cycles_indvary2_step7_batch_yyy08.pl,f4,no,0.29,no,corr,0.0,None,None,None,yes
5879,exp_cycles_indvary2_step7_batch_yyy08.pl,p1,no,0.31,no,corr,0.0,None,None,None,yes
5880,exp_cycles_indvary2_step7_batch_yyy08.pl,w3,no,0.43,no,corr,0.0,None,None,None,yes
5881,exp_cycles_indvary2_step7_batch_yyy09.pl,t5,no,0.37,no,corr,0.0,None,None,None,yes
5882,exp_cycles_indvary2_step7_batch_yyy09.pl,z6,no,0.48,no,corr,0.0,None,None,None,yes
5883,exp_cycles_indvary2_step7_batch_yyy09.pl,s4,no,0.19,no,corr,0.0,None,None,None,yes
5884,exp_cycles_indvary2_step7_batch_yyy09.pl,v2,yes,0.35,yes,corr,1.0,None,None,None,no
5885,exp_cycles_indvary2_step7_batch_yyy09.pl,x3,no,0.3,no,corr,0.0,None,None,None,yes
5886,exp_cycles_indvary2_step7_batch_yyy09.pl,r6,no,0.27,no,corr,0.0,None,None,None,yes
5887,exp_cycles_indvary2_step7_batch_yyy09.pl,t2,yes,0.2,yes,corr,1.0,None,None,None,no
5888,exp_cycles_indvary2_step7_batch_yyy09.pl,f4,no,0.26,no,corr,0.0,None,None,None,yes
5889,exp_cycles_indvary2_step7_batch_yyy09.pl,q3,yes,0.28,yes,corr,1.0,None,None,None,no
5890,exp_cycles_indvary2_step7_batch_yyy09.pl,p6,no,0.23,no,corr,0.0,None,None,None,yes
5891,exp_cycles_indvary2_step7_batch_yyy10.pl,c4,no,0.3,no,corr,0.0,None,None,None,yes
5892,exp_cycles_indvary2_step7_batch_yyy10.pl,x3,no,0.3,no,corr,0.0,None,None,None,yes
5893,exp_cycles_indvary2_step7_batch_yyy10.pl,s2,yes,0.38,yes,corr,1.0,None,None,None,no
5894,exp_cycles_indvary2_step7_batch_yyy10.pl,p1,yes,0.22,yes,corr,1.0,None,None,None,no
5895,exp_cycles_indvary2_step7_batch_yyy10.pl,v6,no,0.25,no,corr,0.0,None,None,None,yes
5896,exp_cycles_indvary2_step7_batch_yyy10.pl,f1,no,0.45,no,corr,5.0,None,None,None,no
5897,exp_cycles_indvary2_step7_batch_yyy10.pl,a4,no,0.37,no,corr,0.0,None,None,None,yes
5898,exp_cycles_indvary2_step7_batch_yyy10.pl,x2,no,0.34,no,corr,0.0,None,None,None,yes
5899,exp_cycles_indvary2_step7_batch_yyy10.pl,a2,no,0.47,no,corr,5.0,None,None,None,no
5900,exp_cycles_indvary2_step7_batch_yyy10.pl,x4,no,0.31,no,corr,0.0,None,None,None,yes
5901,exp_cycles_indvary2_step8_batch_yyy01.pl,s4,no,0.35,no,corr,0.0,None,None,None,yes
5902,exp_cycles_indvary2_step8_batch_yyy01.pl,w2,yes,0.23,yes,corr,1.0,None,None,None,no
5903,exp_cycles_indvary2_step8_batch_yyy01.pl,x2,yes,0.29,yes,corr,1.0,None,None,None,no
5904,exp_cycles_indvary2_step8_batch_yyy01.pl,y3,no,0.18,no,corr,0.0,None,None,None,yes
5905,exp_cycles_indvary2_step8_batch_yyy01.pl,u3,no,0.23,no,corr,0.0,None,None,None,yes
5906,exp_cycles_indvary2_step8_batch_yyy01.pl,q3,yes,0.36,yes,corr,1.0,None,None,None,no
5907,exp_cycles_indvary2_step8_batch_yyy01.pl,e2,no,0.53,no,corr,4.0,None,None,None,no
5908,exp_cycles_indvary2_step8_batch_yyy01.pl,p6,no,0.31,no,corr,0.0,None,None,None,yes
5909,exp_cycles_indvary2_step8_batch_yyy01.pl,p4,no,0.22,no,corr,0.0,None,None,None,yes
5910,exp_cycles_indvary2_step8_batch_yyy01.pl,p7,no,0.34,no,corr,0.0,None,None,None,yes
5911,exp_cycles_indvary2_step8_batch_yyy02.pl,r6,no,0.3,no,corr,0.0,None,None,None,yes
5912,exp_cycles_indvary2_step8_batch_yyy02.pl,v5,no,0.25,no,corr,0.0,None,None,None,yes
5913,exp_cycles_indvary2_step8_batch_yyy02.pl,t3,no,0.22,no,corr,0.0,None,None,None,yes
5914,exp_cycles_indvary2_step8_batch_yyy02.pl,w4,no,0.35,no,corr,0.0,None,None,None,yes
5915,exp_cycles_indvary2_step8_batch_yyy02.pl,y1,yes,0.42,yes,corr,1.0,None,None,None,no
5916,exp_cycles_indvary2_step8_batch_yyy02.pl,p2,no,0.27,no,corr,0.0,None,None,None,yes
5917,exp_cycles_indvary2_step8_batch_yyy02.pl,v3,no,0.56,no,corr,0.0,None,None,None,yes
5918,exp_cycles_indvary2_step8_batch_yyy02.pl,r3,yes,0.36,yes,corr,1.0,None,None,None,no
5919,exp_cycles_indvary2_step8_batch_yyy02.pl,u2,yes,0.29,yes,corr,1.0,None,None,None,no
5920,exp_cycles_indvary2_step8_batch_yyy02.pl,t1,no,0.47,no,corr,0.0,None,None,None,yes
5921,exp_cycles_indvary2_step8_batch_yyy03.pl,v2,yes,0.27,yes,corr,1.0,None,None,None,no
5922,exp_cycles_indvary2_step8_batch_yyy03.pl,u1,no,0.28,no,corr,0.0,None,None,None,yes
5923,exp_cycles_indvary2_step8_batch_yyy03.pl,t3,no,0.34,no,corr,0.0,None,None,None,yes
5924,exp_cycles_indvary2_step8_batch_yyy03.pl,t6,no,0.35,no,corr,0.0,None,None,None,yes
5925,exp_cycles_indvary2_step8_batch_yyy03.pl,x2,yes,0.29,yes,corr,1.0,None,None,None,no
5926,exp_cycles_indvary2_step8_batch_yyy03.pl,p3,no,0.27,no,corr,0.0,None,None,None,yes
5927,exp_cycles_indvary2_step8_batch_yyy03.pl,x5,no,0.29,no,corr,0.0,None,None,None,yes
5928,exp_cycles_indvary2_step8_batch_yyy03.pl,r2,yes,0.27,yes,corr,1.0,None,None,None,no
5929,exp_cycles_indvary2_step8_batch_yyy03.pl,u2,yes,0.27,yes,corr,1.0,None,None,None,no
5930,exp_cycles_indvary2_step8_batch_yyy03.pl,x4,no,0.36,no,corr,0.0,None,None,None,yes
5931,exp_cycles_indvary2_step8_batch_yyy04.pl,v7,no,0.32,no,corr,0.0,None,None,None,yes
5932,exp_cycles_indvary2_step8_batch_yyy04.pl,d4,no,0.28,no,corr,0.0,None,None,None,yes
5933,exp_cycles_indvary2_step8_batch_yyy04.pl,s5,no,0.23,no,corr,0.0,None,None,None,yes
5934,exp_cycles_indvary2_step8_batch_yyy04.pl,x7,no,0.33,no,corr,0.0,None,None,None,yes
5935,exp_cycles_indvary2_step8_batch_yyy04.pl,p2,yes,0.3,yes,corr,1.0,None,None,None,no
5936,exp_cycles_indvary2_step8_batch_yyy04.pl,a3,no,0.43,no,corr,4.0,None,None,None,no
5937,exp_cycles_indvary2_step8_batch_yyy04.pl,x1,yes,0.39,yes,corr,1.0,None,None,None,no
5938,exp_cycles_indvary2_step8_batch_yyy04.pl,x4,no,0.3,no,corr,0.0,None,None,None,yes
5939,exp_cycles_indvary2_step8_batch_yyy04.pl,v1,yes,0.52,yes,corr,1.0,None,None,None,no
5940,exp_cycles_indvary2_step8_batch_yyy04.pl,w1,yes,0.32,yes,corr,1.0,None,None,None,no
5941,exp_cycles_indvary2_step8_batch_yyy05.pl,d5,no,0.3,no,corr,0.0,None,None,None,yes
5942,exp_cycles_indvary2_step8_batch_yyy05.pl,v2,yes,0.24,yes,corr,1.0,None,None,None,no
5943,exp_cycles_indvary2_step8_batch_yyy05.pl,d3,no,0.19,no,corr,0.0,None,None,None,yes
5944,exp_cycles_indvary2_step8_batch_yyy05.pl,w5,no,0.25,no,corr,0.0,None,None,None,yes
5945,exp_cycles_indvary2_step8_batch_yyy05.pl,c5,no,0.3,no,corr,0.0,None,None,None,yes
5946,exp_cycles_indvary2_step8_batch_yyy05.pl,f5,no,0.33,no,corr,0.0,None,None,None,yes
5947,exp_cycles_indvary2_step8_batch_yyy05.pl,w4,no,0.32,no,corr,0.0,None,None,None,yes
5948,exp_cycles_indvary2_step8_batch_yyy05.pl,b5,no,0.25,no,corr,0.0,None,None,None,yes
5949,exp_cycles_indvary2_step8_batch_yyy05.pl,x1,yes,0.25,yes,corr,1.0,None,None,None,no
5950,exp_cycles_indvary2_step8_batch_yyy05.pl,y6,no,0.21,no,corr,0.0,None,None,None,yes
5951,exp_cycles_indvary2_step8_batch_yyy06.pl,u6,no,0.32,no,corr,0.0,None,None,None,yes
5952,exp_cycles_indvary2_step8_batch_yyy06.pl,b4,no,0.21,no,corr,0.0,None,None,None,yes
5953,exp_cycles_indvary2_step8_batch_yyy06.pl,s6,no,0.29,no,corr,0.0,None,None,None,yes
5954,exp_cycles_indvary2_step8_batch_yyy06.pl,v4,no,0.29,no,corr,0.0,None,None,None,yes
5955,exp_cycles_indvary2_step8_batch_yyy06.pl,a3,no,0.5,no,corr,1.0,None,None,None,no
5956,exp_cycles_indvary2_step8_batch_yyy06.pl,x1,yes,0.25,yes,corr,1.0,None,None,None,no
5957,exp_cycles_indvary2_step8_batch_yyy06.pl,s7,no,0.29,no,corr,0.0,None,None,None,yes
5958,exp_cycles_indvary2_step8_batch_yyy06.pl,d1,no,0.23,no,corr,1.0,None,None,None,no
5959,exp_cycles_indvary2_step8_batch_yyy06.pl,u2,yes,0.33,yes,corr,1.0,None,None,None,no
5960,exp_cycles_indvary2_step8_batch_yyy06.pl,q1,yes,0.35,yes,corr,1.0,None,None,None,no
5961,exp_cycles_indvary2_step8_batch_yyy07.pl,r6,no,0.46,no,corr,0.0,None,None,None,yes
5962,exp_cycles_indvary2_step8_batch_yyy07.pl,w6,no,0.31,no,corr,0.0,None,None,None,yes
5963,exp_cycles_indvary2_step8_batch_yyy07.pl,s1,yes,0.37,yes,corr,1.0,None,None,None,no
5964,exp_cycles_indvary2_step8_batch_yyy07.pl,p2,yes,0.23,yes,corr,1.0,None,None,None,no
5965,exp_cycles_indvary2_step8_batch_yyy07.pl,z3,no,0.28,no,corr,0.0,None,None,None,yes
5966,exp_cycles_indvary2_step8_batch_yyy07.pl,r3,no,0.27,no,corr,0.0,None,None,None,yes
5967,exp_cycles_indvary2_step8_batch_yyy07.pl,p4,no,0.18,no,corr,0.0,None,None,None,yes
5968,exp_cycles_indvary2_step8_batch_yyy07.pl,x3,no,0.38,no,corr,0.0,None,None,None,yes
5969,exp_cycles_indvary2_step8_batch_yyy07.pl,t2,yes,0.41,yes,corr,1.0,None,None,None,no
5970,exp_cycles_indvary2_step8_batch_yyy07.pl,s6,no,0.36,no,corr,0.0,None,None,None,yes
5971,exp_cycles_indvary2_step8_batch_yyy08.pl,p5,no,0.28,no,corr,0.0,None,None,None,yes
5972,exp_cycles_indvary2_step8_batch_yyy08.pl,f1,no,0.76,no,corr,7.0,None,None,None,no
5973,exp_cycles_indvary2_step8_batch_yyy08.pl,u4,no,0.33,no,corr,0.0,None,None,None,yes
5974,exp_cycles_indvary2_step8_batch_yyy08.pl,e4,no,0.24,no,corr,0.0,None,None,None,yes
5975,exp_cycles_indvary2_step8_batch_yyy08.pl,f3,no,0.34,no,corr,0.0,None,None,None,yes
5976,exp_cycles_indvary2_step8_batch_yyy08.pl,s7,no,0.27,no,corr,0.0,None,None,None,yes
5977,exp_cycles_indvary2_step8_batch_yyy08.pl,q1,yes,0.22,yes,corr,1.0,None,None,None,no
5978,exp_cycles_indvary2_step8_batch_yyy08.pl,q7,no,0.44,no,corr,0.0,None,None,None,yes
5979,exp_cycles_indvary2_step8_batch_yyy08.pl,w6,no,0.39,no,corr,0.0,None,None,None,yes
5980,exp_cycles_indvary2_step8_batch_yyy08.pl,x2,yes,0.33,yes,corr,2.0,None,None,None,no
5981,exp_cycles_indvary2_step8_batch_yyy09.pl,x3,no,0.34,no,corr,0.0,None,None,None,yes
5982,exp_cycles_indvary2_step8_batch_yyy09.pl,f1,yes,0.24,yes,corr,0.0,None,None,None,no
5983,exp_cycles_indvary2_step8_batch_yyy09.pl,z1,yes,0.29,yes,corr,1.0,None,None,None,no
5984,exp_cycles_indvary2_step8_batch_yyy09.pl,t7,no,0.26,no,corr,0.0,None,None,None,yes
5985,exp_cycles_indvary2_step8_batch_yyy09.pl,r7,no,0.29,no,corr,0.0,None,None,None,yes
5986,exp_cycles_indvary2_step8_batch_yyy09.pl,d1,no,0.38,no,corr,4.0,None,None,None,no
5987,exp_cycles_indvary2_step8_batch_yyy09.pl,y5,no,0.26,no,corr,0.0,None,None,None,yes
5988,exp_cycles_indvary2_step8_batch_yyy09.pl,w3,no,0.21,no,corr,0.0,None,None,None,yes
5989,exp_cycles_indvary2_step8_batch_yyy09.pl,s5,no,0.22,no,corr,0.0,None,None,None,yes
5990,exp_cycles_indvary2_step8_batch_yyy09.pl,t3,no,0.29,no,corr,0.0,None,None,None,yes
5991,exp_cycles_indvary2_step8_batch_yyy10.pl,s3,no,0.41,no,corr,0.0,None,None,None,yes
5992,exp_cycles_indvary2_step8_batch_yyy10.pl,r6,no,0.34,no,corr,0.0,None,None,None,yes
5993,exp_cycles_indvary2_step8_batch_yyy10.pl,v5,no,0.47,no,corr,0.0,None,None,None,yes
5994,exp_cycles_indvary2_step8_batch_yyy10.pl,w6,no,0.34,no,corr,0.0,None,None,None,yes
5995,exp_cycles_indvary2_step8_batch_yyy10.pl,f4,no,0.38,no,corr,0.0,None,None,None,yes
5996,exp_cycles_indvary2_step8_batch_yyy10.pl,q3,yes,0.45,yes,corr,2.0,None,None,None,no
5997,exp_cycles_indvary2_step8_batch_yyy10.pl,u5,no,0.55,no,corr,0.0,None,None,None,yes
5998,exp_cycles_indvary2_step8_batch_yyy10.pl,d5,no,0.43,no,corr,0.0,None,None,None,yes
5999,exp_cycles_indvary2_step8_batch_yyy10.pl,d4,no,0.54,no,corr,0.0,None,None,None,yes
6000,exp_cycles_indvary2_step8_batch_yyy10.pl,x3,no,0.31,no,corr,0.0,None,None,None,yes
6001,exp_cycles_indvary3_step1_batch_yyy01.pl,t5,no,0.42,no,corr,0.0,None,None,None,yes
6002,exp_cycles_indvary3_step1_batch_yyy01.pl,s4,no,0.28,no,corr,0.0,None,None,None,yes
6003,exp_cycles_indvary3_step1_batch_yyy01.pl,u4,no,0.35,no,corr,0.0,None,None,None,yes
6004,exp_cycles_indvary3_step1_batch_yyy01.pl,w5,no,0.28,no,corr,0.0,None,None,None,yes
6005,exp_cycles_indvary3_step1_batch_yyy01.pl,y3,yes,0.27,yes,corr,1.0,None,None,None,no
6006,exp_cycles_indvary3_step1_batch_yyy01.pl,b5,no,0.3,no,corr,0.0,None,None,None,yes
6007,exp_cycles_indvary3_step1_batch_yyy01.pl,d1,yes,0.42,yes,corr,0.0,None,None,None,no
6008,exp_cycles_indvary3_step1_batch_yyy01.pl,a2,no,0.35,no,corr,4.0,None,None,None,no
6009,exp_cycles_indvary3_step1_batch_yyy01.pl,r2,yes,0.34,yes,corr,1.0,None,None,None,no
6010,exp_cycles_indvary3_step1_batch_yyy01.pl,r7,no,0.23,no,corr,0.0,None,None,None,yes
6011,exp_cycles_indvary3_step1_batch_yyy02.pl,r6,no,0.3,no,corr,0.0,None,None,None,yes
6012,exp_cycles_indvary3_step1_batch_yyy02.pl,p2,yes,0.21,yes,corr,1.0,None,None,None,no
6013,exp_cycles_indvary3_step1_batch_yyy02.pl,x1,no,0.24,no,corr,0.0,None,None,None,yes
6014,exp_cycles_indvary3_step1_batch_yyy02.pl,b6,no,0.29,no,corr,0.0,None,None,None,yes
6015,exp_cycles_indvary3_step1_batch_yyy02.pl,r3,no,0.29,no,corr,0.0,None,None,None,yes
6016,exp_cycles_indvary3_step1_batch_yyy02.pl,f2,yes,0.42,yes,corr,0.0,None,None,None,no
6017,exp_cycles_indvary3_step1_batch_yyy02.pl,c3,yes,0.23,yes,corr,1.0,None,None,None,no
6018,exp_cycles_indvary3_step1_batch_yyy02.pl,t4,no,0.31,no,corr,0.0,None,None,None,yes
6019,exp_cycles_indvary3_step1_batch_yyy02.pl,x5,no,0.28,no,corr,0.0,None,None,None,yes
6020,exp_cycles_indvary3_step1_batch_yyy02.pl,b5,no,0.37,no,corr,0.0,None,None,None,yes
6021,exp_cycles_indvary3_step1_batch_yyy03.pl,u6,no,0.54,no,corr,0.0,None,None,None,yes
6022,exp_cycles_indvary3_step1_batch_yyy03.pl,t4,no,0.46,no,corr,0.0,None,None,None,yes
6023,exp_cycles_indvary3_step1_batch_yyy03.pl,p3,yes,0.51,yes,corr,1.0,None,None,None,no
6024,exp_cycles_indvary3_step1_batch_yyy03.pl,r1,no,0.24,no,corr,0.0,None,None,None,yes
6025,exp_cycles_indvary3_step1_batch_yyy03.pl,q3,yes,0.22,yes,corr,1.0,None,None,None,no
6026,exp_cycles_indvary3_step1_batch_yyy03.pl,r7,no,0.25,no,corr,0.0,None,None,None,yes
6027,exp_cycles_indvary3_step1_batch_yyy03.pl,q1,no,0.38,no,corr,7.0,None,None,None,no
6028,exp_cycles_indvary3_step1_batch_yyy03.pl,y6,no,0.41,no,corr,0.0,None,None,None,yes
6029,exp_cycles_indvary3_step1_batch_yyy03.pl,b3,yes,0.18,yes,corr,0.0,None,None,None,no
6030,exp_cycles_indvary3_step1_batch_yyy03.pl,v7,no,0.56,no,corr,0.0,None,None,None,yes
6031,exp_cycles_indvary3_step1_batch_yyy04.pl,v2,no,0.44,no,corr,5.0,None,None,None,no
6032,exp_cycles_indvary3_step1_batch_yyy04.pl,d3,no,0.27,no,corr,0.0,None,None,None,yes
6033,exp_cycles_indvary3_step1_batch_yyy04.pl,f3,no,0.51,no,corr,0.0,None,None,None,yes
6034,exp_cycles_indvary3_step1_batch_yyy04.pl,p2,no,0.3,no,corr,0.0,None,None,None,yes
6035,exp_cycles_indvary3_step1_batch_yyy04.pl,y2,yes,0.43,yes,corr,6.0,None,None,None,no
6036,exp_cycles_indvary3_step1_batch_yyy04.pl,s7,no,0.25,no,corr,0.0,None,None,None,yes
6037,exp_cycles_indvary3_step1_batch_yyy04.pl,q7,no,0.25,no,corr,0.0,None,None,None,yes
6038,exp_cycles_indvary3_step1_batch_yyy04.pl,q2,yes,0.21,yes,corr,6.0,None,None,None,no
6039,exp_cycles_indvary3_step1_batch_yyy04.pl,c1,no,0.21,no,corr,1.0,None,None,None,no
6040,exp_cycles_indvary3_step1_batch_yyy04.pl,t2,yes,0.21,yes,corr,3.0,None,None,None,no
6041,exp_cycles_indvary3_step1_batch_yyy05.pl,u5,no,0.26,no,corr,0.0,None,None,None,yes
6042,exp_cycles_indvary3_step1_batch_yyy05.pl,a6,no,0.25,no,corr,0.0,None,None,None,yes
6043,exp_cycles_indvary3_step1_batch_yyy05.pl,x3,no,0.18,no,corr,0.0,None,None,None,yes
6044,exp_cycles_indvary3_step1_batch_yyy05.pl,v6,no,0.5,no,corr,0.0,None,None,None,yes
6045,exp_cycles_indvary3_step1_batch_yyy05.pl,d3,no,0.23,no,corr,0.0,None,None,None,yes
6046,exp_cycles_indvary3_step1_batch_yyy05.pl,w5,no,0.44,no,corr,0.0,None,None,None,yes
6047,exp_cycles_indvary3_step1_batch_yyy05.pl,b1,yes,0.38,yes,corr,1.0,None,None,None,no
6048,exp_cycles_indvary3_step1_batch_yyy05.pl,t7,no,0.65,no,corr,0.0,None,None,None,yes
6049,exp_cycles_indvary3_step1_batch_yyy05.pl,u3,yes,0.5,yes,corr,1.0,None,None,None,no
6050,exp_cycles_indvary3_step1_batch_yyy05.pl,r4,no,0.23,no,corr,0.0,None,None,None,yes
6051,exp_cycles_indvary3_step1_batch_yyy06.pl,z6,no,0.47,no,corr,0.0,None,None,None,yes
6052,exp_cycles_indvary3_step1_batch_yyy06.pl,d4,no,0.34,no,corr,0.0,None,None,None,yes
6053,exp_cycles_indvary3_step1_batch_yyy06.pl,u3,yes,0.21,yes,corr,3.0,None,None,None,no
6054,exp_cycles_indvary3_step1_batch_yyy06.pl,p2,no,0.21,no,corr,0.0,None,None,None,yes
6055,exp_cycles_indvary3_step1_batch_yyy06.pl,y2,yes,0.31,yes,corr,3.0,None,None,None,no
6056,exp_cycles_indvary3_step1_batch_yyy06.pl,v3,yes,0.21,yes,corr,1.0,None,None,None,no
6057,exp_cycles_indvary3_step1_batch_yyy06.pl,x4,no,0.33,no,corr,0.0,None,None,None,yes
6058,exp_cycles_indvary3_step1_batch_yyy06.pl,c2,no,0.29,no,corr,2.0,None,None,None,no
6059,exp_cycles_indvary3_step1_batch_yyy06.pl,a5,no,0.2,no,corr,0.0,None,None,None,yes
6060,exp_cycles_indvary3_step1_batch_yyy06.pl,b1,yes,0.38,yes,corr,1.0,None,None,None,no
6061,exp_cycles_indvary3_step1_batch_yyy07.pl,u6,no,0.35,no,corr,0.0,None,None,None,yes
6062,exp_cycles_indvary3_step1_batch_yyy07.pl,z5,no,0.23,no,corr,0.0,None,None,None,yes
6063,exp_cycles_indvary3_step1_batch_yyy07.pl,v6,no,0.35,no,corr,0.0,None,None,None,yes
6064,exp_cycles_indvary3_step1_batch_yyy07.pl,u4,no,0.38,no,corr,0.0,None,None,None,yes
6065,exp_cycles_indvary3_step1_batch_yyy07.pl,b4,no,0.51,no,corr,0.0,None,None,None,yes
6066,exp_cycles_indvary3_step1_batch_yyy07.pl,v4,no,0.25,no,corr,0.0,None,None,None,yes
6067,exp_cycles_indvary3_step1_batch_yyy07.pl,r1,yes,0.37,yes,corr,1.0,None,None,None,no
6068,exp_cycles_indvary3_step1_batch_yyy07.pl,p2,no,0.24,no,corr,0.0,None,None,None,yes
6069,exp_cycles_indvary3_step1_batch_yyy07.pl,s2,yes,0.71,yes,corr,1.0,None,None,None,no
6070,exp_cycles_indvary3_step1_batch_yyy07.pl,c2,yes,0.45,yes,corr,1.0,None,None,None,no
6071,exp_cycles_indvary3_step1_batch_yyy08.pl,v2,no,0.28,no,corr,0.0,None,None,None,yes
6072,exp_cycles_indvary3_step1_batch_yyy08.pl,p5,no,0.45,no,corr,0.0,None,None,None,yes
6073,exp_cycles_indvary3_step1_batch_yyy08.pl,w5,no,0.24,no,corr,0.0,None,None,None,yes
6074,exp_cycles_indvary3_step1_batch_yyy08.pl,c5,no,0.2,no,corr,0.0,None,None,None,yes
6075,exp_cycles_indvary3_step1_batch_yyy08.pl,q3,yes,0.22,yes,corr,5.0,None,None,None,no
6076,exp_cycles_indvary3_step1_batch_yyy08.pl,u2,yes,0.27,yes,corr,1.0,None,None,None,no
6077,exp_cycles_indvary3_step1_batch_yyy08.pl,t4,no,0.44,no,corr,0.0,None,None,None,yes
6078,exp_cycles_indvary3_step1_batch_yyy08.pl,t5,no,0.71,no,corr,0.0,None,None,None,yes
6079,exp_cycles_indvary3_step1_batch_yyy08.pl,b6,no,0.47,no,corr,0.0,None,None,None,yes
6080,exp_cycles_indvary3_step1_batch_yyy08.pl,a1,no,0.54,no,corr,10.0,None,None,None,no
6081,exp_cycles_indvary3_step1_batch_yyy09.pl,a6,no,0.42,no,corr,0.0,None,None,None,yes
6082,exp_cycles_indvary3_step1_batch_yyy09.pl,f1,yes,0.31,yes,corr,0.0,None,None,None,no
6083,exp_cycles_indvary3_step1_batch_yyy09.pl,q5,no,0.3,no,corr,0.0,None,None,None,yes
6084,exp_cycles_indvary3_step1_batch_yyy09.pl,f5,no,0.31,no,corr,0.0,None,None,None,yes
6085,exp_cycles_indvary3_step1_batch_yyy09.pl,v1,no,0.21,no,corr,0.0,None,None,None,yes
6086,exp_cycles_indvary3_step1_batch_yyy09.pl,u3,yes,0.22,yes,corr,2.0,None,None,None,no
6087,exp_cycles_indvary3_step1_batch_yyy09.pl,y1,yes,0.19,yes,corr,1.0,None,None,None,no
6088,exp_cycles_indvary3_step1_batch_yyy09.pl,f4,no,0.23,no,corr,0.0,None,None,None,yes
6089,exp_cycles_indvary3_step1_batch_yyy09.pl,y2,no,0.18,no,corr,0.0,None,None,None,yes
6090,exp_cycles_indvary3_step1_batch_yyy09.pl,x1,yes,0.21,yes,corr,1.0,None,None,None,no
6091,exp_cycles_indvary3_step1_batch_yyy10.pl,u5,no,0.37,no,corr,0.0,None,None,None,yes
6092,exp_cycles_indvary3_step1_batch_yyy10.pl,v7,no,0.23,no,corr,0.0,None,None,None,yes
6093,exp_cycles_indvary3_step1_batch_yyy10.pl,z5,no,0.45,no,corr,0.0,None,None,None,yes
6094,exp_cycles_indvary3_step1_batch_yyy10.pl,c2,no,0.45,no,corr,1.0,None,None,None,no
6095,exp_cycles_indvary3_step1_batch_yyy10.pl,x7,no,0.51,no,corr,0.0,None,None,None,yes
6096,exp_cycles_indvary3_step1_batch_yyy10.pl,f4,no,0.37,no,corr,0.0,None,None,None,yes
6097,exp_cycles_indvary3_step1_batch_yyy10.pl,x4,no,0.25,no,corr,0.0,None,None,None,yes
6098,exp_cycles_indvary3_step1_batch_yyy10.pl,f2,no,0.28,no,corr,1.0,None,None,None,no
6099,exp_cycles_indvary3_step1_batch_yyy10.pl,y2,no,0.21,no,corr,0.0,None,None,None,yes
6100,exp_cycles_indvary3_step1_batch_yyy10.pl,x1,yes,0.38,yes,corr,1.0,None,None,None,no
6101,exp_cycles_indvary3_step2_batch_yyy01.pl,s3,,600.0,no,TIMEOUT,,,,,no
6102,exp_cycles_indvary3_step2_batch_yyy01.pl,q6,no,0.2,no,corr,0.0,None,None,None,yes
6103,exp_cycles_indvary3_step2_batch_yyy01.pl,d4,no,0.23,no,corr,0.0,None,None,None,yes
6104,exp_cycles_indvary3_step2_batch_yyy01.pl,u1,no,0.23,no,corr,2.0,None,None,None,no
6105,exp_cycles_indvary3_step2_batch_yyy01.pl,c2,yes,0.23,yes,corr,0.0,None,None,None,no
6106,exp_cycles_indvary3_step2_batch_yyy01.pl,e4,no,0.21,no,corr,0.0,None,None,None,yes
6107,exp_cycles_indvary3_step2_batch_yyy01.pl,v1,no,0.26,no,corr,0.0,None,None,None,yes
6108,exp_cycles_indvary3_step2_batch_yyy01.pl,r4,no,0.2,no,corr,0.0,None,None,None,yes
6109,exp_cycles_indvary3_step2_batch_yyy01.pl,b6,no,0.23,no,corr,0.0,None,None,None,yes
6110,exp_cycles_indvary3_step2_batch_yyy01.pl,r3,no,0.32,no,corr,0.0,None,None,None,yes
6111,exp_cycles_indvary3_step2_batch_yyy02.pl,v7,no,0.47,no,corr,0.0,None,None,None,yes
6112,exp_cycles_indvary3_step2_batch_yyy02.pl,b4,no,0.27,no,corr,0.0,None,None,None,yes
6113,exp_cycles_indvary3_step2_batch_yyy02.pl,t6,no,0.23,no,corr,0.0,None,None,None,yes
6114,exp_cycles_indvary3_step2_batch_yyy02.pl,y1,no,0.24,no,corr,0.0,None,None,None,yes
6115,exp_cycles_indvary3_step2_batch_yyy02.pl,p2,no,0.33,no,corr,0.0,None,None,None,yes
6116,exp_cycles_indvary3_step2_batch_yyy02.pl,y2,no,0.31,no,corr,0.0,None,None,None,yes
6117,exp_cycles_indvary3_step2_batch_yyy02.pl,q1,yes,0.26,yes,corr,6.0,None,None,None,no
6118,exp_cycles_indvary3_step2_batch_yyy02.pl,q7,no,0.23,no,corr,0.0,None,None,None,yes
6119,exp_cycles_indvary3_step2_batch_yyy02.pl,t5,no,0.26,no,corr,0.0,None,None,None,yes
6120,exp_cycles_indvary3_step2_batch_yyy02.pl,s3,no,48.05,no,corr,18.0,None,None,None,no
6121,exp_cycles_indvary3_step2_batch_yyy03.pl,v7,no,0.35,no,corr,0.0,None,None,None,yes
6122,exp_cycles_indvary3_step2_batch_yyy03.pl,v2,no,0.23,no,corr,0.0,None,None,None,yes
6123,exp_cycles_indvary3_step2_batch_yyy03.pl,w6,no,0.2,no,corr,0.0,None,None,None,yes
6124,exp_cycles_indvary3_step2_batch_yyy03.pl,f3,no,0.17,no,corr,0.0,None,None,None,yes
6125,exp_cycles_indvary3_step2_batch_yyy03.pl,v4,no,0.18,no,corr,0.0,None,None,None,yes
6126,exp_cycles_indvary3_step2_batch_yyy03.pl,a3,no,3.13,no,corr,17.0,None,None,None,no
6127,exp_cycles_indvary3_step2_batch_yyy03.pl,y2,no,1.4,no,corr,14.0,None,None,None,no
6128,exp_cycles_indvary3_step2_batch_yyy03.pl,y5,no,0.18,no,corr,0.0,None,None,None,yes
6129,exp_cycles_indvary3_step2_batch_yyy03.pl,p5,no,0.17,no,corr,0.0,None,None,None,yes
6130,exp_cycles_indvary3_step2_batch_yyy03.pl,d4,no,0.27,no,corr,0.0,None,None,None,yes
6131,exp_cycles_indvary3_step2_batch_yyy04.pl,c4,no,0.24,no,corr,0.0,None,None,None,yes
6132,exp_cycles_indvary3_step2_batch_yyy04.pl,d3,no,0.3,no,corr,0.0,None,None,None,yes
6133,exp_cycles_indvary3_step2_batch_yyy04.pl,p1,,600.0,no,TIMEOUT,,,,,no
6134,exp_cycles_indvary3_step2_batch_yyy04.pl,q7,no,0.27,no,corr,0.0,None,None,None,yes
6135,exp_cycles_indvary3_step2_batch_yyy04.pl,b3,yes,0.3,yes,corr,0.0,None,None,None,no
6136,exp_cycles_indvary3_step2_batch_yyy04.pl,v7,no,0.24,no,corr,0.0,None,None,None,yes
6137,exp_cycles_indvary3_step2_batch_yyy04.pl,x5,no,0.29,no,corr,0.0,None,None,None,yes
6138,exp_cycles_indvary3_step2_batch_yyy04.pl,t2,no,0.42,no,corr,0.0,None,None,None,yes
6139,exp_cycles_indvary3_step2_batch_yyy04.pl,r2,no,0.52,no,corr,0.0,None,None,None,yes
6140,exp_cycles_indvary3_step2_batch_yyy04.pl,r7,no,0.23,no,corr,0.0,None,None,None,yes
6141,exp_cycles_indvary3_step2_batch_yyy05.pl,c4,no,0.34,no,corr,0.0,None,None,None,yes
6142,exp_cycles_indvary3_step2_batch_yyy05.pl,y4,no,0.52,no,corr,0.0,None,None,None,yes
6143,exp_cycles_indvary3_step2_batch_yyy05.pl,q6,no,0.25,no,corr,0.0,None,None,None,yes
6144,exp_cycles_indvary3_step2_batch_yyy05.pl,q4,,600.0,no,TIMEOUT,,,,,no
6145,exp_cycles_indvary3_step2_batch_yyy05.pl,z4,no,0.32,no,corr,0.0,None,None,None,yes
6146,exp_cycles_indvary3_step2_batch_yyy05.pl,v6,no,0.23,no,corr,0.0,None,None,None,yes
6147,exp_cycles_indvary3_step2_batch_yyy05.pl,u1,,600.0,no,TIMEOUT,,,,,no
6148,exp_cycles_indvary3_step2_batch_yyy05.pl,f1,,600.0,no,TIMEOUT,,,,,no
6149,exp_cycles_indvary3_step2_batch_yyy05.pl,t2,no,269.45,no,corr,17.0,None,None,None,no
6150,exp_cycles_indvary3_step2_batch_yyy05.pl,b5,no,0.52,no,corr,0.0,None,None,None,yes
6151,exp_cycles_indvary3_step2_batch_yyy06.pl,q5,no,0.25,no,corr,0.0,None,None,None,yes
6152,exp_cycles_indvary3_step2_batch_yyy06.pl,c3,yes,0.35,yes,corr,2.0,None,None,None,no
6153,exp_cycles_indvary3_step2_batch_yyy06.pl,c4,no,0.25,no,corr,0.0,None,None,None,yes
6154,exp_cycles_indvary3_step2_batch_yyy06.pl,p5,no,0.31,no,corr,0.0,None,None,None,yes
6155,exp_cycles_indvary3_step2_batch_yyy06.pl,x3,no,0.43,no,corr,0.0,None,None,None,yes
6156,exp_cycles_indvary3_step2_batch_yyy06.pl,t7,no,0.28,no,corr,0.0,None,None,None,yes
6157,exp_cycles_indvary3_step2_batch_yyy06.pl,z2,no,27.13,no,corr,19.0,None,None,None,no
6158,exp_cycles_indvary3_step2_batch_yyy06.pl,b5,no,0.35,no,corr,0.0,None,None,None,yes
6159,exp_cycles_indvary3_step2_batch_yyy06.pl,v4,no,0.21,no,corr,0.0,None,None,None,yes
6160,exp_cycles_indvary3_step2_batch_yyy06.pl,r4,no,0.16,no,corr,0.0,None,None,None,yes
6161,exp_cycles_indvary3_step2_batch_yyy07.pl,s3,no,29.52,no,corr,16.0,None,None,None,no
6162,exp_cycles_indvary3_step2_batch_yyy07.pl,s4,no,0.25,no,corr,0.0,None,None,None,yes
6163,exp_cycles_indvary3_step2_batch_yyy07.pl,e1,no,0.37,no,corr,2.0,None,None,None,no
6164,exp_cycles_indvary3_step2_batch_yyy07.pl,f5,no,0.29,no,corr,0.0,None,None,None,yes
6165,exp_cycles_indvary3_step2_batch_yyy07.pl,z4,no,0.26,no,corr,0.0,None,None,None,yes
6166,exp_cycles_indvary3_step2_batch_yyy07.pl,t7,no,0.3,no,corr,0.0,None,None,None,yes
6167,exp_cycles_indvary3_step2_batch_yyy07.pl,u3,no,0.17,no,corr,0.0,None,None,None,yes
6168,exp_cycles_indvary3_step2_batch_yyy07.pl,u2,no,13.81,no,corr,13.0,None,None,None,no
6169,exp_cycles_indvary3_step2_batch_yyy07.pl,p5,no,0.33,no,corr,0.0,None,None,None,yes
6170,exp_cycles_indvary3_step2_batch_yyy07.pl,x3,no,347.52,no,corr,19.0,None,None,None,no
6171,exp_cycles_indvary3_step2_batch_yyy08.pl,u5,no,1.36,no,corr,0.0,None,None,None,yes
6172,exp_cycles_indvary3_step2_batch_yyy08.pl,f1,no,0.22,no,corr,1.0,None,None,None,no
6173,exp_cycles_indvary3_step2_batch_yyy08.pl,w5,no,0.27,no,corr,0.0,None,None,None,yes
6174,exp_cycles_indvary3_step2_batch_yyy08.pl,c5,no,0.23,no,corr,0.0,None,None,None,yes
6175,exp_cycles_indvary3_step2_batch_yyy08.pl,p1,yes,0.49,yes,corr,4.0,None,None,None,no
6176,exp_cycles_indvary3_step2_batch_yyy08.pl,w3,no,0.21,no,corr,0.0,None,None,None,yes
6177,exp_cycles_indvary3_step2_batch_yyy08.pl,z4,no,0.25,no,corr,0.0,None,None,None,yes
6178,exp_cycles_indvary3_step2_batch_yyy08.pl,y3,no,0.28,no,corr,0.0,None,None,None,yes
6179,exp_cycles_indvary3_step2_batch_yyy08.pl,y2,,600.0,no,TIMEOUT,,,,,no
6180,exp_cycles_indvary3_step2_batch_yyy08.pl,x1,yes,0.71,yes,corr,5.0,None,None,None,no
6181,exp_cycles_indvary3_step2_batch_yyy09.pl,z5,no,0.22,no,corr,0.0,None,None,None,yes
6182,exp_cycles_indvary3_step2_batch_yyy09.pl,v6,no,0.25,no,corr,0.0,None,None,None,yes
6183,exp_cycles_indvary3_step2_batch_yyy09.pl,z1,no,0.17,no,corr,0.0,None,None,None,yes
6184,exp_cycles_indvary3_step2_batch_yyy09.pl,w4,no,0.29,no,corr,0.0,None,None,None,yes
6185,exp_cycles_indvary3_step2_batch_yyy09.pl,s6,no,0.24,no,corr,0.0,None,None,None,yes
6186,exp_cycles_indvary3_step2_batch_yyy09.pl,a3,,600.0,no,TIMEOUT,,,,,no
6187,exp_cycles_indvary3_step2_batch_yyy09.pl,t4,no,0.22,no,corr,0.0,None,None,None,yes
6188,exp_cycles_indvary3_step2_batch_yyy09.pl,s3,,600.0,no,TIMEOUT,,,,,no
6189,exp_cycles_indvary3_step2_batch_yyy09.pl,r7,no,0.26,no,corr,0.0,None,None,None,yes
6190,exp_cycles_indvary3_step2_batch_yyy09.pl,b6,no,0.22,no,corr,0.0,None,None,None,yes
6191,exp_cycles_indvary3_step2_batch_yyy10.pl,z6,no,0.41,no,corr,0.0,None,None,None,yes
6192,exp_cycles_indvary3_step2_batch_yyy10.pl,a6,no,0.31,no,corr,0.0,None,None,None,yes
6193,exp_cycles_indvary3_step2_batch_yyy10.pl,q6,no,0.37,no,corr,0.0,None,None,None,yes
6194,exp_cycles_indvary3_step2_batch_yyy10.pl,b4,no,0.27,no,corr,0.0,None,None,None,yes
6195,exp_cycles_indvary3_step2_batch_yyy10.pl,y3,no,0.25,no,corr,0.0,None,None,None,yes
6196,exp_cycles_indvary3_step2_batch_yyy10.pl,r4,no,0.25,no,corr,0.0,None,None,None,yes
6197,exp_cycles_indvary3_step2_batch_yyy10.pl,d2,yes,0.32,yes,corr,4.0,None,None,None,no
6198,exp_cycles_indvary3_step2_batch_yyy10.pl,z3,no,0.23,no,corr,0.0,None,None,None,yes
6199,exp_cycles_indvary3_step2_batch_yyy10.pl,r3,yes,0.58,yes,corr,6.0,None,None,None,no
6200,exp_cycles_indvary3_step2_batch_yyy10.pl,d1,yes,0.31,yes,corr,2.0,None,None,None,no
6201,exp_cycles_indvary3_step3_batch_yyy01.pl,w2,no,0.24,no,corr,0.0,None,None,None,yes
6202,exp_cycles_indvary3_step3_batch_yyy01.pl,w6,no,0.23,no,corr,0.0,None,None,None,yes
6203,exp_cycles_indvary3_step3_batch_yyy01.pl,a3,yes,0.2,yes,corr,0.0,None,None,None,no
6204,exp_cycles_indvary3_step3_batch_yyy01.pl,q1,,600.0,no,TIMEOUT,,,,,no
6205,exp_cycles_indvary3_step3_batch_yyy01.pl,q7,no,0.26,no,corr,0.0,None,None,None,yes
6206,exp_cycles_indvary3_step3_batch_yyy01.pl,a2,no,0.21,no,corr,1.0,None,None,None,no
6207,exp_cycles_indvary3_step3_batch_yyy01.pl,t4,no,0.28,no,corr,0.0,None,None,None,yes
6208,exp_cycles_indvary3_step3_batch_yyy01.pl,c4,no,0.26,no,corr,0.0,None,None,None,yes
6209,exp_cycles_indvary3_step3_batch_yyy01.pl,b4,no,0.32,no,corr,0.0,None,None,None,yes
6210,exp_cycles_indvary3_step3_batch_yyy01.pl,q5,no,0.25,no,corr,0.0,None,None,None,yes
6211,exp_cycles_indvary3_step3_batch_yyy02.pl,b4,no,0.41,no,corr,0.0,None,None,None,yes
6212,exp_cycles_indvary3_step3_batch_yyy02.pl,w6,no,0.21,no,corr,0.0,None,None,None,yes
6213,exp_cycles_indvary3_step3_batch_yyy02.pl,a3,yes,0.63,yes,corr,0.0,None,None,None,no
6214,exp_cycles_indvary3_step3_batch_yyy02.pl,r7,no,0.52,no,corr,0.0,None,None,None,yes
6215,exp_cycles_indvary3_step3_batch_yyy02.pl,p1,no,0.29,no,corr,0.0,None,None,None,no
6216,exp_cycles_indvary3_step3_batch_yyy02.pl,y5,no,0.39,no,corr,0.0,None,None,None,yes
6217,exp_cycles_indvary3_step3_batch_yyy02.pl,t4,no,0.39,no,corr,0.0,None,None,None,yes
6218,exp_cycles_indvary3_step3_batch_yyy02.pl,s3,,600.0,no,TIMEOUT,,,,,no
6219,exp_cycles_indvary3_step3_batch_yyy02.pl,y1,no,0.26,no,corr,0.0,None,None,None,yes
6220,exp_cycles_indvary3_step3_batch_yyy02.pl,d2,yes,0.17,yes,corr,1.0,None,None,None,no
6221,exp_cycles_indvary3_step3_batch_yyy03.pl,s4,no,0.45,no,corr,0.0,None,None,None,yes
6222,exp_cycles_indvary3_step3_batch_yyy03.pl,d3,no,0.26,no,corr,0.0,None,None,None,yes
6223,exp_cycles_indvary3_step3_batch_yyy03.pl,f5,no,0.48,no,corr,0.0,None,None,None,yes
6224,exp_cycles_indvary3_step3_batch_yyy03.pl,w1,no,16.33,no,corr,10.0,None,None,None,no
6225,exp_cycles_indvary3_step3_batch_yyy03.pl,y1,no,0.27,no,corr,0.0,None,None,None,yes
6226,exp_cycles_indvary3_step3_batch_yyy03.pl,p2,no,7.18,no,corr,11.0,None,None,None,no
6227,exp_cycles_indvary3_step3_batch_yyy03.pl,x1,no,4.47,no,corr,12.0,None,None,None,no
6228,exp_cycles_indvary3_step3_batch_yyy03.pl,s7,no,0.61,no,corr,0.0,None,None,None,yes
6229,exp_cycles_indvary3_step3_batch_yyy03.pl,z4,no,0.45,no,corr,0.0,None,None,None,yes
6230,exp_cycles_indvary3_step3_batch_yyy03.pl,r5,no,0.33,no,corr,0.0,None,None,None,yes
6231,exp_cycles_indvary3_step3_batch_yyy04.pl,s4,no,0.45,no,corr,0.0,None,None,None,yes
6232,exp_cycles_indvary3_step3_batch_yyy04.pl,p5,no,0.35,no,corr,0.0,None,None,None,yes
6233,exp_cycles_indvary3_step3_batch_yyy04.pl,b4,no,0.21,no,corr,0.0,None,None,None,yes
6234,exp_cycles_indvary3_step3_batch_yyy04.pl,r5,no,0.19,no,corr,0.0,None,None,None,yes
6235,exp_cycles_indvary3_step3_batch_yyy04.pl,v1,no,0.22,no,corr,0.0,None,None,None,yes
6236,exp_cycles_indvary3_step3_batch_yyy04.pl,u3,,600.0,no,TIMEOUT,,,,,no
6237,exp_cycles_indvary3_step3_batch_yyy04.pl,t1,no,0.73,no,corr,0.0,None,None,None,yes
6238,exp_cycles_indvary3_step3_batch_yyy04.pl,y5,no,0.2,no,corr,0.0,None,None,None,yes
6239,exp_cycles_indvary3_step3_batch_yyy04.pl,c1,yes,0.21,yes,corr,1.0,None,None,None,no
6240,exp_cycles_indvary3_step3_batch_yyy04.pl,t2,,600.0,no,TIMEOUT,,,,,no
6241,exp_cycles_indvary3_step3_batch_yyy05.pl,x3,no,0.5,no,corr,0.0,None,None,None,yes
6242,exp_cycles_indvary3_step3_batch_yyy05.pl,q4,,600.0,no,TIMEOUT,,,,,no
6243,exp_cycles_indvary3_step3_batch_yyy05.pl,z4,no,0.25,no,corr,0.0,None,None,None,yes
6244,exp_cycles_indvary3_step3_batch_yyy05.pl,t1,no,0.26,no,corr,0.0,None,None,None,yes
6245,exp_cycles_indvary3_step3_batch_yyy05.pl,y6,no,0.57,no,corr,0.0,None,None,None,yes
6246,exp_cycles_indvary3_step3_batch_yyy05.pl,f2,yes,0.34,yes,corr,1.0,None,None,None,no
6247,exp_cycles_indvary3_step3_batch_yyy05.pl,w7,no,0.3,no,corr,0.0,None,None,None,yes
6248,exp_cycles_indvary3_step3_batch_yyy05.pl,y4,no,0.36,no,corr,0.0,None,None,None,yes
6249,exp_cycles_indvary3_step3_batch_yyy05.pl,v6,no,0.46,no,corr,0.0,None,None,None,yes
6250,exp_cycles_indvary3_step3_batch_yyy05.pl,u1,,600.0,no,TIMEOUT,,,,,no
6251,exp_cycles_indvary3_step3_batch_yyy06.pl,q6,no,0.55,no,corr,0.0,None,None,None,yes
6252,exp_cycles_indvary3_step3_batch_yyy06.pl,p5,no,0.22,no,corr,0.0,None,None,None,yes
6253,exp_cycles_indvary3_step3_batch_yyy06.pl,v5,no,0.43,no,corr,0.0,None,None,None,yes
6254,exp_cycles_indvary3_step3_batch_yyy06.pl,u5,no,0.24,no,corr,0.0,None,None,None,yes
6255,exp_cycles_indvary3_step3_batch_yyy06.pl,d5,no,0.28,no,corr,0.0,None,None,None,yes
6256,exp_cycles_indvary3_step3_batch_yyy06.pl,x5,no,0.34,no,corr,0.0,None,None,None,yes
6257,exp_cycles_indvary3_step3_batch_yyy06.pl,c1,yes,0.25,yes,corr,0.0,None,None,None,no
6258,exp_cycles_indvary3_step3_batch_yyy06.pl,t7,no,0.3,no,corr,0.0,None,None,None,yes
6259,exp_cycles_indvary3_step3_batch_yyy06.pl,c6,no,0.3,no,corr,0.0,None,None,None,yes
6260,exp_cycles_indvary3_step3_batch_yyy06.pl,s6,no,0.32,no,corr,0.0,None,None,None,yes
6261,exp_cycles_indvary3_step3_batch_yyy07.pl,w7,no,0.43,no,corr,0.0,None,None,None,yes
6262,exp_cycles_indvary3_step3_batch_yyy07.pl,f1,no,0.27,no,corr,1.0,None,None,None,no
6263,exp_cycles_indvary3_step3_batch_yyy07.pl,v1,,600.0,no,TIMEOUT,,,,,no
6264,exp_cycles_indvary3_step3_batch_yyy07.pl,s1,,600.0,no,TIMEOUT,,,,,no
6265,exp_cycles_indvary3_step3_batch_yyy07.pl,a1,yes,0.38,yes,corr,0.0,None,None,None,no
6266,exp_cycles_indvary3_step3_batch_yyy07.pl,r3,,600.0,no,TIMEOUT,,,,,no
6267,exp_cycles_indvary3_step3_batch_yyy07.pl,z6,no,0.3,no,corr,0.0,None,None,None,yes
6268,exp_cycles_indvary3_step3_batch_yyy07.pl,b2,no,0.19,no,corr,1.0,None,None,None,no
6269,exp_cycles_indvary3_step3_batch_yyy07.pl,s2,,600.0,no,TIMEOUT,,,,,no
6270,exp_cycles_indvary3_step3_batch_yyy07.pl,a5,no,0.49,no,corr,0.0,None,None,None,yes
6271,exp_cycles_indvary3_step3_batch_yyy08.pl,b2,yes,0.4,yes,corr,0.0,None,None,None,no
6272,exp_cycles_indvary3_step3_batch_yyy08.pl,b1,yes,0.19,yes,corr,2.0,None,None,None,no
6273,exp_cycles_indvary3_step3_batch_yyy08.pl,z4,no,0.26,no,corr,0.0,None,None,None,yes
6274,exp_cycles_indvary3_step3_batch_yyy08.pl,v1,no,24.11,no,corr,13.0,None,None,None,no
6275,exp_cycles_indvary3_step3_batch_yyy08.pl,d2,no,0.36,no,corr,8.0,None,None,None,no
6276,exp_cycles_indvary3_step3_batch_yyy08.pl,y5,no,0.2,no,corr,0.0,None,None,None,yes
6277,exp_cycles_indvary3_step3_batch_yyy08.pl,z5,no,0.27,no,corr,0.0,None,None,None,yes
6278,exp_cycles_indvary3_step3_batch_yyy08.pl,q6,no,0.3,no,corr,0.0,None,None,None,yes
6279,exp_cycles_indvary3_step3_batch_yyy08.pl,s6,no,0.39,no,corr,0.0,None,None,None,yes
6280,exp_cycles_indvary3_step3_batch_yyy08.pl,b5,no,0.29,no,corr,0.0,None,None,None,yes
6281,exp_cycles_indvary3_step3_batch_yyy09.pl,t5,no,0.37,no,corr,0.0,None,None,None,yes
6282,exp_cycles_indvary3_step3_batch_yyy09.pl,e1,yes,0.26,yes,corr,1.0,None,None,None,no
6283,exp_cycles_indvary3_step3_batch_yyy09.pl,r6,no,0.21,no,corr,0.0,None,None,None,yes
6284,exp_cycles_indvary3_step3_batch_yyy09.pl,z1,,600.0,no,TIMEOUT,,,,,no
6285,exp_cycles_indvary3_step3_batch_yyy09.pl,x2,,600.0,no,TIMEOUT,,,,,no
6286,exp_cycles_indvary3_step3_batch_yyy09.pl,w1,no,0.41,no,corr,0.0,None,None,None,yes
6287,exp_cycles_indvary3_step3_batch_yyy09.pl,b5,no,0.24,no,corr,0.0,None,None,None,yes
6288,exp_cycles_indvary3_step3_batch_yyy09.pl,x6,no,0.28,no,corr,0.0,None,None,None,yes
6289,exp_cycles_indvary3_step3_batch_yyy09.pl,r7,no,0.3,no,corr,0.0,None,None,None,yes
6290,exp_cycles_indvary3_step3_batch_yyy09.pl,r3,no,0.2,no,corr,0.0,None,None,None,yes
6291,exp_cycles_indvary3_step3_batch_yyy10.pl,p4,no,0.32,no,corr,0.0,None,None,None,yes
6292,exp_cycles_indvary3_step3_batch_yyy10.pl,u7,no,0.31,no,corr,0.0,None,None,None,yes
6293,exp_cycles_indvary3_step3_batch_yyy10.pl,b4,no,0.36,no,corr,0.0,None,None,None,yes
6294,exp_cycles_indvary3_step3_batch_yyy10.pl,e4,no,0.36,no,corr,0.0,None,None,None,yes
6295,exp_cycles_indvary3_step3_batch_yyy10.pl,z2,no,0.28,no,corr,0.0,None,None,None,yes
6296,exp_cycles_indvary3_step3_batch_yyy10.pl,e3,no,0.25,no,corr,0.0,None,None,None,yes
6297,exp_cycles_indvary3_step3_batch_yyy10.pl,a1,yes,0.29,yes,corr,3.0,None,None,None,no
6298,exp_cycles_indvary3_step3_batch_yyy10.pl,q1,no,1.48,no,corr,11.0,None,None,None,no
6299,exp_cycles_indvary3_step3_batch_yyy10.pl,r6,no,0.51,no,corr,0.0,None,None,None,yes
6300,exp_cycles_indvary3_step3_batch_yyy10.pl,f1,yes,0.34,yes,corr,1.0,None,None,None,no
6301,exp_cycles_indvary3_step4_batch_yyy01.pl,u6,no,0.4,no,corr,0.0,None,None,None,yes
6302,exp_cycles_indvary3_step4_batch_yyy01.pl,p5,no,0.2,no,corr,0.0,None,None,None,yes
6303,exp_cycles_indvary3_step4_batch_yyy01.pl,c5,no,0.38,no,corr,0.0,None,None,None,yes
6304,exp_cycles_indvary3_step4_batch_yyy01.pl,f3,no,0.23,no,corr,0.0,None,None,None,yes
6305,exp_cycles_indvary3_step4_batch_yyy01.pl,t7,no,0.45,no,corr,0.0,None,None,None,yes
6306,exp_cycles_indvary3_step4_batch_yyy01.pl,f4,no,0.44,no,corr,0.0,None,None,None,yes
6307,exp_cycles_indvary3_step4_batch_yyy01.pl,r2,,600.0,no,TIMEOUT,,,,,no
6308,exp_cycles_indvary3_step4_batch_yyy01.pl,w2,no,0.93,no,corr,0.0,None,None,None,yes
6309,exp_cycles_indvary3_step4_batch_yyy01.pl,u1,,600.0,no,TIMEOUT,,,,,no
6310,exp_cycles_indvary3_step4_batch_yyy01.pl,f1,no,0.42,no,corr,1.0,None,None,None,no
6311,exp_cycles_indvary3_step4_batch_yyy02.pl,v6,no,0.27,no,corr,0.0,None,None,None,yes
6312,exp_cycles_indvary3_step4_batch_yyy02.pl,b4,no,0.43,no,corr,0.0,None,None,None,yes
6313,exp_cycles_indvary3_step4_batch_yyy02.pl,q4,no,5.63,no,corr,12.0,None,None,None,no
6314,exp_cycles_indvary3_step4_batch_yyy02.pl,w1,no,1.17,no,corr,7.0,None,None,None,no
6315,exp_cycles_indvary3_step4_batch_yyy02.pl,t7,no,0.23,no,corr,0.0,None,None,None,yes
6316,exp_cycles_indvary3_step4_batch_yyy02.pl,f4,no,0.32,no,corr,0.0,None,None,None,yes
6317,exp_cycles_indvary3_step4_batch_yyy02.pl,x1,no,0.24,no,corr,0.0,None,None,None,yes
6318,exp_cycles_indvary3_step4_batch_yyy02.pl,r7,no,0.46,no,corr,0.0,None,None,None,yes
6319,exp_cycles_indvary3_step4_batch_yyy02.pl,e2,yes,0.28,yes,corr,0.0,None,None,None,no
6320,exp_cycles_indvary3_step4_batch_yyy02.pl,y5,no,0.25,no,corr,0.0,None,None,None,yes
6321,exp_cycles_indvary3_step4_batch_yyy03.pl,t4,no,0.3,no,corr,0.0,None,None,None,yes
6322,exp_cycles_indvary3_step4_batch_yyy03.pl,z5,no,0.31,no,corr,0.0,None,None,None,yes
6323,exp_cycles_indvary3_step4_batch_yyy03.pl,x3,,600.0,no,TIMEOUT,,,,,no
6324,exp_cycles_indvary3_step4_batch_yyy03.pl,a4,no,0.51,no,corr,0.0,None,None,None,yes
6325,exp_cycles_indvary3_step4_batch_yyy03.pl,v1,no,0.22,no,corr,0.0,None,None,None,yes
6326,exp_cycles_indvary3_step4_batch_yyy03.pl,x5,no,0.26,no,corr,0.0,None,None,None,yes
6327,exp_cycles_indvary3_step4_batch_yyy03.pl,r4,no,0.19,no,corr,0.0,None,None,None,yes
6328,exp_cycles_indvary3_step4_batch_yyy03.pl,r1,no,0.2,no,corr,0.0,None,None,None,yes
6329,exp_cycles_indvary3_step4_batch_yyy03.pl,a1,yes,0.3,yes,corr,1.0,None,None,None,no
6330,exp_cycles_indvary3_step4_batch_yyy03.pl,f2,no,0.58,no,corr,9.0,None,None,None,no
6331,exp_cycles_indvary3_step4_batch_yyy04.pl,c3,,600.0,no,TIMEOUT,,,,,no
6332,exp_cycles_indvary3_step4_batch_yyy04.pl,x3,no,0.36,no,corr,0.0,None,None,None,yes
6333,exp_cycles_indvary3_step4_batch_yyy04.pl,d3,no,0.25,no,corr,0.0,None,None,None,yes
6334,exp_cycles_indvary3_step4_batch_yyy04.pl,a4,no,0.23,no,corr,0.0,None,None,None,yes
6335,exp_cycles_indvary3_step4_batch_yyy04.pl,c1,,600.0,no,TIMEOUT,,,,,no
6336,exp_cycles_indvary3_step4_batch_yyy04.pl,r4,no,0.67,no,corr,0.0,None,None,None,yes
6337,exp_cycles_indvary3_step4_batch_yyy04.pl,v3,,600.0,no,TIMEOUT,,,,,no
6338,exp_cycles_indvary3_step4_batch_yyy04.pl,y5,no,0.46,no,corr,0.0,None,None,None,yes
6339,exp_cycles_indvary3_step4_batch_yyy04.pl,u5,no,0.63,no,corr,0.0,None,None,None,yes
6340,exp_cycles_indvary3_step4_batch_yyy04.pl,u6,no,0.25,no,corr,0.0,None,None,None,yes
6341,exp_cycles_indvary3_step4_batch_yyy05.pl,d4,no,0.2,no,corr,0.0,None,None,None,yes
6342,exp_cycles_indvary3_step4_batch_yyy05.pl,d3,no,0.19,no,corr,0.0,None,None,None,yes
6343,exp_cycles_indvary3_step4_batch_yyy05.pl,q5,no,0.19,no,corr,0.0,None,None,None,yes
6344,exp_cycles_indvary3_step4_batch_yyy05.pl,c6,no,0.24,no,corr,0.0,None,None,None,yes
6345,exp_cycles_indvary3_step4_batch_yyy05.pl,d2,yes,0.27,yes,corr,0.0,None,None,None,no
6346,exp_cycles_indvary3_step4_batch_yyy05.pl,p2,no,69.2,no,corr,13.0,None,None,None,no
6347,exp_cycles_indvary3_step4_batch_yyy05.pl,f4,no,0.19,no,corr,0.0,None,None,None,yes
6348,exp_cycles_indvary3_step4_batch_yyy05.pl,x6,no,0.24,no,corr,0.0,None,None,None,yes
6349,exp_cycles_indvary3_step4_batch_yyy05.pl,s7,no,0.18,no,corr,0.0,None,None,None,yes
6350,exp_cycles_indvary3_step4_batch_yyy05.pl,u2,no,0.2,no,corr,0.0,None,None,None,yes
6351,exp_cycles_indvary3_step4_batch_yyy06.pl,v7,no,0.29,no,corr,0.0,None,None,None,yes
6352,exp_cycles_indvary3_step4_batch_yyy06.pl,e5,no,0.29,no,corr,0.0,None,None,None,yes
6353,exp_cycles_indvary3_step4_batch_yyy06.pl,a5,no,0.28,no,corr,0.0,None,None,None,yes
6354,exp_cycles_indvary3_step4_batch_yyy06.pl,v1,no,164.06,no,corr,13.0,None,None,None,no
6355,exp_cycles_indvary3_step4_batch_yyy06.pl,w4,no,0.29,no,corr,0.0,None,None,None,yes
6356,exp_cycles_indvary3_step4_batch_yyy06.pl,c1,no,0.29,no,corr,1.0,None,None,None,no
6357,exp_cycles_indvary3_step4_batch_yyy06.pl,u3,,600.0,no,TIMEOUT,,,,,no
6358,exp_cycles_indvary3_step4_batch_yyy06.pl,e2,yes,0.18,yes,corr,1.0,None,None,None,no
6359,exp_cycles_indvary3_step4_batch_yyy06.pl,s3,no,0.23,no,corr,0.0,None,None,None,yes
6360,exp_cycles_indvary3_step4_batch_yyy06.pl,c4,no,0.2,no,corr,0.0,None,None,None,yes
6361,exp_cycles_indvary3_step4_batch_yyy07.pl,c3,yes,0.27,yes,corr,1.0,None,None,None,no
6362,exp_cycles_indvary3_step4_batch_yyy07.pl,z6,no,0.21,no,corr,0.0,None,None,None,yes
6363,exp_cycles_indvary3_step4_batch_yyy07.pl,v5,no,0.21,no,corr,0.0,None,None,None,yes
6364,exp_cycles_indvary3_step4_batch_yyy07.pl,s5,no,0.23,no,corr,0.0,None,None,None,yes
6365,exp_cycles_indvary3_step4_batch_yyy07.pl,u2,no,27.6,no,corr,10.0,None,None,None,no
6366,exp_cycles_indvary3_step4_batch_yyy07.pl,a6,no,0.53,no,corr,0.0,None,None,None,yes
6367,exp_cycles_indvary3_step4_batch_yyy07.pl,s4,no,0.34,no,corr,0.0,None,None,None,yes
6368,exp_cycles_indvary3_step4_batch_yyy07.pl,b3,yes,0.28,yes,corr,1.0,None,None,None,no
6369,exp_cycles_indvary3_step4_batch_yyy07.pl,a4,no,0.2,no,corr,0.0,None,None,None,yes
6370,exp_cycles_indvary3_step4_batch_yyy07.pl,x2,no,0.24,no,corr,0.0,None,None,None,yes
6371,exp_cycles_indvary3_step4_batch_yyy08.pl,y4,no,0.52,no,corr,0.0,None,None,None,yes
6372,exp_cycles_indvary3_step4_batch_yyy08.pl,r6,no,0.3,no,corr,0.0,None,None,None,yes
6373,exp_cycles_indvary3_step4_batch_yyy08.pl,f5,no,0.34,no,corr,0.0,None,None,None,yes
6374,exp_cycles_indvary3_step4_batch_yyy08.pl,e3,no,0.15,no,corr,0.0,None,None,None,yes
6375,exp_cycles_indvary3_step4_batch_yyy08.pl,s1,no,0.25,no,corr,0.0,None,None,None,yes
6376,exp_cycles_indvary3_step4_batch_yyy08.pl,f4,no,0.42,no,corr,0.0,None,None,None,yes
6377,exp_cycles_indvary3_step4_batch_yyy08.pl,z4,no,0.26,no,corr,0.0,None,None,None,yes
6378,exp_cycles_indvary3_step4_batch_yyy08.pl,y3,,600.0,no,TIMEOUT,,,,,no
6379,exp_cycles_indvary3_step4_batch_yyy08.pl,s7,no,0.25,no,corr,0.0,None,None,None,yes
6380,exp_cycles_indvary3_step4_batch_yyy08.pl,b6,no,0.15,no,corr,0.0,None,None,None,yes
6381,exp_cycles_indvary3_step4_batch_yyy09.pl,a5,no,0.25,no,corr,0.0,None,None,None,yes
6382,exp_cycles_indvary3_step4_batch_yyy09.pl,f5,no,0.32,no,corr,0.0,None,None,None,yes
6383,exp_cycles_indvary3_step4_batch_yyy09.pl,w4,no,0.33,no,corr,0.0,None,None,None,yes
6384,exp_cycles_indvary3_step4_batch_yyy09.pl,z2,no,526.44,no,corr,12.0,None,None,None,no
6385,exp_cycles_indvary3_step4_batch_yyy09.pl,s1,no,0.19,no,corr,0.0,None,None,None,yes
6386,exp_cycles_indvary3_step4_batch_yyy09.pl,y2,no,0.2,no,corr,0.0,None,None,None,yes
6387,exp_cycles_indvary3_step4_batch_yyy09.pl,d1,yes,0.2,yes,corr,0.0,None,None,None,no
6388,exp_cycles_indvary3_step4_batch_yyy09.pl,w3,,600.0,no,TIMEOUT,,,,,no
6389,exp_cycles_indvary3_step4_batch_yyy09.pl,v1,no,245.29,no,corr,12.0,None,None,None,no
6390,exp_cycles_indvary3_step4_batch_yyy09.pl,w1,no,347.85,no,corr,12.0,None,None,None,no
6391,exp_cycles_indvary3_step4_batch_yyy10.pl,e1,yes,0.2,yes,corr,1.0,None,None,None,no
6392,exp_cycles_indvary3_step4_batch_yyy10.pl,z4,no,0.35,no,corr,0.0,None,None,None,yes
6393,exp_cycles_indvary3_step4_batch_yyy10.pl,s1,no,45.45,no,corr,10.0,None,None,None,no
6394,exp_cycles_indvary3_step4_batch_yyy10.pl,s7,no,0.17,no,corr,0.0,None,None,None,yes
6395,exp_cycles_indvary3_step4_batch_yyy10.pl,s3,no,0.22,no,corr,1.0,None,None,None,no
6396,exp_cycles_indvary3_step4_batch_yyy10.pl,c4,no,0.21,no,corr,0.0,None,None,None,yes
6397,exp_cycles_indvary3_step4_batch_yyy10.pl,r6,no,0.19,no,corr,0.0,None,None,None,yes
6398,exp_cycles_indvary3_step4_batch_yyy10.pl,f1,yes,0.26,yes,corr,0.0,None,None,None,no
6399,exp_cycles_indvary3_step4_batch_yyy10.pl,a5,no,0.21,no,corr,0.0,None,None,None,yes
6400,exp_cycles_indvary3_step4_batch_yyy10.pl,b1,no,0.26,no,corr,1.0,None,None,None,no
6401,exp_cycles_indvary3_step5_batch_yyy01.pl,w5,no,0.34,no,corr,0.0,None,None,None,yes
6402,exp_cycles_indvary3_step5_batch_yyy01.pl,s5,no,0.2,no,corr,0.0,None,None,None,yes
6403,exp_cycles_indvary3_step5_batch_yyy01.pl,v1,,600.0,no,TIMEOUT,,,,,no
6404,exp_cycles_indvary3_step5_batch_yyy01.pl,p2,,600.0,no,TIMEOUT,,,,,no
6405,exp_cycles_indvary3_step5_batch_yyy01.pl,d4,no,0.19,no,corr,0.0,None,None,None,yes
6406,exp_cycles_indvary3_step5_batch_yyy01.pl,x3,,600.0,no,TIMEOUT,,,,,no
6407,exp_cycles_indvary3_step5_batch_yyy01.pl,z1,no,0.2,no,corr,0.0,None,None,None,yes
6408,exp_cycles_indvary3_step5_batch_yyy01.pl,c2,yes,0.3,yes,corr,2.0,None,None,None,no
6409,exp_cycles_indvary3_step5_batch_yyy01.pl,x5,no,0.23,no,corr,0.0,None,None,None,yes
6410,exp_cycles_indvary3_step5_batch_yyy01.pl,c1,yes,0.2,yes,corr,0.0,None,None,None,no
6411,exp_cycles_indvary3_step5_batch_yyy02.pl,u6,no,0.29,no,corr,0.0,None,None,None,yes
6412,exp_cycles_indvary3_step5_batch_yyy02.pl,e1,yes,0.25,yes,corr,1.0,None,None,None,no
6413,exp_cycles_indvary3_step5_batch_yyy02.pl,s5,no,0.22,no,corr,0.0,None,None,None,yes
6414,exp_cycles_indvary3_step5_batch_yyy02.pl,t6,no,0.2,no,corr,0.0,None,None,None,yes
6415,exp_cycles_indvary3_step5_batch_yyy02.pl,a4,no,0.19,no,corr,0.0,None,None,None,yes
6416,exp_cycles_indvary3_step5_batch_yyy02.pl,z4,no,0.21,no,corr,0.0,None,None,None,yes
6417,exp_cycles_indvary3_step5_batch_yyy02.pl,y1,no,0.23,no,corr,0.0,None,None,None,yes
6418,exp_cycles_indvary3_step5_batch_yyy02.pl,d1,yes,0.16,yes,corr,1.0,None,None,None,no
6419,exp_cycles_indvary3_step5_batch_yyy02.pl,r6,no,0.24,no,corr,0.0,None,None,None,yes
6420,exp_cycles_indvary3_step5_batch_yyy02.pl,e5,no,0.19,no,corr,0.0,None,None,None,yes
6421,exp_cycles_indvary3_step5_batch_yyy03.pl,q6,no,0.35,no,corr,0.0,None,None,None,yes
6422,exp_cycles_indvary3_step5_batch_yyy03.pl,y3,,600.0,no,TIMEOUT,,,,,no
6423,exp_cycles_indvary3_step5_batch_yyy03.pl,v1,,600.0,no,TIMEOUT,,,,,no
6424,exp_cycles_indvary3_step5_batch_yyy03.pl,p4,no,0.68,no,corr,0.0,None,None,None,yes
6425,exp_cycles_indvary3_step5_batch_yyy03.pl,p7,no,0.28,no,corr,0.0,None,None,None,yes
6426,exp_cycles_indvary3_step5_batch_yyy03.pl,t2,no,30.82,no,corr,11.0,None,None,None,no
6427,exp_cycles_indvary3_step5_batch_yyy03.pl,c6,no,0.33,no,corr,0.0,None,None,None,yes
6428,exp_cycles_indvary3_step5_batch_yyy03.pl,s6,no,0.26,no,corr,0.0,None,None,None,yes
6429,exp_cycles_indvary3_step5_batch_yyy03.pl,r2,no,0.32,no,corr,5.0,None,None,None,no
6430,exp_cycles_indvary3_step5_batch_yyy03.pl,b6,no,0.33,no,corr,0.0,None,None,None,yes
6431,exp_cycles_indvary3_step5_batch_yyy04.pl,w7,no,0.29,no,corr,0.0,None,None,None,yes
6432,exp_cycles_indvary3_step5_batch_yyy04.pl,t3,,600.0,no,TIMEOUT,,,,,no
6433,exp_cycles_indvary3_step5_batch_yyy04.pl,x7,no,0.49,no,corr,0.0,None,None,None,yes
6434,exp_cycles_indvary3_step5_batch_yyy04.pl,r5,no,0.54,no,corr,0.0,None,None,None,yes
6435,exp_cycles_indvary3_step5_batch_yyy04.pl,w1,no,0.26,no,corr,0.0,None,None,None,no
6436,exp_cycles_indvary3_step5_batch_yyy04.pl,v4,no,0.22,no,corr,0.0,None,None,None,yes
6437,exp_cycles_indvary3_step5_batch_yyy04.pl,s7,no,0.46,no,corr,0.0,None,None,None,yes
6438,exp_cycles_indvary3_step5_batch_yyy04.pl,q7,no,0.35,no,corr,0.0,None,None,None,yes
6439,exp_cycles_indvary3_step5_batch_yyy04.pl,x5,no,0.39,no,corr,0.0,None,None,None,yes
6440,exp_cycles_indvary3_step5_batch_yyy04.pl,t2,no,0.27,no,corr,0.0,None,None,None,yes
6441,exp_cycles_indvary3_step5_batch_yyy05.pl,p7,no,0.26,no,corr,0.0,None,None,None,yes
6442,exp_cycles_indvary3_step5_batch_yyy05.pl,u1,,600.0,no,TIMEOUT,,,,,no
6443,exp_cycles_indvary3_step5_batch_yyy05.pl,w5,no,0.29,no,corr,0.0,None,None,None,yes
6444,exp_cycles_indvary3_step5_batch_yyy05.pl,f5,no,0.21,no,corr,0.0,None,None,None,yes
6445,exp_cycles_indvary3_step5_batch_yyy05.pl,w4,no,0.22,no,corr,0.0,None,None,None,yes
6446,exp_cycles_indvary3_step5_batch_yyy05.pl,y1,no,0.24,no,corr,0.0,None,None,None,yes
6447,exp_cycles_indvary3_step5_batch_yyy05.pl,u2,no,57.85,no,corr,11.0,None,None,None,no
6448,exp_cycles_indvary3_step5_batch_yyy05.pl,q7,no,0.49,no,corr,0.0,None,None,None,yes
6449,exp_cycles_indvary3_step5_batch_yyy05.pl,y3,no,0.26,no,corr,0.0,None,None,None,yes
6450,exp_cycles_indvary3_step5_batch_yyy05.pl,e4,no,0.35,no,corr,0.0,None,None,None,yes
6451,exp_cycles_indvary3_step5_batch_yyy06.pl,d5,no,0.3,no,corr,0.0,None,None,None,yes
6452,exp_cycles_indvary3_step5_batch_yyy06.pl,c3,no,0.35,no,corr,1.0,None,None,None,no
6453,exp_cycles_indvary3_step5_batch_yyy06.pl,b2,yes,0.2,yes,corr,1.0,None,None,None,no
6454,exp_cycles_indvary3_step5_batch_yyy06.pl,z2,no,0.91,no,corr,9.0,None,None,None,no
6455,exp_cycles_indvary3_step5_batch_yyy06.pl,r1,no,0.25,no,corr,0.0,None,None,None,yes
6456,exp_cycles_indvary3_step5_batch_yyy06.pl,a2,yes,0.54,yes,corr,1.0,None,None,None,no
6457,exp_cycles_indvary3_step5_batch_yyy06.pl,w7,no,0.29,no,corr,0.0,None,None,None,yes
6458,exp_cycles_indvary3_step5_batch_yyy06.pl,v7,no,0.22,no,corr,0.0,None,None,None,yes
6459,exp_cycles_indvary3_step5_batch_yyy06.pl,w2,no,0.24,no,corr,0.0,None,None,None,no
6460,exp_cycles_indvary3_step5_batch_yyy06.pl,u1,no,60.24,no,corr,10.0,None,None,None,no
6461,exp_cycles_indvary3_step5_batch_yyy07.pl,p4,no,3.76,no,corr,10.0,None,None,None,no
6462,exp_cycles_indvary3_step5_batch_yyy07.pl,t3,no,26.45,no,corr,11.0,None,None,None,no
6463,exp_cycles_indvary3_step5_batch_yyy07.pl,f5,no,0.29,no,corr,0.0,None,None,None,yes
6464,exp_cycles_indvary3_step5_batch_yyy07.pl,e4,no,0.33,no,corr,0.0,None,None,None,yes
6465,exp_cycles_indvary3_step5_batch_yyy07.pl,e3,no,0.26,no,corr,0.0,None,None,None,yes
6466,exp_cycles_indvary3_step5_batch_yyy07.pl,r1,no,0.18,no,corr,0.0,None,None,None,yes
6467,exp_cycles_indvary3_step5_batch_yyy07.pl,z3,no,111.52,no,corr,11.0,None,None,None,no
6468,exp_cycles_indvary3_step5_batch_yyy07.pl,y6,no,0.76,no,corr,0.0,None,None,None,yes
6469,exp_cycles_indvary3_step5_batch_yyy07.pl,c5,no,0.21,no,corr,0.0,None,None,None,yes
6470,exp_cycles_indvary3_step5_batch_yyy07.pl,a5,no,0.26,no,corr,0.0,None,None,None,yes
6471,exp_cycles_indvary3_step5_batch_yyy08.pl,a6,no,0.24,no,corr,0.0,None,None,None,yes
6472,exp_cycles_indvary3_step5_batch_yyy08.pl,v6,no,0.38,no,corr,0.0,None,None,None,yes
6473,exp_cycles_indvary3_step5_batch_yyy08.pl,u4,no,0.34,no,corr,0.0,None,None,None,yes
6474,exp_cycles_indvary3_step5_batch_yyy08.pl,c2,yes,0.29,yes,corr,1.0,None,None,None,no
6475,exp_cycles_indvary3_step5_batch_yyy08.pl,f3,no,0.36,no,corr,0.0,None,None,None,yes
6476,exp_cycles_indvary3_step5_batch_yyy08.pl,r4,no,0.5,no,corr,0.0,None,None,None,yes
6477,exp_cycles_indvary3_step5_batch_yyy08.pl,r1,no,0.73,no,corr,0.0,None,None,None,yes
6478,exp_cycles_indvary3_step5_batch_yyy08.pl,a3,yes,0.3,yes,corr,1.0,None,None,None,no
6479,exp_cycles_indvary3_step5_batch_yyy08.pl,a1,no,0.22,no,corr,1.0,None,None,None,no
6480,exp_cycles_indvary3_step5_batch_yyy08.pl,v3,no,0.23,no,corr,0.0,None,None,None,no
6481,exp_cycles_indvary3_step5_batch_yyy09.pl,d5,no,0.33,no,corr,0.0,None,None,None,yes
6482,exp_cycles_indvary3_step5_batch_yyy09.pl,v2,no,0.33,no,corr,0.0,None,None,None,yes
6483,exp_cycles_indvary3_step5_batch_yyy09.pl,x3,no,0.37,no,corr,0.0,None,None,None,yes
6484,exp_cycles_indvary3_step5_batch_yyy09.pl,x7,no,0.66,no,corr,0.0,None,None,None,yes
6485,exp_cycles_indvary3_step5_batch_yyy09.pl,z4,no,0.23,no,corr,0.0,None,None,None,yes
6486,exp_cycles_indvary3_step5_batch_yyy09.pl,p3,no,0.5,no,corr,0.0,None,None,None,yes
6487,exp_cycles_indvary3_step5_batch_yyy09.pl,z2,no,0.22,no,corr,0.0,None,None,None,yes
6488,exp_cycles_indvary3_step5_batch_yyy09.pl,u3,no,0.26,no,corr,0.0,None,None,None,yes
6489,exp_cycles_indvary3_step5_batch_yyy09.pl,p2,no,449.17,no,corr,13.0,None,None,None,no
6490,exp_cycles_indvary3_step5_batch_yyy09.pl,r2,,600.0,no,TIMEOUT,,,,,no
6491,exp_cycles_indvary3_step5_batch_yyy10.pl,v2,no,3.77,no,corr,11.0,None,None,None,no
6492,exp_cycles_indvary3_step5_batch_yyy10.pl,u1,no,0.17,no,corr,0.0,None,None,None,yes
6493,exp_cycles_indvary3_step5_batch_yyy10.pl,u5,no,0.25,no,corr,0.0,None,None,None,yes
6494,exp_cycles_indvary3_step5_batch_yyy10.pl,d5,no,0.2,no,corr,0.0,None,None,None,yes
6495,exp_cycles_indvary3_step5_batch_yyy10.pl,s6,no,0.27,no,corr,0.0,None,None,None,yes
6496,exp_cycles_indvary3_step5_batch_yyy10.pl,b5,no,0.24,no,corr,0.0,None,None,None,yes
6497,exp_cycles_indvary3_step5_batch_yyy10.pl,s1,no,0.19,no,corr,0.0,None,None,None,yes
6498,exp_cycles_indvary3_step5_batch_yyy10.pl,r1,no,0.26,no,corr,0.0,None,None,None,yes
6499,exp_cycles_indvary3_step5_batch_yyy10.pl,r3,,600.0,no,TIMEOUT,,,,,no
6500,exp_cycles_indvary3_step5_batch_yyy10.pl,d1,yes,0.42,yes,corr,1.0,None,None,None,no
6501,exp_cycles_indvary3_step6_batch_yyy01.pl,u5,no,0.59,no,corr,0.0,None,None,None,yes
6502,exp_cycles_indvary3_step6_batch_yyy01.pl,z6,no,0.48,no,corr,0.0,None,None,None,yes
6503,exp_cycles_indvary3_step6_batch_yyy01.pl,u7,no,0.28,no,corr,0.0,None,None,None,yes
6504,exp_cycles_indvary3_step6_batch_yyy01.pl,t3,no,0.56,no,corr,0.0,None,None,None,yes
6505,exp_cycles_indvary3_step6_batch_yyy01.pl,z2,no,0.33,no,corr,0.0,None,None,None,yes
6506,exp_cycles_indvary3_step6_batch_yyy01.pl,r4,no,0.34,no,corr,0.0,None,None,None,yes
6507,exp_cycles_indvary3_step6_batch_yyy01.pl,p2,no,0.4,no,corr,0.0,None,None,None,yes
6508,exp_cycles_indvary3_step6_batch_yyy01.pl,b6,no,0.72,no,corr,0.0,None,None,None,yes
6509,exp_cycles_indvary3_step6_batch_yyy01.pl,q1,no,0.34,no,corr,0.0,None,None,None,yes
6510,exp_cycles_indvary3_step6_batch_yyy01.pl,f2,no,0.39,no,corr,4.0,None,None,None,no
6511,exp_cycles_indvary3_step6_batch_yyy02.pl,w7,no,0.46,no,corr,0.0,None,None,None,yes
6512,exp_cycles_indvary3_step6_batch_yyy02.pl,d4,no,0.34,no,corr,0.0,None,None,None,yes
6513,exp_cycles_indvary3_step6_batch_yyy02.pl,e5,no,0.26,no,corr,0.0,None,None,None,yes
6514,exp_cycles_indvary3_step6_batch_yyy02.pl,d3,no,0.25,no,corr,0.0,None,None,None,yes
6515,exp_cycles_indvary3_step6_batch_yyy02.pl,v4,no,0.23,no,corr,0.0,None,None,None,yes
6516,exp_cycles_indvary3_step6_batch_yyy02.pl,r1,no,0.24,no,corr,0.0,None,None,None,yes
6517,exp_cycles_indvary3_step6_batch_yyy02.pl,p2,no,0.47,no,corr,0.0,None,None,None,no
6518,exp_cycles_indvary3_step6_batch_yyy02.pl,x6,no,0.4,no,corr,0.0,None,None,None,yes
6519,exp_cycles_indvary3_step6_batch_yyy02.pl,a1,yes,0.6,yes,corr,0.0,None,None,None,no
6520,exp_cycles_indvary3_step6_batch_yyy02.pl,f2,yes,0.47,yes,corr,1.0,None,None,None,no
6521,exp_cycles_indvary3_step6_batch_yyy03.pl,u6,no,0.44,no,corr,0.0,None,None,None,yes
6522,exp_cycles_indvary3_step6_batch_yyy03.pl,t4,no,0.38,no,corr,0.0,None,None,None,yes
6523,exp_cycles_indvary3_step6_batch_yyy03.pl,v6,no,0.36,no,corr,0.0,None,None,None,yes
6524,exp_cycles_indvary3_step6_batch_yyy03.pl,d3,no,0.39,no,corr,0.0,None,None,None,yes
6525,exp_cycles_indvary3_step6_batch_yyy03.pl,x7,no,0.22,no,corr,0.0,None,None,None,yes
6526,exp_cycles_indvary3_step6_batch_yyy03.pl,f5,no,0.26,no,corr,0.0,None,None,None,yes
6527,exp_cycles_indvary3_step6_batch_yyy03.pl,e3,no,0.21,no,corr,0.0,None,None,None,yes
6528,exp_cycles_indvary3_step6_batch_yyy03.pl,q1,no,0.23,no,corr,1.0,None,None,None,no
6529,exp_cycles_indvary3_step6_batch_yyy03.pl,f4,no,0.31,no,corr,0.0,None,None,None,yes
6530,exp_cycles_indvary3_step6_batch_yyy03.pl,z3,no,0.55,no,corr,3.0,None,None,None,no
6531,exp_cycles_indvary3_step6_batch_yyy04.pl,b3,no,32.3,no,corr,11.0,None,None,None,no
6532,exp_cycles_indvary3_step6_batch_yyy04.pl,w2,no,98.18,no,corr,10.0,None,None,None,no
6533,exp_cycles_indvary3_step6_batch_yyy04.pl,u7,no,0.52,no,corr,0.0,None,None,None,yes
6534,exp_cycles_indvary3_step6_batch_yyy04.pl,b1,yes,0.25,yes,corr,0.0,None,None,None,no
6535,exp_cycles_indvary3_step6_batch_yyy04.pl,f5,no,0.3,no,corr,0.0,None,None,None,yes
6536,exp_cycles_indvary3_step6_batch_yyy04.pl,r5,no,0.35,no,corr,0.0,None,None,None,yes
6537,exp_cycles_indvary3_step6_batch_yyy04.pl,p3,no,0.53,no,corr,0.0,None,None,None,yes
6538,exp_cycles_indvary3_step6_batch_yyy04.pl,v4,no,0.42,no,corr,0.0,None,None,None,yes
6539,exp_cycles_indvary3_step6_batch_yyy04.pl,s1,no,0.45,no,corr,0.0,None,None,None,yes
6540,exp_cycles_indvary3_step6_batch_yyy04.pl,q1,no,0.43,no,corr,0.0,None,None,None,yes
6541,exp_cycles_indvary3_step6_batch_yyy05.pl,d5,no,0.22,no,corr,0.0,None,None,None,yes
6542,exp_cycles_indvary3_step6_batch_yyy05.pl,w5,no,0.22,no,corr,0.0,None,None,None,yes
6543,exp_cycles_indvary3_step6_batch_yyy05.pl,p2,no,0.22,no,corr,0.0,None,None,None,yes
6544,exp_cycles_indvary3_step6_batch_yyy05.pl,f4,no,0.27,no,corr,0.0,None,None,None,yes
6545,exp_cycles_indvary3_step6_batch_yyy05.pl,r6,no,0.25,no,corr,0.0,None,None,None,yes
6546,exp_cycles_indvary3_step6_batch_yyy05.pl,f1,no,1.99,no,corr,11.0,None,None,None,no
6547,exp_cycles_indvary3_step6_batch_yyy05.pl,x7,no,0.36,no,corr,0.0,None,None,None,yes
6548,exp_cycles_indvary3_step6_batch_yyy05.pl,q4,no,0.45,no,corr,0.0,None,None,None,no
6549,exp_cycles_indvary3_step6_batch_yyy05.pl,s6,no,0.29,no,corr,0.0,None,None,None,yes
6550,exp_cycles_indvary3_step6_batch_yyy05.pl,b5,no,0.2,no,corr,0.0,None,None,None,yes
6551,exp_cycles_indvary3_step6_batch_yyy06.pl,d5,no,0.37,no,corr,0.0,None,None,None,yes
6552,exp_cycles_indvary3_step6_batch_yyy06.pl,r6,no,0.36,no,corr,0.0,None,None,None,yes
6553,exp_cycles_indvary3_step6_batch_yyy06.pl,t3,no,26.85,no,corr,11.0,None,None,None,no
6554,exp_cycles_indvary3_step6_batch_yyy06.pl,t7,no,0.51,no,corr,0.0,None,None,None,yes
6555,exp_cycles_indvary3_step6_batch_yyy06.pl,p2,no,49.13,no,corr,12.0,None,None,None,no
6556,exp_cycles_indvary3_step6_batch_yyy06.pl,a3,yes,0.28,yes,corr,4.0,None,None,None,no
6557,exp_cycles_indvary3_step6_batch_yyy06.pl,e2,yes,0.41,yes,corr,0.0,None,None,None,no
6558,exp_cycles_indvary3_step6_batch_yyy06.pl,w3,no,0.34,no,corr,0.0,None,None,None,yes
6559,exp_cycles_indvary3_step6_batch_yyy06.pl,r5,no,0.57,no,corr,0.0,None,None,None,yes
6560,exp_cycles_indvary3_step6_batch_yyy06.pl,e4,no,0.25,no,corr,0.0,None,None,None,yes
6561,exp_cycles_indvary3_step6_batch_yyy07.pl,u5,no,0.31,no,corr,0.0,None,None,None,yes
6562,exp_cycles_indvary3_step6_batch_yyy07.pl,s3,no,0.46,no,corr,0.0,None,None,None,yes
6563,exp_cycles_indvary3_step6_batch_yyy07.pl,b2,yes,0.17,yes,corr,1.0,None,None,None,no
6564,exp_cycles_indvary3_step6_batch_yyy07.pl,r6,no,0.37,no,corr,0.0,None,None,None,yes
6565,exp_cycles_indvary3_step6_batch_yyy07.pl,c5,no,0.23,no,corr,0.0,None,None,None,yes
6566,exp_cycles_indvary3_step6_batch_yyy07.pl,w6,no,0.53,no,corr,0.0,None,None,None,yes
6567,exp_cycles_indvary3_step6_batch_yyy07.pl,p2,no,0.36,no,corr,0.0,None,None,None,no
6568,exp_cycles_indvary3_step6_batch_yyy07.pl,x1,no,4.24,no,corr,7.0,None,None,None,no
6569,exp_cycles_indvary3_step6_batch_yyy07.pl,r2,no,0.39,no,corr,0.0,None,None,None,yes
6570,exp_cycles_indvary3_step6_batch_yyy07.pl,f2,yes,0.4,yes,corr,0.0,None,None,None,no
6571,exp_cycles_indvary3_step6_batch_yyy08.pl,t4,no,0.38,no,corr,0.0,None,None,None,yes
6572,exp_cycles_indvary3_step6_batch_yyy08.pl,p4,no,0.4,no,corr,0.0,None,None,None,yes
6573,exp_cycles_indvary3_step6_batch_yyy08.pl,d3,no,0.49,no,corr,0.0,None,None,None,yes
6574,exp_cycles_indvary3_step6_batch_yyy08.pl,t3,no,0.21,no,corr,0.0,None,None,None,yes
6575,exp_cycles_indvary3_step6_batch_yyy08.pl,c5,no,0.22,no,corr,0.0,None,None,None,yes
6576,exp_cycles_indvary3_step6_batch_yyy08.pl,r5,no,0.19,no,corr,0.0,None,None,None,yes
6577,exp_cycles_indvary3_step6_batch_yyy08.pl,a3,yes,0.28,yes,corr,1.0,None,None,None,no
6578,exp_cycles_indvary3_step6_batch_yyy08.pl,w3,no,329.86,no,corr,12.0,None,None,None,no
6579,exp_cycles_indvary3_step6_batch_yyy08.pl,c1,yes,0.37,yes,corr,0.0,None,None,None,no
6580,exp_cycles_indvary3_step6_batch_yyy08.pl,z2,no,0.2,no,corr,0.0,None,None,None,no
6581,exp_cycles_indvary3_step6_batch_yyy09.pl,w1,no,0.31,no,corr,0.0,None,None,None,yes
6582,exp_cycles_indvary3_step6_batch_yyy09.pl,e3,no,0.51,no,corr,0.0,None,None,None,yes
6583,exp_cycles_indvary3_step6_batch_yyy09.pl,v3,no,4.39,no,corr,9.0,None,None,None,no
6584,exp_cycles_indvary3_step6_batch_yyy09.pl,a2,yes,0.47,yes,corr,1.0,None,None,None,no
6585,exp_cycles_indvary3_step6_batch_yyy09.pl,s2,no,387.34,no,corr,11.0,None,None,None,no
6586,exp_cycles_indvary3_step6_batch_yyy09.pl,z1,no,251.87,no,corr,11.0,None,None,None,no
6587,exp_cycles_indvary3_step6_batch_yyy09.pl,t6,no,0.36,no,corr,0.0,None,None,None,yes
6588,exp_cycles_indvary3_step6_batch_yyy09.pl,a5,no,0.44,no,corr,0.0,None,None,None,yes
6589,exp_cycles_indvary3_step6_batch_yyy09.pl,s7,no,0.41,no,corr,0.0,None,None,None,yes
6590,exp_cycles_indvary3_step6_batch_yyy09.pl,b6,no,0.18,no,corr,0.0,None,None,None,yes
6591,exp_cycles_indvary3_step6_batch_yyy10.pl,z6,no,0.23,no,corr,0.0,None,None,None,yes
6592,exp_cycles_indvary3_step6_batch_yyy10.pl,w7,no,0.3,no,corr,0.0,None,None,None,yes
6593,exp_cycles_indvary3_step6_batch_yyy10.pl,q6,no,0.51,no,corr,0.0,None,None,None,yes
6594,exp_cycles_indvary3_step6_batch_yyy10.pl,d4,no,0.22,no,corr,0.0,None,None,None,yes
6595,exp_cycles_indvary3_step6_batch_yyy10.pl,v4,no,0.34,no,corr,0.0,None,None,None,yes
6596,exp_cycles_indvary3_step6_batch_yyy10.pl,a2,no,0.5,no,corr,3.0,None,None,None,no
6597,exp_cycles_indvary3_step6_batch_yyy10.pl,f2,yes,0.36,yes,corr,1.0,None,None,None,no
6598,exp_cycles_indvary3_step6_batch_yyy10.pl,r3,no,0.35,no,corr,0.0,None,None,None,no
6599,exp_cycles_indvary3_step6_batch_yyy10.pl,d1,no,0.36,no,corr,1.0,None,None,None,no
6600,exp_cycles_indvary3_step6_batch_yyy10.pl,t1,no,6.89,no,corr,12.0,None,None,None,no
6601,exp_cycles_indvary3_step7_batch_yyy01.pl,c3,yes,0.37,yes,corr,0.0,None,None,None,no
6602,exp_cycles_indvary3_step7_batch_yyy01.pl,u4,no,0.24,no,corr,0.0,None,None,None,yes
6603,exp_cycles_indvary3_step7_batch_yyy01.pl,c1,yes,0.27,yes,corr,1.0,None,None,None,no
6604,exp_cycles_indvary3_step7_batch_yyy01.pl,q3,no,0.38,no,corr,0.0,None,None,None,yes
6605,exp_cycles_indvary3_step7_batch_yyy01.pl,r2,no,270.12,no,corr,13.0,None,None,None,no
6606,exp_cycles_indvary3_step7_batch_yyy01.pl,p6,no,0.39,no,corr,0.0,None,None,None,yes
6607,exp_cycles_indvary3_step7_batch_yyy01.pl,p5,no,0.24,no,corr,0.0,None,None,None,yes
6608,exp_cycles_indvary3_step7_batch_yyy01.pl,x3,,600.0,no,TIMEOUT,,,,,no
6609,exp_cycles_indvary3_step7_batch_yyy01.pl,y1,no,0.23,no,corr,0.0,None,None,None,yes
6610,exp_cycles_indvary3_step7_batch_yyy01.pl,d2,yes,0.23,yes,corr,1.0,None,None,None,no
6611,exp_cycles_indvary3_step7_batch_yyy02.pl,t5,no,0.22,no,corr,0.0,None,None,None,yes
6612,exp_cycles_indvary3_step7_batch_yyy02.pl,u7,no,0.3,no,corr,0.0,None,None,None,yes
6613,exp_cycles_indvary3_step7_batch_yyy02.pl,s5,no,0.27,no,corr,0.0,None,None,None,yes
6614,exp_cycles_indvary3_step7_batch_yyy02.pl,f5,no,0.36,no,corr,0.0,None,None,None,yes
6615,exp_cycles_indvary3_step7_batch_yyy02.pl,w1,no,0.92,no,corr,6.0,None,None,None,no
6616,exp_cycles_indvary3_step7_batch_yyy02.pl,f3,no,0.29,no,corr,0.0,None,None,None,yes
6617,exp_cycles_indvary3_step7_batch_yyy02.pl,x5,no,0.23,no,corr,0.0,None,None,None,yes
6618,exp_cycles_indvary3_step7_batch_yyy02.pl,x1,no,0.23,no,corr,0.0,None,None,None,yes
6619,exp_cycles_indvary3_step7_batch_yyy02.pl,r2,no,0.19,no,corr,0.0,None,None,None,yes
6620,exp_cycles_indvary3_step7_batch_yyy02.pl,w3,no,8.22,no,corr,7.0,None,None,None,no
6621,exp_cycles_indvary3_step7_batch_yyy03.pl,q6,no,0.51,no,corr,0.0,None,None,None,yes
6622,exp_cycles_indvary3_step7_batch_yyy03.pl,p5,no,0.27,no,corr,0.0,None,None,None,yes
6623,exp_cycles_indvary3_step7_batch_yyy03.pl,v5,no,0.3,no,corr,0.0,None,None,None,yes
6624,exp_cycles_indvary3_step7_batch_yyy03.pl,b1,yes,0.2,yes,corr,0.0,None,None,None,no
6625,exp_cycles_indvary3_step7_batch_yyy03.pl,y1,no,0.29,no,corr,0.0,None,None,None,no
6626,exp_cycles_indvary3_step7_batch_yyy03.pl,t1,no,0.32,no,corr,0.0,None,None,None,yes
6627,exp_cycles_indvary3_step7_batch_yyy03.pl,v6,no,0.31,no,corr,0.0,None,None,None,yes
6628,exp_cycles_indvary3_step7_batch_yyy03.pl,r6,no,0.45,no,corr,0.0,None,None,None,yes
6629,exp_cycles_indvary3_step7_batch_yyy03.pl,x4,no,0.42,no,corr,0.0,None,None,None,yes
6630,exp_cycles_indvary3_step7_batch_yyy03.pl,w3,no,0.44,no,corr,0.0,None,None,None,no
6631,exp_cycles_indvary3_step7_batch_yyy04.pl,u5,no,0.37,no,corr,0.0,None,None,None,yes
6632,exp_cycles_indvary3_step7_batch_yyy04.pl,w7,no,0.25,no,corr,0.0,None,None,None,yes
6633,exp_cycles_indvary3_step7_batch_yyy04.pl,w4,no,0.18,no,corr,0.0,None,None,None,yes
6634,exp_cycles_indvary3_step7_batch_yyy04.pl,s6,no,0.21,no,corr,0.0,None,None,None,yes
6635,exp_cycles_indvary3_step7_batch_yyy04.pl,p1,no,2.52,no,corr,9.0,None,None,None,no
6636,exp_cycles_indvary3_step7_batch_yyy04.pl,q2,no,2.87,no,corr,9.0,None,None,None,no
6637,exp_cycles_indvary3_step7_batch_yyy04.pl,z5,no,0.32,no,corr,0.0,None,None,None,yes
6638,exp_cycles_indvary3_step7_batch_yyy04.pl,e1,yes,0.23,yes,corr,1.0,None,None,None,no
6639,exp_cycles_indvary3_step7_batch_yyy04.pl,a4,no,0.29,no,corr,0.0,None,None,None,yes
6640,exp_cycles_indvary3_step7_batch_yyy04.pl,x2,no,0.34,no,corr,0.0,None,None,None,no
6641,exp_cycles_indvary3_step7_batch_yyy05.pl,b3,,600.0,no,TIMEOUT,,,,,no
6642,exp_cycles_indvary3_step7_batch_yyy05.pl,f1,yes,0.47,yes,corr,1.0,None,None,None,no
6643,exp_cycles_indvary3_step7_batch_yyy05.pl,p3,no,0.34,no,corr,0.0,None,None,None,yes
6644,exp_cycles_indvary3_step7_batch_yyy05.pl,z3,,600.0,no,TIMEOUT,,,,,no
6645,exp_cycles_indvary3_step7_batch_yyy05.pl,q3,,600.0,no,TIMEOUT,,,,,no
6646,exp_cycles_indvary3_step7_batch_yyy05.pl,e2,,600.0,no,TIMEOUT,,,,,no
6647,exp_cycles_indvary3_step7_batch_yyy05.pl,s1,no,0.48,no,corr,0.0,None,None,None,no
6648,exp_cycles_indvary3_step7_batch_yyy05.pl,d2,yes,0.21,yes,corr,1.0,None,None,None,no
6649,exp_cycles_indvary3_step7_batch_yyy05.pl,q7,no,0.27,no,corr,0.0,None,None,None,yes
6650,exp_cycles_indvary3_step7_batch_yyy05.pl,y6,no,0.31,no,corr,0.0,None,None,None,yes
6651,exp_cycles_indvary3_step7_batch_yyy06.pl,u5,no,0.29,no,corr,0.0,None,None,None,yes
6652,exp_cycles_indvary3_step7_batch_yyy06.pl,w7,no,0.27,no,corr,0.0,None,None,None,yes
6653,exp_cycles_indvary3_step7_batch_yyy06.pl,u7,no,0.19,no,corr,0.0,None,None,None,yes
6654,exp_cycles_indvary3_step7_batch_yyy06.pl,q4,no,0.19,no,corr,0.0,None,None,None,no
6655,exp_cycles_indvary3_step7_batch_yyy06.pl,x2,no,0.19,no,corr,0.0,None,None,None,yes
6656,exp_cycles_indvary3_step7_batch_yyy06.pl,t1,no,0.15,no,corr,0.0,None,None,None,yes
6657,exp_cycles_indvary3_step7_batch_yyy06.pl,p6,no,0.22,no,corr,0.0,None,None,None,yes
6658,exp_cycles_indvary3_step7_batch_yyy06.pl,y1,,600.0,no,TIMEOUT,,,,,no
6659,exp_cycles_indvary3_step7_batch_yyy06.pl,s1,,600.0,no,TIMEOUT,,,,,no
6660,exp_cycles_indvary3_step7_batch_yyy06.pl,r1,no,0.2,no,corr,0.0,None,None,None,no
6661,exp_cycles_indvary3_step7_batch_yyy07.pl,t4,no,0.41,no,corr,0.0,None,None,None,yes
6662,exp_cycles_indvary3_step7_batch_yyy07.pl,s4,no,0.22,no,corr,0.0,None,None,None,yes
6663,exp_cycles_indvary3_step7_batch_yyy07.pl,p4,no,40.51,no,corr,12.0,None,None,None,no
6664,exp_cycles_indvary3_step7_batch_yyy07.pl,u1,no,366.12,no,corr,11.0,None,None,None,no
6665,exp_cycles_indvary3_step7_batch_yyy07.pl,b1,yes,0.18,yes,corr,0.0,None,None,None,no
6666,exp_cycles_indvary3_step7_batch_yyy07.pl,v1,no,136.05,no,corr,11.0,None,None,None,no
6667,exp_cycles_indvary3_step7_batch_yyy07.pl,v4,no,0.47,no,corr,0.0,None,None,None,yes
6668,exp_cycles_indvary3_step7_batch_yyy07.pl,v3,no,2.21,no,corr,10.0,None,None,None,no
6669,exp_cycles_indvary3_step7_batch_yyy07.pl,d1,yes,0.34,yes,corr,1.0,None,None,None,no
6670,exp_cycles_indvary3_step7_batch_yyy07.pl,f2,no,189.61,no,corr,12.0,None,None,None,no
6671,exp_cycles_indvary3_step7_batch_yyy08.pl,d5,no,0.24,no,corr,0.0,None,None,None,yes
6672,exp_cycles_indvary3_step7_batch_yyy08.pl,y4,no,0.15,no,corr,0.0,None,None,None,yes
6673,exp_cycles_indvary3_step7_batch_yyy08.pl,v2,no,0.18,no,corr,0.0,None,None,None,yes
6674,exp_cycles_indvary3_step7_batch_yyy08.pl,p7,no,0.21,no,corr,0.0,None,None,None,yes
6675,exp_cycles_indvary3_step7_batch_yyy08.pl,v6,no,0.21,no,corr,0.0,None,None,None,yes
6676,exp_cycles_indvary3_step7_batch_yyy08.pl,c2,yes,0.24,yes,corr,1.0,None,None,None,no
6677,exp_cycles_indvary3_step7_batch_yyy08.pl,z2,no,0.24,no,corr,0.0,None,None,None,no
6678,exp_cycles_indvary3_step7_batch_yyy08.pl,e3,no,0.2,no,corr,0.0,None,None,None,yes
6679,exp_cycles_indvary3_step7_batch_yyy08.pl,u2,no,0.53,no,corr,7.0,None,None,None,no
6680,exp_cycles_indvary3_step7_batch_yyy08.pl,p6,no,0.2,no,corr,0.0,None,None,None,yes
6681,exp_cycles_indvary3_step7_batch_yyy09.pl,s5,no,0.24,no,corr,0.0,None,None,None,yes
6682,exp_cycles_indvary3_step7_batch_yyy09.pl,t6,no,0.26,no,corr,0.0,None,None,None,yes
6683,exp_cycles_indvary3_step7_batch_yyy09.pl,q4,no,0.22,no,corr,4.0,None,None,None,no
6684,exp_cycles_indvary3_step7_batch_yyy09.pl,y3,,600.0,no,TIMEOUT,,,,,no
6685,exp_cycles_indvary3_step7_batch_yyy09.pl,f4,no,0.84,no,corr,0.0,None,None,None,yes
6686,exp_cycles_indvary3_step7_batch_yyy09.pl,s7,no,0.23,no,corr,0.0,None,None,None,yes
6687,exp_cycles_indvary3_step7_batch_yyy09.pl,v3,,600.0,no,TIMEOUT,,,,,no
6688,exp_cycles_indvary3_step7_batch_yyy09.pl,t1,no,0.52,no,corr,1.0,None,None,None,no
6689,exp_cycles_indvary3_step7_batch_yyy09.pl,c1,yes,0.35,yes,corr,1.0,None,None,None,no
6690,exp_cycles_indvary3_step7_batch_yyy09.pl,b5,no,0.4,no,corr,0.0,None,None,None,yes
6691,exp_cycles_indvary3_step7_batch_yyy10.pl,u5,no,0.32,no,corr,0.0,None,None,None,yes
6692,exp_cycles_indvary3_step7_batch_yyy10.pl,c3,yes,0.35,yes,corr,0.0,None,None,None,no
6693,exp_cycles_indvary3_step7_batch_yyy10.pl,a6,no,0.43,no,corr,0.0,None,None,None,yes
6694,exp_cycles_indvary3_step7_batch_yyy10.pl,b4,no,0.32,no,corr,0.0,None,None,None,yes
6695,exp_cycles_indvary3_step7_batch_yyy10.pl,t2,no,0.36,no,corr,0.0,None,None,None,yes
6696,exp_cycles_indvary3_step7_batch_yyy10.pl,r2,no,0.28,no,corr,0.0,None,None,None,yes
6697,exp_cycles_indvary3_step7_batch_yyy10.pl,p4,no,0.18,no,corr,0.0,None,None,None,yes
6698,exp_cycles_indvary3_step7_batch_yyy10.pl,x3,no,0.23,no,corr,0.0,None,None,None,yes
6699,exp_cycles_indvary3_step7_batch_yyy10.pl,d3,no,0.21,no,corr,0.0,None,None,None,yes
6700,exp_cycles_indvary3_step7_batch_yyy10.pl,u4,no,0.3,no,corr,0.0,None,None,None,yes
6701,exp_cycles_indvary3_step8_batch_yyy01.pl,b3,yes,0.27,yes,corr,1.0,None,None,None,no
6702,exp_cycles_indvary3_step8_batch_yyy01.pl,d3,no,0.16,no,corr,0.0,None,None,None,yes
6703,exp_cycles_indvary3_step8_batch_yyy01.pl,u7,no,0.21,no,corr,0.0,None,None,None,yes
6704,exp_cycles_indvary3_step8_batch_yyy01.pl,s2,no,0.23,no,corr,0.0,None,None,None,yes
6705,exp_cycles_indvary3_step8_batch_yyy01.pl,x2,no,0.45,no,corr,0.0,None,None,None,yes
6706,exp_cycles_indvary3_step8_batch_yyy01.pl,s6,no,0.29,no,corr,0.0,None,None,None,yes
6707,exp_cycles_indvary3_step8_batch_yyy01.pl,s1,no,0.23,no,corr,0.0,None,None,None,yes
6708,exp_cycles_indvary3_step8_batch_yyy01.pl,y6,no,0.21,no,corr,0.0,None,None,None,yes
6709,exp_cycles_indvary3_step8_batch_yyy01.pl,s7,no,0.24,no,corr,0.0,None,None,None,yes
6710,exp_cycles_indvary3_step8_batch_yyy01.pl,r7,no,0.24,no,corr,0.0,None,None,None,yes
6711,exp_cycles_indvary3_step8_batch_yyy02.pl,c3,yes,0.22,yes,corr,0.0,None,None,None,no
6712,exp_cycles_indvary3_step8_batch_yyy02.pl,z6,no,0.23,no,corr,0.0,None,None,None,yes
6713,exp_cycles_indvary3_step8_batch_yyy02.pl,v6,no,0.22,no,corr,0.0,None,None,None,yes
6714,exp_cycles_indvary3_step8_batch_yyy02.pl,q5,no,0.25,no,corr,0.0,None,None,None,yes
6715,exp_cycles_indvary3_step8_batch_yyy02.pl,z1,no,0.65,no,corr,3.0,None,None,None,no
6716,exp_cycles_indvary3_step8_batch_yyy02.pl,f3,no,0.18,no,corr,0.0,None,None,None,yes
6717,exp_cycles_indvary3_step8_batch_yyy02.pl,a3,yes,0.21,yes,corr,1.0,None,None,None,no
6718,exp_cycles_indvary3_step8_batch_yyy02.pl,f2,yes,0.26,yes,corr,1.0,None,None,None,no
6719,exp_cycles_indvary3_step8_batch_yyy02.pl,y1,no,0.39,no,corr,0.0,None,None,None,no
6720,exp_cycles_indvary3_step8_batch_yyy02.pl,r1,no,0.98,no,corr,7.0,None,None,None,no
6721,exp_cycles_indvary3_step8_batch_yyy03.pl,z6,no,0.22,no,corr,0.0,None,None,None,yes
6722,exp_cycles_indvary3_step8_batch_yyy03.pl,u4,no,0.16,no,corr,0.0,None,None,None,yes
6723,exp_cycles_indvary3_step8_batch_yyy03.pl,w5,no,0.41,no,corr,0.0,None,None,None,yes
6724,exp_cycles_indvary3_step8_batch_yyy03.pl,x7,no,0.18,no,corr,0.0,None,None,None,yes
6725,exp_cycles_indvary3_step8_batch_yyy03.pl,w4,no,0.29,no,corr,0.0,None,None,None,yes
6726,exp_cycles_indvary3_step8_batch_yyy03.pl,r4,no,0.42,no,corr,0.0,None,None,None,yes
6727,exp_cycles_indvary3_step8_batch_yyy03.pl,s7,no,0.32,no,corr,0.0,None,None,None,yes
6728,exp_cycles_indvary3_step8_batch_yyy03.pl,u2,no,0.55,no,corr,0.0,None,None,None,no
6729,exp_cycles_indvary3_step8_batch_yyy03.pl,q7,no,0.59,no,corr,0.0,None,None,None,yes
6730,exp_cycles_indvary3_step8_batch_yyy03.pl,p6,no,0.21,no,corr,0.0,None,None,None,yes
6731,exp_cycles_indvary3_step8_batch_yyy04.pl,w7,no,0.25,no,corr,0.0,None,None,None,yes
6732,exp_cycles_indvary3_step8_batch_yyy04.pl,e1,yes,0.25,yes,corr,0.0,None,None,None,no
6733,exp_cycles_indvary3_step8_batch_yyy04.pl,u4,no,0.26,no,corr,0.0,None,None,None,yes
6734,exp_cycles_indvary3_step8_batch_yyy04.pl,s5,no,0.42,no,corr,0.0,None,None,None,yes
6735,exp_cycles_indvary3_step8_batch_yyy04.pl,s6,no,0.37,no,corr,0.0,None,None,None,yes
6736,exp_cycles_indvary3_step8_batch_yyy04.pl,p1,no,0.21,no,corr,0.0,None,None,None,yes
6737,exp_cycles_indvary3_step8_batch_yyy04.pl,z1,no,0.46,no,corr,0.0,None,None,None,yes
6738,exp_cycles_indvary3_step8_batch_yyy04.pl,a5,no,0.23,no,corr,0.0,None,None,None,yes
6739,exp_cycles_indvary3_step8_batch_yyy04.pl,u3,no,15.97,no,corr,10.0,None,None,None,no
6740,exp_cycles_indvary3_step8_batch_yyy04.pl,v4,no,0.24,no,corr,0.0,None,None,None,yes
6741,exp_cycles_indvary3_step8_batch_yyy05.pl,s3,no,0.44,no,corr,0.0,None,None,None,no
6742,exp_cycles_indvary3_step8_batch_yyy05.pl,q6,no,0.31,no,corr,0.0,None,None,None,yes
6743,exp_cycles_indvary3_step8_batch_yyy05.pl,f1,yes,0.44,yes,corr,1.0,None,None,None,no
6744,exp_cycles_indvary3_step8_batch_yyy05.pl,t6,no,0.24,no,corr,0.0,None,None,None,yes
6745,exp_cycles_indvary3_step8_batch_yyy05.pl,e4,no,0.47,no,corr,0.0,None,None,None,yes
6746,exp_cycles_indvary3_step8_batch_yyy05.pl,f3,no,0.42,no,corr,0.0,None,None,None,yes
6747,exp_cycles_indvary3_step8_batch_yyy05.pl,c6,no,0.52,no,corr,0.0,None,None,None,yes
6748,exp_cycles_indvary3_step8_batch_yyy05.pl,e3,no,0.36,no,corr,0.0,None,None,None,yes
6749,exp_cycles_indvary3_step8_batch_yyy05.pl,q7,no,0.36,no,corr,0.0,None,None,None,yes
6750,exp_cycles_indvary3_step8_batch_yyy05.pl,p6,no,0.25,no,corr,0.0,None,None,None,yes
6751,exp_cycles_indvary3_step8_batch_yyy06.pl,b2,no,0.32,no,corr,1.0,None,None,None,no
6752,exp_cycles_indvary3_step8_batch_yyy06.pl,t6,no,0.46,no,corr,0.0,None,None,None,yes
6753,exp_cycles_indvary3_step8_batch_yyy06.pl,f5,no,0.33,no,corr,0.0,None,None,None,yes
6754,exp_cycles_indvary3_step8_batch_yyy06.pl,s1,no,0.2,no,corr,0.0,None,None,None,yes
6755,exp_cycles_indvary3_step8_batch_yyy06.pl,r7,no,0.29,no,corr,0.0,None,None,None,yes
6756,exp_cycles_indvary3_step8_batch_yyy06.pl,v3,no,0.5,no,corr,0.0,None,None,None,yes
6757,exp_cycles_indvary3_step8_batch_yyy06.pl,d1,no,11.38,no,corr,11.0,None,None,None,no
6758,exp_cycles_indvary3_step8_batch_yyy06.pl,q7,no,0.19,no,corr,0.0,None,None,None,yes
6759,exp_cycles_indvary3_step8_batch_yyy06.pl,b4,no,0.48,no,corr,0.0,None,None,None,yes
6760,exp_cycles_indvary3_step8_batch_yyy06.pl,t3,no,0.28,no,corr,0.0,None,None,None,yes
6761,exp_cycles_indvary3_step8_batch_yyy07.pl,f1,yes,0.2,yes,corr,0.0,None,None,None,no
6762,exp_cycles_indvary3_step8_batch_yyy07.pl,v5,no,0.22,no,corr,0.0,None,None,None,yes
6763,exp_cycles_indvary3_step8_batch_yyy07.pl,b1,yes,0.22,yes,corr,1.0,None,None,None,no
6764,exp_cycles_indvary3_step8_batch_yyy07.pl,w1,no,0.48,no,corr,5.0,None,None,None,no
6765,exp_cycles_indvary3_step8_batch_yyy07.pl,t2,no,0.15,no,corr,0.0,None,None,None,yes
6766,exp_cycles_indvary3_step8_batch_yyy07.pl,f4,no,0.19,no,corr,0.0,None,None,None,yes
6767,exp_cycles_indvary3_step8_batch_yyy07.pl,p1,no,0.17,no,corr,0.0,None,None,None,yes
6768,exp_cycles_indvary3_step8_batch_yyy07.pl,y6,no,0.16,no,corr,0.0,None,None,None,yes
6769,exp_cycles_indvary3_step8_batch_yyy07.pl,r3,no,0.28,no,corr,6.0,None,None,None,no
6770,exp_cycles_indvary3_step8_batch_yyy07.pl,t1,no,0.21,no,corr,0.0,None,None,None,yes
6771,exp_cycles_indvary3_step8_batch_yyy08.pl,b2,yes,0.18,yes,corr,0.0,None,None,None,no
6772,exp_cycles_indvary3_step8_batch_yyy08.pl,w7,no,0.22,no,corr,0.0,None,None,None,yes
6773,exp_cycles_indvary3_step8_batch_yyy08.pl,x3,no,222.05,no,corr,11.0,None,None,None,no
6774,exp_cycles_indvary3_step8_batch_yyy08.pl,f1,yes,0.2,yes,corr,0.0,None,None,None,no
6775,exp_cycles_indvary3_step8_batch_yyy08.pl,r5,no,0.2,no,corr,0.0,None,None,None,yes
6776,exp_cycles_indvary3_step8_batch_yyy08.pl,p3,no,0.25,no,corr,6.0,None,None,None,no
6777,exp_cycles_indvary3_step8_batch_yyy08.pl,e3,no,0.24,no,corr,0.0,None,None,None,yes
6778,exp_cycles_indvary3_step8_batch_yyy08.pl,a2,yes,0.4,yes,corr,0.0,None,None,None,no
6779,exp_cycles_indvary3_step8_batch_yyy08.pl,z2,no,176.14,no,corr,12.0,None,None,None,no
6780,exp_cycles_indvary3_step8_batch_yyy08.pl,s6,no,0.38,no,corr,0.0,None,None,None,yes
6781,exp_cycles_indvary3_step8_batch_yyy09.pl,u5,no,0.19,no,corr,0.0,None,None,None,yes
6782,exp_cycles_indvary3_step8_batch_yyy09.pl,s3,no,0.32,no,corr,0.0,None,None,None,yes
6783,exp_cycles_indvary3_step8_batch_yyy09.pl,p5,no,0.31,no,corr,0.0,None,None,None,yes
6784,exp_cycles_indvary3_step8_batch_yyy09.pl,w2,no,9.7,no,corr,8.0,None,None,None,no
6785,exp_cycles_indvary3_step8_batch_yyy09.pl,e4,no,0.27,no,corr,0.0,None,None,None,yes
6786,exp_cycles_indvary3_step8_batch_yyy09.pl,w4,no,0.39,no,corr,0.0,None,None,None,yes
6787,exp_cycles_indvary3_step8_batch_yyy09.pl,x1,no,0.42,no,corr,0.0,None,None,None,no
6788,exp_cycles_indvary3_step8_batch_yyy09.pl,w3,no,0.44,no,corr,0.0,None,None,None,yes
6789,exp_cycles_indvary3_step8_batch_yyy09.pl,s7,no,0.18,no,corr,0.0,None,None,None,yes
6790,exp_cycles_indvary3_step8_batch_yyy09.pl,a1,yes,0.23,yes,corr,1.0,None,None,None,no
6791,exp_cycles_indvary3_step8_batch_yyy10.pl,d5,no,0.2,no,corr,0.0,None,None,None,yes
6792,exp_cycles_indvary3_step8_batch_yyy10.pl,z6,no,0.17,no,corr,0.0,None,None,None,yes
6793,exp_cycles_indvary3_step8_batch_yyy10.pl,x3,no,0.21,no,corr,0.0,None,None,None,yes
6794,exp_cycles_indvary3_step8_batch_yyy10.pl,e5,no,0.35,no,corr,0.0,None,None,None,yes
6795,exp_cycles_indvary3_step8_batch_yyy10.pl,q4,no,0.42,no,corr,0.0,None,None,None,no
6796,exp_cycles_indvary3_step8_batch_yyy10.pl,z4,no,0.29,no,corr,0.0,None,None,None,yes
6797,exp_cycles_indvary3_step8_batch_yyy10.pl,t7,no,0.38,no,corr,0.0,None,None,None,yes
6798,exp_cycles_indvary3_step8_batch_yyy10.pl,d2,yes,0.49,yes,corr,0.0,None,None,None,no
6799,exp_cycles_indvary3_step8_batch_yyy10.pl,x1,no,0.63,no,corr,6.0,None,None,None,no
6800,exp_cycles_indvary3_step8_batch_yyy10.pl,w3,no,147.51,no,corr,11.0,None,None,None,no
