Unnamed: 0,instance,goal,adm_result,stb_result,is_trivial
10,exp_acyclic_depvary_step10_batch_yyy02.pl,p5,no,no,yes
20,exp_acyclic_depvary_step10_batch_yyy03.pl,s3,no,no,yes
30,exp_acyclic_depvary_step10_batch_yyy04.pl,t4,no,no,yes
50,exp_acyclic_depvary_step10_batch_yyy06.pl,y4,no,no,yes
61,exp_acyclic_depvary_step10_batch_yyy07.pl,u4,no,no,yes
79,exp_acyclic_depvary_step10_batch_yyy08.pl,r5,no,no,yes
81,exp_acyclic_depvary_step10_batch_yyy09.pl,y4,no,no,yes
87,exp_acyclic_depvary_step10_batch_yyy09.pl,y1,no,no,yes
92,exp_acyclic_depvary_step10_batch_yyy10.pl,v2,no,no,yes
94,exp_acyclic_depvary_step10_batch_yyy10.pl,x2,no,no,yes
95,exp_acyclic_depvary_step10_batch_yyy10.pl,y3,no,no,yes
100,exp_acyclic_depvary_step1_batch_yyy01.pl,u5,no,no,yes
101,exp_acyclic_depvary_step1_batch_yyy01.pl,s4,no,no,yes
102,exp_acyclic_depvary_step1_batch_yyy01.pl,d3,no,no,yes
103,exp_acyclic_depvary_step1_batch_yyy01.pl,q5,no,no,yes
104,exp_acyclic_depvary_step1_batch_yyy01.pl,z4,no,no,yes
106,exp_acyclic_depvary_step1_batch_yyy01.pl,z3,no,no,yes
107,exp_acyclic_depvary_step1_batch_yyy01.pl,u2,no,no,yes
108,exp_acyclic_depvary_step1_batch_yyy01.pl,c5,no,no,yes
110,exp_acyclic_depvary_step1_batch_yyy02.pl,y4,no,no,yes
111,exp_acyclic_depvary_step1_batch_yyy02.pl,z5,no,no,yes
112,exp_acyclic_depvary_step1_batch_yyy02.pl,x3,no,no,yes
113,exp_acyclic_depvary_step1_batch_yyy02.pl,q4,no,no,yes
114,exp_acyclic_depvary_step1_batch_yyy02.pl,x2,no,no,yes
115,exp_acyclic_depvary_step1_batch_yyy02.pl,c6,no,no,yes
116,exp_acyclic_depvary_step1_batch_yyy02.pl,d2,no,no,yes
117,exp_acyclic_depvary_step1_batch_yyy02.pl,y2,no,no,yes
118,exp_acyclic_depvary_step1_batch_yyy02.pl,e2,no,no,yes
119,exp_acyclic_depvary_step1_batch_yyy02.pl,q2,no,no,yes
120,exp_acyclic_depvary_step1_batch_yyy03.pl,u4,no,no,yes
122,exp_acyclic_depvary_step1_batch_yyy03.pl,x2,no,no,yes
123,exp_acyclic_depvary_step1_batch_yyy03.pl,r5,no,no,yes
124,exp_acyclic_depvary_step1_batch_yyy03.pl,x4,no,no,yes
125,exp_acyclic_depvary_step1_batch_yyy03.pl,q2,no,no,yes
126,exp_acyclic_depvary_step1_batch_yyy03.pl,c6,no,no,yes
127,exp_acyclic_depvary_step1_batch_yyy03.pl,z2,no,no,yes
128,exp_acyclic_depvary_step1_batch_yyy03.pl,v4,no,no,yes
129,exp_acyclic_depvary_step1_batch_yyy03.pl,e3,no,no,yes
130,exp_acyclic_depvary_step1_batch_yyy04.pl,u4,no,no,yes
131,exp_acyclic_depvary_step1_batch_yyy04.pl,p3,no,no,yes
132,exp_acyclic_depvary_step1_batch_yyy04.pl,v4,no,no,yes
134,exp_acyclic_depvary_step1_batch_yyy04.pl,a3,no,no,yes
136,exp_acyclic_depvary_step1_batch_yyy04.pl,p5,no,no,yes
137,exp_acyclic_depvary_step1_batch_yyy04.pl,x3,no,no,yes
138,exp_acyclic_depvary_step1_batch_yyy04.pl,r2,no,no,yes
139,exp_acyclic_depvary_step1_batch_yyy04.pl,b6,no,no,yes
140,exp_acyclic_depvary_step1_batch_yyy05.pl,v2,no,no,yes
141,exp_acyclic_depvary_step1_batch_yyy05.pl,x3,no,no,yes
143,exp_acyclic_depvary_step1_batch_yyy05.pl,q5,no,no,yes
144,exp_acyclic_depvary_step1_batch_yyy05.pl,w4,no,no,yes
145,exp_acyclic_depvary_step1_batch_yyy05.pl,x5,no,no,yes
146,exp_acyclic_depvary_step1_batch_yyy05.pl,y2,no,no,yes
147,exp_acyclic_depvary_step1_batch_yyy05.pl,q2,no,no,yes
148,exp_acyclic_depvary_step1_batch_yyy05.pl,v4,no,no,yes
149,exp_acyclic_depvary_step1_batch_yyy05.pl,e3,no,no,yes
150,exp_acyclic_depvary_step1_batch_yyy06.pl,b2,no,no,yes
151,exp_acyclic_depvary_step1_batch_yyy06.pl,w5,no,no,yes
152,exp_acyclic_depvary_step1_batch_yyy06.pl,s5,no,no,yes
153,exp_acyclic_depvary_step1_batch_yyy06.pl,q4,no,no,yes
154,exp_acyclic_depvary_step1_batch_yyy06.pl,w4,no,no,yes
155,exp_acyclic_depvary_step1_batch_yyy06.pl,r4,no,no,yes
156,exp_acyclic_depvary_step1_batch_yyy06.pl,b6,no,no,yes
158,exp_acyclic_depvary_step1_batch_yyy06.pl,z1,no,no,yes
160,exp_acyclic_depvary_step1_batch_yyy07.pl,c4,no,no,yes
161,exp_acyclic_depvary_step1_batch_yyy07.pl,v5,no,no,yes
162,exp_acyclic_depvary_step1_batch_yyy07.pl,z4,no,no,yes
165,exp_acyclic_depvary_step1_batch_yyy07.pl,x4,no,no,yes
167,exp_acyclic_depvary_step1_batch_yyy07.pl,e5,no,no,yes
168,exp_acyclic_depvary_step1_batch_yyy07.pl,t2,no,no,yes
169,exp_acyclic_depvary_step1_batch_yyy07.pl,z2,no,no,yes
170,exp_acyclic_depvary_step1_batch_yyy08.pl,t5,no,no,yes
171,exp_acyclic_depvary_step1_batch_yyy08.pl,y4,no,no,yes
172,exp_acyclic_depvary_step1_batch_yyy08.pl,w2,no,no,yes
173,exp_acyclic_depvary_step1_batch_yyy08.pl,f5,no,no,yes
174,exp_acyclic_depvary_step1_batch_yyy08.pl,e3,no,no,yes
175,exp_acyclic_depvary_step1_batch_yyy08.pl,d2,no,no,yes
176,exp_acyclic_depvary_step1_batch_yyy08.pl,v3,no,no,yes
177,exp_acyclic_depvary_step1_batch_yyy08.pl,f2,no,no,yes
178,exp_acyclic_depvary_step1_batch_yyy08.pl,f4,no,no,yes
179,exp_acyclic_depvary_step1_batch_yyy08.pl,a3,no,no,yes
180,exp_acyclic_depvary_step1_batch_yyy09.pl,t4,no,no,yes
181,exp_acyclic_depvary_step1_batch_yyy09.pl,b3,no,no,yes
182,exp_acyclic_depvary_step1_batch_yyy09.pl,d3,no,no,yes
183,exp_acyclic_depvary_step1_batch_yyy09.pl,x5,no,no,yes
185,exp_acyclic_depvary_step1_batch_yyy09.pl,q3,no,no,yes
186,exp_acyclic_depvary_step1_batch_yyy09.pl,e3,no,no,yes
187,exp_acyclic_depvary_step1_batch_yyy09.pl,r4,no,no,yes
188,exp_acyclic_depvary_step1_batch_yyy09.pl,e2,no,no,yes
189,exp_acyclic_depvary_step1_batch_yyy09.pl,r3,no,no,yes
190,exp_acyclic_depvary_step1_batch_yyy10.pl,c4,no,no,yes
191,exp_acyclic_depvary_step1_batch_yyy10.pl,d4,no,no,yes
193,exp_acyclic_depvary_step1_batch_yyy10.pl,a4,no,no,yes
194,exp_acyclic_depvary_step1_batch_yyy10.pl,y3,no,no,yes
195,exp_acyclic_depvary_step1_batch_yyy10.pl,e3,no,no,yes
196,exp_acyclic_depvary_step1_batch_yyy10.pl,r3,no,no,yes
197,exp_acyclic_depvary_step1_batch_yyy10.pl,f2,no,no,yes
198,exp_acyclic_depvary_step1_batch_yyy10.pl,q3,no,no,yes
199,exp_acyclic_depvary_step1_batch_yyy10.pl,y2,no,no,yes
202,exp_acyclic_depvary_step2_batch_yyy01.pl,e5,no,no,yes
203,exp_acyclic_depvary_step2_batch_yyy01.pl,c5,no,no,yes
204,exp_acyclic_depvary_step2_batch_yyy01.pl,z4,no,no,yes
207,exp_acyclic_depvary_step2_batch_yyy01.pl,y5,no,no,yes
208,exp_acyclic_depvary_step2_batch_yyy01.pl,a6,no,no,yes
209,exp_acyclic_depvary_step2_batch_yyy01.pl,s4,no,no,yes
210,exp_acyclic_depvary_step2_batch_yyy02.pl,z5,no,no,yes
211,exp_acyclic_depvary_step2_batch_yyy02.pl,e5,no,no,yes
212,exp_acyclic_depvary_step2_batch_yyy02.pl,s5,no,no,yes
216,exp_acyclic_depvary_step2_batch_yyy02.pl,d3,no,no,yes
217,exp_acyclic_depvary_step2_batch_yyy02.pl,u4,no,no,yes
218,exp_acyclic_depvary_step2_batch_yyy02.pl,w1,no,no,yes
219,exp_acyclic_depvary_step2_batch_yyy02.pl,p3,no,no,yes
220,exp_acyclic_depvary_step2_batch_yyy03.pl,d5,no,no,yes
221,exp_acyclic_depvary_step2_batch_yyy03.pl,p5,no,no,yes
222,exp_acyclic_depvary_step2_batch_yyy03.pl,v5,no,no,yes
223,exp_acyclic_depvary_step2_batch_yyy03.pl,f5,no,no,yes
224,exp_acyclic_depvary_step2_batch_yyy03.pl,p3,no,no,yes
225,exp_acyclic_depvary_step2_batch_yyy03.pl,u3,no,no,yes
226,exp_acyclic_depvary_step2_batch_yyy03.pl,y2,no,no,yes
228,exp_acyclic_depvary_step2_batch_yyy03.pl,y3,no,no,yes
229,exp_acyclic_depvary_step2_batch_yyy03.pl,r5,no,no,yes
232,exp_acyclic_depvary_step2_batch_yyy04.pl,v5,no,no,yes
233,exp_acyclic_depvary_step2_batch_yyy04.pl,q5,no,no,yes
235,exp_acyclic_depvary_step2_batch_yyy04.pl,c6,no,no,yes
236,exp_acyclic_depvary_step2_batch_yyy04.pl,a6,no,no,yes
237,exp_acyclic_depvary_step2_batch_yyy04.pl,y4,no,no,yes
238,exp_acyclic_depvary_step2_batch_yyy04.pl,e2,no,no,yes
239,exp_acyclic_depvary_step2_batch_yyy04.pl,u2,no,no,yes
241,exp_acyclic_depvary_step2_batch_yyy05.pl,y4,no,no,yes
244,exp_acyclic_depvary_step2_batch_yyy05.pl,w5,no,no,yes
245,exp_acyclic_depvary_step2_batch_yyy05.pl,q4,no,no,yes
246,exp_acyclic_depvary_step2_batch_yyy05.pl,y3,no,no,yes
247,exp_acyclic_depvary_step2_batch_yyy05.pl,f4,no,no,yes
250,exp_acyclic_depvary_step2_batch_yyy06.pl,c3,no,no,yes
252,exp_acyclic_depvary_step2_batch_yyy06.pl,d3,no,no,yes
253,exp_acyclic_depvary_step2_batch_yyy06.pl,q4,no,no,yes
254,exp_acyclic_depvary_step2_batch_yyy06.pl,x2,no,no,yes
255,exp_acyclic_depvary_step2_batch_yyy06.pl,x5,no,no,yes
257,exp_acyclic_depvary_step2_batch_yyy06.pl,x4,no,no,yes
258,exp_acyclic_depvary_step2_batch_yyy06.pl,p5,no,no,yes
259,exp_acyclic_depvary_step2_batch_yyy06.pl,x3,no,no,yes
260,exp_acyclic_depvary_step2_batch_yyy07.pl,d5,no,no,yes
262,exp_acyclic_depvary_step2_batch_yyy07.pl,w5,no,no,yes
263,exp_acyclic_depvary_step2_batch_yyy07.pl,y3,no,no,yes
265,exp_acyclic_depvary_step2_batch_yyy07.pl,f2,no,no,yes
266,exp_acyclic_depvary_step2_batch_yyy07.pl,c5,no,no,yes
267,exp_acyclic_depvary_step2_batch_yyy07.pl,a5,no,no,yes
270,exp_acyclic_depvary_step2_batch_yyy08.pl,s3,no,no,yes
271,exp_acyclic_depvary_step2_batch_yyy08.pl,x3,no,no,yes
272,exp_acyclic_depvary_step2_batch_yyy08.pl,s5,no,no,yes
273,exp_acyclic_depvary_step2_batch_yyy08.pl,p3,no,no,yes
274,exp_acyclic_depvary_step2_batch_yyy08.pl,d2,no,no,yes
275,exp_acyclic_depvary_step2_batch_yyy08.pl,z3,no,no,yes
276,exp_acyclic_depvary_step2_batch_yyy08.pl,y2,no,no,yes
277,exp_acyclic_depvary_step2_batch_yyy08.pl,c6,no,no,yes
278,exp_acyclic_depvary_step2_batch_yyy08.pl,z2,no,no,yes
279,exp_acyclic_depvary_step2_batch_yyy08.pl,b5,no,no,yes
280,exp_acyclic_depvary_step2_batch_yyy09.pl,u5,no,no,yes
281,exp_acyclic_depvary_step2_batch_yyy09.pl,t4,no,no,yes
283,exp_acyclic_depvary_step2_batch_yyy09.pl,b3,no,no,yes
284,exp_acyclic_depvary_step2_batch_yyy09.pl,p4,no,no,yes
285,exp_acyclic_depvary_step2_batch_yyy09.pl,b4,no,no,yes
286,exp_acyclic_depvary_step2_batch_yyy09.pl,z1,no,no,yes
287,exp_acyclic_depvary_step2_batch_yyy09.pl,w4,no,no,yes
289,exp_acyclic_depvary_step2_batch_yyy09.pl,x4,no,no,yes
290,exp_acyclic_depvary_step2_batch_yyy10.pl,u5,no,no,yes
291,exp_acyclic_depvary_step2_batch_yyy10.pl,d4,no,no,yes
292,exp_acyclic_depvary_step2_batch_yyy10.pl,t3,no,no,yes
293,exp_acyclic_depvary_step2_batch_yyy10.pl,v4,no,no,yes
294,exp_acyclic_depvary_step2_batch_yyy10.pl,f4,no,no,yes
296,exp_acyclic_depvary_step2_batch_yyy10.pl,v2,no,no,yes
299,exp_acyclic_depvary_step2_batch_yyy10.pl,d2,no,no,yes
302,exp_acyclic_depvary_step3_batch_yyy01.pl,a4,no,no,yes
306,exp_acyclic_depvary_step3_batch_yyy01.pl,s5,no,no,yes
307,exp_acyclic_depvary_step3_batch_yyy01.pl,b4,no,no,yes
308,exp_acyclic_depvary_step3_batch_yyy01.pl,z3,no,no,yes
309,exp_acyclic_depvary_step3_batch_yyy01.pl,a3,no,no,yes
310,exp_acyclic_depvary_step3_batch_yyy02.pl,d5,no,no,yes
311,exp_acyclic_depvary_step3_batch_yyy02.pl,z5,no,no,yes
312,exp_acyclic_depvary_step3_batch_yyy02.pl,b4,no,no,yes
314,exp_acyclic_depvary_step3_batch_yyy02.pl,r5,no,no,yes
320,exp_acyclic_depvary_step3_batch_yyy03.pl,p4,no,no,yes
321,exp_acyclic_depvary_step3_batch_yyy03.pl,u4,no,no,yes
322,exp_acyclic_depvary_step3_batch_yyy03.pl,z1,no,no,yes
323,exp_acyclic_depvary_step3_batch_yyy03.pl,c6,no,no,yes
324,exp_acyclic_depvary_step3_batch_yyy03.pl,y1,no,no,yes
325,exp_acyclic_depvary_step3_batch_yyy03.pl,y2,no,no,yes
327,exp_acyclic_depvary_step3_batch_yyy03.pl,r3,no,no,yes
330,exp_acyclic_depvary_step3_batch_yyy04.pl,t5,no,no,yes
331,exp_acyclic_depvary_step3_batch_yyy04.pl,s4,no,no,yes
332,exp_acyclic_depvary_step3_batch_yyy04.pl,u4,no,no,yes
333,exp_acyclic_depvary_step3_batch_yyy04.pl,c5,no,no,yes
334,exp_acyclic_depvary_step3_batch_yyy04.pl,e4,no,no,yes
337,exp_acyclic_depvary_step3_batch_yyy04.pl,z3,no,no,yes
338,exp_acyclic_depvary_step3_batch_yyy04.pl,r3,no,no,yes
342,exp_acyclic_depvary_step3_batch_yyy05.pl,c5,no,no,yes
343,exp_acyclic_depvary_step3_batch_yyy05.pl,r4,no,no,yes
344,exp_acyclic_depvary_step3_batch_yyy05.pl,a3,no,no,yes
346,exp_acyclic_depvary_step3_batch_yyy05.pl,s5,no,no,yes
347,exp_acyclic_depvary_step3_batch_yyy05.pl,b4,no,no,yes
348,exp_acyclic_depvary_step3_batch_yyy05.pl,r5,no,no,yes
349,exp_acyclic_depvary_step3_batch_yyy05.pl,e4,no,no,yes
350,exp_acyclic_depvary_step3_batch_yyy06.pl,c4,no,no,yes
351,exp_acyclic_depvary_step3_batch_yyy06.pl,u4,no,no,yes
353,exp_acyclic_depvary_step3_batch_yyy06.pl,u2,no,no,yes
354,exp_acyclic_depvary_step3_batch_yyy06.pl,x4,no,no,yes
355,exp_acyclic_depvary_step3_batch_yyy06.pl,z5,no,no,yes
357,exp_acyclic_depvary_step3_batch_yyy06.pl,x5,no,no,yes
358,exp_acyclic_depvary_step3_batch_yyy06.pl,c6,no,no,yes
359,exp_acyclic_depvary_step3_batch_yyy06.pl,b5,no,no,yes
360,exp_acyclic_depvary_step3_batch_yyy07.pl,w2,no,no,yes
361,exp_acyclic_depvary_step3_batch_yyy07.pl,q5,no,no,yes
364,exp_acyclic_depvary_step3_batch_yyy07.pl,e4,no,no,yes
366,exp_acyclic_depvary_step3_batch_yyy07.pl,t4,no,no,yes
367,exp_acyclic_depvary_step3_batch_yyy07.pl,s3,no,no,yes
368,exp_acyclic_depvary_step3_batch_yyy07.pl,r3,no,no,yes
369,exp_acyclic_depvary_step3_batch_yyy07.pl,q1,no,no,yes
370,exp_acyclic_depvary_step3_batch_yyy08.pl,d4,no,no,yes
372,exp_acyclic_depvary_step3_batch_yyy08.pl,a5,no,no,yes
373,exp_acyclic_depvary_step3_batch_yyy08.pl,y3,no,no,yes
374,exp_acyclic_depvary_step3_batch_yyy08.pl,c6,no,no,yes
375,exp_acyclic_depvary_step3_batch_yyy08.pl,q3,no,no,yes
376,exp_acyclic_depvary_step3_batch_yyy08.pl,u2,no,no,yes
377,exp_acyclic_depvary_step3_batch_yyy08.pl,y5,no,no,yes
378,exp_acyclic_depvary_step3_batch_yyy08.pl,f4,no,no,yes
379,exp_acyclic_depvary_step3_batch_yyy08.pl,z3,no,no,yes
380,exp_acyclic_depvary_step3_batch_yyy09.pl,b3,no,no,yes
381,exp_acyclic_depvary_step3_batch_yyy09.pl,d4,no,no,yes
382,exp_acyclic_depvary_step3_batch_yyy09.pl,w5,no,no,yes
384,exp_acyclic_depvary_step3_batch_yyy09.pl,a4,no,no,yes
385,exp_acyclic_depvary_step3_batch_yyy09.pl,p3,no,no,yes
386,exp_acyclic_depvary_step3_batch_yyy09.pl,e3,no,no,yes
390,exp_acyclic_depvary_step3_batch_yyy10.pl,s3,no,no,yes
391,exp_acyclic_depvary_step3_batch_yyy10.pl,b3,no,no,yes
394,exp_acyclic_depvary_step3_batch_yyy10.pl,e3,no,no,yes
395,exp_acyclic_depvary_step3_batch_yyy10.pl,u5,no,no,yes
396,exp_acyclic_depvary_step3_batch_yyy10.pl,d5,no,no,yes
398,exp_acyclic_depvary_step3_batch_yyy10.pl,r3,no,no,yes
402,exp_acyclic_depvary_step4_batch_yyy01.pl,d3,no,no,yes
403,exp_acyclic_depvary_step4_batch_yyy01.pl,q5,no,no,yes
405,exp_acyclic_depvary_step4_batch_yyy01.pl,f5,no,no,yes
406,exp_acyclic_depvary_step4_batch_yyy01.pl,w1,no,no,yes
411,exp_acyclic_depvary_step4_batch_yyy02.pl,y3,no,no,yes
413,exp_acyclic_depvary_step4_batch_yyy02.pl,y5,no,no,yes
414,exp_acyclic_depvary_step4_batch_yyy02.pl,w3,no,no,yes
416,exp_acyclic_depvary_step4_batch_yyy02.pl,y4,no,no,yes
418,exp_acyclic_depvary_step4_batch_yyy02.pl,t1,no,no,yes
421,exp_acyclic_depvary_step4_batch_yyy03.pl,p5,no,no,yes
422,exp_acyclic_depvary_step4_batch_yyy03.pl,d3,no,no,yes
423,exp_acyclic_depvary_step4_batch_yyy03.pl,t3,no,no,yes
424,exp_acyclic_depvary_step4_batch_yyy03.pl,u3,no,no,yes
425,exp_acyclic_depvary_step4_batch_yyy03.pl,s1,no,no,yes
427,exp_acyclic_depvary_step4_batch_yyy03.pl,b6,no,no,yes
429,exp_acyclic_depvary_step4_batch_yyy03.pl,t4,no,no,yes
430,exp_acyclic_depvary_step4_batch_yyy04.pl,u5,no,no,yes
432,exp_acyclic_depvary_step4_batch_yyy04.pl,d4,no,no,yes
433,exp_acyclic_depvary_step4_batch_yyy04.pl,b4,no,no,yes
436,exp_acyclic_depvary_step4_batch_yyy04.pl,b6,no,no,yes
439,exp_acyclic_depvary_step4_batch_yyy04.pl,f5,no,no,yes
440,exp_acyclic_depvary_step4_batch_yyy05.pl,t4,no,no,yes
441,exp_acyclic_depvary_step4_batch_yyy05.pl,p5,no,no,yes
442,exp_acyclic_depvary_step4_batch_yyy05.pl,t3,no,no,yes
445,exp_acyclic_depvary_step4_batch_yyy05.pl,x4,no,no,yes
446,exp_acyclic_depvary_step4_batch_yyy05.pl,v5,no,no,yes
447,exp_acyclic_depvary_step4_batch_yyy05.pl,w5,no,no,yes
448,exp_acyclic_depvary_step4_batch_yyy05.pl,c6,no,no,yes
451,exp_acyclic_depvary_step4_batch_yyy06.pl,z5,no,no,yes
454,exp_acyclic_depvary_step4_batch_yyy06.pl,z4,no,no,yes
455,exp_acyclic_depvary_step4_batch_yyy06.pl,v4,no,no,yes
457,exp_acyclic_depvary_step4_batch_yyy06.pl,u2,no,no,yes
459,exp_acyclic_depvary_step4_batch_yyy06.pl,w3,no,no,yes
460,exp_acyclic_depvary_step4_batch_yyy07.pl,u5,no,no,yes
461,exp_acyclic_depvary_step4_batch_yyy07.pl,t5,no,no,yes
462,exp_acyclic_depvary_step4_batch_yyy07.pl,q4,no,no,yes
463,exp_acyclic_depvary_step4_batch_yyy07.pl,f3,no,no,yes
465,exp_acyclic_depvary_step4_batch_yyy07.pl,x4,no,no,yes
468,exp_acyclic_depvary_step4_batch_yyy07.pl,t1,no,no,yes
469,exp_acyclic_depvary_step4_batch_yyy07.pl,q1,no,no,yes
470,exp_acyclic_depvary_step4_batch_yyy08.pl,t5,no,no,yes
471,exp_acyclic_depvary_step4_batch_yyy08.pl,d4,no,no,yes
472,exp_acyclic_depvary_step4_batch_yyy08.pl,t3,no,no,yes
473,exp_acyclic_depvary_step4_batch_yyy08.pl,f3,no,no,yes
476,exp_acyclic_depvary_step4_batch_yyy08.pl,v3,no,no,yes
477,exp_acyclic_depvary_step4_batch_yyy08.pl,y5,no,no,yes
478,exp_acyclic_depvary_step4_batch_yyy08.pl,w3,no,no,yes
481,exp_acyclic_depvary_step4_batch_yyy09.pl,d3,no,no,yes
482,exp_acyclic_depvary_step4_batch_yyy09.pl,t3,no,no,yes
483,exp_acyclic_depvary_step4_batch_yyy09.pl,z4,no,no,yes
486,exp_acyclic_depvary_step4_batch_yyy09.pl,a6,no,no,yes
487,exp_acyclic_depvary_step4_batch_yyy09.pl,s4,no,no,yes
488,exp_acyclic_depvary_step4_batch_yyy09.pl,a4,no,no,yes
490,exp_acyclic_depvary_step4_batch_yyy10.pl,w5,no,no,yes
491,exp_acyclic_depvary_step4_batch_yyy10.pl,q4,no,no,yes
492,exp_acyclic_depvary_step4_batch_yyy10.pl,r5,no,no,yes
493,exp_acyclic_depvary_step4_batch_yyy10.pl,w4,no,no,yes
495,exp_acyclic_depvary_step4_batch_yyy10.pl,b6,no,no,yes
498,exp_acyclic_depvary_step4_batch_yyy10.pl,u5,no,no,yes
499,exp_acyclic_depvary_step4_batch_yyy10.pl,d5,no,no,yes
500,exp_acyclic_depvary_step5_batch_yyy01.pl,d5,no,no,yes
501,exp_acyclic_depvary_step5_batch_yyy01.pl,p5,no,no,yes
502,exp_acyclic_depvary_step5_batch_yyy01.pl,a4,no,no,yes
506,exp_acyclic_depvary_step5_batch_yyy01.pl,c5,no,no,yes
510,exp_acyclic_depvary_step5_batch_yyy02.pl,u5,no,no,yes
511,exp_acyclic_depvary_step5_batch_yyy02.pl,t4,no,no,yes
513,exp_acyclic_depvary_step5_batch_yyy02.pl,q4,no,no,yes
514,exp_acyclic_depvary_step5_batch_yyy02.pl,f5,no,no,yes
515,exp_acyclic_depvary_step5_batch_yyy02.pl,r5,no,no,yes
518,exp_acyclic_depvary_step5_batch_yyy02.pl,p4,no,no,yes
519,exp_acyclic_depvary_step5_batch_yyy02.pl,d4,no,no,yes
520,exp_acyclic_depvary_step5_batch_yyy03.pl,s4,no,no,yes
521,exp_acyclic_depvary_step5_batch_yyy03.pl,d4,no,no,yes
523,exp_acyclic_depvary_step5_batch_yyy03.pl,w1,no,no,yes
526,exp_acyclic_depvary_step5_batch_yyy03.pl,y1,no,no,yes
527,exp_acyclic_depvary_step5_batch_yyy03.pl,y5,no,no,yes
528,exp_acyclic_depvary_step5_batch_yyy03.pl,b6,no,no,yes
530,exp_acyclic_depvary_step5_batch_yyy04.pl,p5,no,no,yes
532,exp_acyclic_depvary_step5_batch_yyy04.pl,v5,no,no,yes
534,exp_acyclic_depvary_step5_batch_yyy04.pl,v4,no,no,yes
536,exp_acyclic_depvary_step5_batch_yyy04.pl,s5,no,no,yes
537,exp_acyclic_depvary_step5_batch_yyy04.pl,b4,no,no,yes
540,exp_acyclic_depvary_step5_batch_yyy05.pl,t5,no,no,yes
541,exp_acyclic_depvary_step5_batch_yyy05.pl,y4,no,no,yes
542,exp_acyclic_depvary_step5_batch_yyy05.pl,a5,no,no,yes
543,exp_acyclic_depvary_step5_batch_yyy05.pl,y3,no,no,yes
544,exp_acyclic_depvary_step5_batch_yyy05.pl,x5,no,no,yes
545,exp_acyclic_depvary_step5_batch_yyy05.pl,r4,no,no,yes
548,exp_acyclic_depvary_step5_batch_yyy05.pl,b4,no,no,yes
549,exp_acyclic_depvary_step5_batch_yyy05.pl,q5,no,no,yes
550,exp_acyclic_depvary_step5_batch_yyy06.pl,t5,no,no,yes
551,exp_acyclic_depvary_step5_batch_yyy06.pl,y4,no,no,yes
552,exp_acyclic_depvary_step5_batch_yyy06.pl,z5,no,no,yes
554,exp_acyclic_depvary_step5_batch_yyy06.pl,y1,no,no,yes
558,exp_acyclic_depvary_step5_batch_yyy06.pl,z4,no,no,yes
559,exp_acyclic_depvary_step5_batch_yyy06.pl,e4,no,no,yes
560,exp_acyclic_depvary_step5_batch_yyy07.pl,p5,no,no,yes
562,exp_acyclic_depvary_step5_batch_yyy07.pl,u4,no,no,yes
563,exp_acyclic_depvary_step5_batch_yyy07.pl,p3,no,no,yes
565,exp_acyclic_depvary_step5_batch_yyy07.pl,p2,no,no,yes
570,exp_acyclic_depvary_step5_batch_yyy08.pl,c4,no,no,yes
571,exp_acyclic_depvary_step5_batch_yyy08.pl,d4,no,no,yes
572,exp_acyclic_depvary_step5_batch_yyy08.pl,e5,no,no,yes
575,exp_acyclic_depvary_step5_batch_yyy08.pl,b6,no,no,yes
579,exp_acyclic_depvary_step5_batch_yyy08.pl,v4,no,no,yes
582,exp_acyclic_depvary_step5_batch_yyy09.pl,e4,no,no,yes
584,exp_acyclic_depvary_step5_batch_yyy09.pl,t2,no,no,yes
589,exp_acyclic_depvary_step5_batch_yyy09.pl,x1,no,no,yes
591,exp_acyclic_depvary_step5_batch_yyy10.pl,d4,no,no,yes
592,exp_acyclic_depvary_step5_batch_yyy10.pl,w4,no,no,yes
594,exp_acyclic_depvary_step5_batch_yyy10.pl,z3,no,no,yes
595,exp_acyclic_depvary_step5_batch_yyy10.pl,x4,no,no,yes
596,exp_acyclic_depvary_step5_batch_yyy10.pl,t5,no,no,yes
598,exp_acyclic_depvary_step5_batch_yyy10.pl,v4,no,no,yes
600,exp_acyclic_depvary_step6_batch_yyy01.pl,d5,no,no,yes
602,exp_acyclic_depvary_step6_batch_yyy01.pl,w5,no,no,yes
604,exp_acyclic_depvary_step6_batch_yyy01.pl,a5,no,no,yes
606,exp_acyclic_depvary_step6_batch_yyy01.pl,r4,no,no,yes
607,exp_acyclic_depvary_step6_batch_yyy01.pl,u2,no,no,yes
608,exp_acyclic_depvary_step6_batch_yyy01.pl,z4,no,no,yes
609,exp_acyclic_depvary_step6_batch_yyy01.pl,e4,no,no,yes
611,exp_acyclic_depvary_step6_batch_yyy02.pl,r5,no,no,yes
612,exp_acyclic_depvary_step6_batch_yyy02.pl,r4,no,no,yes
614,exp_acyclic_depvary_step6_batch_yyy02.pl,p5,no,no,yes
616,exp_acyclic_depvary_step6_batch_yyy02.pl,u1,no,no,yes
618,exp_acyclic_depvary_step6_batch_yyy02.pl,x5,no,no,yes
620,exp_acyclic_depvary_step6_batch_yyy03.pl,d5,no,no,yes
623,exp_acyclic_depvary_step6_batch_yyy03.pl,d4,no,no,yes
625,exp_acyclic_depvary_step6_batch_yyy03.pl,s1,no,no,yes
626,exp_acyclic_depvary_step6_batch_yyy03.pl,r3,no,no,yes
628,exp_acyclic_depvary_step6_batch_yyy03.pl,t4,no,no,yes
630,exp_acyclic_depvary_step6_batch_yyy04.pl,d5,no,no,yes
631,exp_acyclic_depvary_step6_batch_yyy04.pl,q5,no,no,yes
637,exp_acyclic_depvary_step6_batch_yyy04.pl,d4,no,no,yes
641,exp_acyclic_depvary_step6_batch_yyy05.pl,q5,no,no,yes
643,exp_acyclic_depvary_step6_batch_yyy05.pl,z2,no,no,yes
647,exp_acyclic_depvary_step6_batch_yyy05.pl,v4,no,no,yes
650,exp_acyclic_depvary_step6_batch_yyy06.pl,e5,no,no,yes
651,exp_acyclic_depvary_step6_batch_yyy06.pl,w5,no,no,yes
652,exp_acyclic_depvary_step6_batch_yyy06.pl,a5,no,no,yes
653,exp_acyclic_depvary_step6_batch_yyy06.pl,z4,no,no,yes
658,exp_acyclic_depvary_step6_batch_yyy06.pl,s5,no,no,yes
659,exp_acyclic_depvary_step6_batch_yyy06.pl,q5,no,no,yes
661,exp_acyclic_depvary_step6_batch_yyy07.pl,z5,no,no,yes
663,exp_acyclic_depvary_step6_batch_yyy07.pl,q5,no,no,yes
665,exp_acyclic_depvary_step6_batch_yyy07.pl,e4,no,no,yes
669,exp_acyclic_depvary_step6_batch_yyy07.pl,x4,no,no,yes
670,exp_acyclic_depvary_step6_batch_yyy08.pl,r5,no,no,yes
674,exp_acyclic_depvary_step6_batch_yyy08.pl,z3,no,no,yes
680,exp_acyclic_depvary_step6_batch_yyy09.pl,d5,no,no,yes
681,exp_acyclic_depvary_step6_batch_yyy09.pl,t5,no,no,yes
682,exp_acyclic_depvary_step6_batch_yyy09.pl,w5,no,no,yes
683,exp_acyclic_depvary_step6_batch_yyy09.pl,c5,no,no,yes
686,exp_acyclic_depvary_step6_batch_yyy09.pl,v4,no,no,yes
689,exp_acyclic_depvary_step6_batch_yyy09.pl,f5,no,no,yes
690,exp_acyclic_depvary_step6_batch_yyy10.pl,d5,no,no,yes
692,exp_acyclic_depvary_step6_batch_yyy10.pl,t3,no,no,yes
696,exp_acyclic_depvary_step6_batch_yyy10.pl,t4,no,no,yes
699,exp_acyclic_depvary_step6_batch_yyy10.pl,c5,no,no,yes
701,exp_acyclic_depvary_step7_batch_yyy01.pl,p5,no,no,yes
711,exp_acyclic_depvary_step7_batch_yyy02.pl,c5,no,no,yes
718,exp_acyclic_depvary_step7_batch_yyy02.pl,s5,no,no,yes
724,exp_acyclic_depvary_step7_batch_yyy03.pl,q5,no,no,yes
725,exp_acyclic_depvary_step7_batch_yyy03.pl,r5,no,no,yes
726,exp_acyclic_depvary_step7_batch_yyy03.pl,r1,no,no,yes
730,exp_acyclic_depvary_step7_batch_yyy04.pl,u5,no,no,yes
733,exp_acyclic_depvary_step7_batch_yyy04.pl,e5,no,no,yes
739,exp_acyclic_depvary_step7_batch_yyy04.pl,f5,no,no,yes
742,exp_acyclic_depvary_step7_batch_yyy05.pl,u1,no,no,yes
745,exp_acyclic_depvary_step7_batch_yyy05.pl,r5,no,no,yes
746,exp_acyclic_depvary_step7_batch_yyy05.pl,w4,no,no,yes
750,exp_acyclic_depvary_step7_batch_yyy06.pl,y4,no,no,yes
753,exp_acyclic_depvary_step7_batch_yyy06.pl,b5,no,no,yes
759,exp_acyclic_depvary_step7_batch_yyy06.pl,x4,no,no,yes
760,exp_acyclic_depvary_step7_batch_yyy07.pl,t5,no,no,yes
761,exp_acyclic_depvary_step7_batch_yyy07.pl,v2,no,no,yes
763,exp_acyclic_depvary_step7_batch_yyy07.pl,r5,no,no,yes
767,exp_acyclic_depvary_step7_batch_yyy07.pl,y5,no,no,yes
771,exp_acyclic_depvary_step7_batch_yyy08.pl,w5,no,no,yes
772,exp_acyclic_depvary_step7_batch_yyy08.pl,c5,no,no,yes
773,exp_acyclic_depvary_step7_batch_yyy08.pl,r5,no,no,yes
774,exp_acyclic_depvary_step7_batch_yyy08.pl,b5,no,no,yes
777,exp_acyclic_depvary_step7_batch_yyy08.pl,y4,no,no,yes
783,exp_acyclic_depvary_step7_batch_yyy09.pl,s5,no,no,yes
784,exp_acyclic_depvary_step7_batch_yyy09.pl,a5,no,no,yes
787,exp_acyclic_depvary_step7_batch_yyy09.pl,p1,no,no,yes
791,exp_acyclic_depvary_step7_batch_yyy10.pl,s4,no,no,yes
793,exp_acyclic_depvary_step7_batch_yyy10.pl,r5,no,no,yes
794,exp_acyclic_depvary_step7_batch_yyy10.pl,t2,no,no,yes
795,exp_acyclic_depvary_step7_batch_yyy10.pl,r4,no,no,yes
802,exp_acyclic_depvary_step8_batch_yyy01.pl,r5,no,no,yes
803,exp_acyclic_depvary_step8_batch_yyy01.pl,v1,no,no,yes
814,exp_acyclic_depvary_step8_batch_yyy02.pl,w5,no,no,yes
815,exp_acyclic_depvary_step8_batch_yyy02.pl,s5,no,no,yes
823,exp_acyclic_depvary_step8_batch_yyy03.pl,v5,no,no,yes
826,exp_acyclic_depvary_step8_batch_yyy03.pl,w1,no,no,yes
830,exp_acyclic_depvary_step8_batch_yyy04.pl,d5,no,no,yes
831,exp_acyclic_depvary_step8_batch_yyy04.pl,z5,no,no,yes
834,exp_acyclic_depvary_step8_batch_yyy04.pl,v5,no,no,yes
835,exp_acyclic_depvary_step8_batch_yyy04.pl,t2,no,no,yes
836,exp_acyclic_depvary_step8_batch_yyy04.pl,b6,no,no,yes
846,exp_acyclic_depvary_step8_batch_yyy05.pl,b6,no,no,yes
849,exp_acyclic_depvary_step8_batch_yyy05.pl,t5,no,no,yes
852,exp_acyclic_depvary_step8_batch_yyy06.pl,p3,no,no,yes
858,exp_acyclic_depvary_step8_batch_yyy06.pl,x5,no,no,yes
861,exp_acyclic_depvary_step8_batch_yyy07.pl,c6,no,no,yes
864,exp_acyclic_depvary_step8_batch_yyy07.pl,z4,no,no,yes
868,exp_acyclic_depvary_step8_batch_yyy07.pl,r3,no,no,yes
871,exp_acyclic_depvary_step8_batch_yyy08.pl,v1,no,no,yes
876,exp_acyclic_depvary_step8_batch_yyy08.pl,s4,no,no,yes
882,exp_acyclic_depvary_step8_batch_yyy09.pl,y2,no,no,yes
891,exp_acyclic_depvary_step8_batch_yyy10.pl,x3,no,no,yes
893,exp_acyclic_depvary_step8_batch_yyy10.pl,s5,no,no,yes
894,exp_acyclic_depvary_step8_batch_yyy10.pl,f5,no,no,yes
898,exp_acyclic_depvary_step8_batch_yyy10.pl,t5,no,no,yes
900,exp_acyclic_depvary_step9_batch_yyy01.pl,a6,no,no,yes
902,exp_acyclic_depvary_step9_batch_yyy01.pl,v5,no,no,yes
916,exp_acyclic_depvary_step9_batch_yyy02.pl,w2,no,no,yes
922,exp_acyclic_depvary_step9_batch_yyy03.pl,q5,no,no,yes
924,exp_acyclic_depvary_step9_batch_yyy03.pl,z4,no,no,yes
928,exp_acyclic_depvary_step9_batch_yyy03.pl,s4,no,no,yes
930,exp_acyclic_depvary_step9_batch_yyy04.pl,a6,no,no,yes
931,exp_acyclic_depvary_step9_batch_yyy04.pl,v2,no,no,yes
935,exp_acyclic_depvary_step9_batch_yyy04.pl,v4,no,no,yes
936,exp_acyclic_depvary_step9_batch_yyy04.pl,c6,no,no,yes
942,exp_acyclic_depvary_step9_batch_yyy05.pl,w5,no,no,yes
951,exp_acyclic_depvary_step9_batch_yyy06.pl,q5,no,no,yes
961,exp_acyclic_depvary_step9_batch_yyy07.pl,v2,no,no,yes
965,exp_acyclic_depvary_step9_batch_yyy07.pl,t2,no,no,yes
968,exp_acyclic_depvary_step9_batch_yyy07.pl,a6,no,no,yes
969,exp_acyclic_depvary_step9_batch_yyy07.pl,y4,no,no,yes
971,exp_acyclic_depvary_step9_batch_yyy08.pl,t5,no,no,yes
974,exp_acyclic_depvary_step9_batch_yyy08.pl,y3,no,no,yes
976,exp_acyclic_depvary_step9_batch_yyy08.pl,q3,no,no,yes
983,exp_acyclic_depvary_step9_batch_yyy09.pl,a6,no,no,yes
989,exp_acyclic_depvary_step9_batch_yyy09.pl,z3,no,no,yes
992,exp_acyclic_depvary_step9_batch_yyy10.pl,w5,no,no,yes
993,exp_acyclic_depvary_step9_batch_yyy10.pl,c6,no,no,yes
1000,exp_acyclic_indvary1_step1_batch_yyy01.pl,u1,no,no,yes
1001,exp_acyclic_indvary1_step1_batch_yyy01.pl,v5,no,no,yes
1002,exp_acyclic_indvary1_step1_batch_yyy01.pl,a5,no,no,yes
1003,exp_acyclic_indvary1_step1_batch_yyy01.pl,y3,no,no,yes
1004,exp_acyclic_indvary1_step1_batch_yyy01.pl,w1,no,no,yes
1005,exp_acyclic_indvary1_step1_batch_yyy01.pl,r4,no,no,yes
1007,exp_acyclic_indvary1_step1_batch_yyy01.pl,y5,no,no,yes
1009,exp_acyclic_indvary1_step1_batch_yyy01.pl,t4,no,no,yes
1013,exp_acyclic_indvary1_step1_batch_yyy02.pl,p5,no,no,yes
1014,exp_acyclic_indvary1_step1_batch_yyy02.pl,b5,no,no,yes
1017,exp_acyclic_indvary1_step1_batch_yyy02.pl,c5,no,no,yes
1021,exp_acyclic_indvary1_step1_batch_yyy03.pl,y4,no,no,yes
1022,exp_acyclic_indvary1_step1_batch_yyy03.pl,z5,no,no,yes
1023,exp_acyclic_indvary1_step1_batch_yyy03.pl,e5,no,no,yes
1024,exp_acyclic_indvary1_step1_batch_yyy03.pl,z4,no,no,yes
1025,exp_acyclic_indvary1_step1_batch_yyy03.pl,v4,no,no,yes
1028,exp_acyclic_indvary1_step1_batch_yyy03.pl,v3,no,no,yes
1031,exp_acyclic_indvary1_step1_batch_yyy04.pl,u4,no,no,yes
1032,exp_acyclic_indvary1_step1_batch_yyy04.pl,s2,no,no,yes
1033,exp_acyclic_indvary1_step1_batch_yyy04.pl,v1,no,no,yes
1034,exp_acyclic_indvary1_step1_batch_yyy04.pl,r4,no,no,yes
1036,exp_acyclic_indvary1_step1_batch_yyy04.pl,z3,no,no,yes
1037,exp_acyclic_indvary1_step1_batch_yyy04.pl,x4,no,no,yes
1039,exp_acyclic_indvary1_step1_batch_yyy04.pl,t2,no,no,yes
1041,exp_acyclic_indvary1_step1_batch_yyy05.pl,x2,no,no,yes
1042,exp_acyclic_indvary1_step1_batch_yyy05.pl,r5,no,no,yes
1043,exp_acyclic_indvary1_step1_batch_yyy05.pl,f3,no,no,yes
1046,exp_acyclic_indvary1_step1_batch_yyy05.pl,t4,no,no,yes
1047,exp_acyclic_indvary1_step1_batch_yyy05.pl,c4,no,no,yes
1048,exp_acyclic_indvary1_step1_batch_yyy05.pl,t2,no,no,yes
1049,exp_acyclic_indvary1_step1_batch_yyy05.pl,z2,no,no,yes
1050,exp_acyclic_indvary1_step1_batch_yyy06.pl,t4,no,no,yes
1051,exp_acyclic_indvary1_step1_batch_yyy06.pl,p4,no,no,yes
1052,exp_acyclic_indvary1_step1_batch_yyy06.pl,u1,no,no,yes
1053,exp_acyclic_indvary1_step1_batch_yyy06.pl,t3,no,no,yes
1054,exp_acyclic_indvary1_step1_batch_yyy06.pl,q4,no,no,yes
1055,exp_acyclic_indvary1_step1_batch_yyy06.pl,r3,no,no,yes
1056,exp_acyclic_indvary1_step1_batch_yyy06.pl,z1,no,no,yes
1058,exp_acyclic_indvary1_step1_batch_yyy06.pl,u3,no,no,yes
1059,exp_acyclic_indvary1_step1_batch_yyy06.pl,r4,no,no,yes
1060,exp_acyclic_indvary1_step1_batch_yyy07.pl,w2,no,no,yes
1061,exp_acyclic_indvary1_step1_batch_yyy07.pl,u4,no,no,yes
1063,exp_acyclic_indvary1_step1_batch_yyy07.pl,z4,no,no,yes
1064,exp_acyclic_indvary1_step1_batch_yyy07.pl,f3,no,no,yes
1065,exp_acyclic_indvary1_step1_batch_yyy07.pl,e3,no,no,yes
1066,exp_acyclic_indvary1_step1_batch_yyy07.pl,y1,no,no,yes
1067,exp_acyclic_indvary1_step1_batch_yyy07.pl,w3,no,no,yes
1070,exp_acyclic_indvary1_step1_batch_yyy08.pl,y4,no,no,yes
1071,exp_acyclic_indvary1_step1_batch_yyy08.pl,z5,no,no,yes
1072,exp_acyclic_indvary1_step1_batch_yyy08.pl,w5,no,no,yes
1073,exp_acyclic_indvary1_step1_batch_yyy08.pl,f5,no,no,yes
1074,exp_acyclic_indvary1_step1_batch_yyy08.pl,z4,no,no,yes
1075,exp_acyclic_indvary1_step1_batch_yyy08.pl,x5,no,no,yes
1076,exp_acyclic_indvary1_step1_batch_yyy08.pl,f4,no,no,yes
1077,exp_acyclic_indvary1_step1_batch_yyy08.pl,y5,no,no,yes
1078,exp_acyclic_indvary1_step1_batch_yyy08.pl,s2,no,no,yes
1080,exp_acyclic_indvary1_step1_batch_yyy09.pl,s3,no,no,yes
1081,exp_acyclic_indvary1_step1_batch_yyy09.pl,z5,no,no,yes
1082,exp_acyclic_indvary1_step1_batch_yyy09.pl,s5,no,no,yes
1083,exp_acyclic_indvary1_step1_batch_yyy09.pl,x2,no,no,yes
1084,exp_acyclic_indvary1_step1_batch_yyy09.pl,e4,no,no,yes
1085,exp_acyclic_indvary1_step1_batch_yyy09.pl,u2,no,no,yes
1088,exp_acyclic_indvary1_step1_batch_yyy09.pl,s2,no,no,yes
1089,exp_acyclic_indvary1_step1_batch_yyy09.pl,z1,no,no,yes
1090,exp_acyclic_indvary1_step1_batch_yyy10.pl,d5,no,no,yes
1091,exp_acyclic_indvary1_step1_batch_yyy10.pl,v2,no,no,yes
1092,exp_acyclic_indvary1_step1_batch_yyy10.pl,p5,no,no,yes
1093,exp_acyclic_indvary1_step1_batch_yyy10.pl,v5,no,no,yes
1094,exp_acyclic_indvary1_step1_batch_yyy10.pl,a4,no,no,yes
1095,exp_acyclic_indvary1_step1_batch_yyy10.pl,p3,no,no,yes
1097,exp_acyclic_indvary1_step1_batch_yyy10.pl,u2,no,no,yes
1098,exp_acyclic_indvary1_step1_batch_yyy10.pl,b6,no,no,yes
1100,exp_acyclic_indvary1_step2_batch_yyy01.pl,d5,no,no,yes
1101,exp_acyclic_indvary1_step2_batch_yyy01.pl,z5,no,no,yes
1102,exp_acyclic_indvary1_step2_batch_yyy01.pl,p4,no,no,yes
1103,exp_acyclic_indvary1_step2_batch_yyy01.pl,z4,no,no,yes
1104,exp_acyclic_indvary1_step2_batch_yyy01.pl,u3,no,no,yes
1107,exp_acyclic_indvary1_step2_batch_yyy01.pl,v3,no,no,yes
1109,exp_acyclic_indvary1_step2_batch_yyy01.pl,u2,no,no,yes
1110,exp_acyclic_indvary1_step2_batch_yyy02.pl,w2,no,no,yes
1111,exp_acyclic_indvary1_step2_batch_yyy02.pl,a5,no,no,yes
1112,exp_acyclic_indvary1_step2_batch_yyy02.pl,y3,no,no,yes
1113,exp_acyclic_indvary1_step2_batch_yyy02.pl,w4,no,no,yes
1116,exp_acyclic_indvary1_step2_batch_yyy02.pl,x5,no,no,yes
1117,exp_acyclic_indvary1_step2_batch_yyy02.pl,t2,no,no,yes
1118,exp_acyclic_indvary1_step2_batch_yyy02.pl,u3,no,no,yes
1119,exp_acyclic_indvary1_step2_batch_yyy02.pl,e3,no,no,yes
1120,exp_acyclic_indvary1_step2_batch_yyy03.pl,v2,no,no,yes
1121,exp_acyclic_indvary1_step2_batch_yyy03.pl,c5,no,no,yes
1122,exp_acyclic_indvary1_step2_batch_yyy03.pl,b5,no,no,yes
1123,exp_acyclic_indvary1_step2_batch_yyy03.pl,v4,no,no,yes
1126,exp_acyclic_indvary1_step2_batch_yyy03.pl,y5,no,no,yes
1127,exp_acyclic_indvary1_step2_batch_yyy03.pl,t4,no,no,yes
1128,exp_acyclic_indvary1_step2_batch_yyy03.pl,t5,no,no,yes
1129,exp_acyclic_indvary1_step2_batch_yyy03.pl,s3,no,no,yes
1130,exp_acyclic_indvary1_step2_batch_yyy04.pl,u5,no,no,yes
1131,exp_acyclic_indvary1_step2_batch_yyy04.pl,s3,no,no,yes
1133,exp_acyclic_indvary1_step2_batch_yyy04.pl,d3,no,no,yes
1134,exp_acyclic_indvary1_step2_batch_yyy04.pl,w5,no,no,yes
1135,exp_acyclic_indvary1_step2_batch_yyy04.pl,c5,no,no,yes
1136,exp_acyclic_indvary1_step2_batch_yyy04.pl,v4,no,no,yes
1140,exp_acyclic_indvary1_step2_batch_yyy05.pl,p5,no,no,yes
1141,exp_acyclic_indvary1_step2_batch_yyy05.pl,w2,no,no,yes
1142,exp_acyclic_indvary1_step2_batch_yyy05.pl,s5,no,no,yes
1144,exp_acyclic_indvary1_step2_batch_yyy05.pl,v3,no,no,yes
1145,exp_acyclic_indvary1_step2_batch_yyy05.pl,u2,no,no,yes
1146,exp_acyclic_indvary1_step2_batch_yyy05.pl,u5,no,no,yes
1147,exp_acyclic_indvary1_step2_batch_yyy05.pl,d5,no,no,yes
1148,exp_acyclic_indvary1_step2_batch_yyy05.pl,a4,no,no,yes
1149,exp_acyclic_indvary1_step2_batch_yyy05.pl,f5,no,no,yes
1150,exp_acyclic_indvary1_step2_batch_yyy06.pl,q4,no,no,yes
1151,exp_acyclic_indvary1_step2_batch_yyy06.pl,z4,no,no,yes
1153,exp_acyclic_indvary1_step2_batch_yyy06.pl,x5,no,no,yes
1155,exp_acyclic_indvary1_step2_batch_yyy06.pl,v3,no,no,yes
1156,exp_acyclic_indvary1_step2_batch_yyy06.pl,w3,no,no,yes
1158,exp_acyclic_indvary1_step2_batch_yyy06.pl,w2,no,no,yes
1159,exp_acyclic_indvary1_step2_batch_yyy06.pl,e5,no,no,yes
1160,exp_acyclic_indvary1_step2_batch_yyy07.pl,a6,no,no,yes
1161,exp_acyclic_indvary1_step2_batch_yyy07.pl,e5,no,no,yes
1162,exp_acyclic_indvary1_step2_batch_yyy07.pl,d3,no,no,yes
1163,exp_acyclic_indvary1_step2_batch_yyy07.pl,q5,no,no,yes
1167,exp_acyclic_indvary1_step2_batch_yyy07.pl,s3,no,no,yes
1169,exp_acyclic_indvary1_step2_batch_yyy07.pl,x4,no,no,yes
1170,exp_acyclic_indvary1_step2_batch_yyy08.pl,d5,no,no,yes
1171,exp_acyclic_indvary1_step2_batch_yyy08.pl,s3,no,no,yes
1175,exp_acyclic_indvary1_step2_batch_yyy08.pl,b6,no,no,yes
1177,exp_acyclic_indvary1_step2_batch_yyy08.pl,y5,no,no,yes
1178,exp_acyclic_indvary1_step2_batch_yyy08.pl,x5,no,no,yes
1179,exp_acyclic_indvary1_step2_batch_yyy08.pl,z2,no,no,yes
1180,exp_acyclic_indvary1_step2_batch_yyy09.pl,a6,no,no,yes
1181,exp_acyclic_indvary1_step2_batch_yyy09.pl,p4,no,no,yes
1184,exp_acyclic_indvary1_step2_batch_yyy09.pl,a4,no,no,yes
1188,exp_acyclic_indvary1_step2_batch_yyy09.pl,t2,no,no,yes
1189,exp_acyclic_indvary1_step2_batch_yyy09.pl,c6,no,no,yes
1190,exp_acyclic_indvary1_step2_batch_yyy10.pl,u5,no,no,yes
1191,exp_acyclic_indvary1_step2_batch_yyy10.pl,e5,no,no,yes
1193,exp_acyclic_indvary1_step2_batch_yyy10.pl,x5,no,no,yes
1196,exp_acyclic_indvary1_step2_batch_yyy10.pl,v3,no,no,yes
1198,exp_acyclic_indvary1_step2_batch_yyy10.pl,v5,no,no,yes
1199,exp_acyclic_indvary1_step2_batch_yyy10.pl,w5,no,no,yes
1200,exp_acyclic_indvary1_step3_batch_yyy01.pl,p5,no,no,yes
1201,exp_acyclic_indvary1_step3_batch_yyy01.pl,w5,no,no,yes
1202,exp_acyclic_indvary1_step3_batch_yyy01.pl,q5,no,no,yes
1203,exp_acyclic_indvary1_step3_batch_yyy01.pl,v1,no,no,yes
1205,exp_acyclic_indvary1_step3_batch_yyy01.pl,v3,no,no,yes
1206,exp_acyclic_indvary1_step3_batch_yyy01.pl,a6,no,no,yes
1207,exp_acyclic_indvary1_step3_batch_yyy01.pl,y4,no,no,yes
1210,exp_acyclic_indvary1_step3_batch_yyy02.pl,t3,no,no,yes
1211,exp_acyclic_indvary1_step3_batch_yyy02.pl,f3,no,no,yes
1212,exp_acyclic_indvary1_step3_batch_yyy02.pl,e3,no,no,yes
1220,exp_acyclic_indvary1_step3_batch_yyy03.pl,y4,no,no,yes
1221,exp_acyclic_indvary1_step3_batch_yyy03.pl,c6,no,no,yes
1223,exp_acyclic_indvary1_step3_batch_yyy03.pl,w3,no,no,yes
1224,exp_acyclic_indvary1_step3_batch_yyy03.pl,t4,no,no,yes
1225,exp_acyclic_indvary1_step3_batch_yyy03.pl,t5,no,no,yes
1226,exp_acyclic_indvary1_step3_batch_yyy03.pl,s5,no,no,yes
1227,exp_acyclic_indvary1_step3_batch_yyy03.pl,q5,no,no,yes
1228,exp_acyclic_indvary1_step3_batch_yyy03.pl,a4,no,no,yes
1230,exp_acyclic_indvary1_step3_batch_yyy04.pl,t4,no,no,yes
1231,exp_acyclic_indvary1_step3_batch_yyy04.pl,p5,no,no,yes
1232,exp_acyclic_indvary1_step3_batch_yyy04.pl,t3,no,no,yes
1234,exp_acyclic_indvary1_step3_batch_yyy04.pl,q4,no,no,yes
1235,exp_acyclic_indvary1_step3_batch_yyy04.pl,z3,no,no,yes
1236,exp_acyclic_indvary1_step3_batch_yyy04.pl,d3,no,no,yes
1237,exp_acyclic_indvary1_step3_batch_yyy04.pl,u4,no,no,yes
1238,exp_acyclic_indvary1_step3_batch_yyy04.pl,v4,no,no,yes
1239,exp_acyclic_indvary1_step3_batch_yyy04.pl,e3,no,no,yes
1240,exp_acyclic_indvary1_step3_batch_yyy05.pl,u5,no,no,yes
1241,exp_acyclic_indvary1_step3_batch_yyy05.pl,t4,no,no,yes
1243,exp_acyclic_indvary1_step3_batch_yyy05.pl,d4,no,no,yes
1244,exp_acyclic_indvary1_step3_batch_yyy05.pl,u4,no,no,yes
1245,exp_acyclic_indvary1_step3_batch_yyy05.pl,v5,no,no,yes
1246,exp_acyclic_indvary1_step3_batch_yyy05.pl,q4,no,no,yes
1248,exp_acyclic_indvary1_step3_batch_yyy05.pl,y5,no,no,yes
1251,exp_acyclic_indvary1_step3_batch_yyy06.pl,e5,no,no,yes
1252,exp_acyclic_indvary1_step3_batch_yyy06.pl,s5,no,no,yes
1254,exp_acyclic_indvary1_step3_batch_yyy06.pl,f3,no,no,yes
1255,exp_acyclic_indvary1_step3_batch_yyy06.pl,r4,no,no,yes
1256,exp_acyclic_indvary1_step3_batch_yyy06.pl,z3,no,no,yes
1257,exp_acyclic_indvary1_step3_batch_yyy06.pl,r2,no,no,yes
1258,exp_acyclic_indvary1_step3_batch_yyy06.pl,x4,no,no,yes
1260,exp_acyclic_indvary1_step3_batch_yyy07.pl,c4,no,no,yes
1261,exp_acyclic_indvary1_step3_batch_yyy07.pl,u4,no,no,yes
1262,exp_acyclic_indvary1_step3_batch_yyy07.pl,e4,no,no,yes
1263,exp_acyclic_indvary1_step3_batch_yyy07.pl,r4,no,no,yes
1265,exp_acyclic_indvary1_step3_batch_yyy07.pl,f4,no,no,yes
1269,exp_acyclic_indvary1_step3_batch_yyy07.pl,a5,no,no,yes
1271,exp_acyclic_indvary1_step3_batch_yyy08.pl,q4,no,no,yes
1272,exp_acyclic_indvary1_step3_batch_yyy08.pl,e4,no,no,yes
1273,exp_acyclic_indvary1_step3_batch_yyy08.pl,w1,no,no,yes
1274,exp_acyclic_indvary1_step3_batch_yyy08.pl,v4,no,no,yes
1276,exp_acyclic_indvary1_step3_batch_yyy08.pl,b4,no,no,yes
1277,exp_acyclic_indvary1_step3_batch_yyy08.pl,q5,no,no,yes
1281,exp_acyclic_indvary1_step3_batch_yyy09.pl,d4,no,no,yes
1283,exp_acyclic_indvary1_step3_batch_yyy09.pl,t3,no,no,yes
1284,exp_acyclic_indvary1_step3_batch_yyy09.pl,q4,no,no,yes
1286,exp_acyclic_indvary1_step3_batch_yyy09.pl,q1,no,no,yes
1289,exp_acyclic_indvary1_step3_batch_yyy09.pl,c6,no,no,yes
1291,exp_acyclic_indvary1_step3_batch_yyy10.pl,w5,no,no,yes
1293,exp_acyclic_indvary1_step3_batch_yyy10.pl,a4,no,no,yes
1295,exp_acyclic_indvary1_step3_batch_yyy10.pl,b6,no,no,yes
1298,exp_acyclic_indvary1_step3_batch_yyy10.pl,t5,no,no,yes
1299,exp_acyclic_indvary1_step3_batch_yyy10.pl,s3,no,no,yes
1301,exp_acyclic_indvary1_step4_batch_yyy01.pl,a5,no,no,yes
1302,exp_acyclic_indvary1_step4_batch_yyy01.pl,e4,no,no,yes
1303,exp_acyclic_indvary1_step4_batch_yyy01.pl,v4,no,no,yes
1306,exp_acyclic_indvary1_step4_batch_yyy01.pl,s5,no,no,yes
1307,exp_acyclic_indvary1_step4_batch_yyy01.pl,q5,no,no,yes
1309,exp_acyclic_indvary1_step4_batch_yyy01.pl,x1,no,no,yes
1312,exp_acyclic_indvary1_step4_batch_yyy02.pl,w4,no,no,yes
1314,exp_acyclic_indvary1_step4_batch_yyy02.pl,x1,no,no,yes
1319,exp_acyclic_indvary1_step4_batch_yyy02.pl,y4,no,no,yes
1320,exp_acyclic_indvary1_step4_batch_yyy03.pl,u5,no,no,yes
1322,exp_acyclic_indvary1_step4_batch_yyy03.pl,z4,no,no,yes
1323,exp_acyclic_indvary1_step4_batch_yyy03.pl,y2,no,no,yes
1325,exp_acyclic_indvary1_step4_batch_yyy03.pl,v3,no,no,yes
1326,exp_acyclic_indvary1_step4_batch_yyy03.pl,t4,no,no,yes
1327,exp_acyclic_indvary1_step4_batch_yyy03.pl,c4,no,no,yes
1328,exp_acyclic_indvary1_step4_batch_yyy03.pl,p5,no,no,yes
1330,exp_acyclic_indvary1_step4_batch_yyy04.pl,a6,no,no,yes
1331,exp_acyclic_indvary1_step4_batch_yyy04.pl,z5,no,no,yes
1338,exp_acyclic_indvary1_step4_batch_yyy04.pl,e3,no,no,yes
1339,exp_acyclic_indvary1_step4_batch_yyy04.pl,r4,no,no,yes
1340,exp_acyclic_indvary1_step4_batch_yyy05.pl,v2,no,no,yes
1341,exp_acyclic_indvary1_step4_batch_yyy05.pl,w5,no,no,yes
1342,exp_acyclic_indvary1_step4_batch_yyy05.pl,b4,no,no,yes
1343,exp_acyclic_indvary1_step4_batch_yyy05.pl,c5,no,no,yes
1346,exp_acyclic_indvary1_step4_batch_yyy05.pl,w4,no,no,yes
1347,exp_acyclic_indvary1_step4_batch_yyy05.pl,v4,no,no,yes
1350,exp_acyclic_indvary1_step4_batch_yyy06.pl,a6,no,no,yes
1351,exp_acyclic_indvary1_step4_batch_yyy06.pl,p5,no,no,yes
1352,exp_acyclic_indvary1_step4_batch_yyy06.pl,d3,no,no,yes
1353,exp_acyclic_indvary1_step4_batch_yyy06.pl,t3,no,no,yes
1354,exp_acyclic_indvary1_step4_batch_yyy06.pl,a4,no,no,yes
1357,exp_acyclic_indvary1_step4_batch_yyy06.pl,p1,no,no,yes
1358,exp_acyclic_indvary1_step4_batch_yyy06.pl,b6,no,no,yes
1361,exp_acyclic_indvary1_step4_batch_yyy07.pl,w2,no,no,yes
1362,exp_acyclic_indvary1_step4_batch_yyy07.pl,d3,no,no,yes
1363,exp_acyclic_indvary1_step4_batch_yyy07.pl,b4,no,no,yes
1364,exp_acyclic_indvary1_step4_batch_yyy07.pl,z1,no,no,yes
1367,exp_acyclic_indvary1_step4_batch_yyy07.pl,y1,no,no,yes
1370,exp_acyclic_indvary1_step4_batch_yyy08.pl,u5,no,no,yes
1371,exp_acyclic_indvary1_step4_batch_yyy08.pl,v2,no,no,yes
1373,exp_acyclic_indvary1_step4_batch_yyy08.pl,f3,no,no,yes
1374,exp_acyclic_indvary1_step4_batch_yyy08.pl,b6,no,no,yes
1375,exp_acyclic_indvary1_step4_batch_yyy08.pl,x4,no,no,yes
1376,exp_acyclic_indvary1_step4_batch_yyy08.pl,s4,no,no,yes
1378,exp_acyclic_indvary1_step4_batch_yyy08.pl,z4,no,no,yes
1379,exp_acyclic_indvary1_step4_batch_yyy08.pl,y3,no,no,yes
1381,exp_acyclic_indvary1_step4_batch_yyy09.pl,f5,no,no,yes
1388,exp_acyclic_indvary1_step4_batch_yyy09.pl,u2,no,no,yes
1391,exp_acyclic_indvary1_step4_batch_yyy10.pl,p5,no,no,yes
1392,exp_acyclic_indvary1_step4_batch_yyy10.pl,w5,no,no,yes
1393,exp_acyclic_indvary1_step4_batch_yyy10.pl,w4,no,no,yes
1394,exp_acyclic_indvary1_step4_batch_yyy10.pl,x5,no,no,yes
1395,exp_acyclic_indvary1_step4_batch_yyy10.pl,e3,no,no,yes
1396,exp_acyclic_indvary1_step4_batch_yyy10.pl,f4,no,no,yes
1400,exp_acyclic_indvary1_step5_batch_yyy01.pl,z5,no,no,yes
1401,exp_acyclic_indvary1_step5_batch_yyy01.pl,u1,no,no,yes
1402,exp_acyclic_indvary1_step5_batch_yyy01.pl,q5,no,no,yes
1403,exp_acyclic_indvary1_step5_batch_yyy01.pl,w4,no,no,yes
1404,exp_acyclic_indvary1_step5_batch_yyy01.pl,f4,no,no,yes
1406,exp_acyclic_indvary1_step5_batch_yyy01.pl,t4,no,no,yes
1407,exp_acyclic_indvary1_step5_batch_yyy01.pl,t5,no,no,yes
1408,exp_acyclic_indvary1_step5_batch_yyy01.pl,c6,no,no,yes
1410,exp_acyclic_indvary1_step5_batch_yyy02.pl,d5,no,no,yes
1411,exp_acyclic_indvary1_step5_batch_yyy02.pl,z5,no,no,yes
1413,exp_acyclic_indvary1_step5_batch_yyy02.pl,y3,no,no,yes
1418,exp_acyclic_indvary1_step5_batch_yyy02.pl,t1,no,no,yes
1419,exp_acyclic_indvary1_step5_batch_yyy02.pl,q1,no,no,yes
1420,exp_acyclic_indvary1_step5_batch_yyy03.pl,s3,no,no,yes
1421,exp_acyclic_indvary1_step5_batch_yyy03.pl,z5,no,no,yes
1422,exp_acyclic_indvary1_step5_batch_yyy03.pl,p4,no,no,yes
1423,exp_acyclic_indvary1_step5_batch_yyy03.pl,e5,no,no,yes
1425,exp_acyclic_indvary1_step5_batch_yyy03.pl,e4,no,no,yes
1426,exp_acyclic_indvary1_step5_batch_yyy03.pl,x1,no,no,yes
1427,exp_acyclic_indvary1_step5_batch_yyy03.pl,b6,no,no,yes
1434,exp_acyclic_indvary1_step5_batch_yyy04.pl,r5,no,no,yes
1435,exp_acyclic_indvary1_step5_batch_yyy04.pl,x5,no,no,yes
1439,exp_acyclic_indvary1_step5_batch_yyy04.pl,p1,no,no,yes
1440,exp_acyclic_indvary1_step5_batch_yyy05.pl,t5,no,no,yes
1442,exp_acyclic_indvary1_step5_batch_yyy05.pl,z1,no,no,yes
1443,exp_acyclic_indvary1_step5_batch_yyy05.pl,f5,no,no,yes
1446,exp_acyclic_indvary1_step5_batch_yyy05.pl,r2,no,no,yes
1447,exp_acyclic_indvary1_step5_batch_yyy05.pl,w3,no,no,yes
1449,exp_acyclic_indvary1_step5_batch_yyy05.pl,x3,no,no,yes
1450,exp_acyclic_indvary1_step5_batch_yyy06.pl,d3,no,no,yes
1452,exp_acyclic_indvary1_step5_batch_yyy06.pl,s1,no,no,yes
1455,exp_acyclic_indvary1_step5_batch_yyy06.pl,t5,no,no,yes
1457,exp_acyclic_indvary1_step5_batch_yyy06.pl,c4,no,no,yes
1458,exp_acyclic_indvary1_step5_batch_yyy06.pl,e3,no,no,yes
1462,exp_acyclic_indvary1_step5_batch_yyy07.pl,w5,no,no,yes
1464,exp_acyclic_indvary1_step5_batch_yyy07.pl,e3,no,no,yes
1466,exp_acyclic_indvary1_step5_batch_yyy07.pl,q3,no,no,yes
1468,exp_acyclic_indvary1_step5_batch_yyy07.pl,v1,no,no,yes
1470,exp_acyclic_indvary1_step5_batch_yyy08.pl,d4,no,no,yes
1471,exp_acyclic_indvary1_step5_batch_yyy08.pl,u1,no,no,yes
1472,exp_acyclic_indvary1_step5_batch_yyy08.pl,v5,no,no,yes
1473,exp_acyclic_indvary1_step5_batch_yyy08.pl,a4,no,no,yes
1474,exp_acyclic_indvary1_step5_batch_yyy08.pl,r5,no,no,yes
1475,exp_acyclic_indvary1_step5_batch_yyy08.pl,f3,no,no,yes
1476,exp_acyclic_indvary1_step5_batch_yyy08.pl,c6,no,no,yes
1477,exp_acyclic_indvary1_step5_batch_yyy08.pl,e3,no,no,yes
1478,exp_acyclic_indvary1_step5_batch_yyy08.pl,y2,no,no,yes
1480,exp_acyclic_indvary1_step5_batch_yyy09.pl,c4,no,no,yes
1482,exp_acyclic_indvary1_step5_batch_yyy09.pl,w5,no,no,yes
1483,exp_acyclic_indvary1_step5_batch_yyy09.pl,a5,no,no,yes
1484,exp_acyclic_indvary1_step5_batch_yyy09.pl,x2,no,no,yes
1485,exp_acyclic_indvary1_step5_batch_yyy09.pl,r5,no,no,yes
1492,exp_acyclic_indvary1_step5_batch_yyy10.pl,a5,no,no,yes
1493,exp_acyclic_indvary1_step5_batch_yyy10.pl,w1,no,no,yes
1497,exp_acyclic_indvary1_step5_batch_yyy10.pl,q2,no,no,yes
1498,exp_acyclic_indvary1_step5_batch_yyy10.pl,e3,no,no,yes
1499,exp_acyclic_indvary1_step5_batch_yyy10.pl,r4,no,no,yes
1500,exp_acyclic_indvary1_step6_batch_yyy01.pl,d5,no,no,yes
1501,exp_acyclic_indvary1_step6_batch_yyy01.pl,v2,no,no,yes
1503,exp_acyclic_indvary1_step6_batch_yyy01.pl,t3,no,no,yes
1504,exp_acyclic_indvary1_step6_batch_yyy01.pl,s2,no,no,yes
1505,exp_acyclic_indvary1_step6_batch_yyy01.pl,f3,no,no,yes
1506,exp_acyclic_indvary1_step6_batch_yyy01.pl,x5,no,no,yes
1507,exp_acyclic_indvary1_step6_batch_yyy01.pl,f4,no,no,yes
1508,exp_acyclic_indvary1_step6_batch_yyy01.pl,y2,no,no,yes
1510,exp_acyclic_indvary1_step6_batch_yyy02.pl,y4,no,no,yes
1511,exp_acyclic_indvary1_step6_batch_yyy02.pl,e5,no,no,yes
1514,exp_acyclic_indvary1_step6_batch_yyy02.pl,f5,no,no,yes
1515,exp_acyclic_indvary1_step6_batch_yyy02.pl,f3,no,no,yes
1516,exp_acyclic_indvary1_step6_batch_yyy02.pl,b5,no,no,yes
1517,exp_acyclic_indvary1_step6_batch_yyy02.pl,e3,no,no,yes
1518,exp_acyclic_indvary1_step6_batch_yyy02.pl,x4,no,no,yes
1520,exp_acyclic_indvary1_step6_batch_yyy03.pl,v2,no,no,yes
1521,exp_acyclic_indvary1_step6_batch_yyy03.pl,p5,no,no,yes
1522,exp_acyclic_indvary1_step6_batch_yyy03.pl,a5,no,no,yes
1523,exp_acyclic_indvary1_step6_batch_yyy03.pl,r5,no,no,yes
1524,exp_acyclic_indvary1_step6_batch_yyy03.pl,v1,no,no,yes
1525,exp_acyclic_indvary1_step6_batch_yyy03.pl,r4,no,no,yes
1526,exp_acyclic_indvary1_step6_batch_yyy03.pl,z3,no,no,yes
1529,exp_acyclic_indvary1_step6_batch_yyy03.pl,p1,no,no,yes
1530,exp_acyclic_indvary1_step6_batch_yyy04.pl,s3,no,no,yes
1534,exp_acyclic_indvary1_step6_batch_yyy04.pl,a5,no,no,yes
1535,exp_acyclic_indvary1_step6_batch_yyy04.pl,x2,no,no,yes
1536,exp_acyclic_indvary1_step6_batch_yyy04.pl,v1,no,no,yes
1540,exp_acyclic_indvary1_step6_batch_yyy05.pl,a6,no,no,yes
1541,exp_acyclic_indvary1_step6_batch_yyy05.pl,p5,no,no,yes
1542,exp_acyclic_indvary1_step6_batch_yyy05.pl,z4,no,no,yes
1544,exp_acyclic_indvary1_step6_batch_yyy05.pl,r4,no,no,yes
1546,exp_acyclic_indvary1_step6_batch_yyy05.pl,s3,no,no,yes
1547,exp_acyclic_indvary1_step6_batch_yyy05.pl,c4,no,no,yes
1548,exp_acyclic_indvary1_step6_batch_yyy05.pl,f4,no,no,yes
1549,exp_acyclic_indvary1_step6_batch_yyy05.pl,z3,no,no,yes
1552,exp_acyclic_indvary1_step6_batch_yyy06.pl,t3,no,no,yes
1553,exp_acyclic_indvary1_step6_batch_yyy06.pl,e4,no,no,yes
1554,exp_acyclic_indvary1_step6_batch_yyy06.pl,v1,no,no,yes
1555,exp_acyclic_indvary1_step6_batch_yyy06.pl,b5,no,no,yes
1556,exp_acyclic_indvary1_step6_batch_yyy06.pl,v4,no,no,yes
1557,exp_acyclic_indvary1_step6_batch_yyy06.pl,e3,no,no,yes
1559,exp_acyclic_indvary1_step6_batch_yyy06.pl,u2,no,no,yes
1560,exp_acyclic_indvary1_step6_batch_yyy07.pl,t5,no,no,yes
1561,exp_acyclic_indvary1_step6_batch_yyy07.pl,x3,no,no,yes
1563,exp_acyclic_indvary1_step6_batch_yyy07.pl,z4,no,no,yes
1564,exp_acyclic_indvary1_step6_batch_yyy07.pl,u3,no,no,yes
1565,exp_acyclic_indvary1_step6_batch_yyy07.pl,r2,no,no,yes
1566,exp_acyclic_indvary1_step6_batch_yyy07.pl,t1,no,no,yes
1572,exp_acyclic_indvary1_step6_batch_yyy08.pl,z4,no,no,yes
1574,exp_acyclic_indvary1_step6_batch_yyy08.pl,b5,no,no,yes
1576,exp_acyclic_indvary1_step6_batch_yyy08.pl,s4,no,no,yes
1578,exp_acyclic_indvary1_step6_batch_yyy08.pl,u3,no,no,yes
1581,exp_acyclic_indvary1_step6_batch_yyy09.pl,p4,no,no,yes
1582,exp_acyclic_indvary1_step6_batch_yyy09.pl,a4,no,no,yes
1584,exp_acyclic_indvary1_step6_batch_yyy09.pl,t2,no,no,yes
1585,exp_acyclic_indvary1_step6_batch_yyy09.pl,q2,no,no,yes
1587,exp_acyclic_indvary1_step6_batch_yyy09.pl,r1,no,no,yes
1589,exp_acyclic_indvary1_step6_batch_yyy09.pl,u2,no,no,yes
1590,exp_acyclic_indvary1_step6_batch_yyy10.pl,d5,no,no,yes
1592,exp_acyclic_indvary1_step6_batch_yyy10.pl,p3,no,no,yes
1593,exp_acyclic_indvary1_step6_batch_yyy10.pl,z2,no,no,yes
1594,exp_acyclic_indvary1_step6_batch_yyy10.pl,r3,no,no,yes
1595,exp_acyclic_indvary1_step6_batch_yyy10.pl,y5,no,no,yes
1597,exp_acyclic_indvary1_step6_batch_yyy10.pl,u3,no,no,yes
1598,exp_acyclic_indvary1_step6_batch_yyy10.pl,v4,no,no,yes
1600,exp_acyclic_indvary1_step7_batch_yyy01.pl,c4,no,no,yes
1601,exp_acyclic_indvary1_step7_batch_yyy01.pl,u1,no,no,yes
1602,exp_acyclic_indvary1_step7_batch_yyy01.pl,a5,no,no,yes
1603,exp_acyclic_indvary1_step7_batch_yyy01.pl,q4,no,no,yes
1605,exp_acyclic_indvary1_step7_batch_yyy01.pl,b5,no,no,yes
1606,exp_acyclic_indvary1_step7_batch_yyy01.pl,p2,no,no,yes
1607,exp_acyclic_indvary1_step7_batch_yyy01.pl,p1,no,no,yes
1610,exp_acyclic_indvary1_step7_batch_yyy02.pl,u6,no,no,yes
1611,exp_acyclic_indvary1_step7_batch_yyy02.pl,d4,no,no,yes
1612,exp_acyclic_indvary1_step7_batch_yyy02.pl,u1,no,no,yes
1614,exp_acyclic_indvary1_step7_batch_yyy02.pl,x4,no,no,yes
1615,exp_acyclic_indvary1_step7_batch_yyy02.pl,p6,no,no,yes
1616,exp_acyclic_indvary1_step7_batch_yyy02.pl,a6,no,no,yes
1617,exp_acyclic_indvary1_step7_batch_yyy02.pl,s4,no,no,yes
1618,exp_acyclic_indvary1_step7_batch_yyy02.pl,w4,no,no,yes
1619,exp_acyclic_indvary1_step7_batch_yyy02.pl,f3,no,no,yes
1620,exp_acyclic_indvary1_step7_batch_yyy03.pl,t4,no,no,yes
1621,exp_acyclic_indvary1_step7_batch_yyy03.pl,p5,no,no,yes
1624,exp_acyclic_indvary1_step7_batch_yyy03.pl,r1,no,no,yes
1626,exp_acyclic_indvary1_step7_batch_yyy03.pl,z5,no,no,yes
1627,exp_acyclic_indvary1_step7_batch_yyy03.pl,v2,no,no,yes
1628,exp_acyclic_indvary1_step7_batch_yyy03.pl,t6,no,no,yes
1629,exp_acyclic_indvary1_step7_batch_yyy03.pl,a5,no,no,yes
1630,exp_acyclic_indvary1_step7_batch_yyy04.pl,d4,no,no,yes
1632,exp_acyclic_indvary1_step7_batch_yyy04.pl,w5,no,no,yes
1633,exp_acyclic_indvary1_step7_batch_yyy04.pl,z1,no,no,yes
1634,exp_acyclic_indvary1_step7_batch_yyy04.pl,x2,no,no,yes
1635,exp_acyclic_indvary1_step7_batch_yyy04.pl,f3,no,no,yes
1636,exp_acyclic_indvary1_step7_batch_yyy04.pl,r1,no,no,yes
1638,exp_acyclic_indvary1_step7_batch_yyy04.pl,b6,no,no,yes
1640,exp_acyclic_indvary1_step7_batch_yyy05.pl,d4,no,no,yes
1641,exp_acyclic_indvary1_step7_batch_yyy05.pl,y3,no,no,yes
1642,exp_acyclic_indvary1_step7_batch_yyy05.pl,s6,no,no,yes
1643,exp_acyclic_indvary1_step7_batch_yyy05.pl,u3,no,no,yes
1644,exp_acyclic_indvary1_step7_batch_yyy05.pl,f4,no,no,yes
1646,exp_acyclic_indvary1_step7_batch_yyy05.pl,w3,no,no,yes
1647,exp_acyclic_indvary1_step7_batch_yyy05.pl,q2,no,no,yes
1648,exp_acyclic_indvary1_step7_batch_yyy05.pl,c5,no,no,yes
1649,exp_acyclic_indvary1_step7_batch_yyy05.pl,a5,no,no,yes
1650,exp_acyclic_indvary1_step7_batch_yyy06.pl,d5,no,no,yes
1651,exp_acyclic_indvary1_step7_batch_yyy06.pl,t4,no,no,yes
1653,exp_acyclic_indvary1_step7_batch_yyy06.pl,x3,no,no,yes
1654,exp_acyclic_indvary1_step7_batch_yyy06.pl,u4,no,no,yes
1655,exp_acyclic_indvary1_step7_batch_yyy06.pl,r1,no,no,yes
1656,exp_acyclic_indvary1_step7_batch_yyy06.pl,b6,no,no,yes
1658,exp_acyclic_indvary1_step7_batch_yyy06.pl,y6,no,no,yes
1659,exp_acyclic_indvary1_step7_batch_yyy06.pl,x4,no,no,yes
1660,exp_acyclic_indvary1_step7_batch_yyy07.pl,p4,no,no,yes
1661,exp_acyclic_indvary1_step7_batch_yyy07.pl,z1,no,no,yes
1663,exp_acyclic_indvary1_step7_batch_yyy07.pl,p2,no,no,yes
1664,exp_acyclic_indvary1_step7_batch_yyy07.pl,y2,no,no,yes
1665,exp_acyclic_indvary1_step7_batch_yyy07.pl,b5,no,no,yes
1666,exp_acyclic_indvary1_step7_batch_yyy07.pl,z2,no,no,yes
1667,exp_acyclic_indvary1_step7_batch_yyy07.pl,s6,no,no,yes
1668,exp_acyclic_indvary1_step7_batch_yyy07.pl,v4,no,no,yes
1669,exp_acyclic_indvary1_step7_batch_yyy07.pl,r4,no,no,yes
1670,exp_acyclic_indvary1_step7_batch_yyy08.pl,c4,no,no,yes
1671,exp_acyclic_indvary1_step7_batch_yyy08.pl,y4,no,no,yes
1672,exp_acyclic_indvary1_step7_batch_yyy08.pl,w5,no,no,yes
1673,exp_acyclic_indvary1_step7_batch_yyy08.pl,q5,no,no,yes
1674,exp_acyclic_indvary1_step7_batch_yyy08.pl,a5,no,no,yes
1675,exp_acyclic_indvary1_step7_batch_yyy08.pl,p3,no,no,yes
1678,exp_acyclic_indvary1_step7_batch_yyy08.pl,y5,no,no,yes
1681,exp_acyclic_indvary1_step7_batch_yyy09.pl,p2,no,no,yes
1684,exp_acyclic_indvary1_step7_batch_yyy09.pl,s2,no,no,yes
1685,exp_acyclic_indvary1_step7_batch_yyy09.pl,z1,no,no,yes
1686,exp_acyclic_indvary1_step7_batch_yyy09.pl,f4,no,no,yes
1689,exp_acyclic_indvary1_step7_batch_yyy09.pl,t1,no,no,yes
1690,exp_acyclic_indvary1_step7_batch_yyy10.pl,e5,no,no,yes
1692,exp_acyclic_indvary1_step7_batch_yyy10.pl,v1,no,no,yes
1693,exp_acyclic_indvary1_step7_batch_yyy10.pl,r2,no,no,yes
1694,exp_acyclic_indvary1_step7_batch_yyy10.pl,y5,no,no,yes
1696,exp_acyclic_indvary1_step7_batch_yyy10.pl,a4,no,no,yes
1697,exp_acyclic_indvary1_step7_batch_yyy10.pl,f5,no,no,yes
1699,exp_acyclic_indvary1_step7_batch_yyy10.pl,s1,no,no,yes
1700,exp_acyclic_indvary1_step8_batch_yyy01.pl,u5,no,no,yes
1702,exp_acyclic_indvary1_step8_batch_yyy01.pl,z2,no,no,yes
1703,exp_acyclic_indvary1_step8_batch_yyy01.pl,y6,no,no,yes
1706,exp_acyclic_indvary1_step8_batch_yyy01.pl,t6,no,no,yes
1708,exp_acyclic_indvary1_step8_batch_yyy01.pl,u2,no,no,yes
1709,exp_acyclic_indvary1_step8_batch_yyy01.pl,t1,no,no,yes
1712,exp_acyclic_indvary1_step8_batch_yyy02.pl,w2,no,no,yes
1715,exp_acyclic_indvary1_step8_batch_yyy02.pl,z3,no,no,yes
1716,exp_acyclic_indvary1_step8_batch_yyy02.pl,q1,no,no,yes
1718,exp_acyclic_indvary1_step8_batch_yyy02.pl,s4,no,no,yes
1719,exp_acyclic_indvary1_step8_batch_yyy02.pl,y4,no,no,yes
1720,exp_acyclic_indvary1_step8_batch_yyy03.pl,x7,no,no,yes
1721,exp_acyclic_indvary1_step8_batch_yyy03.pl,a4,no,no,yes
1724,exp_acyclic_indvary1_step8_batch_yyy03.pl,r1,no,no,yes
1725,exp_acyclic_indvary1_step8_batch_yyy03.pl,x4,no,no,yes
1728,exp_acyclic_indvary1_step8_batch_yyy03.pl,s6,no,no,yes
1729,exp_acyclic_indvary1_step8_batch_yyy03.pl,b5,no,no,yes
1730,exp_acyclic_indvary1_step8_batch_yyy04.pl,t5,no,no,yes
1732,exp_acyclic_indvary1_step8_batch_yyy04.pl,t3,no,no,yes
1733,exp_acyclic_indvary1_step8_batch_yyy04.pl,s2,no,no,yes
1734,exp_acyclic_indvary1_step8_batch_yyy04.pl,c6,no,no,yes
1735,exp_acyclic_indvary1_step8_batch_yyy04.pl,y6,no,no,yes
1738,exp_acyclic_indvary1_step8_batch_yyy04.pl,a4,no,no,yes
1739,exp_acyclic_indvary1_step8_batch_yyy04.pl,w6,no,no,yes
1740,exp_acyclic_indvary1_step8_batch_yyy05.pl,u5,no,no,yes
1741,exp_acyclic_indvary1_step8_batch_yyy05.pl,x2,no,no,yes
1742,exp_acyclic_indvary1_step8_batch_yyy05.pl,x1,no,no,yes
1743,exp_acyclic_indvary1_step8_batch_yyy05.pl,r2,no,no,yes
1744,exp_acyclic_indvary1_step8_batch_yyy05.pl,s4,no,no,yes
1746,exp_acyclic_indvary1_step8_batch_yyy05.pl,z4,no,no,yes
1747,exp_acyclic_indvary1_step8_batch_yyy05.pl,r5,no,no,yes
1748,exp_acyclic_indvary1_step8_batch_yyy05.pl,t7,no,no,yes
1749,exp_acyclic_indvary1_step8_batch_yyy05.pl,c6,no,no,yes
1751,exp_acyclic_indvary1_step8_batch_yyy06.pl,v6,no,no,yes
1752,exp_acyclic_indvary1_step8_batch_yyy06.pl,w5,no,no,yes
1754,exp_acyclic_indvary1_step8_batch_yyy06.pl,x6,no,no,yes
1755,exp_acyclic_indvary1_step8_batch_yyy06.pl,v3,no,no,yes
1757,exp_acyclic_indvary1_step8_batch_yyy06.pl,q7,no,no,yes
1758,exp_acyclic_indvary1_step8_batch_yyy06.pl,z5,no,no,yes
1759,exp_acyclic_indvary1_step8_batch_yyy06.pl,v2,no,no,yes
1760,exp_acyclic_indvary1_step8_batch_yyy07.pl,p5,no,no,yes
1763,exp_acyclic_indvary1_step8_batch_yyy07.pl,v1,no,no,yes
1764,exp_acyclic_indvary1_step8_batch_yyy07.pl,f3,no,no,yes
1765,exp_acyclic_indvary1_step8_batch_yyy07.pl,e3,no,no,yes
1766,exp_acyclic_indvary1_step8_batch_yyy07.pl,q7,no,no,yes
1769,exp_acyclic_indvary1_step8_batch_yyy07.pl,c4,no,no,yes
1770,exp_acyclic_indvary1_step8_batch_yyy08.pl,e5,no,no,yes
1771,exp_acyclic_indvary1_step8_batch_yyy08.pl,u4,no,no,yes
1772,exp_acyclic_indvary1_step8_batch_yyy08.pl,w5,no,no,yes
1774,exp_acyclic_indvary1_step8_batch_yyy08.pl,q4,no,no,yes
1775,exp_acyclic_indvary1_step8_batch_yyy08.pl,f5,no,no,yes
1777,exp_acyclic_indvary1_step8_batch_yyy08.pl,z3,no,no,yes
1779,exp_acyclic_indvary1_step8_batch_yyy08.pl,q1,no,no,yes
1780,exp_acyclic_indvary1_step8_batch_yyy09.pl,c4,no,no,yes
1781,exp_acyclic_indvary1_step8_batch_yyy09.pl,s4,no,no,yes
1783,exp_acyclic_indvary1_step8_batch_yyy09.pl,e5,no,no,yes
1784,exp_acyclic_indvary1_step8_batch_yyy09.pl,d3,no,no,yes
1785,exp_acyclic_indvary1_step8_batch_yyy09.pl,a4,no,no,yes
1786,exp_acyclic_indvary1_step8_batch_yyy09.pl,x5,no,no,yes
1787,exp_acyclic_indvary1_step8_batch_yyy09.pl,w3,no,no,yes
1788,exp_acyclic_indvary1_step8_batch_yyy09.pl,s2,no,no,yes
1790,exp_acyclic_indvary1_step8_batch_yyy10.pl,p4,no,no,yes
1791,exp_acyclic_indvary1_step8_batch_yyy10.pl,b4,no,no,yes
1792,exp_acyclic_indvary1_step8_batch_yyy10.pl,c5,no,no,yes
1795,exp_acyclic_indvary1_step8_batch_yyy10.pl,r7,no,no,yes
1796,exp_acyclic_indvary1_step8_batch_yyy10.pl,q7,no,no,yes
1798,exp_acyclic_indvary1_step8_batch_yyy10.pl,u5,no,no,yes
1799,exp_acyclic_indvary1_step8_batch_yyy10.pl,d5,no,no,yes
1800,exp_acyclic_indvary2_step1_batch_yyy01.pl,d5,no,no,yes
1801,exp_acyclic_indvary2_step1_batch_yyy01.pl,c4,no,no,yes
1802,exp_acyclic_indvary2_step1_batch_yyy01.pl,t3,no,no,yes
1803,exp_acyclic_indvary2_step1_batch_yyy01.pl,t6,no,no,yes
1805,exp_acyclic_indvary2_step1_batch_yyy01.pl,x4,no,no,yes
1806,exp_acyclic_indvary2_step1_batch_yyy01.pl,p4,no,no,yes
1807,exp_acyclic_indvary2_step1_batch_yyy01.pl,x3,no,no,yes
1809,exp_acyclic_indvary2_step1_batch_yyy01.pl,b5,no,no,yes
1810,exp_acyclic_indvary2_step1_batch_yyy02.pl,d5,no,no,yes
1811,exp_acyclic_indvary2_step1_batch_yyy02.pl,s3,no,no,yes
1813,exp_acyclic_indvary2_step1_batch_yyy02.pl,p5,no,no,yes
1814,exp_acyclic_indvary2_step1_batch_yyy02.pl,x7,no,no,yes
1815,exp_acyclic_indvary2_step1_batch_yyy02.pl,r4,no,no,yes
1816,exp_acyclic_indvary2_step1_batch_yyy02.pl,z3,no,no,yes
1817,exp_acyclic_indvary2_step1_batch_yyy02.pl,w3,no,no,yes
1820,exp_acyclic_indvary2_step1_batch_yyy03.pl,u6,no,no,yes
1821,exp_acyclic_indvary2_step1_batch_yyy03.pl,t5,no,no,yes
1822,exp_acyclic_indvary2_step1_batch_yyy03.pl,y4,no,no,yes
1823,exp_acyclic_indvary2_step1_batch_yyy03.pl,s5,no,no,yes
1824,exp_acyclic_indvary2_step1_batch_yyy03.pl,c5,no,no,yes
1825,exp_acyclic_indvary2_step1_batch_yyy03.pl,e4,no,no,yes
1826,exp_acyclic_indvary2_step1_batch_yyy03.pl,v4,no,no,yes
1827,exp_acyclic_indvary2_step1_batch_yyy03.pl,v6,no,no,yes
1828,exp_acyclic_indvary2_step1_batch_yyy03.pl,u1,no,no,yes
1831,exp_acyclic_indvary2_step1_batch_yyy04.pl,q6,no,no,yes
1832,exp_acyclic_indvary2_step1_batch_yyy04.pl,x3,no,no,yes
1833,exp_acyclic_indvary2_step1_batch_yyy04.pl,c5,no,no,yes
1834,exp_acyclic_indvary2_step1_batch_yyy04.pl,q4,no,no,yes
1835,exp_acyclic_indvary2_step1_batch_yyy04.pl,v4,no,no,yes
1836,exp_acyclic_indvary2_step1_batch_yyy04.pl,y2,no,no,yes
1837,exp_acyclic_indvary2_step1_batch_yyy04.pl,r7,no,no,yes
1838,exp_acyclic_indvary2_step1_batch_yyy04.pl,q7,no,no,yes
1839,exp_acyclic_indvary2_step1_batch_yyy04.pl,x4,no,no,yes
1840,exp_acyclic_indvary2_step1_batch_yyy05.pl,s3,no,no,yes
1841,exp_acyclic_indvary2_step1_batch_yyy05.pl,y4,no,no,yes
1843,exp_acyclic_indvary2_step1_batch_yyy05.pl,u7,no,no,yes
1844,exp_acyclic_indvary2_step1_batch_yyy05.pl,x7,no,no,yes
1846,exp_acyclic_indvary2_step1_batch_yyy05.pl,r5,no,no,yes
1850,exp_acyclic_indvary2_step1_batch_yyy06.pl,q5,no,no,yes
1852,exp_acyclic_indvary2_step1_batch_yyy06.pl,y3,no,no,yes
1854,exp_acyclic_indvary2_step1_batch_yyy06.pl,u3,no,no,yes
1856,exp_acyclic_indvary2_step1_batch_yyy06.pl,z3,no,no,yes
1857,exp_acyclic_indvary2_step1_batch_yyy06.pl,r7,no,no,yes
1858,exp_acyclic_indvary2_step1_batch_yyy06.pl,y4,no,no,yes
1859,exp_acyclic_indvary2_step1_batch_yyy06.pl,v7,no,no,yes
1860,exp_acyclic_indvary2_step1_batch_yyy07.pl,d5,no,no,yes
1861,exp_acyclic_indvary2_step1_batch_yyy07.pl,a6,no,no,yes
1863,exp_acyclic_indvary2_step1_batch_yyy07.pl,c5,no,no,yes
1864,exp_acyclic_indvary2_step1_batch_yyy07.pl,y3,no,no,yes
1865,exp_acyclic_indvary2_step1_batch_yyy07.pl,w4,no,no,yes
1866,exp_acyclic_indvary2_step1_batch_yyy07.pl,q1,no,no,yes
1867,exp_acyclic_indvary2_step1_batch_yyy07.pl,w3,no,no,yes
1869,exp_acyclic_indvary2_step1_batch_yyy07.pl,t4,no,no,yes
1872,exp_acyclic_indvary2_step1_batch_yyy08.pl,y5,no,no,yes
1873,exp_acyclic_indvary2_step1_batch_yyy08.pl,a6,no,no,yes
1875,exp_acyclic_indvary2_step1_batch_yyy08.pl,y4,no,no,yes
1876,exp_acyclic_indvary2_step1_batch_yyy08.pl,z4,no,no,yes
1877,exp_acyclic_indvary2_step1_batch_yyy08.pl,r5,no,no,yes
1880,exp_acyclic_indvary2_step1_batch_yyy09.pl,z6,no,no,yes
1881,exp_acyclic_indvary2_step1_batch_yyy09.pl,t3,no,no,yes
1882,exp_acyclic_indvary2_step1_batch_yyy09.pl,u5,no,no,yes
1883,exp_acyclic_indvary2_step1_batch_yyy09.pl,d5,no,no,yes
1884,exp_acyclic_indvary2_step1_batch_yyy09.pl,w2,no,no,yes
1885,exp_acyclic_indvary2_step1_batch_yyy09.pl,e5,no,no,yes
1886,exp_acyclic_indvary2_step1_batch_yyy09.pl,b6,no,no,yes
1889,exp_acyclic_indvary2_step1_batch_yyy09.pl,q1,no,no,yes
1890,exp_acyclic_indvary2_step1_batch_yyy10.pl,w7,no,no,yes
1892,exp_acyclic_indvary2_step1_batch_yyy10.pl,d3,no,no,yes
1893,exp_acyclic_indvary2_step1_batch_yyy10.pl,u7,no,no,yes
1895,exp_acyclic_indvary2_step1_batch_yyy10.pl,u3,no,no,yes
1896,exp_acyclic_indvary2_step1_batch_yyy10.pl,r7,no,no,yes
1897,exp_acyclic_indvary2_step1_batch_yyy10.pl,y5,no,no,yes
1900,exp_acyclic_indvary2_step2_batch_yyy01.pl,u6,no,no,yes
1901,exp_acyclic_indvary2_step2_batch_yyy01.pl,t4,no,no,yes
1903,exp_acyclic_indvary2_step2_batch_yyy01.pl,y4,no,no,yes
1904,exp_acyclic_indvary2_step2_batch_yyy01.pl,p3,no,no,yes
1905,exp_acyclic_indvary2_step2_batch_yyy01.pl,f3,no,no,yes
1906,exp_acyclic_indvary2_step2_batch_yyy01.pl,u2,no,no,yes
1908,exp_acyclic_indvary2_step2_batch_yyy01.pl,r7,no,no,yes
1911,exp_acyclic_indvary2_step2_batch_yyy02.pl,x7,no,no,yes
1912,exp_acyclic_indvary2_step2_batch_yyy02.pl,z4,no,no,yes
1914,exp_acyclic_indvary2_step2_batch_yyy02.pl,p4,no,no,yes
1915,exp_acyclic_indvary2_step2_batch_yyy02.pl,x3,no,no,yes
1916,exp_acyclic_indvary2_step2_batch_yyy02.pl,v6,no,no,yes
1918,exp_acyclic_indvary2_step2_batch_yyy02.pl,x4,no,no,yes
1919,exp_acyclic_indvary2_step2_batch_yyy02.pl,w3,no,no,yes
1920,exp_acyclic_indvary2_step2_batch_yyy03.pl,d5,no,no,yes
1921,exp_acyclic_indvary2_step2_batch_yyy03.pl,y4,no,no,yes
1922,exp_acyclic_indvary2_step2_batch_yyy03.pl,p4,no,no,yes
1924,exp_acyclic_indvary2_step2_batch_yyy03.pl,w6,no,no,yes
1925,exp_acyclic_indvary2_step2_batch_yyy03.pl,c6,no,no,yes
1926,exp_acyclic_indvary2_step2_batch_yyy03.pl,f4,no,no,yes
1928,exp_acyclic_indvary2_step2_batch_yyy03.pl,q7,no,no,yes
1930,exp_acyclic_indvary2_step2_batch_yyy04.pl,t4,no,no,yes
1932,exp_acyclic_indvary2_step2_batch_yyy04.pl,y4,no,no,yes
1934,exp_acyclic_indvary2_step2_batch_yyy04.pl,v5,no,no,yes
1936,exp_acyclic_indvary2_step2_batch_yyy04.pl,e4,no,no,yes
1937,exp_acyclic_indvary2_step2_batch_yyy04.pl,t7,no,no,yes
1938,exp_acyclic_indvary2_step2_batch_yyy04.pl,p2,no,no,yes
1940,exp_acyclic_indvary2_step2_batch_yyy05.pl,t4,no,no,yes
1941,exp_acyclic_indvary2_step2_batch_yyy05.pl,z6,no,no,yes
1943,exp_acyclic_indvary2_step2_batch_yyy05.pl,v5,no,no,yes
1944,exp_acyclic_indvary2_step2_batch_yyy05.pl,w1,no,no,yes
1945,exp_acyclic_indvary2_step2_batch_yyy05.pl,e3,no,no,yes
1947,exp_acyclic_indvary2_step2_batch_yyy05.pl,q7,no,no,yes
1949,exp_acyclic_indvary2_step2_batch_yyy05.pl,v7,no,no,yes
1951,exp_acyclic_indvary2_step2_batch_yyy06.pl,y4,no,no,yes
1952,exp_acyclic_indvary2_step2_batch_yyy06.pl,v6,no,no,yes
1954,exp_acyclic_indvary2_step2_batch_yyy06.pl,b5,no,no,yes
1955,exp_acyclic_indvary2_step2_batch_yyy06.pl,z3,no,no,yes
1956,exp_acyclic_indvary2_step2_batch_yyy06.pl,p7,no,no,yes
1957,exp_acyclic_indvary2_step2_batch_yyy06.pl,p5,no,no,yes
1960,exp_acyclic_indvary2_step2_batch_yyy07.pl,t5,no,no,yes
1961,exp_acyclic_indvary2_step2_batch_yyy07.pl,y4,no,no,yes
1962,exp_acyclic_indvary2_step2_batch_yyy07.pl,v5,no,no,yes
1963,exp_acyclic_indvary2_step2_batch_yyy07.pl,a4,no,no,yes
1964,exp_acyclic_indvary2_step2_batch_yyy07.pl,z4,no,no,yes
1965,exp_acyclic_indvary2_step2_batch_yyy07.pl,u3,no,no,yes
1967,exp_acyclic_indvary2_step2_batch_yyy07.pl,p6,no,no,yes
1970,exp_acyclic_indvary2_step2_batch_yyy08.pl,d5,no,no,yes
1971,exp_acyclic_indvary2_step2_batch_yyy08.pl,v7,no,no,yes
1973,exp_acyclic_indvary2_step2_batch_yyy08.pl,c5,no,no,yes
1974,exp_acyclic_indvary2_step2_batch_yyy08.pl,x2,no,no,yes
1976,exp_acyclic_indvary2_step2_batch_yyy08.pl,q7,no,no,yes
1977,exp_acyclic_indvary2_step2_batch_yyy08.pl,x5,no,no,yes
1979,exp_acyclic_indvary2_step2_batch_yyy08.pl,b5,no,no,yes
1982,exp_acyclic_indvary2_step2_batch_yyy09.pl,f3,no,no,yes
1986,exp_acyclic_indvary2_step2_batch_yyy09.pl,z4,no,no,yes
1987,exp_acyclic_indvary2_step2_batch_yyy09.pl,r5,no,no,yes
1988,exp_acyclic_indvary2_step2_batch_yyy09.pl,u3,no,no,yes
1989,exp_acyclic_indvary2_step2_batch_yyy09.pl,e3,no,no,yes
1990,exp_acyclic_indvary2_step2_batch_yyy10.pl,t5,no,no,yes
1991,exp_acyclic_indvary2_step2_batch_yyy10.pl,z6,no,no,yes
1992,exp_acyclic_indvary2_step2_batch_yyy10.pl,s4,no,no,yes
1994,exp_acyclic_indvary2_step2_batch_yyy10.pl,x3,no,no,yes
1995,exp_acyclic_indvary2_step2_batch_yyy10.pl,v6,no,no,yes
1996,exp_acyclic_indvary2_step2_batch_yyy10.pl,c5,no,no,yes
1997,exp_acyclic_indvary2_step2_batch_yyy10.pl,q4,no,no,yes
2000,exp_acyclic_indvary2_step3_batch_yyy01.pl,d5,no,no,yes
2001,exp_acyclic_indvary2_step3_batch_yyy01.pl,s3,no,no,yes
2002,exp_acyclic_indvary2_step3_batch_yyy01.pl,u7,no,no,yes
2003,exp_acyclic_indvary2_step3_batch_yyy01.pl,x7,no,no,yes
2005,exp_acyclic_indvary2_step3_batch_yyy01.pl,r2,no,no,yes
2006,exp_acyclic_indvary2_step3_batch_yyy01.pl,p7,no,no,yes
2007,exp_acyclic_indvary2_step3_batch_yyy01.pl,d4,no,no,yes
2008,exp_acyclic_indvary2_step3_batch_yyy01.pl,q7,no,no,yes
2009,exp_acyclic_indvary2_step3_batch_yyy01.pl,y5,no,no,yes
2011,exp_acyclic_indvary2_step3_batch_yyy02.pl,v5,no,no,yes
2012,exp_acyclic_indvary2_step3_batch_yyy02.pl,z4,no,no,yes
2014,exp_acyclic_indvary2_step3_batch_yyy02.pl,b6,no,no,yes
2016,exp_acyclic_indvary2_step3_batch_yyy02.pl,y5,no,no,yes
2017,exp_acyclic_indvary2_step3_batch_yyy02.pl,x4,no,no,yes
2018,exp_acyclic_indvary2_step3_batch_yyy02.pl,t4,no,no,yes
2019,exp_acyclic_indvary2_step3_batch_yyy02.pl,s3,no,no,yes
2021,exp_acyclic_indvary2_step3_batch_yyy03.pl,d4,no,no,yes
2023,exp_acyclic_indvary2_step3_batch_yyy03.pl,v4,no,no,yes
2025,exp_acyclic_indvary2_step3_batch_yyy03.pl,c5,no,no,yes
2027,exp_acyclic_indvary2_step3_batch_yyy03.pl,a5,no,no,yes
2028,exp_acyclic_indvary2_step3_batch_yyy03.pl,y1,no,no,yes
2030,exp_acyclic_indvary2_step3_batch_yyy04.pl,u5,no,no,yes
2031,exp_acyclic_indvary2_step3_batch_yyy04.pl,d4,no,no,yes
2032,exp_acyclic_indvary2_step3_batch_yyy04.pl,u7,no,no,yes
2033,exp_acyclic_indvary2_step3_batch_yyy04.pl,x7,no,no,yes
2034,exp_acyclic_indvary2_step3_batch_yyy04.pl,f5,no,no,yes
2036,exp_acyclic_indvary2_step3_batch_yyy04.pl,v4,no,no,yes
2037,exp_acyclic_indvary2_step3_batch_yyy04.pl,q3,no,no,yes
2039,exp_acyclic_indvary2_step3_batch_yyy04.pl,w3,no,no,yes
2040,exp_acyclic_indvary2_step3_batch_yyy05.pl,r6,no,no,yes
2043,exp_acyclic_indvary2_step3_batch_yyy05.pl,q7,no,no,yes
2044,exp_acyclic_indvary2_step3_batch_yyy05.pl,z6,no,no,yes
2046,exp_acyclic_indvary2_step3_batch_yyy05.pl,v4,no,no,yes
2047,exp_acyclic_indvary2_step3_batch_yyy05.pl,e3,no,no,yes
2049,exp_acyclic_indvary2_step3_batch_yyy05.pl,w3,no,no,yes
2050,exp_acyclic_indvary2_step3_batch_yyy06.pl,t4,no,no,yes
2051,exp_acyclic_indvary2_step3_batch_yyy06.pl,x3,no,no,yes
2052,exp_acyclic_indvary2_step3_batch_yyy06.pl,t3,no,no,yes
2053,exp_acyclic_indvary2_step3_batch_yyy06.pl,a5,no,no,yes
2055,exp_acyclic_indvary2_step3_batch_yyy06.pl,b5,no,no,yes
2056,exp_acyclic_indvary2_step3_batch_yyy06.pl,z3,no,no,yes
2058,exp_acyclic_indvary2_step3_batch_yyy06.pl,q7,no,no,yes
2060,exp_acyclic_indvary2_step3_batch_yyy07.pl,y4,no,no,yes
2061,exp_acyclic_indvary2_step3_batch_yyy07.pl,q5,no,no,yes
2063,exp_acyclic_indvary2_step3_batch_yyy07.pl,f3,no,no,yes
2064,exp_acyclic_indvary2_step3_batch_yyy07.pl,r4,no,no,yes
2066,exp_acyclic_indvary2_step3_batch_yyy07.pl,z5,no,no,yes
2067,exp_acyclic_indvary2_step3_batch_yyy07.pl,v2,no,no,yes
2068,exp_acyclic_indvary2_step3_batch_yyy07.pl,a4,no,no,yes
2069,exp_acyclic_indvary2_step3_batch_yyy07.pl,w6,no,no,yes
2070,exp_acyclic_indvary2_step3_batch_yyy08.pl,d5,no,no,yes
2071,exp_acyclic_indvary2_step3_batch_yyy08.pl,t5,no,no,yes
2072,exp_acyclic_indvary2_step3_batch_yyy08.pl,w7,no,no,yes
2073,exp_acyclic_indvary2_step3_batch_yyy08.pl,a4,no,no,yes
2074,exp_acyclic_indvary2_step3_batch_yyy08.pl,r5,no,no,yes
2075,exp_acyclic_indvary2_step3_batch_yyy08.pl,u3,no,no,yes
2077,exp_acyclic_indvary2_step3_batch_yyy08.pl,y6,no,no,yes
2078,exp_acyclic_indvary2_step3_batch_yyy08.pl,p4,no,no,yes
2079,exp_acyclic_indvary2_step3_batch_yyy08.pl,x3,no,no,yes
2081,exp_acyclic_indvary2_step3_batch_yyy09.pl,r5,no,no,yes
2088,exp_acyclic_indvary2_step3_batch_yyy09.pl,c6,no,no,yes
2089,exp_acyclic_indvary2_step3_batch_yyy09.pl,z2,no,no,yes
2091,exp_acyclic_indvary2_step3_batch_yyy10.pl,u3,no,no,yes
2093,exp_acyclic_indvary2_step3_batch_yyy10.pl,p7,no,no,yes
2094,exp_acyclic_indvary2_step3_batch_yyy10.pl,p5,no,no,yes
2096,exp_acyclic_indvary2_step3_batch_yyy10.pl,t6,no,no,yes
2100,exp_acyclic_indvary2_step4_batch_yyy01.pl,p4,no,no,yes
2101,exp_acyclic_indvary2_step4_batch_yyy01.pl,e5,no,no,yes
2102,exp_acyclic_indvary2_step4_batch_yyy01.pl,d3,no,no,yes
2104,exp_acyclic_indvary2_step4_batch_yyy01.pl,t5,no,no,yes
2105,exp_acyclic_indvary2_step4_batch_yyy01.pl,s3,no,no,yes
2106,exp_acyclic_indvary2_step4_batch_yyy01.pl,r3,no,no,yes
2108,exp_acyclic_indvary2_step4_batch_yyy01.pl,x4,no,no,yes
2109,exp_acyclic_indvary2_step4_batch_yyy01.pl,w3,no,no,yes
2110,exp_acyclic_indvary2_step4_batch_yyy02.pl,u5,no,no,yes
2112,exp_acyclic_indvary2_step4_batch_yyy02.pl,z6,no,no,yes
2113,exp_acyclic_indvary2_step4_batch_yyy02.pl,p7,no,no,yes
2114,exp_acyclic_indvary2_step4_batch_yyy02.pl,w5,no,no,yes
2118,exp_acyclic_indvary2_step4_batch_yyy02.pl,u3,no,no,yes
2119,exp_acyclic_indvary2_step4_batch_yyy02.pl,r4,no,no,yes
2121,exp_acyclic_indvary2_step4_batch_yyy03.pl,d3,no,no,yes
2122,exp_acyclic_indvary2_step4_batch_yyy03.pl,w6,no,no,yes
2126,exp_acyclic_indvary2_step4_batch_yyy03.pl,b6,no,no,yes
2127,exp_acyclic_indvary2_step4_batch_yyy03.pl,y5,no,no,yes
2129,exp_acyclic_indvary2_step4_batch_yyy03.pl,w3,no,no,yes
2130,exp_acyclic_indvary2_step4_batch_yyy04.pl,t5,no,no,yes
2131,exp_acyclic_indvary2_step4_batch_yyy04.pl,a6,no,no,yes
2132,exp_acyclic_indvary2_step4_batch_yyy04.pl,r5,no,no,yes
2134,exp_acyclic_indvary2_step4_batch_yyy04.pl,x6,no,no,yes
2139,exp_acyclic_indvary2_step4_batch_yyy04.pl,x4,no,no,yes
2140,exp_acyclic_indvary2_step4_batch_yyy05.pl,p5,no,no,yes
2141,exp_acyclic_indvary2_step4_batch_yyy05.pl,t3,no,no,yes
2142,exp_acyclic_indvary2_step4_batch_yyy05.pl,t6,no,no,yes
2143,exp_acyclic_indvary2_step4_batch_yyy05.pl,a4,no,no,yes
2144,exp_acyclic_indvary2_step4_batch_yyy05.pl,v4,no,no,yes
2145,exp_acyclic_indvary2_step4_batch_yyy05.pl,f4,no,no,yes
2146,exp_acyclic_indvary2_step4_batch_yyy05.pl,x6,no,no,yes
2148,exp_acyclic_indvary2_step4_batch_yyy05.pl,a6,no,no,yes
2149,exp_acyclic_indvary2_step4_batch_yyy05.pl,w7,no,no,yes
2150,exp_acyclic_indvary2_step4_batch_yyy06.pl,d5,no,no,yes
2151,exp_acyclic_indvary2_step4_batch_yyy06.pl,p7,no,no,yes
2152,exp_acyclic_indvary2_step4_batch_yyy06.pl,v5,no,no,yes
2155,exp_acyclic_indvary2_step4_batch_yyy06.pl,f3,no,no,yes
2156,exp_acyclic_indvary2_step4_batch_yyy06.pl,e3,no,no,yes
2158,exp_acyclic_indvary2_step4_batch_yyy06.pl,r7,no,no,yes
2161,exp_acyclic_indvary2_step4_batch_yyy07.pl,u4,no,no,yes
2162,exp_acyclic_indvary2_step4_batch_yyy07.pl,z1,no,no,yes
2163,exp_acyclic_indvary2_step4_batch_yyy07.pl,v1,no,no,yes
2165,exp_acyclic_indvary2_step4_batch_yyy07.pl,z3,no,no,yes
2166,exp_acyclic_indvary2_step4_batch_yyy07.pl,s4,no,no,yes
2167,exp_acyclic_indvary2_step4_batch_yyy07.pl,y4,no,no,yes
2168,exp_acyclic_indvary2_step4_batch_yyy07.pl,t2,no,no,yes
2169,exp_acyclic_indvary2_step4_batch_yyy07.pl,t7,no,no,yes
2170,exp_acyclic_indvary2_step4_batch_yyy08.pl,u6,no,no,yes
2171,exp_acyclic_indvary2_step4_batch_yyy08.pl,f5,no,no,yes
2172,exp_acyclic_indvary2_step4_batch_yyy08.pl,f3,no,no,yes
2173,exp_acyclic_indvary2_step4_batch_yyy08.pl,t7,no,no,yes
2174,exp_acyclic_indvary2_step4_batch_yyy08.pl,v4,no,no,yes
2175,exp_acyclic_indvary2_step4_batch_yyy08.pl,s7,no,no,yes
2177,exp_acyclic_indvary2_step4_batch_yyy08.pl,x6,no,no,yes
2181,exp_acyclic_indvary2_step4_batch_yyy09.pl,s5,no,no,yes
2182,exp_acyclic_indvary2_step4_batch_yyy09.pl,c5,no,no,yes
2183,exp_acyclic_indvary2_step4_batch_yyy09.pl,x7,no,no,yes
2184,exp_acyclic_indvary2_step4_batch_yyy09.pl,e3,no,no,yes
2188,exp_acyclic_indvary2_step4_batch_yyy09.pl,b6,no,no,yes
2190,exp_acyclic_indvary2_step4_batch_yyy10.pl,t5,no,no,yes
2191,exp_acyclic_indvary2_step4_batch_yyy10.pl,z6,no,no,yes
2192,exp_acyclic_indvary2_step4_batch_yyy10.pl,p7,no,no,yes
2193,exp_acyclic_indvary2_step4_batch_yyy10.pl,z4,no,no,yes
2195,exp_acyclic_indvary2_step4_batch_yyy10.pl,r7,no,no,yes
2197,exp_acyclic_indvary2_step4_batch_yyy10.pl,x4,no,no,yes
2200,exp_acyclic_indvary2_step5_batch_yyy01.pl,d3,no,no,yes
2201,exp_acyclic_indvary2_step5_batch_yyy01.pl,u7,no,no,yes
2202,exp_acyclic_indvary2_step5_batch_yyy01.pl,e4,no,no,yes
2203,exp_acyclic_indvary2_step5_batch_yyy01.pl,f3,no,no,yes
2204,exp_acyclic_indvary2_step5_batch_yyy01.pl,t2,no,no,yes
2205,exp_acyclic_indvary2_step5_batch_yyy01.pl,v4,no,no,yes
2207,exp_acyclic_indvary2_step5_batch_yyy01.pl,y6,no,no,yes
2210,exp_acyclic_indvary2_step5_batch_yyy02.pl,s3,no,no,yes
2211,exp_acyclic_indvary2_step5_batch_yyy02.pl,v7,no,no,yes
2214,exp_acyclic_indvary2_step5_batch_yyy02.pl,r4,no,no,yes
2215,exp_acyclic_indvary2_step5_batch_yyy02.pl,p2,no,no,yes
2218,exp_acyclic_indvary2_step5_batch_yyy02.pl,b6,no,no,yes
2220,exp_acyclic_indvary2_step5_batch_yyy03.pl,u6,no,no,yes
2221,exp_acyclic_indvary2_step5_batch_yyy03.pl,p5,no,no,yes
2222,exp_acyclic_indvary2_step5_batch_yyy03.pl,r6,no,no,yes
2223,exp_acyclic_indvary2_step5_batch_yyy03.pl,v5,no,no,yes
2224,exp_acyclic_indvary2_step5_batch_yyy03.pl,u3,no,no,yes
2225,exp_acyclic_indvary2_step5_batch_yyy03.pl,p2,no,no,yes
2226,exp_acyclic_indvary2_step5_batch_yyy03.pl,r7,no,no,yes
2228,exp_acyclic_indvary2_step5_batch_yyy03.pl,c6,no,no,yes
2229,exp_acyclic_indvary2_step5_batch_yyy03.pl,b5,no,no,yes
2230,exp_acyclic_indvary2_step5_batch_yyy04.pl,c4,no,no,yes
2231,exp_acyclic_indvary2_step5_batch_yyy04.pl,s4,no,no,yes
2235,exp_acyclic_indvary2_step5_batch_yyy04.pl,x5,no,no,yes
2237,exp_acyclic_indvary2_step5_batch_yyy04.pl,t7,no,no,yes
2238,exp_acyclic_indvary2_step5_batch_yyy04.pl,x4,no,no,yes
2239,exp_acyclic_indvary2_step5_batch_yyy04.pl,w3,no,no,yes
2240,exp_acyclic_indvary2_step5_batch_yyy05.pl,z6,no,no,yes
2241,exp_acyclic_indvary2_step5_batch_yyy05.pl,p5,no,no,yes
2243,exp_acyclic_indvary2_step5_batch_yyy05.pl,w5,no,no,yes
2247,exp_acyclic_indvary2_step5_batch_yyy05.pl,x4,no,no,yes
2249,exp_acyclic_indvary2_step5_batch_yyy05.pl,t5,no,no,yes
2250,exp_acyclic_indvary2_step5_batch_yyy06.pl,y4,no,no,yes
2251,exp_acyclic_indvary2_step5_batch_yyy06.pl,t3,no,no,yes
2252,exp_acyclic_indvary2_step5_batch_yyy06.pl,x7,no,no,yes
2253,exp_acyclic_indvary2_step5_batch_yyy06.pl,a4,no,no,yes
2254,exp_acyclic_indvary2_step5_batch_yyy06.pl,w4,no,no,yes
2255,exp_acyclic_indvary2_step5_batch_yyy06.pl,t7,no,no,yes
2257,exp_acyclic_indvary2_step5_batch_yyy06.pl,v3,no,no,yes
2259,exp_acyclic_indvary2_step5_batch_yyy06.pl,w3,no,no,yes
2260,exp_acyclic_indvary2_step5_batch_yyy07.pl,u6,no,no,yes
2261,exp_acyclic_indvary2_step5_batch_yyy07.pl,x3,no,no,yes
2262,exp_acyclic_indvary2_step5_batch_yyy07.pl,e5,no,no,yes
2263,exp_acyclic_indvary2_step5_batch_yyy07.pl,a5,no,no,yes
2264,exp_acyclic_indvary2_step5_batch_yyy07.pl,r5,no,no,yes
2265,exp_acyclic_indvary2_step5_batch_yyy07.pl,y6,no,no,yes
2267,exp_acyclic_indvary2_step5_batch_yyy07.pl,t5,no,no,yes
2269,exp_acyclic_indvary2_step5_batch_yyy07.pl,w7,no,no,yes
2270,exp_acyclic_indvary2_step5_batch_yyy08.pl,d5,no,no,yes
2272,exp_acyclic_indvary2_step5_batch_yyy08.pl,q6,no,no,yes
2273,exp_acyclic_indvary2_step5_batch_yyy08.pl,e5,no,no,yes
2274,exp_acyclic_indvary2_step5_batch_yyy08.pl,c5,no,no,yes
2275,exp_acyclic_indvary2_step5_batch_yyy08.pl,e4,no,no,yes
2276,exp_acyclic_indvary2_step5_batch_yyy08.pl,w4,no,no,yes
2277,exp_acyclic_indvary2_step5_batch_yyy08.pl,v4,no,no,yes
2278,exp_acyclic_indvary2_step5_batch_yyy08.pl,s7,no,no,yes
2280,exp_acyclic_indvary2_step5_batch_yyy09.pl,a6,no,no,yes
2281,exp_acyclic_indvary2_step5_batch_yyy09.pl,d4,no,no,yes
2282,exp_acyclic_indvary2_step5_batch_yyy09.pl,u7,no,no,yes
2283,exp_acyclic_indvary2_step5_batch_yyy09.pl,c5,no,no,yes
2284,exp_acyclic_indvary2_step5_batch_yyy09.pl,a4,no,no,yes
2285,exp_acyclic_indvary2_step5_batch_yyy09.pl,x5,no,no,yes
2287,exp_acyclic_indvary2_step5_batch_yyy09.pl,y2,no,no,yes
2290,exp_acyclic_indvary2_step5_batch_yyy10.pl,v7,no,no,yes
2293,exp_acyclic_indvary2_step5_batch_yyy10.pl,d3,no,no,yes
2295,exp_acyclic_indvary2_step5_batch_yyy10.pl,q4,no,no,yes
2298,exp_acyclic_indvary2_step5_batch_yyy10.pl,s7,no,no,yes
2299,exp_acyclic_indvary2_step5_batch_yyy10.pl,w3,no,no,yes
2300,exp_acyclic_indvary2_step6_batch_yyy01.pl,v2,no,no,yes
2301,exp_acyclic_indvary2_step6_batch_yyy01.pl,u4,no,no,yes
2302,exp_acyclic_indvary2_step6_batch_yyy01.pl,w5,no,no,yes
2303,exp_acyclic_indvary2_step6_batch_yyy01.pl,t7,no,no,yes
2304,exp_acyclic_indvary2_step6_batch_yyy01.pl,x6,no,no,yes
2305,exp_acyclic_indvary2_step6_batch_yyy01.pl,r2,no,no,yes
2306,exp_acyclic_indvary2_step6_batch_yyy01.pl,a6,no,no,yes
2307,exp_acyclic_indvary2_step6_batch_yyy01.pl,s4,no,no,yes
2309,exp_acyclic_indvary2_step6_batch_yyy01.pl,e5,no,no,yes
2310,exp_acyclic_indvary2_step6_batch_yyy02.pl,z6,no,no,yes
2311,exp_acyclic_indvary2_step6_batch_yyy02.pl,x3,no,no,yes
2312,exp_acyclic_indvary2_step6_batch_yyy02.pl,v5,no,no,yes
2313,exp_acyclic_indvary2_step6_batch_yyy02.pl,s5,no,no,yes
2314,exp_acyclic_indvary2_step6_batch_yyy02.pl,a5,no,no,yes
2318,exp_acyclic_indvary2_step6_batch_yyy02.pl,w7,no,no,yes
2319,exp_acyclic_indvary2_step6_batch_yyy02.pl,v7,no,no,yes
2320,exp_acyclic_indvary2_step6_batch_yyy03.pl,v7,no,no,yes
2321,exp_acyclic_indvary2_step6_batch_yyy03.pl,x3,no,no,yes
2323,exp_acyclic_indvary2_step6_batch_yyy03.pl,s2,no,no,yes
2327,exp_acyclic_indvary2_step6_batch_yyy03.pl,u3,no,no,yes
2328,exp_acyclic_indvary2_step6_batch_yyy03.pl,e3,no,no,yes
2329,exp_acyclic_indvary2_step6_batch_yyy03.pl,r4,no,no,yes
2330,exp_acyclic_indvary2_step6_batch_yyy04.pl,a6,no,no,yes
2331,exp_acyclic_indvary2_step6_batch_yyy04.pl,u4,no,no,yes
2332,exp_acyclic_indvary2_step6_batch_yyy04.pl,w5,no,no,yes
2334,exp_acyclic_indvary2_step6_batch_yyy04.pl,e4,no,no,yes
2335,exp_acyclic_indvary2_step6_batch_yyy04.pl,c6,no,no,yes
2337,exp_acyclic_indvary2_step6_batch_yyy04.pl,y6,no,no,yes
2339,exp_acyclic_indvary2_step6_batch_yyy04.pl,r1,no,no,yes
2342,exp_acyclic_indvary2_step6_batch_yyy05.pl,x7,no,no,yes
2343,exp_acyclic_indvary2_step6_batch_yyy05.pl,w6,no,no,yes
2344,exp_acyclic_indvary2_step6_batch_yyy05.pl,e4,no,no,yes
2349,exp_acyclic_indvary2_step6_batch_yyy05.pl,x6,no,no,yes
2350,exp_acyclic_indvary2_step6_batch_yyy06.pl,t5,no,no,yes
2351,exp_acyclic_indvary2_step6_batch_yyy06.pl,z5,no,no,yes
2352,exp_acyclic_indvary2_step6_batch_yyy06.pl,e5,no,no,yes
2354,exp_acyclic_indvary2_step6_batch_yyy06.pl,z4,no,no,yes
2355,exp_acyclic_indvary2_step6_batch_yyy06.pl,v4,no,no,yes
2358,exp_acyclic_indvary2_step6_batch_yyy06.pl,s7,no,no,yes
2360,exp_acyclic_indvary2_step6_batch_yyy07.pl,u5,no,no,yes
2362,exp_acyclic_indvary2_step6_batch_yyy07.pl,v5,no,no,yes
2364,exp_acyclic_indvary2_step6_batch_yyy07.pl,e3,no,no,yes
2368,exp_acyclic_indvary2_step6_batch_yyy07.pl,t2,no,no,yes
2369,exp_acyclic_indvary2_step6_batch_yyy07.pl,s6,no,no,yes
2370,exp_acyclic_indvary2_step6_batch_yyy08.pl,u5,no,no,yes
2372,exp_acyclic_indvary2_step6_batch_yyy08.pl,t6,no,no,yes
2374,exp_acyclic_indvary2_step6_batch_yyy08.pl,x1,no,no,yes
2375,exp_acyclic_indvary2_step6_batch_yyy08.pl,s7,no,no,yes
2377,exp_acyclic_indvary2_step6_batch_yyy08.pl,q2,no,no,yes
2379,exp_acyclic_indvary2_step6_batch_yyy08.pl,e5,no,no,yes
2380,exp_acyclic_indvary2_step6_batch_yyy09.pl,u5,no,no,yes
2381,exp_acyclic_indvary2_step6_batch_yyy09.pl,t5,no,no,yes
2383,exp_acyclic_indvary2_step6_batch_yyy09.pl,p5,no,no,yes
2384,exp_acyclic_indvary2_step6_batch_yyy09.pl,e5,no,no,yes
2385,exp_acyclic_indvary2_step6_batch_yyy09.pl,t3,no,no,yes
2387,exp_acyclic_indvary2_step6_batch_yyy09.pl,b5,no,no,yes
2390,exp_acyclic_indvary2_step6_batch_yyy10.pl,z6,no,no,yes
2391,exp_acyclic_indvary2_step6_batch_yyy10.pl,p7,no,no,yes
2392,exp_acyclic_indvary2_step6_batch_yyy10.pl,x2,no,no,yes
2393,exp_acyclic_indvary2_step6_batch_yyy10.pl,c6,no,no,yes
2395,exp_acyclic_indvary2_step6_batch_yyy10.pl,r7,no,no,yes
2397,exp_acyclic_indvary2_step6_batch_yyy10.pl,q7,no,no,yes
2398,exp_acyclic_indvary2_step6_batch_yyy10.pl,c5,no,no,yes
2400,exp_acyclic_indvary2_step7_batch_yyy01.pl,t4,no,no,yes
2402,exp_acyclic_indvary2_step7_batch_yyy01.pl,p5,no,no,yes
2403,exp_acyclic_indvary2_step7_batch_yyy01.pl,r5,no,no,yes
2405,exp_acyclic_indvary2_step7_batch_yyy01.pl,b6,no,no,yes
2406,exp_acyclic_indvary2_step7_batch_yyy01.pl,r3,no,no,yes
2407,exp_acyclic_indvary2_step7_batch_yyy01.pl,w3,no,no,yes
2408,exp_acyclic_indvary2_step7_batch_yyy01.pl,r6,no,no,yes
2409,exp_acyclic_indvary2_step7_batch_yyy01.pl,e5,no,no,yes
2410,exp_acyclic_indvary2_step7_batch_yyy02.pl,s3,no,no,yes
2411,exp_acyclic_indvary2_step7_batch_yyy02.pl,z6,no,no,yes
2413,exp_acyclic_indvary2_step7_batch_yyy02.pl,v5,no,no,yes
2414,exp_acyclic_indvary2_step7_batch_yyy02.pl,q5,no,no,yes
2415,exp_acyclic_indvary2_step7_batch_yyy02.pl,c5,no,no,yes
2416,exp_acyclic_indvary2_step7_batch_yyy02.pl,f5,no,no,yes
2418,exp_acyclic_indvary2_step7_batch_yyy02.pl,z4,no,no,yes
2419,exp_acyclic_indvary2_step7_batch_yyy02.pl,r5,no,no,yes
2420,exp_acyclic_indvary2_step7_batch_yyy03.pl,z5,no,no,yes
2421,exp_acyclic_indvary2_step7_batch_yyy03.pl,x3,no,no,yes
2423,exp_acyclic_indvary2_step7_batch_yyy03.pl,u7,no,no,yes
2424,exp_acyclic_indvary2_step7_batch_yyy03.pl,s5,no,no,yes
2426,exp_acyclic_indvary2_step7_batch_yyy03.pl,b5,no,no,yes
2427,exp_acyclic_indvary2_step7_batch_yyy03.pl,u3,no,no,yes
2428,exp_acyclic_indvary2_step7_batch_yyy03.pl,r1,no,no,yes
2429,exp_acyclic_indvary2_step7_batch_yyy03.pl,r7,no,no,yes
2430,exp_acyclic_indvary2_step7_batch_yyy04.pl,t4,no,no,yes
2431,exp_acyclic_indvary2_step7_batch_yyy04.pl,u7,no,no,yes
2432,exp_acyclic_indvary2_step7_batch_yyy04.pl,t3,no,no,yes
2433,exp_acyclic_indvary2_step7_batch_yyy04.pl,c5,no,no,yes
2438,exp_acyclic_indvary2_step7_batch_yyy04.pl,y5,no,no,yes
2439,exp_acyclic_indvary2_step7_batch_yyy04.pl,y6,no,no,yes
2440,exp_acyclic_indvary2_step7_batch_yyy05.pl,u6,no,no,yes
2441,exp_acyclic_indvary2_step7_batch_yyy05.pl,c4,no,no,yes
2442,exp_acyclic_indvary2_step7_batch_yyy05.pl,s4,no,no,yes
2443,exp_acyclic_indvary2_step7_batch_yyy05.pl,c5,no,no,yes
2444,exp_acyclic_indvary2_step7_batch_yyy05.pl,q4,no,no,yes
2445,exp_acyclic_indvary2_step7_batch_yyy05.pl,f5,no,no,yes
2447,exp_acyclic_indvary2_step7_batch_yyy05.pl,e3,no,no,yes
2450,exp_acyclic_indvary2_step7_batch_yyy06.pl,s4,no,no,yes
2452,exp_acyclic_indvary2_step7_batch_yyy06.pl,w4,no,no,yes
2453,exp_acyclic_indvary2_step7_batch_yyy06.pl,f4,no,no,yes
2455,exp_acyclic_indvary2_step7_batch_yyy06.pl,r7,no,no,yes
2458,exp_acyclic_indvary2_step7_batch_yyy06.pl,p6,no,no,yes
2460,exp_acyclic_indvary2_step7_batch_yyy07.pl,u6,no,no,yes
2462,exp_acyclic_indvary2_step7_batch_yyy07.pl,v7,no,no,yes
2463,exp_acyclic_indvary2_step7_batch_yyy07.pl,z5,no,no,yes
2465,exp_acyclic_indvary2_step7_batch_yyy07.pl,f4,no,no,yes
2467,exp_acyclic_indvary2_step7_batch_yyy07.pl,r7,no,no,yes
2468,exp_acyclic_indvary2_step7_batch_yyy07.pl,z4,no,no,yes
2469,exp_acyclic_indvary2_step7_batch_yyy07.pl,r5,no,no,yes
2470,exp_acyclic_indvary2_step7_batch_yyy08.pl,q6,no,no,yes
2471,exp_acyclic_indvary2_step7_batch_yyy08.pl,d3,no,no,yes
2472,exp_acyclic_indvary2_step7_batch_yyy08.pl,v5,no,no,yes
2473,exp_acyclic_indvary2_step7_batch_yyy08.pl,w6,no,no,yes
2474,exp_acyclic_indvary2_step7_batch_yyy08.pl,r5,no,no,yes
2476,exp_acyclic_indvary2_step7_batch_yyy08.pl,s4,no,no,yes
2477,exp_acyclic_indvary2_step7_batch_yyy08.pl,v7,no,no,yes
2479,exp_acyclic_indvary2_step7_batch_yyy08.pl,x6,no,no,yes
2480,exp_acyclic_indvary2_step7_batch_yyy09.pl,a6,no,no,yes
2482,exp_acyclic_indvary2_step7_batch_yyy09.pl,d4,no,no,yes
2483,exp_acyclic_indvary2_step7_batch_yyy09.pl,b4,no,no,yes
2484,exp_acyclic_indvary2_step7_batch_yyy09.pl,a4,no,no,yes
2485,exp_acyclic_indvary2_step7_batch_yyy09.pl,z4,no,no,yes
2487,exp_acyclic_indvary2_step7_batch_yyy09.pl,b5,no,no,yes
2488,exp_acyclic_indvary2_step7_batch_yyy09.pl,y2,no,no,yes
2489,exp_acyclic_indvary2_step7_batch_yyy09.pl,q7,no,no,yes
2490,exp_acyclic_indvary2_step7_batch_yyy10.pl,t5,no,no,yes
2491,exp_acyclic_indvary2_step7_batch_yyy10.pl,z6,no,no,yes
2493,exp_acyclic_indvary2_step7_batch_yyy10.pl,s5,no,no,yes
2495,exp_acyclic_indvary2_step7_batch_yyy10.pl,p6,no,no,yes
2496,exp_acyclic_indvary2_step7_batch_yyy10.pl,s4,no,no,yes
2497,exp_acyclic_indvary2_step7_batch_yyy10.pl,w7,no,no,yes
2499,exp_acyclic_indvary2_step7_batch_yyy10.pl,s6,no,no,yes
2500,exp_acyclic_indvary2_step8_batch_yyy01.pl,q6,no,no,yes
2501,exp_acyclic_indvary2_step8_batch_yyy01.pl,c5,no,no,yes
2502,exp_acyclic_indvary2_step8_batch_yyy01.pl,v4,no,no,yes
2505,exp_acyclic_indvary2_step8_batch_yyy01.pl,r7,no,no,yes
2506,exp_acyclic_indvary2_step8_batch_yyy01.pl,w3,no,no,yes
2507,exp_acyclic_indvary2_step8_batch_yyy01.pl,x5,no,no,yes
2509,exp_acyclic_indvary2_step8_batch_yyy01.pl,s6,no,no,yes
2511,exp_acyclic_indvary2_step8_batch_yyy02.pl,r5,no,no,yes
2512,exp_acyclic_indvary2_step8_batch_yyy02.pl,v3,no,no,yes
2514,exp_acyclic_indvary2_step8_batch_yyy02.pl,y5,no,no,yes
2516,exp_acyclic_indvary2_step8_batch_yyy02.pl,v2,no,no,yes
2517,exp_acyclic_indvary2_step8_batch_yyy02.pl,q6,no,no,yes
2518,exp_acyclic_indvary2_step8_batch_yyy02.pl,v5,no,no,yes
2519,exp_acyclic_indvary2_step8_batch_yyy02.pl,w5,no,no,yes
2520,exp_acyclic_indvary2_step8_batch_yyy03.pl,d5,no,no,yes
2521,exp_acyclic_indvary2_step8_batch_yyy03.pl,v7,no,no,yes
2522,exp_acyclic_indvary2_step8_batch_yyy03.pl,d3,no,no,yes
2523,exp_acyclic_indvary2_step8_batch_yyy03.pl,t6,no,no,yes
2524,exp_acyclic_indvary2_step8_batch_yyy03.pl,f5,no,no,yes
2525,exp_acyclic_indvary2_step8_batch_yyy03.pl,z3,no,no,yes
2527,exp_acyclic_indvary2_step8_batch_yyy03.pl,q7,no,no,yes
2529,exp_acyclic_indvary2_step8_batch_yyy03.pl,r7,no,no,yes
2530,exp_acyclic_indvary2_step8_batch_yyy04.pl,p4,no,no,yes
2531,exp_acyclic_indvary2_step8_batch_yyy04.pl,q5,no,no,yes
2532,exp_acyclic_indvary2_step8_batch_yyy04.pl,x5,no,no,yes
2533,exp_acyclic_indvary2_step8_batch_yyy04.pl,p2,no,no,yes
2535,exp_acyclic_indvary2_step8_batch_yyy04.pl,e5,no,no,yes
2536,exp_acyclic_indvary2_step8_batch_yyy04.pl,w5,no,no,yes
2537,exp_acyclic_indvary2_step8_batch_yyy04.pl,u7,no,no,yes
2540,exp_acyclic_indvary2_step8_batch_yyy05.pl,p4,no,no,yes
2546,exp_acyclic_indvary2_step8_batch_yyy05.pl,b6,no,no,yes
2548,exp_acyclic_indvary2_step8_batch_yyy05.pl,b4,no,no,yes
2549,exp_acyclic_indvary2_step8_batch_yyy05.pl,t3,no,no,yes
2550,exp_acyclic_indvary2_step8_batch_yyy06.pl,v6,no,no,yes
2551,exp_acyclic_indvary2_step8_batch_yyy06.pl,w5,no,no,yes
2552,exp_acyclic_indvary2_step8_batch_yyy06.pl,f3,no,no,yes
2553,exp_acyclic_indvary2_step8_batch_yyy06.pl,e3,no,no,yes
2555,exp_acyclic_indvary2_step8_batch_yyy06.pl,b6,no,no,yes
2557,exp_acyclic_indvary2_step8_batch_yyy06.pl,q2,no,no,yes
2558,exp_acyclic_indvary2_step8_batch_yyy06.pl,c5,no,no,yes
2560,exp_acyclic_indvary2_step8_batch_yyy07.pl,u5,no,no,yes
2561,exp_acyclic_indvary2_step8_batch_yyy07.pl,z5,no,no,yes
2562,exp_acyclic_indvary2_step8_batch_yyy07.pl,b4,no,no,yes
2564,exp_acyclic_indvary2_step8_batch_yyy07.pl,x5,no,no,yes
2565,exp_acyclic_indvary2_step8_batch_yyy07.pl,u3,no,no,yes
2567,exp_acyclic_indvary2_step8_batch_yyy07.pl,a5,no,no,yes
2570,exp_acyclic_indvary2_step8_batch_yyy08.pl,z6,no,no,yes
2572,exp_acyclic_indvary2_step8_batch_yyy08.pl,c5,no,no,yes
2573,exp_acyclic_indvary2_step8_batch_yyy08.pl,w6,no,no,yes
2574,exp_acyclic_indvary2_step8_batch_yyy08.pl,z4,no,no,yes
2577,exp_acyclic_indvary2_step8_batch_yyy08.pl,q7,no,no,yes
2578,exp_acyclic_indvary2_step8_batch_yyy08.pl,x5,no,no,yes
2579,exp_acyclic_indvary2_step8_batch_yyy08.pl,b5,no,no,yes
2580,exp_acyclic_indvary2_step8_batch_yyy09.pl,q6,no,no,yes
2581,exp_acyclic_indvary2_step8_batch_yyy09.pl,t6,no,no,yes
2582,exp_acyclic_indvary2_step8_batch_yyy09.pl,e3,no,no,yes
2583,exp_acyclic_indvary2_step8_batch_yyy09.pl,r1,no,no,yes
2584,exp_acyclic_indvary2_step8_batch_yyy09.pl,d4,no,no,yes
2585,exp_acyclic_indvary2_step8_batch_yyy09.pl,x3,no,no,yes
2587,exp_acyclic_indvary2_step8_batch_yyy09.pl,e5,no,no,yes
2588,exp_acyclic_indvary2_step8_batch_yyy09.pl,f4,no,no,yes
2591,exp_acyclic_indvary2_step8_batch_yyy10.pl,v7,no,no,yes
2592,exp_acyclic_indvary2_step8_batch_yyy10.pl,v6,no,no,yes
2593,exp_acyclic_indvary2_step8_batch_yyy10.pl,b4,no,no,yes
2594,exp_acyclic_indvary2_step8_batch_yyy10.pl,t6,no,no,yes
2595,exp_acyclic_indvary2_step8_batch_yyy10.pl,e3,no,no,yes
2598,exp_acyclic_indvary2_step8_batch_yyy10.pl,w6,no,no,yes
2600,exp_acyclic_indvary3_step1_batch_yyy01.pl,t3,no,no,yes
2601,exp_acyclic_indvary3_step1_batch_yyy01.pl,a5,no,no,yes
2604,exp_acyclic_indvary3_step1_batch_yyy01.pl,e3,no,no,yes
2606,exp_acyclic_indvary3_step1_batch_yyy01.pl,r7,no,no,yes
2608,exp_acyclic_indvary3_step1_batch_yyy01.pl,r1,no,no,yes
2610,exp_acyclic_indvary3_step1_batch_yyy02.pl,u6,no,no,yes
2611,exp_acyclic_indvary3_step1_batch_yyy02.pl,z5,no,no,yes
2613,exp_acyclic_indvary3_step1_batch_yyy02.pl,v5,no,no,yes
2615,exp_acyclic_indvary3_step1_batch_yyy02.pl,x7,no,no,yes
2616,exp_acyclic_indvary3_step1_batch_yyy02.pl,f5,no,no,yes
2618,exp_acyclic_indvary3_step1_batch_yyy02.pl,t7,no,no,yes
2619,exp_acyclic_indvary3_step1_batch_yyy02.pl,y5,no,no,yes
2620,exp_acyclic_indvary3_step1_batch_yyy03.pl,q6,no,no,yes
2621,exp_acyclic_indvary3_step1_batch_yyy03.pl,u1,no,no,yes
2622,exp_acyclic_indvary3_step1_batch_yyy03.pl,c5,no,no,yes
2623,exp_acyclic_indvary3_step1_batch_yyy03.pl,t7,no,no,yes
2626,exp_acyclic_indvary3_step1_batch_yyy03.pl,e3,no,no,yes
2627,exp_acyclic_indvary3_step1_batch_yyy03.pl,r4,no,no,yes
2629,exp_acyclic_indvary3_step1_batch_yyy03.pl,s1,no,no,yes
2630,exp_acyclic_indvary3_step1_batch_yyy04.pl,z5,no,no,yes
2631,exp_acyclic_indvary3_step1_batch_yyy04.pl,d4,no,no,yes
2632,exp_acyclic_indvary3_step1_batch_yyy04.pl,u4,no,no,yes
2634,exp_acyclic_indvary3_step1_batch_yyy04.pl,x7,no,no,yes
2635,exp_acyclic_indvary3_step1_batch_yyy04.pl,s6,no,no,yes
2637,exp_acyclic_indvary3_step1_batch_yyy04.pl,r2,no,no,yes
2640,exp_acyclic_indvary3_step1_batch_yyy05.pl,z6,no,no,yes
2642,exp_acyclic_indvary3_step1_batch_yyy05.pl,v2,no,no,yes
2645,exp_acyclic_indvary3_step1_batch_yyy05.pl,w4,no,no,yes
2647,exp_acyclic_indvary3_step1_batch_yyy05.pl,r2,no,no,yes
2650,exp_acyclic_indvary3_step1_batch_yyy06.pl,u6,no,no,yes
2651,exp_acyclic_indvary3_step1_batch_yyy06.pl,d3,no,no,yes
2652,exp_acyclic_indvary3_step1_batch_yyy06.pl,w5,no,no,yes
2653,exp_acyclic_indvary3_step1_batch_yyy06.pl,b4,no,no,yes
2655,exp_acyclic_indvary3_step1_batch_yyy06.pl,t7,no,no,yes
2656,exp_acyclic_indvary3_step1_batch_yyy06.pl,p2,no,no,yes
2658,exp_acyclic_indvary3_step1_batch_yyy06.pl,v3,no,no,yes
2662,exp_acyclic_indvary3_step1_batch_yyy07.pl,u3,no,no,yes
2663,exp_acyclic_indvary3_step1_batch_yyy07.pl,y1,no,no,yes
2664,exp_acyclic_indvary3_step1_batch_yyy07.pl,r2,no,no,yes
2665,exp_acyclic_indvary3_step1_batch_yyy07.pl,u2,no,no,yes
2666,exp_acyclic_indvary3_step1_batch_yyy07.pl,q7,no,no,yes
2667,exp_acyclic_indvary3_step1_batch_yyy07.pl,y5,no,no,yes
2668,exp_acyclic_indvary3_step1_batch_yyy07.pl,p6,no,no,yes
2669,exp_acyclic_indvary3_step1_batch_yyy07.pl,q2,no,no,yes
2670,exp_acyclic_indvary3_step1_batch_yyy08.pl,s3,no,no,yes
2671,exp_acyclic_indvary3_step1_batch_yyy08.pl,s4,no,no,yes
2675,exp_acyclic_indvary3_step1_batch_yyy08.pl,p6,no,no,yes
2676,exp_acyclic_indvary3_step1_batch_yyy08.pl,z5,no,no,yes
2679,exp_acyclic_indvary3_step1_batch_yyy08.pl,x6,no,no,yes
2680,exp_acyclic_indvary3_step1_batch_yyy09.pl,v6,no,no,yes
2681,exp_acyclic_indvary3_step1_batch_yyy09.pl,v5,no,no,yes
2683,exp_acyclic_indvary3_step1_batch_yyy09.pl,t5,no,no,yes
2684,exp_acyclic_indvary3_step1_batch_yyy09.pl,d3,no,no,yes
2685,exp_acyclic_indvary3_step1_batch_yyy09.pl,u4,no,no,yes
2689,exp_acyclic_indvary3_step1_batch_yyy09.pl,r5,no,no,yes
2690,exp_acyclic_indvary3_step1_batch_yyy10.pl,d5,no,no,yes
2691,exp_acyclic_indvary3_step1_batch_yyy10.pl,w7,no,no,yes
2692,exp_acyclic_indvary3_step1_batch_yyy10.pl,e5,no,no,yes
2693,exp_acyclic_indvary3_step1_batch_yyy10.pl,c5,no,no,yes
2696,exp_acyclic_indvary3_step1_batch_yyy10.pl,r1,no,no,yes
2697,exp_acyclic_indvary3_step1_batch_yyy10.pl,b6,no,no,yes
2698,exp_acyclic_indvary3_step1_batch_yyy10.pl,v3,no,no,yes
2700,exp_acyclic_indvary3_step2_batch_yyy01.pl,u6,no,no,yes
2701,exp_acyclic_indvary3_step2_batch_yyy01.pl,q6,no,no,yes
2703,exp_acyclic_indvary3_step2_batch_yyy01.pl,e5,no,no,yes
2704,exp_acyclic_indvary3_step2_batch_yyy01.pl,x7,no,no,yes
2705,exp_acyclic_indvary3_step2_batch_yyy01.pl,z4,no,no,yes
2706,exp_acyclic_indvary3_step2_batch_yyy01.pl,r4,no,no,yes
2708,exp_acyclic_indvary3_step2_batch_yyy01.pl,q7,no,no,yes
2710,exp_acyclic_indvary3_step2_batch_yyy02.pl,d5,no,no,yes
2711,exp_acyclic_indvary3_step2_batch_yyy02.pl,c4,no,no,yes
2712,exp_acyclic_indvary3_step2_batch_yyy02.pl,w7,no,no,yes
2713,exp_acyclic_indvary3_step2_batch_yyy02.pl,x3,no,no,yes
2714,exp_acyclic_indvary3_step2_batch_yyy02.pl,u4,no,no,yes
2715,exp_acyclic_indvary3_step2_batch_yyy02.pl,a4,no,no,yes
2716,exp_acyclic_indvary3_step2_batch_yyy02.pl,e4,no,no,yes
2717,exp_acyclic_indvary3_step2_batch_yyy02.pl,u3,no,no,yes
2720,exp_acyclic_indvary3_step2_batch_yyy03.pl,v7,no,no,yes
2721,exp_acyclic_indvary3_step2_batch_yyy03.pl,v6,no,no,yes
2722,exp_acyclic_indvary3_step2_batch_yyy03.pl,u4,no,no,yes
2723,exp_acyclic_indvary3_step2_batch_yyy03.pl,v5,no,no,yes
2724,exp_acyclic_indvary3_step2_batch_yyy03.pl,t7,no,no,yes
2725,exp_acyclic_indvary3_step2_batch_yyy03.pl,s1,no,no,yes
2726,exp_acyclic_indvary3_step2_batch_yyy03.pl,v1,no,no,yes
2728,exp_acyclic_indvary3_step2_batch_yyy03.pl,p6,no,no,yes
2729,exp_acyclic_indvary3_step2_batch_yyy03.pl,q2,no,no,yes
2730,exp_acyclic_indvary3_step2_batch_yyy04.pl,t5,no,no,yes
2731,exp_acyclic_indvary3_step2_batch_yyy04.pl,w7,no,no,yes
2732,exp_acyclic_indvary3_step2_batch_yyy04.pl,v6,no,no,yes
2733,exp_acyclic_indvary3_step2_batch_yyy04.pl,s5,no,no,yes
2734,exp_acyclic_indvary3_step2_batch_yyy04.pl,s2,no,no,yes
2735,exp_acyclic_indvary3_step2_batch_yyy04.pl,x2,no,no,yes
2738,exp_acyclic_indvary3_step2_batch_yyy04.pl,y6,no,no,yes
2739,exp_acyclic_indvary3_step2_batch_yyy04.pl,p6,no,no,yes
2741,exp_acyclic_indvary3_step2_batch_yyy05.pl,z5,no,no,yes
2742,exp_acyclic_indvary3_step2_batch_yyy05.pl,e4,no,no,yes
2745,exp_acyclic_indvary3_step2_batch_yyy05.pl,x4,no,no,yes
2747,exp_acyclic_indvary3_step2_batch_yyy05.pl,b5,no,no,yes
2748,exp_acyclic_indvary3_step2_batch_yyy05.pl,f4,no,no,yes
2750,exp_acyclic_indvary3_step2_batch_yyy06.pl,z6,no,no,yes
2751,exp_acyclic_indvary3_step2_batch_yyy06.pl,s4,no,no,yes
2753,exp_acyclic_indvary3_step2_batch_yyy06.pl,d3,no,no,yes
2754,exp_acyclic_indvary3_step2_batch_yyy06.pl,a5,no,no,yes
2755,exp_acyclic_indvary3_step2_batch_yyy06.pl,x4,no,no,yes
2756,exp_acyclic_indvary3_step2_batch_yyy06.pl,q5,no,no,yes
2757,exp_acyclic_indvary3_step2_batch_yyy06.pl,t3,no,no,yes
2758,exp_acyclic_indvary3_step2_batch_yyy06.pl,b6,no,no,yes
2760,exp_acyclic_indvary3_step2_batch_yyy07.pl,s4,no,no,yes
2761,exp_acyclic_indvary3_step2_batch_yyy07.pl,p4,no,no,yes
2762,exp_acyclic_indvary3_step2_batch_yyy07.pl,a4,no,no,yes
2763,exp_acyclic_indvary3_step2_batch_yyy07.pl,r5,no,no,yes
2764,exp_acyclic_indvary3_step2_batch_yyy07.pl,v4,no,no,yes
2765,exp_acyclic_indvary3_step2_batch_yyy07.pl,f4,no,no,yes
2766,exp_acyclic_indvary3_step2_batch_yyy07.pl,x6,no,no,yes
2767,exp_acyclic_indvary3_step2_batch_yyy07.pl,r7,no,no,yes
2768,exp_acyclic_indvary3_step2_batch_yyy07.pl,x5,no,no,yes
2770,exp_acyclic_indvary3_step2_batch_yyy08.pl,u5,no,no,yes
2771,exp_acyclic_indvary3_step2_batch_yyy08.pl,r6,no,no,yes
2772,exp_acyclic_indvary3_step2_batch_yyy08.pl,a4,no,no,yes
2774,exp_acyclic_indvary3_step2_batch_yyy08.pl,b6,no,no,yes
2776,exp_acyclic_indvary3_step2_batch_yyy08.pl,s2,no,no,yes
2780,exp_acyclic_indvary3_step2_batch_yyy09.pl,z5,no,no,yes
2781,exp_acyclic_indvary3_step2_batch_yyy09.pl,u7,no,no,yes
2782,exp_acyclic_indvary3_step2_batch_yyy09.pl,v1,no,no,yes
2783,exp_acyclic_indvary3_step2_batch_yyy09.pl,y2,no,no,yes
2784,exp_acyclic_indvary3_step2_batch_yyy09.pl,b6,no,no,yes
2785,exp_acyclic_indvary3_step2_batch_yyy09.pl,a6,no,no,yes
2786,exp_acyclic_indvary3_step2_batch_yyy09.pl,v7,no,no,yes
2787,exp_acyclic_indvary3_step2_batch_yyy09.pl,z4,no,no,yes
2788,exp_acyclic_indvary3_step2_batch_yyy09.pl,r5,no,no,yes
2789,exp_acyclic_indvary3_step2_batch_yyy09.pl,e4,no,no,yes
2790,exp_acyclic_indvary3_step2_batch_yyy10.pl,f5,no,no,yes
2791,exp_acyclic_indvary3_step2_batch_yyy10.pl,z4,no,no,yes
2792,exp_acyclic_indvary3_step2_batch_yyy10.pl,x5,no,no,yes
2793,exp_acyclic_indvary3_step2_batch_yyy10.pl,y1,no,no,yes
2794,exp_acyclic_indvary3_step2_batch_yyy10.pl,x6,no,no,yes
2796,exp_acyclic_indvary3_step2_batch_yyy10.pl,a6,no,no,yes
2800,exp_acyclic_indvary3_step3_batch_yyy01.pl,u5,no,no,yes
2801,exp_acyclic_indvary3_step3_batch_yyy01.pl,t4,no,no,yes
2805,exp_acyclic_indvary3_step3_batch_yyy01.pl,s1,no,no,yes
2807,exp_acyclic_indvary3_step3_batch_yyy01.pl,x4,no,no,yes
2810,exp_acyclic_indvary3_step3_batch_yyy02.pl,z6,no,no,yes
2811,exp_acyclic_indvary3_step3_batch_yyy02.pl,p4,no,no,yes
2814,exp_acyclic_indvary3_step3_batch_yyy02.pl,w4,no,no,yes
2815,exp_acyclic_indvary3_step3_batch_yyy02.pl,p2,no,no,yes
2816,exp_acyclic_indvary3_step3_batch_yyy02.pl,s4,no,no,yes
2817,exp_acyclic_indvary3_step3_batch_yyy02.pl,y4,no,no,yes
2818,exp_acyclic_indvary3_step3_batch_yyy02.pl,q7,no,no,yes
2819,exp_acyclic_indvary3_step3_batch_yyy02.pl,y5,no,no,yes
2820,exp_acyclic_indvary3_step3_batch_yyy03.pl,z5,no,no,yes
2821,exp_acyclic_indvary3_step3_batch_yyy03.pl,p5,no,no,yes
2822,exp_acyclic_indvary3_step3_batch_yyy03.pl,u7,no,no,yes
2823,exp_acyclic_indvary3_step3_batch_yyy03.pl,q5,no,no,yes
2825,exp_acyclic_indvary3_step3_batch_yyy03.pl,f3,no,no,yes
2827,exp_acyclic_indvary3_step3_batch_yyy03.pl,x1,no,no,yes
2828,exp_acyclic_indvary3_step3_batch_yyy03.pl,r3,no,no,yes
2829,exp_acyclic_indvary3_step3_batch_yyy03.pl,y6,no,no,yes
2832,exp_acyclic_indvary3_step3_batch_yyy04.pl,t7,no,no,yes
2834,exp_acyclic_indvary3_step3_batch_yyy04.pl,b6,no,no,yes
2835,exp_acyclic_indvary3_step3_batch_yyy04.pl,u2,no,no,yes
2836,exp_acyclic_indvary3_step3_batch_yyy04.pl,y6,no,no,yes
2837,exp_acyclic_indvary3_step3_batch_yyy04.pl,p6,no,no,yes
2838,exp_acyclic_indvary3_step3_batch_yyy04.pl,u5,no,no,yes
2839,exp_acyclic_indvary3_step3_batch_yyy04.pl,d5,no,no,yes
2841,exp_acyclic_indvary3_step3_batch_yyy05.pl,w5,no,no,yes
2842,exp_acyclic_indvary3_step3_batch_yyy05.pl,s5,no,no,yes
2843,exp_acyclic_indvary3_step3_batch_yyy05.pl,r5,no,no,yes
2844,exp_acyclic_indvary3_step3_batch_yyy05.pl,w4,no,no,yes
2848,exp_acyclic_indvary3_step3_batch_yyy05.pl,r6,no,no,yes
2850,exp_acyclic_indvary3_step3_batch_yyy06.pl,u6,no,no,yes
2851,exp_acyclic_indvary3_step3_batch_yyy06.pl,x3,no,no,yes
2852,exp_acyclic_indvary3_step3_batch_yyy06.pl,s5,no,no,yes
2854,exp_acyclic_indvary3_step3_batch_yyy06.pl,f3,no,no,yes
2855,exp_acyclic_indvary3_step3_batch_yyy06.pl,r7,no,no,yes
2856,exp_acyclic_indvary3_step3_batch_yyy06.pl,t4,no,no,yes
2857,exp_acyclic_indvary3_step3_batch_yyy06.pl,t5,no,no,yes
2859,exp_acyclic_indvary3_step3_batch_yyy06.pl,x6,no,no,yes
2861,exp_acyclic_indvary3_step3_batch_yyy07.pl,v5,no,no,yes
2862,exp_acyclic_indvary3_step3_batch_yyy07.pl,x7,no,no,yes
2863,exp_acyclic_indvary3_step3_batch_yyy07.pl,f3,no,no,yes
2864,exp_acyclic_indvary3_step3_batch_yyy07.pl,r4,no,no,yes
2866,exp_acyclic_indvary3_step3_batch_yyy07.pl,x6,no,no,yes
2867,exp_acyclic_indvary3_step3_batch_yyy07.pl,x1,no,no,yes
2869,exp_acyclic_indvary3_step3_batch_yyy07.pl,r7,no,no,yes
2870,exp_acyclic_indvary3_step3_batch_yyy08.pl,d5,no,no,yes
2872,exp_acyclic_indvary3_step3_batch_yyy08.pl,z6,no,no,yes
2873,exp_acyclic_indvary3_step3_batch_yyy08.pl,v7,no,no,yes
2874,exp_acyclic_indvary3_step3_batch_yyy08.pl,p7,no,no,yes
2875,exp_acyclic_indvary3_step3_batch_yyy08.pl,b4,no,no,yes
2877,exp_acyclic_indvary3_step3_batch_yyy08.pl,p6,no,no,yes
2880,exp_acyclic_indvary3_step3_batch_yyy09.pl,v7,no,no,yes
2881,exp_acyclic_indvary3_step3_batch_yyy09.pl,q6,no,no,yes
2883,exp_acyclic_indvary3_step3_batch_yyy09.pl,v5,no,no,yes
2885,exp_acyclic_indvary3_step3_batch_yyy09.pl,u3,no,no,yes
2887,exp_acyclic_indvary3_step3_batch_yyy09.pl,q7,no,no,yes
2889,exp_acyclic_indvary3_step3_batch_yyy09.pl,b5,no,no,yes
2891,exp_acyclic_indvary3_step3_batch_yyy10.pl,v7,no,no,yes
2892,exp_acyclic_indvary3_step3_batch_yyy10.pl,d3,no,no,yes
2893,exp_acyclic_indvary3_step3_batch_yyy10.pl,q5,no,no,yes
2894,exp_acyclic_indvary3_step3_batch_yyy10.pl,x7,no,no,yes
2895,exp_acyclic_indvary3_step3_batch_yyy10.pl,a4,no,no,yes
2898,exp_acyclic_indvary3_step3_batch_yyy10.pl,t1,no,no,yes
2899,exp_acyclic_indvary3_step3_batch_yyy10.pl,y6,no,no,yes
2900,exp_acyclic_indvary3_step4_batch_yyy01.pl,z6,no,no,yes
2901,exp_acyclic_indvary3_step4_batch_yyy01.pl,p7,no,no,yes
2903,exp_acyclic_indvary3_step4_batch_yyy01.pl,p1,no,no,yes
2904,exp_acyclic_indvary3_step4_batch_yyy01.pl,s4,no,no,yes
2905,exp_acyclic_indvary3_step4_batch_yyy01.pl,v7,no,no,yes
2906,exp_acyclic_indvary3_step4_batch_yyy01.pl,c5,no,no,yes
2907,exp_acyclic_indvary3_step4_batch_yyy01.pl,t6,no,no,yes
2908,exp_acyclic_indvary3_step4_batch_yyy01.pl,u2,no,no,yes
2910,exp_acyclic_indvary3_step4_batch_yyy02.pl,d5,no,no,yes
2911,exp_acyclic_indvary3_step4_batch_yyy02.pl,v5,no,no,yes
2912,exp_acyclic_indvary3_step4_batch_yyy02.pl,c5,no,no,yes
2916,exp_acyclic_indvary3_step4_batch_yyy02.pl,t5,no,no,yes
2917,exp_acyclic_indvary3_step4_batch_yyy02.pl,c4,no,no,yes
2918,exp_acyclic_indvary3_step4_batch_yyy02.pl,z5,no,no,yes
2921,exp_acyclic_indvary3_step4_batch_yyy03.pl,q5,no,no,yes
2922,exp_acyclic_indvary3_step4_batch_yyy03.pl,x7,no,no,yes
2923,exp_acyclic_indvary3_step4_batch_yyy03.pl,f3,no,no,yes
2924,exp_acyclic_indvary3_step4_batch_yyy03.pl,x5,no,no,yes
2925,exp_acyclic_indvary3_step4_batch_yyy03.pl,u3,no,no,yes
2927,exp_acyclic_indvary3_step4_batch_yyy03.pl,x4,no,no,yes
2928,exp_acyclic_indvary3_step4_batch_yyy03.pl,s1,no,no,yes
2930,exp_acyclic_indvary3_step4_batch_yyy04.pl,z5,no,no,yes
2931,exp_acyclic_indvary3_step4_batch_yyy04.pl,p7,no,no,yes
2933,exp_acyclic_indvary3_step4_batch_yyy04.pl,u7,no,no,yes
2934,exp_acyclic_indvary3_step4_batch_yyy04.pl,r5,no,no,yes
2935,exp_acyclic_indvary3_step4_batch_yyy04.pl,z3,no,no,yes
2939,exp_acyclic_indvary3_step4_batch_yyy04.pl,w7,no,no,yes
2940,exp_acyclic_indvary3_step4_batch_yyy05.pl,d5,no,no,yes
2941,exp_acyclic_indvary3_step4_batch_yyy05.pl,b4,no,no,yes
2942,exp_acyclic_indvary3_step4_batch_yyy05.pl,t6,no,no,yes
2944,exp_acyclic_indvary3_step4_batch_yyy05.pl,t2,no,no,yes
2945,exp_acyclic_indvary3_step4_batch_yyy05.pl,x6,no,no,yes
2946,exp_acyclic_indvary3_step4_batch_yyy05.pl,v3,no,no,yes
2949,exp_acyclic_indvary3_step4_batch_yyy05.pl,r4,no,no,yes
2950,exp_acyclic_indvary3_step4_batch_yyy06.pl,d3,no,no,yes
2951,exp_acyclic_indvary3_step4_batch_yyy06.pl,z1,no,no,yes
2952,exp_acyclic_indvary3_step4_batch_yyy06.pl,s1,no,no,yes
2953,exp_acyclic_indvary3_step4_batch_yyy06.pl,x6,no,no,yes
2955,exp_acyclic_indvary3_step4_batch_yyy06.pl,w7,no,no,yes
2956,exp_acyclic_indvary3_step4_batch_yyy06.pl,z4,no,no,yes
2957,exp_acyclic_indvary3_step4_batch_yyy06.pl,y3,no,no,yes
2958,exp_acyclic_indvary3_step4_batch_yyy06.pl,q7,no,no,yes
2959,exp_acyclic_indvary3_step4_batch_yyy06.pl,y6,no,no,yes
2960,exp_acyclic_indvary3_step4_batch_yyy07.pl,q6,no,no,yes
2961,exp_acyclic_indvary3_step4_batch_yyy07.pl,p5,no,no,yes
2962,exp_acyclic_indvary3_step4_batch_yyy07.pl,d3,no,no,yes
2963,exp_acyclic_indvary3_step4_batch_yyy07.pl,r5,no,no,yes
2964,exp_acyclic_indvary3_step4_batch_yyy07.pl,p3,no,no,yes
2965,exp_acyclic_indvary3_step4_batch_yyy07.pl,s6,no,no,yes
2968,exp_acyclic_indvary3_step4_batch_yyy07.pl,u3,no,no,yes
2969,exp_acyclic_indvary3_step4_batch_yyy07.pl,r4,no,no,yes
2971,exp_acyclic_indvary3_step4_batch_yyy08.pl,z5,no,no,yes
2972,exp_acyclic_indvary3_step4_batch_yyy08.pl,a4,no,no,yes
2973,exp_acyclic_indvary3_step4_batch_yyy08.pl,v3,no,no,yes
2974,exp_acyclic_indvary3_step4_batch_yyy08.pl,p4,no,no,yes
2975,exp_acyclic_indvary3_step4_batch_yyy08.pl,p5,no,no,yes
2977,exp_acyclic_indvary3_step4_batch_yyy08.pl,t1,no,no,yes
2978,exp_acyclic_indvary3_step4_batch_yyy08.pl,x4,no,no,yes
2979,exp_acyclic_indvary3_step4_batch_yyy08.pl,w3,no,no,yes
2980,exp_acyclic_indvary3_step4_batch_yyy09.pl,u5,no,no,yes
2981,exp_acyclic_indvary3_step4_batch_yyy09.pl,q6,no,no,yes
2983,exp_acyclic_indvary3_step4_batch_yyy09.pl,f3,no,no,yes
2984,exp_acyclic_indvary3_step4_batch_yyy09.pl,s6,no,no,yes
2985,exp_acyclic_indvary3_step4_batch_yyy09.pl,r4,no,no,yes
2986,exp_acyclic_indvary3_step4_batch_yyy09.pl,r1,no,no,yes
2988,exp_acyclic_indvary3_step4_batch_yyy09.pl,y6,no,no,yes
2989,exp_acyclic_indvary3_step4_batch_yyy09.pl,q2,no,no,yes
2990,exp_acyclic_indvary3_step4_batch_yyy10.pl,u5,no,no,yes
2992,exp_acyclic_indvary3_step4_batch_yyy10.pl,d3,no,no,yes
2993,exp_acyclic_indvary3_step4_batch_yyy10.pl,f3,no,no,yes
2994,exp_acyclic_indvary3_step4_batch_yyy10.pl,e3,no,no,yes
2995,exp_acyclic_indvary3_step4_batch_yyy10.pl,r7,no,no,yes
2997,exp_acyclic_indvary3_step4_batch_yyy10.pl,t5,no,no,yes
2998,exp_acyclic_indvary3_step4_batch_yyy10.pl,s5,no,no,yes
2999,exp_acyclic_indvary3_step4_batch_yyy10.pl,b4,no,no,yes
3000,exp_acyclic_indvary3_step5_batch_yyy01.pl,s4,no,no,yes
3001,exp_acyclic_indvary3_step5_batch_yyy01.pl,w5,no,no,yes
3003,exp_acyclic_indvary3_step5_batch_yyy01.pl,t2,no,no,yes
3006,exp_acyclic_indvary3_step5_batch_yyy01.pl,y5,no,no,yes
3007,exp_acyclic_indvary3_step5_batch_yyy01.pl,s5,no,no,yes
3008,exp_acyclic_indvary3_step5_batch_yyy01.pl,b4,no,no,yes
3009,exp_acyclic_indvary3_step5_batch_yyy01.pl,q5,no,no,yes
3010,exp_acyclic_indvary3_step5_batch_yyy02.pl,z6,no,no,yes
3011,exp_acyclic_indvary3_step5_batch_yyy02.pl,z5,no,no,yes
3012,exp_acyclic_indvary3_step5_batch_yyy02.pl,v6,no,no,yes
3013,exp_acyclic_indvary3_step5_batch_yyy02.pl,z2,no,no,yes
3014,exp_acyclic_indvary3_step5_batch_yyy02.pl,x1,no,no,yes
3017,exp_acyclic_indvary3_step5_batch_yyy02.pl,p6,no,no,yes
3018,exp_acyclic_indvary3_step5_batch_yyy02.pl,x2,no,no,yes
3019,exp_acyclic_indvary3_step5_batch_yyy02.pl,f5,no,no,yes
3020,exp_acyclic_indvary3_step5_batch_yyy03.pl,q6,no,no,yes
3021,exp_acyclic_indvary3_step5_batch_yyy03.pl,p4,no,no,yes
3022,exp_acyclic_indvary3_step5_batch_yyy03.pl,v6,no,no,yes
3023,exp_acyclic_indvary3_step5_batch_yyy03.pl,u7,no,no,yes
3025,exp_acyclic_indvary3_step5_batch_yyy03.pl,y2,no,no,yes
3026,exp_acyclic_indvary3_step5_batch_yyy03.pl,c6,no,no,yes
3027,exp_acyclic_indvary3_step5_batch_yyy03.pl,b5,no,no,yes
3028,exp_acyclic_indvary3_step5_batch_yyy03.pl,q7,no,no,yes
3029,exp_acyclic_indvary3_step5_batch_yyy03.pl,y6,no,no,yes
3030,exp_acyclic_indvary3_step5_batch_yyy04.pl,a6,no,no,yes
3033,exp_acyclic_indvary3_step5_batch_yyy04.pl,d3,no,no,yes
3034,exp_acyclic_indvary3_step5_batch_yyy04.pl,u7,no,no,yes
3035,exp_acyclic_indvary3_step5_batch_yyy04.pl,s5,no,no,yes
3036,exp_acyclic_indvary3_step5_batch_yyy04.pl,a5,no,no,yes
3038,exp_acyclic_indvary3_step5_batch_yyy04.pl,s7,no,no,yes
3040,exp_acyclic_indvary3_step5_batch_yyy05.pl,u6,no,no,yes
3043,exp_acyclic_indvary3_step5_batch_yyy05.pl,p1,no,no,yes
3044,exp_acyclic_indvary3_step5_batch_yyy05.pl,a6,no,no,yes
3045,exp_acyclic_indvary3_step5_batch_yyy05.pl,s4,no,no,yes
3046,exp_acyclic_indvary3_step5_batch_yyy05.pl,s2,no,no,yes
3047,exp_acyclic_indvary3_step5_batch_yyy05.pl,t6,no,no,yes
3050,exp_acyclic_indvary3_step5_batch_yyy06.pl,z5,no,no,yes
3051,exp_acyclic_indvary3_step5_batch_yyy06.pl,u7,no,no,yes
3052,exp_acyclic_indvary3_step5_batch_yyy06.pl,f5,no,no,yes
3054,exp_acyclic_indvary3_step5_batch_yyy06.pl,u2,no,no,yes
3058,exp_acyclic_indvary3_step5_batch_yyy06.pl,d3,no,no,yes
3059,exp_acyclic_indvary3_step5_batch_yyy06.pl,u4,no,no,yes
3060,exp_acyclic_indvary3_step5_batch_yyy07.pl,p5,no,no,yes
3061,exp_acyclic_indvary3_step5_batch_yyy07.pl,u7,no,no,yes
3063,exp_acyclic_indvary3_step5_batch_yyy07.pl,r7,no,no,yes
3065,exp_acyclic_indvary3_step5_batch_yyy07.pl,p6,no,no,yes
3066,exp_acyclic_indvary3_step5_batch_yyy07.pl,t7,no,no,yes
3070,exp_acyclic_indvary3_step5_batch_yyy08.pl,v2,no,no,yes
3071,exp_acyclic_indvary3_step5_batch_yyy08.pl,p5,no,no,yes
3073,exp_acyclic_indvary3_step5_batch_yyy08.pl,r7,no,no,yes
3075,exp_acyclic_indvary3_step5_batch_yyy08.pl,u3,no,no,yes
3076,exp_acyclic_indvary3_step5_batch_yyy08.pl,v4,no,no,yes
3077,exp_acyclic_indvary3_step5_batch_yyy08.pl,e3,no,no,yes
3079,exp_acyclic_indvary3_step5_batch_yyy08.pl,s1,no,no,yes
3081,exp_acyclic_indvary3_step5_batch_yyy09.pl,b4,no,no,yes
3082,exp_acyclic_indvary3_step5_batch_yyy09.pl,v1,no,no,yes
3084,exp_acyclic_indvary3_step5_batch_yyy09.pl,r1,no,no,yes
3085,exp_acyclic_indvary3_step5_batch_yyy09.pl,w3,no,no,yes
3086,exp_acyclic_indvary3_step5_batch_yyy09.pl,t5,no,no,yes
3087,exp_acyclic_indvary3_step5_batch_yyy09.pl,c4,no,no,yes
3089,exp_acyclic_indvary3_step5_batch_yyy09.pl,q2,no,no,yes
3090,exp_acyclic_indvary3_step5_batch_yyy10.pl,a6,no,no,yes
3093,exp_acyclic_indvary3_step5_batch_yyy10.pl,d3,no,no,yes
3094,exp_acyclic_indvary3_step5_batch_yyy10.pl,e4,no,no,yes
3096,exp_acyclic_indvary3_step5_batch_yyy10.pl,u3,no,no,yes
3097,exp_acyclic_indvary3_step5_batch_yyy10.pl,e3,no,no,yes
3098,exp_acyclic_indvary3_step5_batch_yyy10.pl,r3,no,no,yes
3099,exp_acyclic_indvary3_step5_batch_yyy10.pl,u2,no,no,yes
3100,exp_acyclic_indvary3_step6_batch_yyy01.pl,q6,no,no,yes
3101,exp_acyclic_indvary3_step6_batch_yyy01.pl,w4,no,no,yes
3103,exp_acyclic_indvary3_step6_batch_yyy01.pl,x1,no,no,yes
3104,exp_acyclic_indvary3_step6_batch_yyy01.pl,y4,no,no,yes
3105,exp_acyclic_indvary3_step6_batch_yyy01.pl,v7,no,no,yes
3106,exp_acyclic_indvary3_step6_batch_yyy01.pl,p7,no,no,yes
3107,exp_acyclic_indvary3_step6_batch_yyy01.pl,x3,no,no,yes
3110,exp_acyclic_indvary3_step6_batch_yyy02.pl,z6,no,no,yes
3111,exp_acyclic_indvary3_step6_batch_yyy02.pl,p7,no,no,yes
3112,exp_acyclic_indvary3_step6_batch_yyy02.pl,v6,no,no,yes
3113,exp_acyclic_indvary3_step6_batch_yyy02.pl,c5,no,no,yes
3115,exp_acyclic_indvary3_step6_batch_yyy02.pl,f3,no,no,yes
3116,exp_acyclic_indvary3_step6_batch_yyy02.pl,u3,no,no,yes
3117,exp_acyclic_indvary3_step6_batch_yyy02.pl,y5,no,no,yes
3118,exp_acyclic_indvary3_step6_batch_yyy02.pl,s7,no,no,yes
3120,exp_acyclic_indvary3_step6_batch_yyy03.pl,u5,no,no,yes
3122,exp_acyclic_indvary3_step6_batch_yyy03.pl,y3,no,no,yes
3123,exp_acyclic_indvary3_step6_batch_yyy03.pl,b5,no,no,yes
3124,exp_acyclic_indvary3_step6_batch_yyy03.pl,e3,no,no,yes
3126,exp_acyclic_indvary3_step6_batch_yyy03.pl,r3,no,no,yes
3127,exp_acyclic_indvary3_step6_batch_yyy03.pl,y6,no,no,yes
3129,exp_acyclic_indvary3_step6_batch_yyy03.pl,e5,no,no,yes
3130,exp_acyclic_indvary3_step6_batch_yyy04.pl,v7,no,no,yes
3131,exp_acyclic_indvary3_step6_batch_yyy04.pl,q6,no,no,yes
3132,exp_acyclic_indvary3_step6_batch_yyy04.pl,d3,no,no,yes
3133,exp_acyclic_indvary3_step6_batch_yyy04.pl,y2,no,no,yes
3134,exp_acyclic_indvary3_step6_batch_yyy04.pl,y5,no,no,yes
3136,exp_acyclic_indvary3_step6_batch_yyy04.pl,a5,no,no,yes
3140,exp_acyclic_indvary3_step6_batch_yyy05.pl,d5,no,no,yes
3142,exp_acyclic_indvary3_step6_batch_yyy05.pl,b4,no,no,yes
3143,exp_acyclic_indvary3_step6_batch_yyy05.pl,x7,no,no,yes
3145,exp_acyclic_indvary3_step6_batch_yyy05.pl,p2,no,no,yes
3150,exp_acyclic_indvary3_step6_batch_yyy06.pl,y4,no,no,yes
3151,exp_acyclic_indvary3_step6_batch_yyy06.pl,u7,no,no,yes
3152,exp_acyclic_indvary3_step6_batch_yyy06.pl,c5,no,no,yes
3153,exp_acyclic_indvary3_step6_batch_yyy06.pl,r5,no,no,yes
3154,exp_acyclic_indvary3_step6_batch_yyy06.pl,f3,no,no,yes
3155,exp_acyclic_indvary3_step6_batch_yyy06.pl,s6,no,no,yes
3160,exp_acyclic_indvary3_step6_batch_yyy07.pl,t4,no,no,yes
3161,exp_acyclic_indvary3_step6_batch_yyy07.pl,s4,no,no,yes
3162,exp_acyclic_indvary3_step6_batch_yyy07.pl,u1,no,no,yes
3163,exp_acyclic_indvary3_step6_batch_yyy07.pl,w5,no,no,yes
3165,exp_acyclic_indvary3_step6_batch_yyy07.pl,t7,no,no,yes
3167,exp_acyclic_indvary3_step6_batch_yyy07.pl,r2,no,no,yes
3169,exp_acyclic_indvary3_step6_batch_yyy07.pl,w3,no,no,yes
3170,exp_acyclic_indvary3_step6_batch_yyy08.pl,w5,no,no,yes
3172,exp_acyclic_indvary3_step6_batch_yyy08.pl,s7,no,no,yes
3173,exp_acyclic_indvary3_step6_batch_yyy08.pl,p7,no,no,yes
3174,exp_acyclic_indvary3_step6_batch_yyy08.pl,d4,no,no,yes
3175,exp_acyclic_indvary3_step6_batch_yyy08.pl,r6,no,no,yes
3177,exp_acyclic_indvary3_step6_batch_yyy08.pl,c5,no,no,yes
3180,exp_acyclic_indvary3_step6_batch_yyy09.pl,u5,no,no,yes
3181,exp_acyclic_indvary3_step6_batch_yyy09.pl,t5,no,no,yes
3182,exp_acyclic_indvary3_step6_batch_yyy09.pl,u1,no,no,yes
3183,exp_acyclic_indvary3_step6_batch_yyy09.pl,t6,no,no,yes
3184,exp_acyclic_indvary3_step6_batch_yyy09.pl,x7,no,no,yes
3188,exp_acyclic_indvary3_step6_batch_yyy09.pl,w4,no,no,yes
3189,exp_acyclic_indvary3_step6_batch_yyy09.pl,f3,no,no,yes
3190,exp_acyclic_indvary3_step6_batch_yyy10.pl,w7,no,no,yes
3191,exp_acyclic_indvary3_step6_batch_yyy10.pl,p7,no,no,yes
3192,exp_acyclic_indvary3_step6_batch_yyy10.pl,e5,no,no,yes
3193,exp_acyclic_indvary3_step6_batch_yyy10.pl,a5,no,no,yes
3194,exp_acyclic_indvary3_step6_batch_yyy10.pl,w6,no,no,yes
3195,exp_acyclic_indvary3_step6_batch_yyy10.pl,z4,no,no,yes
3196,exp_acyclic_indvary3_step6_batch_yyy10.pl,w1,no,no,yes
3199,exp_acyclic_indvary3_step6_batch_yyy10.pl,p6,no,no,yes
3200,exp_acyclic_indvary3_step7_batch_yyy01.pl,y4,no,no,yes
3201,exp_acyclic_indvary3_step7_batch_yyy01.pl,x2,no,no,yes
3202,exp_acyclic_indvary3_step7_batch_yyy01.pl,x5,no,no,yes
3204,exp_acyclic_indvary3_step7_batch_yyy01.pl,r2,no,no,yes
3205,exp_acyclic_indvary3_step7_batch_yyy01.pl,q1,no,no,yes
3207,exp_acyclic_indvary3_step7_batch_yyy01.pl,c5,no,no,yes
3210,exp_acyclic_indvary3_step7_batch_yyy02.pl,c4,no,no,yes
3212,exp_acyclic_indvary3_step7_batch_yyy02.pl,w5,no,no,yes
3213,exp_acyclic_indvary3_step7_batch_yyy02.pl,b4,no,no,yes
3217,exp_acyclic_indvary3_step7_batch_yyy02.pl,c5,no,no,yes
3218,exp_acyclic_indvary3_step7_batch_yyy02.pl,x6,no,no,yes
3219,exp_acyclic_indvary3_step7_batch_yyy02.pl,x1,no,no,yes
3221,exp_acyclic_indvary3_step7_batch_yyy03.pl,p7,no,no,yes
3222,exp_acyclic_indvary3_step7_batch_yyy03.pl,v5,no,no,yes
3223,exp_acyclic_indvary3_step7_batch_yyy03.pl,b4,no,no,yes
3225,exp_acyclic_indvary3_step7_batch_yyy03.pl,t2,no,no,yes
3226,exp_acyclic_indvary3_step7_batch_yyy03.pl,s4,no,no,yes
3227,exp_acyclic_indvary3_step7_batch_yyy03.pl,v7,no,no,yes
3228,exp_acyclic_indvary3_step7_batch_yyy03.pl,r7,no,no,yes
3229,exp_acyclic_indvary3_step7_batch_yyy03.pl,b6,no,no,yes
3230,exp_acyclic_indvary3_step7_batch_yyy04.pl,s4,no,no,yes
3231,exp_acyclic_indvary3_step7_batch_yyy04.pl,a5,no,no,yes
3232,exp_acyclic_indvary3_step7_batch_yyy04.pl,r5,no,no,yes
3233,exp_acyclic_indvary3_step7_batch_yyy04.pl,w4,no,no,yes
3236,exp_acyclic_indvary3_step7_batch_yyy04.pl,b6,no,no,yes
3237,exp_acyclic_indvary3_step7_batch_yyy04.pl,y5,no,no,yes
3238,exp_acyclic_indvary3_step7_batch_yyy04.pl,v6,no,no,yes
3240,exp_acyclic_indvary3_step7_batch_yyy05.pl,d5,no,no,yes
3241,exp_acyclic_indvary3_step7_batch_yyy05.pl,s3,no,no,yes
3243,exp_acyclic_indvary3_step7_batch_yyy05.pl,d3,no,no,yes
3244,exp_acyclic_indvary3_step7_batch_yyy05.pl,a4,no,no,yes
3245,exp_acyclic_indvary3_step7_batch_yyy05.pl,x5,no,no,yes
3246,exp_acyclic_indvary3_step7_batch_yyy05.pl,r3,no,no,yes
3247,exp_acyclic_indvary3_step7_batch_yyy05.pl,q6,no,no,yes
3248,exp_acyclic_indvary3_step7_batch_yyy05.pl,z5,no,no,yes
3249,exp_acyclic_indvary3_step7_batch_yyy05.pl,v2,no,no,yes
3250,exp_acyclic_indvary3_step7_batch_yyy06.pl,z1,no,no,yes
3252,exp_acyclic_indvary3_step7_batch_yyy06.pl,z3,no,no,yes
3253,exp_acyclic_indvary3_step7_batch_yyy06.pl,b4,no,no,yes
3256,exp_acyclic_indvary3_step7_batch_yyy06.pl,x6,no,no,yes
3259,exp_acyclic_indvary3_step7_batch_yyy06.pl,t1,no,no,yes
3260,exp_acyclic_indvary3_step7_batch_yyy07.pl,u5,no,no,yes
3261,exp_acyclic_indvary3_step7_batch_yyy07.pl,t4,no,no,yes
3262,exp_acyclic_indvary3_step7_batch_yyy07.pl,a6,no,no,yes
3265,exp_acyclic_indvary3_step7_batch_yyy07.pl,r4,no,no,yes
3266,exp_acyclic_indvary3_step7_batch_yyy07.pl,q7,no,no,yes
3268,exp_acyclic_indvary3_step7_batch_yyy07.pl,z4,no,no,yes
3269,exp_acyclic_indvary3_step7_batch_yyy07.pl,e4,no,no,yes
3270,exp_acyclic_indvary3_step7_batch_yyy08.pl,t4,no,no,yes
3271,exp_acyclic_indvary3_step7_batch_yyy08.pl,v2,no,no,yes
3272,exp_acyclic_indvary3_step7_batch_yyy08.pl,w2,no,no,yes
3273,exp_acyclic_indvary3_step7_batch_yyy08.pl,z4,no,no,yes
3274,exp_acyclic_indvary3_step7_batch_yyy08.pl,y6,no,no,yes
3280,exp_acyclic_indvary3_step7_batch_yyy09.pl,u6,no,no,yes
3281,exp_acyclic_indvary3_step7_batch_yyy09.pl,v7,no,no,yes
3285,exp_acyclic_indvary3_step7_batch_yyy09.pl,r3,no,no,yes
3287,exp_acyclic_indvary3_step7_batch_yyy09.pl,q2,no,no,yes
3288,exp_acyclic_indvary3_step7_batch_yyy09.pl,t7,no,no,yes
3289,exp_acyclic_indvary3_step7_batch_yyy09.pl,b5,no,no,yes
3290,exp_acyclic_indvary3_step7_batch_yyy10.pl,c4,no,no,yes
3293,exp_acyclic_indvary3_step7_batch_yyy10.pl,f3,no,no,yes
3294,exp_acyclic_indvary3_step7_batch_yyy10.pl,t7,no,no,yes
3296,exp_acyclic_indvary3_step7_batch_yyy10.pl,y6,no,no,yes
3298,exp_acyclic_indvary3_step7_batch_yyy10.pl,s7,no,no,yes
3299,exp_acyclic_indvary3_step7_batch_yyy10.pl,b6,no,no,yes
3300,exp_acyclic_indvary3_step8_batch_yyy01.pl,v7,no,no,yes
3302,exp_acyclic_indvary3_step8_batch_yyy01.pl,t3,no,no,yes
3304,exp_acyclic_indvary3_step8_batch_yyy01.pl,r4,no,no,yes
3305,exp_acyclic_indvary3_step8_batch_yyy01.pl,r2,no,no,yes
3308,exp_acyclic_indvary3_step8_batch_yyy01.pl,v1,no,no,yes
3309,exp_acyclic_indvary3_step8_batch_yyy01.pl,p3,no,no,yes
3310,exp_acyclic_indvary3_step8_batch_yyy02.pl,a6,no,no,yes
3311,exp_acyclic_indvary3_step8_batch_yyy02.pl,q5,no,no,yes
3313,exp_acyclic_indvary3_step8_batch_yyy02.pl,w6,no,no,yes
3316,exp_acyclic_indvary3_step8_batch_yyy02.pl,y6,no,no,yes
3317,exp_acyclic_indvary3_step8_batch_yyy02.pl,q2,no,no,yes
3318,exp_acyclic_indvary3_step8_batch_yyy02.pl,t2,no,no,yes
3320,exp_acyclic_indvary3_step8_batch_yyy03.pl,d5,no,no,yes
3321,exp_acyclic_indvary3_step8_batch_yyy03.pl,z5,no,no,yes
3322,exp_acyclic_indvary3_step8_batch_yyy03.pl,p5,no,no,yes
3325,exp_acyclic_indvary3_step8_batch_yyy03.pl,f3,no,no,yes
3326,exp_acyclic_indvary3_step8_batch_yyy03.pl,r1,no,no,yes
3327,exp_acyclic_indvary3_step8_batch_yyy03.pl,p1,no,no,yes
3329,exp_acyclic_indvary3_step8_batch_yyy03.pl,c5,no,no,yes
3330,exp_acyclic_indvary3_step8_batch_yyy04.pl,t5,no,no,yes
3331,exp_acyclic_indvary3_step8_batch_yyy04.pl,z5,no,no,yes
3332,exp_acyclic_indvary3_step8_batch_yyy04.pl,e5,no,no,yes
3333,exp_acyclic_indvary3_step8_batch_yyy04.pl,c5,no,no,yes
3334,exp_acyclic_indvary3_step8_batch_yyy04.pl,w1,no,no,yes
3335,exp_acyclic_indvary3_step8_batch_yyy04.pl,c6,no,no,yes
3336,exp_acyclic_indvary3_step8_batch_yyy04.pl,r7,no,no,yes
3338,exp_acyclic_indvary3_step8_batch_yyy04.pl,a6,no,no,yes
3339,exp_acyclic_indvary3_step8_batch_yyy04.pl,s4,no,no,yes
3340,exp_acyclic_indvary3_step8_batch_yyy05.pl,w7,no,no,yes
3341,exp_acyclic_indvary3_step8_batch_yyy05.pl,d3,no,no,yes
3342,exp_acyclic_indvary3_step8_batch_yyy05.pl,v5,no,no,yes
3344,exp_acyclic_indvary3_step8_batch_yyy05.pl,r2,no,no,yes
3347,exp_acyclic_indvary3_step8_batch_yyy05.pl,q6,no,no,yes
3348,exp_acyclic_indvary3_step8_batch_yyy05.pl,a4,no,no,yes
3349,exp_acyclic_indvary3_step8_batch_yyy05.pl,x2,no,no,yes
3350,exp_acyclic_indvary3_step8_batch_yyy06.pl,a6,no,no,yes
3351,exp_acyclic_indvary3_step8_batch_yyy06.pl,v2,no,no,yes
3353,exp_acyclic_indvary3_step8_batch_yyy06.pl,y3,no,no,yes
3354,exp_acyclic_indvary3_step8_batch_yyy06.pl,q7,no,no,yes
3355,exp_acyclic_indvary3_step8_batch_yyy06.pl,p6,no,no,yes
3356,exp_acyclic_indvary3_step8_batch_yyy06.pl,t4,no,no,yes
3357,exp_acyclic_indvary3_step8_batch_yyy06.pl,t5,no,no,yes
3358,exp_acyclic_indvary3_step8_batch_yyy06.pl,s5,no,no,yes
3359,exp_acyclic_indvary3_step8_batch_yyy06.pl,b4,no,no,yes
3360,exp_acyclic_indvary3_step8_batch_yyy07.pl,p7,no,no,yes
3361,exp_acyclic_indvary3_step8_batch_yyy07.pl,v6,no,no,yes
3362,exp_acyclic_indvary3_step8_batch_yyy07.pl,f5,no,no,yes
3363,exp_acyclic_indvary3_step8_batch_yyy07.pl,y1,no,no,yes
3364,exp_acyclic_indvary3_step8_batch_yyy07.pl,w3,no,no,yes
3365,exp_acyclic_indvary3_step8_batch_yyy07.pl,p6,no,no,yes
3366,exp_acyclic_indvary3_step8_batch_yyy07.pl,b4,no,no,yes
3370,exp_acyclic_indvary3_step8_batch_yyy08.pl,y4,no,no,yes
3372,exp_acyclic_indvary3_step8_batch_yyy08.pl,x7,no,no,yes
3373,exp_acyclic_indvary3_step8_batch_yyy08.pl,a4,no,no,yes
3376,exp_acyclic_indvary3_step8_batch_yyy08.pl,z4,no,no,yes
3377,exp_acyclic_indvary3_step8_batch_yyy08.pl,y3,no,no,yes
3378,exp_acyclic_indvary3_step8_batch_yyy08.pl,u3,no,no,yes
3379,exp_acyclic_indvary3_step8_batch_yyy08.pl,v4,no,no,yes
3380,exp_acyclic_indvary3_step8_batch_yyy09.pl,u6,no,no,yes
3381,exp_acyclic_indvary3_step8_batch_yyy09.pl,a6,no,no,yes
3382,exp_acyclic_indvary3_step8_batch_yyy09.pl,w5,no,no,yes
3384,exp_acyclic_indvary3_step8_batch_yyy09.pl,z4,no,no,yes
3388,exp_acyclic_indvary3_step8_batch_yyy09.pl,z5,no,no,yes
3389,exp_acyclic_indvary3_step8_batch_yyy09.pl,q6,no,no,yes
3393,exp_acyclic_indvary3_step8_batch_yyy10.pl,b4,no,no,yes
3394,exp_acyclic_indvary3_step8_batch_yyy10.pl,t7,no,no,yes
3396,exp_acyclic_indvary3_step8_batch_yyy10.pl,s7,no,no,yes
3398,exp_acyclic_indvary3_step8_batch_yyy10.pl,w6,no,no,yes
3399,exp_acyclic_indvary3_step8_batch_yyy10.pl,f5,no,no,yes
3400,exp_cycles_depvary_step10_batch_yyy01.pl,u6,no,no,yes
3402,exp_cycles_depvary_step10_batch_yyy01.pl,v2,no,no,yes
3403,exp_cycles_depvary_step10_batch_yyy01.pl,s5,no,no,yes
3404,exp_cycles_depvary_step10_batch_yyy01.pl,r3,no,no,yes
3410,exp_cycles_depvary_step10_batch_yyy02.pl,v2,no,no,yes
3415,exp_cycles_depvary_step10_batch_yyy02.pl,u6,no,no,yes
3418,exp_cycles_depvary_step10_batch_yyy02.pl,v6,no,no,yes
3422,exp_cycles_depvary_step10_batch_yyy03.pl,u1,no,no,yes
3426,exp_cycles_depvary_step10_batch_yyy03.pl,v4,no,no,yes
3427,exp_cycles_depvary_step10_batch_yyy03.pl,r4,no,no,yes
3428,exp_cycles_depvary_step10_batch_yyy03.pl,s7,no,no,yes
3435,exp_cycles_depvary_step10_batch_yyy04.pl,r7,no,no,yes
3445,exp_cycles_depvary_step10_batch_yyy05.pl,y3,no,no,yes
3446,exp_cycles_depvary_step10_batch_yyy05.pl,t2,no,no,yes
3448,exp_cycles_depvary_step10_batch_yyy05.pl,r2,no,no,yes
3454,exp_cycles_depvary_step10_batch_yyy06.pl,u3,no,no,yes
3456,exp_cycles_depvary_step10_batch_yyy06.pl,s7,no,no,yes
3464,exp_cycles_depvary_step10_batch_yyy07.pl,r4,no,no,yes
3466,exp_cycles_depvary_step10_batch_yyy07.pl,s7,no,no,yes
3468,exp_cycles_depvary_step10_batch_yyy07.pl,x4,no,no,yes
3469,exp_cycles_depvary_step10_batch_yyy07.pl,p6,no,no,yes
3478,exp_cycles_depvary_step10_batch_yyy08.pl,r6,no,no,yes
3482,exp_cycles_depvary_step10_batch_yyy09.pl,x7,no,no,yes
3487,exp_cycles_depvary_step10_batch_yyy09.pl,q1,no,no,yes
3489,exp_cycles_depvary_step10_batch_yyy09.pl,v7,no,no,yes
3490,exp_cycles_depvary_step10_batch_yyy10.pl,w7,no,no,yes
3492,exp_cycles_depvary_step10_batch_yyy10.pl,v5,no,no,yes
3493,exp_cycles_depvary_step10_batch_yyy10.pl,w6,no,no,yes
3495,exp_cycles_depvary_step10_batch_yyy10.pl,s7,no,no,yes
3498,exp_cycles_depvary_step10_batch_yyy10.pl,q7,no,no,yes
3499,exp_cycles_depvary_step10_batch_yyy10.pl,y6,no,no,yes
3500,exp_cycles_depvary_step1_batch_yyy01.pl,b3,no,no,yes
3502,exp_cycles_depvary_step1_batch_yyy01.pl,a4,no,no,yes
3503,exp_cycles_depvary_step1_batch_yyy01.pl,y3,no,no,yes
3504,exp_cycles_depvary_step1_batch_yyy01.pl,w4,no,no,yes
3505,exp_cycles_depvary_step1_batch_yyy01.pl,a3,no,no,yes
3507,exp_cycles_depvary_step1_batch_yyy01.pl,y5,no,no,yes
3508,exp_cycles_depvary_step1_batch_yyy01.pl,x5,no,no,yes
3509,exp_cycles_depvary_step1_batch_yyy01.pl,c6,no,no,yes
3510,exp_cycles_depvary_step1_batch_yyy02.pl,d5,no,no,yes
3511,exp_cycles_depvary_step1_batch_yyy02.pl,s4,no,no,yes
3512,exp_cycles_depvary_step1_batch_yyy02.pl,e5,no,no,yes
3513,exp_cycles_depvary_step1_batch_yyy02.pl,u4,no,no,yes
3514,exp_cycles_depvary_step1_batch_yyy02.pl,t3,no,no,yes
3515,exp_cycles_depvary_step1_batch_yyy02.pl,r5,no,no,yes
3516,exp_cycles_depvary_step1_batch_yyy02.pl,f3,no,no,yes
3517,exp_cycles_depvary_step1_batch_yyy02.pl,y2,no,no,yes
3518,exp_cycles_depvary_step1_batch_yyy02.pl,z6,no,no,yes
3519,exp_cycles_depvary_step1_batch_yyy02.pl,b2,no,no,yes
3520,exp_cycles_depvary_step1_batch_yyy03.pl,c4,no,no,yes
3521,exp_cycles_depvary_step1_batch_yyy03.pl,t6,no,no,yes
3522,exp_cycles_depvary_step1_batch_yyy03.pl,z4,no,no,yes
3523,exp_cycles_depvary_step1_batch_yyy03.pl,w4,no,no,yes
3524,exp_cycles_depvary_step1_batch_yyy03.pl,u3,no,no,yes
3525,exp_cycles_depvary_step1_batch_yyy03.pl,r2,no,no,yes
3526,exp_cycles_depvary_step1_batch_yyy03.pl,v3,no,no,yes
3527,exp_cycles_depvary_step1_batch_yyy03.pl,u2,no,no,yes
3528,exp_cycles_depvary_step1_batch_yyy03.pl,p4,no,no,yes
3529,exp_cycles_depvary_step1_batch_yyy03.pl,x3,no,no,yes
3530,exp_cycles_depvary_step1_batch_yyy04.pl,w7,no,no,yes
3531,exp_cycles_depvary_step1_batch_yyy04.pl,v2,no,no,yes
3532,exp_cycles_depvary_step1_batch_yyy04.pl,u7,no,no,yes
3533,exp_cycles_depvary_step1_batch_yyy04.pl,a4,no,no,yes
3534,exp_cycles_depvary_step1_batch_yyy04.pl,z4,no,no,yes
3535,exp_cycles_depvary_step1_batch_yyy04.pl,p3,no,no,yes
3536,exp_cycles_depvary_step1_batch_yyy04.pl,v4,no,no,yes
3538,exp_cycles_depvary_step1_batch_yyy04.pl,r2,no,no,yes
3540,exp_cycles_depvary_step1_batch_yyy05.pl,u7,no,no,yes
3541,exp_cycles_depvary_step1_batch_yyy05.pl,q5,no,no,yes
3543,exp_cycles_depvary_step1_batch_yyy05.pl,f5,no,no,yes
3546,exp_cycles_depvary_step1_batch_yyy05.pl,z6,no,no,yes
3547,exp_cycles_depvary_step1_batch_yyy05.pl,b2,no,no,yes
3548,exp_cycles_depvary_step1_batch_yyy05.pl,y3,no,no,yes
3549,exp_cycles_depvary_step1_batch_yyy05.pl,r5,no,no,yes
3550,exp_cycles_depvary_step1_batch_yyy06.pl,u1,no,no,yes
3551,exp_cycles_depvary_step1_batch_yyy06.pl,c2,no,no,yes
3553,exp_cycles_depvary_step1_batch_yyy06.pl,r7,no,no,yes
3555,exp_cycles_depvary_step1_batch_yyy06.pl,y5,no,no,yes
3556,exp_cycles_depvary_step1_batch_yyy06.pl,s3,no,no,yes
3557,exp_cycles_depvary_step1_batch_yyy06.pl,c4,no,no,yes
3558,exp_cycles_depvary_step1_batch_yyy06.pl,a6,no,no,yes
3559,exp_cycles_depvary_step1_batch_yyy06.pl,v7,no,no,yes
3560,exp_cycles_depvary_step1_batch_yyy07.pl,w7,no,no,yes
3561,exp_cycles_depvary_step1_batch_yyy07.pl,d4,no,no,yes
3562,exp_cycles_depvary_step1_batch_yyy07.pl,w2,no,no,yes
3563,exp_cycles_depvary_step1_batch_yyy07.pl,w4,no,no,yes
3564,exp_cycles_depvary_step1_batch_yyy07.pl,t2,no,no,yes
3565,exp_cycles_depvary_step1_batch_yyy07.pl,d2,no,no,yes
3566,exp_cycles_depvary_step1_batch_yyy07.pl,y6,no,no,yes
3567,exp_cycles_depvary_step1_batch_yyy07.pl,x4,no,no,yes
3568,exp_cycles_depvary_step1_batch_yyy07.pl,s5,no,no,yes
3569,exp_cycles_depvary_step1_batch_yyy07.pl,t3,no,no,yes
3570,exp_cycles_depvary_step1_batch_yyy08.pl,c4,no,no,yes
3571,exp_cycles_depvary_step1_batch_yyy08.pl,u7,no,no,yes
3572,exp_cycles_depvary_step1_batch_yyy08.pl,t3,no,no,yes
3573,exp_cycles_depvary_step1_batch_yyy08.pl,t6,no,no,yes
3575,exp_cycles_depvary_step1_batch_yyy08.pl,y5,no,no,yes
3576,exp_cycles_depvary_step1_batch_yyy08.pl,y3,no,no,yes
3577,exp_cycles_depvary_step1_batch_yyy08.pl,e4,no,no,yes
3578,exp_cycles_depvary_step1_batch_yyy08.pl,r2,no,no,yes
3580,exp_cycles_depvary_step1_batch_yyy09.pl,y4,no,no,yes
3581,exp_cycles_depvary_step1_batch_yyy09.pl,p4,no,no,yes
3582,exp_cycles_depvary_step1_batch_yyy09.pl,v5,no,no,yes
3583,exp_cycles_depvary_step1_batch_yyy09.pl,t6,no,no,yes
3584,exp_cycles_depvary_step1_batch_yyy09.pl,q4,no,no,yes
3585,exp_cycles_depvary_step1_batch_yyy09.pl,v1,no,no,yes
3586,exp_cycles_depvary_step1_batch_yyy09.pl,f3,no,no,yes
3587,exp_cycles_depvary_step1_batch_yyy09.pl,q7,no,no,yes
3588,exp_cycles_depvary_step1_batch_yyy09.pl,r3,no,no,yes
3589,exp_cycles_depvary_step1_batch_yyy09.pl,u2,no,no,yes
3590,exp_cycles_depvary_step1_batch_yyy10.pl,u5,no,no,yes
3591,exp_cycles_depvary_step1_batch_yyy10.pl,r4,no,no,yes
3592,exp_cycles_depvary_step1_batch_yyy10.pl,a3,no,no,yes
3594,exp_cycles_depvary_step1_batch_yyy10.pl,y6,no,no,yes
3595,exp_cycles_depvary_step1_batch_yyy10.pl,a2,no,no,yes
3596,exp_cycles_depvary_step1_batch_yyy10.pl,a6,no,no,yes
3597,exp_cycles_depvary_step1_batch_yyy10.pl,v7,no,no,yes
3598,exp_cycles_depvary_step1_batch_yyy10.pl,z5,no,no,yes
3600,exp_cycles_depvary_step2_batch_yyy01.pl,d3,no,no,yes
3601,exp_cycles_depvary_step2_batch_yyy01.pl,t6,no,no,yes
3602,exp_cycles_depvary_step2_batch_yyy01.pl,a4,no,no,yes
3603,exp_cycles_depvary_step2_batch_yyy01.pl,b5,no,no,yes
3604,exp_cycles_depvary_step2_batch_yyy01.pl,c3,no,no,yes
3605,exp_cycles_depvary_step2_batch_yyy01.pl,t5,no,no,yes
3607,exp_cycles_depvary_step2_batch_yyy01.pl,p3,no,no,yes
3609,exp_cycles_depvary_step2_batch_yyy01.pl,u2,no,no,yes
3610,exp_cycles_depvary_step2_batch_yyy02.pl,u5,no,no,yes
3611,exp_cycles_depvary_step2_batch_yyy02.pl,y4,no,no,yes
3612,exp_cycles_depvary_step2_batch_yyy02.pl,p5,no,no,yes
3613,exp_cycles_depvary_step2_batch_yyy02.pl,b4,no,no,yes
3614,exp_cycles_depvary_step2_batch_yyy02.pl,x7,no,no,yes
3615,exp_cycles_depvary_step2_batch_yyy02.pl,w1,no,no,yes
3617,exp_cycles_depvary_step2_batch_yyy02.pl,e2,no,no,yes
3618,exp_cycles_depvary_step2_batch_yyy02.pl,y6,no,no,yes
3619,exp_cycles_depvary_step2_batch_yyy02.pl,w3,no,no,yes
3620,exp_cycles_depvary_step2_batch_yyy03.pl,t4,no,no,yes
3621,exp_cycles_depvary_step2_batch_yyy03.pl,w7,no,no,yes
3622,exp_cycles_depvary_step2_batch_yyy03.pl,d4,no,no,yes
3623,exp_cycles_depvary_step2_batch_yyy03.pl,v6,no,no,yes
3625,exp_cycles_depvary_step2_batch_yyy03.pl,t2,no,no,yes
3626,exp_cycles_depvary_step2_batch_yyy03.pl,s1,no,no,yes
3629,exp_cycles_depvary_step2_batch_yyy03.pl,p6,no,no,yes
3630,exp_cycles_depvary_step2_batch_yyy04.pl,v2,no,no,yes
3631,exp_cycles_depvary_step2_batch_yyy04.pl,t3,no,no,yes
3632,exp_cycles_depvary_step2_batch_yyy04.pl,a4,no,no,yes
3633,exp_cycles_depvary_step2_batch_yyy04.pl,c6,no,no,yes
3636,exp_cycles_depvary_step2_batch_yyy04.pl,a5,no,no,yes
3637,exp_cycles_depvary_step2_batch_yyy04.pl,q3,no,no,yes
3638,exp_cycles_depvary_step2_batch_yyy04.pl,y2,no,no,yes
3641,exp_cycles_depvary_step2_batch_yyy05.pl,q4,no,no,yes
3643,exp_cycles_depvary_step2_batch_yyy05.pl,r4,no,no,yes
3644,exp_cycles_depvary_step2_batch_yyy05.pl,p2,no,no,yes
3645,exp_cycles_depvary_step2_batch_yyy05.pl,a3,no,no,yes
3646,exp_cycles_depvary_step2_batch_yyy05.pl,v3,no,no,yes
3648,exp_cycles_depvary_step2_batch_yyy05.pl,p5,no,no,yes
3649,exp_cycles_depvary_step2_batch_yyy05.pl,d4,no,no,yes
3650,exp_cycles_depvary_step2_batch_yyy06.pl,t4,no,no,yes
3651,exp_cycles_depvary_step2_batch_yyy06.pl,z5,no,no,yes
3652,exp_cycles_depvary_step2_batch_yyy06.pl,w5,no,no,yes
3653,exp_cycles_depvary_step2_batch_yyy06.pl,x7,no,no,yes
3654,exp_cycles_depvary_step2_batch_yyy06.pl,f3,no,no,yes
3655,exp_cycles_depvary_step2_batch_yyy06.pl,d2,no,no,yes
3656,exp_cycles_depvary_step2_batch_yyy06.pl,f4,no,no,yes
3659,exp_cycles_depvary_step2_batch_yyy06.pl,r6,no,no,yes
3660,exp_cycles_depvary_step2_batch_yyy07.pl,t4,no,no,yes
3661,exp_cycles_depvary_step2_batch_yyy07.pl,v2,no,no,yes
3662,exp_cycles_depvary_step2_batch_yyy07.pl,x3,no,no,yes
3663,exp_cycles_depvary_step2_batch_yyy07.pl,y3,no,no,yes
3664,exp_cycles_depvary_step2_batch_yyy07.pl,z2,no,no,yes
3665,exp_cycles_depvary_step2_batch_yyy07.pl,r4,no,no,yes
3667,exp_cycles_depvary_step2_batch_yyy07.pl,r7,no,no,yes
3668,exp_cycles_depvary_step2_batch_yyy07.pl,f4,no,no,yes
3669,exp_cycles_depvary_step2_batch_yyy07.pl,a3,no,no,yes
3670,exp_cycles_depvary_step2_batch_yyy08.pl,u6,no,no,yes
3671,exp_cycles_depvary_step2_batch_yyy08.pl,p5,no,no,yes
3672,exp_cycles_depvary_step2_batch_yyy08.pl,d3,no,no,yes
3673,exp_cycles_depvary_step2_batch_yyy08.pl,v5,no,no,yes
3674,exp_cycles_depvary_step2_batch_yyy08.pl,s5,no,no,yes
3675,exp_cycles_depvary_step2_batch_yyy08.pl,w4,no,no,yes
3676,exp_cycles_depvary_step2_batch_yyy08.pl,t7,no,no,yes
3677,exp_cycles_depvary_step2_batch_yyy08.pl,f2,no,no,yes
3678,exp_cycles_depvary_step2_batch_yyy08.pl,z4,no,no,yes
3679,exp_cycles_depvary_step2_batch_yyy08.pl,e4,no,no,yes
3680,exp_cycles_depvary_step2_batch_yyy09.pl,c4,no,no,yes
3681,exp_cycles_depvary_step2_batch_yyy09.pl,z5,no,no,yes
3682,exp_cycles_depvary_step2_batch_yyy09.pl,p7,no,no,yes
3683,exp_cycles_depvary_step2_batch_yyy09.pl,v5,no,no,yes
3684,exp_cycles_depvary_step2_batch_yyy09.pl,b4,no,no,yes
3686,exp_cycles_depvary_step2_batch_yyy09.pl,u3,no,no,yes
3687,exp_cycles_depvary_step2_batch_yyy09.pl,y2,no,no,yes
3688,exp_cycles_depvary_step2_batch_yyy09.pl,v3,no,no,yes
3689,exp_cycles_depvary_step2_batch_yyy09.pl,u2,no,no,yes
3690,exp_cycles_depvary_step2_batch_yyy10.pl,t4,no,no,yes
3692,exp_cycles_depvary_step2_batch_yyy10.pl,t3,no,no,yes
3694,exp_cycles_depvary_step2_batch_yyy10.pl,x7,no,no,yes
3695,exp_cycles_depvary_step2_batch_yyy10.pl,x5,no,no,yes
3696,exp_cycles_depvary_step2_batch_yyy10.pl,s7,no,no,yes
3700,exp_cycles_depvary_step3_batch_yyy01.pl,z5,no,no,yes
3701,exp_cycles_depvary_step3_batch_yyy01.pl,u7,no,no,yes
3702,exp_cycles_depvary_step3_batch_yyy01.pl,e4,no,no,yes
3703,exp_cycles_depvary_step3_batch_yyy01.pl,b5,no,no,yes
3705,exp_cycles_depvary_step3_batch_yyy01.pl,v3,no,no,yes
3706,exp_cycles_depvary_step3_batch_yyy01.pl,y6,no,no,yes
3707,exp_cycles_depvary_step3_batch_yyy01.pl,w3,no,no,yes
3708,exp_cycles_depvary_step3_batch_yyy01.pl,u6,no,no,yes
3709,exp_cycles_depvary_step3_batch_yyy01.pl,d5,no,no,yes
3710,exp_cycles_depvary_step3_batch_yyy02.pl,z5,no,no,yes
3711,exp_cycles_depvary_step3_batch_yyy02.pl,b4,no,no,yes
3713,exp_cycles_depvary_step3_batch_yyy02.pl,w6,no,no,yes
3715,exp_cycles_depvary_step3_batch_yyy02.pl,s6,no,no,yes
3716,exp_cycles_depvary_step3_batch_yyy02.pl,r4,no,no,yes
3717,exp_cycles_depvary_step3_batch_yyy02.pl,q3,no,no,yes
3718,exp_cycles_depvary_step3_batch_yyy02.pl,u6,no,no,yes
3719,exp_cycles_depvary_step3_batch_yyy02.pl,d5,no,no,yes
3720,exp_cycles_depvary_step3_batch_yyy03.pl,z6,no,no,yes
3721,exp_cycles_depvary_step3_batch_yyy03.pl,x3,no,no,yes
3722,exp_cycles_depvary_step3_batch_yyy03.pl,e5,no,no,yes
3723,exp_cycles_depvary_step3_batch_yyy03.pl,t3,no,no,yes
3725,exp_cycles_depvary_step3_batch_yyy03.pl,z4,no,no,yes
3727,exp_cycles_depvary_step3_batch_yyy03.pl,t7,no,no,yes
3728,exp_cycles_depvary_step3_batch_yyy03.pl,y2,no,no,yes
3730,exp_cycles_depvary_step3_batch_yyy04.pl,v6,no,no,yes
3731,exp_cycles_depvary_step3_batch_yyy04.pl,u7,no,no,yes
3732,exp_cycles_depvary_step3_batch_yyy04.pl,x7,no,no,yes
3733,exp_cycles_depvary_step3_batch_yyy04.pl,y3,no,no,yes
3734,exp_cycles_depvary_step3_batch_yyy04.pl,s1,no,no,yes
3735,exp_cycles_depvary_step3_batch_yyy04.pl,y6,no,no,yes
3737,exp_cycles_depvary_step3_batch_yyy04.pl,t6,no,no,yes
3738,exp_cycles_depvary_step3_batch_yyy04.pl,u2,no,no,yes
3740,exp_cycles_depvary_step3_batch_yyy05.pl,p5,no,no,yes
3743,exp_cycles_depvary_step3_batch_yyy05.pl,x7,no,no,yes
3745,exp_cycles_depvary_step3_batch_yyy05.pl,p3,no,no,yes
3746,exp_cycles_depvary_step3_batch_yyy05.pl,z2,no,no,yes
3747,exp_cycles_depvary_step3_batch_yyy05.pl,w3,no,no,yes
3748,exp_cycles_depvary_step3_batch_yyy05.pl,y3,no,no,yes
3749,exp_cycles_depvary_step3_batch_yyy05.pl,e4,no,no,yes
3750,exp_cycles_depvary_step3_batch_yyy06.pl,s3,no,no,yes
3751,exp_cycles_depvary_step3_batch_yyy06.pl,z5,no,no,yes
3752,exp_cycles_depvary_step3_batch_yyy06.pl,p5,no,no,yes
3753,exp_cycles_depvary_step3_batch_yyy06.pl,r6,no,no,yes
3754,exp_cycles_depvary_step3_batch_yyy06.pl,w5,no,no,yes
3755,exp_cycles_depvary_step3_batch_yyy06.pl,t3,no,no,yes
3756,exp_cycles_depvary_step3_batch_yyy06.pl,t6,no,no,yes
3757,exp_cycles_depvary_step3_batch_yyy06.pl,r7,no,no,yes
3760,exp_cycles_depvary_step3_batch_yyy07.pl,t5,no,no,yes
3761,exp_cycles_depvary_step3_batch_yyy07.pl,y4,no,no,yes
3762,exp_cycles_depvary_step3_batch_yyy07.pl,u4,no,no,yes
3763,exp_cycles_depvary_step3_batch_yyy07.pl,a4,no,no,yes
3765,exp_cycles_depvary_step3_batch_yyy07.pl,q3,no,no,yes
3767,exp_cycles_depvary_step3_batch_yyy07.pl,y5,no,no,yes
3768,exp_cycles_depvary_step3_batch_yyy07.pl,c5,no,no,yes
3769,exp_cycles_depvary_step3_batch_yyy07.pl,t6,no,no,yes
3771,exp_cycles_depvary_step3_batch_yyy08.pl,t3,no,no,yes
3772,exp_cycles_depvary_step3_batch_yyy08.pl,p3,no,no,yes
3773,exp_cycles_depvary_step3_batch_yyy08.pl,t7,no,no,yes
3774,exp_cycles_depvary_step3_batch_yyy08.pl,e3,no,no,yes
3776,exp_cycles_depvary_step3_batch_yyy08.pl,v3,no,no,yes
3777,exp_cycles_depvary_step3_batch_yyy08.pl,p6,no,no,yes
3780,exp_cycles_depvary_step3_batch_yyy09.pl,d5,no,no,yes
3781,exp_cycles_depvary_step3_batch_yyy09.pl,a6,no,no,yes
3782,exp_cycles_depvary_step3_batch_yyy09.pl,d4,no,no,yes
3784,exp_cycles_depvary_step3_batch_yyy09.pl,t3,no,no,yes
3787,exp_cycles_depvary_step3_batch_yyy09.pl,a3,no,no,yes
3790,exp_cycles_depvary_step3_batch_yyy10.pl,d5,no,no,yes
3792,exp_cycles_depvary_step3_batch_yyy10.pl,w7,no,no,yes
3794,exp_cycles_depvary_step3_batch_yyy10.pl,b4,no,no,yes
3796,exp_cycles_depvary_step3_batch_yyy10.pl,t1,no,no,yes
3798,exp_cycles_depvary_step3_batch_yyy10.pl,w3,no,no,yes
3799,exp_cycles_depvary_step3_batch_yyy10.pl,q2,no,no,yes
3800,exp_cycles_depvary_step4_batch_yyy01.pl,s4,no,no,yes
3802,exp_cycles_depvary_step4_batch_yyy01.pl,u4,no,no,yes
3803,exp_cycles_depvary_step4_batch_yyy01.pl,q4,no,no,yes
3804,exp_cycles_depvary_step4_batch_yyy01.pl,v1,no,no,yes
3806,exp_cycles_depvary_step4_batch_yyy01.pl,y1,no,no,yes
3807,exp_cycles_depvary_step4_batch_yyy01.pl,y5,no,no,yes
3810,exp_cycles_depvary_step4_batch_yyy02.pl,r6,no,no,yes
3811,exp_cycles_depvary_step4_batch_yyy02.pl,c5,no,no,yes
3812,exp_cycles_depvary_step4_batch_yyy02.pl,q4,no,no,yes
3814,exp_cycles_depvary_step4_batch_yyy02.pl,w4,no,no,yes
3815,exp_cycles_depvary_step4_batch_yyy02.pl,u2,no,no,yes
3816,exp_cycles_depvary_step4_batch_yyy02.pl,a6,no,no,yes
3817,exp_cycles_depvary_step4_batch_yyy02.pl,y4,no,no,yes
3818,exp_cycles_depvary_step4_batch_yyy02.pl,z4,no,no,yes
3819,exp_cycles_depvary_step4_batch_yyy02.pl,r5,no,no,yes
3821,exp_cycles_depvary_step4_batch_yyy03.pl,t3,no,no,yes
3822,exp_cycles_depvary_step4_batch_yyy03.pl,x5,no,no,yes
3824,exp_cycles_depvary_step4_batch_yyy03.pl,b6,no,no,yes
3826,exp_cycles_depvary_step4_batch_yyy03.pl,t5,no,no,yes
3827,exp_cycles_depvary_step4_batch_yyy03.pl,s3,no,no,yes
3828,exp_cycles_depvary_step4_batch_yyy03.pl,s4,no,no,yes
3829,exp_cycles_depvary_step4_batch_yyy03.pl,v7,no,no,yes
3831,exp_cycles_depvary_step4_batch_yyy04.pl,z5,no,no,yes
3832,exp_cycles_depvary_step4_batch_yyy04.pl,w6,no,no,yes
3834,exp_cycles_depvary_step4_batch_yyy04.pl,u3,no,no,yes
3835,exp_cycles_depvary_step4_batch_yyy04.pl,z3,no,no,yes
3839,exp_cycles_depvary_step4_batch_yyy04.pl,t1,no,no,yes
3840,exp_cycles_depvary_step4_batch_yyy05.pl,z6,no,no,yes
3841,exp_cycles_depvary_step4_batch_yyy05.pl,w5,no,no,yes
3842,exp_cycles_depvary_step4_batch_yyy05.pl,y3,no,no,yes
3843,exp_cycles_depvary_step4_batch_yyy05.pl,s4,no,no,yes
3844,exp_cycles_depvary_step4_batch_yyy05.pl,y4,no,no,yes
3845,exp_cycles_depvary_step4_batch_yyy05.pl,p4,no,no,yes
3846,exp_cycles_depvary_step4_batch_yyy05.pl,p5,no,no,yes
3847,exp_cycles_depvary_step4_batch_yyy05.pl,d4,no,no,yes
3848,exp_cycles_depvary_step4_batch_yyy05.pl,x5,no,no,yes
3849,exp_cycles_depvary_step4_batch_yyy05.pl,t7,no,no,yes
3850,exp_cycles_depvary_step4_batch_yyy06.pl,q6,no,no,yes
3852,exp_cycles_depvary_step4_batch_yyy06.pl,u7,no,no,yes
3853,exp_cycles_depvary_step4_batch_yyy06.pl,t3,no,no,yes
3854,exp_cycles_depvary_step4_batch_yyy06.pl,f5,no,no,yes
3855,exp_cycles_depvary_step4_batch_yyy06.pl,x6,no,no,yes
3856,exp_cycles_depvary_step4_batch_yyy06.pl,r7,no,no,yes
3860,exp_cycles_depvary_step4_batch_yyy07.pl,x3,no,no,yes
3861,exp_cycles_depvary_step4_batch_yyy07.pl,t3,no,no,yes
3864,exp_cycles_depvary_step4_batch_yyy07.pl,p3,no,no,yes
3866,exp_cycles_depvary_step4_batch_yyy07.pl,z3,no,no,yes
3868,exp_cycles_depvary_step4_batch_yyy07.pl,x4,no,no,yes
3869,exp_cycles_depvary_step4_batch_yyy07.pl,w3,no,no,yes
3871,exp_cycles_depvary_step4_batch_yyy08.pl,e4,no,no,yes
3872,exp_cycles_depvary_step4_batch_yyy08.pl,b5,no,no,yes
3873,exp_cycles_depvary_step4_batch_yyy08.pl,f4,no,no,yes
3876,exp_cycles_depvary_step4_batch_yyy08.pl,s4,no,no,yes
3877,exp_cycles_depvary_step4_batch_yyy08.pl,v7,no,no,yes
3879,exp_cycles_depvary_step4_batch_yyy08.pl,t6,no,no,yes
3880,exp_cycles_depvary_step4_batch_yyy09.pl,t5,no,no,yes
3881,exp_cycles_depvary_step4_batch_yyy09.pl,e4,no,no,yes
3882,exp_cycles_depvary_step4_batch_yyy09.pl,x5,no,no,yes
3883,exp_cycles_depvary_step4_batch_yyy09.pl,y5,no,no,yes
3884,exp_cycles_depvary_step4_batch_yyy09.pl,w3,no,no,yes
3885,exp_cycles_depvary_step4_batch_yyy09.pl,p4,no,no,yes
3886,exp_cycles_depvary_step4_batch_yyy09.pl,p7,no,no,yes
3887,exp_cycles_depvary_step4_batch_yyy09.pl,p5,no,no,yes
3888,exp_cycles_depvary_step4_batch_yyy09.pl,w6,no,no,yes
3889,exp_cycles_depvary_step4_batch_yyy09.pl,f5,no,no,yes
3891,exp_cycles_depvary_step4_batch_yyy10.pl,u7,no,no,yes
3892,exp_cycles_depvary_step4_batch_yyy10.pl,z4,no,no,yes
3894,exp_cycles_depvary_step4_batch_yyy10.pl,x5,no,no,yes
3895,exp_cycles_depvary_step4_batch_yyy10.pl,u3,no,no,yes
3896,exp_cycles_depvary_step4_batch_yyy10.pl,f4,no,no,yes
3898,exp_cycles_depvary_step4_batch_yyy10.pl,p7,no,no,yes
3899,exp_cycles_depvary_step4_batch_yyy10.pl,x3,no,no,yes
3900,exp_cycles_depvary_step5_batch_yyy01.pl,u5,no,no,yes
3901,exp_cycles_depvary_step5_batch_yyy01.pl,c4,no,no,yes
3902,exp_cycles_depvary_step5_batch_yyy01.pl,d4,no,no,yes
3903,exp_cycles_depvary_step5_batch_yyy01.pl,u4,no,no,yes
3905,exp_cycles_depvary_step5_batch_yyy01.pl,w4,no,no,yes
3906,exp_cycles_depvary_step5_batch_yyy01.pl,s7,no,no,yes
3909,exp_cycles_depvary_step5_batch_yyy01.pl,q6,no,no,yes
3910,exp_cycles_depvary_step5_batch_yyy02.pl,c4,no,no,yes
3911,exp_cycles_depvary_step5_batch_yyy02.pl,p7,no,no,yes
3913,exp_cycles_depvary_step5_batch_yyy02.pl,b4,no,no,yes
3914,exp_cycles_depvary_step5_batch_yyy02.pl,e4,no,no,yes
3917,exp_cycles_depvary_step5_batch_yyy02.pl,q7,no,no,yes
3919,exp_cycles_depvary_step5_batch_yyy02.pl,r4,no,no,yes
3920,exp_cycles_depvary_step5_batch_yyy03.pl,a6,no,no,yes
3922,exp_cycles_depvary_step5_batch_yyy03.pl,v5,no,no,yes
3923,exp_cycles_depvary_step5_batch_yyy03.pl,s2,no,no,yes
3924,exp_cycles_depvary_step5_batch_yyy03.pl,f5,no,no,yes
3925,exp_cycles_depvary_step5_batch_yyy03.pl,r7,no,no,yes
3927,exp_cycles_depvary_step5_batch_yyy03.pl,q7,no,no,yes
3928,exp_cycles_depvary_step5_batch_yyy03.pl,z5,no,no,yes
3931,exp_cycles_depvary_step5_batch_yyy04.pl,a6,no,no,yes
3932,exp_cycles_depvary_step5_batch_yyy04.pl,v5,no,no,yes
3933,exp_cycles_depvary_step5_batch_yyy04.pl,w6,no,no,yes
3934,exp_cycles_depvary_step5_batch_yyy04.pl,y3,no,no,yes
3937,exp_cycles_depvary_step5_batch_yyy04.pl,v6,no,no,yes
3938,exp_cycles_depvary_step5_batch_yyy04.pl,r6,no,no,yes
3939,exp_cycles_depvary_step5_batch_yyy04.pl,e5,no,no,yes
3941,exp_cycles_depvary_step5_batch_yyy05.pl,r5,no,no,yes
3942,exp_cycles_depvary_step5_batch_yyy05.pl,y6,no,no,yes
3944,exp_cycles_depvary_step5_batch_yyy05.pl,a5,no,no,yes
3950,exp_cycles_depvary_step5_batch_yyy06.pl,u5,no,no,yes
3951,exp_cycles_depvary_step5_batch_yyy06.pl,t5,no,no,yes
3952,exp_cycles_depvary_step5_batch_yyy06.pl,y4,no,no,yes
3953,exp_cycles_depvary_step5_batch_yyy06.pl,v6,no,no,yes
3954,exp_cycles_depvary_step5_batch_yyy06.pl,s5,no,no,yes
3957,exp_cycles_depvary_step5_batch_yyy06.pl,c6,no,no,yes
3960,exp_cycles_depvary_step5_batch_yyy07.pl,u6,no,no,yes
3961,exp_cycles_depvary_step5_batch_yyy07.pl,q6,no,no,yes
3963,exp_cycles_depvary_step5_batch_yyy07.pl,z4,no,no,yes
3965,exp_cycles_depvary_step5_batch_yyy07.pl,p2,no,no,yes
3966,exp_cycles_depvary_step5_batch_yyy07.pl,f4,no,no,yes
3968,exp_cycles_depvary_step5_batch_yyy07.pl,p6,no,no,yes
3971,exp_cycles_depvary_step5_batch_yyy08.pl,d4,no,no,yes
3974,exp_cycles_depvary_step5_batch_yyy08.pl,f5,no,no,yes
3976,exp_cycles_depvary_step5_batch_yyy08.pl,y6,no,no,yes
3978,exp_cycles_depvary_step5_batch_yyy08.pl,t5,no,no,yes
3980,exp_cycles_depvary_step5_batch_yyy09.pl,w5,no,no,yes
3983,exp_cycles_depvary_step5_batch_yyy09.pl,q7,no,no,yes
3984,exp_cycles_depvary_step5_batch_yyy09.pl,p6,no,no,yes
3985,exp_cycles_depvary_step5_batch_yyy09.pl,s4,no,no,yes
3986,exp_cycles_depvary_step5_batch_yyy09.pl,y4,no,no,yes
3987,exp_cycles_depvary_step5_batch_yyy09.pl,x5,no,no,yes
3990,exp_cycles_depvary_step5_batch_yyy10.pl,p4,no,no,yes
3991,exp_cycles_depvary_step5_batch_yyy10.pl,u1,no,no,yes
3993,exp_cycles_depvary_step5_batch_yyy10.pl,x2,no,no,yes
3994,exp_cycles_depvary_step5_batch_yyy10.pl,x5,no,no,yes
3996,exp_cycles_depvary_step5_batch_yyy10.pl,s4,no,no,yes
3997,exp_cycles_depvary_step5_batch_yyy10.pl,y4,no,no,yes
3999,exp_cycles_depvary_step5_batch_yyy10.pl,x1,no,no,yes
4000,exp_cycles_depvary_step6_batch_yyy01.pl,z5,no,no,yes
4002,exp_cycles_depvary_step6_batch_yyy01.pl,s5,no,no,yes
4004,exp_cycles_depvary_step6_batch_yyy01.pl,y5,no,no,yes
4006,exp_cycles_depvary_step6_batch_yyy01.pl,t5,no,no,yes
4008,exp_cycles_depvary_step6_batch_yyy01.pl,a6,no,no,yes
4009,exp_cycles_depvary_step6_batch_yyy01.pl,s4,no,no,yes
4010,exp_cycles_depvary_step6_batch_yyy02.pl,y4,no,no,yes
4013,exp_cycles_depvary_step6_batch_yyy02.pl,x2,no,no,yes
4016,exp_cycles_depvary_step6_batch_yyy02.pl,p7,no,no,yes
4017,exp_cycles_depvary_step6_batch_yyy02.pl,p5,no,no,yes
4019,exp_cycles_depvary_step6_batch_yyy02.pl,u1,no,no,yes
4021,exp_cycles_depvary_step6_batch_yyy03.pl,a5,no,no,yes
4022,exp_cycles_depvary_step6_batch_yyy03.pl,z4,no,no,yes
4026,exp_cycles_depvary_step6_batch_yyy03.pl,x4,no,no,yes
4027,exp_cycles_depvary_step6_batch_yyy03.pl,p6,no,no,yes
4029,exp_cycles_depvary_step6_batch_yyy03.pl,x6,no,no,yes
4030,exp_cycles_depvary_step6_batch_yyy04.pl,z6,no,no,yes
4032,exp_cycles_depvary_step6_batch_yyy04.pl,c5,no,no,yes
4035,exp_cycles_depvary_step6_batch_yyy04.pl,y5,no,no,yes
4036,exp_cycles_depvary_step6_batch_yyy04.pl,t4,no,no,yes
4037,exp_cycles_depvary_step6_batch_yyy04.pl,s3,no,no,yes
4038,exp_cycles_depvary_step6_batch_yyy04.pl,d4,no,no,yes
4040,exp_cycles_depvary_step6_batch_yyy05.pl,u6,no,no,yes
4041,exp_cycles_depvary_step6_batch_yyy05.pl,s3,no,no,yes
4043,exp_cycles_depvary_step6_batch_yyy05.pl,w7,no,no,yes
4044,exp_cycles_depvary_step6_batch_yyy05.pl,q6,no,no,yes
4046,exp_cycles_depvary_step6_batch_yyy05.pl,v6,no,no,yes
4047,exp_cycles_depvary_step6_batch_yyy05.pl,v5,no,no,yes
4048,exp_cycles_depvary_step6_batch_yyy05.pl,a5,no,no,yes
4050,exp_cycles_depvary_step6_batch_yyy06.pl,u5,no,no,yes
4051,exp_cycles_depvary_step6_batch_yyy06.pl,w7,no,no,yes
4052,exp_cycles_depvary_step6_batch_yyy06.pl,z5,no,no,yes
4055,exp_cycles_depvary_step6_batch_yyy06.pl,x5,no,no,yes
4058,exp_cycles_depvary_step6_batch_yyy06.pl,a5,no,no,yes
4060,exp_cycles_depvary_step6_batch_yyy07.pl,t5,no,no,yes
4061,exp_cycles_depvary_step6_batch_yyy07.pl,s4,no,no,yes
4067,exp_cycles_depvary_step6_batch_yyy07.pl,p6,no,no,yes
4072,exp_cycles_depvary_step6_batch_yyy08.pl,e5,no,no,yes
4073,exp_cycles_depvary_step6_batch_yyy08.pl,q5,no,no,yes
4075,exp_cycles_depvary_step6_batch_yyy08.pl,f5,no,no,yes
4078,exp_cycles_depvary_step6_batch_yyy08.pl,b6,no,no,yes
4080,exp_cycles_depvary_step6_batch_yyy09.pl,p7,no,no,yes
4081,exp_cycles_depvary_step6_batch_yyy09.pl,q5,no,no,yes
4082,exp_cycles_depvary_step6_batch_yyy09.pl,w6,no,no,yes
4083,exp_cycles_depvary_step6_batch_yyy09.pl,e4,no,no,yes
4084,exp_cycles_depvary_step6_batch_yyy09.pl,x5,no,no,yes
4085,exp_cycles_depvary_step6_batch_yyy09.pl,r4,no,no,yes
4086,exp_cycles_depvary_step6_batch_yyy09.pl,y2,no,no,yes
4088,exp_cycles_depvary_step6_batch_yyy09.pl,y6,no,no,yes
4089,exp_cycles_depvary_step6_batch_yyy09.pl,q2,no,no,yes
4090,exp_cycles_depvary_step6_batch_yyy10.pl,y4,no,no,yes
4091,exp_cycles_depvary_step6_batch_yyy10.pl,v6,no,no,yes
4092,exp_cycles_depvary_step6_batch_yyy10.pl,c6,no,no,yes
4093,exp_cycles_depvary_step6_batch_yyy10.pl,x1,no,no,yes
4095,exp_cycles_depvary_step6_batch_yyy10.pl,t5,no,no,yes
4096,exp_cycles_depvary_step6_batch_yyy10.pl,c5,no,no,yes
4098,exp_cycles_depvary_step6_batch_yyy10.pl,v4,no,no,yes
4099,exp_cycles_depvary_step6_batch_yyy10.pl,r4,no,no,yes
4100,exp_cycles_depvary_step7_batch_yyy01.pl,d5,no,no,yes
4104,exp_cycles_depvary_step7_batch_yyy01.pl,u7,no,no,yes
4105,exp_cycles_depvary_step7_batch_yyy01.pl,q5,no,no,yes
4106,exp_cycles_depvary_step7_batch_yyy01.pl,p3,no,no,yes
4108,exp_cycles_depvary_step7_batch_yyy01.pl,t5,no,no,yes
4110,exp_cycles_depvary_step7_batch_yyy02.pl,u6,no,no,yes
4112,exp_cycles_depvary_step7_batch_yyy02.pl,z5,no,no,yes
4113,exp_cycles_depvary_step7_batch_yyy02.pl,w5,no,no,yes
4114,exp_cycles_depvary_step7_batch_yyy02.pl,q5,no,no,yes
4115,exp_cycles_depvary_step7_batch_yyy02.pl,s2,no,no,yes
4117,exp_cycles_depvary_step7_batch_yyy02.pl,y5,no,no,yes
4118,exp_cycles_depvary_step7_batch_yyy02.pl,x7,no,no,yes
4124,exp_cycles_depvary_step7_batch_yyy03.pl,p3,no,no,yes
4125,exp_cycles_depvary_step7_batch_yyy03.pl,w4,no,no,yes
4126,exp_cycles_depvary_step7_batch_yyy03.pl,c6,no,no,yes
4129,exp_cycles_depvary_step7_batch_yyy03.pl,y6,no,no,yes
4130,exp_cycles_depvary_step7_batch_yyy04.pl,u5,no,no,yes
4131,exp_cycles_depvary_step7_batch_yyy04.pl,z5,no,no,yes
4132,exp_cycles_depvary_step7_batch_yyy04.pl,q5,no,no,yes
4133,exp_cycles_depvary_step7_batch_yyy04.pl,x7,no,no,yes
4134,exp_cycles_depvary_step7_batch_yyy04.pl,v1,no,no,yes
4140,exp_cycles_depvary_step7_batch_yyy05.pl,z6,no,no,yes
4142,exp_cycles_depvary_step7_batch_yyy05.pl,r4,no,no,yes
4145,exp_cycles_depvary_step7_batch_yyy05.pl,y5,no,no,yes
4147,exp_cycles_depvary_step7_batch_yyy05.pl,p5,no,no,yes
4149,exp_cycles_depvary_step7_batch_yyy05.pl,a5,no,no,yes
4151,exp_cycles_depvary_step7_batch_yyy06.pl,p5,no,no,yes
4153,exp_cycles_depvary_step7_batch_yyy06.pl,c5,no,no,yes
4156,exp_cycles_depvary_step7_batch_yyy06.pl,y4,no,no,yes
4157,exp_cycles_depvary_step7_batch_yyy06.pl,v7,no,no,yes
4159,exp_cycles_depvary_step7_batch_yyy06.pl,x6,no,no,yes
4160,exp_cycles_depvary_step7_batch_yyy07.pl,u5,no,no,yes
4168,exp_cycles_depvary_step7_batch_yyy07.pl,y4,no,no,yes
4169,exp_cycles_depvary_step7_batch_yyy07.pl,v7,no,no,yes
4172,exp_cycles_depvary_step7_batch_yyy08.pl,x7,no,no,yes
4176,exp_cycles_depvary_step7_batch_yyy08.pl,x5,no,no,yes
4177,exp_cycles_depvary_step7_batch_yyy08.pl,r7,no,no,yes
4179,exp_cycles_depvary_step7_batch_yyy08.pl,x4,no,no,yes
4187,exp_cycles_depvary_step7_batch_yyy09.pl,w6,no,no,yes
4193,exp_cycles_depvary_step7_batch_yyy10.pl,v5,no,no,yes
4194,exp_cycles_depvary_step7_batch_yyy10.pl,q5,no,no,yes
4195,exp_cycles_depvary_step7_batch_yyy10.pl,p3,no,no,yes
4200,exp_cycles_depvary_step8_batch_yyy01.pl,u5,no,no,yes
4201,exp_cycles_depvary_step8_batch_yyy01.pl,t5,no,no,yes
4203,exp_cycles_depvary_step8_batch_yyy01.pl,x7,no,no,yes
4206,exp_cycles_depvary_step8_batch_yyy01.pl,y6,no,no,yes
4211,exp_cycles_depvary_step8_batch_yyy02.pl,z5,no,no,yes
4213,exp_cycles_depvary_step8_batch_yyy02.pl,q5,no,no,yes
4218,exp_cycles_depvary_step8_batch_yyy02.pl,r7,no,no,yes
4219,exp_cycles_depvary_step8_batch_yyy02.pl,b6,no,no,yes
4221,exp_cycles_depvary_step8_batch_yyy03.pl,p7,no,no,yes
4223,exp_cycles_depvary_step8_batch_yyy03.pl,w6,no,no,yes
4224,exp_cycles_depvary_step8_batch_yyy03.pl,r5,no,no,yes
4232,exp_cycles_depvary_step8_batch_yyy04.pl,v7,no,no,yes
4234,exp_cycles_depvary_step8_batch_yyy04.pl,u7,no,no,yes
4236,exp_cycles_depvary_step8_batch_yyy04.pl,w6,no,no,yes
4240,exp_cycles_depvary_step8_batch_yyy05.pl,q6,no,no,yes
4241,exp_cycles_depvary_step8_batch_yyy05.pl,v5,no,no,yes
4247,exp_cycles_depvary_step8_batch_yyy05.pl,y5,no,no,yes
4248,exp_cycles_depvary_step8_batch_yyy05.pl,x5,no,no,yes
4255,exp_cycles_depvary_step8_batch_yyy06.pl,q6,no,no,yes
4256,exp_cycles_depvary_step8_batch_yyy06.pl,x2,no,no,yes
4257,exp_cycles_depvary_step8_batch_yyy06.pl,f5,no,no,yes
4259,exp_cycles_depvary_step8_batch_yyy06.pl,s6,no,no,yes
4260,exp_cycles_depvary_step8_batch_yyy07.pl,w5,no,no,yes
4263,exp_cycles_depvary_step8_batch_yyy07.pl,s7,no,no,yes
4264,exp_cycles_depvary_step8_batch_yyy07.pl,y6,no,no,yes
4270,exp_cycles_depvary_step8_batch_yyy08.pl,z6,no,no,yes
4272,exp_cycles_depvary_step8_batch_yyy08.pl,v5,no,no,yes
4274,exp_cycles_depvary_step8_batch_yyy08.pl,q4,no,no,yes
4280,exp_cycles_depvary_step8_batch_yyy09.pl,d5,no,no,yes
4281,exp_cycles_depvary_step8_batch_yyy09.pl,u4,no,no,yes
4282,exp_cycles_depvary_step8_batch_yyy09.pl,f5,no,no,yes
4286,exp_cycles_depvary_step8_batch_yyy09.pl,r3,no,no,yes
4290,exp_cycles_depvary_step8_batch_yyy10.pl,u5,no,no,yes
4291,exp_cycles_depvary_step8_batch_yyy10.pl,s3,no,no,yes
4295,exp_cycles_depvary_step8_batch_yyy10.pl,w6,no,no,yes
4296,exp_cycles_depvary_step8_batch_yyy10.pl,x5,no,no,yes
4298,exp_cycles_depvary_step8_batch_yyy10.pl,x6,no,no,yes
4302,exp_cycles_depvary_step9_batch_yyy01.pl,v6,no,no,yes
4303,exp_cycles_depvary_step9_batch_yyy01.pl,w6,no,no,yes
4305,exp_cycles_depvary_step9_batch_yyy01.pl,t7,no,no,yes
4306,exp_cycles_depvary_step9_batch_yyy01.pl,x6,no,no,yes
4307,exp_cycles_depvary_step9_batch_yyy01.pl,s7,no,no,yes
4308,exp_cycles_depvary_step9_batch_yyy01.pl,a6,no,no,yes
4309,exp_cycles_depvary_step9_batch_yyy01.pl,w7,no,no,yes
4315,exp_cycles_depvary_step9_batch_yyy02.pl,t5,no,no,yes
4319,exp_cycles_depvary_step9_batch_yyy02.pl,r7,no,no,yes
4324,exp_cycles_depvary_step9_batch_yyy03.pl,x7,no,no,yes
4328,exp_cycles_depvary_step9_batch_yyy03.pl,p6,no,no,yes
4332,exp_cycles_depvary_step9_batch_yyy04.pl,w5,no,no,yes
4333,exp_cycles_depvary_step9_batch_yyy04.pl,x7,no,no,yes
4335,exp_cycles_depvary_step9_batch_yyy04.pl,w4,no,no,yes
4337,exp_cycles_depvary_step9_batch_yyy04.pl,s7,no,no,yes
4338,exp_cycles_depvary_step9_batch_yyy04.pl,q7,no,no,yes
4346,exp_cycles_depvary_step9_batch_yyy05.pl,s7,no,no,yes
4350,exp_cycles_depvary_step9_batch_yyy06.pl,v7,no,no,yes
4351,exp_cycles_depvary_step9_batch_yyy06.pl,z5,no,no,yes
4354,exp_cycles_depvary_step9_batch_yyy06.pl,x6,no,no,yes
4355,exp_cycles_depvary_step9_batch_yyy06.pl,r7,no,no,yes
4356,exp_cycles_depvary_step9_batch_yyy06.pl,t1,no,no,yes
4357,exp_cycles_depvary_step9_batch_yyy06.pl,z1,no,no,yes
4358,exp_cycles_depvary_step9_batch_yyy06.pl,t6,no,no,yes
4360,exp_cycles_depvary_step9_batch_yyy07.pl,v7,no,no,yes
4366,exp_cycles_depvary_step9_batch_yyy07.pl,y6,no,no,yes
4367,exp_cycles_depvary_step9_batch_yyy07.pl,w3,no,no,yes
4371,exp_cycles_depvary_step9_batch_yyy08.pl,z5,no,no,yes
4373,exp_cycles_depvary_step9_batch_yyy08.pl,t7,no,no,yes
4374,exp_cycles_depvary_step9_batch_yyy08.pl,r7,no,no,yes
4383,exp_cycles_depvary_step9_batch_yyy09.pl,x2,no,no,yes
4384,exp_cycles_depvary_step9_batch_yyy09.pl,w1,no,no,yes
4385,exp_cycles_depvary_step9_batch_yyy09.pl,y5,no,no,yes
4390,exp_cycles_depvary_step9_batch_yyy10.pl,t5,no,no,yes
4398,exp_cycles_depvary_step9_batch_yyy10.pl,w5,no,no,yes
4399,exp_cycles_depvary_step9_batch_yyy10.pl,u7,no,no,yes
4401,exp_cycles_indvary1_step1_batch_yyy01.pl,a6,no,no,yes
4402,exp_cycles_indvary1_step1_batch_yyy01.pl,u4,no,no,yes
4403,exp_cycles_indvary1_step1_batch_yyy01.pl,t6,no,no,yes
4404,exp_cycles_indvary1_step1_batch_yyy01.pl,w6,no,no,yes
4405,exp_cycles_indvary1_step1_batch_yyy01.pl,y1,no,no,yes
4407,exp_cycles_indvary1_step1_batch_yyy01.pl,x4,no,no,yes
4408,exp_cycles_indvary1_step1_batch_yyy01.pl,b6,no,no,yes
4410,exp_cycles_indvary1_step1_batch_yyy02.pl,t5,no,no,yes
4411,exp_cycles_indvary1_step1_batch_yyy02.pl,v7,no,no,yes
4412,exp_cycles_indvary1_step1_batch_yyy02.pl,x3,no,no,yes
4413,exp_cycles_indvary1_step1_batch_yyy02.pl,f3,no,no,yes
4416,exp_cycles_indvary1_step1_batch_yyy02.pl,w2,no,no,yes
4417,exp_cycles_indvary1_step1_batch_yyy02.pl,e5,no,no,yes
4418,exp_cycles_indvary1_step1_batch_yyy02.pl,x5,no,no,yes
4420,exp_cycles_indvary1_step1_batch_yyy03.pl,z6,no,no,yes
4421,exp_cycles_indvary1_step1_batch_yyy03.pl,x2,no,no,yes
4423,exp_cycles_indvary1_step1_batch_yyy03.pl,q3,no,no,yes
4425,exp_cycles_indvary1_step1_batch_yyy03.pl,v3,no,no,yes
4426,exp_cycles_indvary1_step1_batch_yyy03.pl,u2,no,no,yes
4427,exp_cycles_indvary1_step1_batch_yyy03.pl,w3,no,no,yes
4428,exp_cycles_indvary1_step1_batch_yyy03.pl,s5,no,no,yes
4429,exp_cycles_indvary1_step1_batch_yyy03.pl,t3,no,no,yes
4430,exp_cycles_indvary1_step1_batch_yyy04.pl,x3,no,no,yes
4431,exp_cycles_indvary1_step1_batch_yyy04.pl,u4,no,no,yes
4432,exp_cycles_indvary1_step1_batch_yyy04.pl,u7,no,no,yes
4433,exp_cycles_indvary1_step1_batch_yyy04.pl,q5,no,no,yes
4434,exp_cycles_indvary1_step1_batch_yyy04.pl,a4,no,no,yes
4436,exp_cycles_indvary1_step1_batch_yyy04.pl,s7,no,no,yes
4437,exp_cycles_indvary1_step1_batch_yyy04.pl,y6,no,no,yes
4438,exp_cycles_indvary1_step1_batch_yyy04.pl,u2,no,no,yes
4440,exp_cycles_indvary1_step1_batch_yyy05.pl,d3,no,no,yes
4441,exp_cycles_indvary1_step1_batch_yyy05.pl,s2,no,no,yes
4442,exp_cycles_indvary1_step1_batch_yyy05.pl,x7,no,no,yes
4443,exp_cycles_indvary1_step1_batch_yyy05.pl,x2,no,no,yes
4444,exp_cycles_indvary1_step1_batch_yyy05.pl,v1,no,no,yes
4445,exp_cycles_indvary1_step1_batch_yyy05.pl,v4,no,no,yes
4447,exp_cycles_indvary1_step1_batch_yyy05.pl,x6,no,no,yes
4448,exp_cycles_indvary1_step1_batch_yyy05.pl,b6,no,no,yes
4449,exp_cycles_indvary1_step1_batch_yyy05.pl,v3,no,no,yes
4450,exp_cycles_indvary1_step1_batch_yyy06.pl,d3,no,no,yes
4451,exp_cycles_indvary1_step1_batch_yyy06.pl,x2,no,no,yes
4452,exp_cycles_indvary1_step1_batch_yyy06.pl,p2,no,no,yes
4453,exp_cycles_indvary1_step1_batch_yyy06.pl,b6,no,no,yes
4455,exp_cycles_indvary1_step1_batch_yyy06.pl,c5,no,no,yes
4456,exp_cycles_indvary1_step1_batch_yyy06.pl,a5,no,no,yes
4458,exp_cycles_indvary1_step1_batch_yyy06.pl,x5,no,no,yes
4459,exp_cycles_indvary1_step1_batch_yyy06.pl,c6,no,no,yes
4460,exp_cycles_indvary1_step1_batch_yyy07.pl,f4,no,no,yes
4461,exp_cycles_indvary1_step1_batch_yyy07.pl,b6,no,no,yes
4462,exp_cycles_indvary1_step1_batch_yyy07.pl,w7,no,no,yes
4463,exp_cycles_indvary1_step1_batch_yyy07.pl,v7,no,no,yes
4464,exp_cycles_indvary1_step1_batch_yyy07.pl,v2,no,no,yes
4465,exp_cycles_indvary1_step1_batch_yyy07.pl,q6,no,no,yes
4466,exp_cycles_indvary1_step1_batch_yyy07.pl,w2,no,no,yes
4467,exp_cycles_indvary1_step1_batch_yyy07.pl,u1,no,no,yes
4468,exp_cycles_indvary1_step1_batch_yyy07.pl,t7,no,no,yes
4469,exp_cycles_indvary1_step1_batch_yyy07.pl,z2,no,no,yes
4470,exp_cycles_indvary1_step1_batch_yyy08.pl,a6,no,no,yes
4471,exp_cycles_indvary1_step1_batch_yyy08.pl,d3,no,no,yes
4472,exp_cycles_indvary1_step1_batch_yyy08.pl,v5,no,no,yes
4473,exp_cycles_indvary1_step1_batch_yyy08.pl,c5,no,no,yes
4474,exp_cycles_indvary1_step1_batch_yyy08.pl,a4,no,no,yes
4475,exp_cycles_indvary1_step1_batch_yyy08.pl,q7,no,no,yes
4476,exp_cycles_indvary1_step1_batch_yyy08.pl,x5,no,no,yes
4477,exp_cycles_indvary1_step1_batch_yyy08.pl,c6,no,no,yes
4478,exp_cycles_indvary1_step1_batch_yyy08.pl,y1,no,no,yes
4480,exp_cycles_indvary1_step1_batch_yyy09.pl,c4,no,no,yes
4481,exp_cycles_indvary1_step1_batch_yyy09.pl,w7,no,no,yes
4482,exp_cycles_indvary1_step1_batch_yyy09.pl,c5,no,no,yes
4483,exp_cycles_indvary1_step1_batch_yyy09.pl,a4,no,no,yes
4485,exp_cycles_indvary1_step1_batch_yyy09.pl,x1,no,no,yes
4486,exp_cycles_indvary1_step1_batch_yyy09.pl,x4,no,no,yes
4487,exp_cycles_indvary1_step1_batch_yyy09.pl,q2,no,no,yes
4488,exp_cycles_indvary1_step1_batch_yyy09.pl,w5,no,no,yes
4489,exp_cycles_indvary1_step1_batch_yyy09.pl,u7,no,no,yes
4490,exp_cycles_indvary1_step1_batch_yyy10.pl,s4,no,no,yes
4491,exp_cycles_indvary1_step1_batch_yyy10.pl,v2,no,no,yes
4492,exp_cycles_indvary1_step1_batch_yyy10.pl,d4,no,no,yes
4493,exp_cycles_indvary1_step1_batch_yyy10.pl,r6,no,no,yes
4494,exp_cycles_indvary1_step1_batch_yyy10.pl,w5,no,no,yes
4495,exp_cycles_indvary1_step1_batch_yyy10.pl,p3,no,no,yes
4496,exp_cycles_indvary1_step1_batch_yyy10.pl,r4,no,no,yes
4498,exp_cycles_indvary1_step1_batch_yyy10.pl,r3,no,no,yes
4499,exp_cycles_indvary1_step1_batch_yyy10.pl,u2,no,no,yes
4501,exp_cycles_indvary1_step2_batch_yyy01.pl,x5,no,no,yes
4502,exp_cycles_indvary1_step2_batch_yyy01.pl,r4,no,no,yes
4503,exp_cycles_indvary1_step2_batch_yyy01.pl,y6,no,no,yes
4505,exp_cycles_indvary1_step2_batch_yyy01.pl,y3,no,no,yes
4506,exp_cycles_indvary1_step2_batch_yyy01.pl,r5,no,no,yes
4508,exp_cycles_indvary1_step2_batch_yyy01.pl,u2,no,no,yes
4510,exp_cycles_indvary1_step2_batch_yyy02.pl,d4,no,no,yes
4511,exp_cycles_indvary1_step2_batch_yyy02.pl,x2,no,no,yes
4512,exp_cycles_indvary1_step2_batch_yyy02.pl,t7,no,no,yes
4514,exp_cycles_indvary1_step2_batch_yyy02.pl,z3,no,no,yes
4515,exp_cycles_indvary1_step2_batch_yyy02.pl,q7,no,no,yes
4516,exp_cycles_indvary1_step2_batch_yyy02.pl,a6,no,no,yes
4517,exp_cycles_indvary1_step2_batch_yyy02.pl,s4,no,no,yes
4518,exp_cycles_indvary1_step2_batch_yyy02.pl,r6,no,no,yes
4519,exp_cycles_indvary1_step2_batch_yyy02.pl,e5,no,no,yes
4520,exp_cycles_indvary1_step2_batch_yyy03.pl,c4,no,no,yes
4521,exp_cycles_indvary1_step2_batch_yyy03.pl,v2,no,no,yes
4522,exp_cycles_indvary1_step2_batch_yyy03.pl,d3,no,no,yes
4523,exp_cycles_indvary1_step2_batch_yyy03.pl,w5,no,no,yes
4524,exp_cycles_indvary1_step2_batch_yyy03.pl,s5,no,no,yes
4526,exp_cycles_indvary1_step2_batch_yyy03.pl,x7,no,no,yes
4527,exp_cycles_indvary1_step2_batch_yyy03.pl,e4,no,no,yes
4528,exp_cycles_indvary1_step2_batch_yyy03.pl,c6,no,no,yes
4530,exp_cycles_indvary1_step2_batch_yyy04.pl,u5,no,no,yes
4531,exp_cycles_indvary1_step2_batch_yyy04.pl,d4,no,no,yes
4533,exp_cycles_indvary1_step2_batch_yyy04.pl,x6,no,no,yes
4535,exp_cycles_indvary1_step2_batch_yyy04.pl,p6,no,no,yes
4536,exp_cycles_indvary1_step2_batch_yyy04.pl,t4,no,no,yes
4537,exp_cycles_indvary1_step2_batch_yyy04.pl,t5,no,no,yes
4538,exp_cycles_indvary1_step2_batch_yyy04.pl,a6,no,no,yes
4539,exp_cycles_indvary1_step2_batch_yyy04.pl,v7,no,no,yes
4540,exp_cycles_indvary1_step2_batch_yyy05.pl,u6,no,no,yes
4541,exp_cycles_indvary1_step2_batch_yyy05.pl,v7,no,no,yes
4542,exp_cycles_indvary1_step2_batch_yyy05.pl,q5,no,no,yes
4544,exp_cycles_indvary1_step2_batch_yyy05.pl,c6,no,no,yes
4545,exp_cycles_indvary1_step2_batch_yyy05.pl,r4,no,no,yes
4546,exp_cycles_indvary1_step2_batch_yyy05.pl,u2,no,no,yes
4548,exp_cycles_indvary1_step2_batch_yyy05.pl,v2,no,no,yes
4550,exp_cycles_indvary1_step2_batch_yyy06.pl,w7,no,no,yes
4552,exp_cycles_indvary1_step2_batch_yyy06.pl,v5,no,no,yes
4553,exp_cycles_indvary1_step2_batch_yyy06.pl,t6,no,no,yes
4554,exp_cycles_indvary1_step2_batch_yyy06.pl,f5,no,no,yes
4555,exp_cycles_indvary1_step2_batch_yyy06.pl,u3,no,no,yes
4557,exp_cycles_indvary1_step2_batch_yyy06.pl,x4,no,no,yes
4559,exp_cycles_indvary1_step2_batch_yyy06.pl,e5,no,no,yes
4560,exp_cycles_indvary1_step2_batch_yyy07.pl,u6,no,no,yes
4561,exp_cycles_indvary1_step2_batch_yyy07.pl,w7,no,no,yes
4562,exp_cycles_indvary1_step2_batch_yyy07.pl,s5,no,no,yes
4563,exp_cycles_indvary1_step2_batch_yyy07.pl,s6,no,no,yes
4564,exp_cycles_indvary1_step2_batch_yyy07.pl,z3,no,no,yes
4565,exp_cycles_indvary1_step2_batch_yyy07.pl,q3,no,no,yes
4566,exp_cycles_indvary1_step2_batch_yyy07.pl,a4,no,no,yes
4567,exp_cycles_indvary1_step2_batch_yyy07.pl,w6,no,no,yes
4569,exp_cycles_indvary1_step2_batch_yyy07.pl,p3,no,no,yes
4570,exp_cycles_indvary1_step2_batch_yyy08.pl,p4,no,no,yes
4571,exp_cycles_indvary1_step2_batch_yyy08.pl,v5,no,no,yes
4572,exp_cycles_indvary1_step2_batch_yyy08.pl,r5,no,no,yes
4573,exp_cycles_indvary1_step2_batch_yyy08.pl,t2,no,no,yes
4574,exp_cycles_indvary1_step2_batch_yyy08.pl,v4,no,no,yes
4575,exp_cycles_indvary1_step2_batch_yyy08.pl,v3,no,no,yes
4578,exp_cycles_indvary1_step2_batch_yyy08.pl,s5,no,no,yes
4579,exp_cycles_indvary1_step2_batch_yyy08.pl,t3,no,no,yes
4580,exp_cycles_indvary1_step2_batch_yyy09.pl,z6,no,no,yes
4581,exp_cycles_indvary1_step2_batch_yyy09.pl,u4,no,no,yes
4582,exp_cycles_indvary1_step2_batch_yyy09.pl,c5,no,no,yes
4583,exp_cycles_indvary1_step2_batch_yyy09.pl,x7,no,no,yes
4584,exp_cycles_indvary1_step2_batch_yyy09.pl,e4,no,no,yes
4585,exp_cycles_indvary1_step2_batch_yyy09.pl,t7,no,no,yes
4588,exp_cycles_indvary1_step2_batch_yyy09.pl,u3,no,no,yes
4589,exp_cycles_indvary1_step2_batch_yyy09.pl,e3,no,no,yes
4590,exp_cycles_indvary1_step2_batch_yyy10.pl,d5,no,no,yes
4592,exp_cycles_indvary1_step2_batch_yyy10.pl,r6,no,no,yes
4593,exp_cycles_indvary1_step2_batch_yyy10.pl,w5,no,no,yes
4594,exp_cycles_indvary1_step2_batch_yyy10.pl,s5,no,no,yes
4595,exp_cycles_indvary1_step2_batch_yyy10.pl,a4,no,no,yes
4598,exp_cycles_indvary1_step2_batch_yyy10.pl,t2,no,no,yes
4599,exp_cycles_indvary1_step2_batch_yyy10.pl,c6,no,no,yes
4600,exp_cycles_indvary1_step3_batch_yyy01.pl,d4,no,no,yes
4601,exp_cycles_indvary1_step3_batch_yyy01.pl,c5,no,no,yes
4602,exp_cycles_indvary1_step3_batch_yyy01.pl,x2,no,no,yes
4603,exp_cycles_indvary1_step3_batch_yyy01.pl,r4,no,no,yes
4604,exp_cycles_indvary1_step3_batch_yyy01.pl,r1,no,no,yes
4605,exp_cycles_indvary1_step3_batch_yyy01.pl,x6,no,no,yes
4607,exp_cycles_indvary1_step3_batch_yyy01.pl,q7,no,no,yes
4609,exp_cycles_indvary1_step3_batch_yyy01.pl,r3,no,no,yes
4610,exp_cycles_indvary1_step3_batch_yyy02.pl,v7,no,no,yes
4611,exp_cycles_indvary1_step3_batch_yyy02.pl,p5,no,no,yes
4612,exp_cycles_indvary1_step3_batch_yyy02.pl,u4,no,no,yes
4613,exp_cycles_indvary1_step3_batch_yyy02.pl,r5,no,no,yes
4615,exp_cycles_indvary1_step3_batch_yyy02.pl,r4,no,no,yes
4616,exp_cycles_indvary1_step3_batch_yyy02.pl,y2,no,no,yes
4619,exp_cycles_indvary1_step3_batch_yyy02.pl,s6,no,no,yes
4620,exp_cycles_indvary1_step3_batch_yyy03.pl,s3,no,no,yes
4621,exp_cycles_indvary1_step3_batch_yyy03.pl,d4,no,no,yes
4622,exp_cycles_indvary1_step3_batch_yyy03.pl,r6,no,no,yes
4624,exp_cycles_indvary1_step3_batch_yyy03.pl,t7,no,no,yes
4625,exp_cycles_indvary1_step3_batch_yyy03.pl,u3,no,no,yes
4628,exp_cycles_indvary1_step3_batch_yyy03.pl,y6,no,no,yes
4629,exp_cycles_indvary1_step3_batch_yyy03.pl,w3,no,no,yes
4630,exp_cycles_indvary1_step3_batch_yyy04.pl,u5,no,no,yes
4631,exp_cycles_indvary1_step3_batch_yyy04.pl,y4,no,no,yes
4632,exp_cycles_indvary1_step3_batch_yyy04.pl,s5,no,no,yes
4634,exp_cycles_indvary1_step3_batch_yyy04.pl,e4,no,no,yes
4635,exp_cycles_indvary1_step3_batch_yyy04.pl,u3,no,no,yes
4637,exp_cycles_indvary1_step3_batch_yyy04.pl,f4,no,no,yes
4640,exp_cycles_indvary1_step3_batch_yyy05.pl,u6,no,no,yes
4641,exp_cycles_indvary1_step3_batch_yyy05.pl,t5,no,no,yes
4643,exp_cycles_indvary1_step3_batch_yyy05.pl,p5,no,no,yes
4644,exp_cycles_indvary1_step3_batch_yyy05.pl,v5,no,no,yes
4645,exp_cycles_indvary1_step3_batch_yyy05.pl,s5,no,no,yes
4647,exp_cycles_indvary1_step3_batch_yyy05.pl,e3,no,no,yes
4648,exp_cycles_indvary1_step3_batch_yyy05.pl,p6,no,no,yes
4650,exp_cycles_indvary1_step3_batch_yyy06.pl,d5,no,no,yes
4652,exp_cycles_indvary1_step3_batch_yyy06.pl,x3,no,no,yes
4653,exp_cycles_indvary1_step3_batch_yyy06.pl,d3,no,no,yes
4654,exp_cycles_indvary1_step3_batch_yyy06.pl,b4,no,no,yes
4655,exp_cycles_indvary1_step3_batch_yyy06.pl,a5,no,no,yes
4657,exp_cycles_indvary1_step3_batch_yyy06.pl,z4,no,no,yes
4660,exp_cycles_indvary1_step3_batch_yyy07.pl,d4,no,no,yes
4662,exp_cycles_indvary1_step3_batch_yyy07.pl,d3,no,no,yes
4663,exp_cycles_indvary1_step3_batch_yyy07.pl,f5,no,no,yes
4664,exp_cycles_indvary1_step3_batch_yyy07.pl,e4,no,no,yes
4665,exp_cycles_indvary1_step3_batch_yyy07.pl,s6,no,no,yes
4666,exp_cycles_indvary1_step3_batch_yyy07.pl,r1,no,no,yes
4668,exp_cycles_indvary1_step3_batch_yyy07.pl,s4,no,no,yes
4669,exp_cycles_indvary1_step3_batch_yyy07.pl,v7,no,no,yes
4670,exp_cycles_indvary1_step3_batch_yyy08.pl,t4,no,no,yes
4671,exp_cycles_indvary1_step3_batch_yyy08.pl,y4,no,no,yes
4673,exp_cycles_indvary1_step3_batch_yyy08.pl,t6,no,no,yes
4674,exp_cycles_indvary1_step3_batch_yyy08.pl,e4,no,no,yes
4676,exp_cycles_indvary1_step3_batch_yyy08.pl,u3,no,no,yes
4677,exp_cycles_indvary1_step3_batch_yyy08.pl,r7,no,no,yes
4679,exp_cycles_indvary1_step3_batch_yyy08.pl,b5,no,no,yes
4680,exp_cycles_indvary1_step3_batch_yyy09.pl,z6,no,no,yes
4681,exp_cycles_indvary1_step3_batch_yyy09.pl,y4,no,no,yes
4682,exp_cycles_indvary1_step3_batch_yyy09.pl,d4,no,no,yes
4684,exp_cycles_indvary1_step3_batch_yyy09.pl,z2,no,no,yes
4687,exp_cycles_indvary1_step3_batch_yyy09.pl,p6,no,no,yes
4689,exp_cycles_indvary1_step3_batch_yyy09.pl,x6,no,no,yes
4690,exp_cycles_indvary1_step3_batch_yyy10.pl,t5,no,no,yes
4691,exp_cycles_indvary1_step3_batch_yyy10.pl,v7,no,no,yes
4692,exp_cycles_indvary1_step3_batch_yyy10.pl,z5,no,no,yes
4693,exp_cycles_indvary1_step3_batch_yyy10.pl,u4,no,no,yes
4694,exp_cycles_indvary1_step3_batch_yyy10.pl,v1,no,no,yes
4696,exp_cycles_indvary1_step3_batch_yyy10.pl,r3,no,no,yes
4698,exp_cycles_indvary1_step3_batch_yyy10.pl,c5,no,no,yes
4700,exp_cycles_indvary1_step4_batch_yyy01.pl,v7,no,no,yes
4701,exp_cycles_indvary1_step4_batch_yyy01.pl,z5,no,no,yes
4702,exp_cycles_indvary1_step4_batch_yyy01.pl,x3,no,no,yes
4704,exp_cycles_indvary1_step4_batch_yyy01.pl,p3,no,no,yes
4708,exp_cycles_indvary1_step4_batch_yyy01.pl,s3,no,no,yes
4709,exp_cycles_indvary1_step4_batch_yyy01.pl,c4,no,no,yes
4710,exp_cycles_indvary1_step4_batch_yyy02.pl,p4,no,no,yes
4712,exp_cycles_indvary1_step4_batch_yyy02.pl,q5,no,no,yes
4713,exp_cycles_indvary1_step4_batch_yyy02.pl,z1,no,no,yes
4716,exp_cycles_indvary1_step4_batch_yyy02.pl,y4,no,no,yes
4717,exp_cycles_indvary1_step4_batch_yyy02.pl,v7,no,no,yes
4719,exp_cycles_indvary1_step4_batch_yyy02.pl,z2,no,no,yes
4720,exp_cycles_indvary1_step4_batch_yyy03.pl,s3,no,no,yes
4722,exp_cycles_indvary1_step4_batch_yyy03.pl,q5,no,no,yes
4723,exp_cycles_indvary1_step4_batch_yyy03.pl,f3,no,no,yes
4724,exp_cycles_indvary1_step4_batch_yyy03.pl,x5,no,no,yes
4725,exp_cycles_indvary1_step4_batch_yyy03.pl,v4,no,no,yes
4726,exp_cycles_indvary1_step4_batch_yyy03.pl,q1,no,no,yes
4728,exp_cycles_indvary1_step4_batch_yyy03.pl,w2,no,no,yes
4729,exp_cycles_indvary1_step4_batch_yyy03.pl,r6,no,no,yes
4730,exp_cycles_indvary1_step4_batch_yyy04.pl,c4,no,no,yes
4731,exp_cycles_indvary1_step4_batch_yyy04.pl,s4,no,no,yes
4732,exp_cycles_indvary1_step4_batch_yyy04.pl,q6,no,no,yes
4736,exp_cycles_indvary1_step4_batch_yyy04.pl,t7,no,no,yes
4737,exp_cycles_indvary1_step4_batch_yyy04.pl,r1,no,no,yes
4740,exp_cycles_indvary1_step4_batch_yyy05.pl,y4,no,no,yes
4741,exp_cycles_indvary1_step4_batch_yyy05.pl,v2,no,no,yes
4742,exp_cycles_indvary1_step4_batch_yyy05.pl,w5,no,no,yes
4744,exp_cycles_indvary1_step4_batch_yyy05.pl,s7,no,no,yes
4746,exp_cycles_indvary1_step4_batch_yyy05.pl,t6,no,no,yes
4747,exp_cycles_indvary1_step4_batch_yyy05.pl,a5,no,no,yes
4748,exp_cycles_indvary1_step4_batch_yyy05.pl,r5,no,no,yes
4749,exp_cycles_indvary1_step4_batch_yyy05.pl,e4,no,no,yes
4750,exp_cycles_indvary1_step4_batch_yyy06.pl,p5,no,no,yes
4751,exp_cycles_indvary1_step4_batch_yyy06.pl,s5,no,no,yes
4752,exp_cycles_indvary1_step4_batch_yyy06.pl,t6,no,no,yes
4753,exp_cycles_indvary1_step4_batch_yyy06.pl,c6,no,no,yes
4755,exp_cycles_indvary1_step4_batch_yyy06.pl,w3,no,no,yes
4756,exp_cycles_indvary1_step4_batch_yyy06.pl,a6,no,no,yes
4758,exp_cycles_indvary1_step4_batch_yyy06.pl,r7,no,no,yes
4759,exp_cycles_indvary1_step4_batch_yyy06.pl,b6,no,no,yes
4760,exp_cycles_indvary1_step4_batch_yyy07.pl,a6,no,no,yes
4761,exp_cycles_indvary1_step4_batch_yyy07.pl,v6,no,no,yes
4762,exp_cycles_indvary1_step4_batch_yyy07.pl,c5,no,no,yes
4764,exp_cycles_indvary1_step4_batch_yyy07.pl,r7,no,no,yes
4765,exp_cycles_indvary1_step4_batch_yyy07.pl,y5,no,no,yes
4766,exp_cycles_indvary1_step4_batch_yyy07.pl,x4,no,no,yes
4770,exp_cycles_indvary1_step4_batch_yyy08.pl,e5,no,no,yes
4771,exp_cycles_indvary1_step4_batch_yyy08.pl,u4,no,no,yes
4772,exp_cycles_indvary1_step4_batch_yyy08.pl,v5,no,no,yes
4774,exp_cycles_indvary1_step4_batch_yyy08.pl,x7,no,no,yes
4775,exp_cycles_indvary1_step4_batch_yyy08.pl,w6,no,no,yes
4777,exp_cycles_indvary1_step4_batch_yyy08.pl,f4,no,no,yes
4778,exp_cycles_indvary1_step4_batch_yyy08.pl,r2,no,no,yes
4779,exp_cycles_indvary1_step4_batch_yyy08.pl,b6,no,no,yes
4780,exp_cycles_indvary1_step4_batch_yyy09.pl,w7,no,no,yes
4782,exp_cycles_indvary1_step4_batch_yyy09.pl,v6,no,no,yes
4784,exp_cycles_indvary1_step4_batch_yyy09.pl,e3,no,no,yes
4788,exp_cycles_indvary1_step4_batch_yyy09.pl,a4,no,no,yes
4790,exp_cycles_indvary1_step4_batch_yyy10.pl,v7,no,no,yes
4791,exp_cycles_indvary1_step4_batch_yyy10.pl,u1,no,no,yes
4792,exp_cycles_indvary1_step4_batch_yyy10.pl,b5,no,no,yes
4794,exp_cycles_indvary1_step4_batch_yyy10.pl,y6,no,no,yes
4795,exp_cycles_indvary1_step4_batch_yyy10.pl,a4,no,no,yes
4796,exp_cycles_indvary1_step4_batch_yyy10.pl,x2,no,no,yes
4797,exp_cycles_indvary1_step4_batch_yyy10.pl,f5,no,no,yes
4799,exp_cycles_indvary1_step4_batch_yyy10.pl,q1,no,no,yes
4800,exp_cycles_indvary1_step5_batch_yyy01.pl,p7,no,no,yes
4801,exp_cycles_indvary1_step5_batch_yyy01.pl,q5,no,no,yes
4802,exp_cycles_indvary1_step5_batch_yyy01.pl,q4,no,no,yes
4803,exp_cycles_indvary1_step5_batch_yyy01.pl,x2,no,no,yes
4806,exp_cycles_indvary1_step5_batch_yyy01.pl,s4,no,no,yes
4807,exp_cycles_indvary1_step5_batch_yyy01.pl,v7,no,no,yes
4810,exp_cycles_indvary1_step5_batch_yyy02.pl,z5,no,no,yes
4812,exp_cycles_indvary1_step5_batch_yyy02.pl,x7,no,no,yes
4815,exp_cycles_indvary1_step5_batch_yyy02.pl,p2,no,no,yes
4817,exp_cycles_indvary1_step5_batch_yyy02.pl,a5,no,no,yes
4818,exp_cycles_indvary1_step5_batch_yyy02.pl,x5,no,no,yes
4819,exp_cycles_indvary1_step5_batch_yyy02.pl,s6,no,no,yes
4820,exp_cycles_indvary1_step5_batch_yyy03.pl,u4,no,no,yes
4821,exp_cycles_indvary1_step5_batch_yyy03.pl,q4,no,no,yes
4822,exp_cycles_indvary1_step5_batch_yyy03.pl,z2,no,no,yes
4825,exp_cycles_indvary1_step5_batch_yyy03.pl,y6,no,no,yes
4827,exp_cycles_indvary1_step5_batch_yyy03.pl,q2,no,no,yes
4828,exp_cycles_indvary1_step5_batch_yyy03.pl,p7,no,no,yes
4829,exp_cycles_indvary1_step5_batch_yyy03.pl,x3,no,no,yes
4831,exp_cycles_indvary1_step5_batch_yyy04.pl,v2,no,no,yes
4832,exp_cycles_indvary1_step5_batch_yyy04.pl,p7,no,no,yes
4834,exp_cycles_indvary1_step5_batch_yyy04.pl,a4,no,no,yes
4835,exp_cycles_indvary1_step5_batch_yyy04.pl,q1,no,no,yes
4836,exp_cycles_indvary1_step5_batch_yyy04.pl,b4,no,no,yes
4837,exp_cycles_indvary1_step5_batch_yyy04.pl,q5,no,no,yes
4838,exp_cycles_indvary1_step5_batch_yyy04.pl,t2,no,no,yes
4839,exp_cycles_indvary1_step5_batch_yyy04.pl,c6,no,no,yes
4841,exp_cycles_indvary1_step5_batch_yyy05.pl,d3,no,no,yes
4842,exp_cycles_indvary1_step5_batch_yyy05.pl,v5,no,no,yes
4843,exp_cycles_indvary1_step5_batch_yyy05.pl,b4,no,no,yes
4844,exp_cycles_indvary1_step5_batch_yyy05.pl,w1,no,no,yes
4845,exp_cycles_indvary1_step5_batch_yyy05.pl,e3,no,no,yes
4848,exp_cycles_indvary1_step5_batch_yyy05.pl,s7,no,no,yes
4849,exp_cycles_indvary1_step5_batch_yyy05.pl,y5,no,no,yes
4851,exp_cycles_indvary1_step5_batch_yyy06.pl,w5,no,no,yes
4853,exp_cycles_indvary1_step5_batch_yyy06.pl,f5,no,no,yes
4854,exp_cycles_indvary1_step5_batch_yyy06.pl,r5,no,no,yes
4855,exp_cycles_indvary1_step5_batch_yyy06.pl,v4,no,no,yes
4856,exp_cycles_indvary1_step5_batch_yyy06.pl,s5,no,no,yes
4857,exp_cycles_indvary1_step5_batch_yyy06.pl,t3,no,no,yes
4860,exp_cycles_indvary1_step5_batch_yyy07.pl,u5,no,no,yes
4861,exp_cycles_indvary1_step5_batch_yyy07.pl,y4,no,no,yes
4862,exp_cycles_indvary1_step5_batch_yyy07.pl,v2,no,no,yes
4864,exp_cycles_indvary1_step5_batch_yyy07.pl,w2,no,no,yes
4865,exp_cycles_indvary1_step5_batch_yyy07.pl,c5,no,no,yes
4866,exp_cycles_indvary1_step5_batch_yyy07.pl,r5,no,no,yes
4867,exp_cycles_indvary1_step5_batch_yyy07.pl,s6,no,no,yes
4868,exp_cycles_indvary1_step5_batch_yyy07.pl,r7,no,no,yes
4870,exp_cycles_indvary1_step5_batch_yyy08.pl,u6,no,no,yes
4872,exp_cycles_indvary1_step5_batch_yyy08.pl,a6,no,no,yes
4873,exp_cycles_indvary1_step5_batch_yyy08.pl,d3,no,no,yes
4875,exp_cycles_indvary1_step5_batch_yyy08.pl,a5,no,no,yes
4876,exp_cycles_indvary1_step5_batch_yyy08.pl,v1,no,no,yes
4878,exp_cycles_indvary1_step5_batch_yyy08.pl,y6,no,no,yes
4879,exp_cycles_indvary1_step5_batch_yyy08.pl,q2,no,no,yes
4880,exp_cycles_indvary1_step5_batch_yyy09.pl,x3,no,no,yes
4881,exp_cycles_indvary1_step5_batch_yyy09.pl,z1,no,no,yes
4883,exp_cycles_indvary1_step5_batch_yyy09.pl,y2,no,no,yes
4884,exp_cycles_indvary1_step5_batch_yyy09.pl,s7,no,no,yes
4885,exp_cycles_indvary1_step5_batch_yyy09.pl,p6,no,no,yes
4886,exp_cycles_indvary1_step5_batch_yyy09.pl,q5,no,no,yes
4887,exp_cycles_indvary1_step5_batch_yyy09.pl,t3,no,no,yes
4888,exp_cycles_indvary1_step5_batch_yyy09.pl,x5,no,no,yes
4889,exp_cycles_indvary1_step5_batch_yyy09.pl,c6,no,no,yes
4891,exp_cycles_indvary1_step5_batch_yyy10.pl,e5,no,no,yes
4892,exp_cycles_indvary1_step5_batch_yyy10.pl,x7,no,no,yes
4896,exp_cycles_indvary1_step5_batch_yyy10.pl,a5,no,no,yes
4897,exp_cycles_indvary1_step5_batch_yyy10.pl,t2,no,no,yes
4898,exp_cycles_indvary1_step5_batch_yyy10.pl,s6,no,no,yes
4899,exp_cycles_indvary1_step5_batch_yyy10.pl,b5,no,no,yes
4902,exp_cycles_indvary1_step6_batch_yyy01.pl,z5,no,no,yes
4903,exp_cycles_indvary1_step6_batch_yyy01.pl,d4,no,no,yes
4904,exp_cycles_indvary1_step6_batch_yyy01.pl,w2,no,no,yes
4905,exp_cycles_indvary1_step6_batch_yyy01.pl,q4,no,no,yes
4908,exp_cycles_indvary1_step6_batch_yyy01.pl,r2,no,no,yes
4910,exp_cycles_indvary1_step6_batch_yyy02.pl,s3,no,no,yes
4912,exp_cycles_indvary1_step6_batch_yyy02.pl,e5,no,no,yes
4913,exp_cycles_indvary1_step6_batch_yyy02.pl,w6,no,no,yes
4914,exp_cycles_indvary1_step6_batch_yyy02.pl,x5,no,no,yes
4915,exp_cycles_indvary1_step6_batch_yyy02.pl,f4,no,no,yes
4916,exp_cycles_indvary1_step6_batch_yyy02.pl,r7,no,no,yes
4917,exp_cycles_indvary1_step6_batch_yyy02.pl,x4,no,no,yes
4919,exp_cycles_indvary1_step6_batch_yyy02.pl,a5,no,no,yes
4920,exp_cycles_indvary1_step6_batch_yyy03.pl,t4,no,no,yes
4921,exp_cycles_indvary1_step6_batch_yyy03.pl,v7,no,no,yes
4923,exp_cycles_indvary1_step6_batch_yyy03.pl,w6,no,no,yes
4924,exp_cycles_indvary1_step6_batch_yyy03.pl,e4,no,no,yes
4925,exp_cycles_indvary1_step6_batch_yyy03.pl,b5,no,no,yes
4927,exp_cycles_indvary1_step6_batch_yyy03.pl,y5,no,no,yes
4929,exp_cycles_indvary1_step6_batch_yyy03.pl,r4,no,no,yes
4930,exp_cycles_indvary1_step6_batch_yyy04.pl,f5,no,no,yes
4931,exp_cycles_indvary1_step6_batch_yyy04.pl,v1,no,no,yes
4932,exp_cycles_indvary1_step6_batch_yyy04.pl,x5,no,no,yes
4934,exp_cycles_indvary1_step6_batch_yyy04.pl,v6,no,no,yes
4937,exp_cycles_indvary1_step6_batch_yyy04.pl,f3,no,no,yes
4939,exp_cycles_indvary1_step6_batch_yyy04.pl,u2,no,no,yes
4941,exp_cycles_indvary1_step6_batch_yyy05.pl,d3,no,no,yes
4942,exp_cycles_indvary1_step6_batch_yyy05.pl,v5,no,no,yes
4943,exp_cycles_indvary1_step6_batch_yyy05.pl,x7,no,no,yes
4944,exp_cycles_indvary1_step6_batch_yyy05.pl,a4,no,no,yes
4945,exp_cycles_indvary1_step6_batch_yyy05.pl,s1,no,no,yes
4946,exp_cycles_indvary1_step6_batch_yyy05.pl,a6,no,no,yes
4948,exp_cycles_indvary1_step6_batch_yyy05.pl,q7,no,no,yes
4949,exp_cycles_indvary1_step6_batch_yyy05.pl,y5,no,no,yes
4950,exp_cycles_indvary1_step6_batch_yyy06.pl,u6,no,no,yes
4951,exp_cycles_indvary1_step6_batch_yyy06.pl,z6,no,no,yes
4953,exp_cycles_indvary1_step6_batch_yyy06.pl,x2,no,no,yes
4954,exp_cycles_indvary1_step6_batch_yyy06.pl,f3,no,no,yes
4955,exp_cycles_indvary1_step6_batch_yyy06.pl,e3,no,no,yes
4956,exp_cycles_indvary1_step6_batch_yyy06.pl,p2,no,no,yes
4957,exp_cycles_indvary1_step6_batch_yyy06.pl,q6,no,no,yes
4958,exp_cycles_indvary1_step6_batch_yyy06.pl,z5,no,no,yes
4959,exp_cycles_indvary1_step6_batch_yyy06.pl,v2,no,no,yes
4961,exp_cycles_indvary1_step6_batch_yyy07.pl,z6,no,no,yes
4962,exp_cycles_indvary1_step6_batch_yyy07.pl,p5,no,no,yes
4964,exp_cycles_indvary1_step6_batch_yyy07.pl,b5,no,no,yes
4965,exp_cycles_indvary1_step6_batch_yyy07.pl,p2,no,no,yes
4969,exp_cycles_indvary1_step6_batch_yyy07.pl,r6,no,no,yes
4970,exp_cycles_indvary1_step6_batch_yyy08.pl,z6,no,no,yes
4972,exp_cycles_indvary1_step6_batch_yyy08.pl,w4,no,no,yes
4973,exp_cycles_indvary1_step6_batch_yyy08.pl,z2,no,no,yes
4974,exp_cycles_indvary1_step6_batch_yyy08.pl,e3,no,no,yes
4976,exp_cycles_indvary1_step6_batch_yyy08.pl,p1,no,no,yes
4978,exp_cycles_indvary1_step6_batch_yyy08.pl,z5,no,no,yes
4980,exp_cycles_indvary1_step6_batch_yyy09.pl,s3,no,no,yes
4981,exp_cycles_indvary1_step6_batch_yyy09.pl,d4,no,no,yes
4982,exp_cycles_indvary1_step6_batch_yyy09.pl,v5,no,no,yes
4983,exp_cycles_indvary1_step6_batch_yyy09.pl,w6,no,no,yes
4984,exp_cycles_indvary1_step6_batch_yyy09.pl,s1,no,no,yes
4985,exp_cycles_indvary1_step6_batch_yyy09.pl,p2,no,no,yes
4987,exp_cycles_indvary1_step6_batch_yyy09.pl,v3,no,no,yes
4989,exp_cycles_indvary1_step6_batch_yyy09.pl,a5,no,no,yes
4990,exp_cycles_indvary1_step6_batch_yyy10.pl,a6,no,no,yes
4992,exp_cycles_indvary1_step6_batch_yyy10.pl,t6,no,no,yes
4994,exp_cycles_indvary1_step6_batch_yyy10.pl,e3,no,no,yes
4995,exp_cycles_indvary1_step6_batch_yyy10.pl,r1,no,no,yes
4996,exp_cycles_indvary1_step6_batch_yyy10.pl,z4,no,no,yes
4999,exp_cycles_indvary1_step6_batch_yyy10.pl,q1,no,no,yes
5000,exp_cycles_indvary1_step7_batch_yyy01.pl,c4,no,no,yes
5002,exp_cycles_indvary1_step7_batch_yyy01.pl,s2,no,no,yes
5003,exp_cycles_indvary1_step7_batch_yyy01.pl,f5,no,no,yes
5004,exp_cycles_indvary1_step7_batch_yyy01.pl,r2,no,no,yes
5005,exp_cycles_indvary1_step7_batch_yyy01.pl,w3,no,no,yes
5007,exp_cycles_indvary1_step7_batch_yyy01.pl,e5,no,no,yes
5008,exp_cycles_indvary1_step7_batch_yyy01.pl,s6,no,no,yes
5009,exp_cycles_indvary1_step7_batch_yyy01.pl,b5,no,no,yes
5010,exp_cycles_indvary1_step7_batch_yyy02.pl,w7,no,no,yes
5011,exp_cycles_indvary1_step7_batch_yyy02.pl,p7,no,no,yes
5012,exp_cycles_indvary1_step7_batch_yyy02.pl,w2,no,no,yes
5013,exp_cycles_indvary1_step7_batch_yyy02.pl,a5,no,no,yes
5014,exp_cycles_indvary1_step7_batch_yyy02.pl,a4,no,no,yes
5015,exp_cycles_indvary1_step7_batch_yyy02.pl,s6,no,no,yes
5016,exp_cycles_indvary1_step7_batch_yyy02.pl,r1,no,no,yes
5019,exp_cycles_indvary1_step7_batch_yyy02.pl,x6,no,no,yes
5020,exp_cycles_indvary1_step7_batch_yyy03.pl,u6,no,no,yes
5021,exp_cycles_indvary1_step7_batch_yyy03.pl,c4,no,no,yes
5022,exp_cycles_indvary1_step7_batch_yyy03.pl,v2,no,no,yes
5024,exp_cycles_indvary1_step7_batch_yyy03.pl,d3,no,no,yes
5025,exp_cycles_indvary1_step7_batch_yyy03.pl,a5,no,no,yes
5027,exp_cycles_indvary1_step7_batch_yyy03.pl,f4,no,no,yes
5030,exp_cycles_indvary1_step7_batch_yyy04.pl,z6,no,no,yes
5031,exp_cycles_indvary1_step7_batch_yyy04.pl,b5,no,no,yes
5034,exp_cycles_indvary1_step7_batch_yyy04.pl,r6,no,no,yes
5036,exp_cycles_indvary1_step7_batch_yyy04.pl,t6,no,no,yes
5040,exp_cycles_indvary1_step7_batch_yyy05.pl,d5,no,no,yes
5046,exp_cycles_indvary1_step7_batch_yyy05.pl,s1,no,no,yes
5049,exp_cycles_indvary1_step7_batch_yyy05.pl,q1,no,no,yes
5050,exp_cycles_indvary1_step7_batch_yyy06.pl,y4,no,no,yes
5051,exp_cycles_indvary1_step7_batch_yyy06.pl,u7,no,no,yes
5052,exp_cycles_indvary1_step7_batch_yyy06.pl,q5,no,no,yes
5054,exp_cycles_indvary1_step7_batch_yyy06.pl,a4,no,no,yes
5056,exp_cycles_indvary1_step7_batch_yyy06.pl,f4,no,no,yes
5058,exp_cycles_indvary1_step7_batch_yyy06.pl,p4,no,no,yes
5059,exp_cycles_indvary1_step7_batch_yyy06.pl,d4,no,no,yes
5060,exp_cycles_indvary1_step7_batch_yyy07.pl,d5,no,no,yes
5061,exp_cycles_indvary1_step7_batch_yyy07.pl,c4,no,no,yes
5063,exp_cycles_indvary1_step7_batch_yyy07.pl,u7,no,no,yes
5064,exp_cycles_indvary1_step7_batch_yyy07.pl,w6,no,no,yes
5065,exp_cycles_indvary1_step7_batch_yyy07.pl,v4,no,no,yes
5067,exp_cycles_indvary1_step7_batch_yyy07.pl,q7,no,no,yes
5068,exp_cycles_indvary1_step7_batch_yyy07.pl,s4,no,no,yes
5069,exp_cycles_indvary1_step7_batch_yyy07.pl,y4,no,no,yes
5071,exp_cycles_indvary1_step7_batch_yyy08.pl,s4,no,no,yes
5072,exp_cycles_indvary1_step7_batch_yyy08.pl,b4,no,no,yes
5073,exp_cycles_indvary1_step7_batch_yyy08.pl,y3,no,no,yes
5074,exp_cycles_indvary1_step7_batch_yyy08.pl,y1,no,no,yes
5076,exp_cycles_indvary1_step7_batch_yyy08.pl,p4,no,no,yes
5077,exp_cycles_indvary1_step7_batch_yyy08.pl,x3,no,no,yes
5078,exp_cycles_indvary1_step7_batch_yyy08.pl,q3,no,no,yes
5079,exp_cycles_indvary1_step7_batch_yyy08.pl,x1,no,no,yes
5080,exp_cycles_indvary1_step7_batch_yyy09.pl,e5,no,no,yes
5081,exp_cycles_indvary1_step7_batch_yyy09.pl,y3,no,no,yes
5082,exp_cycles_indvary1_step7_batch_yyy09.pl,t2,no,no,yes
5083,exp_cycles_indvary1_step7_batch_yyy09.pl,s1,no,no,yes
5085,exp_cycles_indvary1_step7_batch_yyy09.pl,p6,no,no,yes
5086,exp_cycles_indvary1_step7_batch_yyy09.pl,x7,no,no,yes
5087,exp_cycles_indvary1_step7_batch_yyy09.pl,q4,no,no,yes
5091,exp_cycles_indvary1_step7_batch_yyy10.pl,a4,no,no,yes
5093,exp_cycles_indvary1_step7_batch_yyy10.pl,b5,no,no,yes
5094,exp_cycles_indvary1_step7_batch_yyy10.pl,p2,no,no,yes
5095,exp_cycles_indvary1_step7_batch_yyy10.pl,z3,no,no,yes
5096,exp_cycles_indvary1_step7_batch_yyy10.pl,v4,no,no,yes
5097,exp_cycles_indvary1_step7_batch_yyy10.pl,r4,no,no,yes
5098,exp_cycles_indvary1_step7_batch_yyy10.pl,s7,no,no,yes
5099,exp_cycles_indvary1_step7_batch_yyy10.pl,r7,no,no,yes
5100,exp_cycles_indvary1_step8_batch_yyy01.pl,a6,no,no,yes
5101,exp_cycles_indvary1_step8_batch_yyy01.pl,u4,no,no,yes
5102,exp_cycles_indvary1_step8_batch_yyy01.pl,t6,no,no,yes
5103,exp_cycles_indvary1_step8_batch_yyy01.pl,p3,no,no,yes
5104,exp_cycles_indvary1_step8_batch_yyy01.pl,b5,no,no,yes
5105,exp_cycles_indvary1_step8_batch_yyy01.pl,p2,no,no,yes
5106,exp_cycles_indvary1_step8_batch_yyy01.pl,v3,no,no,yes
5107,exp_cycles_indvary1_step8_batch_yyy01.pl,y5,no,no,yes
5108,exp_cycles_indvary1_step8_batch_yyy01.pl,y3,no,no,yes
5109,exp_cycles_indvary1_step8_batch_yyy01.pl,e4,no,no,yes
5110,exp_cycles_indvary1_step8_batch_yyy02.pl,s3,no,no,yes
5113,exp_cycles_indvary1_step8_batch_yyy02.pl,p5,no,no,yes
5115,exp_cycles_indvary1_step8_batch_yyy02.pl,w1,no,no,yes
5117,exp_cycles_indvary1_step8_batch_yyy02.pl,u2,no,no,yes
5120,exp_cycles_indvary1_step8_batch_yyy03.pl,u7,no,no,yes
5121,exp_cycles_indvary1_step8_batch_yyy03.pl,f5,no,no,yes
5122,exp_cycles_indvary1_step8_batch_yyy03.pl,e4,no,no,yes
5125,exp_cycles_indvary1_step8_batch_yyy03.pl,q2,no,no,yes
5127,exp_cycles_indvary1_step8_batch_yyy03.pl,w1,no,no,yes
5128,exp_cycles_indvary1_step8_batch_yyy03.pl,t2,no,no,yes
5129,exp_cycles_indvary1_step8_batch_yyy03.pl,b5,no,no,yes
5130,exp_cycles_indvary1_step8_batch_yyy04.pl,s4,no,no,yes
5131,exp_cycles_indvary1_step8_batch_yyy04.pl,w5,no,no,yes
5133,exp_cycles_indvary1_step8_batch_yyy04.pl,f3,no,no,yes
5134,exp_cycles_indvary1_step8_batch_yyy04.pl,u3,no,no,yes
5135,exp_cycles_indvary1_step8_batch_yyy04.pl,v3,no,no,yes
5136,exp_cycles_indvary1_step8_batch_yyy04.pl,w3,no,no,yes
5137,exp_cycles_indvary1_step8_batch_yyy04.pl,q2,no,no,yes
5138,exp_cycles_indvary1_step8_batch_yyy04.pl,s1,no,no,yes
5140,exp_cycles_indvary1_step8_batch_yyy05.pl,a6,no,no,yes
5143,exp_cycles_indvary1_step8_batch_yyy05.pl,w2,no,no,yes
5144,exp_cycles_indvary1_step8_batch_yyy05.pl,t3,no,no,yes
5145,exp_cycles_indvary1_step8_batch_yyy05.pl,s1,no,no,yes
5146,exp_cycles_indvary1_step8_batch_yyy05.pl,f4,no,no,yes
5147,exp_cycles_indvary1_step8_batch_yyy05.pl,r3,no,no,yes
5149,exp_cycles_indvary1_step8_batch_yyy05.pl,c4,no,no,yes
5150,exp_cycles_indvary1_step8_batch_yyy06.pl,u5,no,no,yes
5151,exp_cycles_indvary1_step8_batch_yyy06.pl,y4,no,no,yes
5152,exp_cycles_indvary1_step8_batch_yyy06.pl,d3,no,no,yes
5154,exp_cycles_indvary1_step8_batch_yyy06.pl,e4,no,no,yes
5155,exp_cycles_indvary1_step8_batch_yyy06.pl,c6,no,no,yes
5156,exp_cycles_indvary1_step8_batch_yyy06.pl,v4,no,no,yes
5157,exp_cycles_indvary1_step8_batch_yyy06.pl,p2,no,no,yes
5160,exp_cycles_indvary1_step8_batch_yyy07.pl,w7,no,no,yes
5161,exp_cycles_indvary1_step8_batch_yyy07.pl,v2,no,no,yes
5162,exp_cycles_indvary1_step8_batch_yyy07.pl,u1,no,no,yes
5163,exp_cycles_indvary1_step8_batch_yyy07.pl,q4,no,no,yes
5164,exp_cycles_indvary1_step8_batch_yyy07.pl,e3,no,no,yes
5165,exp_cycles_indvary1_step8_batch_yyy07.pl,y1,no,no,yes
5166,exp_cycles_indvary1_step8_batch_yyy07.pl,y2,no,no,yes
5167,exp_cycles_indvary1_step8_batch_yyy07.pl,x1,no,no,yes
5168,exp_cycles_indvary1_step8_batch_yyy07.pl,b6,no,no,yes
5170,exp_cycles_indvary1_step8_batch_yyy08.pl,w7,no,no,yes
5171,exp_cycles_indvary1_step8_batch_yyy08.pl,p4,no,no,yes
5172,exp_cycles_indvary1_step8_batch_yyy08.pl,e5,no,no,yes
5173,exp_cycles_indvary1_step8_batch_yyy08.pl,w5,no,no,yes
5174,exp_cycles_indvary1_step8_batch_yyy08.pl,z1,no,no,yes
5175,exp_cycles_indvary1_step8_batch_yyy08.pl,f5,no,no,yes
5176,exp_cycles_indvary1_step8_batch_yyy08.pl,y2,no,no,yes
5178,exp_cycles_indvary1_step8_batch_yyy08.pl,q7,no,no,yes
5179,exp_cycles_indvary1_step8_batch_yyy08.pl,q2,no,no,yes
5181,exp_cycles_indvary1_step8_batch_yyy09.pl,s5,no,no,yes
5182,exp_cycles_indvary1_step8_batch_yyy09.pl,a5,no,no,yes
5183,exp_cycles_indvary1_step8_batch_yyy09.pl,v1,no,no,yes
5184,exp_cycles_indvary1_step8_batch_yyy09.pl,p2,no,no,yes
5186,exp_cycles_indvary1_step8_batch_yyy09.pl,t5,no,no,yes
5188,exp_cycles_indvary1_step8_batch_yyy09.pl,t2,no,no,yes
5190,exp_cycles_indvary1_step8_batch_yyy10.pl,a6,no,no,yes
5192,exp_cycles_indvary1_step8_batch_yyy10.pl,a4,no,no,yes
5193,exp_cycles_indvary1_step8_batch_yyy10.pl,z4,no,no,yes
5198,exp_cycles_indvary1_step8_batch_yyy10.pl,f4,no,no,yes
5202,exp_cycles_indvary2_step1_batch_yyy01.pl,z4,no,no,yes
5203,exp_cycles_indvary2_step1_batch_yyy01.pl,q7,no,no,yes
5204,exp_cycles_indvary2_step1_batch_yyy01.pl,p4,no,no,yes
5205,exp_cycles_indvary2_step1_batch_yyy01.pl,d4,no,no,yes
5206,exp_cycles_indvary2_step1_batch_yyy01.pl,c5,no,no,yes
5208,exp_cycles_indvary2_step1_batch_yyy01.pl,s7,no,no,yes
5210,exp_cycles_indvary2_step1_batch_yyy02.pl,s4,no,no,yes
5211,exp_cycles_indvary2_step1_batch_yyy02.pl,z5,no,no,yes
5212,exp_cycles_indvary2_step1_batch_yyy02.pl,w5,no,no,yes
5213,exp_cycles_indvary2_step1_batch_yyy02.pl,q4,no,no,yes
5214,exp_cycles_indvary2_step1_batch_yyy02.pl,a4,no,no,yes
5216,exp_cycles_indvary2_step1_batch_yyy02.pl,p2,no,no,yes
5217,exp_cycles_indvary2_step1_batch_yyy02.pl,v3,no,no,yes
5220,exp_cycles_indvary2_step1_batch_yyy03.pl,u5,no,no,yes
5223,exp_cycles_indvary2_step1_batch_yyy03.pl,a6,no,no,yes
5224,exp_cycles_indvary2_step1_batch_yyy03.pl,r6,no,no,yes
5225,exp_cycles_indvary2_step1_batch_yyy03.pl,r5,no,no,yes
5226,exp_cycles_indvary2_step1_batch_yyy03.pl,w1,no,no,yes
5227,exp_cycles_indvary2_step1_batch_yyy03.pl,w4,no,no,yes
5228,exp_cycles_indvary2_step1_batch_yyy03.pl,v4,no,no,yes
5230,exp_cycles_indvary2_step1_batch_yyy04.pl,z6,no,no,yes
5231,exp_cycles_indvary2_step1_batch_yyy04.pl,r6,no,no,yes
5232,exp_cycles_indvary2_step1_batch_yyy04.pl,x7,no,no,yes
5235,exp_cycles_indvary2_step1_batch_yyy04.pl,y2,no,no,yes
5238,exp_cycles_indvary2_step1_batch_yyy04.pl,w4,no,no,yes
5239,exp_cycles_indvary2_step1_batch_yyy04.pl,f3,no,no,yes
5240,exp_cycles_indvary2_step1_batch_yyy05.pl,y4,no,no,yes
5241,exp_cycles_indvary2_step1_batch_yyy05.pl,p4,no,no,yes
5242,exp_cycles_indvary2_step1_batch_yyy05.pl,e5,no,no,yes
5243,exp_cycles_indvary2_step1_batch_yyy05.pl,v5,no,no,yes
5244,exp_cycles_indvary2_step1_batch_yyy05.pl,q4,no,no,yes
5246,exp_cycles_indvary2_step1_batch_yyy05.pl,p1,no,no,yes
5247,exp_cycles_indvary2_step1_batch_yyy05.pl,u3,no,no,yes
5248,exp_cycles_indvary2_step1_batch_yyy05.pl,v4,no,no,yes
5249,exp_cycles_indvary2_step1_batch_yyy05.pl,e3,no,no,yes
5250,exp_cycles_indvary2_step1_batch_yyy06.pl,t4,no,no,yes
5251,exp_cycles_indvary2_step1_batch_yyy06.pl,z5,no,no,yes
5252,exp_cycles_indvary2_step1_batch_yyy06.pl,p4,no,no,yes
5253,exp_cycles_indvary2_step1_batch_yyy06.pl,u4,no,no,yes
5254,exp_cycles_indvary2_step1_batch_yyy06.pl,w5,no,no,yes
5255,exp_cycles_indvary2_step1_batch_yyy06.pl,s5,no,no,yes
5256,exp_cycles_indvary2_step1_batch_yyy06.pl,x5,no,no,yes
5257,exp_cycles_indvary2_step1_batch_yyy06.pl,z3,no,no,yes
5259,exp_cycles_indvary2_step1_batch_yyy06.pl,q7,no,no,yes
5261,exp_cycles_indvary2_step1_batch_yyy07.pl,s4,no,no,yes
5262,exp_cycles_indvary2_step1_batch_yyy07.pl,d4,no,no,yes
5263,exp_cycles_indvary2_step1_batch_yyy07.pl,t3,no,no,yes
5267,exp_cycles_indvary2_step1_batch_yyy07.pl,q7,no,no,yes
5268,exp_cycles_indvary2_step1_batch_yyy07.pl,u3,no,no,yes
5269,exp_cycles_indvary2_step1_batch_yyy07.pl,e3,no,no,yes
5270,exp_cycles_indvary2_step1_batch_yyy08.pl,u5,no,no,yes
5272,exp_cycles_indvary2_step1_batch_yyy08.pl,w5,no,no,yes
5273,exp_cycles_indvary2_step1_batch_yyy08.pl,b4,no,no,yes
5275,exp_cycles_indvary2_step1_batch_yyy08.pl,e4,no,no,yes
5276,exp_cycles_indvary2_step1_batch_yyy08.pl,t7,no,no,yes
5277,exp_cycles_indvary2_step1_batch_yyy08.pl,f4,no,no,yes
5278,exp_cycles_indvary2_step1_batch_yyy08.pl,q7,no,no,yes
5280,exp_cycles_indvary2_step1_batch_yyy09.pl,u5,no,no,yes
5282,exp_cycles_indvary2_step1_batch_yyy09.pl,s4,no,no,yes
5283,exp_cycles_indvary2_step1_batch_yyy09.pl,u7,no,no,yes
5284,exp_cycles_indvary2_step1_batch_yyy09.pl,z4,no,no,yes
5285,exp_cycles_indvary2_step1_batch_yyy09.pl,e3,no,no,yes
5288,exp_cycles_indvary2_step1_batch_yyy09.pl,z3,no,no,yes
5290,exp_cycles_indvary2_step1_batch_yyy10.pl,w5,no,no,yes
5293,exp_cycles_indvary2_step1_batch_yyy10.pl,y6,no,no,yes
5294,exp_cycles_indvary2_step1_batch_yyy10.pl,a6,no,no,yes
5295,exp_cycles_indvary2_step1_batch_yyy10.pl,w7,no,no,yes
5296,exp_cycles_indvary2_step1_batch_yyy10.pl,t7,no,no,yes
5297,exp_cycles_indvary2_step1_batch_yyy10.pl,c6,no,no,yes
5298,exp_cycles_indvary2_step1_batch_yyy10.pl,f4,no,no,yes
5300,exp_cycles_indvary2_step2_batch_yyy01.pl,t4,no,no,yes
5301,exp_cycles_indvary2_step2_batch_yyy01.pl,w7,no,no,yes
5302,exp_cycles_indvary2_step2_batch_yyy01.pl,x3,no,no,yes
5303,exp_cycles_indvary2_step2_batch_yyy01.pl,y3,no,no,yes
5306,exp_cycles_indvary2_step2_batch_yyy01.pl,s7,no,no,yes
5307,exp_cycles_indvary2_step2_batch_yyy01.pl,w3,no,no,yes
5308,exp_cycles_indvary2_step2_batch_yyy01.pl,w4,no,no,yes
5309,exp_cycles_indvary2_step2_batch_yyy01.pl,f3,no,no,yes
5311,exp_cycles_indvary2_step2_batch_yyy02.pl,s2,no,no,yes
5312,exp_cycles_indvary2_step2_batch_yyy02.pl,q4,no,no,yes
5313,exp_cycles_indvary2_step2_batch_yyy02.pl,e3,no,no,yes
5316,exp_cycles_indvary2_step2_batch_yyy02.pl,x6,no,no,yes
5317,exp_cycles_indvary2_step2_batch_yyy02.pl,x1,no,no,yes
5318,exp_cycles_indvary2_step2_batch_yyy02.pl,q7,no,no,yes
5319,exp_cycles_indvary2_step2_batch_yyy02.pl,y5,no,no,yes
5323,exp_cycles_indvary2_step2_batch_yyy03.pl,x3,no,no,yes
5324,exp_cycles_indvary2_step2_batch_yyy03.pl,u4,no,no,yes
5326,exp_cycles_indvary2_step2_batch_yyy03.pl,b6,no,no,yes
5330,exp_cycles_indvary2_step2_batch_yyy04.pl,c4,no,no,yes
5331,exp_cycles_indvary2_step2_batch_yyy04.pl,q6,no,no,yes
5333,exp_cycles_indvary2_step2_batch_yyy04.pl,v5,no,no,yes
5335,exp_cycles_indvary2_step2_batch_yyy04.pl,q3,no,no,yes
5338,exp_cycles_indvary2_step2_batch_yyy04.pl,x4,no,no,yes
5340,exp_cycles_indvary2_step2_batch_yyy05.pl,p4,no,no,yes
5341,exp_cycles_indvary2_step2_batch_yyy05.pl,w5,no,no,yes
5342,exp_cycles_indvary2_step2_batch_yyy05.pl,r5,no,no,yes
5344,exp_cycles_indvary2_step2_batch_yyy05.pl,f4,no,no,yes
5346,exp_cycles_indvary2_step2_batch_yyy05.pl,y6,no,no,yes
5347,exp_cycles_indvary2_step2_batch_yyy05.pl,p6,no,no,yes
5353,exp_cycles_indvary2_step2_batch_yyy06.pl,c5,no,no,yes
5354,exp_cycles_indvary2_step2_batch_yyy06.pl,f5,no,no,yes
5356,exp_cycles_indvary2_step2_batch_yyy06.pl,f3,no,no,yes
5357,exp_cycles_indvary2_step2_batch_yyy06.pl,f4,no,no,yes
5358,exp_cycles_indvary2_step2_batch_yyy06.pl,t7,no,no,yes
5359,exp_cycles_indvary2_step2_batch_yyy06.pl,b5,no,no,yes
5360,exp_cycles_indvary2_step2_batch_yyy07.pl,s3,no,no,yes
5362,exp_cycles_indvary2_step2_batch_yyy07.pl,t1,no,no,yes
5365,exp_cycles_indvary2_step2_batch_yyy07.pl,p4,no,no,yes
5366,exp_cycles_indvary2_step2_batch_yyy07.pl,p7,no,no,yes
5367,exp_cycles_indvary2_step2_batch_yyy07.pl,x3,no,no,yes
5368,exp_cycles_indvary2_step2_batch_yyy07.pl,r6,no,no,yes
5369,exp_cycles_indvary2_step2_batch_yyy07.pl,e5,no,no,yes
5372,exp_cycles_indvary2_step2_batch_yyy08.pl,p5,no,no,yes
5373,exp_cycles_indvary2_step2_batch_yyy08.pl,z2,no,no,yes
5374,exp_cycles_indvary2_step2_batch_yyy08.pl,v4,no,no,yes
5375,exp_cycles_indvary2_step2_batch_yyy08.pl,y1,no,no,yes
5377,exp_cycles_indvary2_step2_batch_yyy08.pl,z3,no,no,yes
5379,exp_cycles_indvary2_step2_batch_yyy08.pl,x6,no,no,yes
5382,exp_cycles_indvary2_step2_batch_yyy09.pl,z5,no,no,yes
5383,exp_cycles_indvary2_step2_batch_yyy09.pl,w5,no,no,yes
5385,exp_cycles_indvary2_step2_batch_yyy09.pl,r5,no,no,yes
5387,exp_cycles_indvary2_step2_batch_yyy09.pl,e3,no,no,yes
5389,exp_cycles_indvary2_step2_batch_yyy09.pl,r3,no,no,yes
5390,exp_cycles_indvary2_step2_batch_yyy10.pl,t4,no,no,yes
5391,exp_cycles_indvary2_step2_batch_yyy10.pl,z6,no,no,yes
5392,exp_cycles_indvary2_step2_batch_yyy10.pl,s4,no,no,yes
5393,exp_cycles_indvary2_step2_batch_yyy10.pl,z5,no,no,yes
5395,exp_cycles_indvary2_step2_batch_yyy10.pl,y6,no,no,yes
5396,exp_cycles_indvary2_step2_batch_yyy10.pl,w3,no,no,yes
5397,exp_cycles_indvary2_step2_batch_yyy10.pl,p6,no,no,yes
5400,exp_cycles_indvary2_step3_batch_yyy01.pl,a6,no,no,yes
5401,exp_cycles_indvary2_step3_batch_yyy01.pl,x7,no,no,yes
5403,exp_cycles_indvary2_step3_batch_yyy01.pl,t7,no,no,yes
5404,exp_cycles_indvary2_step3_batch_yyy01.pl,e3,no,no,yes
5406,exp_cycles_indvary2_step3_batch_yyy01.pl,y2,no,no,yes
5407,exp_cycles_indvary2_step3_batch_yyy01.pl,u2,no,no,yes
5408,exp_cycles_indvary2_step3_batch_yyy01.pl,p7,no,no,yes
5409,exp_cycles_indvary2_step3_batch_yyy01.pl,p5,no,no,yes
5411,exp_cycles_indvary2_step3_batch_yyy02.pl,r6,no,no,yes
5412,exp_cycles_indvary2_step3_batch_yyy02.pl,c5,no,no,yes
5413,exp_cycles_indvary2_step3_batch_yyy02.pl,x7,no,no,yes
5414,exp_cycles_indvary2_step3_batch_yyy02.pl,w4,no,no,yes
5418,exp_cycles_indvary2_step3_batch_yyy02.pl,y3,no,no,yes
5419,exp_cycles_indvary2_step3_batch_yyy02.pl,r5,no,no,yes
5421,exp_cycles_indvary2_step3_batch_yyy03.pl,u7,no,no,yes
5422,exp_cycles_indvary2_step3_batch_yyy03.pl,s5,no,no,yes
5428,exp_cycles_indvary2_step3_batch_yyy03.pl,r7,no,no,yes
5430,exp_cycles_indvary2_step3_batch_yyy04.pl,s4,no,no,yes
5431,exp_cycles_indvary2_step3_batch_yyy04.pl,q6,no,no,yes
5432,exp_cycles_indvary2_step3_batch_yyy04.pl,p5,no,no,yes
5433,exp_cycles_indvary2_step3_batch_yyy04.pl,r6,no,no,yes
5434,exp_cycles_indvary2_step3_batch_yyy04.pl,z1,no,no,yes
5435,exp_cycles_indvary2_step3_batch_yyy04.pl,z3,no,no,yes
5437,exp_cycles_indvary2_step3_batch_yyy04.pl,y6,no,no,yes
5438,exp_cycles_indvary2_step3_batch_yyy04.pl,u3,no,no,yes
5439,exp_cycles_indvary2_step3_batch_yyy04.pl,r4,no,no,yes
5440,exp_cycles_indvary2_step3_batch_yyy05.pl,v7,no,no,yes
5441,exp_cycles_indvary2_step3_batch_yyy05.pl,q5,no,no,yes
5442,exp_cycles_indvary2_step3_batch_yyy05.pl,x7,no,no,yes
5443,exp_cycles_indvary2_step3_batch_yyy05.pl,r5,no,no,yes
5445,exp_cycles_indvary2_step3_batch_yyy05.pl,v3,no,no,yes
5446,exp_cycles_indvary2_step3_batch_yyy05.pl,w5,no,no,yes
5447,exp_cycles_indvary2_step3_batch_yyy05.pl,u7,no,no,yes
5449,exp_cycles_indvary2_step3_batch_yyy05.pl,a5,no,no,yes
5451,exp_cycles_indvary2_step3_batch_yyy06.pl,w2,no,no,yes
5452,exp_cycles_indvary2_step3_batch_yyy06.pl,a5,no,no,yes
5454,exp_cycles_indvary2_step3_batch_yyy06.pl,x5,no,no,yes
5455,exp_cycles_indvary2_step3_batch_yyy06.pl,e3,no,no,yes
5457,exp_cycles_indvary2_step3_batch_yyy06.pl,f4,no,no,yes
5459,exp_cycles_indvary2_step3_batch_yyy06.pl,q2,no,no,yes
5460,exp_cycles_indvary2_step3_batch_yyy07.pl,d4,no,no,yes
5461,exp_cycles_indvary2_step3_batch_yyy07.pl,d3,no,no,yes
5463,exp_cycles_indvary2_step3_batch_yyy07.pl,r5,no,no,yes
5465,exp_cycles_indvary2_step3_batch_yyy07.pl,r2,no,no,yes
5466,exp_cycles_indvary2_step3_batch_yyy07.pl,x4,no,no,yes
5467,exp_cycles_indvary2_step3_batch_yyy07.pl,p6,no,no,yes
5468,exp_cycles_indvary2_step3_batch_yyy07.pl,u6,no,no,yes
5469,exp_cycles_indvary2_step3_batch_yyy07.pl,d5,no,no,yes
5471,exp_cycles_indvary2_step3_batch_yyy08.pl,w7,no,no,yes
5472,exp_cycles_indvary2_step3_batch_yyy08.pl,a5,no,no,yes
5473,exp_cycles_indvary2_step3_batch_yyy08.pl,q4,no,no,yes
5475,exp_cycles_indvary2_step3_batch_yyy08.pl,f4,no,no,yes
5478,exp_cycles_indvary2_step3_batch_yyy08.pl,r7,no,no,yes
5480,exp_cycles_indvary2_step3_batch_yyy09.pl,t5,no,no,yes
5481,exp_cycles_indvary2_step3_batch_yyy09.pl,z6,no,no,yes
5482,exp_cycles_indvary2_step3_batch_yyy09.pl,v7,no,no,yes
5483,exp_cycles_indvary2_step3_batch_yyy09.pl,r6,no,no,yes
5484,exp_cycles_indvary2_step3_batch_yyy09.pl,s5,no,no,yes
5485,exp_cycles_indvary2_step3_batch_yyy09.pl,v4,no,no,yes
5486,exp_cycles_indvary2_step3_batch_yyy09.pl,y1,no,no,yes
5487,exp_cycles_indvary2_step3_batch_yyy09.pl,x6,no,no,yes
5488,exp_cycles_indvary2_step3_batch_yyy09.pl,r3,no,no,yes
5489,exp_cycles_indvary2_step3_batch_yyy09.pl,y5,no,no,yes
5494,exp_cycles_indvary2_step3_batch_yyy10.pl,p7,no,no,yes
5495,exp_cycles_indvary2_step3_batch_yyy10.pl,x3,no,no,yes
5498,exp_cycles_indvary2_step3_batch_yyy10.pl,s7,no,no,yes
5499,exp_cycles_indvary2_step3_batch_yyy10.pl,r7,no,no,yes
5500,exp_cycles_indvary2_step4_batch_yyy01.pl,p7,no,no,yes
5502,exp_cycles_indvary2_step4_batch_yyy01.pl,w5,no,no,yes
5503,exp_cycles_indvary2_step4_batch_yyy01.pl,q5,no,no,yes
5505,exp_cycles_indvary2_step4_batch_yyy01.pl,x7,no,no,yes
5506,exp_cycles_indvary2_step4_batch_yyy01.pl,e3,no,no,yes
5510,exp_cycles_indvary2_step4_batch_yyy02.pl,p4,no,no,yes
5511,exp_cycles_indvary2_step4_batch_yyy02.pl,u7,no,no,yes
5512,exp_cycles_indvary2_step4_batch_yyy02.pl,q5,no,no,yes
5513,exp_cycles_indvary2_step4_batch_yyy02.pl,e4,no,no,yes
5515,exp_cycles_indvary2_step4_batch_yyy02.pl,x6,no,no,yes
5518,exp_cycles_indvary2_step4_batch_yyy02.pl,u1,no,no,yes
5519,exp_cycles_indvary2_step4_batch_yyy02.pl,r6,no,no,yes
5520,exp_cycles_indvary2_step4_batch_yyy03.pl,w7,no,no,yes
5521,exp_cycles_indvary2_step4_batch_yyy03.pl,x3,no,no,yes
5522,exp_cycles_indvary2_step4_batch_yyy03.pl,u4,no,no,yes
5523,exp_cycles_indvary2_step4_batch_yyy03.pl,u7,no,no,yes
5524,exp_cycles_indvary2_step4_batch_yyy03.pl,y3,no,no,yes
5526,exp_cycles_indvary2_step4_batch_yyy03.pl,t5,no,no,yes
5527,exp_cycles_indvary2_step4_batch_yyy03.pl,s3,no,no,yes
5528,exp_cycles_indvary2_step4_batch_yyy03.pl,v4,no,no,yes
5529,exp_cycles_indvary2_step4_batch_yyy03.pl,e3,no,no,yes
5530,exp_cycles_indvary2_step4_batch_yyy04.pl,d4,no,no,yes
5531,exp_cycles_indvary2_step4_batch_yyy04.pl,f5,no,no,yes
5532,exp_cycles_indvary2_step4_batch_yyy04.pl,e4,no,no,yes
5535,exp_cycles_indvary2_step4_batch_yyy04.pl,b6,no,no,yes
5536,exp_cycles_indvary2_step4_batch_yyy04.pl,u5,no,no,yes
5537,exp_cycles_indvary2_step4_batch_yyy04.pl,u6,no,no,yes
5539,exp_cycles_indvary2_step4_batch_yyy04.pl,c6,no,no,yes
5540,exp_cycles_indvary2_step4_batch_yyy05.pl,a6,no,no,yes
5542,exp_cycles_indvary2_step4_batch_yyy05.pl,p5,no,no,yes
5545,exp_cycles_indvary2_step4_batch_yyy05.pl,c6,no,no,yes
5546,exp_cycles_indvary2_step4_batch_yyy05.pl,v4,no,no,yes
5547,exp_cycles_indvary2_step4_batch_yyy05.pl,s7,no,no,yes
5548,exp_cycles_indvary2_step4_batch_yyy05.pl,v3,no,no,yes
5550,exp_cycles_indvary2_step4_batch_yyy06.pl,t4,no,no,yes
5552,exp_cycles_indvary2_step4_batch_yyy06.pl,p5,no,no,yes
5553,exp_cycles_indvary2_step4_batch_yyy06.pl,u7,no,no,yes
5554,exp_cycles_indvary2_step4_batch_yyy06.pl,s5,no,no,yes
5555,exp_cycles_indvary2_step4_batch_yyy06.pl,x7,no,no,yes
5559,exp_cycles_indvary2_step4_batch_yyy06.pl,q7,no,no,yes
5562,exp_cycles_indvary2_step4_batch_yyy07.pl,p4,no,no,yes
5563,exp_cycles_indvary2_step4_batch_yyy07.pl,a5,no,no,yes
5564,exp_cycles_indvary2_step4_batch_yyy07.pl,e4,no,no,yes
5566,exp_cycles_indvary2_step4_batch_yyy07.pl,e3,no,no,yes
5567,exp_cycles_indvary2_step4_batch_yyy07.pl,f4,no,no,yes
5568,exp_cycles_indvary2_step4_batch_yyy07.pl,u2,no,no,yes
5569,exp_cycles_indvary2_step4_batch_yyy07.pl,q7,no,no,yes
5570,exp_cycles_indvary2_step4_batch_yyy08.pl,y3,no,no,yes
5574,exp_cycles_indvary2_step4_batch_yyy08.pl,c6,no,no,yes
5575,exp_cycles_indvary2_step4_batch_yyy08.pl,z2,no,no,yes
5576,exp_cycles_indvary2_step4_batch_yyy08.pl,e3,no,no,yes
5577,exp_cycles_indvary2_step4_batch_yyy08.pl,r4,no,no,yes
5580,exp_cycles_indvary2_step4_batch_yyy09.pl,d5,no,no,yes
5582,exp_cycles_indvary2_step4_batch_yyy09.pl,x3,no,no,yes
5583,exp_cycles_indvary2_step4_batch_yyy09.pl,d3,no,no,yes
5584,exp_cycles_indvary2_step4_batch_yyy09.pl,v5,no,no,yes
5585,exp_cycles_indvary2_step4_batch_yyy09.pl,x5,no,no,yes
5590,exp_cycles_indvary2_step4_batch_yyy10.pl,q4,no,no,yes
5591,exp_cycles_indvary2_step4_batch_yyy10.pl,x2,no,no,yes
5600,exp_cycles_indvary2_step5_batch_yyy01.pl,x3,no,no,yes
5601,exp_cycles_indvary2_step5_batch_yyy01.pl,e5,no,no,yes
5602,exp_cycles_indvary2_step5_batch_yyy01.pl,q4,no,no,yes
5604,exp_cycles_indvary2_step5_batch_yyy01.pl,b5,no,no,yes
5608,exp_cycles_indvary2_step5_batch_yyy01.pl,s5,no,no,yes
5609,exp_cycles_indvary2_step5_batch_yyy01.pl,t3,no,no,yes
5610,exp_cycles_indvary2_step5_batch_yyy02.pl,u6,no,no,yes
5614,exp_cycles_indvary2_step5_batch_yyy02.pl,r5,no,no,yes
5615,exp_cycles_indvary2_step5_batch_yyy02.pl,f3,no,no,yes
5616,exp_cycles_indvary2_step5_batch_yyy02.pl,u3,no,no,yes
5617,exp_cycles_indvary2_step5_batch_yyy02.pl,p2,no,no,yes
5619,exp_cycles_indvary2_step5_batch_yyy02.pl,v3,no,no,yes
5624,exp_cycles_indvary2_step5_batch_yyy03.pl,y2,no,no,yes
5625,exp_cycles_indvary2_step5_batch_yyy03.pl,q1,no,no,yes
5626,exp_cycles_indvary2_step5_batch_yyy03.pl,p1,no,no,yes
5627,exp_cycles_indvary2_step5_batch_yyy03.pl,x4,no,no,yes
5628,exp_cycles_indvary2_step5_batch_yyy03.pl,s5,no,no,yes
5629,exp_cycles_indvary2_step5_batch_yyy03.pl,q5,no,no,yes
5630,exp_cycles_indvary2_step5_batch_yyy04.pl,d4,no,no,yes
5631,exp_cycles_indvary2_step5_batch_yyy04.pl,u4,no,no,yes
5632,exp_cycles_indvary2_step5_batch_yyy04.pl,b4,no,no,yes
5633,exp_cycles_indvary2_step5_batch_yyy04.pl,w1,no,no,yes
5636,exp_cycles_indvary2_step5_batch_yyy04.pl,s4,no,no,yes
5637,exp_cycles_indvary2_step5_batch_yyy04.pl,w7,no,no,yes
5638,exp_cycles_indvary2_step5_batch_yyy04.pl,t7,no,no,yes
5639,exp_cycles_indvary2_step5_batch_yyy04.pl,c6,no,no,yes
5640,exp_cycles_indvary2_step5_batch_yyy05.pl,d3,no,no,yes
5641,exp_cycles_indvary2_step5_batch_yyy05.pl,f3,no,no,yes
5642,exp_cycles_indvary2_step5_batch_yyy05.pl,u3,no,no,yes
5645,exp_cycles_indvary2_step5_batch_yyy05.pl,p4,no,no,yes
5646,exp_cycles_indvary2_step5_batch_yyy05.pl,d4,no,no,yes
5648,exp_cycles_indvary2_step5_batch_yyy05.pl,y2,no,no,yes
5649,exp_cycles_indvary2_step5_batch_yyy05.pl,x6,no,no,yes
5651,exp_cycles_indvary2_step5_batch_yyy06.pl,z4,no,no,yes
5652,exp_cycles_indvary2_step5_batch_yyy06.pl,t7,no,no,yes
5653,exp_cycles_indvary2_step5_batch_yyy06.pl,r4,no,no,yes
5655,exp_cycles_indvary2_step5_batch_yyy06.pl,x6,no,no,yes
5657,exp_cycles_indvary2_step5_batch_yyy06.pl,q2,no,no,yes
5658,exp_cycles_indvary2_step5_batch_yyy06.pl,r2,no,no,yes
5661,exp_cycles_indvary2_step5_batch_yyy07.pl,x3,no,no,yes
5662,exp_cycles_indvary2_step5_batch_yyy07.pl,s5,no,no,yes
5664,exp_cycles_indvary2_step5_batch_yyy07.pl,q4,no,no,yes
5665,exp_cycles_indvary2_step5_batch_yyy07.pl,y3,no,no,yes
5668,exp_cycles_indvary2_step5_batch_yyy07.pl,v6,no,no,yes
5670,exp_cycles_indvary2_step5_batch_yyy08.pl,v6,no,no,yes
5671,exp_cycles_indvary2_step5_batch_yyy08.pl,d3,no,no,yes
5673,exp_cycles_indvary2_step5_batch_yyy08.pl,r5,no,no,yes
5675,exp_cycles_indvary2_step5_batch_yyy08.pl,r4,no,no,yes
5679,exp_cycles_indvary2_step5_batch_yyy08.pl,s6,no,no,yes
5681,exp_cycles_indvary2_step5_batch_yyy09.pl,u4,no,no,yes
5682,exp_cycles_indvary2_step5_batch_yyy09.pl,e4,no,no,yes
5684,exp_cycles_indvary2_step5_batch_yyy09.pl,b6,no,no,yes
5685,exp_cycles_indvary2_step5_batch_yyy09.pl,z6,no,no,yes
5687,exp_cycles_indvary2_step5_batch_yyy09.pl,a6,no,no,yes
5688,exp_cycles_indvary2_step5_batch_yyy09.pl,w7,no,no,yes
5689,exp_cycles_indvary2_step5_batch_yyy09.pl,y4,no,no,yes
5690,exp_cycles_indvary2_step5_batch_yyy10.pl,c4,no,no,yes
5691,exp_cycles_indvary2_step5_batch_yyy10.pl,x3,no,no,yes
5692,exp_cycles_indvary2_step5_batch_yyy10.pl,r6,no,no,yes
5693,exp_cycles_indvary2_step5_batch_yyy10.pl,t3,no,no,yes
5694,exp_cycles_indvary2_step5_batch_yyy10.pl,w6,no,no,yes
5695,exp_cycles_indvary2_step5_batch_yyy10.pl,p2,no,no,yes
5700,exp_cycles_indvary2_step6_batch_yyy01.pl,y3,no,no,yes
5702,exp_cycles_indvary2_step6_batch_yyy01.pl,b6,no,no,yes
5707,exp_cycles_indvary2_step6_batch_yyy01.pl,t7,no,no,yes
5709,exp_cycles_indvary2_step6_batch_yyy01.pl,b5,no,no,yes
5710,exp_cycles_indvary2_step6_batch_yyy02.pl,d5,no,no,yes
5711,exp_cycles_indvary2_step6_batch_yyy02.pl,s4,no,no,yes
5712,exp_cycles_indvary2_step6_batch_yyy02.pl,x7,no,no,yes
5714,exp_cycles_indvary2_step6_batch_yyy02.pl,e3,no,no,yes
5716,exp_cycles_indvary2_step6_batch_yyy02.pl,s7,no,no,yes
5722,exp_cycles_indvary2_step6_batch_yyy03.pl,y3,no,no,yes
5724,exp_cycles_indvary2_step6_batch_yyy03.pl,x5,no,no,yes
5728,exp_cycles_indvary2_step6_batch_yyy03.pl,d4,no,no,yes
5729,exp_cycles_indvary2_step6_batch_yyy03.pl,x3,no,no,yes
5730,exp_cycles_indvary2_step6_batch_yyy04.pl,u6,no,no,yes
5731,exp_cycles_indvary2_step6_batch_yyy04.pl,z5,no,no,yes
5732,exp_cycles_indvary2_step6_batch_yyy04.pl,w5,no,no,yes
5733,exp_cycles_indvary2_step6_batch_yyy04.pl,r5,no,no,yes
5734,exp_cycles_indvary2_step6_batch_yyy04.pl,f3,no,no,yes
5736,exp_cycles_indvary2_step6_batch_yyy04.pl,y6,no,no,yes
5738,exp_cycles_indvary2_step6_batch_yyy04.pl,t7,no,no,yes
5739,exp_cycles_indvary2_step6_batch_yyy04.pl,z2,no,no,yes
5740,exp_cycles_indvary2_step6_batch_yyy05.pl,y4,no,no,yes
5741,exp_cycles_indvary2_step6_batch_yyy05.pl,v5,no,no,yes
5742,exp_cycles_indvary2_step6_batch_yyy05.pl,r5,no,no,yes
5745,exp_cycles_indvary2_step6_batch_yyy05.pl,z3,no,no,yes
5748,exp_cycles_indvary2_step6_batch_yyy05.pl,t4,no,no,yes
5749,exp_cycles_indvary2_step6_batch_yyy05.pl,c4,no,no,yes
5750,exp_cycles_indvary2_step6_batch_yyy06.pl,t5,no,no,yes
5751,exp_cycles_indvary2_step6_batch_yyy06.pl,y4,no,no,yes
5752,exp_cycles_indvary2_step6_batch_yyy06.pl,v6,no,no,yes
5753,exp_cycles_indvary2_step6_batch_yyy06.pl,a4,no,no,yes
5754,exp_cycles_indvary2_step6_batch_yyy06.pl,p2,no,no,yes
5755,exp_cycles_indvary2_step6_batch_yyy06.pl,x6,no,no,yes
5757,exp_cycles_indvary2_step6_batch_yyy06.pl,y5,no,no,yes
5758,exp_cycles_indvary2_step6_batch_yyy06.pl,p6,no,no,yes
5760,exp_cycles_indvary2_step6_batch_yyy07.pl,u5,no,no,yes
5761,exp_cycles_indvary2_step6_batch_yyy07.pl,p7,no,no,yes
5763,exp_cycles_indvary2_step6_batch_yyy07.pl,x7,no,no,yes
5767,exp_cycles_indvary2_step6_batch_yyy07.pl,t4,no,no,yes
5768,exp_cycles_indvary2_step6_batch_yyy07.pl,x6,no,no,yes
5770,exp_cycles_indvary2_step6_batch_yyy08.pl,d5,no,no,yes
5772,exp_cycles_indvary2_step6_batch_yyy08.pl,w7,no,no,yes
5773,exp_cycles_indvary2_step6_batch_yyy08.pl,v6,no,no,yes
5775,exp_cycles_indvary2_step6_batch_yyy08.pl,x6,no,no,yes
5776,exp_cycles_indvary2_step6_batch_yyy08.pl,r7,no,no,yes
5777,exp_cycles_indvary2_step6_batch_yyy08.pl,y5,no,no,yes
5780,exp_cycles_indvary2_step6_batch_yyy09.pl,z6,no,no,yes
5781,exp_cycles_indvary2_step6_batch_yyy09.pl,v7,no,no,yes
5783,exp_cycles_indvary2_step6_batch_yyy09.pl,r5,no,no,yes
5785,exp_cycles_indvary2_step6_batch_yyy09.pl,x6,no,no,yes
5787,exp_cycles_indvary2_step6_batch_yyy09.pl,q7,no,no,yes
5789,exp_cycles_indvary2_step6_batch_yyy09.pl,b6,no,no,yes
5790,exp_cycles_indvary2_step6_batch_yyy10.pl,q6,no,no,yes
5794,exp_cycles_indvary2_step6_batch_yyy10.pl,z3,no,no,yes
5797,exp_cycles_indvary2_step6_batch_yyy10.pl,y6,no,no,yes
5798,exp_cycles_indvary2_step6_batch_yyy10.pl,a6,no,no,yes
5800,exp_cycles_indvary2_step7_batch_yyy01.pl,d5,no,no,yes
5801,exp_cycles_indvary2_step7_batch_yyy01.pl,q5,no,no,yes
5802,exp_cycles_indvary2_step7_batch_yyy01.pl,w6,no,no,yes
5803,exp_cycles_indvary2_step7_batch_yyy01.pl,y3,no,no,yes
5805,exp_cycles_indvary2_step7_batch_yyy01.pl,f3,no,no,yes
5807,exp_cycles_indvary2_step7_batch_yyy01.pl,s1,no,no,yes
5808,exp_cycles_indvary2_step7_batch_yyy01.pl,r7,no,no,yes
5809,exp_cycles_indvary2_step7_batch_yyy01.pl,q2,no,no,yes
5810,exp_cycles_indvary2_step7_batch_yyy02.pl,u5,no,no,yes
5813,exp_cycles_indvary2_step7_batch_yyy02.pl,e3,no,no,yes
5815,exp_cycles_indvary2_step7_batch_yyy02.pl,v3,no,no,yes
5816,exp_cycles_indvary2_step7_batch_yyy02.pl,s4,no,no,yes
5817,exp_cycles_indvary2_step7_batch_yyy02.pl,y4,no,no,yes
5818,exp_cycles_indvary2_step7_batch_yyy02.pl,r5,no,no,yes
5819,exp_cycles_indvary2_step7_batch_yyy02.pl,e4,no,no,yes
5820,exp_cycles_indvary2_step7_batch_yyy03.pl,w7,no,no,yes
5821,exp_cycles_indvary2_step7_batch_yyy03.pl,z5,no,no,yes
5822,exp_cycles_indvary2_step7_batch_yyy03.pl,u4,no,no,yes
5823,exp_cycles_indvary2_step7_batch_yyy03.pl,v5,no,no,yes
5826,exp_cycles_indvary2_step7_batch_yyy03.pl,x5,no,no,yes
5827,exp_cycles_indvary2_step7_batch_yyy03.pl,c6,no,no,yes
5828,exp_cycles_indvary2_step7_batch_yyy03.pl,q7,no,no,yes
5829,exp_cycles_indvary2_step7_batch_yyy03.pl,y5,no,no,yes
5830,exp_cycles_indvary2_step7_batch_yyy04.pl,x3,no,no,yes
5831,exp_cycles_indvary2_step7_batch_yyy04.pl,t3,no,no,yes
5832,exp_cycles_indvary2_step7_batch_yyy04.pl,f5,no,no,yes
5833,exp_cycles_indvary2_step7_batch_yyy04.pl,y3,no,no,yes
5835,exp_cycles_indvary2_step7_batch_yyy04.pl,s6,no,no,yes
5836,exp_cycles_indvary2_step7_batch_yyy04.pl,e3,no,no,yes
5837,exp_cycles_indvary2_step7_batch_yyy04.pl,p6,no,no,yes
5840,exp_cycles_indvary2_step7_batch_yyy05.pl,d5,no,no,yes
5841,exp_cycles_indvary2_step7_batch_yyy05.pl,q6,no,no,yes
5842,exp_cycles_indvary2_step7_batch_yyy05.pl,p7,no,no,yes
5843,exp_cycles_indvary2_step7_batch_yyy05.pl,t3,no,no,yes
5844,exp_cycles_indvary2_step7_batch_yyy05.pl,x7,no,no,yes
5847,exp_cycles_indvary2_step7_batch_yyy05.pl,t1,no,no,yes
5849,exp_cycles_indvary2_step7_batch_yyy05.pl,w7,no,no,yes
5850,exp_cycles_indvary2_step7_batch_yyy06.pl,d5,no,no,yes
5851,exp_cycles_indvary2_step7_batch_yyy06.pl,x3,no,no,yes
5852,exp_cycles_indvary2_step7_batch_yyy06.pl,r6,no,no,yes
5854,exp_cycles_indvary2_step7_batch_yyy06.pl,s6,no,no,yes
5855,exp_cycles_indvary2_step7_batch_yyy06.pl,x6,no,no,yes
5856,exp_cycles_indvary2_step7_batch_yyy06.pl,r7,no,no,yes
5858,exp_cycles_indvary2_step7_batch_yyy06.pl,r2,no,no,yes
5859,exp_cycles_indvary2_step7_batch_yyy06.pl,s7,no,no,yes
5860,exp_cycles_indvary2_step7_batch_yyy07.pl,d3,no,no,yes
5861,exp_cycles_indvary2_step7_batch_yyy07.pl,v5,no,no,yes
5862,exp_cycles_indvary2_step7_batch_yyy07.pl,q4,no,no,yes
5863,exp_cycles_indvary2_step7_batch_yyy07.pl,w4,no,no,yes
5865,exp_cycles_indvary2_step7_batch_yyy07.pl,r4,no,no,yes
5866,exp_cycles_indvary2_step7_batch_yyy07.pl,b4,no,no,yes
5867,exp_cycles_indvary2_step7_batch_yyy07.pl,q5,no,no,yes
5869,exp_cycles_indvary2_step7_batch_yyy07.pl,t6,no,no,yes
5870,exp_cycles_indvary2_step7_batch_yyy08.pl,q6,no,no,yes
5871,exp_cycles_indvary2_step7_batch_yyy08.pl,x3,no,no,yes
5872,exp_cycles_indvary2_step7_batch_yyy08.pl,w5,no,no,yes
5873,exp_cycles_indvary2_step7_batch_yyy08.pl,s5,no,no,yes
5875,exp_cycles_indvary2_step7_batch_yyy08.pl,a4,no,no,yes
5876,exp_cycles_indvary2_step7_batch_yyy08.pl,c6,no,no,yes
5877,exp_cycles_indvary2_step7_batch_yyy08.pl,f4,no,no,yes
5878,exp_cycles_indvary2_step7_batch_yyy08.pl,p1,no,no,yes
5879,exp_cycles_indvary2_step7_batch_yyy08.pl,w3,no,no,yes
5880,exp_cycles_indvary2_step7_batch_yyy09.pl,t5,no,no,yes
5881,exp_cycles_indvary2_step7_batch_yyy09.pl,z6,no,no,yes
5882,exp_cycles_indvary2_step7_batch_yyy09.pl,s4,no,no,yes
5884,exp_cycles_indvary2_step7_batch_yyy09.pl,x3,no,no,yes
5885,exp_cycles_indvary2_step7_batch_yyy09.pl,r6,no,no,yes
5887,exp_cycles_indvary2_step7_batch_yyy09.pl,f4,no,no,yes
5889,exp_cycles_indvary2_step7_batch_yyy09.pl,p6,no,no,yes
5890,exp_cycles_indvary2_step7_batch_yyy10.pl,c4,no,no,yes
5891,exp_cycles_indvary2_step7_batch_yyy10.pl,x3,no,no,yes
5894,exp_cycles_indvary2_step7_batch_yyy10.pl,v6,no,no,yes
5896,exp_cycles_indvary2_step7_batch_yyy10.pl,a4,no,no,yes
5897,exp_cycles_indvary2_step7_batch_yyy10.pl,x2,no,no,yes
5899,exp_cycles_indvary2_step7_batch_yyy10.pl,x4,no,no,yes
5900,exp_cycles_indvary2_step8_batch_yyy01.pl,s4,no,no,yes
5903,exp_cycles_indvary2_step8_batch_yyy01.pl,y3,no,no,yes
5904,exp_cycles_indvary2_step8_batch_yyy01.pl,u3,no,no,yes
5907,exp_cycles_indvary2_step8_batch_yyy01.pl,p6,no,no,yes
5908,exp_cycles_indvary2_step8_batch_yyy01.pl,p4,no,no,yes
5909,exp_cycles_indvary2_step8_batch_yyy01.pl,p7,no,no,yes
5910,exp_cycles_indvary2_step8_batch_yyy02.pl,r6,no,no,yes
5911,exp_cycles_indvary2_step8_batch_yyy02.pl,v5,no,no,yes
5912,exp_cycles_indvary2_step8_batch_yyy02.pl,t3,no,no,yes
5913,exp_cycles_indvary2_step8_batch_yyy02.pl,w4,no,no,yes
5915,exp_cycles_indvary2_step8_batch_yyy02.pl,p2,no,no,yes
5916,exp_cycles_indvary2_step8_batch_yyy02.pl,v3,no,no,yes
5919,exp_cycles_indvary2_step8_batch_yyy02.pl,t1,no,no,yes
5921,exp_cycles_indvary2_step8_batch_yyy03.pl,u1,no,no,yes
5922,exp_cycles_indvary2_step8_batch_yyy03.pl,t3,no,no,yes
5923,exp_cycles_indvary2_step8_batch_yyy03.pl,t6,no,no,yes
5925,exp_cycles_indvary2_step8_batch_yyy03.pl,p3,no,no,yes
5926,exp_cycles_indvary2_step8_batch_yyy03.pl,x5,no,no,yes
5929,exp_cycles_indvary2_step8_batch_yyy03.pl,x4,no,no,yes
5930,exp_cycles_indvary2_step8_batch_yyy04.pl,v7,no,no,yes
5931,exp_cycles_indvary2_step8_batch_yyy04.pl,d4,no,no,yes
5932,exp_cycles_indvary2_step8_batch_yyy04.pl,s5,no,no,yes
5933,exp_cycles_indvary2_step8_batch_yyy04.pl,x7,no,no,yes
5937,exp_cycles_indvary2_step8_batch_yyy04.pl,x4,no,no,yes
5940,exp_cycles_indvary2_step8_batch_yyy05.pl,d5,no,no,yes
5942,exp_cycles_indvary2_step8_batch_yyy05.pl,d3,no,no,yes
5943,exp_cycles_indvary2_step8_batch_yyy05.pl,w5,no,no,yes
5944,exp_cycles_indvary2_step8_batch_yyy05.pl,c5,no,no,yes
5945,exp_cycles_indvary2_step8_batch_yyy05.pl,f5,no,no,yes
5946,exp_cycles_indvary2_step8_batch_yyy05.pl,w4,no,no,yes
5947,exp_cycles_indvary2_step8_batch_yyy05.pl,b5,no,no,yes
5949,exp_cycles_indvary2_step8_batch_yyy05.pl,y6,no,no,yes
5950,exp_cycles_indvary2_step8_batch_yyy06.pl,u6,no,no,yes
5951,exp_cycles_indvary2_step8_batch_yyy06.pl,b4,no,no,yes
5952,exp_cycles_indvary2_step8_batch_yyy06.pl,s6,no,no,yes
5953,exp_cycles_indvary2_step8_batch_yyy06.pl,v4,no,no,yes
5956,exp_cycles_indvary2_step8_batch_yyy06.pl,s7,no,no,yes
5960,exp_cycles_indvary2_step8_batch_yyy07.pl,r6,no,no,yes
5961,exp_cycles_indvary2_step8_batch_yyy07.pl,w6,no,no,yes
5964,exp_cycles_indvary2_step8_batch_yyy07.pl,z3,no,no,yes
5965,exp_cycles_indvary2_step8_batch_yyy07.pl,r3,no,no,yes
5966,exp_cycles_indvary2_step8_batch_yyy07.pl,p4,no,no,yes
5967,exp_cycles_indvary2_step8_batch_yyy07.pl,x3,no,no,yes
5969,exp_cycles_indvary2_step8_batch_yyy07.pl,s6,no,no,yes
5970,exp_cycles_indvary2_step8_batch_yyy08.pl,p5,no,no,yes
5972,exp_cycles_indvary2_step8_batch_yyy08.pl,u4,no,no,yes
5973,exp_cycles_indvary2_step8_batch_yyy08.pl,e4,no,no,yes
5974,exp_cycles_indvary2_step8_batch_yyy08.pl,f3,no,no,yes
5975,exp_cycles_indvary2_step8_batch_yyy08.pl,s7,no,no,yes
5977,exp_cycles_indvary2_step8_batch_yyy08.pl,q7,no,no,yes
5978,exp_cycles_indvary2_step8_batch_yyy08.pl,w6,no,no,yes
5980,exp_cycles_indvary2_step8_batch_yyy09.pl,x3,no,no,yes
5983,exp_cycles_indvary2_step8_batch_yyy09.pl,t7,no,no,yes
5984,exp_cycles_indvary2_step8_batch_yyy09.pl,r7,no,no,yes
5986,exp_cycles_indvary2_step8_batch_yyy09.pl,y5,no,no,yes
5987,exp_cycles_indvary2_step8_batch_yyy09.pl,w3,no,no,yes
5988,exp_cycles_indvary2_step8_batch_yyy09.pl,s5,no,no,yes
5989,exp_cycles_indvary2_step8_batch_yyy09.pl,t3,no,no,yes
5990,exp_cycles_indvary2_step8_batch_yyy10.pl,s3,no,no,yes
5991,exp_cycles_indvary2_step8_batch_yyy10.pl,r6,no,no,yes
5992,exp_cycles_indvary2_step8_batch_yyy10.pl,v5,no,no,yes
5993,exp_cycles_indvary2_step8_batch_yyy10.pl,w6,no,no,yes
5994,exp_cycles_indvary2_step8_batch_yyy10.pl,f4,no,no,yes
5996,exp_cycles_indvary2_step8_batch_yyy10.pl,u5,no,no,yes
5997,exp_cycles_indvary2_step8_batch_yyy10.pl,d5,no,no,yes
5998,exp_cycles_indvary2_step8_batch_yyy10.pl,d4,no,no,yes
5999,exp_cycles_indvary2_step8_batch_yyy10.pl,x3,no,no,yes
6000,exp_cycles_indvary3_step1_batch_yyy01.pl,t5,no,no,yes
6001,exp_cycles_indvary3_step1_batch_yyy01.pl,s4,no,no,yes
6002,exp_cycles_indvary3_step1_batch_yyy01.pl,u4,no,no,yes
6003,exp_cycles_indvary3_step1_batch_yyy01.pl,w5,no,no,yes
6005,exp_cycles_indvary3_step1_batch_yyy01.pl,b5,no,no,yes
6009,exp_cycles_indvary3_step1_batch_yyy01.pl,r7,no,no,yes
6010,exp_cycles_indvary3_step1_batch_yyy02.pl,r6,no,no,yes
6012,exp_cycles_indvary3_step1_batch_yyy02.pl,x1,no,no,yes
6013,exp_cycles_indvary3_step1_batch_yyy02.pl,b6,no,no,yes
6014,exp_cycles_indvary3_step1_batch_yyy02.pl,r3,no,no,yes
6017,exp_cycles_indvary3_step1_batch_yyy02.pl,t4,no,no,yes
6018,exp_cycles_indvary3_step1_batch_yyy02.pl,x5,no,no,yes
6019,exp_cycles_indvary3_step1_batch_yyy02.pl,b5,no,no,yes
6020,exp_cycles_indvary3_step1_batch_yyy03.pl,u6,no,no,yes
6021,exp_cycles_indvary3_step1_batch_yyy03.pl,t4,no,no,yes
6023,exp_cycles_indvary3_step1_batch_yyy03.pl,r1,no,no,yes
6025,exp_cycles_indvary3_step1_batch_yyy03.pl,r7,no,no,yes
6027,exp_cycles_indvary3_step1_batch_yyy03.pl,y6,no,no,yes
6029,exp_cycles_indvary3_step1_batch_yyy03.pl,v7,no,no,yes
6031,exp_cycles_indvary3_step1_batch_yyy04.pl,d3,no,no,yes
6032,exp_cycles_indvary3_step1_batch_yyy04.pl,f3,no,no,yes
6033,exp_cycles_indvary3_step1_batch_yyy04.pl,p2,no,no,yes
6035,exp_cycles_indvary3_step1_batch_yyy04.pl,s7,no,no,yes
6036,exp_cycles_indvary3_step1_batch_yyy04.pl,q7,no,no,yes
6040,exp_cycles_indvary3_step1_batch_yyy05.pl,u5,no,no,yes
6041,exp_cycles_indvary3_step1_batch_yyy05.pl,a6,no,no,yes
6042,exp_cycles_indvary3_step1_batch_yyy05.pl,x3,no,no,yes
6043,exp_cycles_indvary3_step1_batch_yyy05.pl,v6,no,no,yes
6044,exp_cycles_indvary3_step1_batch_yyy05.pl,d3,no,no,yes
6045,exp_cycles_indvary3_step1_batch_yyy05.pl,w5,no,no,yes
6047,exp_cycles_indvary3_step1_batch_yyy05.pl,t7,no,no,yes
6049,exp_cycles_indvary3_step1_batch_yyy05.pl,r4,no,no,yes
6050,exp_cycles_indvary3_step1_batch_yyy06.pl,z6,no,no,yes
6051,exp_cycles_indvary3_step1_batch_yyy06.pl,d4,no,no,yes
6053,exp_cycles_indvary3_step1_batch_yyy06.pl,p2,no,no,yes
6056,exp_cycles_indvary3_step1_batch_yyy06.pl,x4,no,no,yes
6058,exp_cycles_indvary3_step1_batch_yyy06.pl,a5,no,no,yes
6060,exp_cycles_indvary3_step1_batch_yyy07.pl,u6,no,no,yes
6061,exp_cycles_indvary3_step1_batch_yyy07.pl,z5,no,no,yes
6062,exp_cycles_indvary3_step1_batch_yyy07.pl,v6,no,no,yes
6063,exp_cycles_indvary3_step1_batch_yyy07.pl,u4,no,no,yes
6064,exp_cycles_indvary3_step1_batch_yyy07.pl,b4,no,no,yes
6065,exp_cycles_indvary3_step1_batch_yyy07.pl,v4,no,no,yes
6067,exp_cycles_indvary3_step1_batch_yyy07.pl,p2,no,no,yes
6070,exp_cycles_indvary3_step1_batch_yyy08.pl,v2,no,no,yes
6071,exp_cycles_indvary3_step1_batch_yyy08.pl,p5,no,no,yes
6072,exp_cycles_indvary3_step1_batch_yyy08.pl,w5,no,no,yes
6073,exp_cycles_indvary3_step1_batch_yyy08.pl,c5,no,no,yes
6076,exp_cycles_indvary3_step1_batch_yyy08.pl,t4,no,no,yes
6077,exp_cycles_indvary3_step1_batch_yyy08.pl,t5,no,no,yes
6078,exp_cycles_indvary3_step1_batch_yyy08.pl,b6,no,no,yes
6080,exp_cycles_indvary3_step1_batch_yyy09.pl,a6,no,no,yes
6082,exp_cycles_indvary3_step1_batch_yyy09.pl,q5,no,no,yes
6083,exp_cycles_indvary3_step1_batch_yyy09.pl,f5,no,no,yes
6084,exp_cycles_indvary3_step1_batch_yyy09.pl,v1,no,no,yes
6087,exp_cycles_indvary3_step1_batch_yyy09.pl,f4,no,no,yes
6088,exp_cycles_indvary3_step1_batch_yyy09.pl,y2,no,no,yes
6090,exp_cycles_indvary3_step1_batch_yyy10.pl,u5,no,no,yes
6091,exp_cycles_indvary3_step1_batch_yyy10.pl,v7,no,no,yes
6092,exp_cycles_indvary3_step1_batch_yyy10.pl,z5,no,no,yes
6094,exp_cycles_indvary3_step1_batch_yyy10.pl,x7,no,no,yes
6095,exp_cycles_indvary3_step1_batch_yyy10.pl,f4,no,no,yes
6096,exp_cycles_indvary3_step1_batch_yyy10.pl,x4,no,no,yes
6098,exp_cycles_indvary3_step1_batch_yyy10.pl,y2,no,no,yes
6101,exp_cycles_indvary3_step2_batch_yyy01.pl,q6,no,no,yes
6102,exp_cycles_indvary3_step2_batch_yyy01.pl,d4,no,no,yes
6105,exp_cycles_indvary3_step2_batch_yyy01.pl,e4,no,no,yes
6106,exp_cycles_indvary3_step2_batch_yyy01.pl,v1,no,no,yes
6107,exp_cycles_indvary3_step2_batch_yyy01.pl,r4,no,no,yes
6108,exp_cycles_indvary3_step2_batch_yyy01.pl,b6,no,no,yes
6109,exp_cycles_indvary3_step2_batch_yyy01.pl,r3,no,no,yes
6110,exp_cycles_indvary3_step2_batch_yyy02.pl,v7,no,no,yes
6111,exp_cycles_indvary3_step2_batch_yyy02.pl,b4,no,no,yes
6112,exp_cycles_indvary3_step2_batch_yyy02.pl,t6,no,no,yes
6113,exp_cycles_indvary3_step2_batch_yyy02.pl,y1,no,no,yes
6114,exp_cycles_indvary3_step2_batch_yyy02.pl,p2,no,no,yes
6115,exp_cycles_indvary3_step2_batch_yyy02.pl,y2,no,no,yes
6117,exp_cycles_indvary3_step2_batch_yyy02.pl,q7,no,no,yes
6118,exp_cycles_indvary3_step2_batch_yyy02.pl,t5,no,no,yes
6120,exp_cycles_indvary3_step2_batch_yyy03.pl,v7,no,no,yes
6121,exp_cycles_indvary3_step2_batch_yyy03.pl,v2,no,no,yes
6122,exp_cycles_indvary3_step2_batch_yyy03.pl,w6,no,no,yes
6123,exp_cycles_indvary3_step2_batch_yyy03.pl,f3,no,no,yes
6124,exp_cycles_indvary3_step2_batch_yyy03.pl,v4,no,no,yes
6127,exp_cycles_indvary3_step2_batch_yyy03.pl,y5,no,no,yes
6128,exp_cycles_indvary3_step2_batch_yyy03.pl,p5,no,no,yes
6129,exp_cycles_indvary3_step2_batch_yyy03.pl,d4,no,no,yes
6130,exp_cycles_indvary3_step2_batch_yyy04.pl,c4,no,no,yes
6131,exp_cycles_indvary3_step2_batch_yyy04.pl,d3,no,no,yes
6133,exp_cycles_indvary3_step2_batch_yyy04.pl,q7,no,no,yes
6135,exp_cycles_indvary3_step2_batch_yyy04.pl,v7,no,no,yes
6136,exp_cycles_indvary3_step2_batch_yyy04.pl,x5,no,no,yes
6137,exp_cycles_indvary3_step2_batch_yyy04.pl,t2,no,no,yes
6138,exp_cycles_indvary3_step2_batch_yyy04.pl,r2,no,no,yes
6139,exp_cycles_indvary3_step2_batch_yyy04.pl,r7,no,no,yes
6140,exp_cycles_indvary3_step2_batch_yyy05.pl,c4,no,no,yes
6141,exp_cycles_indvary3_step2_batch_yyy05.pl,y4,no,no,yes
6142,exp_cycles_indvary3_step2_batch_yyy05.pl,q6,no,no,yes
6144,exp_cycles_indvary3_step2_batch_yyy05.pl,z4,no,no,yes
6145,exp_cycles_indvary3_step2_batch_yyy05.pl,v6,no,no,yes
6149,exp_cycles_indvary3_step2_batch_yyy05.pl,b5,no,no,yes
6150,exp_cycles_indvary3_step2_batch_yyy06.pl,q5,no,no,yes
6152,exp_cycles_indvary3_step2_batch_yyy06.pl,c4,no,no,yes
6153,exp_cycles_indvary3_step2_batch_yyy06.pl,p5,no,no,yes
6154,exp_cycles_indvary3_step2_batch_yyy06.pl,x3,no,no,yes
6155,exp_cycles_indvary3_step2_batch_yyy06.pl,t7,no,no,yes
6157,exp_cycles_indvary3_step2_batch_yyy06.pl,b5,no,no,yes
6158,exp_cycles_indvary3_step2_batch_yyy06.pl,v4,no,no,yes
6159,exp_cycles_indvary3_step2_batch_yyy06.pl,r4,no,no,yes
6161,exp_cycles_indvary3_step2_batch_yyy07.pl,s4,no,no,yes
6163,exp_cycles_indvary3_step2_batch_yyy07.pl,f5,no,no,yes
6164,exp_cycles_indvary3_step2_batch_yyy07.pl,z4,no,no,yes
6165,exp_cycles_indvary3_step2_batch_yyy07.pl,t7,no,no,yes
6166,exp_cycles_indvary3_step2_batch_yyy07.pl,u3,no,no,yes
6168,exp_cycles_indvary3_step2_batch_yyy07.pl,p5,no,no,yes
6170,exp_cycles_indvary3_step2_batch_yyy08.pl,u5,no,no,yes
6172,exp_cycles_indvary3_step2_batch_yyy08.pl,w5,no,no,yes
6173,exp_cycles_indvary3_step2_batch_yyy08.pl,c5,no,no,yes
6175,exp_cycles_indvary3_step2_batch_yyy08.pl,w3,no,no,yes
6176,exp_cycles_indvary3_step2_batch_yyy08.pl,z4,no,no,yes
6177,exp_cycles_indvary3_step2_batch_yyy08.pl,y3,no,no,yes
6180,exp_cycles_indvary3_step2_batch_yyy09.pl,z5,no,no,yes
6181,exp_cycles_indvary3_step2_batch_yyy09.pl,v6,no,no,yes
6182,exp_cycles_indvary3_step2_batch_yyy09.pl,z1,no,no,yes
6183,exp_cycles_indvary3_step2_batch_yyy09.pl,w4,no,no,yes
6184,exp_cycles_indvary3_step2_batch_yyy09.pl,s6,no,no,yes
6186,exp_cycles_indvary3_step2_batch_yyy09.pl,t4,no,no,yes
6188,exp_cycles_indvary3_step2_batch_yyy09.pl,r7,no,no,yes
6189,exp_cycles_indvary3_step2_batch_yyy09.pl,b6,no,no,yes
6190,exp_cycles_indvary3_step2_batch_yyy10.pl,z6,no,no,yes
6191,exp_cycles_indvary3_step2_batch_yyy10.pl,a6,no,no,yes
6192,exp_cycles_indvary3_step2_batch_yyy10.pl,q6,no,no,yes
6193,exp_cycles_indvary3_step2_batch_yyy10.pl,b4,no,no,yes
6194,exp_cycles_indvary3_step2_batch_yyy10.pl,y3,no,no,yes
6195,exp_cycles_indvary3_step2_batch_yyy10.pl,r4,no,no,yes
6197,exp_cycles_indvary3_step2_batch_yyy10.pl,z3,no,no,yes
6200,exp_cycles_indvary3_step3_batch_yyy01.pl,w2,no,no,yes
6201,exp_cycles_indvary3_step3_batch_yyy01.pl,w6,no,no,yes
6204,exp_cycles_indvary3_step3_batch_yyy01.pl,q7,no,no,yes
6206,exp_cycles_indvary3_step3_batch_yyy01.pl,t4,no,no,yes
6207,exp_cycles_indvary3_step3_batch_yyy01.pl,c4,no,no,yes
6208,exp_cycles_indvary3_step3_batch_yyy01.pl,b4,no,no,yes
6209,exp_cycles_indvary3_step3_batch_yyy01.pl,q5,no,no,yes
6210,exp_cycles_indvary3_step3_batch_yyy02.pl,b4,no,no,yes
6211,exp_cycles_indvary3_step3_batch_yyy02.pl,w6,no,no,yes
6213,exp_cycles_indvary3_step3_batch_yyy02.pl,r7,no,no,yes
6215,exp_cycles_indvary3_step3_batch_yyy02.pl,y5,no,no,yes
6216,exp_cycles_indvary3_step3_batch_yyy02.pl,t4,no,no,yes
6218,exp_cycles_indvary3_step3_batch_yyy02.pl,y1,no,no,yes
6220,exp_cycles_indvary3_step3_batch_yyy03.pl,s4,no,no,yes
6221,exp_cycles_indvary3_step3_batch_yyy03.pl,d3,no,no,yes
6222,exp_cycles_indvary3_step3_batch_yyy03.pl,f5,no,no,yes
6224,exp_cycles_indvary3_step3_batch_yyy03.pl,y1,no,no,yes
6227,exp_cycles_indvary3_step3_batch_yyy03.pl,s7,no,no,yes
6228,exp_cycles_indvary3_step3_batch_yyy03.pl,z4,no,no,yes
6229,exp_cycles_indvary3_step3_batch_yyy03.pl,r5,no,no,yes
6230,exp_cycles_indvary3_step3_batch_yyy04.pl,s4,no,no,yes
6231,exp_cycles_indvary3_step3_batch_yyy04.pl,p5,no,no,yes
6232,exp_cycles_indvary3_step3_batch_yyy04.pl,b4,no,no,yes
6233,exp_cycles_indvary3_step3_batch_yyy04.pl,r5,no,no,yes
6234,exp_cycles_indvary3_step3_batch_yyy04.pl,v1,no,no,yes
6236,exp_cycles_indvary3_step3_batch_yyy04.pl,t1,no,no,yes
6237,exp_cycles_indvary3_step3_batch_yyy04.pl,y5,no,no,yes
6240,exp_cycles_indvary3_step3_batch_yyy05.pl,x3,no,no,yes
6242,exp_cycles_indvary3_step3_batch_yyy05.pl,z4,no,no,yes
6243,exp_cycles_indvary3_step3_batch_yyy05.pl,t1,no,no,yes
6244,exp_cycles_indvary3_step3_batch_yyy05.pl,y6,no,no,yes
6246,exp_cycles_indvary3_step3_batch_yyy05.pl,w7,no,no,yes
6247,exp_cycles_indvary3_step3_batch_yyy05.pl,y4,no,no,yes
6248,exp_cycles_indvary3_step3_batch_yyy05.pl,v6,no,no,yes
6250,exp_cycles_indvary3_step3_batch_yyy06.pl,q6,no,no,yes
6251,exp_cycles_indvary3_step3_batch_yyy06.pl,p5,no,no,yes
6252,exp_cycles_indvary3_step3_batch_yyy06.pl,v5,no,no,yes
6253,exp_cycles_indvary3_step3_batch_yyy06.pl,u5,no,no,yes
6254,exp_cycles_indvary3_step3_batch_yyy06.pl,d5,no,no,yes
6255,exp_cycles_indvary3_step3_batch_yyy06.pl,x5,no,no,yes
6257,exp_cycles_indvary3_step3_batch_yyy06.pl,t7,no,no,yes
6258,exp_cycles_indvary3_step3_batch_yyy06.pl,c6,no,no,yes
6259,exp_cycles_indvary3_step3_batch_yyy06.pl,s6,no,no,yes
6260,exp_cycles_indvary3_step3_batch_yyy07.pl,w7,no,no,yes
6266,exp_cycles_indvary3_step3_batch_yyy07.pl,z6,no,no,yes
6269,exp_cycles_indvary3_step3_batch_yyy07.pl,a5,no,no,yes
6272,exp_cycles_indvary3_step3_batch_yyy08.pl,z4,no,no,yes
6275,exp_cycles_indvary3_step3_batch_yyy08.pl,y5,no,no,yes
6276,exp_cycles_indvary3_step3_batch_yyy08.pl,z5,no,no,yes
6277,exp_cycles_indvary3_step3_batch_yyy08.pl,q6,no,no,yes
6278,exp_cycles_indvary3_step3_batch_yyy08.pl,s6,no,no,yes
6279,exp_cycles_indvary3_step3_batch_yyy08.pl,b5,no,no,yes
6280,exp_cycles_indvary3_step3_batch_yyy09.pl,t5,no,no,yes
6282,exp_cycles_indvary3_step3_batch_yyy09.pl,r6,no,no,yes
6285,exp_cycles_indvary3_step3_batch_yyy09.pl,w1,no,no,yes
6286,exp_cycles_indvary3_step3_batch_yyy09.pl,b5,no,no,yes
6287,exp_cycles_indvary3_step3_batch_yyy09.pl,x6,no,no,yes
6288,exp_cycles_indvary3_step3_batch_yyy09.pl,r7,no,no,yes
6289,exp_cycles_indvary3_step3_batch_yyy09.pl,r3,no,no,yes
6290,exp_cycles_indvary3_step3_batch_yyy10.pl,p4,no,no,yes
6291,exp_cycles_indvary3_step3_batch_yyy10.pl,u7,no,no,yes
6292,exp_cycles_indvary3_step3_batch_yyy10.pl,b4,no,no,yes
6293,exp_cycles_indvary3_step3_batch_yyy10.pl,e4,no,no,yes
6294,exp_cycles_indvary3_step3_batch_yyy10.pl,z2,no,no,yes
6295,exp_cycles_indvary3_step3_batch_yyy10.pl,e3,no,no,yes
6298,exp_cycles_indvary3_step3_batch_yyy10.pl,r6,no,no,yes
6300,exp_cycles_indvary3_step4_batch_yyy01.pl,u6,no,no,yes
6301,exp_cycles_indvary3_step4_batch_yyy01.pl,p5,no,no,yes
6302,exp_cycles_indvary3_step4_batch_yyy01.pl,c5,no,no,yes
6303,exp_cycles_indvary3_step4_batch_yyy01.pl,f3,no,no,yes
6304,exp_cycles_indvary3_step4_batch_yyy01.pl,t7,no,no,yes
6305,exp_cycles_indvary3_step4_batch_yyy01.pl,f4,no,no,yes
6307,exp_cycles_indvary3_step4_batch_yyy01.pl,w2,no,no,yes
6310,exp_cycles_indvary3_step4_batch_yyy02.pl,v6,no,no,yes
6311,exp_cycles_indvary3_step4_batch_yyy02.pl,b4,no,no,yes
6314,exp_cycles_indvary3_step4_batch_yyy02.pl,t7,no,no,yes
6315,exp_cycles_indvary3_step4_batch_yyy02.pl,f4,no,no,yes
6316,exp_cycles_indvary3_step4_batch_yyy02.pl,x1,no,no,yes
6317,exp_cycles_indvary3_step4_batch_yyy02.pl,r7,no,no,yes
6319,exp_cycles_indvary3_step4_batch_yyy02.pl,y5,no,no,yes
6320,exp_cycles_indvary3_step4_batch_yyy03.pl,t4,no,no,yes
6321,exp_cycles_indvary3_step4_batch_yyy03.pl,z5,no,no,yes
6323,exp_cycles_indvary3_step4_batch_yyy03.pl,a4,no,no,yes
6324,exp_cycles_indvary3_step4_batch_yyy03.pl,v1,no,no,yes
6325,exp_cycles_indvary3_step4_batch_yyy03.pl,x5,no,no,yes
6326,exp_cycles_indvary3_step4_batch_yyy03.pl,r4,no,no,yes
6327,exp_cycles_indvary3_step4_batch_yyy03.pl,r1,no,no,yes
6331,exp_cycles_indvary3_step4_batch_yyy04.pl,x3,no,no,yes
6332,exp_cycles_indvary3_step4_batch_yyy04.pl,d3,no,no,yes
6333,exp_cycles_indvary3_step4_batch_yyy04.pl,a4,no,no,yes
6335,exp_cycles_indvary3_step4_batch_yyy04.pl,r4,no,no,yes
6337,exp_cycles_indvary3_step4_batch_yyy04.pl,y5,no,no,yes
6338,exp_cycles_indvary3_step4_batch_yyy04.pl,u5,no,no,yes
6339,exp_cycles_indvary3_step4_batch_yyy04.pl,u6,no,no,yes
6340,exp_cycles_indvary3_step4_batch_yyy05.pl,d4,no,no,yes
6341,exp_cycles_indvary3_step4_batch_yyy05.pl,d3,no,no,yes
6342,exp_cycles_indvary3_step4_batch_yyy05.pl,q5,no,no,yes
6343,exp_cycles_indvary3_step4_batch_yyy05.pl,c6,no,no,yes
6346,exp_cycles_indvary3_step4_batch_yyy05.pl,f4,no,no,yes
6347,exp_cycles_indvary3_step4_batch_yyy05.pl,x6,no,no,yes
6348,exp_cycles_indvary3_step4_batch_yyy05.pl,s7,no,no,yes
6349,exp_cycles_indvary3_step4_batch_yyy05.pl,u2,no,no,yes
6350,exp_cycles_indvary3_step4_batch_yyy06.pl,v7,no,no,yes
6351,exp_cycles_indvary3_step4_batch_yyy06.pl,e5,no,no,yes
6352,exp_cycles_indvary3_step4_batch_yyy06.pl,a5,no,no,yes
6354,exp_cycles_indvary3_step4_batch_yyy06.pl,w4,no,no,yes
6358,exp_cycles_indvary3_step4_batch_yyy06.pl,s3,no,no,yes
6359,exp_cycles_indvary3_step4_batch_yyy06.pl,c4,no,no,yes
6361,exp_cycles_indvary3_step4_batch_yyy07.pl,z6,no,no,yes
6362,exp_cycles_indvary3_step4_batch_yyy07.pl,v5,no,no,yes
6363,exp_cycles_indvary3_step4_batch_yyy07.pl,s5,no,no,yes
6365,exp_cycles_indvary3_step4_batch_yyy07.pl,a6,no,no,yes
6366,exp_cycles_indvary3_step4_batch_yyy07.pl,s4,no,no,yes
6368,exp_cycles_indvary3_step4_batch_yyy07.pl,a4,no,no,yes
6369,exp_cycles_indvary3_step4_batch_yyy07.pl,x2,no,no,yes
6370,exp_cycles_indvary3_step4_batch_yyy08.pl,y4,no,no,yes
6371,exp_cycles_indvary3_step4_batch_yyy08.pl,r6,no,no,yes
6372,exp_cycles_indvary3_step4_batch_yyy08.pl,f5,no,no,yes
6373,exp_cycles_indvary3_step4_batch_yyy08.pl,e3,no,no,yes
6374,exp_cycles_indvary3_step4_batch_yyy08.pl,s1,no,no,yes
6375,exp_cycles_indvary3_step4_batch_yyy08.pl,f4,no,no,yes
6376,exp_cycles_indvary3_step4_batch_yyy08.pl,z4,no,no,yes
6378,exp_cycles_indvary3_step4_batch_yyy08.pl,s7,no,no,yes
6379,exp_cycles_indvary3_step4_batch_yyy08.pl,b6,no,no,yes
6380,exp_cycles_indvary3_step4_batch_yyy09.pl,a5,no,no,yes
6381,exp_cycles_indvary3_step4_batch_yyy09.pl,f5,no,no,yes
6382,exp_cycles_indvary3_step4_batch_yyy09.pl,w4,no,no,yes
6384,exp_cycles_indvary3_step4_batch_yyy09.pl,s1,no,no,yes
6385,exp_cycles_indvary3_step4_batch_yyy09.pl,y2,no,no,yes
6391,exp_cycles_indvary3_step4_batch_yyy10.pl,z4,no,no,yes
6393,exp_cycles_indvary3_step4_batch_yyy10.pl,s7,no,no,yes
6395,exp_cycles_indvary3_step4_batch_yyy10.pl,c4,no,no,yes
6396,exp_cycles_indvary3_step4_batch_yyy10.pl,r6,no,no,yes
6398,exp_cycles_indvary3_step4_batch_yyy10.pl,a5,no,no,yes
6400,exp_cycles_indvary3_step5_batch_yyy01.pl,w5,no,no,yes
6401,exp_cycles_indvary3_step5_batch_yyy01.pl,s5,no,no,yes
6404,exp_cycles_indvary3_step5_batch_yyy01.pl,d4,no,no,yes
6406,exp_cycles_indvary3_step5_batch_yyy01.pl,z1,no,no,yes
6408,exp_cycles_indvary3_step5_batch_yyy01.pl,x5,no,no,yes
6410,exp_cycles_indvary3_step5_batch_yyy02.pl,u6,no,no,yes
6412,exp_cycles_indvary3_step5_batch_yyy02.pl,s5,no,no,yes
6413,exp_cycles_indvary3_step5_batch_yyy02.pl,t6,no,no,yes
6414,exp_cycles_indvary3_step5_batch_yyy02.pl,a4,no,no,yes
6415,exp_cycles_indvary3_step5_batch_yyy02.pl,z4,no,no,yes
6416,exp_cycles_indvary3_step5_batch_yyy02.pl,y1,no,no,yes
6418,exp_cycles_indvary3_step5_batch_yyy02.pl,r6,no,no,yes
6419,exp_cycles_indvary3_step5_batch_yyy02.pl,e5,no,no,yes
6420,exp_cycles_indvary3_step5_batch_yyy03.pl,q6,no,no,yes
6423,exp_cycles_indvary3_step5_batch_yyy03.pl,p4,no,no,yes
6424,exp_cycles_indvary3_step5_batch_yyy03.pl,p7,no,no,yes
6426,exp_cycles_indvary3_step5_batch_yyy03.pl,c6,no,no,yes
6427,exp_cycles_indvary3_step5_batch_yyy03.pl,s6,no,no,yes
6429,exp_cycles_indvary3_step5_batch_yyy03.pl,b6,no,no,yes
6430,exp_cycles_indvary3_step5_batch_yyy04.pl,w7,no,no,yes
6432,exp_cycles_indvary3_step5_batch_yyy04.pl,x7,no,no,yes
6433,exp_cycles_indvary3_step5_batch_yyy04.pl,r5,no,no,yes
6435,exp_cycles_indvary3_step5_batch_yyy04.pl,v4,no,no,yes
6436,exp_cycles_indvary3_step5_batch_yyy04.pl,s7,no,no,yes
6437,exp_cycles_indvary3_step5_batch_yyy04.pl,q7,no,no,yes
6438,exp_cycles_indvary3_step5_batch_yyy04.pl,x5,no,no,yes
6439,exp_cycles_indvary3_step5_batch_yyy04.pl,t2,no,no,yes
6440,exp_cycles_indvary3_step5_batch_yyy05.pl,p7,no,no,yes
6442,exp_cycles_indvary3_step5_batch_yyy05.pl,w5,no,no,yes
6443,exp_cycles_indvary3_step5_batch_yyy05.pl,f5,no,no,yes
6444,exp_cycles_indvary3_step5_batch_yyy05.pl,w4,no,no,yes
6445,exp_cycles_indvary3_step5_batch_yyy05.pl,y1,no,no,yes
6447,exp_cycles_indvary3_step5_batch_yyy05.pl,q7,no,no,yes
6448,exp_cycles_indvary3_step5_batch_yyy05.pl,y3,no,no,yes
6449,exp_cycles_indvary3_step5_batch_yyy05.pl,e4,no,no,yes
6450,exp_cycles_indvary3_step5_batch_yyy06.pl,d5,no,no,yes
6454,exp_cycles_indvary3_step5_batch_yyy06.pl,r1,no,no,yes
6456,exp_cycles_indvary3_step5_batch_yyy06.pl,w7,no,no,yes
6457,exp_cycles_indvary3_step5_batch_yyy06.pl,v7,no,no,yes
6462,exp_cycles_indvary3_step5_batch_yyy07.pl,f5,no,no,yes
6463,exp_cycles_indvary3_step5_batch_yyy07.pl,e4,no,no,yes
6464,exp_cycles_indvary3_step5_batch_yyy07.pl,e3,no,no,yes
6465,exp_cycles_indvary3_step5_batch_yyy07.pl,r1,no,no,yes
6467,exp_cycles_indvary3_step5_batch_yyy07.pl,y6,no,no,yes
6468,exp_cycles_indvary3_step5_batch_yyy07.pl,c5,no,no,yes
6469,exp_cycles_indvary3_step5_batch_yyy07.pl,a5,no,no,yes
6470,exp_cycles_indvary3_step5_batch_yyy08.pl,a6,no,no,yes
6471,exp_cycles_indvary3_step5_batch_yyy08.pl,v6,no,no,yes
6472,exp_cycles_indvary3_step5_batch_yyy08.pl,u4,no,no,yes
6474,exp_cycles_indvary3_step5_batch_yyy08.pl,f3,no,no,yes
6475,exp_cycles_indvary3_step5_batch_yyy08.pl,r4,no,no,yes
6476,exp_cycles_indvary3_step5_batch_yyy08.pl,r1,no,no,yes
6480,exp_cycles_indvary3_step5_batch_yyy09.pl,d5,no,no,yes
6481,exp_cycles_indvary3_step5_batch_yyy09.pl,v2,no,no,yes
6482,exp_cycles_indvary3_step5_batch_yyy09.pl,x3,no,no,yes
6483,exp_cycles_indvary3_step5_batch_yyy09.pl,x7,no,no,yes
6484,exp_cycles_indvary3_step5_batch_yyy09.pl,z4,no,no,yes
6485,exp_cycles_indvary3_step5_batch_yyy09.pl,p3,no,no,yes
6486,exp_cycles_indvary3_step5_batch_yyy09.pl,z2,no,no,yes
6487,exp_cycles_indvary3_step5_batch_yyy09.pl,u3,no,no,yes
6491,exp_cycles_indvary3_step5_batch_yyy10.pl,u1,no,no,yes
6492,exp_cycles_indvary3_step5_batch_yyy10.pl,u5,no,no,yes
6493,exp_cycles_indvary3_step5_batch_yyy10.pl,d5,no,no,yes
6494,exp_cycles_indvary3_step5_batch_yyy10.pl,s6,no,no,yes
6495,exp_cycles_indvary3_step5_batch_yyy10.pl,b5,no,no,yes
6496,exp_cycles_indvary3_step5_batch_yyy10.pl,s1,no,no,yes
6497,exp_cycles_indvary3_step5_batch_yyy10.pl,r1,no,no,yes
6500,exp_cycles_indvary3_step6_batch_yyy01.pl,u5,no,no,yes
6501,exp_cycles_indvary3_step6_batch_yyy01.pl,z6,no,no,yes
6502,exp_cycles_indvary3_step6_batch_yyy01.pl,u7,no,no,yes
6503,exp_cycles_indvary3_step6_batch_yyy01.pl,t3,no,no,yes
6504,exp_cycles_indvary3_step6_batch_yyy01.pl,z2,no,no,yes
6505,exp_cycles_indvary3_step6_batch_yyy01.pl,r4,no,no,yes
6506,exp_cycles_indvary3_step6_batch_yyy01.pl,p2,no,no,yes
6507,exp_cycles_indvary3_step6_batch_yyy01.pl,b6,no,no,yes
6508,exp_cycles_indvary3_step6_batch_yyy01.pl,q1,no,no,yes
6510,exp_cycles_indvary3_step6_batch_yyy02.pl,w7,no,no,yes
6511,exp_cycles_indvary3_step6_batch_yyy02.pl,d4,no,no,yes
6512,exp_cycles_indvary3_step6_batch_yyy02.pl,e5,no,no,yes
6513,exp_cycles_indvary3_step6_batch_yyy02.pl,d3,no,no,yes
6514,exp_cycles_indvary3_step6_batch_yyy02.pl,v4,no,no,yes
6515,exp_cycles_indvary3_step6_batch_yyy02.pl,r1,no,no,yes
6517,exp_cycles_indvary3_step6_batch_yyy02.pl,x6,no,no,yes
6520,exp_cycles_indvary3_step6_batch_yyy03.pl,u6,no,no,yes
6521,exp_cycles_indvary3_step6_batch_yyy03.pl,t4,no,no,yes
6522,exp_cycles_indvary3_step6_batch_yyy03.pl,v6,no,no,yes
6523,exp_cycles_indvary3_step6_batch_yyy03.pl,d3,no,no,yes
6524,exp_cycles_indvary3_step6_batch_yyy03.pl,x7,no,no,yes
6525,exp_cycles_indvary3_step6_batch_yyy03.pl,f5,no,no,yes
6526,exp_cycles_indvary3_step6_batch_yyy03.pl,e3,no,no,yes
6528,exp_cycles_indvary3_step6_batch_yyy03.pl,f4,no,no,yes
6532,exp_cycles_indvary3_step6_batch_yyy04.pl,u7,no,no,yes
6534,exp_cycles_indvary3_step6_batch_yyy04.pl,f5,no,no,yes
6535,exp_cycles_indvary3_step6_batch_yyy04.pl,r5,no,no,yes
6536,exp_cycles_indvary3_step6_batch_yyy04.pl,p3,no,no,yes
6537,exp_cycles_indvary3_step6_batch_yyy04.pl,v4,no,no,yes
6538,exp_cycles_indvary3_step6_batch_yyy04.pl,s1,no,no,yes
6539,exp_cycles_indvary3_step6_batch_yyy04.pl,q1,no,no,yes
6540,exp_cycles_indvary3_step6_batch_yyy05.pl,d5,no,no,yes
6541,exp_cycles_indvary3_step6_batch_yyy05.pl,w5,no,no,yes
6542,exp_cycles_indvary3_step6_batch_yyy05.pl,p2,no,no,yes
6543,exp_cycles_indvary3_step6_batch_yyy05.pl,f4,no,no,yes
6544,exp_cycles_indvary3_step6_batch_yyy05.pl,r6,no,no,yes
6546,exp_cycles_indvary3_step6_batch_yyy05.pl,x7,no,no,yes
6548,exp_cycles_indvary3_step6_batch_yyy05.pl,s6,no,no,yes
6549,exp_cycles_indvary3_step6_batch_yyy05.pl,b5,no,no,yes
6550,exp_cycles_indvary3_step6_batch_yyy06.pl,d5,no,no,yes
6551,exp_cycles_indvary3_step6_batch_yyy06.pl,r6,no,no,yes
6553,exp_cycles_indvary3_step6_batch_yyy06.pl,t7,no,no,yes
6557,exp_cycles_indvary3_step6_batch_yyy06.pl,w3,no,no,yes
6558,exp_cycles_indvary3_step6_batch_yyy06.pl,r5,no,no,yes
6559,exp_cycles_indvary3_step6_batch_yyy06.pl,e4,no,no,yes
6560,exp_cycles_indvary3_step6_batch_yyy07.pl,u5,no,no,yes
6561,exp_cycles_indvary3_step6_batch_yyy07.pl,s3,no,no,yes
6563,exp_cycles_indvary3_step6_batch_yyy07.pl,r6,no,no,yes
6564,exp_cycles_indvary3_step6_batch_yyy07.pl,c5,no,no,yes
6565,exp_cycles_indvary3_step6_batch_yyy07.pl,w6,no,no,yes
6568,exp_cycles_indvary3_step6_batch_yyy07.pl,r2,no,no,yes
6570,exp_cycles_indvary3_step6_batch_yyy08.pl,t4,no,no,yes
6571,exp_cycles_indvary3_step6_batch_yyy08.pl,p4,no,no,yes
6572,exp_cycles_indvary3_step6_batch_yyy08.pl,d3,no,no,yes
6573,exp_cycles_indvary3_step6_batch_yyy08.pl,t3,no,no,yes
6574,exp_cycles_indvary3_step6_batch_yyy08.pl,c5,no,no,yes
6575,exp_cycles_indvary3_step6_batch_yyy08.pl,r5,no,no,yes
6580,exp_cycles_indvary3_step6_batch_yyy09.pl,w1,no,no,yes
6581,exp_cycles_indvary3_step6_batch_yyy09.pl,e3,no,no,yes
6586,exp_cycles_indvary3_step6_batch_yyy09.pl,t6,no,no,yes
6587,exp_cycles_indvary3_step6_batch_yyy09.pl,a5,no,no,yes
6588,exp_cycles_indvary3_step6_batch_yyy09.pl,s7,no,no,yes
6589,exp_cycles_indvary3_step6_batch_yyy09.pl,b6,no,no,yes
6590,exp_cycles_indvary3_step6_batch_yyy10.pl,z6,no,no,yes
6591,exp_cycles_indvary3_step6_batch_yyy10.pl,w7,no,no,yes
6592,exp_cycles_indvary3_step6_batch_yyy10.pl,q6,no,no,yes
6593,exp_cycles_indvary3_step6_batch_yyy10.pl,d4,no,no,yes
6594,exp_cycles_indvary3_step6_batch_yyy10.pl,v4,no,no,yes
6601,exp_cycles_indvary3_step7_batch_yyy01.pl,u4,no,no,yes
6603,exp_cycles_indvary3_step7_batch_yyy01.pl,q3,no,no,yes
6605,exp_cycles_indvary3_step7_batch_yyy01.pl,p6,no,no,yes
6606,exp_cycles_indvary3_step7_batch_yyy01.pl,p5,no,no,yes
6608,exp_cycles_indvary3_step7_batch_yyy01.pl,y1,no,no,yes
6610,exp_cycles_indvary3_step7_batch_yyy02.pl,t5,no,no,yes
6611,exp_cycles_indvary3_step7_batch_yyy02.pl,u7,no,no,yes
6612,exp_cycles_indvary3_step7_batch_yyy02.pl,s5,no,no,yes
6613,exp_cycles_indvary3_step7_batch_yyy02.pl,f5,no,no,yes
6615,exp_cycles_indvary3_step7_batch_yyy02.pl,f3,no,no,yes
6616,exp_cycles_indvary3_step7_batch_yyy02.pl,x5,no,no,yes
6617,exp_cycles_indvary3_step7_batch_yyy02.pl,x1,no,no,yes
6618,exp_cycles_indvary3_step7_batch_yyy02.pl,r2,no,no,yes
6620,exp_cycles_indvary3_step7_batch_yyy03.pl,q6,no,no,yes
6621,exp_cycles_indvary3_step7_batch_yyy03.pl,p5,no,no,yes
6622,exp_cycles_indvary3_step7_batch_yyy03.pl,v5,no,no,yes
6625,exp_cycles_indvary3_step7_batch_yyy03.pl,t1,no,no,yes
6626,exp_cycles_indvary3_step7_batch_yyy03.pl,v6,no,no,yes
6627,exp_cycles_indvary3_step7_batch_yyy03.pl,r6,no,no,yes
6628,exp_cycles_indvary3_step7_batch_yyy03.pl,x4,no,no,yes
6630,exp_cycles_indvary3_step7_batch_yyy04.pl,u5,no,no,yes
6631,exp_cycles_indvary3_step7_batch_yyy04.pl,w7,no,no,yes
6632,exp_cycles_indvary3_step7_batch_yyy04.pl,w4,no,no,yes
6633,exp_cycles_indvary3_step7_batch_yyy04.pl,s6,no,no,yes
6636,exp_cycles_indvary3_step7_batch_yyy04.pl,z5,no,no,yes
6638,exp_cycles_indvary3_step7_batch_yyy04.pl,a4,no,no,yes
6642,exp_cycles_indvary3_step7_batch_yyy05.pl,p3,no,no,yes
6648,exp_cycles_indvary3_step7_batch_yyy05.pl,q7,no,no,yes
6649,exp_cycles_indvary3_step7_batch_yyy05.pl,y6,no,no,yes
6650,exp_cycles_indvary3_step7_batch_yyy06.pl,u5,no,no,yes
6651,exp_cycles_indvary3_step7_batch_yyy06.pl,w7,no,no,yes
6652,exp_cycles_indvary3_step7_batch_yyy06.pl,u7,no,no,yes
6654,exp_cycles_indvary3_step7_batch_yyy06.pl,x2,no,no,yes
6655,exp_cycles_indvary3_step7_batch_yyy06.pl,t1,no,no,yes
6656,exp_cycles_indvary3_step7_batch_yyy06.pl,p6,no,no,yes
6660,exp_cycles_indvary3_step7_batch_yyy07.pl,t4,no,no,yes
6661,exp_cycles_indvary3_step7_batch_yyy07.pl,s4,no,no,yes
6666,exp_cycles_indvary3_step7_batch_yyy07.pl,v4,no,no,yes
6670,exp_cycles_indvary3_step7_batch_yyy08.pl,d5,no,no,yes
6671,exp_cycles_indvary3_step7_batch_yyy08.pl,y4,no,no,yes
6672,exp_cycles_indvary3_step7_batch_yyy08.pl,v2,no,no,yes
6673,exp_cycles_indvary3_step7_batch_yyy08.pl,p7,no,no,yes
6674,exp_cycles_indvary3_step7_batch_yyy08.pl,v6,no,no,yes
6677,exp_cycles_indvary3_step7_batch_yyy08.pl,e3,no,no,yes
6679,exp_cycles_indvary3_step7_batch_yyy08.pl,p6,no,no,yes
6680,exp_cycles_indvary3_step7_batch_yyy09.pl,s5,no,no,yes
6681,exp_cycles_indvary3_step7_batch_yyy09.pl,t6,no,no,yes
6684,exp_cycles_indvary3_step7_batch_yyy09.pl,f4,no,no,yes
6685,exp_cycles_indvary3_step7_batch_yyy09.pl,s7,no,no,yes
6689,exp_cycles_indvary3_step7_batch_yyy09.pl,b5,no,no,yes
6690,exp_cycles_indvary3_step7_batch_yyy10.pl,u5,no,no,yes
6692,exp_cycles_indvary3_step7_batch_yyy10.pl,a6,no,no,yes
6693,exp_cycles_indvary3_step7_batch_yyy10.pl,b4,no,no,yes
6694,exp_cycles_indvary3_step7_batch_yyy10.pl,t2,no,no,yes
6695,exp_cycles_indvary3_step7_batch_yyy10.pl,r2,no,no,yes
6696,exp_cycles_indvary3_step7_batch_yyy10.pl,p4,no,no,yes
6697,exp_cycles_indvary3_step7_batch_yyy10.pl,x3,no,no,yes
6698,exp_cycles_indvary3_step7_batch_yyy10.pl,d3,no,no,yes
6699,exp_cycles_indvary3_step7_batch_yyy10.pl,u4,no,no,yes
6701,exp_cycles_indvary3_step8_batch_yyy01.pl,d3,no,no,yes
6702,exp_cycles_indvary3_step8_batch_yyy01.pl,u7,no,no,yes
6703,exp_cycles_indvary3_step8_batch_yyy01.pl,s2,no,no,yes
6704,exp_cycles_indvary3_step8_batch_yyy01.pl,x2,no,no,yes
6705,exp_cycles_indvary3_step8_batch_yyy01.pl,s6,no,no,yes
6706,exp_cycles_indvary3_step8_batch_yyy01.pl,s1,no,no,yes
6707,exp_cycles_indvary3_step8_batch_yyy01.pl,y6,no,no,yes
6708,exp_cycles_indvary3_step8_batch_yyy01.pl,s7,no,no,yes
6709,exp_cycles_indvary3_step8_batch_yyy01.pl,r7,no,no,yes
6711,exp_cycles_indvary3_step8_batch_yyy02.pl,z6,no,no,yes
6712,exp_cycles_indvary3_step8_batch_yyy02.pl,v6,no,no,yes
6713,exp_cycles_indvary3_step8_batch_yyy02.pl,q5,no,no,yes
6715,exp_cycles_indvary3_step8_batch_yyy02.pl,f3,no,no,yes
6720,exp_cycles_indvary3_step8_batch_yyy03.pl,z6,no,no,yes
6721,exp_cycles_indvary3_step8_batch_yyy03.pl,u4,no,no,yes
6722,exp_cycles_indvary3_step8_batch_yyy03.pl,w5,no,no,yes
6723,exp_cycles_indvary3_step8_batch_yyy03.pl,x7,no,no,yes
6724,exp_cycles_indvary3_step8_batch_yyy03.pl,w4,no,no,yes
6725,exp_cycles_indvary3_step8_batch_yyy03.pl,r4,no,no,yes
6726,exp_cycles_indvary3_step8_batch_yyy03.pl,s7,no,no,yes
6728,exp_cycles_indvary3_step8_batch_yyy03.pl,q7,no,no,yes
6729,exp_cycles_indvary3_step8_batch_yyy03.pl,p6,no,no,yes
6730,exp_cycles_indvary3_step8_batch_yyy04.pl,w7,no,no,yes
6732,exp_cycles_indvary3_step8_batch_yyy04.pl,u4,no,no,yes
6733,exp_cycles_indvary3_step8_batch_yyy04.pl,s5,no,no,yes
6734,exp_cycles_indvary3_step8_batch_yyy04.pl,s6,no,no,yes
6735,exp_cycles_indvary3_step8_batch_yyy04.pl,p1,no,no,yes
6736,exp_cycles_indvary3_step8_batch_yyy04.pl,z1,no,no,yes
6737,exp_cycles_indvary3_step8_batch_yyy04.pl,a5,no,no,yes
6739,exp_cycles_indvary3_step8_batch_yyy04.pl,v4,no,no,yes
6741,exp_cycles_indvary3_step8_batch_yyy05.pl,q6,no,no,yes
6743,exp_cycles_indvary3_step8_batch_yyy05.pl,t6,no,no,yes
6744,exp_cycles_indvary3_step8_batch_yyy05.pl,e4,no,no,yes
6745,exp_cycles_indvary3_step8_batch_yyy05.pl,f3,no,no,yes
6746,exp_cycles_indvary3_step8_batch_yyy05.pl,c6,no,no,yes
6747,exp_cycles_indvary3_step8_batch_yyy05.pl,e3,no,no,yes
6748,exp_cycles_indvary3_step8_batch_yyy05.pl,q7,no,no,yes
6749,exp_cycles_indvary3_step8_batch_yyy05.pl,p6,no,no,yes
6751,exp_cycles_indvary3_step8_batch_yyy06.pl,t6,no,no,yes
6752,exp_cycles_indvary3_step8_batch_yyy06.pl,f5,no,no,yes
6753,exp_cycles_indvary3_step8_batch_yyy06.pl,s1,no,no,yes
6754,exp_cycles_indvary3_step8_batch_yyy06.pl,r7,no,no,yes
6755,exp_cycles_indvary3_step8_batch_yyy06.pl,v3,no,no,yes
6757,exp_cycles_indvary3_step8_batch_yyy06.pl,q7,no,no,yes
6758,exp_cycles_indvary3_step8_batch_yyy06.pl,b4,no,no,yes
6759,exp_cycles_indvary3_step8_batch_yyy06.pl,t3,no,no,yes
6761,exp_cycles_indvary3_step8_batch_yyy07.pl,v5,no,no,yes
6764,exp_cycles_indvary3_step8_batch_yyy07.pl,t2,no,no,yes
6765,exp_cycles_indvary3_step8_batch_yyy07.pl,f4,no,no,yes
6766,exp_cycles_indvary3_step8_batch_yyy07.pl,p1,no,no,yes
6767,exp_cycles_indvary3_step8_batch_yyy07.pl,y6,no,no,yes
6769,exp_cycles_indvary3_step8_batch_yyy07.pl,t1,no,no,yes
6771,exp_cycles_indvary3_step8_batch_yyy08.pl,w7,no,no,yes
6774,exp_cycles_indvary3_step8_batch_yyy08.pl,r5,no,no,yes
6776,exp_cycles_indvary3_step8_batch_yyy08.pl,e3,no,no,yes
6779,exp_cycles_indvary3_step8_batch_yyy08.pl,s6,no,no,yes
6780,exp_cycles_indvary3_step8_batch_yyy09.pl,u5,no,no,yes
6781,exp_cycles_indvary3_step8_batch_yyy09.pl,s3,no,no,yes
6782,exp_cycles_indvary3_step8_batch_yyy09.pl,p5,no,no,yes
6784,exp_cycles_indvary3_step8_batch_yyy09.pl,e4,no,no,yes
6785,exp_cycles_indvary3_step8_batch_yyy09.pl,w4,no,no,yes
6787,exp_cycles_indvary3_step8_batch_yyy09.pl,w3,no,no,yes
6788,exp_cycles_indvary3_step8_batch_yyy09.pl,s7,no,no,yes
6790,exp_cycles_indvary3_step8_batch_yyy10.pl,d5,no,no,yes
6791,exp_cycles_indvary3_step8_batch_yyy10.pl,z6,no,no,yes
6792,exp_cycles_indvary3_step8_batch_yyy10.pl,x3,no,no,yes
6793,exp_cycles_indvary3_step8_batch_yyy10.pl,e5,no,no,yes
6795,exp_cycles_indvary3_step8_batch_yyy10.pl,z4,no,no,yes
6796,exp_cycles_indvary3_step8_batch_yyy10.pl,t7,no,no,yes
