id,instance,goal,result,duration,correct_result,verdict,steps_obtained
1,exp_acyclic_depvary_step10_batch_yyy01.pl,w2,yes,0.04,yes,corr,1.0
2,exp_acyclic_depvary_step10_batch_yyy01.pl,w5,yes,0.04,yes,corr,1.0
3,exp_acyclic_depvary_step10_batch_yyy01.pl,q4,,600.0,no,TIMEOUT,
4,exp_acyclic_depvary_step10_batch_yyy01.pl,x5,yes,0.07,yes,corr,2.0
5,exp_acyclic_depvary_step10_batch_yyy01.pl,z3,yes,0.26,yes,corr,9.0
6,exp_acyclic_depvary_step10_batch_yyy01.pl,u2,yes,0.08,yes,corr,1.0
7,exp_acyclic_depvary_step10_batch_yyy01.pl,t4,yes,0.09,yes,corr,1.0
8,exp_acyclic_depvary_step10_batch_yyy01.pl,c4,no,0.1,no,corr,1.0
9,exp_acyclic_depvary_step10_batch_yyy01.pl,u3,,600.0,no,TIMEOUT,
10,exp_acyclic_depvary_step10_batch_yyy01.pl,v4,yes,0.33,yes,corr,5.0
11,exp_acyclic_depvary_step10_batch_yyy02.pl,p5,no,0.05,no,corr,0.0
12,exp_acyclic_depvary_step10_batch_yyy02.pl,c5,no,0.33,no,corr,8.0
13,exp_acyclic_depvary_step10_batch_yyy02.pl,q4,no,0.08,no,corr,4.0
14,exp_acyclic_depvary_step10_batch_yyy02.pl,a4,yes,0.08,yes,corr,4.0
15,exp_acyclic_depvary_step10_batch_yyy02.pl,r5,yes,0.06,yes,corr,1.0
16,exp_acyclic_depvary_step10_batch_yyy02.pl,w4,yes,0.06,yes,corr,1.0
17,exp_acyclic_depvary_step10_batch_yyy02.pl,b6,yes,0.06,yes,corr,1.0
18,exp_acyclic_depvary_step10_batch_yyy02.pl,p1,yes,0.05,yes,corr,1.0
19,exp_acyclic_depvary_step10_batch_yyy02.pl,u3,no,0.1,no,corr,6.0
20,exp_acyclic_depvary_step10_batch_yyy02.pl,e3,no,0.05,no,corr,1.0
21,exp_acyclic_depvary_step10_batch_yyy03.pl,s3,no,0.06,no,corr,0.0
22,exp_acyclic_depvary_step10_batch_yyy03.pl,y4,no,0.09,no,corr,3.0
23,exp_acyclic_depvary_step10_batch_yyy03.pl,x2,yes,0.06,yes,corr,1.0
24,exp_acyclic_depvary_step10_batch_yyy03.pl,e4,,600.0,no,TIMEOUT,
25,exp_acyclic_depvary_step10_batch_yyy03.pl,f3,yes,0.11,yes,corr,1.0
26,exp_acyclic_depvary_step10_batch_yyy03.pl,u3,yes,0.11,yes,corr,1.0
27,exp_acyclic_depvary_step10_batch_yyy03.pl,f4,no,0.2,no,corr,2.0
28,exp_acyclic_depvary_step10_batch_yyy03.pl,w3,yes,0.14,yes,corr,1.0
29,exp_acyclic_depvary_step10_batch_yyy03.pl,v1,,600.0,no,TIMEOUT,
30,exp_acyclic_depvary_step10_batch_yyy03.pl,p3,no,0.81,no,corr,8.0
31,exp_acyclic_depvary_step10_batch_yyy04.pl,t4,no,0.15,no,corr,0.0
32,exp_acyclic_depvary_step10_batch_yyy04.pl,s5,yes,1.3,yes,corr,5.0
33,exp_acyclic_depvary_step10_batch_yyy04.pl,q4,yes,3.52,yes,corr,7.0
34,exp_acyclic_depvary_step10_batch_yyy04.pl,e4,yes,0.17,yes,corr,1.0
35,exp_acyclic_depvary_step10_batch_yyy04.pl,w1,yes,0.17,yes,corr,1.0
36,exp_acyclic_depvary_step10_batch_yyy04.pl,y1,,600.0,no,TIMEOUT,
37,exp_acyclic_depvary_step10_batch_yyy04.pl,p2,,600.0,no,TIMEOUT,
38,exp_acyclic_depvary_step10_batch_yyy04.pl,r2,no,13.59,no,corr,13.0
39,exp_acyclic_depvary_step10_batch_yyy04.pl,a4,,600.0,yes,TIMEOUT,
40,exp_acyclic_depvary_step10_batch_yyy04.pl,x2,yes,0.09,yes,corr,1.0
41,exp_acyclic_depvary_step10_batch_yyy05.pl,c3,no,106.44,no,corr,17.0
42,exp_acyclic_depvary_step10_batch_yyy05.pl,e1,no,0.09,no,corr,1.0
43,exp_acyclic_depvary_step10_batch_yyy05.pl,f5,yes,0.08,yes,corr,0.0
44,exp_acyclic_depvary_step10_batch_yyy05.pl,y3,yes,0.1,yes,corr,1.0
45,exp_acyclic_depvary_step10_batch_yyy05.pl,r4,yes,0.23,yes,corr,6.0
46,exp_acyclic_depvary_step10_batch_yyy05.pl,p1,no,101.4,no,corr,22.0
47,exp_acyclic_depvary_step10_batch_yyy05.pl,c2,no,582.08,no,corr,18.0
48,exp_acyclic_depvary_step10_batch_yyy05.pl,b1,yes,0.28,yes,corr,6.0
49,exp_acyclic_depvary_step10_batch_yyy05.pl,u2,no,4.04,no,corr,12.0
50,exp_acyclic_depvary_step10_batch_yyy05.pl,t1,yes,0.09,yes,corr,1.0
51,exp_acyclic_depvary_step10_batch_yyy06.pl,y4,no,0.07,no,corr,0.0
52,exp_acyclic_depvary_step10_batch_yyy06.pl,t3,yes,0.09,yes,corr,1.0
53,exp_acyclic_depvary_step10_batch_yyy06.pl,a5,no,0.09,no,corr,1.0
54,exp_acyclic_depvary_step10_batch_yyy06.pl,q4,no,0.09,no,corr,1.0
55,exp_acyclic_depvary_step10_batch_yyy06.pl,f5,yes,0.09,yes,corr,1.0
56,exp_acyclic_depvary_step10_batch_yyy06.pl,z4,yes,0.09,yes,corr,1.0
57,exp_acyclic_depvary_step10_batch_yyy06.pl,c1,yes,0.09,yes,corr,1.0
58,exp_acyclic_depvary_step10_batch_yyy06.pl,r4,no,0.11,no,corr,3.0
59,exp_acyclic_depvary_step10_batch_yyy06.pl,y1,no,0.11,no,corr,3.0
60,exp_acyclic_depvary_step10_batch_yyy06.pl,p1,yes,0.1,yes,corr,2.0
61,exp_acyclic_depvary_step10_batch_yyy07.pl,d4,,600.0,no,TIMEOUT,
62,exp_acyclic_depvary_step10_batch_yyy07.pl,u4,no,0.08,no,corr,0.0
63,exp_acyclic_depvary_step10_batch_yyy07.pl,b4,no,20.84,no,corr,18.0
64,exp_acyclic_depvary_step10_batch_yyy07.pl,z4,,600.0,no,TIMEOUT,
65,exp_acyclic_depvary_step10_batch_yyy07.pl,y1,,600.0,no,TIMEOUT,
66,exp_acyclic_depvary_step10_batch_yyy07.pl,r2,yes,6.27,yes,corr,13.0
67,exp_acyclic_depvary_step10_batch_yyy07.pl,u2,yes,0.16,yes,corr,1.0
68,exp_acyclic_depvary_step10_batch_yyy07.pl,a6,yes,0.17,yes,corr,1.0
69,exp_acyclic_depvary_step10_batch_yyy07.pl,b3,yes,0.15,yes,corr,0.0
70,exp_acyclic_depvary_step10_batch_yyy07.pl,y4,no,35.83,no,corr,19.0
71,exp_acyclic_depvary_step10_batch_yyy08.pl,c3,yes,1.56,yes,corr,6.0
72,exp_acyclic_depvary_step10_batch_yyy08.pl,e1,yes,0.17,yes,corr,1.0
73,exp_acyclic_depvary_step10_batch_yyy08.pl,v5,yes,0.84,yes,corr,5.0
74,exp_acyclic_depvary_step10_batch_yyy08.pl,a5,yes,0.24,yes,corr,3.0
75,exp_acyclic_depvary_step10_batch_yyy08.pl,a4,,600.0,no,TIMEOUT,
76,exp_acyclic_depvary_step10_batch_yyy08.pl,z2,no,82.91,no,corr,17.0
77,exp_acyclic_depvary_step10_batch_yyy08.pl,q3,yes,0.17,yes,corr,1.0
78,exp_acyclic_depvary_step10_batch_yyy08.pl,t1,,600.0,no,TIMEOUT,
79,exp_acyclic_depvary_step10_batch_yyy08.pl,z4,yes,2.4,yes,corr,6.0
80,exp_acyclic_depvary_step10_batch_yyy08.pl,r5,no,0.19,no,corr,0.0
81,exp_acyclic_depvary_step10_batch_yyy09.pl,b2,no,0.24,no,corr,1.0
82,exp_acyclic_depvary_step10_batch_yyy09.pl,y4,no,0.17,no,corr,0.0
83,exp_acyclic_depvary_step10_batch_yyy09.pl,t3,yes,0.24,yes,corr,1.0
84,exp_acyclic_depvary_step10_batch_yyy09.pl,z1,yes,0.22,yes,corr,1.0
85,exp_acyclic_depvary_step10_batch_yyy09.pl,f5,yes,0.17,yes,corr,0.0
86,exp_acyclic_depvary_step10_batch_yyy09.pl,z4,no,0.24,no,corr,1.0
87,exp_acyclic_depvary_step10_batch_yyy09.pl,e3,no,0.29,no,corr,4.0
88,exp_acyclic_depvary_step10_batch_yyy09.pl,y1,no,0.2,no,corr,0.0
89,exp_acyclic_depvary_step10_batch_yyy09.pl,a3,no,0.2,no,corr,1.0
90,exp_acyclic_depvary_step10_batch_yyy09.pl,q2,,600.0,no,TIMEOUT,
91,exp_acyclic_depvary_step10_batch_yyy10.pl,d5,yes,0.13,yes,corr,5.0
92,exp_acyclic_depvary_step10_batch_yyy10.pl,a6,yes,0.08,yes,corr,1.0
93,exp_acyclic_depvary_step10_batch_yyy10.pl,v2,no,0.07,no,corr,0.0
94,exp_acyclic_depvary_step10_batch_yyy10.pl,x3,yes,0.09,yes,corr,1.0
95,exp_acyclic_depvary_step10_batch_yyy10.pl,x2,no,0.07,no,corr,0.0
96,exp_acyclic_depvary_step10_batch_yyy10.pl,y3,no,0.07,no,corr,0.0
97,exp_acyclic_depvary_step10_batch_yyy10.pl,b5,no,452.52,no,corr,25.0
98,exp_acyclic_depvary_step10_batch_yyy10.pl,e3,yes,0.08,yes,corr,1.0
99,exp_acyclic_depvary_step10_batch_yyy10.pl,x1,yes,0.12,yes,corr,3.0
100,exp_acyclic_depvary_step10_batch_yyy10.pl,r3,no,0.36,no,corr,12.0
101,exp_acyclic_depvary_step1_batch_yyy01.pl,u5,no,0.06,no,corr,0.0
102,exp_acyclic_depvary_step1_batch_yyy01.pl,s4,no,0.06,no,corr,0.0
103,exp_acyclic_depvary_step1_batch_yyy01.pl,d3,no,0.06,no,corr,0.0
104,exp_acyclic_depvary_step1_batch_yyy01.pl,q5,no,0.06,no,corr,0.0
105,exp_acyclic_depvary_step1_batch_yyy01.pl,z4,no,0.06,no,corr,0.0
106,exp_acyclic_depvary_step1_batch_yyy01.pl,s1,yes,0.06,yes,corr,1.0
107,exp_acyclic_depvary_step1_batch_yyy01.pl,z3,no,0.06,no,corr,0.0
108,exp_acyclic_depvary_step1_batch_yyy01.pl,u2,no,0.06,no,corr,0.0
109,exp_acyclic_depvary_step1_batch_yyy01.pl,c5,no,0.06,no,corr,0.0
110,exp_acyclic_depvary_step1_batch_yyy01.pl,b1,no,0.07,no,corr,1.0
111,exp_acyclic_depvary_step1_batch_yyy02.pl,y4,no,0.06,no,corr,0.0
112,exp_acyclic_depvary_step1_batch_yyy02.pl,z5,no,0.06,no,corr,0.0
113,exp_acyclic_depvary_step1_batch_yyy02.pl,x3,no,0.07,no,corr,0.0
114,exp_acyclic_depvary_step1_batch_yyy02.pl,q4,no,0.06,no,corr,0.0
115,exp_acyclic_depvary_step1_batch_yyy02.pl,x2,no,0.06,no,corr,0.0
116,exp_acyclic_depvary_step1_batch_yyy02.pl,c6,no,0.06,no,corr,0.0
117,exp_acyclic_depvary_step1_batch_yyy02.pl,d2,no,0.06,no,corr,0.0
118,exp_acyclic_depvary_step1_batch_yyy02.pl,y2,no,0.06,no,corr,0.0
119,exp_acyclic_depvary_step1_batch_yyy02.pl,e2,no,0.06,no,corr,0.0
120,exp_acyclic_depvary_step1_batch_yyy02.pl,q2,no,0.06,no,corr,0.0
121,exp_acyclic_depvary_step1_batch_yyy03.pl,u4,no,0.06,no,corr,0.0
122,exp_acyclic_depvary_step1_batch_yyy03.pl,b1,no,0.06,no,corr,1.0
123,exp_acyclic_depvary_step1_batch_yyy03.pl,x2,no,0.07,no,corr,0.0
124,exp_acyclic_depvary_step1_batch_yyy03.pl,r5,no,0.06,no,corr,0.0
125,exp_acyclic_depvary_step1_batch_yyy03.pl,x4,no,0.06,no,corr,0.0
126,exp_acyclic_depvary_step1_batch_yyy03.pl,q2,no,0.06,no,corr,0.0
127,exp_acyclic_depvary_step1_batch_yyy03.pl,c6,no,0.08,no,corr,0.0
128,exp_acyclic_depvary_step1_batch_yyy03.pl,z2,no,0.07,no,corr,0.0
129,exp_acyclic_depvary_step1_batch_yyy03.pl,v4,no,0.07,no,corr,0.0
130,exp_acyclic_depvary_step1_batch_yyy03.pl,e3,no,0.06,no,corr,0.0
131,exp_acyclic_depvary_step1_batch_yyy04.pl,u4,no,0.07,no,corr,0.0
132,exp_acyclic_depvary_step1_batch_yyy04.pl,p3,no,0.06,no,corr,0.0
133,exp_acyclic_depvary_step1_batch_yyy04.pl,v4,no,0.07,no,corr,0.0
134,exp_acyclic_depvary_step1_batch_yyy04.pl,r1,yes,0.08,yes,corr,2.0
135,exp_acyclic_depvary_step1_batch_yyy04.pl,a3,no,0.06,no,corr,0.0
136,exp_acyclic_depvary_step1_batch_yyy04.pl,p1,yes,0.07,yes,corr,1.0
137,exp_acyclic_depvary_step1_batch_yyy04.pl,p5,no,0.06,no,corr,0.0
138,exp_acyclic_depvary_step1_batch_yyy04.pl,x3,no,0.06,no,corr,0.0
139,exp_acyclic_depvary_step1_batch_yyy04.pl,r2,no,0.06,no,corr,0.0
140,exp_acyclic_depvary_step1_batch_yyy04.pl,b6,no,0.06,no,corr,0.0
141,exp_acyclic_depvary_step1_batch_yyy05.pl,v2,no,0.06,no,corr,0.0
142,exp_acyclic_depvary_step1_batch_yyy05.pl,x3,no,0.06,no,corr,0.0
143,exp_acyclic_depvary_step1_batch_yyy05.pl,f1,no,0.07,no,corr,1.0
144,exp_acyclic_depvary_step1_batch_yyy05.pl,q5,no,0.06,no,corr,0.0
145,exp_acyclic_depvary_step1_batch_yyy05.pl,w4,no,0.06,no,corr,0.0
146,exp_acyclic_depvary_step1_batch_yyy05.pl,x5,no,0.06,no,corr,0.0
147,exp_acyclic_depvary_step1_batch_yyy05.pl,y2,no,0.07,no,corr,0.0
148,exp_acyclic_depvary_step1_batch_yyy05.pl,q2,no,0.06,no,corr,0.0
149,exp_acyclic_depvary_step1_batch_yyy05.pl,v4,no,0.06,no,corr,0.0
150,exp_acyclic_depvary_step1_batch_yyy05.pl,e3,no,0.06,no,corr,0.0
151,exp_acyclic_depvary_step1_batch_yyy06.pl,b2,no,0.06,no,corr,0.0
152,exp_acyclic_depvary_step1_batch_yyy06.pl,w5,no,0.06,no,corr,0.0
153,exp_acyclic_depvary_step1_batch_yyy06.pl,s5,no,0.06,no,corr,0.0
154,exp_acyclic_depvary_step1_batch_yyy06.pl,q4,no,0.07,no,corr,0.0
155,exp_acyclic_depvary_step1_batch_yyy06.pl,w4,no,0.06,no,corr,0.0
156,exp_acyclic_depvary_step1_batch_yyy06.pl,r4,no,0.07,no,corr,0.0
157,exp_acyclic_depvary_step1_batch_yyy06.pl,b6,no,0.06,no,corr,0.0
158,exp_acyclic_depvary_step1_batch_yyy06.pl,d1,yes,0.06,yes,corr,0.0
159,exp_acyclic_depvary_step1_batch_yyy06.pl,z1,no,0.06,no,corr,0.0
160,exp_acyclic_depvary_step1_batch_yyy06.pl,b1,yes,0.06,yes,corr,0.0
161,exp_acyclic_depvary_step1_batch_yyy07.pl,c4,no,0.06,no,corr,0.0
162,exp_acyclic_depvary_step1_batch_yyy07.pl,v5,no,0.06,no,corr,0.0
163,exp_acyclic_depvary_step1_batch_yyy07.pl,z4,no,0.06,no,corr,0.0
164,exp_acyclic_depvary_step1_batch_yyy07.pl,s1,yes,0.06,yes,corr,1.0
165,exp_acyclic_depvary_step1_batch_yyy07.pl,q1,yes,0.08,yes,corr,2.0
166,exp_acyclic_depvary_step1_batch_yyy07.pl,x4,no,0.06,no,corr,0.0
167,exp_acyclic_depvary_step1_batch_yyy07.pl,f1,no,0.07,no,corr,1.0
168,exp_acyclic_depvary_step1_batch_yyy07.pl,e5,no,0.06,no,corr,0.0
169,exp_acyclic_depvary_step1_batch_yyy07.pl,t2,no,0.06,no,corr,0.0
170,exp_acyclic_depvary_step1_batch_yyy07.pl,z2,no,0.06,no,corr,0.0
171,exp_acyclic_depvary_step1_batch_yyy08.pl,t5,no,0.06,no,corr,0.0
172,exp_acyclic_depvary_step1_batch_yyy08.pl,y4,no,0.06,no,corr,0.0
173,exp_acyclic_depvary_step1_batch_yyy08.pl,w2,no,0.06,no,corr,0.0
174,exp_acyclic_depvary_step1_batch_yyy08.pl,f5,no,0.06,no,corr,0.0
175,exp_acyclic_depvary_step1_batch_yyy08.pl,e3,no,0.06,no,corr,0.0
176,exp_acyclic_depvary_step1_batch_yyy08.pl,d2,no,0.06,no,corr,0.0
177,exp_acyclic_depvary_step1_batch_yyy08.pl,v3,no,0.06,no,corr,0.0
178,exp_acyclic_depvary_step1_batch_yyy08.pl,f2,no,0.06,no,corr,0.0
179,exp_acyclic_depvary_step1_batch_yyy08.pl,f4,no,0.06,no,corr,0.0
180,exp_acyclic_depvary_step1_batch_yyy08.pl,a3,no,0.06,no,corr,0.0
181,exp_acyclic_depvary_step1_batch_yyy09.pl,t4,no,0.06,no,corr,0.0
182,exp_acyclic_depvary_step1_batch_yyy09.pl,b3,no,0.06,no,corr,0.0
183,exp_acyclic_depvary_step1_batch_yyy09.pl,d3,no,0.06,no,corr,0.0
184,exp_acyclic_depvary_step1_batch_yyy09.pl,x5,no,0.07,no,corr,0.0
185,exp_acyclic_depvary_step1_batch_yyy09.pl,r1,yes,0.07,yes,corr,1.0
186,exp_acyclic_depvary_step1_batch_yyy09.pl,q3,no,0.06,no,corr,0.0
187,exp_acyclic_depvary_step1_batch_yyy09.pl,e3,no,0.06,no,corr,0.0
188,exp_acyclic_depvary_step1_batch_yyy09.pl,r4,no,0.08,no,corr,0.0
189,exp_acyclic_depvary_step1_batch_yyy09.pl,e2,no,0.07,no,corr,0.0
190,exp_acyclic_depvary_step1_batch_yyy09.pl,r3,no,0.06,no,corr,0.0
191,exp_acyclic_depvary_step1_batch_yyy10.pl,c4,no,0.06,no,corr,0.0
192,exp_acyclic_depvary_step1_batch_yyy10.pl,d4,no,0.06,no,corr,0.0
193,exp_acyclic_depvary_step1_batch_yyy10.pl,b1,yes,0.09,yes,corr,2.0
194,exp_acyclic_depvary_step1_batch_yyy10.pl,a4,no,0.06,no,corr,0.0
195,exp_acyclic_depvary_step1_batch_yyy10.pl,y3,no,0.06,no,corr,0.0
196,exp_acyclic_depvary_step1_batch_yyy10.pl,e3,no,0.06,no,corr,0.0
197,exp_acyclic_depvary_step1_batch_yyy10.pl,r3,no,0.06,no,corr,0.0
198,exp_acyclic_depvary_step1_batch_yyy10.pl,f2,no,0.06,no,corr,0.0
199,exp_acyclic_depvary_step1_batch_yyy10.pl,q3,no,0.06,no,corr,0.0
200,exp_acyclic_depvary_step1_batch_yyy10.pl,y2,no,0.06,no,corr,0.0
201,exp_acyclic_depvary_step2_batch_yyy01.pl,b2,no,0.04,no,corr,2.0
202,exp_acyclic_depvary_step2_batch_yyy01.pl,e1,yes,0.06,yes,corr,0.0
203,exp_acyclic_depvary_step2_batch_yyy01.pl,e5,no,0.06,no,corr,0.0
204,exp_acyclic_depvary_step2_batch_yyy01.pl,c5,no,0.06,no,corr,0.0
205,exp_acyclic_depvary_step2_batch_yyy01.pl,z4,no,0.06,no,corr,0.0
206,exp_acyclic_depvary_step2_batch_yyy01.pl,c1,no,0.07,no,corr,1.0
207,exp_acyclic_depvary_step2_batch_yyy01.pl,p1,no,0.07,no,corr,2.0
208,exp_acyclic_depvary_step2_batch_yyy01.pl,y5,no,0.06,no,corr,0.0
209,exp_acyclic_depvary_step2_batch_yyy01.pl,a6,no,0.06,no,corr,0.0
210,exp_acyclic_depvary_step2_batch_yyy01.pl,s4,no,0.06,no,corr,0.0
211,exp_acyclic_depvary_step2_batch_yyy02.pl,z5,no,0.06,no,corr,0.0
212,exp_acyclic_depvary_step2_batch_yyy02.pl,e5,no,0.06,no,corr,0.0
213,exp_acyclic_depvary_step2_batch_yyy02.pl,s5,no,0.06,no,corr,0.0
214,exp_acyclic_depvary_step2_batch_yyy02.pl,p2,yes,0.06,yes,corr,1.0
215,exp_acyclic_depvary_step2_batch_yyy02.pl,a1,no,0.07,no,corr,1.0
216,exp_acyclic_depvary_step2_batch_yyy02.pl,q2,no,0.08,no,corr,3.0
217,exp_acyclic_depvary_step2_batch_yyy02.pl,d3,no,0.06,no,corr,0.0
218,exp_acyclic_depvary_step2_batch_yyy02.pl,u4,no,0.06,no,corr,0.0
219,exp_acyclic_depvary_step2_batch_yyy02.pl,w1,no,0.06,no,corr,0.0
220,exp_acyclic_depvary_step2_batch_yyy02.pl,p3,no,0.06,no,corr,0.0
221,exp_acyclic_depvary_step2_batch_yyy03.pl,d5,no,0.06,no,corr,0.0
222,exp_acyclic_depvary_step2_batch_yyy03.pl,p5,no,0.06,no,corr,0.0
223,exp_acyclic_depvary_step2_batch_yyy03.pl,v5,no,0.06,no,corr,0.0
224,exp_acyclic_depvary_step2_batch_yyy03.pl,f5,no,0.06,no,corr,0.0
225,exp_acyclic_depvary_step2_batch_yyy03.pl,p3,no,0.06,no,corr,0.0
226,exp_acyclic_depvary_step2_batch_yyy03.pl,u3,no,0.06,no,corr,0.0
227,exp_acyclic_depvary_step2_batch_yyy03.pl,y2,no,0.06,no,corr,0.0
228,exp_acyclic_depvary_step2_batch_yyy03.pl,d1,yes,0.06,yes,corr,0.0
229,exp_acyclic_depvary_step2_batch_yyy03.pl,y3,no,0.06,no,corr,0.0
230,exp_acyclic_depvary_step2_batch_yyy03.pl,r5,no,0.07,no,corr,0.0
231,exp_acyclic_depvary_step2_batch_yyy04.pl,e1,no,0.09,no,corr,4.0
232,exp_acyclic_depvary_step2_batch_yyy04.pl,f1,yes,0.07,yes,corr,1.0
233,exp_acyclic_depvary_step2_batch_yyy04.pl,v5,no,0.06,no,corr,0.0
234,exp_acyclic_depvary_step2_batch_yyy04.pl,q5,no,0.06,no,corr,0.0
235,exp_acyclic_depvary_step2_batch_yyy04.pl,v1,yes,0.07,yes,corr,1.0
236,exp_acyclic_depvary_step2_batch_yyy04.pl,c6,no,0.06,no,corr,0.0
237,exp_acyclic_depvary_step2_batch_yyy04.pl,a6,no,0.06,no,corr,0.0
238,exp_acyclic_depvary_step2_batch_yyy04.pl,y4,no,0.06,no,corr,0.0
239,exp_acyclic_depvary_step2_batch_yyy04.pl,e2,no,0.06,no,corr,0.0
240,exp_acyclic_depvary_step2_batch_yyy04.pl,u2,no,0.06,no,corr,0.0
241,exp_acyclic_depvary_step2_batch_yyy05.pl,b2,no,0.07,no,corr,1.0
242,exp_acyclic_depvary_step2_batch_yyy05.pl,y4,no,0.07,no,corr,0.0
243,exp_acyclic_depvary_step2_batch_yyy05.pl,e1,yes,0.06,yes,corr,1.0
244,exp_acyclic_depvary_step2_batch_yyy05.pl,f1,yes,0.08,yes,corr,1.0
245,exp_acyclic_depvary_step2_batch_yyy05.pl,w5,no,0.06,no,corr,0.0
246,exp_acyclic_depvary_step2_batch_yyy05.pl,q4,no,0.06,no,corr,0.0
247,exp_acyclic_depvary_step2_batch_yyy05.pl,y3,no,0.06,no,corr,0.0
248,exp_acyclic_depvary_step2_batch_yyy05.pl,f4,no,0.06,no,corr,0.0
249,exp_acyclic_depvary_step2_batch_yyy05.pl,z1,yes,0.08,yes,corr,3.0
250,exp_acyclic_depvary_step2_batch_yyy05.pl,b1,yes,0.06,yes,corr,0.0
251,exp_acyclic_depvary_step2_batch_yyy06.pl,c3,no,0.06,no,corr,0.0
252,exp_acyclic_depvary_step2_batch_yyy06.pl,u1,yes,0.06,yes,corr,1.0
253,exp_acyclic_depvary_step2_batch_yyy06.pl,d3,no,0.06,no,corr,0.0
254,exp_acyclic_depvary_step2_batch_yyy06.pl,q4,no,0.08,no,corr,0.0
255,exp_acyclic_depvary_step2_batch_yyy06.pl,x2,no,0.06,no,corr,0.0
256,exp_acyclic_depvary_step2_batch_yyy06.pl,x5,no,0.06,no,corr,0.0
257,exp_acyclic_depvary_step2_batch_yyy06.pl,a1,yes,0.06,yes,corr,0.0
258,exp_acyclic_depvary_step2_batch_yyy06.pl,x4,no,0.07,no,corr,0.0
259,exp_acyclic_depvary_step2_batch_yyy06.pl,p5,no,0.07,no,corr,0.0
260,exp_acyclic_depvary_step2_batch_yyy06.pl,x3,no,0.06,no,corr,0.0
261,exp_acyclic_depvary_step2_batch_yyy07.pl,d5,no,0.06,no,corr,0.0
262,exp_acyclic_depvary_step2_batch_yyy07.pl,f1,yes,0.08,yes,corr,3.0
263,exp_acyclic_depvary_step2_batch_yyy07.pl,w5,no,0.06,no,corr,0.0
264,exp_acyclic_depvary_step2_batch_yyy07.pl,y3,no,0.06,no,corr,0.0
265,exp_acyclic_depvary_step2_batch_yyy07.pl,x1,yes,0.06,yes,corr,1.0
266,exp_acyclic_depvary_step2_batch_yyy07.pl,f2,no,0.06,no,corr,0.0
267,exp_acyclic_depvary_step2_batch_yyy07.pl,c5,no,0.07,no,corr,0.0
268,exp_acyclic_depvary_step2_batch_yyy07.pl,a5,no,0.06,no,corr,0.0
269,exp_acyclic_depvary_step2_batch_yyy07.pl,d1,no,0.08,no,corr,1.0
270,exp_acyclic_depvary_step2_batch_yyy07.pl,t1,yes,0.08,yes,corr,3.0
271,exp_acyclic_depvary_step2_batch_yyy08.pl,s3,no,0.06,no,corr,0.0
272,exp_acyclic_depvary_step2_batch_yyy08.pl,x3,no,0.07,no,corr,0.0
273,exp_acyclic_depvary_step2_batch_yyy08.pl,s5,no,0.06,no,corr,0.0
274,exp_acyclic_depvary_step2_batch_yyy08.pl,p3,no,0.06,no,corr,0.0
275,exp_acyclic_depvary_step2_batch_yyy08.pl,d2,no,0.06,no,corr,0.0
276,exp_acyclic_depvary_step2_batch_yyy08.pl,z3,no,0.06,no,corr,0.0
277,exp_acyclic_depvary_step2_batch_yyy08.pl,y2,no,0.06,no,corr,0.0
278,exp_acyclic_depvary_step2_batch_yyy08.pl,c6,no,0.07,no,corr,0.0
279,exp_acyclic_depvary_step2_batch_yyy08.pl,z2,no,0.06,no,corr,0.0
280,exp_acyclic_depvary_step2_batch_yyy08.pl,b5,no,0.06,no,corr,0.0
281,exp_acyclic_depvary_step2_batch_yyy09.pl,u5,no,0.06,no,corr,0.0
282,exp_acyclic_depvary_step2_batch_yyy09.pl,t4,no,0.06,no,corr,0.0
283,exp_acyclic_depvary_step2_batch_yyy09.pl,b2,no,0.09,no,corr,4.0
284,exp_acyclic_depvary_step2_batch_yyy09.pl,b3,no,0.06,no,corr,0.0
285,exp_acyclic_depvary_step2_batch_yyy09.pl,p4,no,0.06,no,corr,0.0
286,exp_acyclic_depvary_step2_batch_yyy09.pl,b4,no,0.06,no,corr,0.0
287,exp_acyclic_depvary_step2_batch_yyy09.pl,z1,no,0.06,no,corr,0.0
288,exp_acyclic_depvary_step2_batch_yyy09.pl,w4,no,0.06,no,corr,0.0
289,exp_acyclic_depvary_step2_batch_yyy09.pl,d1,yes,0.06,yes,corr,0.0
290,exp_acyclic_depvary_step2_batch_yyy09.pl,x4,no,0.06,no,corr,0.0
291,exp_acyclic_depvary_step2_batch_yyy10.pl,u5,no,0.06,no,corr,0.0
292,exp_acyclic_depvary_step2_batch_yyy10.pl,d4,no,0.07,no,corr,0.0
293,exp_acyclic_depvary_step2_batch_yyy10.pl,t3,no,0.06,no,corr,0.0
294,exp_acyclic_depvary_step2_batch_yyy10.pl,v4,no,0.06,no,corr,0.0
295,exp_acyclic_depvary_step2_batch_yyy10.pl,f4,no,0.06,no,corr,0.0
296,exp_acyclic_depvary_step2_batch_yyy10.pl,r2,yes,0.07,yes,corr,1.0
297,exp_acyclic_depvary_step2_batch_yyy10.pl,v2,no,0.06,no,corr,0.0
298,exp_acyclic_depvary_step2_batch_yyy10.pl,e1,no,0.12,no,corr,7.0
299,exp_acyclic_depvary_step2_batch_yyy10.pl,s1,yes,0.07,yes,corr,1.0
300,exp_acyclic_depvary_step2_batch_yyy10.pl,d2,no,0.06,no,corr,0.0
301,exp_acyclic_depvary_step3_batch_yyy01.pl,u1,yes,0.07,yes,corr,1.0
302,exp_acyclic_depvary_step3_batch_yyy01.pl,c2,no,0.09,no,corr,4.0
303,exp_acyclic_depvary_step3_batch_yyy01.pl,a4,no,0.06,no,corr,0.0
304,exp_acyclic_depvary_step3_batch_yyy01.pl,y1,yes,0.19,yes,corr,7.0
305,exp_acyclic_depvary_step3_batch_yyy01.pl,q1,yes,0.07,yes,corr,2.0
306,exp_acyclic_depvary_step3_batch_yyy01.pl,a2,no,0.08,no,corr,3.0
307,exp_acyclic_depvary_step3_batch_yyy01.pl,s5,no,0.06,no,corr,0.0
308,exp_acyclic_depvary_step3_batch_yyy01.pl,b4,no,0.07,no,corr,0.0
309,exp_acyclic_depvary_step3_batch_yyy01.pl,z3,no,0.06,no,corr,0.0
310,exp_acyclic_depvary_step3_batch_yyy01.pl,a3,no,0.06,no,corr,0.0
311,exp_acyclic_depvary_step3_batch_yyy02.pl,d5,no,0.08,no,corr,0.0
312,exp_acyclic_depvary_step3_batch_yyy02.pl,z5,no,0.06,no,corr,0.0
313,exp_acyclic_depvary_step3_batch_yyy02.pl,b4,no,0.06,no,corr,0.0
314,exp_acyclic_depvary_step3_batch_yyy02.pl,c2,yes,0.07,yes,corr,0.0
315,exp_acyclic_depvary_step3_batch_yyy02.pl,r5,no,0.06,no,corr,0.0
316,exp_acyclic_depvary_step3_batch_yyy02.pl,r1,yes,0.07,yes,corr,1.0
317,exp_acyclic_depvary_step3_batch_yyy02.pl,p2,yes,0.07,yes,corr,1.0
318,exp_acyclic_depvary_step3_batch_yyy02.pl,e2,yes,0.11,yes,corr,5.0
319,exp_acyclic_depvary_step3_batch_yyy02.pl,d1,yes,0.09,yes,corr,4.0
320,exp_acyclic_depvary_step3_batch_yyy02.pl,q1,no,0.08,no,corr,3.0
321,exp_acyclic_depvary_step3_batch_yyy03.pl,p4,no,0.07,no,corr,0.0
322,exp_acyclic_depvary_step3_batch_yyy03.pl,u4,no,0.06,no,corr,0.0
323,exp_acyclic_depvary_step3_batch_yyy03.pl,z1,no,0.06,no,corr,0.0
324,exp_acyclic_depvary_step3_batch_yyy03.pl,c6,no,0.06,no,corr,0.0
325,exp_acyclic_depvary_step3_batch_yyy03.pl,y1,no,0.06,no,corr,0.0
326,exp_acyclic_depvary_step3_batch_yyy03.pl,y2,no,0.06,no,corr,0.0
327,exp_acyclic_depvary_step3_batch_yyy03.pl,e2,no,0.07,no,corr,1.0
328,exp_acyclic_depvary_step3_batch_yyy03.pl,r3,no,0.06,no,corr,0.0
329,exp_acyclic_depvary_step3_batch_yyy03.pl,f2,no,0.07,no,corr,1.0
330,exp_acyclic_depvary_step3_batch_yyy03.pl,q2,no,0.11,no,corr,6.0
331,exp_acyclic_depvary_step3_batch_yyy04.pl,t5,no,0.06,no,corr,0.0
332,exp_acyclic_depvary_step3_batch_yyy04.pl,s4,no,0.06,no,corr,0.0
333,exp_acyclic_depvary_step3_batch_yyy04.pl,u4,no,0.06,no,corr,0.0
334,exp_acyclic_depvary_step3_batch_yyy04.pl,c5,no,0.06,no,corr,0.0
335,exp_acyclic_depvary_step3_batch_yyy04.pl,e4,no,0.06,no,corr,0.0
336,exp_acyclic_depvary_step3_batch_yyy04.pl,w1,no,0.08,no,corr,3.0
337,exp_acyclic_depvary_step3_batch_yyy04.pl,s1,yes,0.07,yes,corr,2.0
338,exp_acyclic_depvary_step3_batch_yyy04.pl,z3,no,0.06,no,corr,0.0
339,exp_acyclic_depvary_step3_batch_yyy04.pl,r3,no,0.07,no,corr,0.0
340,exp_acyclic_depvary_step3_batch_yyy04.pl,q2,yes,0.07,yes,corr,1.0
341,exp_acyclic_depvary_step3_batch_yyy05.pl,e1,yes,0.07,yes,corr,1.0
342,exp_acyclic_depvary_step3_batch_yyy05.pl,f1,yes,0.07,yes,corr,1.0
343,exp_acyclic_depvary_step3_batch_yyy05.pl,c5,no,0.06,no,corr,0.0
344,exp_acyclic_depvary_step3_batch_yyy05.pl,r4,no,0.06,no,corr,0.0
345,exp_acyclic_depvary_step3_batch_yyy05.pl,a3,no,0.06,no,corr,0.0
346,exp_acyclic_depvary_step3_batch_yyy05.pl,x1,yes,0.06,yes,corr,1.0
347,exp_acyclic_depvary_step3_batch_yyy05.pl,s5,no,0.06,no,corr,0.0
348,exp_acyclic_depvary_step3_batch_yyy05.pl,b4,no,0.06,no,corr,0.0
349,exp_acyclic_depvary_step3_batch_yyy05.pl,r5,no,0.06,no,corr,0.0
350,exp_acyclic_depvary_step3_batch_yyy05.pl,e4,no,0.06,no,corr,0.0
351,exp_acyclic_depvary_step3_batch_yyy06.pl,c4,no,0.06,no,corr,0.0
352,exp_acyclic_depvary_step3_batch_yyy06.pl,u4,no,0.07,no,corr,0.0
353,exp_acyclic_depvary_step3_batch_yyy06.pl,a1,no,1.04,no,corr,14.0
354,exp_acyclic_depvary_step3_batch_yyy06.pl,u2,no,0.06,no,corr,0.0
355,exp_acyclic_depvary_step3_batch_yyy06.pl,x4,no,0.06,no,corr,0.0
356,exp_acyclic_depvary_step3_batch_yyy06.pl,z5,no,0.06,no,corr,0.0
357,exp_acyclic_depvary_step3_batch_yyy06.pl,e1,yes,0.06,yes,corr,0.0
358,exp_acyclic_depvary_step3_batch_yyy06.pl,x5,no,0.06,no,corr,0.0
359,exp_acyclic_depvary_step3_batch_yyy06.pl,c6,no,0.06,no,corr,0.0
360,exp_acyclic_depvary_step3_batch_yyy06.pl,b5,no,0.06,no,corr,0.0
361,exp_acyclic_depvary_step3_batch_yyy07.pl,w2,no,0.06,no,corr,0.0
362,exp_acyclic_depvary_step3_batch_yyy07.pl,q5,no,0.06,no,corr,0.0
363,exp_acyclic_depvary_step3_batch_yyy07.pl,c2,yes,0.08,yes,corr,1.0
364,exp_acyclic_depvary_step3_batch_yyy07.pl,x2,yes,0.08,yes,corr,2.0
365,exp_acyclic_depvary_step3_batch_yyy07.pl,e4,no,0.06,no,corr,0.0
366,exp_acyclic_depvary_step3_batch_yyy07.pl,a1,yes,0.08,yes,corr,2.0
367,exp_acyclic_depvary_step3_batch_yyy07.pl,t4,no,0.07,no,corr,0.0
368,exp_acyclic_depvary_step3_batch_yyy07.pl,s3,no,0.07,no,corr,0.0
369,exp_acyclic_depvary_step3_batch_yyy07.pl,r3,no,0.06,no,corr,0.0
370,exp_acyclic_depvary_step3_batch_yyy07.pl,q1,no,0.06,no,corr,0.0
371,exp_acyclic_depvary_step3_batch_yyy08.pl,d4,no,0.06,no,corr,0.0
372,exp_acyclic_depvary_step3_batch_yyy08.pl,w2,yes,0.07,yes,corr,1.0
373,exp_acyclic_depvary_step3_batch_yyy08.pl,a5,no,0.06,no,corr,0.0
374,exp_acyclic_depvary_step3_batch_yyy08.pl,y3,no,0.06,no,corr,0.0
375,exp_acyclic_depvary_step3_batch_yyy08.pl,c6,no,0.06,no,corr,0.0
376,exp_acyclic_depvary_step3_batch_yyy08.pl,q3,no,0.06,no,corr,0.0
377,exp_acyclic_depvary_step3_batch_yyy08.pl,u2,no,0.06,no,corr,0.0
378,exp_acyclic_depvary_step3_batch_yyy08.pl,y5,no,0.06,no,corr,0.0
379,exp_acyclic_depvary_step3_batch_yyy08.pl,f4,no,0.06,no,corr,0.0
380,exp_acyclic_depvary_step3_batch_yyy08.pl,z3,no,0.06,no,corr,0.0
381,exp_acyclic_depvary_step3_batch_yyy09.pl,b3,no,0.06,no,corr,0.0
382,exp_acyclic_depvary_step3_batch_yyy09.pl,d4,no,0.08,no,corr,0.0
383,exp_acyclic_depvary_step3_batch_yyy09.pl,w5,no,0.06,no,corr,0.0
384,exp_acyclic_depvary_step3_batch_yyy09.pl,b1,no,0.1,no,corr,4.0
385,exp_acyclic_depvary_step3_batch_yyy09.pl,a4,no,0.06,no,corr,0.0
386,exp_acyclic_depvary_step3_batch_yyy09.pl,p3,no,0.06,no,corr,0.0
387,exp_acyclic_depvary_step3_batch_yyy09.pl,e3,no,0.06,no,corr,0.0
388,exp_acyclic_depvary_step3_batch_yyy09.pl,r1,yes,0.09,yes,corr,3.0
389,exp_acyclic_depvary_step3_batch_yyy09.pl,e2,yes,0.15,yes,corr,5.0
390,exp_acyclic_depvary_step3_batch_yyy09.pl,d1,yes,0.1,yes,corr,6.0
391,exp_acyclic_depvary_step3_batch_yyy10.pl,s3,no,0.07,no,corr,0.0
392,exp_acyclic_depvary_step3_batch_yyy10.pl,b3,no,0.05,no,corr,0.0
393,exp_acyclic_depvary_step3_batch_yyy10.pl,e1,yes,0.08,yes,corr,3.0
394,exp_acyclic_depvary_step3_batch_yyy10.pl,t2,no,0.1,no,corr,3.0
395,exp_acyclic_depvary_step3_batch_yyy10.pl,e3,no,0.06,no,corr,0.0
396,exp_acyclic_depvary_step3_batch_yyy10.pl,u5,no,0.06,no,corr,0.0
397,exp_acyclic_depvary_step3_batch_yyy10.pl,d5,no,0.07,no,corr,0.0
398,exp_acyclic_depvary_step3_batch_yyy10.pl,e2,no,0.1,no,corr,4.0
399,exp_acyclic_depvary_step3_batch_yyy10.pl,r3,no,0.06,no,corr,0.0
400,exp_acyclic_depvary_step3_batch_yyy10.pl,d1,no,0.19,no,corr,7.0
401,exp_acyclic_depvary_step4_batch_yyy01.pl,b3,yes,0.06,yes,corr,0.0
402,exp_acyclic_depvary_step4_batch_yyy01.pl,u1,no,0.09,no,corr,3.0
403,exp_acyclic_depvary_step4_batch_yyy01.pl,d3,no,0.06,no,corr,0.0
404,exp_acyclic_depvary_step4_batch_yyy01.pl,q5,no,0.06,no,corr,0.0
405,exp_acyclic_depvary_step4_batch_yyy01.pl,c2,yes,0.08,yes,corr,2.0
406,exp_acyclic_depvary_step4_batch_yyy01.pl,f5,no,0.06,no,corr,0.0
407,exp_acyclic_depvary_step4_batch_yyy01.pl,w1,no,0.06,no,corr,0.0
408,exp_acyclic_depvary_step4_batch_yyy01.pl,s1,yes,0.08,yes,corr,1.0
409,exp_acyclic_depvary_step4_batch_yyy01.pl,x1,no,0.13,no,corr,6.0
410,exp_acyclic_depvary_step4_batch_yyy01.pl,f2,yes,0.06,yes,corr,1.0
411,exp_acyclic_depvary_step4_batch_yyy02.pl,u1,yes,0.06,yes,corr,1.0
412,exp_acyclic_depvary_step4_batch_yyy02.pl,y3,no,0.06,no,corr,0.0
413,exp_acyclic_depvary_step4_batch_yyy02.pl,d2,yes,0.1,yes,corr,4.0
414,exp_acyclic_depvary_step4_batch_yyy02.pl,y5,no,0.07,no,corr,0.0
415,exp_acyclic_depvary_step4_batch_yyy02.pl,w3,no,0.06,no,corr,0.0
416,exp_acyclic_depvary_step4_batch_yyy02.pl,b3,yes,0.07,yes,corr,1.0
417,exp_acyclic_depvary_step4_batch_yyy02.pl,y4,no,0.06,no,corr,0.0
418,exp_acyclic_depvary_step4_batch_yyy02.pl,e2,yes,0.1,yes,corr,4.0
419,exp_acyclic_depvary_step4_batch_yyy02.pl,t1,no,0.06,no,corr,0.0
420,exp_acyclic_depvary_step4_batch_yyy02.pl,q1,yes,0.09,yes,corr,3.0
421,exp_acyclic_depvary_step4_batch_yyy03.pl,b2,yes,0.08,yes,corr,2.0
422,exp_acyclic_depvary_step4_batch_yyy03.pl,p5,no,0.06,no,corr,0.0
423,exp_acyclic_depvary_step4_batch_yyy03.pl,d3,no,0.06,no,corr,0.0
424,exp_acyclic_depvary_step4_batch_yyy03.pl,t3,no,0.06,no,corr,0.0
425,exp_acyclic_depvary_step4_batch_yyy03.pl,u3,no,0.07,no,corr,0.0
426,exp_acyclic_depvary_step4_batch_yyy03.pl,s1,no,0.06,no,corr,0.0
427,exp_acyclic_depvary_step4_batch_yyy03.pl,q3,yes,0.08,yes,corr,2.0
428,exp_acyclic_depvary_step4_batch_yyy03.pl,b6,no,0.06,no,corr,0.0
429,exp_acyclic_depvary_step4_batch_yyy03.pl,c3,no,0.07,no,corr,1.0
430,exp_acyclic_depvary_step4_batch_yyy03.pl,t4,no,0.06,no,corr,0.0
431,exp_acyclic_depvary_step4_batch_yyy04.pl,u5,no,0.06,no,corr,0.0
432,exp_acyclic_depvary_step4_batch_yyy04.pl,b2,yes,0.06,yes,corr,0.0
433,exp_acyclic_depvary_step4_batch_yyy04.pl,d4,no,0.06,no,corr,0.0
434,exp_acyclic_depvary_step4_batch_yyy04.pl,b4,no,0.06,no,corr,0.0
435,exp_acyclic_depvary_step4_batch_yyy04.pl,p3,no,190.44,no,corr,23.0
436,exp_acyclic_depvary_step4_batch_yyy04.pl,y1,no,1.65,no,corr,12.0
437,exp_acyclic_depvary_step4_batch_yyy04.pl,b6,no,0.05,no,corr,0.0
438,exp_acyclic_depvary_step4_batch_yyy04.pl,q1,no,0.1,no,corr,3.0
439,exp_acyclic_depvary_step4_batch_yyy04.pl,x2,yes,0.07,yes,corr,1.0
440,exp_acyclic_depvary_step4_batch_yyy04.pl,f5,no,0.06,no,corr,0.0
441,exp_acyclic_depvary_step4_batch_yyy05.pl,t4,no,0.06,no,corr,0.0
442,exp_acyclic_depvary_step4_batch_yyy05.pl,p5,no,0.06,no,corr,0.0
443,exp_acyclic_depvary_step4_batch_yyy05.pl,t3,no,0.06,no,corr,0.0
444,exp_acyclic_depvary_step4_batch_yyy05.pl,y1,no,0.09,no,corr,3.0
445,exp_acyclic_depvary_step4_batch_yyy05.pl,a3,no,0.07,no,corr,1.0
446,exp_acyclic_depvary_step4_batch_yyy05.pl,x4,no,0.06,no,corr,0.0
447,exp_acyclic_depvary_step4_batch_yyy05.pl,v5,no,0.06,no,corr,0.0
448,exp_acyclic_depvary_step4_batch_yyy05.pl,w5,no,0.07,no,corr,0.0
449,exp_acyclic_depvary_step4_batch_yyy05.pl,c6,no,0.06,no,corr,0.0
450,exp_acyclic_depvary_step4_batch_yyy05.pl,z2,yes,0.07,yes,corr,1.0
451,exp_acyclic_depvary_step4_batch_yyy06.pl,b3,no,0.07,no,corr,1.0
452,exp_acyclic_depvary_step4_batch_yyy06.pl,z5,no,0.06,no,corr,0.0
453,exp_acyclic_depvary_step4_batch_yyy06.pl,c2,yes,0.08,yes,corr,0.0
454,exp_acyclic_depvary_step4_batch_yyy06.pl,x2,no,0.09,no,corr,4.0
455,exp_acyclic_depvary_step4_batch_yyy06.pl,z4,no,0.07,no,corr,0.0
456,exp_acyclic_depvary_step4_batch_yyy06.pl,v4,no,0.06,no,corr,0.0
457,exp_acyclic_depvary_step4_batch_yyy06.pl,r3,no,0.08,no,corr,3.0
458,exp_acyclic_depvary_step4_batch_yyy06.pl,u2,no,0.06,no,corr,0.0
459,exp_acyclic_depvary_step4_batch_yyy06.pl,a2,yes,0.07,yes,corr,1.0
460,exp_acyclic_depvary_step4_batch_yyy06.pl,w3,no,0.06,no,corr,0.0
461,exp_acyclic_depvary_step4_batch_yyy07.pl,u5,no,0.06,no,corr,0.0
462,exp_acyclic_depvary_step4_batch_yyy07.pl,t5,no,0.07,no,corr,0.0
463,exp_acyclic_depvary_step4_batch_yyy07.pl,q4,no,0.06,no,corr,0.0
464,exp_acyclic_depvary_step4_batch_yyy07.pl,f3,no,0.06,no,corr,0.0
465,exp_acyclic_depvary_step4_batch_yyy07.pl,a1,yes,0.06,yes,corr,0.0
466,exp_acyclic_depvary_step4_batch_yyy07.pl,x4,no,0.06,no,corr,0.0
467,exp_acyclic_depvary_step4_batch_yyy07.pl,s1,yes,0.07,yes,corr,1.0
468,exp_acyclic_depvary_step4_batch_yyy07.pl,d2,yes,0.07,yes,corr,1.0
469,exp_acyclic_depvary_step4_batch_yyy07.pl,t1,no,0.07,no,corr,0.0
470,exp_acyclic_depvary_step4_batch_yyy07.pl,q1,no,0.07,no,corr,0.0
471,exp_acyclic_depvary_step4_batch_yyy08.pl,t5,no,0.06,no,corr,0.0
472,exp_acyclic_depvary_step4_batch_yyy08.pl,d4,no,0.07,no,corr,0.0
473,exp_acyclic_depvary_step4_batch_yyy08.pl,t3,no,0.06,no,corr,0.0
474,exp_acyclic_depvary_step4_batch_yyy08.pl,f3,no,0.06,no,corr,0.0
475,exp_acyclic_depvary_step4_batch_yyy08.pl,r1,no,0.13,no,corr,7.0
476,exp_acyclic_depvary_step4_batch_yyy08.pl,y2,yes,0.09,yes,corr,4.0
477,exp_acyclic_depvary_step4_batch_yyy08.pl,v3,no,0.07,no,corr,0.0
478,exp_acyclic_depvary_step4_batch_yyy08.pl,y5,no,0.06,no,corr,0.0
479,exp_acyclic_depvary_step4_batch_yyy08.pl,w3,no,0.06,no,corr,0.0
480,exp_acyclic_depvary_step4_batch_yyy08.pl,f2,no,0.1,no,corr,5.0
481,exp_acyclic_depvary_step4_batch_yyy09.pl,v2,no,0.14,no,corr,8.0
482,exp_acyclic_depvary_step4_batch_yyy09.pl,d3,no,0.06,no,corr,0.0
483,exp_acyclic_depvary_step4_batch_yyy09.pl,t3,no,0.06,no,corr,0.0
484,exp_acyclic_depvary_step4_batch_yyy09.pl,z4,no,0.06,no,corr,0.0
485,exp_acyclic_depvary_step4_batch_yyy09.pl,v1,no,0.17,no,corr,6.0
486,exp_acyclic_depvary_step4_batch_yyy09.pl,c1,yes,0.07,yes,corr,1.0
487,exp_acyclic_depvary_step4_batch_yyy09.pl,a6,no,0.06,no,corr,0.0
488,exp_acyclic_depvary_step4_batch_yyy09.pl,s4,no,0.06,no,corr,0.0
489,exp_acyclic_depvary_step4_batch_yyy09.pl,a4,no,0.06,no,corr,0.0
490,exp_acyclic_depvary_step4_batch_yyy09.pl,x2,no,0.07,no,corr,2.0
491,exp_acyclic_depvary_step4_batch_yyy10.pl,w5,no,0.06,no,corr,0.0
492,exp_acyclic_depvary_step4_batch_yyy10.pl,q4,no,0.06,no,corr,0.0
493,exp_acyclic_depvary_step4_batch_yyy10.pl,r5,no,0.06,no,corr,0.0
494,exp_acyclic_depvary_step4_batch_yyy10.pl,w4,no,0.06,no,corr,0.0
495,exp_acyclic_depvary_step4_batch_yyy10.pl,t2,no,0.08,no,corr,3.0
496,exp_acyclic_depvary_step4_batch_yyy10.pl,b6,no,0.06,no,corr,0.0
497,exp_acyclic_depvary_step4_batch_yyy10.pl,d1,yes,0.07,yes,corr,2.0
498,exp_acyclic_depvary_step4_batch_yyy10.pl,f2,no,0.07,no,corr,1.0
499,exp_acyclic_depvary_step4_batch_yyy10.pl,u5,no,0.06,no,corr,0.0
500,exp_acyclic_depvary_step4_batch_yyy10.pl,d5,no,0.06,no,corr,0.0
501,exp_acyclic_depvary_step5_batch_yyy01.pl,d5,no,0.06,no,corr,0.0
502,exp_acyclic_depvary_step5_batch_yyy01.pl,p5,no,0.07,no,corr,0.0
503,exp_acyclic_depvary_step5_batch_yyy01.pl,a4,no,0.07,no,corr,0.0
504,exp_acyclic_depvary_step5_batch_yyy01.pl,p2,no,0.34,no,corr,6.0
505,exp_acyclic_depvary_step5_batch_yyy01.pl,v2,yes,0.07,yes,corr,1.0
506,exp_acyclic_depvary_step5_batch_yyy01.pl,e1,yes,0.06,yes,corr,1.0
507,exp_acyclic_depvary_step5_batch_yyy01.pl,c5,no,0.06,no,corr,0.0
508,exp_acyclic_depvary_step5_batch_yyy01.pl,b1,yes,0.07,yes,corr,1.0
509,exp_acyclic_depvary_step5_batch_yyy01.pl,d1,no,0.1,no,corr,4.0
510,exp_acyclic_depvary_step5_batch_yyy01.pl,q1,yes,0.07,yes,corr,1.0
511,exp_acyclic_depvary_step5_batch_yyy02.pl,u5,no,0.06,no,corr,0.0
512,exp_acyclic_depvary_step5_batch_yyy02.pl,t4,no,0.06,no,corr,0.0
513,exp_acyclic_depvary_step5_batch_yyy02.pl,e1,yes,0.08,yes,corr,2.0
514,exp_acyclic_depvary_step5_batch_yyy02.pl,q4,no,0.06,no,corr,0.0
515,exp_acyclic_depvary_step5_batch_yyy02.pl,f5,no,0.07,no,corr,0.0
516,exp_acyclic_depvary_step5_batch_yyy02.pl,r5,no,0.06,no,corr,0.0
517,exp_acyclic_depvary_step5_batch_yyy02.pl,r1,no,0.13,no,corr,6.0
518,exp_acyclic_depvary_step5_batch_yyy02.pl,d1,yes,0.06,yes,corr,0.0
519,exp_acyclic_depvary_step5_batch_yyy02.pl,p4,no,0.06,no,corr,0.0
520,exp_acyclic_depvary_step5_batch_yyy02.pl,d4,no,0.06,no,corr,0.0
521,exp_acyclic_depvary_step5_batch_yyy03.pl,s4,no,0.06,no,corr,0.0
522,exp_acyclic_depvary_step5_batch_yyy03.pl,d4,no,0.06,no,corr,0.0
523,exp_acyclic_depvary_step5_batch_yyy03.pl,s2,yes,0.07,yes,corr,1.0
524,exp_acyclic_depvary_step5_batch_yyy03.pl,w1,no,0.06,no,corr,0.0
525,exp_acyclic_depvary_step5_batch_yyy03.pl,f3,no,1.36,no,corr,14.0
526,exp_acyclic_depvary_step5_batch_yyy03.pl,t2,yes,0.14,yes,corr,7.0
527,exp_acyclic_depvary_step5_batch_yyy03.pl,y1,no,0.07,no,corr,0.0
528,exp_acyclic_depvary_step5_batch_yyy03.pl,y5,no,0.06,no,corr,0.0
529,exp_acyclic_depvary_step5_batch_yyy03.pl,b6,no,0.06,no,corr,0.0
530,exp_acyclic_depvary_step5_batch_yyy03.pl,a1,no,1.13,no,corr,13.0
531,exp_acyclic_depvary_step5_batch_yyy04.pl,p5,no,0.06,no,corr,0.0
532,exp_acyclic_depvary_step5_batch_yyy04.pl,f1,yes,0.12,yes,corr,5.0
533,exp_acyclic_depvary_step5_batch_yyy04.pl,v5,no,0.06,no,corr,0.0
534,exp_acyclic_depvary_step5_batch_yyy04.pl,w1,no,34.52,no,corr,17.0
535,exp_acyclic_depvary_step5_batch_yyy04.pl,v4,no,0.06,no,corr,0.0
536,exp_acyclic_depvary_step5_batch_yyy04.pl,v3,no,0.1,no,corr,4.0
537,exp_acyclic_depvary_step5_batch_yyy04.pl,s5,no,0.06,no,corr,0.0
538,exp_acyclic_depvary_step5_batch_yyy04.pl,b4,no,0.06,no,corr,0.0
539,exp_acyclic_depvary_step5_batch_yyy04.pl,r3,yes,0.07,yes,corr,1.0
540,exp_acyclic_depvary_step5_batch_yyy04.pl,t1,no,268.32,no,corr,18.0
541,exp_acyclic_depvary_step5_batch_yyy05.pl,t5,no,0.05,no,corr,0.0
542,exp_acyclic_depvary_step5_batch_yyy05.pl,y4,no,0.04,no,corr,0.0
543,exp_acyclic_depvary_step5_batch_yyy05.pl,a5,no,0.04,no,corr,0.0
544,exp_acyclic_depvary_step5_batch_yyy05.pl,y3,no,0.04,no,corr,0.0
545,exp_acyclic_depvary_step5_batch_yyy05.pl,x5,no,0.05,no,corr,0.0
546,exp_acyclic_depvary_step5_batch_yyy05.pl,r4,no,0.04,no,corr,0.0
547,exp_acyclic_depvary_step5_batch_yyy05.pl,d2,yes,0.18,yes,corr,8.0
548,exp_acyclic_depvary_step5_batch_yyy05.pl,y2,yes,0.05,yes,corr,1.0
549,exp_acyclic_depvary_step5_batch_yyy05.pl,b4,no,0.04,no,corr,0.0
550,exp_acyclic_depvary_step5_batch_yyy05.pl,q5,no,0.04,no,corr,0.0
551,exp_acyclic_depvary_step5_batch_yyy06.pl,t5,no,0.04,no,corr,0.0
552,exp_acyclic_depvary_step5_batch_yyy06.pl,y4,no,0.04,no,corr,0.0
553,exp_acyclic_depvary_step5_batch_yyy06.pl,z5,no,0.04,no,corr,0.0
554,exp_acyclic_depvary_step5_batch_yyy06.pl,e3,yes,0.05,yes,corr,2.0
555,exp_acyclic_depvary_step5_batch_yyy06.pl,y1,no,0.04,no,corr,0.0
556,exp_acyclic_depvary_step5_batch_yyy06.pl,q3,,600.0,no,TIMEOUT,
557,exp_acyclic_depvary_step5_batch_yyy06.pl,p1,no,0.08,no,corr,3.0
558,exp_acyclic_depvary_step5_batch_yyy06.pl,a2,yes,0.06,yes,corr,0.0
559,exp_acyclic_depvary_step5_batch_yyy06.pl,z4,no,0.06,no,corr,0.0
560,exp_acyclic_depvary_step5_batch_yyy06.pl,e4,no,0.08,no,corr,0.0
561,exp_acyclic_depvary_step5_batch_yyy07.pl,p5,no,0.07,no,corr,0.0
562,exp_acyclic_depvary_step5_batch_yyy07.pl,u1,no,0.1,no,corr,3.0
563,exp_acyclic_depvary_step5_batch_yyy07.pl,u4,no,0.07,no,corr,0.0
564,exp_acyclic_depvary_step5_batch_yyy07.pl,p3,no,0.07,no,corr,0.0
565,exp_acyclic_depvary_step5_batch_yyy07.pl,s1,yes,0.08,yes,corr,1.0
566,exp_acyclic_depvary_step5_batch_yyy07.pl,p2,no,0.07,no,corr,0.0
567,exp_acyclic_depvary_step5_batch_yyy07.pl,r3,no,0.11,no,corr,4.0
568,exp_acyclic_depvary_step5_batch_yyy07.pl,a2,no,0.11,no,corr,4.0
569,exp_acyclic_depvary_step5_batch_yyy07.pl,q3,no,0.11,no,corr,4.0
570,exp_acyclic_depvary_step5_batch_yyy07.pl,y2,no,0.22,no,corr,6.0
571,exp_acyclic_depvary_step5_batch_yyy08.pl,c4,no,0.08,no,corr,0.0
572,exp_acyclic_depvary_step5_batch_yyy08.pl,d4,no,0.08,no,corr,0.0
573,exp_acyclic_depvary_step5_batch_yyy08.pl,e5,no,0.07,no,corr,0.0
574,exp_acyclic_depvary_step5_batch_yyy08.pl,p3,no,0.09,no,corr,1.0
575,exp_acyclic_depvary_step5_batch_yyy08.pl,y2,no,0.07,no,corr,0.0
576,exp_acyclic_depvary_step5_batch_yyy08.pl,b6,no,0.07,no,corr,0.0
577,exp_acyclic_depvary_step5_batch_yyy08.pl,p1,yes,0.09,yes,corr,1.0
578,exp_acyclic_depvary_step5_batch_yyy08.pl,f2,no,0.09,no,corr,1.0
579,exp_acyclic_depvary_step5_batch_yyy08.pl,u3,no,0.1,no,corr,1.0
580,exp_acyclic_depvary_step5_batch_yyy08.pl,v4,no,0.08,no,corr,0.0
581,exp_acyclic_depvary_step5_batch_yyy09.pl,b3,no,0.1,no,corr,2.0
582,exp_acyclic_depvary_step5_batch_yyy09.pl,z1,yes,0.09,yes,corr,1.0
583,exp_acyclic_depvary_step5_batch_yyy09.pl,e4,no,0.08,no,corr,0.0
584,exp_acyclic_depvary_step5_batch_yyy09.pl,v1,no,0.33,no,corr,7.0
585,exp_acyclic_depvary_step5_batch_yyy09.pl,t2,no,0.07,no,corr,0.0
586,exp_acyclic_depvary_step5_batch_yyy09.pl,y1,no,0.09,no,corr,2.0
587,exp_acyclic_depvary_step5_batch_yyy09.pl,a3,yes,0.09,yes,corr,2.0
588,exp_acyclic_depvary_step5_batch_yyy09.pl,e2,no,0.29,no,corr,8.0
589,exp_acyclic_depvary_step5_batch_yyy09.pl,y2,yes,0.07,yes,corr,1.0
590,exp_acyclic_depvary_step5_batch_yyy09.pl,x1,no,0.07,no,corr,0.0
591,exp_acyclic_depvary_step5_batch_yyy10.pl,e1,no,0.08,no,corr,1.0
592,exp_acyclic_depvary_step5_batch_yyy10.pl,d4,no,0.07,no,corr,0.0
593,exp_acyclic_depvary_step5_batch_yyy10.pl,w4,no,0.07,no,corr,0.0
594,exp_acyclic_depvary_step5_batch_yyy10.pl,t2,yes,0.1,yes,corr,1.0
595,exp_acyclic_depvary_step5_batch_yyy10.pl,z3,no,0.08,no,corr,0.0
596,exp_acyclic_depvary_step5_batch_yyy10.pl,x4,no,0.07,no,corr,0.0
597,exp_acyclic_depvary_step5_batch_yyy10.pl,t5,no,0.08,no,corr,0.0
598,exp_acyclic_depvary_step5_batch_yyy10.pl,s3,yes,0.09,yes,corr,2.0
599,exp_acyclic_depvary_step5_batch_yyy10.pl,v4,no,0.07,no,corr,0.0
600,exp_acyclic_depvary_step5_batch_yyy10.pl,e3,no,0.08,no,corr,1.0
601,exp_acyclic_depvary_step6_batch_yyy01.pl,d5,no,0.08,no,corr,0.0
602,exp_acyclic_depvary_step6_batch_yyy01.pl,s3,yes,0.71,yes,corr,7.0
603,exp_acyclic_depvary_step6_batch_yyy01.pl,w5,no,0.08,no,corr,0.0
604,exp_acyclic_depvary_step6_batch_yyy01.pl,b4,no,151.94,no,corr,20.0
605,exp_acyclic_depvary_step6_batch_yyy01.pl,a5,no,0.03,no,corr,0.0
606,exp_acyclic_depvary_step6_batch_yyy01.pl,t2,no,3.39,no,corr,15.0
607,exp_acyclic_depvary_step6_batch_yyy01.pl,r4,no,0.05,no,corr,0.0
608,exp_acyclic_depvary_step6_batch_yyy01.pl,u2,no,0.05,no,corr,0.0
609,exp_acyclic_depvary_step6_batch_yyy01.pl,z4,no,0.05,no,corr,0.0
610,exp_acyclic_depvary_step6_batch_yyy01.pl,e4,no,0.05,no,corr,0.0
611,exp_acyclic_depvary_step6_batch_yyy02.pl,q4,no,0.17,no,corr,6.0
612,exp_acyclic_depvary_step6_batch_yyy02.pl,r5,no,0.05,no,corr,0.0
613,exp_acyclic_depvary_step6_batch_yyy02.pl,r4,no,0.05,no,corr,0.0
614,exp_acyclic_depvary_step6_batch_yyy02.pl,p2,yes,0.06,yes,corr,1.0
615,exp_acyclic_depvary_step6_batch_yyy02.pl,p5,no,0.05,no,corr,0.0
616,exp_acyclic_depvary_step6_batch_yyy02.pl,x3,yes,0.06,yes,corr,1.0
617,exp_acyclic_depvary_step6_batch_yyy02.pl,u1,no,0.06,no,corr,0.0
618,exp_acyclic_depvary_step6_batch_yyy02.pl,f1,yes,0.06,yes,corr,1.0
619,exp_acyclic_depvary_step6_batch_yyy02.pl,x5,no,0.05,no,corr,0.0
620,exp_acyclic_depvary_step6_batch_yyy02.pl,z2,yes,0.09,yes,corr,4.0
621,exp_acyclic_depvary_step6_batch_yyy03.pl,d5,no,0.05,no,corr,0.0
622,exp_acyclic_depvary_step6_batch_yyy03.pl,b2,yes,0.06,yes,corr,0.0
623,exp_acyclic_depvary_step6_batch_yyy03.pl,e1,no,0.08,no,corr,4.0
624,exp_acyclic_depvary_step6_batch_yyy03.pl,d4,no,0.05,no,corr,0.0
625,exp_acyclic_depvary_step6_batch_yyy03.pl,u1,yes,0.06,yes,corr,1.0
626,exp_acyclic_depvary_step6_batch_yyy03.pl,s1,no,0.06,no,corr,0.0
627,exp_acyclic_depvary_step6_batch_yyy03.pl,r3,no,0.06,no,corr,0.0
628,exp_acyclic_depvary_step6_batch_yyy03.pl,f2,yes,0.07,yes,corr,1.0
629,exp_acyclic_depvary_step6_batch_yyy03.pl,t4,no,0.05,no,corr,0.0
630,exp_acyclic_depvary_step6_batch_yyy03.pl,s3,yes,0.07,yes,corr,1.0
631,exp_acyclic_depvary_step6_batch_yyy04.pl,d5,no,0.06,no,corr,0.0
632,exp_acyclic_depvary_step6_batch_yyy04.pl,q5,no,0.06,no,corr,0.0
633,exp_acyclic_depvary_step6_batch_yyy04.pl,c2,yes,0.07,yes,corr,1.0
634,exp_acyclic_depvary_step6_batch_yyy04.pl,w1,no,1.14,no,corr,9.0
635,exp_acyclic_depvary_step6_batch_yyy04.pl,p2,no,0.05,no,corr,1.0
636,exp_acyclic_depvary_step6_batch_yyy04.pl,q2,no,0.07,no,corr,3.0
637,exp_acyclic_depvary_step6_batch_yyy04.pl,p4,yes,0.06,yes,corr,1.0
638,exp_acyclic_depvary_step6_batch_yyy04.pl,d4,no,0.06,no,corr,0.0
639,exp_acyclic_depvary_step6_batch_yyy04.pl,r2,yes,0.06,yes,corr,1.0
640,exp_acyclic_depvary_step6_batch_yyy04.pl,a1,no,0.8,no,corr,11.0
641,exp_acyclic_depvary_step6_batch_yyy05.pl,b2,yes,0.12,yes,corr,5.0
642,exp_acyclic_depvary_step6_batch_yyy05.pl,q5,no,0.05,no,corr,0.0
643,exp_acyclic_depvary_step6_batch_yyy05.pl,v1,yes,0.08,yes,corr,4.0
644,exp_acyclic_depvary_step6_batch_yyy05.pl,z2,no,0.05,no,corr,0.0
645,exp_acyclic_depvary_step6_batch_yyy05.pl,d2,no,0.12,no,corr,6.0
646,exp_acyclic_depvary_step6_batch_yyy05.pl,a3,no,0.1,no,corr,5.0
647,exp_acyclic_depvary_step6_batch_yyy05.pl,u3,no,28.3,no,corr,20.0
648,exp_acyclic_depvary_step6_batch_yyy05.pl,v4,no,0.03,no,corr,0.0
649,exp_acyclic_depvary_step6_batch_yyy05.pl,d1,yes,0.14,yes,corr,9.0
650,exp_acyclic_depvary_step6_batch_yyy05.pl,q1,yes,0.04,yes,corr,2.0
651,exp_acyclic_depvary_step6_batch_yyy06.pl,e5,no,0.03,no,corr,0.0
652,exp_acyclic_depvary_step6_batch_yyy06.pl,w5,no,0.03,no,corr,0.0
653,exp_acyclic_depvary_step6_batch_yyy06.pl,a5,no,0.04,no,corr,0.0
654,exp_acyclic_depvary_step6_batch_yyy06.pl,z4,no,0.03,no,corr,0.0
655,exp_acyclic_depvary_step6_batch_yyy06.pl,e3,yes,0.03,yes,corr,0.0
656,exp_acyclic_depvary_step6_batch_yyy06.pl,q3,no,2.47,no,corr,13.0
657,exp_acyclic_depvary_step6_batch_yyy06.pl,p1,yes,0.05,yes,corr,3.0
658,exp_acyclic_depvary_step6_batch_yyy06.pl,a2,yes,0.05,yes,corr,2.0
659,exp_acyclic_depvary_step6_batch_yyy06.pl,s5,no,0.04,no,corr,0.0
660,exp_acyclic_depvary_step6_batch_yyy06.pl,q5,no,0.03,no,corr,0.0
661,exp_acyclic_depvary_step6_batch_yyy07.pl,b2,no,0.07,no,corr,5.0
662,exp_acyclic_depvary_step6_batch_yyy07.pl,z5,no,0.03,no,corr,0.0
663,exp_acyclic_depvary_step6_batch_yyy07.pl,w2,yes,0.04,yes,corr,1.0
664,exp_acyclic_depvary_step6_batch_yyy07.pl,q5,no,0.03,no,corr,0.0
665,exp_acyclic_depvary_step6_batch_yyy07.pl,c2,yes,0.04,yes,corr,1.0
666,exp_acyclic_depvary_step6_batch_yyy07.pl,e4,no,0.03,no,corr,0.0
667,exp_acyclic_depvary_step6_batch_yyy07.pl,a3,no,0.04,no,corr,1.0
668,exp_acyclic_depvary_step6_batch_yyy07.pl,y2,yes,0.03,yes,corr,1.0
669,exp_acyclic_depvary_step6_batch_yyy07.pl,a2,yes,0.04,yes,corr,1.0
670,exp_acyclic_depvary_step6_batch_yyy07.pl,x4,no,0.03,no,corr,0.0
671,exp_acyclic_depvary_step6_batch_yyy08.pl,r5,no,0.03,no,corr,0.0
672,exp_acyclic_depvary_step6_batch_yyy08.pl,c1,no,1.82,no,corr,16.0
673,exp_acyclic_depvary_step6_batch_yyy08.pl,e3,no,0.05,no,corr,4.0
674,exp_acyclic_depvary_step6_batch_yyy08.pl,r1,yes,0.04,yes,corr,1.0
675,exp_acyclic_depvary_step6_batch_yyy08.pl,z3,no,0.04,no,corr,0.0
676,exp_acyclic_depvary_step6_batch_yyy08.pl,p1,no,7.13,no,corr,18.0
677,exp_acyclic_depvary_step6_batch_yyy08.pl,w1,yes,0.05,yes,corr,1.0
678,exp_acyclic_depvary_step6_batch_yyy08.pl,p3,yes,0.04,yes,corr,1.0
679,exp_acyclic_depvary_step6_batch_yyy08.pl,e2,no,0.04,no,corr,1.0
680,exp_acyclic_depvary_step6_batch_yyy08.pl,u2,no,38.65,no,corr,21.0
681,exp_acyclic_depvary_step6_batch_yyy09.pl,d5,no,0.03,no,corr,0.0
682,exp_acyclic_depvary_step6_batch_yyy09.pl,t5,no,0.03,no,corr,0.0
683,exp_acyclic_depvary_step6_batch_yyy09.pl,w5,no,0.03,no,corr,0.0
684,exp_acyclic_depvary_step6_batch_yyy09.pl,c5,no,0.04,no,corr,0.0
685,exp_acyclic_depvary_step6_batch_yyy09.pl,q4,yes,0.04,yes,corr,2.0
686,exp_acyclic_depvary_step6_batch_yyy09.pl,f3,yes,0.04,yes,corr,2.0
687,exp_acyclic_depvary_step6_batch_yyy09.pl,v4,no,0.03,no,corr,0.0
688,exp_acyclic_depvary_step6_batch_yyy09.pl,f2,no,0.05,no,corr,3.0
689,exp_acyclic_depvary_step6_batch_yyy09.pl,x2,yes,0.04,yes,corr,1.0
690,exp_acyclic_depvary_step6_batch_yyy09.pl,f5,no,0.03,no,corr,0.0
691,exp_acyclic_depvary_step6_batch_yyy10.pl,d5,no,0.04,no,corr,0.0
692,exp_acyclic_depvary_step6_batch_yyy10.pl,f1,yes,0.04,yes,corr,0.0
693,exp_acyclic_depvary_step6_batch_yyy10.pl,t3,no,0.03,no,corr,0.0
694,exp_acyclic_depvary_step6_batch_yyy10.pl,q4,no,0.04,no,corr,2.0
695,exp_acyclic_depvary_step6_batch_yyy10.pl,y3,yes,0.04,yes,corr,1.0
696,exp_acyclic_depvary_step6_batch_yyy10.pl,p3,yes,0.24,yes,corr,5.0
697,exp_acyclic_depvary_step6_batch_yyy10.pl,t4,no,0.03,no,corr,0.0
698,exp_acyclic_depvary_step6_batch_yyy10.pl,s3,no,0.26,no,corr,9.0
699,exp_acyclic_depvary_step6_batch_yyy10.pl,s2,yes,0.04,yes,corr,1.0
700,exp_acyclic_depvary_step6_batch_yyy10.pl,c5,no,0.03,no,corr,0.0
701,exp_acyclic_depvary_step7_batch_yyy01.pl,s4,yes,0.23,yes,corr,5.0
702,exp_acyclic_depvary_step7_batch_yyy01.pl,p5,no,0.03,no,corr,0.0
703,exp_acyclic_depvary_step7_batch_yyy01.pl,q4,no,1.96,no,corr,11.0
704,exp_acyclic_depvary_step7_batch_yyy01.pl,e3,yes,0.04,yes,corr,1.0
705,exp_acyclic_depvary_step7_batch_yyy01.pl,a3,yes,0.06,yes,corr,3.0
706,exp_acyclic_depvary_step7_batch_yyy01.pl,v3,no,218.45,no,corr,22.0
707,exp_acyclic_depvary_step7_batch_yyy01.pl,e2,yes,0.06,yes,corr,4.0
708,exp_acyclic_depvary_step7_batch_yyy01.pl,f2,no,4.36,no,corr,15.0
709,exp_acyclic_depvary_step7_batch_yyy01.pl,y1,yes,0.04,yes,corr,1.0
710,exp_acyclic_depvary_step7_batch_yyy01.pl,r1,no,0.05,no,corr,3.0
711,exp_acyclic_depvary_step7_batch_yyy02.pl,v2,no,0.05,no,corr,3.0
712,exp_acyclic_depvary_step7_batch_yyy02.pl,c5,no,0.04,no,corr,0.0
713,exp_acyclic_depvary_step7_batch_yyy02.pl,c1,yes,0.04,yes,corr,1.0
714,exp_acyclic_depvary_step7_batch_yyy02.pl,q3,yes,0.04,yes,corr,1.0
715,exp_acyclic_depvary_step7_batch_yyy02.pl,q2,no,0.04,no,corr,1.0
716,exp_acyclic_depvary_step7_batch_yyy02.pl,t4,no,0.05,no,corr,3.0
717,exp_acyclic_depvary_step7_batch_yyy02.pl,s3,no,0.05,no,corr,3.0
718,exp_acyclic_depvary_step7_batch_yyy02.pl,c4,yes,0.04,yes,corr,0.0
719,exp_acyclic_depvary_step7_batch_yyy02.pl,s5,no,0.03,no,corr,0.0
720,exp_acyclic_depvary_step7_batch_yyy02.pl,t3,yes,0.04,yes,corr,1.0
721,exp_acyclic_depvary_step7_batch_yyy03.pl,b2,yes,0.04,yes,corr,1.0
722,exp_acyclic_depvary_step7_batch_yyy03.pl,b3,no,0.04,no,corr,1.0
723,exp_acyclic_depvary_step7_batch_yyy03.pl,v2,yes,0.05,yes,corr,3.0
724,exp_acyclic_depvary_step7_batch_yyy03.pl,p4,no,0.05,no,corr,2.0
725,exp_acyclic_depvary_step7_batch_yyy03.pl,q5,no,0.04,no,corr,0.0
726,exp_acyclic_depvary_step7_batch_yyy03.pl,r5,no,0.04,no,corr,0.0
727,exp_acyclic_depvary_step7_batch_yyy03.pl,r1,no,0.04,no,corr,0.0
728,exp_acyclic_depvary_step7_batch_yyy03.pl,f4,no,1.62,no,corr,16.0
729,exp_acyclic_depvary_step7_batch_yyy03.pl,q3,yes,0.05,yes,corr,1.0
730,exp_acyclic_depvary_step7_batch_yyy03.pl,p1,yes,0.04,yes,corr,1.0
731,exp_acyclic_depvary_step7_batch_yyy04.pl,u5,no,0.04,no,corr,0.0
732,exp_acyclic_depvary_step7_batch_yyy04.pl,t4,,600.0,no,TIMEOUT,
733,exp_acyclic_depvary_step7_batch_yyy04.pl,b2,yes,0.05,yes,corr,0.0
734,exp_acyclic_depvary_step7_batch_yyy04.pl,e5,no,0.05,no,corr,0.0
735,exp_acyclic_depvary_step7_batch_yyy04.pl,c2,,600.0,no,TIMEOUT,
736,exp_acyclic_depvary_step7_batch_yyy04.pl,v1,no,3.24,no,corr,15.0
737,exp_acyclic_depvary_step7_batch_yyy04.pl,t2,,600.0,no,TIMEOUT,
738,exp_acyclic_depvary_step7_batch_yyy04.pl,f4,no,34.65,no,corr,16.0
739,exp_acyclic_depvary_step7_batch_yyy04.pl,x2,no,59.9,no,corr,20.0
740,exp_acyclic_depvary_step7_batch_yyy04.pl,f5,no,0.05,no,corr,0.0
741,exp_acyclic_depvary_step7_batch_yyy05.pl,c4,no,0.07,no,corr,2.0
742,exp_acyclic_depvary_step7_batch_yyy05.pl,p4,no,2.88,no,corr,12.0
743,exp_acyclic_depvary_step7_batch_yyy05.pl,u1,no,0.06,no,corr,0.0
744,exp_acyclic_depvary_step7_batch_yyy05.pl,b4,yes,0.07,yes,corr,1.0
745,exp_acyclic_depvary_step7_batch_yyy05.pl,x2,yes,0.06,yes,corr,1.0
746,exp_acyclic_depvary_step7_batch_yyy05.pl,r5,no,0.05,no,corr,0.0
747,exp_acyclic_depvary_step7_batch_yyy05.pl,w4,no,0.06,no,corr,0.0
748,exp_acyclic_depvary_step7_batch_yyy05.pl,p2,yes,0.06,yes,corr,1.0
749,exp_acyclic_depvary_step7_batch_yyy05.pl,x1,yes,0.08,yes,corr,3.0
750,exp_acyclic_depvary_step7_batch_yyy05.pl,r2,no,0.06,no,corr,1.0
751,exp_acyclic_depvary_step7_batch_yyy06.pl,y4,no,0.05,no,corr,0.0
752,exp_acyclic_depvary_step7_batch_yyy06.pl,w2,yes,0.07,yes,corr,1.0
753,exp_acyclic_depvary_step7_batch_yyy06.pl,e4,yes,0.15,yes,corr,7.0
754,exp_acyclic_depvary_step7_batch_yyy06.pl,b5,no,0.06,no,corr,0.0
755,exp_acyclic_depvary_step7_batch_yyy06.pl,a3,no,0.05,no,corr,1.0
756,exp_acyclic_depvary_step7_batch_yyy06.pl,q3,yes,0.06,yes,corr,1.0
757,exp_acyclic_depvary_step7_batch_yyy06.pl,r2,yes,0.81,yes,corr,8.0
758,exp_acyclic_depvary_step7_batch_yyy06.pl,p1,yes,0.09,yes,corr,3.0
759,exp_acyclic_depvary_step7_batch_yyy06.pl,a2,yes,0.05,yes,corr,0.0
760,exp_acyclic_depvary_step7_batch_yyy06.pl,x4,no,0.04,no,corr,0.0
761,exp_acyclic_depvary_step7_batch_yyy07.pl,t5,no,0.06,no,corr,0.0
762,exp_acyclic_depvary_step7_batch_yyy07.pl,v2,no,0.05,no,corr,0.0
763,exp_acyclic_depvary_step7_batch_yyy07.pl,b4,no,1.95,no,corr,11.0
764,exp_acyclic_depvary_step7_batch_yyy07.pl,r5,no,0.05,no,corr,0.0
765,exp_acyclic_depvary_step7_batch_yyy07.pl,p3,yes,0.07,yes,corr,1.0
766,exp_acyclic_depvary_step7_batch_yyy07.pl,c1,yes,0.05,yes,corr,0.0
767,exp_acyclic_depvary_step7_batch_yyy07.pl,v4,no,0.1,no,corr,4.0
768,exp_acyclic_depvary_step7_batch_yyy07.pl,y5,no,0.06,no,corr,0.0
769,exp_acyclic_depvary_step7_batch_yyy07.pl,y2,yes,0.08,yes,corr,4.0
770,exp_acyclic_depvary_step7_batch_yyy07.pl,x1,yes,0.06,yes,corr,1.0
771,exp_acyclic_depvary_step7_batch_yyy08.pl,c3,no,147.13,no,corr,20.0
772,exp_acyclic_depvary_step7_batch_yyy08.pl,w5,no,0.1,no,corr,0.0
773,exp_acyclic_depvary_step7_batch_yyy08.pl,c5,no,0.11,no,corr,0.0
774,exp_acyclic_depvary_step7_batch_yyy08.pl,r5,no,0.13,no,corr,0.0
775,exp_acyclic_depvary_step7_batch_yyy08.pl,b5,no,0.12,no,corr,0.0
776,exp_acyclic_depvary_step7_batch_yyy08.pl,a1,no,5.51,no,corr,16.0
777,exp_acyclic_depvary_step7_batch_yyy08.pl,s4,no,5.1,no,corr,16.0
778,exp_acyclic_depvary_step7_batch_yyy08.pl,y4,no,0.09,no,corr,0.0
779,exp_acyclic_depvary_step7_batch_yyy08.pl,e2,yes,1.97,yes,corr,12.0
780,exp_acyclic_depvary_step7_batch_yyy08.pl,t1,yes,0.11,yes,corr,1.0
781,exp_acyclic_depvary_step7_batch_yyy09.pl,b2,yes,0.36,yes,corr,5.0
782,exp_acyclic_depvary_step7_batch_yyy09.pl,v2,no,0.15,no,corr,3.0
783,exp_acyclic_depvary_step7_batch_yyy09.pl,u1,yes,3.01,yes,corr,10.0
784,exp_acyclic_depvary_step7_batch_yyy09.pl,s5,no,0.11,no,corr,0.0
785,exp_acyclic_depvary_step7_batch_yyy09.pl,a5,no,0.11,no,corr,0.0
786,exp_acyclic_depvary_step7_batch_yyy09.pl,p2,yes,0.12,yes,corr,1.0
787,exp_acyclic_depvary_step7_batch_yyy09.pl,y2,yes,0.15,yes,corr,2.0
788,exp_acyclic_depvary_step7_batch_yyy09.pl,p1,no,0.11,no,corr,0.0
789,exp_acyclic_depvary_step7_batch_yyy09.pl,t1,no,2.37,no,corr,10.0
790,exp_acyclic_depvary_step7_batch_yyy09.pl,q1,,600.0,no,TIMEOUT,
791,exp_acyclic_depvary_step7_batch_yyy10.pl,b2,yes,0.1,yes,corr,0.0
792,exp_acyclic_depvary_step7_batch_yyy10.pl,s4,no,0.04,no,corr,0.0
793,exp_acyclic_depvary_step7_batch_yyy10.pl,u1,no,6.29,no,corr,10.0
794,exp_acyclic_depvary_step7_batch_yyy10.pl,r5,no,0.04,no,corr,0.0
795,exp_acyclic_depvary_step7_batch_yyy10.pl,t2,no,0.06,no,corr,0.0
796,exp_acyclic_depvary_step7_batch_yyy10.pl,r4,no,0.04,no,corr,0.0
797,exp_acyclic_depvary_step7_batch_yyy10.pl,y1,yes,0.06,yes,corr,1.0
798,exp_acyclic_depvary_step7_batch_yyy10.pl,f2,yes,0.06,yes,corr,1.0
799,exp_acyclic_depvary_step7_batch_yyy10.pl,s2,yes,0.07,yes,corr,1.0
800,exp_acyclic_depvary_step7_batch_yyy10.pl,z1,no,0.07,no,corr,3.0
801,exp_acyclic_depvary_step8_batch_yyy01.pl,t4,no,18.55,no,corr,16.0
802,exp_acyclic_depvary_step8_batch_yyy01.pl,x2,yes,0.11,yes,corr,4.0
803,exp_acyclic_depvary_step8_batch_yyy01.pl,r5,no,0.05,no,corr,0.0
804,exp_acyclic_depvary_step8_batch_yyy01.pl,v1,no,0.06,no,corr,0.0
805,exp_acyclic_depvary_step8_batch_yyy01.pl,p2,yes,0.08,yes,corr,1.0
806,exp_acyclic_depvary_step8_batch_yyy01.pl,a3,no,0.1,no,corr,4.0
807,exp_acyclic_depvary_step8_batch_yyy01.pl,c2,no,0.14,no,corr,9.0
808,exp_acyclic_depvary_step8_batch_yyy01.pl,b1,,600.0,no,TIMEOUT,
809,exp_acyclic_depvary_step8_batch_yyy01.pl,x4,no,0.14,no,corr,0.0
810,exp_acyclic_depvary_step8_batch_yyy01.pl,w3,no,0.14,no,corr,3.0
811,exp_acyclic_depvary_step8_batch_yyy02.pl,s3,no,6.08,no,corr,14.0
812,exp_acyclic_depvary_step8_batch_yyy02.pl,y4,yes,0.11,yes,corr,1.0
813,exp_acyclic_depvary_step8_batch_yyy02.pl,p5,no,0.13,no,corr,1.0
814,exp_acyclic_depvary_step8_batch_yyy02.pl,d3,no,199.27,no,corr,23.0
815,exp_acyclic_depvary_step8_batch_yyy02.pl,w5,no,0.1,no,corr,0.0
816,exp_acyclic_depvary_step8_batch_yyy02.pl,s5,no,0.11,no,corr,0.0
817,exp_acyclic_depvary_step8_batch_yyy02.pl,c5,no,0.14,no,corr,1.0
818,exp_acyclic_depvary_step8_batch_yyy02.pl,u3,no,14.31,no,corr,16.0
819,exp_acyclic_depvary_step8_batch_yyy02.pl,s1,yes,0.11,yes,corr,1.0
820,exp_acyclic_depvary_step8_batch_yyy02.pl,r1,yes,0.46,yes,corr,6.0
821,exp_acyclic_depvary_step8_batch_yyy03.pl,b2,no,0.15,no,corr,1.0
822,exp_acyclic_depvary_step8_batch_yyy03.pl,s4,yes,0.15,yes,corr,2.0
823,exp_acyclic_depvary_step8_batch_yyy03.pl,e1,no,0.14,no,corr,1.0
824,exp_acyclic_depvary_step8_batch_yyy03.pl,v5,no,0.12,no,corr,0.0
825,exp_acyclic_depvary_step8_batch_yyy03.pl,c5,yes,0.15,yes,corr,1.0
826,exp_acyclic_depvary_step8_batch_yyy03.pl,a4,yes,0.12,yes,corr,0.0
827,exp_acyclic_depvary_step8_batch_yyy03.pl,w1,no,0.12,no,corr,0.0
828,exp_acyclic_depvary_step8_batch_yyy03.pl,f3,no,0.15,no,corr,1.0
829,exp_acyclic_depvary_step8_batch_yyy03.pl,e3,no,16.48,no,corr,16.0
830,exp_acyclic_depvary_step8_batch_yyy03.pl,z3,no,7.83,no,corr,13.0
831,exp_acyclic_depvary_step8_batch_yyy04.pl,d5,no,0.09,no,corr,0.0
832,exp_acyclic_depvary_step8_batch_yyy04.pl,z5,no,0.1,no,corr,0.0
833,exp_acyclic_depvary_step8_batch_yyy04.pl,p5,yes,0.13,yes,corr,1.0
834,exp_acyclic_depvary_step8_batch_yyy04.pl,u4,yes,0.15,yes,corr,2.0
835,exp_acyclic_depvary_step8_batch_yyy04.pl,v5,no,0.13,no,corr,0.0
836,exp_acyclic_depvary_step8_batch_yyy04.pl,t2,no,0.11,no,corr,0.0
837,exp_acyclic_depvary_step8_batch_yyy04.pl,b6,no,0.13,no,corr,0.0
838,exp_acyclic_depvary_step8_batch_yyy04.pl,r3,yes,0.13,yes,corr,1.0
839,exp_acyclic_depvary_step8_batch_yyy04.pl,w1,yes,0.26,yes,corr,5.0
840,exp_acyclic_depvary_step8_batch_yyy04.pl,p3,no,275.54,no,corr,20.0
841,exp_acyclic_depvary_step8_batch_yyy05.pl,v2,yes,0.14,yes,corr,2.0
842,exp_acyclic_depvary_step8_batch_yyy05.pl,s2,yes,0.14,yes,corr,1.0
843,exp_acyclic_depvary_step8_batch_yyy05.pl,q4,yes,0.14,yes,corr,1.0
844,exp_acyclic_depvary_step8_batch_yyy05.pl,v1,,600.0,no,TIMEOUT,
845,exp_acyclic_depvary_step8_batch_yyy05.pl,f3,yes,0.12,yes,corr,1.0
846,exp_acyclic_depvary_step8_batch_yyy05.pl,t2,yes,0.09,yes,corr,1.0
847,exp_acyclic_depvary_step8_batch_yyy05.pl,b6,no,0.08,no,corr,0.0
848,exp_acyclic_depvary_step8_batch_yyy05.pl,q2,no,0.11,no,corr,1.0
849,exp_acyclic_depvary_step8_batch_yyy05.pl,t4,,600.0,no,TIMEOUT,
850,exp_acyclic_depvary_step8_batch_yyy05.pl,t5,no,0.06,no,corr,0.0
851,exp_acyclic_depvary_step8_batch_yyy06.pl,t4,yes,0.11,yes,corr,4.0
852,exp_acyclic_depvary_step8_batch_yyy06.pl,t3,yes,0.07,yes,corr,1.0
853,exp_acyclic_depvary_step8_batch_yyy06.pl,p3,no,0.05,no,corr,0.0
854,exp_acyclic_depvary_step8_batch_yyy06.pl,w3,yes,0.09,yes,corr,4.0
855,exp_acyclic_depvary_step8_batch_yyy06.pl,b3,no,0.1,no,corr,7.0
856,exp_acyclic_depvary_step8_batch_yyy06.pl,y4,,600.0,no,TIMEOUT,
857,exp_acyclic_depvary_step8_batch_yyy06.pl,s2,no,0.23,no,corr,5.0
858,exp_acyclic_depvary_step8_batch_yyy06.pl,c5,yes,0.47,yes,corr,9.0
859,exp_acyclic_depvary_step8_batch_yyy06.pl,x5,no,0.07,no,corr,0.0
860,exp_acyclic_depvary_step8_batch_yyy06.pl,t2,yes,0.49,yes,corr,6.0
861,exp_acyclic_depvary_step8_batch_yyy07.pl,s2,,600.0,no,TIMEOUT,
862,exp_acyclic_depvary_step8_batch_yyy07.pl,c6,no,0.08,no,corr,0.0
863,exp_acyclic_depvary_step8_batch_yyy07.pl,f4,no,0.08,no,corr,4.0
864,exp_acyclic_depvary_step8_batch_yyy07.pl,a2,yes,0.05,yes,corr,1.0
865,exp_acyclic_depvary_step8_batch_yyy07.pl,z4,no,0.05,no,corr,0.0
866,exp_acyclic_depvary_step8_batch_yyy07.pl,e4,no,0.06,no,corr,1.0
867,exp_acyclic_depvary_step8_batch_yyy07.pl,r2,yes,0.05,yes,corr,1.0
868,exp_acyclic_depvary_step8_batch_yyy07.pl,a1,yes,0.05,yes,corr,1.0
869,exp_acyclic_depvary_step8_batch_yyy07.pl,r3,no,0.05,no,corr,0.0
870,exp_acyclic_depvary_step8_batch_yyy07.pl,u2,yes,0.06,yes,corr,1.0
871,exp_acyclic_depvary_step8_batch_yyy08.pl,a5,yes,0.07,yes,corr,2.0
872,exp_acyclic_depvary_step8_batch_yyy08.pl,v1,no,0.05,no,corr,0.0
873,exp_acyclic_depvary_step8_batch_yyy08.pl,t2,yes,0.05,yes,corr,1.0
874,exp_acyclic_depvary_step8_batch_yyy08.pl,r1,no,0.05,no,corr,1.0
875,exp_acyclic_depvary_step8_batch_yyy08.pl,f4,yes,0.05,yes,corr,1.0
876,exp_acyclic_depvary_step8_batch_yyy08.pl,r2,yes,0.05,yes,corr,1.0
877,exp_acyclic_depvary_step8_batch_yyy08.pl,s4,no,0.05,no,corr,0.0
878,exp_acyclic_depvary_step8_batch_yyy08.pl,b3,no,0.28,no,corr,7.0
879,exp_acyclic_depvary_step8_batch_yyy08.pl,d1,yes,0.04,yes,corr,0.0
880,exp_acyclic_depvary_step8_batch_yyy08.pl,q1,yes,0.05,yes,corr,1.0
881,exp_acyclic_depvary_step8_batch_yyy09.pl,a4,no,0.06,no,corr,1.0
882,exp_acyclic_depvary_step8_batch_yyy09.pl,p2,yes,0.11,yes,corr,4.0
883,exp_acyclic_depvary_step8_batch_yyy09.pl,y2,no,0.05,no,corr,0.0
884,exp_acyclic_depvary_step8_batch_yyy09.pl,v3,yes,0.16,yes,corr,5.0
885,exp_acyclic_depvary_step8_batch_yyy09.pl,q1,yes,0.06,yes,corr,1.0
886,exp_acyclic_depvary_step8_batch_yyy09.pl,f2,no,0.05,no,corr,1.0
887,exp_acyclic_depvary_step8_batch_yyy09.pl,c3,no,0.1,no,corr,5.0
888,exp_acyclic_depvary_step8_batch_yyy09.pl,c4,no,0.06,no,corr,1.0
889,exp_acyclic_depvary_step8_batch_yyy09.pl,p5,yes,0.05,yes,corr,1.0
890,exp_acyclic_depvary_step8_batch_yyy09.pl,x3,yes,0.05,yes,corr,1.0
891,exp_acyclic_depvary_step8_batch_yyy10.pl,b2,yes,0.05,yes,corr,0.0
892,exp_acyclic_depvary_step8_batch_yyy10.pl,x3,no,0.06,no,corr,0.0
893,exp_acyclic_depvary_step8_batch_yyy10.pl,f1,yes,0.05,yes,corr,1.0
894,exp_acyclic_depvary_step8_batch_yyy10.pl,s5,no,0.06,no,corr,0.0
895,exp_acyclic_depvary_step8_batch_yyy10.pl,f5,no,0.05,no,corr,0.0
896,exp_acyclic_depvary_step8_batch_yyy10.pl,r4,yes,0.07,yes,corr,2.0
897,exp_acyclic_depvary_step8_batch_yyy10.pl,w3,no,0.08,no,corr,3.0
898,exp_acyclic_depvary_step8_batch_yyy10.pl,f2,yes,0.12,yes,corr,9.0
899,exp_acyclic_depvary_step8_batch_yyy10.pl,t5,no,0.05,no,corr,0.0
900,exp_acyclic_depvary_step8_batch_yyy10.pl,s3,yes,0.06,yes,corr,2.0
901,exp_acyclic_depvary_step9_batch_yyy01.pl,a6,no,0.05,no,corr,0.0
902,exp_acyclic_depvary_step9_batch_yyy01.pl,p5,yes,0.12,yes,corr,3.0
903,exp_acyclic_depvary_step9_batch_yyy01.pl,v5,no,0.05,no,corr,0.0
904,exp_acyclic_depvary_step9_batch_yyy01.pl,q4,no,0.06,no,corr,1.0
905,exp_acyclic_depvary_step9_batch_yyy01.pl,z3,yes,0.07,yes,corr,1.0
906,exp_acyclic_depvary_step9_batch_yyy01.pl,w2,yes,0.12,yes,corr,3.0
907,exp_acyclic_depvary_step9_batch_yyy01.pl,e5,no,0.06,no,corr,1.0
908,exp_acyclic_depvary_step9_batch_yyy01.pl,a4,yes,0.05,yes,corr,0.0
909,exp_acyclic_depvary_step9_batch_yyy01.pl,x2,yes,0.06,yes,corr,1.0
910,exp_acyclic_depvary_step9_batch_yyy01.pl,f5,no,0.06,no,corr,1.0
911,exp_acyclic_depvary_step9_batch_yyy02.pl,u5,no,4.56,no,corr,14.0
912,exp_acyclic_depvary_step9_batch_yyy02.pl,s3,yes,0.16,yes,corr,4.0
913,exp_acyclic_depvary_step9_batch_yyy02.pl,v2,yes,0.07,yes,corr,1.0
914,exp_acyclic_depvary_step9_batch_yyy02.pl,r4,,600.0,no,TIMEOUT,
915,exp_acyclic_depvary_step9_batch_yyy02.pl,u2,yes,0.09,yes,corr,1.0
916,exp_acyclic_depvary_step9_batch_yyy02.pl,q2,,600.0,no,TIMEOUT,
917,exp_acyclic_depvary_step9_batch_yyy02.pl,w2,no,0.05,no,corr,0.0
918,exp_acyclic_depvary_step9_batch_yyy02.pl,e5,,600.0,no,TIMEOUT,
919,exp_acyclic_depvary_step9_batch_yyy02.pl,s1,,600.0,no,TIMEOUT,
920,exp_acyclic_depvary_step9_batch_yyy02.pl,d2,yes,0.09,yes,corr,1.0
921,exp_acyclic_depvary_step9_batch_yyy03.pl,u5,yes,0.11,yes,corr,1.0
922,exp_acyclic_depvary_step9_batch_yyy03.pl,x3,no,0.16,no,corr,3.0
923,exp_acyclic_depvary_step9_batch_yyy03.pl,q5,no,0.12,no,corr,0.0
924,exp_acyclic_depvary_step9_batch_yyy03.pl,q4,yes,1.65,yes,corr,7.0
925,exp_acyclic_depvary_step9_batch_yyy03.pl,z4,no,0.1,no,corr,0.0
926,exp_acyclic_depvary_step9_batch_yyy03.pl,p2,yes,0.25,yes,corr,5.0
927,exp_acyclic_depvary_step9_batch_yyy03.pl,x1,yes,0.84,yes,corr,8.0
928,exp_acyclic_depvary_step9_batch_yyy03.pl,a1,no,0.21,no,corr,4.0
929,exp_acyclic_depvary_step9_batch_yyy03.pl,s4,no,0.13,no,corr,0.0
930,exp_acyclic_depvary_step9_batch_yyy03.pl,y4,yes,1.71,yes,corr,8.0
931,exp_acyclic_depvary_step9_batch_yyy04.pl,a6,no,0.12,no,corr,0.0
932,exp_acyclic_depvary_step9_batch_yyy04.pl,v2,no,0.1,no,corr,0.0
933,exp_acyclic_depvary_step9_batch_yyy04.pl,p5,yes,0.12,yes,corr,1.0
934,exp_acyclic_depvary_step9_batch_yyy04.pl,b1,no,0.17,no,corr,1.0
935,exp_acyclic_depvary_step9_batch_yyy04.pl,p3,no,0.21,no,corr,4.0
936,exp_acyclic_depvary_step9_batch_yyy04.pl,v4,no,0.1,no,corr,0.0
937,exp_acyclic_depvary_step9_batch_yyy04.pl,c6,no,0.13,no,corr,0.0
938,exp_acyclic_depvary_step9_batch_yyy04.pl,b5,yes,0.15,yes,corr,2.0
939,exp_acyclic_depvary_step9_batch_yyy04.pl,e2,no,0.36,no,corr,7.0
940,exp_acyclic_depvary_step9_batch_yyy04.pl,d1,no,0.19,no,corr,4.0
941,exp_acyclic_depvary_step9_batch_yyy05.pl,t5,yes,0.12,yes,corr,1.0
942,exp_acyclic_depvary_step9_batch_yyy05.pl,p5,yes,0.12,yes,corr,1.0
943,exp_acyclic_depvary_step9_batch_yyy05.pl,w5,no,0.1,no,corr,0.0
944,exp_acyclic_depvary_step9_batch_yyy05.pl,b4,yes,0.17,yes,corr,1.0
945,exp_acyclic_depvary_step9_batch_yyy05.pl,w1,no,0.24,no,corr,4.0
946,exp_acyclic_depvary_step9_batch_yyy05.pl,d1,yes,0.14,yes,corr,1.0
947,exp_acyclic_depvary_step9_batch_yyy05.pl,r5,yes,0.13,yes,corr,1.0
948,exp_acyclic_depvary_step9_batch_yyy05.pl,e4,no,351.2,no,corr,17.0
949,exp_acyclic_depvary_step9_batch_yyy05.pl,q3,no,0.07,no,corr,5.0
950,exp_acyclic_depvary_step9_batch_yyy05.pl,y2,yes,0.06,yes,corr,1.0
951,exp_acyclic_depvary_step9_batch_yyy06.pl,u4,yes,0.05,yes,corr,1.0
952,exp_acyclic_depvary_step9_batch_yyy06.pl,q5,no,0.05,no,corr,0.0
953,exp_acyclic_depvary_step9_batch_yyy06.pl,c5,no,0.05,no,corr,1.0
954,exp_acyclic_depvary_step9_batch_yyy06.pl,f4,no,0.06,no,corr,3.0
955,exp_acyclic_depvary_step9_batch_yyy06.pl,r2,,600.0,no,TIMEOUT,
956,exp_acyclic_depvary_step9_batch_yyy06.pl,t1,no,3.7,no,corr,13.0
957,exp_acyclic_depvary_step9_batch_yyy06.pl,s3,,600.0,no,TIMEOUT,
958,exp_acyclic_depvary_step9_batch_yyy06.pl,c4,no,0.06,no,corr,1.0
959,exp_acyclic_depvary_step9_batch_yyy06.pl,c1,no,0.08,no,corr,1.0
960,exp_acyclic_depvary_step9_batch_yyy06.pl,b5,yes,0.05,yes,corr,0.0
961,exp_acyclic_depvary_step9_batch_yyy07.pl,t4,yes,0.05,yes,corr,1.0
962,exp_acyclic_depvary_step9_batch_yyy07.pl,v2,no,0.05,no,corr,0.0
963,exp_acyclic_depvary_step9_batch_yyy07.pl,d4,,600.0,no,TIMEOUT,
964,exp_acyclic_depvary_step9_batch_yyy07.pl,w2,,600.0,no,TIMEOUT,
965,exp_acyclic_depvary_step9_batch_yyy07.pl,z1,yes,23.93,yes,corr,12.0
966,exp_acyclic_depvary_step9_batch_yyy07.pl,t2,no,0.1,no,corr,0.0
967,exp_acyclic_depvary_step9_batch_yyy07.pl,v4,yes,2.11,yes,corr,8.0
968,exp_acyclic_depvary_step9_batch_yyy07.pl,f4,,600.0,no,TIMEOUT,
969,exp_acyclic_depvary_step9_batch_yyy07.pl,a6,no,0.08,no,corr,0.0
970,exp_acyclic_depvary_step9_batch_yyy07.pl,y4,no,0.07,no,corr,0.0
971,exp_acyclic_depvary_step9_batch_yyy08.pl,d5,yes,0.12,yes,corr,3.0
972,exp_acyclic_depvary_step9_batch_yyy08.pl,t5,no,0.06,no,corr,0.0
973,exp_acyclic_depvary_step9_batch_yyy08.pl,b4,yes,0.06,yes,corr,0.0
974,exp_acyclic_depvary_step9_batch_yyy08.pl,b1,no,0.08,no,corr,1.0
975,exp_acyclic_depvary_step9_batch_yyy08.pl,y3,no,0.08,no,corr,0.0
976,exp_acyclic_depvary_step9_batch_yyy08.pl,f3,no,0.15,no,corr,4.0
977,exp_acyclic_depvary_step9_batch_yyy08.pl,q3,no,0.08,no,corr,0.0
978,exp_acyclic_depvary_step9_batch_yyy08.pl,a1,yes,0.11,yes,corr,2.0
979,exp_acyclic_depvary_step9_batch_yyy08.pl,p1,,600.0,no,TIMEOUT,
980,exp_acyclic_depvary_step9_batch_yyy08.pl,f2,no,0.15,no,corr,1.0
981,exp_acyclic_depvary_step9_batch_yyy09.pl,u2,no,0.26,no,corr,4.0
982,exp_acyclic_depvary_step9_batch_yyy09.pl,w3,yes,3.91,yes,corr,9.0
983,exp_acyclic_depvary_step9_batch_yyy09.pl,q2,yes,0.19,yes,corr,1.0
984,exp_acyclic_depvary_step9_batch_yyy09.pl,a6,no,0.12,no,corr,0.0
985,exp_acyclic_depvary_step9_batch_yyy09.pl,s4,yes,0.33,yes,corr,5.0
986,exp_acyclic_depvary_step9_batch_yyy09.pl,y4,,600.0,no,TIMEOUT,
987,exp_acyclic_depvary_step9_batch_yyy09.pl,a5,,600.0,no,TIMEOUT,
988,exp_acyclic_depvary_step9_batch_yyy09.pl,b1,no,0.14,no,corr,6.0
989,exp_acyclic_depvary_step9_batch_yyy09.pl,f4,,600.0,no,TIMEOUT,
990,exp_acyclic_depvary_step9_batch_yyy09.pl,z3,no,0.09,no,corr,0.0
991,exp_acyclic_depvary_step9_batch_yyy10.pl,u5,yes,0.14,yes,corr,1.0
992,exp_acyclic_depvary_step9_batch_yyy10.pl,x3,yes,0.14,yes,corr,1.0
993,exp_acyclic_depvary_step9_batch_yyy10.pl,w5,no,0.13,no,corr,0.0
994,exp_acyclic_depvary_step9_batch_yyy10.pl,c6,no,0.16,no,corr,0.0
995,exp_acyclic_depvary_step9_batch_yyy10.pl,u3,no,0.22,no,corr,4.0
996,exp_acyclic_depvary_step9_batch_yyy10.pl,q2,no,0.17,no,corr,1.0
997,exp_acyclic_depvary_step9_batch_yyy10.pl,b4,no,0.17,no,corr,1.0
998,exp_acyclic_depvary_step9_batch_yyy10.pl,q5,no,0.22,no,corr,3.0
999,exp_acyclic_depvary_step9_batch_yyy10.pl,d1,yes,0.13,yes,corr,0.0
1000,exp_acyclic_depvary_step9_batch_yyy10.pl,q1,yes,0.17,yes,corr,1.0
1001,exp_acyclic_indvary1_step1_batch_yyy01.pl,u1,no,0.11,no,corr,0.0
1002,exp_acyclic_indvary1_step1_batch_yyy01.pl,v5,no,0.12,no,corr,0.0
1003,exp_acyclic_indvary1_step1_batch_yyy01.pl,a5,no,0.11,no,corr,0.0
1004,exp_acyclic_indvary1_step1_batch_yyy01.pl,y3,no,0.11,no,corr,0.0
1005,exp_acyclic_indvary1_step1_batch_yyy01.pl,w1,no,0.11,no,corr,0.0
1006,exp_acyclic_indvary1_step1_batch_yyy01.pl,r4,no,0.12,no,corr,0.0
1007,exp_acyclic_indvary1_step1_batch_yyy01.pl,d2,yes,0.15,yes,corr,3.0
1008,exp_acyclic_indvary1_step1_batch_yyy01.pl,y5,no,0.13,no,corr,0.0
1009,exp_acyclic_indvary1_step1_batch_yyy01.pl,c3,no,0.15,no,corr,2.0
1010,exp_acyclic_indvary1_step1_batch_yyy01.pl,t4,no,0.1,no,corr,0.0
1011,exp_acyclic_indvary1_step1_batch_yyy02.pl,b2,no,0.17,no,corr,4.0
1012,exp_acyclic_indvary1_step1_batch_yyy02.pl,b3,yes,0.18,yes,corr,3.0
1013,exp_acyclic_indvary1_step1_batch_yyy02.pl,e1,yes,0.15,yes,corr,3.0
1014,exp_acyclic_indvary1_step1_batch_yyy02.pl,p5,no,0.1,no,corr,0.0
1015,exp_acyclic_indvary1_step1_batch_yyy02.pl,b5,no,0.12,no,corr,0.0
1016,exp_acyclic_indvary1_step1_batch_yyy02.pl,d2,no,0.25,no,corr,8.0
1017,exp_acyclic_indvary1_step1_batch_yyy02.pl,p1,yes,0.11,yes,corr,2.0
1018,exp_acyclic_indvary1_step1_batch_yyy02.pl,c5,no,0.11,no,corr,0.0
1019,exp_acyclic_indvary1_step1_batch_yyy02.pl,c2,yes,0.12,yes,corr,1.0
1020,exp_acyclic_indvary1_step1_batch_yyy02.pl,b1,no,0.12,no,corr,1.0
1021,exp_acyclic_indvary1_step1_batch_yyy03.pl,b2,yes,0.12,yes,corr,2.0
1022,exp_acyclic_indvary1_step1_batch_yyy03.pl,y4,no,0.13,no,corr,0.0
1023,exp_acyclic_indvary1_step1_batch_yyy03.pl,z5,no,0.13,no,corr,0.0
1024,exp_acyclic_indvary1_step1_batch_yyy03.pl,e5,no,0.11,no,corr,0.0
1025,exp_acyclic_indvary1_step1_batch_yyy03.pl,z4,no,0.12,no,corr,0.0
1026,exp_acyclic_indvary1_step1_batch_yyy03.pl,v4,no,0.11,no,corr,0.0
1027,exp_acyclic_indvary1_step1_batch_yyy03.pl,d2,yes,0.15,yes,corr,1.0
1028,exp_acyclic_indvary1_step1_batch_yyy03.pl,a1,yes,0.13,yes,corr,2.0
1029,exp_acyclic_indvary1_step1_batch_yyy03.pl,v3,no,0.1,no,corr,0.0
1030,exp_acyclic_indvary1_step1_batch_yyy03.pl,q1,yes,0.16,yes,corr,2.0
1031,exp_acyclic_indvary1_step1_batch_yyy04.pl,b3,no,0.14,no,corr,3.0
1032,exp_acyclic_indvary1_step1_batch_yyy04.pl,u4,no,0.11,no,corr,0.0
1033,exp_acyclic_indvary1_step1_batch_yyy04.pl,s2,no,0.12,no,corr,0.0
1034,exp_acyclic_indvary1_step1_batch_yyy04.pl,v1,no,0.11,no,corr,0.0
1035,exp_acyclic_indvary1_step1_batch_yyy04.pl,r4,no,0.11,no,corr,0.0
1036,exp_acyclic_indvary1_step1_batch_yyy04.pl,d2,yes,0.13,yes,corr,1.0
1037,exp_acyclic_indvary1_step1_batch_yyy04.pl,z3,no,0.11,no,corr,0.0
1038,exp_acyclic_indvary1_step1_batch_yyy04.pl,x4,no,0.14,no,corr,0.0
1039,exp_acyclic_indvary1_step1_batch_yyy04.pl,c1,yes,0.15,yes,corr,3.0
1040,exp_acyclic_indvary1_step1_batch_yyy04.pl,t2,no,0.1,no,corr,0.0
1041,exp_acyclic_indvary1_step1_batch_yyy05.pl,b1,yes,0.16,yes,corr,3.0
1042,exp_acyclic_indvary1_step1_batch_yyy05.pl,x2,no,0.09,no,corr,0.0
1043,exp_acyclic_indvary1_step1_batch_yyy05.pl,r5,no,0.1,no,corr,0.0
1044,exp_acyclic_indvary1_step1_batch_yyy05.pl,f3,no,0.11,no,corr,0.0
1045,exp_acyclic_indvary1_step1_batch_yyy05.pl,a3,no,0.16,no,corr,3.0
1046,exp_acyclic_indvary1_step1_batch_yyy05.pl,a2,yes,0.15,yes,corr,5.0
1047,exp_acyclic_indvary1_step1_batch_yyy05.pl,t4,no,0.11,no,corr,0.0
1048,exp_acyclic_indvary1_step1_batch_yyy05.pl,c4,no,0.11,no,corr,0.0
1049,exp_acyclic_indvary1_step1_batch_yyy05.pl,t2,no,0.1,no,corr,0.0
1050,exp_acyclic_indvary1_step1_batch_yyy05.pl,z2,no,0.11,no,corr,0.0
1051,exp_acyclic_indvary1_step1_batch_yyy06.pl,t4,no,0.11,no,corr,0.0
1052,exp_acyclic_indvary1_step1_batch_yyy06.pl,p4,no,0.12,no,corr,0.0
1053,exp_acyclic_indvary1_step1_batch_yyy06.pl,u1,no,0.11,no,corr,0.0
1054,exp_acyclic_indvary1_step1_batch_yyy06.pl,t3,no,0.11,no,corr,0.0
1055,exp_acyclic_indvary1_step1_batch_yyy06.pl,q4,no,0.1,no,corr,0.0
1056,exp_acyclic_indvary1_step1_batch_yyy06.pl,r3,no,0.11,no,corr,0.0
1057,exp_acyclic_indvary1_step1_batch_yyy06.pl,z1,no,0.11,no,corr,0.0
1058,exp_acyclic_indvary1_step1_batch_yyy06.pl,b1,yes,0.13,yes,corr,3.0
1059,exp_acyclic_indvary1_step1_batch_yyy06.pl,u3,no,0.09,no,corr,0.0
1060,exp_acyclic_indvary1_step1_batch_yyy06.pl,r4,no,0.11,no,corr,0.0
1061,exp_acyclic_indvary1_step1_batch_yyy07.pl,w2,no,0.1,no,corr,0.0
1062,exp_acyclic_indvary1_step1_batch_yyy07.pl,u4,no,0.12,no,corr,0.0
1063,exp_acyclic_indvary1_step1_batch_yyy07.pl,c2,no,0.11,no,corr,1.0
1064,exp_acyclic_indvary1_step1_batch_yyy07.pl,z4,no,0.11,no,corr,0.0
1065,exp_acyclic_indvary1_step1_batch_yyy07.pl,f3,no,0.11,no,corr,0.0
1066,exp_acyclic_indvary1_step1_batch_yyy07.pl,e3,no,0.12,no,corr,0.0
1067,exp_acyclic_indvary1_step1_batch_yyy07.pl,y1,no,0.11,no,corr,0.0
1068,exp_acyclic_indvary1_step1_batch_yyy07.pl,w3,no,0.14,no,corr,0.0
1069,exp_acyclic_indvary1_step1_batch_yyy07.pl,e2,no,0.11,no,corr,1.0
1070,exp_acyclic_indvary1_step1_batch_yyy07.pl,d1,yes,0.14,yes,corr,3.0
1071,exp_acyclic_indvary1_step1_batch_yyy08.pl,y4,no,0.09,no,corr,0.0
1072,exp_acyclic_indvary1_step1_batch_yyy08.pl,z5,no,0.11,no,corr,0.0
1073,exp_acyclic_indvary1_step1_batch_yyy08.pl,w5,no,0.11,no,corr,0.0
1074,exp_acyclic_indvary1_step1_batch_yyy08.pl,f5,no,0.1,no,corr,0.0
1075,exp_acyclic_indvary1_step1_batch_yyy08.pl,z4,no,0.1,no,corr,0.0
1076,exp_acyclic_indvary1_step1_batch_yyy08.pl,x5,no,0.12,no,corr,0.0
1077,exp_acyclic_indvary1_step1_batch_yyy08.pl,f4,no,0.13,no,corr,0.0
1078,exp_acyclic_indvary1_step1_batch_yyy08.pl,y5,no,0.13,no,corr,0.0
1079,exp_acyclic_indvary1_step1_batch_yyy08.pl,s2,no,0.11,no,corr,0.0
1080,exp_acyclic_indvary1_step1_batch_yyy08.pl,b1,no,0.12,no,corr,1.0
1081,exp_acyclic_indvary1_step1_batch_yyy09.pl,s3,no,0.14,no,corr,0.0
1082,exp_acyclic_indvary1_step1_batch_yyy09.pl,z5,no,0.14,no,corr,0.0
1083,exp_acyclic_indvary1_step1_batch_yyy09.pl,s5,no,0.11,no,corr,0.0
1084,exp_acyclic_indvary1_step1_batch_yyy09.pl,x2,no,0.13,no,corr,0.0
1085,exp_acyclic_indvary1_step1_batch_yyy09.pl,e4,no,0.11,no,corr,0.0
1086,exp_acyclic_indvary1_step1_batch_yyy09.pl,u2,no,0.11,no,corr,0.0
1087,exp_acyclic_indvary1_step1_batch_yyy09.pl,p1,yes,0.11,yes,corr,1.0
1088,exp_acyclic_indvary1_step1_batch_yyy09.pl,a2,no,0.11,no,corr,1.0
1089,exp_acyclic_indvary1_step1_batch_yyy09.pl,s2,no,0.1,no,corr,0.0
1090,exp_acyclic_indvary1_step1_batch_yyy09.pl,z1,no,0.09,no,corr,0.0
1091,exp_acyclic_indvary1_step1_batch_yyy10.pl,d5,no,0.11,no,corr,0.0
1092,exp_acyclic_indvary1_step1_batch_yyy10.pl,v2,no,0.11,no,corr,0.0
1093,exp_acyclic_indvary1_step1_batch_yyy10.pl,p5,no,0.11,no,corr,0.0
1094,exp_acyclic_indvary1_step1_batch_yyy10.pl,v5,no,0.1,no,corr,0.0
1095,exp_acyclic_indvary1_step1_batch_yyy10.pl,a4,no,0.12,no,corr,0.0
1096,exp_acyclic_indvary1_step1_batch_yyy10.pl,p3,no,0.11,no,corr,0.0
1097,exp_acyclic_indvary1_step1_batch_yyy10.pl,d2,yes,0.13,yes,corr,1.0
1098,exp_acyclic_indvary1_step1_batch_yyy10.pl,u2,no,0.1,no,corr,0.0
1099,exp_acyclic_indvary1_step1_batch_yyy10.pl,b6,no,0.11,no,corr,0.0
1100,exp_acyclic_indvary1_step1_batch_yyy10.pl,a1,no,0.12,no,corr,1.0
1101,exp_acyclic_indvary1_step2_batch_yyy01.pl,d5,no,0.12,no,corr,0.0
1102,exp_acyclic_indvary1_step2_batch_yyy01.pl,z5,no,0.13,no,corr,0.0
1103,exp_acyclic_indvary1_step2_batch_yyy01.pl,p4,no,0.12,no,corr,0.0
1104,exp_acyclic_indvary1_step2_batch_yyy01.pl,z4,no,0.11,no,corr,0.0
1105,exp_acyclic_indvary1_step2_batch_yyy01.pl,u3,no,0.1,no,corr,0.0
1106,exp_acyclic_indvary1_step2_batch_yyy01.pl,r1,yes,0.15,yes,corr,1.0
1107,exp_acyclic_indvary1_step2_batch_yyy01.pl,a1,yes,0.12,yes,corr,1.0
1108,exp_acyclic_indvary1_step2_batch_yyy01.pl,v3,no,0.11,no,corr,0.0
1109,exp_acyclic_indvary1_step2_batch_yyy01.pl,d1,no,0.12,no,corr,1.0
1110,exp_acyclic_indvary1_step2_batch_yyy01.pl,u2,no,0.12,no,corr,0.0
1111,exp_acyclic_indvary1_step2_batch_yyy02.pl,w2,no,0.15,no,corr,0.0
1112,exp_acyclic_indvary1_step2_batch_yyy02.pl,a5,no,0.12,no,corr,0.0
1113,exp_acyclic_indvary1_step2_batch_yyy02.pl,y3,no,0.13,no,corr,0.0
1114,exp_acyclic_indvary1_step2_batch_yyy02.pl,w4,no,0.13,no,corr,0.0
1115,exp_acyclic_indvary1_step2_batch_yyy02.pl,p2,yes,0.13,yes,corr,1.0
1116,exp_acyclic_indvary1_step2_batch_yyy02.pl,a3,yes,0.11,yes,corr,0.0
1117,exp_acyclic_indvary1_step2_batch_yyy02.pl,x5,no,0.12,no,corr,0.0
1118,exp_acyclic_indvary1_step2_batch_yyy02.pl,t2,no,0.13,no,corr,0.0
1119,exp_acyclic_indvary1_step2_batch_yyy02.pl,u3,no,0.11,no,corr,0.0
1120,exp_acyclic_indvary1_step2_batch_yyy02.pl,e3,no,0.11,no,corr,0.0
1121,exp_acyclic_indvary1_step2_batch_yyy03.pl,v2,no,0.11,no,corr,0.0
1122,exp_acyclic_indvary1_step2_batch_yyy03.pl,c5,no,0.11,no,corr,0.0
1123,exp_acyclic_indvary1_step2_batch_yyy03.pl,b5,no,0.14,no,corr,0.0
1124,exp_acyclic_indvary1_step2_batch_yyy03.pl,v4,no,0.11,no,corr,0.0
1125,exp_acyclic_indvary1_step2_batch_yyy03.pl,a3,no,0.12,no,corr,1.0
1126,exp_acyclic_indvary1_step2_batch_yyy03.pl,x1,yes,0.12,yes,corr,1.0
1127,exp_acyclic_indvary1_step2_batch_yyy03.pl,y5,no,0.1,no,corr,0.0
1128,exp_acyclic_indvary1_step2_batch_yyy03.pl,t4,no,0.13,no,corr,0.0
1129,exp_acyclic_indvary1_step2_batch_yyy03.pl,t5,no,0.12,no,corr,0.0
1130,exp_acyclic_indvary1_step2_batch_yyy03.pl,s3,no,0.1,no,corr,0.0
1131,exp_acyclic_indvary1_step2_batch_yyy04.pl,u5,no,0.12,no,corr,0.0
1132,exp_acyclic_indvary1_step2_batch_yyy04.pl,s3,no,0.1,no,corr,0.0
1133,exp_acyclic_indvary1_step2_batch_yyy04.pl,u1,yes,0.13,yes,corr,1.0
1134,exp_acyclic_indvary1_step2_batch_yyy04.pl,d3,no,0.1,no,corr,0.0
1135,exp_acyclic_indvary1_step2_batch_yyy04.pl,w5,no,0.11,no,corr,0.0
1136,exp_acyclic_indvary1_step2_batch_yyy04.pl,c5,no,0.1,no,corr,0.0
1137,exp_acyclic_indvary1_step2_batch_yyy04.pl,v4,no,0.13,no,corr,0.0
1138,exp_acyclic_indvary1_step2_batch_yyy04.pl,p2,yes,0.18,yes,corr,5.0
1139,exp_acyclic_indvary1_step2_batch_yyy04.pl,a1,yes,0.11,yes,corr,0.0
1140,exp_acyclic_indvary1_step2_batch_yyy04.pl,d1,no,0.27,no,corr,10.0
1141,exp_acyclic_indvary1_step2_batch_yyy05.pl,p5,no,0.12,no,corr,0.0
1142,exp_acyclic_indvary1_step2_batch_yyy05.pl,w2,no,0.11,no,corr,0.0
1143,exp_acyclic_indvary1_step2_batch_yyy05.pl,s5,no,0.13,no,corr,0.0
1144,exp_acyclic_indvary1_step2_batch_yyy05.pl,d2,no,0.27,no,corr,8.0
1145,exp_acyclic_indvary1_step2_batch_yyy05.pl,v3,no,0.1,no,corr,0.0
1146,exp_acyclic_indvary1_step2_batch_yyy05.pl,u2,no,0.12,no,corr,0.0
1147,exp_acyclic_indvary1_step2_batch_yyy05.pl,u5,no,0.12,no,corr,0.0
1148,exp_acyclic_indvary1_step2_batch_yyy05.pl,d5,no,0.12,no,corr,0.0
1149,exp_acyclic_indvary1_step2_batch_yyy05.pl,a4,no,0.1,no,corr,0.0
1150,exp_acyclic_indvary1_step2_batch_yyy05.pl,f5,no,0.1,no,corr,0.0
1151,exp_acyclic_indvary1_step2_batch_yyy06.pl,q4,no,0.14,no,corr,0.0
1152,exp_acyclic_indvary1_step2_batch_yyy06.pl,z4,no,0.1,no,corr,0.0
1153,exp_acyclic_indvary1_step2_batch_yyy06.pl,v1,yes,0.13,yes,corr,1.0
1154,exp_acyclic_indvary1_step2_batch_yyy06.pl,x5,no,0.09,no,corr,0.0
1155,exp_acyclic_indvary1_step2_batch_yyy06.pl,s1,yes,0.13,yes,corr,1.0
1156,exp_acyclic_indvary1_step2_batch_yyy06.pl,v3,no,0.1,no,corr,0.0
1157,exp_acyclic_indvary1_step2_batch_yyy06.pl,w3,no,0.13,no,corr,0.0
1158,exp_acyclic_indvary1_step2_batch_yyy06.pl,q2,yes,0.25,yes,corr,6.0
1159,exp_acyclic_indvary1_step2_batch_yyy06.pl,w2,no,0.09,no,corr,0.0
1160,exp_acyclic_indvary1_step2_batch_yyy06.pl,e5,no,0.1,no,corr,0.0
1161,exp_acyclic_indvary1_step2_batch_yyy07.pl,a6,no,0.09,no,corr,0.0
1162,exp_acyclic_indvary1_step2_batch_yyy07.pl,e5,no,0.1,no,corr,0.0
1163,exp_acyclic_indvary1_step2_batch_yyy07.pl,d3,no,0.11,no,corr,0.0
1164,exp_acyclic_indvary1_step2_batch_yyy07.pl,q5,no,0.11,no,corr,0.0
1165,exp_acyclic_indvary1_step2_batch_yyy07.pl,s1,yes,0.12,yes,corr,1.0
1166,exp_acyclic_indvary1_step2_batch_yyy07.pl,p2,no,0.12,no,corr,3.0
1167,exp_acyclic_indvary1_step2_batch_yyy07.pl,c3,no,0.55,no,corr,12.0
1168,exp_acyclic_indvary1_step2_batch_yyy07.pl,s3,no,0.09,no,corr,0.0
1169,exp_acyclic_indvary1_step2_batch_yyy07.pl,a2,no,0.12,no,corr,1.0
1170,exp_acyclic_indvary1_step2_batch_yyy07.pl,x4,no,0.11,no,corr,0.0
1171,exp_acyclic_indvary1_step2_batch_yyy08.pl,d5,no,0.13,no,corr,0.0
1172,exp_acyclic_indvary1_step2_batch_yyy08.pl,s3,no,0.1,no,corr,0.0
1173,exp_acyclic_indvary1_step2_batch_yyy08.pl,b2,yes,0.23,yes,corr,8.0
1174,exp_acyclic_indvary1_step2_batch_yyy08.pl,u1,no,0.17,no,corr,6.0
1175,exp_acyclic_indvary1_step2_batch_yyy08.pl,d2,yes,0.11,yes,corr,1.0
1176,exp_acyclic_indvary1_step2_batch_yyy08.pl,b6,no,0.11,no,corr,0.0
1177,exp_acyclic_indvary1_step2_batch_yyy08.pl,d1,no,0.2,no,corr,5.0
1178,exp_acyclic_indvary1_step2_batch_yyy08.pl,y5,no,0.1,no,corr,0.0
1179,exp_acyclic_indvary1_step2_batch_yyy08.pl,x5,no,0.1,no,corr,0.0
1180,exp_acyclic_indvary1_step2_batch_yyy08.pl,z2,no,0.1,no,corr,0.0
1181,exp_acyclic_indvary1_step2_batch_yyy09.pl,a6,no,0.11,no,corr,0.0
1182,exp_acyclic_indvary1_step2_batch_yyy09.pl,p4,no,0.12,no,corr,0.0
1183,exp_acyclic_indvary1_step2_batch_yyy09.pl,f1,yes,0.12,yes,corr,1.0
1184,exp_acyclic_indvary1_step2_batch_yyy09.pl,z1,yes,0.11,yes,corr,1.0
1185,exp_acyclic_indvary1_step2_batch_yyy09.pl,a4,no,0.12,no,corr,0.0
1186,exp_acyclic_indvary1_step2_batch_yyy09.pl,t1,yes,0.15,yes,corr,1.0
1187,exp_acyclic_indvary1_step2_batch_yyy09.pl,a2,yes,0.13,yes,corr,1.0
1188,exp_acyclic_indvary1_step2_batch_yyy09.pl,q2,no,0.11,no,corr,1.0
1189,exp_acyclic_indvary1_step2_batch_yyy09.pl,t2,no,0.1,no,corr,0.0
1190,exp_acyclic_indvary1_step2_batch_yyy09.pl,c6,no,0.12,no,corr,0.0
1191,exp_acyclic_indvary1_step2_batch_yyy10.pl,u5,no,0.1,no,corr,0.0
1192,exp_acyclic_indvary1_step2_batch_yyy10.pl,e5,no,0.11,no,corr,0.0
1193,exp_acyclic_indvary1_step2_batch_yyy10.pl,z1,yes,0.12,yes,corr,1.0
1194,exp_acyclic_indvary1_step2_batch_yyy10.pl,x5,no,0.11,no,corr,0.0
1195,exp_acyclic_indvary1_step2_batch_yyy10.pl,a3,yes,0.13,yes,corr,1.0
1196,exp_acyclic_indvary1_step2_batch_yyy10.pl,r2,yes,0.16,yes,corr,3.0
1197,exp_acyclic_indvary1_step2_batch_yyy10.pl,v3,no,0.11,no,corr,0.0
1198,exp_acyclic_indvary1_step2_batch_yyy10.pl,q1,no,0.14,no,corr,3.0
1199,exp_acyclic_indvary1_step2_batch_yyy10.pl,v5,no,0.09,no,corr,0.0
1200,exp_acyclic_indvary1_step2_batch_yyy10.pl,w5,no,0.1,no,corr,0.0
1201,exp_acyclic_indvary1_step3_batch_yyy01.pl,p5,no,0.11,no,corr,0.0
1202,exp_acyclic_indvary1_step3_batch_yyy01.pl,w5,no,0.13,no,corr,0.0
1203,exp_acyclic_indvary1_step3_batch_yyy01.pl,q5,no,0.1,no,corr,0.0
1204,exp_acyclic_indvary1_step3_batch_yyy01.pl,v1,no,0.11,no,corr,0.0
1205,exp_acyclic_indvary1_step3_batch_yyy01.pl,z2,yes,0.12,yes,corr,2.0
1206,exp_acyclic_indvary1_step3_batch_yyy01.pl,v3,no,0.09,no,corr,0.0
1207,exp_acyclic_indvary1_step3_batch_yyy01.pl,a6,no,0.1,no,corr,0.0
1208,exp_acyclic_indvary1_step3_batch_yyy01.pl,y4,no,0.11,no,corr,0.0
1209,exp_acyclic_indvary1_step3_batch_yyy01.pl,w2,no,14.17,no,corr,15.0
1210,exp_acyclic_indvary1_step3_batch_yyy01.pl,u1,no,0.17,no,corr,5.0
1211,exp_acyclic_indvary1_step3_batch_yyy02.pl,t3,no,0.11,no,corr,0.0
1212,exp_acyclic_indvary1_step3_batch_yyy02.pl,f3,no,0.11,no,corr,0.0
1213,exp_acyclic_indvary1_step3_batch_yyy02.pl,e3,no,0.12,no,corr,0.0
1214,exp_acyclic_indvary1_step3_batch_yyy02.pl,y1,yes,0.34,yes,corr,7.0
1215,exp_acyclic_indvary1_step3_batch_yyy02.pl,y2,yes,0.11,yes,corr,1.0
1216,exp_acyclic_indvary1_step3_batch_yyy02.pl,f2,no,0.14,no,corr,1.0
1217,exp_acyclic_indvary1_step3_batch_yyy02.pl,c2,yes,0.1,yes,corr,0.0
1218,exp_acyclic_indvary1_step3_batch_yyy02.pl,b1,no,0.13,no,corr,2.0
1219,exp_acyclic_indvary1_step3_batch_yyy02.pl,d1,no,0.15,no,corr,3.0
1220,exp_acyclic_indvary1_step3_batch_yyy02.pl,t1,yes,0.1,yes,corr,1.0
1221,exp_acyclic_indvary1_step3_batch_yyy03.pl,y4,no,0.1,no,corr,0.0
1222,exp_acyclic_indvary1_step3_batch_yyy03.pl,c6,no,0.11,no,corr,0.0
1223,exp_acyclic_indvary1_step3_batch_yyy03.pl,d2,yes,0.12,yes,corr,1.0
1224,exp_acyclic_indvary1_step3_batch_yyy03.pl,w3,no,0.1,no,corr,0.0
1225,exp_acyclic_indvary1_step3_batch_yyy03.pl,t4,no,0.09,no,corr,0.0
1226,exp_acyclic_indvary1_step3_batch_yyy03.pl,t5,no,0.09,no,corr,0.0
1227,exp_acyclic_indvary1_step3_batch_yyy03.pl,s5,no,0.11,no,corr,0.0
1228,exp_acyclic_indvary1_step3_batch_yyy03.pl,q5,no,0.11,no,corr,0.0
1229,exp_acyclic_indvary1_step3_batch_yyy03.pl,a4,no,0.11,no,corr,0.0
1230,exp_acyclic_indvary1_step3_batch_yyy03.pl,x2,no,0.3,no,corr,6.0
1231,exp_acyclic_indvary1_step3_batch_yyy04.pl,t4,no,0.09,no,corr,0.0
1232,exp_acyclic_indvary1_step3_batch_yyy04.pl,p5,no,0.11,no,corr,0.0
1233,exp_acyclic_indvary1_step3_batch_yyy04.pl,t3,no,0.11,no,corr,0.0
1234,exp_acyclic_indvary1_step3_batch_yyy04.pl,s2,yes,0.12,yes,corr,1.0
1235,exp_acyclic_indvary1_step3_batch_yyy04.pl,q4,no,0.1,no,corr,0.0
1236,exp_acyclic_indvary1_step3_batch_yyy04.pl,z3,no,0.13,no,corr,0.0
1237,exp_acyclic_indvary1_step3_batch_yyy04.pl,d3,no,0.11,no,corr,0.0
1238,exp_acyclic_indvary1_step3_batch_yyy04.pl,u4,no,0.12,no,corr,0.0
1239,exp_acyclic_indvary1_step3_batch_yyy04.pl,v4,no,0.1,no,corr,0.0
1240,exp_acyclic_indvary1_step3_batch_yyy04.pl,e3,no,0.14,no,corr,0.0
1241,exp_acyclic_indvary1_step3_batch_yyy05.pl,u5,no,0.13,no,corr,0.0
1242,exp_acyclic_indvary1_step3_batch_yyy05.pl,t4,no,0.11,no,corr,0.0
1243,exp_acyclic_indvary1_step3_batch_yyy05.pl,v2,yes,0.13,yes,corr,2.0
1244,exp_acyclic_indvary1_step3_batch_yyy05.pl,d4,no,0.1,no,corr,0.0
1245,exp_acyclic_indvary1_step3_batch_yyy05.pl,u4,no,0.09,no,corr,0.0
1246,exp_acyclic_indvary1_step3_batch_yyy05.pl,v5,no,0.09,no,corr,0.0
1247,exp_acyclic_indvary1_step3_batch_yyy05.pl,q4,no,0.12,no,corr,0.0
1248,exp_acyclic_indvary1_step3_batch_yyy05.pl,p3,no,0.2,no,corr,5.0
1249,exp_acyclic_indvary1_step3_batch_yyy05.pl,y5,no,0.1,no,corr,0.0
1250,exp_acyclic_indvary1_step3_batch_yyy05.pl,q2,no,0.19,no,corr,5.0
1251,exp_acyclic_indvary1_step3_batch_yyy06.pl,c3,yes,0.1,yes,corr,0.0
1252,exp_acyclic_indvary1_step3_batch_yyy06.pl,e5,no,0.11,no,corr,0.0
1253,exp_acyclic_indvary1_step3_batch_yyy06.pl,s5,no,0.09,no,corr,0.0
1254,exp_acyclic_indvary1_step3_batch_yyy06.pl,s2,yes,0.13,yes,corr,1.0
1255,exp_acyclic_indvary1_step3_batch_yyy06.pl,f3,no,0.09,no,corr,0.0
1256,exp_acyclic_indvary1_step3_batch_yyy06.pl,r4,no,0.1,no,corr,0.0
1257,exp_acyclic_indvary1_step3_batch_yyy06.pl,z3,no,0.11,no,corr,0.0
1258,exp_acyclic_indvary1_step3_batch_yyy06.pl,r2,no,0.11,no,corr,0.0
1259,exp_acyclic_indvary1_step3_batch_yyy06.pl,x4,no,0.1,no,corr,0.0
1260,exp_acyclic_indvary1_step3_batch_yyy06.pl,q2,yes,0.11,yes,corr,1.0
1261,exp_acyclic_indvary1_step3_batch_yyy07.pl,c4,no,0.1,no,corr,0.0
1262,exp_acyclic_indvary1_step3_batch_yyy07.pl,u4,no,0.1,no,corr,0.0
1263,exp_acyclic_indvary1_step3_batch_yyy07.pl,e4,no,0.09,no,corr,0.0
1264,exp_acyclic_indvary1_step3_batch_yyy07.pl,r4,no,0.11,no,corr,0.0
1265,exp_acyclic_indvary1_step3_batch_yyy07.pl,p2,no,0.19,no,corr,5.0
1266,exp_acyclic_indvary1_step3_batch_yyy07.pl,f4,no,0.09,no,corr,0.0
1267,exp_acyclic_indvary1_step3_batch_yyy07.pl,q1,yes,0.16,yes,corr,3.0
1268,exp_acyclic_indvary1_step3_batch_yyy07.pl,a2,yes,0.1,yes,corr,0.0
1269,exp_acyclic_indvary1_step3_batch_yyy07.pl,c2,no,0.12,no,corr,1.0
1270,exp_acyclic_indvary1_step3_batch_yyy07.pl,a5,no,0.11,no,corr,0.0
1271,exp_acyclic_indvary1_step3_batch_yyy08.pl,u1,yes,0.12,yes,corr,1.0
1272,exp_acyclic_indvary1_step3_batch_yyy08.pl,q4,no,0.1,no,corr,0.0
1273,exp_acyclic_indvary1_step3_batch_yyy08.pl,e4,no,0.11,no,corr,0.0
1274,exp_acyclic_indvary1_step3_batch_yyy08.pl,w1,no,0.12,no,corr,0.0
1275,exp_acyclic_indvary1_step3_batch_yyy08.pl,v4,no,0.1,no,corr,0.0
1276,exp_acyclic_indvary1_step3_batch_yyy08.pl,f2,no,0.15,no,corr,1.0
1277,exp_acyclic_indvary1_step3_batch_yyy08.pl,b4,no,0.11,no,corr,0.0
1278,exp_acyclic_indvary1_step3_batch_yyy08.pl,q5,no,0.11,no,corr,0.0
1279,exp_acyclic_indvary1_step3_batch_yyy08.pl,c2,yes,0.13,yes,corr,1.0
1280,exp_acyclic_indvary1_step3_batch_yyy08.pl,b1,no,0.13,no,corr,1.0
1281,exp_acyclic_indvary1_step3_batch_yyy09.pl,b3,yes,0.15,yes,corr,2.0
1282,exp_acyclic_indvary1_step3_batch_yyy09.pl,d4,no,0.1,no,corr,0.0
1283,exp_acyclic_indvary1_step3_batch_yyy09.pl,u1,no,0.18,no,corr,4.0
1284,exp_acyclic_indvary1_step3_batch_yyy09.pl,t3,no,0.1,no,corr,0.0
1285,exp_acyclic_indvary1_step3_batch_yyy09.pl,q4,no,0.09,no,corr,0.0
1286,exp_acyclic_indvary1_step3_batch_yyy09.pl,v1,no,0.17,no,corr,5.0
1287,exp_acyclic_indvary1_step3_batch_yyy09.pl,q1,no,0.1,no,corr,0.0
1288,exp_acyclic_indvary1_step3_batch_yyy09.pl,c1,no,0.11,no,corr,1.0
1289,exp_acyclic_indvary1_step3_batch_yyy09.pl,t2,no,0.13,no,corr,3.0
1290,exp_acyclic_indvary1_step3_batch_yyy09.pl,c6,no,0.09,no,corr,0.0
1291,exp_acyclic_indvary1_step3_batch_yyy10.pl,e1,yes,0.11,yes,corr,1.0
1292,exp_acyclic_indvary1_step3_batch_yyy10.pl,w5,no,0.11,no,corr,0.0
1293,exp_acyclic_indvary1_step3_batch_yyy10.pl,z1,yes,0.11,yes,corr,1.0
1294,exp_acyclic_indvary1_step3_batch_yyy10.pl,a4,no,0.1,no,corr,0.0
1295,exp_acyclic_indvary1_step3_batch_yyy10.pl,p3,no,0.24,no,corr,7.0
1296,exp_acyclic_indvary1_step3_batch_yyy10.pl,b6,no,0.09,no,corr,0.0
1297,exp_acyclic_indvary1_step3_batch_yyy10.pl,d1,no,0.11,no,corr,1.0
1298,exp_acyclic_indvary1_step3_batch_yyy10.pl,c3,no,0.13,no,corr,1.0
1299,exp_acyclic_indvary1_step3_batch_yyy10.pl,t5,no,0.1,no,corr,0.0
1300,exp_acyclic_indvary1_step3_batch_yyy10.pl,s3,no,0.11,no,corr,0.0
1301,exp_acyclic_indvary1_step4_batch_yyy01.pl,u1,yes,0.21,yes,corr,5.0
1302,exp_acyclic_indvary1_step4_batch_yyy01.pl,a5,no,0.11,no,corr,0.0
1303,exp_acyclic_indvary1_step4_batch_yyy01.pl,e4,no,0.09,no,corr,0.0
1304,exp_acyclic_indvary1_step4_batch_yyy01.pl,v4,no,0.1,no,corr,0.0
1305,exp_acyclic_indvary1_step4_batch_yyy01.pl,v3,yes,0.14,yes,corr,3.0
1306,exp_acyclic_indvary1_step4_batch_yyy01.pl,e2,no,0.13,no,corr,3.0
1307,exp_acyclic_indvary1_step4_batch_yyy01.pl,s5,no,0.09,no,corr,0.0
1308,exp_acyclic_indvary1_step4_batch_yyy01.pl,q5,no,0.09,no,corr,0.0
1309,exp_acyclic_indvary1_step4_batch_yyy01.pl,y2,yes,0.11,yes,corr,1.0
1310,exp_acyclic_indvary1_step4_batch_yyy01.pl,x1,no,0.1,no,corr,0.0
1311,exp_acyclic_indvary1_step4_batch_yyy02.pl,s3,yes,0.13,yes,corr,1.0
1312,exp_acyclic_indvary1_step4_batch_yyy02.pl,b1,no,0.11,no,corr,1.0
1313,exp_acyclic_indvary1_step4_batch_yyy02.pl,w4,no,0.1,no,corr,0.0
1314,exp_acyclic_indvary1_step4_batch_yyy02.pl,a3,yes,0.13,yes,corr,0.0
1315,exp_acyclic_indvary1_step4_batch_yyy02.pl,x1,no,0.1,no,corr,0.0
1316,exp_acyclic_indvary1_step4_batch_yyy02.pl,a1,yes,0.12,yes,corr,0.0
1317,exp_acyclic_indvary1_step4_batch_yyy02.pl,r3,no,0.18,no,corr,4.0
1318,exp_acyclic_indvary1_step4_batch_yyy02.pl,f2,yes,0.1,yes,corr,0.0
1319,exp_acyclic_indvary1_step4_batch_yyy02.pl,b3,yes,0.19,yes,corr,5.0
1320,exp_acyclic_indvary1_step4_batch_yyy02.pl,y4,no,0.1,no,corr,0.0
1321,exp_acyclic_indvary1_step4_batch_yyy03.pl,u5,no,0.09,no,corr,0.0
1322,exp_acyclic_indvary1_step4_batch_yyy03.pl,q4,no,0.29,no,corr,10.0
1323,exp_acyclic_indvary1_step4_batch_yyy03.pl,z4,no,0.09,no,corr,0.0
1324,exp_acyclic_indvary1_step4_batch_yyy03.pl,y2,no,0.09,no,corr,0.0
1325,exp_acyclic_indvary1_step4_batch_yyy03.pl,r2,yes,0.14,yes,corr,1.0
1326,exp_acyclic_indvary1_step4_batch_yyy03.pl,v3,no,0.09,no,corr,0.0
1327,exp_acyclic_indvary1_step4_batch_yyy03.pl,t4,no,0.1,no,corr,0.0
1328,exp_acyclic_indvary1_step4_batch_yyy03.pl,c4,no,0.1,no,corr,0.0
1329,exp_acyclic_indvary1_step4_batch_yyy03.pl,p5,no,0.1,no,corr,0.0
1330,exp_acyclic_indvary1_step4_batch_yyy03.pl,x3,yes,0.12,yes,corr,1.0
1331,exp_acyclic_indvary1_step4_batch_yyy04.pl,a6,no,0.09,no,corr,0.0
1332,exp_acyclic_indvary1_step4_batch_yyy04.pl,z5,no,0.1,no,corr,0.0
1333,exp_acyclic_indvary1_step4_batch_yyy04.pl,p2,yes,0.12,yes,corr,1.0
1334,exp_acyclic_indvary1_step4_batch_yyy04.pl,a3,yes,0.09,yes,corr,0.0
1335,exp_acyclic_indvary1_step4_batch_yyy04.pl,w3,no,0.52,no,corr,8.0
1336,exp_acyclic_indvary1_step4_batch_yyy04.pl,f2,no,0.1,no,corr,1.0
1337,exp_acyclic_indvary1_step4_batch_yyy04.pl,c2,yes,0.11,yes,corr,0.0
1338,exp_acyclic_indvary1_step4_batch_yyy04.pl,b1,yes,0.1,yes,corr,0.0
1339,exp_acyclic_indvary1_step4_batch_yyy04.pl,e3,no,0.1,no,corr,0.0
1340,exp_acyclic_indvary1_step4_batch_yyy04.pl,r4,no,0.12,no,corr,0.0
1341,exp_acyclic_indvary1_step4_batch_yyy05.pl,v2,no,0.11,no,corr,0.0
1342,exp_acyclic_indvary1_step4_batch_yyy05.pl,w5,no,0.1,no,corr,0.0
1343,exp_acyclic_indvary1_step4_batch_yyy05.pl,b4,no,0.1,no,corr,0.0
1344,exp_acyclic_indvary1_step4_batch_yyy05.pl,c5,no,0.11,no,corr,0.0
1345,exp_acyclic_indvary1_step4_batch_yyy05.pl,q4,yes,0.15,yes,corr,1.0
1346,exp_acyclic_indvary1_step4_batch_yyy05.pl,y3,no,0.2,no,corr,5.0
1347,exp_acyclic_indvary1_step4_batch_yyy05.pl,w4,no,0.09,no,corr,0.0
1348,exp_acyclic_indvary1_step4_batch_yyy05.pl,v4,no,0.09,no,corr,0.0
1349,exp_acyclic_indvary1_step4_batch_yyy05.pl,x1,yes,0.12,yes,corr,1.0
1350,exp_acyclic_indvary1_step4_batch_yyy05.pl,a2,no,0.09,no,corr,1.0
1351,exp_acyclic_indvary1_step4_batch_yyy06.pl,a6,no,0.1,no,corr,0.0
1352,exp_acyclic_indvary1_step4_batch_yyy06.pl,p5,no,0.12,no,corr,0.0
1353,exp_acyclic_indvary1_step4_batch_yyy06.pl,d3,no,0.1,no,corr,0.0
1354,exp_acyclic_indvary1_step4_batch_yyy06.pl,t3,no,0.11,no,corr,0.0
1355,exp_acyclic_indvary1_step4_batch_yyy06.pl,a4,no,0.12,no,corr,0.0
1356,exp_acyclic_indvary1_step4_batch_yyy06.pl,d2,no,0.18,no,corr,4.0
1357,exp_acyclic_indvary1_step4_batch_yyy06.pl,q1,yes,0.15,yes,corr,2.0
1358,exp_acyclic_indvary1_step4_batch_yyy06.pl,p1,no,0.1,no,corr,0.0
1359,exp_acyclic_indvary1_step4_batch_yyy06.pl,b6,no,0.12,no,corr,0.0
1360,exp_acyclic_indvary1_step4_batch_yyy06.pl,a1,yes,0.13,yes,corr,2.0
1361,exp_acyclic_indvary1_step4_batch_yyy07.pl,s3,yes,0.12,yes,corr,1.0
1362,exp_acyclic_indvary1_step4_batch_yyy07.pl,w2,no,0.1,no,corr,0.0
1363,exp_acyclic_indvary1_step4_batch_yyy07.pl,d3,no,0.13,no,corr,0.0
1364,exp_acyclic_indvary1_step4_batch_yyy07.pl,b4,no,0.11,no,corr,0.0
1365,exp_acyclic_indvary1_step4_batch_yyy07.pl,z1,no,0.12,no,corr,0.0
1366,exp_acyclic_indvary1_step4_batch_yyy07.pl,q4,yes,0.16,yes,corr,1.0
1367,exp_acyclic_indvary1_step4_batch_yyy07.pl,p3,yes,0.15,yes,corr,1.0
1368,exp_acyclic_indvary1_step4_batch_yyy07.pl,y1,no,0.12,no,corr,0.0
1369,exp_acyclic_indvary1_step4_batch_yyy07.pl,p1,yes,0.13,yes,corr,1.0
1370,exp_acyclic_indvary1_step4_batch_yyy07.pl,a2,yes,0.13,yes,corr,1.0
1371,exp_acyclic_indvary1_step4_batch_yyy08.pl,u5,no,0.11,no,corr,0.0
1372,exp_acyclic_indvary1_step4_batch_yyy08.pl,v2,no,0.13,no,corr,0.0
1373,exp_acyclic_indvary1_step4_batch_yyy08.pl,f1,no,0.11,no,corr,1.0
1374,exp_acyclic_indvary1_step4_batch_yyy08.pl,f3,no,0.12,no,corr,0.0
1375,exp_acyclic_indvary1_step4_batch_yyy08.pl,b6,no,0.1,no,corr,0.0
1376,exp_acyclic_indvary1_step4_batch_yyy08.pl,x4,no,0.12,no,corr,0.0
1377,exp_acyclic_indvary1_step4_batch_yyy08.pl,s4,no,0.12,no,corr,0.0
1378,exp_acyclic_indvary1_step4_batch_yyy08.pl,b3,no,0.12,no,corr,1.0
1379,exp_acyclic_indvary1_step4_batch_yyy08.pl,z4,no,0.1,no,corr,0.0
1380,exp_acyclic_indvary1_step4_batch_yyy08.pl,y3,no,0.12,no,corr,0.0
1381,exp_acyclic_indvary1_step4_batch_yyy09.pl,c3,yes,0.11,yes,corr,1.0
1382,exp_acyclic_indvary1_step4_batch_yyy09.pl,f5,no,0.12,no,corr,0.0
1383,exp_acyclic_indvary1_step4_batch_yyy09.pl,c1,yes,0.1,yes,corr,0.0
1384,exp_acyclic_indvary1_step4_batch_yyy09.pl,p2,no,0.26,no,corr,5.0
1385,exp_acyclic_indvary1_step4_batch_yyy09.pl,q3,no,0.11,no,corr,2.0
1386,exp_acyclic_indvary1_step4_batch_yyy09.pl,y2,no,0.15,no,corr,3.0
1387,exp_acyclic_indvary1_step4_batch_yyy09.pl,r2,yes,0.1,yes,corr,1.0
1388,exp_acyclic_indvary1_step4_batch_yyy09.pl,a1,yes,0.17,yes,corr,6.0
1389,exp_acyclic_indvary1_step4_batch_yyy09.pl,u2,no,0.1,no,corr,0.0
1390,exp_acyclic_indvary1_step4_batch_yyy09.pl,q1,no,0.21,no,corr,7.0
1391,exp_acyclic_indvary1_step4_batch_yyy10.pl,b2,yes,0.09,yes,corr,0.0
1392,exp_acyclic_indvary1_step4_batch_yyy10.pl,p5,no,0.11,no,corr,0.0
1393,exp_acyclic_indvary1_step4_batch_yyy10.pl,w5,no,0.09,no,corr,0.0
1394,exp_acyclic_indvary1_step4_batch_yyy10.pl,w4,no,0.1,no,corr,0.0
1395,exp_acyclic_indvary1_step4_batch_yyy10.pl,x5,no,0.09,no,corr,0.0
1396,exp_acyclic_indvary1_step4_batch_yyy10.pl,e3,no,0.12,no,corr,0.0
1397,exp_acyclic_indvary1_step4_batch_yyy10.pl,f4,no,0.11,no,corr,0.0
1398,exp_acyclic_indvary1_step4_batch_yyy10.pl,q3,yes,0.15,yes,corr,1.0
1399,exp_acyclic_indvary1_step4_batch_yyy10.pl,w2,yes,0.13,yes,corr,1.0
1400,exp_acyclic_indvary1_step4_batch_yyy10.pl,f1,yes,0.1,yes,corr,0.0
1401,exp_acyclic_indvary1_step5_batch_yyy01.pl,z5,no,0.11,no,corr,0.0
1402,exp_acyclic_indvary1_step5_batch_yyy01.pl,u1,no,0.12,no,corr,0.0
1403,exp_acyclic_indvary1_step5_batch_yyy01.pl,q5,no,0.11,no,corr,0.0
1404,exp_acyclic_indvary1_step5_batch_yyy01.pl,w4,no,0.11,no,corr,0.0
1405,exp_acyclic_indvary1_step5_batch_yyy01.pl,f4,no,0.11,no,corr,0.0
1406,exp_acyclic_indvary1_step5_batch_yyy01.pl,a2,yes,0.11,yes,corr,0.0
1407,exp_acyclic_indvary1_step5_batch_yyy01.pl,t4,no,0.11,no,corr,0.0
1408,exp_acyclic_indvary1_step5_batch_yyy01.pl,t5,no,0.12,no,corr,0.0
1409,exp_acyclic_indvary1_step5_batch_yyy01.pl,c6,no,0.1,no,corr,0.0
1410,exp_acyclic_indvary1_step5_batch_yyy01.pl,z2,yes,0.17,yes,corr,3.0
1411,exp_acyclic_indvary1_step5_batch_yyy02.pl,d5,no,0.11,no,corr,0.0
1412,exp_acyclic_indvary1_step5_batch_yyy02.pl,z5,no,0.13,no,corr,0.0
1413,exp_acyclic_indvary1_step5_batch_yyy02.pl,p4,yes,0.11,yes,corr,1.0
1414,exp_acyclic_indvary1_step5_batch_yyy02.pl,y3,no,0.11,no,corr,0.0
1415,exp_acyclic_indvary1_step5_batch_yyy02.pl,x4,yes,0.18,yes,corr,7.0
1416,exp_acyclic_indvary1_step5_batch_yyy02.pl,f2,no,0.13,no,corr,3.0
1417,exp_acyclic_indvary1_step5_batch_yyy02.pl,y1,no,0.13,no,corr,3.0
1418,exp_acyclic_indvary1_step5_batch_yyy02.pl,r1,no,0.23,no,corr,8.0
1419,exp_acyclic_indvary1_step5_batch_yyy02.pl,t1,no,0.09,no,corr,0.0
1420,exp_acyclic_indvary1_step5_batch_yyy02.pl,q1,no,0.1,no,corr,0.0
1421,exp_acyclic_indvary1_step5_batch_yyy03.pl,s3,no,0.11,no,corr,0.0
1422,exp_acyclic_indvary1_step5_batch_yyy03.pl,z5,no,0.11,no,corr,0.0
1423,exp_acyclic_indvary1_step5_batch_yyy03.pl,p4,no,0.1,no,corr,0.0
1424,exp_acyclic_indvary1_step5_batch_yyy03.pl,e5,no,0.12,no,corr,0.0
1425,exp_acyclic_indvary1_step5_batch_yyy03.pl,t3,yes,0.13,yes,corr,1.0
1426,exp_acyclic_indvary1_step5_batch_yyy03.pl,e4,no,0.11,no,corr,0.0
1427,exp_acyclic_indvary1_step5_batch_yyy03.pl,x1,no,0.12,no,corr,0.0
1428,exp_acyclic_indvary1_step5_batch_yyy03.pl,b6,no,0.11,no,corr,0.0
1429,exp_acyclic_indvary1_step5_batch_yyy03.pl,s4,yes,0.11,yes,corr,1.0
1430,exp_acyclic_indvary1_step5_batch_yyy03.pl,b3,no,0.14,no,corr,1.0
1431,exp_acyclic_indvary1_step5_batch_yyy04.pl,e1,yes,0.09,yes,corr,0.0
1432,exp_acyclic_indvary1_step5_batch_yyy04.pl,p4,yes,0.14,yes,corr,1.0
1433,exp_acyclic_indvary1_step5_batch_yyy04.pl,f1,no,0.1,no,corr,1.0
1434,exp_acyclic_indvary1_step5_batch_yyy04.pl,q4,yes,0.14,yes,corr,2.0
1435,exp_acyclic_indvary1_step5_batch_yyy04.pl,r5,no,0.09,no,corr,0.0
1436,exp_acyclic_indvary1_step5_batch_yyy04.pl,x5,no,0.09,no,corr,0.0
1437,exp_acyclic_indvary1_step5_batch_yyy04.pl,a3,no,0.12,no,corr,1.0
1438,exp_acyclic_indvary1_step5_batch_yyy04.pl,y2,no,0.16,no,corr,3.0
1439,exp_acyclic_indvary1_step5_batch_yyy04.pl,a1,no,0.17,no,corr,1.0
1440,exp_acyclic_indvary1_step5_batch_yyy04.pl,p1,no,0.11,no,corr,0.0
1441,exp_acyclic_indvary1_step5_batch_yyy05.pl,t5,no,0.1,no,corr,0.0
1442,exp_acyclic_indvary1_step5_batch_yyy05.pl,e1,yes,0.12,yes,corr,0.0
1443,exp_acyclic_indvary1_step5_batch_yyy05.pl,z1,no,0.11,no,corr,0.0
1444,exp_acyclic_indvary1_step5_batch_yyy05.pl,f5,no,0.11,no,corr,0.0
1445,exp_acyclic_indvary1_step5_batch_yyy05.pl,c1,yes,0.13,yes,corr,1.0
1446,exp_acyclic_indvary1_step5_batch_yyy05.pl,u3,yes,0.12,yes,corr,1.0
1447,exp_acyclic_indvary1_step5_batch_yyy05.pl,r2,no,0.11,no,corr,0.0
1448,exp_acyclic_indvary1_step5_batch_yyy05.pl,w3,no,0.12,no,corr,0.0
1449,exp_acyclic_indvary1_step5_batch_yyy05.pl,p4,yes,0.12,yes,corr,1.0
1450,exp_acyclic_indvary1_step5_batch_yyy05.pl,x3,no,0.09,no,corr,0.0
1451,exp_acyclic_indvary1_step5_batch_yyy06.pl,d3,no,0.11,no,corr,0.0
1452,exp_acyclic_indvary1_step5_batch_yyy06.pl,v1,yes,0.12,yes,corr,1.0
1453,exp_acyclic_indvary1_step5_batch_yyy06.pl,s1,no,0.11,no,corr,0.0
1454,exp_acyclic_indvary1_step5_batch_yyy06.pl,p2,yes,0.54,yes,corr,8.0
1455,exp_acyclic_indvary1_step5_batch_yyy06.pl,x4,yes,0.13,yes,corr,1.0
1456,exp_acyclic_indvary1_step5_batch_yyy06.pl,t5,no,0.1,no,corr,0.0
1457,exp_acyclic_indvary1_step5_batch_yyy06.pl,s3,yes,0.12,yes,corr,1.0
1458,exp_acyclic_indvary1_step5_batch_yyy06.pl,c4,no,0.11,no,corr,0.0
1459,exp_acyclic_indvary1_step5_batch_yyy06.pl,e3,no,0.13,no,corr,0.0
1460,exp_acyclic_indvary1_step5_batch_yyy06.pl,r4,no,0.19,no,corr,4.0
1461,exp_acyclic_indvary1_step5_batch_yyy07.pl,b2,yes,0.14,yes,corr,3.0
1462,exp_acyclic_indvary1_step5_batch_yyy07.pl,p4,no,0.12,no,corr,2.0
1463,exp_acyclic_indvary1_step5_batch_yyy07.pl,w5,no,0.11,no,corr,0.0
1464,exp_acyclic_indvary1_step5_batch_yyy07.pl,b1,yes,0.16,yes,corr,2.0
1465,exp_acyclic_indvary1_step5_batch_yyy07.pl,e3,no,0.1,no,corr,0.0
1466,exp_acyclic_indvary1_step5_batch_yyy07.pl,s1,no,0.13,no,corr,2.0
1467,exp_acyclic_indvary1_step5_batch_yyy07.pl,q3,no,0.09,no,corr,0.0
1468,exp_acyclic_indvary1_step5_batch_yyy07.pl,p1,yes,0.13,yes,corr,1.0
1469,exp_acyclic_indvary1_step5_batch_yyy07.pl,v1,no,0.1,no,corr,0.0
1470,exp_acyclic_indvary1_step5_batch_yyy07.pl,w1,yes,0.12,yes,corr,1.0
1471,exp_acyclic_indvary1_step5_batch_yyy08.pl,d4,no,0.13,no,corr,0.0
1472,exp_acyclic_indvary1_step5_batch_yyy08.pl,u1,no,0.14,no,corr,0.0
1473,exp_acyclic_indvary1_step5_batch_yyy08.pl,v5,no,0.11,no,corr,0.0
1474,exp_acyclic_indvary1_step5_batch_yyy08.pl,a4,no,0.12,no,corr,0.0
1475,exp_acyclic_indvary1_step5_batch_yyy08.pl,r5,no,0.13,no,corr,0.0
1476,exp_acyclic_indvary1_step5_batch_yyy08.pl,f3,no,0.11,no,corr,0.0
1477,exp_acyclic_indvary1_step5_batch_yyy08.pl,c6,no,0.12,no,corr,0.0
1478,exp_acyclic_indvary1_step5_batch_yyy08.pl,e3,no,0.09,no,corr,0.0
1479,exp_acyclic_indvary1_step5_batch_yyy08.pl,y2,no,0.11,no,corr,0.0
1480,exp_acyclic_indvary1_step5_batch_yyy08.pl,x1,yes,0.1,yes,corr,1.0
1481,exp_acyclic_indvary1_step5_batch_yyy09.pl,c4,no,0.12,no,corr,0.0
1482,exp_acyclic_indvary1_step5_batch_yyy09.pl,b2,yes,0.11,yes,corr,0.0
1483,exp_acyclic_indvary1_step5_batch_yyy09.pl,w5,no,0.11,no,corr,0.0
1484,exp_acyclic_indvary1_step5_batch_yyy09.pl,a5,no,0.13,no,corr,0.0
1485,exp_acyclic_indvary1_step5_batch_yyy09.pl,x2,no,0.1,no,corr,0.0
1486,exp_acyclic_indvary1_step5_batch_yyy09.pl,r5,no,0.11,no,corr,0.0
1487,exp_acyclic_indvary1_step5_batch_yyy09.pl,w1,yes,0.14,yes,corr,3.0
1488,exp_acyclic_indvary1_step5_batch_yyy09.pl,c1,no,0.11,no,corr,1.0
1489,exp_acyclic_indvary1_step5_batch_yyy09.pl,d2,no,0.14,no,corr,1.0
1490,exp_acyclic_indvary1_step5_batch_yyy09.pl,y2,yes,0.1,yes,corr,1.0
1491,exp_acyclic_indvary1_step5_batch_yyy10.pl,b3,no,0.12,no,corr,1.0
1492,exp_acyclic_indvary1_step5_batch_yyy10.pl,u4,yes,0.12,yes,corr,1.0
1493,exp_acyclic_indvary1_step5_batch_yyy10.pl,a5,no,0.11,no,corr,0.0
1494,exp_acyclic_indvary1_step5_batch_yyy10.pl,w1,no,0.12,no,corr,0.0
1495,exp_acyclic_indvary1_step5_batch_yyy10.pl,y1,yes,0.12,yes,corr,1.0
1496,exp_acyclic_indvary1_step5_batch_yyy10.pl,a3,yes,0.12,yes,corr,0.0
1497,exp_acyclic_indvary1_step5_batch_yyy10.pl,t1,yes,0.16,yes,corr,3.0
1498,exp_acyclic_indvary1_step5_batch_yyy10.pl,q2,no,0.14,no,corr,0.0
1499,exp_acyclic_indvary1_step5_batch_yyy10.pl,e3,no,0.11,no,corr,0.0
1500,exp_acyclic_indvary1_step5_batch_yyy10.pl,r4,no,0.12,no,corr,0.0
1501,exp_acyclic_indvary1_step6_batch_yyy01.pl,d5,no,0.13,no,corr,0.0
1502,exp_acyclic_indvary1_step6_batch_yyy01.pl,v2,no,0.11,no,corr,0.0
1503,exp_acyclic_indvary1_step6_batch_yyy01.pl,f1,no,0.12,no,corr,1.0
1504,exp_acyclic_indvary1_step6_batch_yyy01.pl,t3,no,0.11,no,corr,0.0
1505,exp_acyclic_indvary1_step6_batch_yyy01.pl,s2,no,0.12,no,corr,0.0
1506,exp_acyclic_indvary1_step6_batch_yyy01.pl,f3,no,0.12,no,corr,0.0
1507,exp_acyclic_indvary1_step6_batch_yyy01.pl,x5,no,0.1,no,corr,0.0
1508,exp_acyclic_indvary1_step6_batch_yyy01.pl,f4,no,0.13,no,corr,0.0
1509,exp_acyclic_indvary1_step6_batch_yyy01.pl,y2,no,0.1,no,corr,0.0
1510,exp_acyclic_indvary1_step6_batch_yyy01.pl,x4,yes,0.19,yes,corr,6.0
1511,exp_acyclic_indvary1_step6_batch_yyy02.pl,y4,no,0.1,no,corr,0.0
1512,exp_acyclic_indvary1_step6_batch_yyy02.pl,e5,no,0.12,no,corr,0.0
1513,exp_acyclic_indvary1_step6_batch_yyy02.pl,v5,no,0.15,no,corr,3.0
1514,exp_acyclic_indvary1_step6_batch_yyy02.pl,b1,yes,0.13,yes,corr,0.0
1515,exp_acyclic_indvary1_step6_batch_yyy02.pl,f5,no,0.1,no,corr,0.0
1516,exp_acyclic_indvary1_step6_batch_yyy02.pl,f3,no,0.12,no,corr,0.0
1517,exp_acyclic_indvary1_step6_batch_yyy02.pl,b5,no,0.12,no,corr,0.0
1518,exp_acyclic_indvary1_step6_batch_yyy02.pl,e3,no,0.11,no,corr,0.0
1519,exp_acyclic_indvary1_step6_batch_yyy02.pl,x4,no,0.12,no,corr,0.0
1520,exp_acyclic_indvary1_step6_batch_yyy02.pl,f2,no,0.11,no,corr,1.0
1521,exp_acyclic_indvary1_step6_batch_yyy03.pl,v2,no,0.1,no,corr,0.0
1522,exp_acyclic_indvary1_step6_batch_yyy03.pl,p5,no,0.14,no,corr,0.0
1523,exp_acyclic_indvary1_step6_batch_yyy03.pl,a5,no,0.1,no,corr,0.0
1524,exp_acyclic_indvary1_step6_batch_yyy03.pl,r5,no,0.11,no,corr,0.0
1525,exp_acyclic_indvary1_step6_batch_yyy03.pl,v1,no,0.1,no,corr,0.0
1526,exp_acyclic_indvary1_step6_batch_yyy03.pl,r4,no,0.1,no,corr,0.0
1527,exp_acyclic_indvary1_step6_batch_yyy03.pl,z3,no,0.11,no,corr,0.0
1528,exp_acyclic_indvary1_step6_batch_yyy03.pl,x1,no,0.14,no,corr,4.0
1529,exp_acyclic_indvary1_step6_batch_yyy03.pl,e2,yes,0.09,yes,corr,0.0
1530,exp_acyclic_indvary1_step6_batch_yyy03.pl,p1,no,0.11,no,corr,0.0
1531,exp_acyclic_indvary1_step6_batch_yyy04.pl,s3,no,0.1,no,corr,0.0
1532,exp_acyclic_indvary1_step6_batch_yyy04.pl,b2,yes,0.12,yes,corr,0.0
1533,exp_acyclic_indvary1_step6_batch_yyy04.pl,e1,no,0.12,no,corr,1.0
1534,exp_acyclic_indvary1_step6_batch_yyy04.pl,p5,yes,0.21,yes,corr,5.0
1535,exp_acyclic_indvary1_step6_batch_yyy04.pl,a5,no,0.11,no,corr,0.0
1536,exp_acyclic_indvary1_step6_batch_yyy04.pl,x2,no,0.14,no,corr,0.0
1537,exp_acyclic_indvary1_step6_batch_yyy04.pl,v1,no,0.1,no,corr,0.0
1538,exp_acyclic_indvary1_step6_batch_yyy04.pl,a3,yes,0.1,yes,corr,0.0
1539,exp_acyclic_indvary1_step6_batch_yyy04.pl,d1,yes,0.1,yes,corr,0.0
1540,exp_acyclic_indvary1_step6_batch_yyy04.pl,u2,yes,0.12,yes,corr,2.0
1541,exp_acyclic_indvary1_step6_batch_yyy05.pl,a6,no,0.12,no,corr,0.0
1542,exp_acyclic_indvary1_step6_batch_yyy05.pl,p5,no,0.11,no,corr,0.0
1543,exp_acyclic_indvary1_step6_batch_yyy05.pl,z4,no,0.11,no,corr,0.0
1544,exp_acyclic_indvary1_step6_batch_yyy05.pl,z2,no,0.29,no,corr,5.0
1545,exp_acyclic_indvary1_step6_batch_yyy05.pl,r4,no,0.1,no,corr,0.0
1546,exp_acyclic_indvary1_step6_batch_yyy05.pl,t4,yes,0.17,yes,corr,3.0
1547,exp_acyclic_indvary1_step6_batch_yyy05.pl,s3,no,0.1,no,corr,0.0
1548,exp_acyclic_indvary1_step6_batch_yyy05.pl,c4,no,0.11,no,corr,0.0
1549,exp_acyclic_indvary1_step6_batch_yyy05.pl,f4,no,0.1,no,corr,0.0
1550,exp_acyclic_indvary1_step6_batch_yyy05.pl,z3,no,0.11,no,corr,0.0
1551,exp_acyclic_indvary1_step6_batch_yyy06.pl,t5,yes,0.1,yes,corr,1.0
1552,exp_acyclic_indvary1_step6_batch_yyy06.pl,w2,yes,0.14,yes,corr,1.0
1553,exp_acyclic_indvary1_step6_batch_yyy06.pl,t3,no,0.11,no,corr,0.0
1554,exp_acyclic_indvary1_step6_batch_yyy06.pl,e4,no,0.11,no,corr,0.0
1555,exp_acyclic_indvary1_step6_batch_yyy06.pl,v1,no,0.1,no,corr,0.0
1556,exp_acyclic_indvary1_step6_batch_yyy06.pl,b5,no,0.11,no,corr,0.0
1557,exp_acyclic_indvary1_step6_batch_yyy06.pl,v4,no,0.11,no,corr,0.0
1558,exp_acyclic_indvary1_step6_batch_yyy06.pl,e3,no,0.12,no,corr,0.0
1559,exp_acyclic_indvary1_step6_batch_yyy06.pl,d1,yes,0.12,yes,corr,0.0
1560,exp_acyclic_indvary1_step6_batch_yyy06.pl,u2,no,0.09,no,corr,0.0
1561,exp_acyclic_indvary1_step6_batch_yyy07.pl,t5,no,0.14,no,corr,0.0
1562,exp_acyclic_indvary1_step6_batch_yyy07.pl,x3,no,0.11,no,corr,0.0
1563,exp_acyclic_indvary1_step6_batch_yyy07.pl,f1,yes,0.11,yes,corr,0.0
1564,exp_acyclic_indvary1_step6_batch_yyy07.pl,z4,no,0.11,no,corr,0.0
1565,exp_acyclic_indvary1_step6_batch_yyy07.pl,u3,no,0.1,no,corr,0.0
1566,exp_acyclic_indvary1_step6_batch_yyy07.pl,r2,no,0.11,no,corr,0.0
1567,exp_acyclic_indvary1_step6_batch_yyy07.pl,t1,no,0.11,no,corr,0.0
1568,exp_acyclic_indvary1_step6_batch_yyy07.pl,y5,no,0.23,no,corr,4.0
1569,exp_acyclic_indvary1_step6_batch_yyy07.pl,a2,yes,0.15,yes,corr,4.0
1570,exp_acyclic_indvary1_step6_batch_yyy07.pl,w3,no,0.31,no,corr,9.0
1571,exp_acyclic_indvary1_step6_batch_yyy08.pl,w5,yes,0.12,yes,corr,1.0
1572,exp_acyclic_indvary1_step6_batch_yyy08.pl,q5,yes,0.11,yes,corr,1.0
1573,exp_acyclic_indvary1_step6_batch_yyy08.pl,z4,no,0.1,no,corr,0.0
1574,exp_acyclic_indvary1_step6_batch_yyy08.pl,p3,yes,0.12,yes,corr,1.0
1575,exp_acyclic_indvary1_step6_batch_yyy08.pl,b5,no,0.09,no,corr,0.0
1576,exp_acyclic_indvary1_step6_batch_yyy08.pl,q2,yes,0.12,yes,corr,1.0
1577,exp_acyclic_indvary1_step6_batch_yyy08.pl,s4,no,0.11,no,corr,0.0
1578,exp_acyclic_indvary1_step6_batch_yyy08.pl,b3,yes,0.13,yes,corr,0.0
1579,exp_acyclic_indvary1_step6_batch_yyy08.pl,u3,no,0.1,no,corr,0.0
1580,exp_acyclic_indvary1_step6_batch_yyy08.pl,r4,no,0.15,no,corr,3.0
1581,exp_acyclic_indvary1_step6_batch_yyy09.pl,s4,yes,0.11,yes,corr,1.0
1582,exp_acyclic_indvary1_step6_batch_yyy09.pl,p4,no,0.11,no,corr,0.0
1583,exp_acyclic_indvary1_step6_batch_yyy09.pl,a4,no,0.11,no,corr,0.0
1584,exp_acyclic_indvary1_step6_batch_yyy09.pl,v1,yes,0.12,yes,corr,1.0
1585,exp_acyclic_indvary1_step6_batch_yyy09.pl,t2,no,0.11,no,corr,0.0
1586,exp_acyclic_indvary1_step6_batch_yyy09.pl,q2,no,0.13,no,corr,0.0
1587,exp_acyclic_indvary1_step6_batch_yyy09.pl,y1,no,0.2,no,corr,4.0
1588,exp_acyclic_indvary1_step6_batch_yyy09.pl,r1,no,0.11,no,corr,0.0
1589,exp_acyclic_indvary1_step6_batch_yyy09.pl,d1,yes,0.1,yes,corr,0.0
1590,exp_acyclic_indvary1_step6_batch_yyy09.pl,u2,no,0.09,no,corr,0.0
1591,exp_acyclic_indvary1_step6_batch_yyy10.pl,d5,no,0.09,no,corr,0.0
1592,exp_acyclic_indvary1_step6_batch_yyy10.pl,v5,yes,0.19,yes,corr,3.0
1593,exp_acyclic_indvary1_step6_batch_yyy10.pl,p3,no,0.1,no,corr,0.0
1594,exp_acyclic_indvary1_step6_batch_yyy10.pl,z2,no,0.11,no,corr,0.0
1595,exp_acyclic_indvary1_step6_batch_yyy10.pl,r3,no,0.11,no,corr,0.0
1596,exp_acyclic_indvary1_step6_batch_yyy10.pl,y5,no,0.09,no,corr,0.0
1597,exp_acyclic_indvary1_step6_batch_yyy10.pl,a2,yes,0.12,yes,corr,2.0
1598,exp_acyclic_indvary1_step6_batch_yyy10.pl,u3,no,0.1,no,corr,0.0
1599,exp_acyclic_indvary1_step6_batch_yyy10.pl,v4,no,0.11,no,corr,0.0
1600,exp_acyclic_indvary1_step6_batch_yyy10.pl,r4,yes,0.13,yes,corr,1.0
1601,exp_acyclic_indvary1_step7_batch_yyy01.pl,c4,no,0.1,no,corr,0.0
1602,exp_acyclic_indvary1_step7_batch_yyy01.pl,u1,no,0.1,no,corr,0.0
1603,exp_acyclic_indvary1_step7_batch_yyy01.pl,a5,no,0.12,no,corr,0.0
1604,exp_acyclic_indvary1_step7_batch_yyy01.pl,q4,no,0.1,no,corr,0.0
1605,exp_acyclic_indvary1_step7_batch_yyy01.pl,w4,no,0.18,no,corr,3.0
1606,exp_acyclic_indvary1_step7_batch_yyy01.pl,b5,no,0.1,no,corr,0.0
1607,exp_acyclic_indvary1_step7_batch_yyy01.pl,p2,no,0.12,no,corr,0.0
1608,exp_acyclic_indvary1_step7_batch_yyy01.pl,p1,no,0.11,no,corr,0.0
1609,exp_acyclic_indvary1_step7_batch_yyy01.pl,a2,yes,0.13,yes,corr,0.0
1610,exp_acyclic_indvary1_step7_batch_yyy01.pl,f2,no,0.13,no,corr,1.0
1611,exp_acyclic_indvary1_step7_batch_yyy02.pl,u6,no,0.14,no,corr,0.0
1612,exp_acyclic_indvary1_step7_batch_yyy02.pl,d4,no,0.11,no,corr,0.0
1613,exp_acyclic_indvary1_step7_batch_yyy02.pl,u1,no,0.12,no,corr,0.0
1614,exp_acyclic_indvary1_step7_batch_yyy02.pl,p1,no,0.39,no,corr,8.0
1615,exp_acyclic_indvary1_step7_batch_yyy02.pl,x4,no,0.09,no,corr,0.0
1616,exp_acyclic_indvary1_step7_batch_yyy02.pl,p6,no,0.12,no,corr,0.0
1617,exp_acyclic_indvary1_step7_batch_yyy02.pl,a6,no,0.1,no,corr,0.0
1618,exp_acyclic_indvary1_step7_batch_yyy02.pl,s4,no,0.13,no,corr,0.0
1619,exp_acyclic_indvary1_step7_batch_yyy02.pl,w4,no,0.1,no,corr,0.0
1620,exp_acyclic_indvary1_step7_batch_yyy02.pl,f3,no,0.12,no,corr,0.0
1621,exp_acyclic_indvary1_step7_batch_yyy03.pl,t4,no,0.09,no,corr,0.0
1622,exp_acyclic_indvary1_step7_batch_yyy03.pl,p5,no,0.13,no,corr,0.0
1623,exp_acyclic_indvary1_step7_batch_yyy03.pl,w6,no,0.13,no,corr,4.0
1624,exp_acyclic_indvary1_step7_batch_yyy03.pl,s6,no,0.16,no,corr,4.0
1625,exp_acyclic_indvary1_step7_batch_yyy03.pl,r1,no,0.09,no,corr,0.0
1626,exp_acyclic_indvary1_step7_batch_yyy03.pl,v3,yes,0.11,yes,corr,1.0
1627,exp_acyclic_indvary1_step7_batch_yyy03.pl,z5,no,0.11,no,corr,0.0
1628,exp_acyclic_indvary1_step7_batch_yyy03.pl,v2,no,0.1,no,corr,0.0
1629,exp_acyclic_indvary1_step7_batch_yyy03.pl,t6,no,0.1,no,corr,0.0
1630,exp_acyclic_indvary1_step7_batch_yyy03.pl,a5,no,0.11,no,corr,0.0
1631,exp_acyclic_indvary1_step7_batch_yyy04.pl,d4,no,0.11,no,corr,0.0
1632,exp_acyclic_indvary1_step7_batch_yyy04.pl,f1,yes,0.11,yes,corr,0.0
1633,exp_acyclic_indvary1_step7_batch_yyy04.pl,w5,no,0.11,no,corr,0.0
1634,exp_acyclic_indvary1_step7_batch_yyy04.pl,z1,no,0.1,no,corr,0.0
1635,exp_acyclic_indvary1_step7_batch_yyy04.pl,x2,no,0.12,no,corr,0.0
1636,exp_acyclic_indvary1_step7_batch_yyy04.pl,f3,no,0.13,no,corr,0.0
1637,exp_acyclic_indvary1_step7_batch_yyy04.pl,r1,no,0.11,no,corr,0.0
1638,exp_acyclic_indvary1_step7_batch_yyy04.pl,a3,no,0.18,no,corr,3.0
1639,exp_acyclic_indvary1_step7_batch_yyy04.pl,b6,no,0.1,no,corr,0.0
1640,exp_acyclic_indvary1_step7_batch_yyy04.pl,p6,yes,0.14,yes,corr,1.0
1641,exp_acyclic_indvary1_step7_batch_yyy05.pl,d4,no,0.11,no,corr,0.0
1642,exp_acyclic_indvary1_step7_batch_yyy05.pl,y3,no,0.12,no,corr,0.0
1643,exp_acyclic_indvary1_step7_batch_yyy05.pl,s6,no,0.11,no,corr,0.0
1644,exp_acyclic_indvary1_step7_batch_yyy05.pl,u3,no,0.12,no,corr,0.0
1645,exp_acyclic_indvary1_step7_batch_yyy05.pl,f4,no,0.12,no,corr,0.0
1646,exp_acyclic_indvary1_step7_batch_yyy05.pl,e2,no,0.13,no,corr,1.0
1647,exp_acyclic_indvary1_step7_batch_yyy05.pl,w3,no,0.12,no,corr,0.0
1648,exp_acyclic_indvary1_step7_batch_yyy05.pl,q2,no,0.11,no,corr,0.0
1649,exp_acyclic_indvary1_step7_batch_yyy05.pl,c5,no,0.14,no,corr,0.0
1650,exp_acyclic_indvary1_step7_batch_yyy05.pl,a5,no,0.11,no,corr,0.0
1651,exp_acyclic_indvary1_step7_batch_yyy06.pl,d5,no,0.11,no,corr,0.0
1652,exp_acyclic_indvary1_step7_batch_yyy06.pl,t4,no,0.12,no,corr,0.0
1653,exp_acyclic_indvary1_step7_batch_yyy06.pl,e1,no,0.12,no,corr,1.0
1654,exp_acyclic_indvary1_step7_batch_yyy06.pl,x3,no,0.1,no,corr,0.0
1655,exp_acyclic_indvary1_step7_batch_yyy06.pl,u4,no,0.11,no,corr,0.0
1656,exp_acyclic_indvary1_step7_batch_yyy06.pl,r1,no,0.12,no,corr,0.0
1657,exp_acyclic_indvary1_step7_batch_yyy06.pl,b6,no,0.11,no,corr,0.0
1658,exp_acyclic_indvary1_step7_batch_yyy06.pl,v3,yes,0.14,yes,corr,1.0
1659,exp_acyclic_indvary1_step7_batch_yyy06.pl,y6,no,0.1,no,corr,0.0
1660,exp_acyclic_indvary1_step7_batch_yyy06.pl,x4,no,0.11,no,corr,0.0
1661,exp_acyclic_indvary1_step7_batch_yyy07.pl,p4,no,0.11,no,corr,0.0
1662,exp_acyclic_indvary1_step7_batch_yyy07.pl,z1,no,0.1,no,corr,0.0
1663,exp_acyclic_indvary1_step7_batch_yyy07.pl,z4,yes,0.11,yes,corr,1.0
1664,exp_acyclic_indvary1_step7_batch_yyy07.pl,p2,no,0.13,no,corr,0.0
1665,exp_acyclic_indvary1_step7_batch_yyy07.pl,y2,no,0.1,no,corr,0.0
1666,exp_acyclic_indvary1_step7_batch_yyy07.pl,b5,no,0.12,no,corr,0.0
1667,exp_acyclic_indvary1_step7_batch_yyy07.pl,z2,no,0.11,no,corr,0.0
1668,exp_acyclic_indvary1_step7_batch_yyy07.pl,s6,no,0.1,no,corr,0.0
1669,exp_acyclic_indvary1_step7_batch_yyy07.pl,v4,no,0.12,no,corr,0.0
1670,exp_acyclic_indvary1_step7_batch_yyy07.pl,r4,no,0.13,no,corr,0.0
1671,exp_acyclic_indvary1_step7_batch_yyy08.pl,c4,no,0.09,no,corr,0.0
1672,exp_acyclic_indvary1_step7_batch_yyy08.pl,y4,no,0.1,no,corr,0.0
1673,exp_acyclic_indvary1_step7_batch_yyy08.pl,w5,no,0.12,no,corr,0.0
1674,exp_acyclic_indvary1_step7_batch_yyy08.pl,q5,no,0.1,no,corr,0.0
1675,exp_acyclic_indvary1_step7_batch_yyy08.pl,a5,no,0.14,no,corr,0.0
1676,exp_acyclic_indvary1_step7_batch_yyy08.pl,p3,no,0.13,no,corr,0.0
1677,exp_acyclic_indvary1_step7_batch_yyy08.pl,c1,no,0.11,no,corr,1.0
1678,exp_acyclic_indvary1_step7_batch_yyy08.pl,a3,yes,0.1,yes,corr,0.0
1679,exp_acyclic_indvary1_step7_batch_yyy08.pl,y5,no,0.11,no,corr,0.0
1680,exp_acyclic_indvary1_step7_batch_yyy08.pl,y6,no,0.16,no,corr,3.0
1681,exp_acyclic_indvary1_step7_batch_yyy09.pl,e1,no,0.11,no,corr,1.0
1682,exp_acyclic_indvary1_step7_batch_yyy09.pl,p2,no,0.11,no,corr,0.0
1683,exp_acyclic_indvary1_step7_batch_yyy09.pl,a1,yes,0.12,yes,corr,1.0
1684,exp_acyclic_indvary1_step7_batch_yyy09.pl,q2,yes,0.13,yes,corr,1.0
1685,exp_acyclic_indvary1_step7_batch_yyy09.pl,s2,no,0.13,no,corr,0.0
1686,exp_acyclic_indvary1_step7_batch_yyy09.pl,z1,no,0.12,no,corr,0.0
1687,exp_acyclic_indvary1_step7_batch_yyy09.pl,f4,no,0.11,no,corr,0.0
1688,exp_acyclic_indvary1_step7_batch_yyy09.pl,a3,yes,0.14,yes,corr,0.0
1689,exp_acyclic_indvary1_step7_batch_yyy09.pl,r3,yes,0.13,yes,corr,1.0
1690,exp_acyclic_indvary1_step7_batch_yyy09.pl,t1,no,0.11,no,corr,0.0
1691,exp_acyclic_indvary1_step7_batch_yyy10.pl,e5,no,0.11,no,corr,0.0
1692,exp_acyclic_indvary1_step7_batch_yyy10.pl,c2,yes,0.12,yes,corr,1.0
1693,exp_acyclic_indvary1_step7_batch_yyy10.pl,v1,no,0.13,no,corr,0.0
1694,exp_acyclic_indvary1_step7_batch_yyy10.pl,r2,no,0.12,no,corr,0.0
1695,exp_acyclic_indvary1_step7_batch_yyy10.pl,y5,no,0.11,no,corr,0.0
1696,exp_acyclic_indvary1_step7_batch_yyy10.pl,q2,no,0.2,no,corr,3.0
1697,exp_acyclic_indvary1_step7_batch_yyy10.pl,a4,no,0.1,no,corr,0.0
1698,exp_acyclic_indvary1_step7_batch_yyy10.pl,f5,no,0.11,no,corr,0.0
1699,exp_acyclic_indvary1_step7_batch_yyy10.pl,y1,yes,0.13,yes,corr,1.0
1700,exp_acyclic_indvary1_step7_batch_yyy10.pl,s1,no,0.09,no,corr,0.0
1701,exp_acyclic_indvary1_step8_batch_yyy01.pl,u5,no,0.11,no,corr,0.0
1702,exp_acyclic_indvary1_step8_batch_yyy01.pl,b3,yes,0.1,yes,corr,0.0
1703,exp_acyclic_indvary1_step8_batch_yyy01.pl,z2,no,0.11,no,corr,0.0
1704,exp_acyclic_indvary1_step8_batch_yyy01.pl,y6,no,0.11,no,corr,0.0
1705,exp_acyclic_indvary1_step8_batch_yyy01.pl,a2,yes,0.1,yes,corr,0.0
1706,exp_acyclic_indvary1_step8_batch_yyy01.pl,z1,yes,0.12,yes,corr,1.0
1707,exp_acyclic_indvary1_step8_batch_yyy01.pl,t6,no,0.11,no,corr,0.0
1708,exp_acyclic_indvary1_step8_batch_yyy01.pl,d1,yes,0.1,yes,corr,0.0
1709,exp_acyclic_indvary1_step8_batch_yyy01.pl,u2,no,0.1,no,corr,0.0
1710,exp_acyclic_indvary1_step8_batch_yyy01.pl,t1,no,0.11,no,corr,0.0
1711,exp_acyclic_indvary1_step8_batch_yyy02.pl,t4,yes,0.13,yes,corr,3.0
1712,exp_acyclic_indvary1_step8_batch_yyy02.pl,z5,yes,0.1,yes,corr,1.0
1713,exp_acyclic_indvary1_step8_batch_yyy02.pl,w2,no,0.12,no,corr,0.0
1714,exp_acyclic_indvary1_step8_batch_yyy02.pl,s2,yes,0.14,yes,corr,3.0
1715,exp_acyclic_indvary1_step8_batch_yyy02.pl,v4,yes,0.11,yes,corr,1.0
1716,exp_acyclic_indvary1_step8_batch_yyy02.pl,z3,no,0.1,no,corr,0.0
1717,exp_acyclic_indvary1_step8_batch_yyy02.pl,q1,no,0.1,no,corr,0.0
1718,exp_acyclic_indvary1_step8_batch_yyy02.pl,f2,no,0.12,no,corr,1.0
1719,exp_acyclic_indvary1_step8_batch_yyy02.pl,s4,no,0.1,no,corr,0.0
1720,exp_acyclic_indvary1_step8_batch_yyy02.pl,y4,no,0.12,no,corr,0.0
1721,exp_acyclic_indvary1_step8_batch_yyy03.pl,x7,no,0.12,no,corr,0.0
1722,exp_acyclic_indvary1_step8_batch_yyy03.pl,a4,no,0.11,no,corr,0.0
1723,exp_acyclic_indvary1_step8_batch_yyy03.pl,w1,yes,0.14,yes,corr,1.0
1724,exp_acyclic_indvary1_step8_batch_yyy03.pl,u3,yes,0.14,yes,corr,2.0
1725,exp_acyclic_indvary1_step8_batch_yyy03.pl,r1,no,0.11,no,corr,0.0
1726,exp_acyclic_indvary1_step8_batch_yyy03.pl,x4,no,0.12,no,corr,0.0
1727,exp_acyclic_indvary1_step8_batch_yyy03.pl,f2,yes,0.14,yes,corr,1.0
1728,exp_acyclic_indvary1_step8_batch_yyy03.pl,c1,yes,0.12,yes,corr,0.0
1729,exp_acyclic_indvary1_step8_batch_yyy03.pl,s6,no,0.11,no,corr,0.0
1730,exp_acyclic_indvary1_step8_batch_yyy03.pl,b5,no,0.11,no,corr,0.0
1731,exp_acyclic_indvary1_step8_batch_yyy04.pl,t5,no,0.12,no,corr,0.0
1732,exp_acyclic_indvary1_step8_batch_yyy04.pl,f1,yes,0.11,yes,corr,0.0
1733,exp_acyclic_indvary1_step8_batch_yyy04.pl,t3,no,0.11,no,corr,0.0
1734,exp_acyclic_indvary1_step8_batch_yyy04.pl,s2,no,0.11,no,corr,0.0
1735,exp_acyclic_indvary1_step8_batch_yyy04.pl,c6,no,0.11,no,corr,0.0
1736,exp_acyclic_indvary1_step8_batch_yyy04.pl,y6,no,0.12,no,corr,0.0
1737,exp_acyclic_indvary1_step8_batch_yyy04.pl,v2,no,0.12,no,corr,2.0
1738,exp_acyclic_indvary1_step8_batch_yyy04.pl,q6,yes,0.11,yes,corr,1.0
1739,exp_acyclic_indvary1_step8_batch_yyy04.pl,a4,no,0.13,no,corr,0.0
1740,exp_acyclic_indvary1_step8_batch_yyy04.pl,w6,no,0.1,no,corr,0.0
1741,exp_acyclic_indvary1_step8_batch_yyy05.pl,u5,no,0.11,no,corr,0.0
1742,exp_acyclic_indvary1_step8_batch_yyy05.pl,x2,no,0.11,no,corr,0.0
1743,exp_acyclic_indvary1_step8_batch_yyy05.pl,x1,no,0.11,no,corr,0.0
1744,exp_acyclic_indvary1_step8_batch_yyy05.pl,r2,no,0.1,no,corr,0.0
1745,exp_acyclic_indvary1_step8_batch_yyy05.pl,s4,no,0.11,no,corr,0.0
1746,exp_acyclic_indvary1_step8_batch_yyy05.pl,w7,yes,0.11,yes,corr,1.0
1747,exp_acyclic_indvary1_step8_batch_yyy05.pl,z4,no,0.13,no,corr,0.0
1748,exp_acyclic_indvary1_step8_batch_yyy05.pl,r5,no,0.1,no,corr,0.0
1749,exp_acyclic_indvary1_step8_batch_yyy05.pl,t7,no,0.12,no,corr,0.0
1750,exp_acyclic_indvary1_step8_batch_yyy05.pl,c6,no,0.1,no,corr,0.0
1751,exp_acyclic_indvary1_step8_batch_yyy06.pl,c3,yes,0.11,yes,corr,0.0
1752,exp_acyclic_indvary1_step8_batch_yyy06.pl,v6,no,0.11,no,corr,0.0
1753,exp_acyclic_indvary1_step8_batch_yyy06.pl,w5,no,0.11,no,corr,0.0
1754,exp_acyclic_indvary1_step8_batch_yyy06.pl,x2,yes,0.14,yes,corr,1.0
1755,exp_acyclic_indvary1_step8_batch_yyy06.pl,x6,no,0.1,no,corr,0.0
1756,exp_acyclic_indvary1_step8_batch_yyy06.pl,v3,no,0.11,no,corr,0.0
1757,exp_acyclic_indvary1_step8_batch_yyy06.pl,d1,no,0.14,no,corr,3.0
1758,exp_acyclic_indvary1_step8_batch_yyy06.pl,q7,no,0.09,no,corr,0.0
1759,exp_acyclic_indvary1_step8_batch_yyy06.pl,z5,no,0.09,no,corr,0.0
1760,exp_acyclic_indvary1_step8_batch_yyy06.pl,v2,no,0.09,no,corr,0.0
1761,exp_acyclic_indvary1_step8_batch_yyy07.pl,p5,no,0.1,no,corr,0.0
1762,exp_acyclic_indvary1_step8_batch_yyy07.pl,r6,yes,0.12,yes,corr,1.0
1763,exp_acyclic_indvary1_step8_batch_yyy07.pl,s2,yes,0.11,yes,corr,1.0
1764,exp_acyclic_indvary1_step8_batch_yyy07.pl,v1,no,0.11,no,corr,0.0
1765,exp_acyclic_indvary1_step8_batch_yyy07.pl,f3,no,0.1,no,corr,0.0
1766,exp_acyclic_indvary1_step8_batch_yyy07.pl,e3,no,0.11,no,corr,0.0
1767,exp_acyclic_indvary1_step8_batch_yyy07.pl,q7,no,0.12,no,corr,0.0
1768,exp_acyclic_indvary1_step8_batch_yyy07.pl,f2,yes,0.1,yes,corr,0.0
1769,exp_acyclic_indvary1_step8_batch_yyy07.pl,c3,yes,0.13,yes,corr,0.0
1770,exp_acyclic_indvary1_step8_batch_yyy07.pl,c4,no,0.1,no,corr,0.0
1771,exp_acyclic_indvary1_step8_batch_yyy08.pl,e5,no,0.11,no,corr,0.0
1772,exp_acyclic_indvary1_step8_batch_yyy08.pl,u4,no,0.11,no,corr,0.0
1773,exp_acyclic_indvary1_step8_batch_yyy08.pl,w5,no,0.1,no,corr,0.0
1774,exp_acyclic_indvary1_step8_batch_yyy08.pl,c2,yes,0.12,yes,corr,0.0
1775,exp_acyclic_indvary1_step8_batch_yyy08.pl,q4,no,0.11,no,corr,0.0
1776,exp_acyclic_indvary1_step8_batch_yyy08.pl,f5,no,0.12,no,corr,0.0
1777,exp_acyclic_indvary1_step8_batch_yyy08.pl,r4,yes,0.13,yes,corr,3.0
1778,exp_acyclic_indvary1_step8_batch_yyy08.pl,z3,no,0.09,no,corr,0.0
1779,exp_acyclic_indvary1_step8_batch_yyy08.pl,y2,no,0.14,no,corr,4.0
1780,exp_acyclic_indvary1_step8_batch_yyy08.pl,q1,no,0.09,no,corr,0.0
1781,exp_acyclic_indvary1_step8_batch_yyy09.pl,c4,no,0.11,no,corr,0.0
1782,exp_acyclic_indvary1_step8_batch_yyy09.pl,s4,no,0.11,no,corr,0.0
1783,exp_acyclic_indvary1_step8_batch_yyy09.pl,e1,yes,0.11,yes,corr,0.0
1784,exp_acyclic_indvary1_step8_batch_yyy09.pl,e5,no,0.11,no,corr,0.0
1785,exp_acyclic_indvary1_step8_batch_yyy09.pl,d3,no,0.12,no,corr,0.0
1786,exp_acyclic_indvary1_step8_batch_yyy09.pl,a4,no,0.1,no,corr,0.0
1787,exp_acyclic_indvary1_step8_batch_yyy09.pl,x5,no,0.13,no,corr,0.0
1788,exp_acyclic_indvary1_step8_batch_yyy09.pl,w3,no,0.11,no,corr,0.0
1789,exp_acyclic_indvary1_step8_batch_yyy09.pl,s2,no,0.12,no,corr,0.0
1790,exp_acyclic_indvary1_step8_batch_yyy09.pl,z1,no,0.24,no,corr,5.0
1791,exp_acyclic_indvary1_step8_batch_yyy10.pl,p4,no,0.11,no,corr,0.0
1792,exp_acyclic_indvary1_step8_batch_yyy10.pl,b4,no,0.11,no,corr,0.0
1793,exp_acyclic_indvary1_step8_batch_yyy10.pl,c5,no,0.11,no,corr,0.0
1794,exp_acyclic_indvary1_step8_batch_yyy10.pl,t2,no,0.18,no,corr,4.0
1795,exp_acyclic_indvary1_step8_batch_yyy10.pl,u3,yes,0.16,yes,corr,4.0
1796,exp_acyclic_indvary1_step8_batch_yyy10.pl,r7,no,0.1,no,corr,0.0
1797,exp_acyclic_indvary1_step8_batch_yyy10.pl,q7,no,0.12,no,corr,0.0
1798,exp_acyclic_indvary1_step8_batch_yyy10.pl,a2,yes,0.12,yes,corr,0.0
1799,exp_acyclic_indvary1_step8_batch_yyy10.pl,u5,no,0.1,no,corr,0.0
1800,exp_acyclic_indvary1_step8_batch_yyy10.pl,d5,no,0.14,no,corr,0.0
1801,exp_acyclic_indvary2_step1_batch_yyy01.pl,d5,no,0.11,no,corr,0.0
1802,exp_acyclic_indvary2_step1_batch_yyy01.pl,c4,no,0.13,no,corr,0.0
1803,exp_acyclic_indvary2_step1_batch_yyy01.pl,t3,no,0.09,no,corr,0.0
1804,exp_acyclic_indvary2_step1_batch_yyy01.pl,t6,no,0.1,no,corr,0.0
1805,exp_acyclic_indvary2_step1_batch_yyy01.pl,p1,yes,0.14,yes,corr,3.0
1806,exp_acyclic_indvary2_step1_batch_yyy01.pl,x4,no,0.1,no,corr,0.0
1807,exp_acyclic_indvary2_step1_batch_yyy01.pl,p4,no,0.1,no,corr,0.0
1808,exp_acyclic_indvary2_step1_batch_yyy01.pl,x3,no,0.11,no,corr,0.0
1809,exp_acyclic_indvary2_step1_batch_yyy01.pl,t2,yes,0.13,yes,corr,2.0
1810,exp_acyclic_indvary2_step1_batch_yyy01.pl,b5,no,0.09,no,corr,0.0
1811,exp_acyclic_indvary2_step1_batch_yyy02.pl,d5,no,0.09,no,corr,0.0
1812,exp_acyclic_indvary2_step1_batch_yyy02.pl,s3,no,0.09,no,corr,0.0
1813,exp_acyclic_indvary2_step1_batch_yyy02.pl,b3,no,0.2,no,corr,6.0
1814,exp_acyclic_indvary2_step1_batch_yyy02.pl,p5,no,0.09,no,corr,0.0
1815,exp_acyclic_indvary2_step1_batch_yyy02.pl,x7,no,0.1,no,corr,0.0
1816,exp_acyclic_indvary2_step1_batch_yyy02.pl,r4,no,0.1,no,corr,0.0
1817,exp_acyclic_indvary2_step1_batch_yyy02.pl,z3,no,0.1,no,corr,0.0
1818,exp_acyclic_indvary2_step1_batch_yyy02.pl,w3,no,0.11,no,corr,0.0
1819,exp_acyclic_indvary2_step1_batch_yyy02.pl,u2,yes,0.13,yes,corr,1.0
1820,exp_acyclic_indvary2_step1_batch_yyy02.pl,t1,yes,0.26,yes,corr,7.0
1821,exp_acyclic_indvary2_step1_batch_yyy03.pl,u6,no,0.09,no,corr,0.0
1822,exp_acyclic_indvary2_step1_batch_yyy03.pl,t5,no,0.1,no,corr,0.0
1823,exp_acyclic_indvary2_step1_batch_yyy03.pl,y4,no,0.1,no,corr,0.0
1824,exp_acyclic_indvary2_step1_batch_yyy03.pl,s5,no,0.1,no,corr,0.0
1825,exp_acyclic_indvary2_step1_batch_yyy03.pl,c5,no,0.09,no,corr,0.0
1826,exp_acyclic_indvary2_step1_batch_yyy03.pl,e4,no,0.11,no,corr,0.0
1827,exp_acyclic_indvary2_step1_batch_yyy03.pl,v4,no,0.11,no,corr,0.0
1828,exp_acyclic_indvary2_step1_batch_yyy03.pl,v6,no,0.1,no,corr,0.0
1829,exp_acyclic_indvary2_step1_batch_yyy03.pl,u1,no,0.11,no,corr,0.0
1830,exp_acyclic_indvary2_step1_batch_yyy03.pl,f1,yes,0.12,yes,corr,1.0
1831,exp_acyclic_indvary2_step1_batch_yyy04.pl,c3,no,0.14,no,corr,1.0
1832,exp_acyclic_indvary2_step1_batch_yyy04.pl,q6,no,0.12,no,corr,0.0
1833,exp_acyclic_indvary2_step1_batch_yyy04.pl,x3,no,0.1,no,corr,0.0
1834,exp_acyclic_indvary2_step1_batch_yyy04.pl,c5,no,0.11,no,corr,0.0
1835,exp_acyclic_indvary2_step1_batch_yyy04.pl,q4,no,0.11,no,corr,0.0
1836,exp_acyclic_indvary2_step1_batch_yyy04.pl,v4,no,0.1,no,corr,0.0
1837,exp_acyclic_indvary2_step1_batch_yyy04.pl,y2,no,0.12,no,corr,0.0
1838,exp_acyclic_indvary2_step1_batch_yyy04.pl,r7,no,0.1,no,corr,0.0
1839,exp_acyclic_indvary2_step1_batch_yyy04.pl,q7,no,0.13,no,corr,0.0
1840,exp_acyclic_indvary2_step1_batch_yyy04.pl,x4,no,0.1,no,corr,0.0
1841,exp_acyclic_indvary2_step1_batch_yyy05.pl,s3,no,0.1,no,corr,0.0
1842,exp_acyclic_indvary2_step1_batch_yyy05.pl,y4,no,0.11,no,corr,0.0
1843,exp_acyclic_indvary2_step1_batch_yyy05.pl,v2,yes,0.12,yes,corr,1.0
1844,exp_acyclic_indvary2_step1_batch_yyy05.pl,u7,no,0.1,no,corr,0.0
1845,exp_acyclic_indvary2_step1_batch_yyy05.pl,x7,no,0.12,no,corr,0.0
1846,exp_acyclic_indvary2_step1_batch_yyy05.pl,x2,yes,0.11,yes,corr,1.0
1847,exp_acyclic_indvary2_step1_batch_yyy05.pl,r5,no,0.11,no,corr,0.0
1848,exp_acyclic_indvary2_step1_batch_yyy05.pl,a2,no,0.11,no,corr,1.0
1849,exp_acyclic_indvary2_step1_batch_yyy05.pl,s2,no,0.22,no,corr,6.0
1850,exp_acyclic_indvary2_step1_batch_yyy05.pl,b1,no,0.17,no,corr,5.0
1851,exp_acyclic_indvary2_step1_batch_yyy06.pl,q5,no,0.1,no,corr,0.0
1852,exp_acyclic_indvary2_step1_batch_yyy06.pl,c2,yes,0.18,yes,corr,5.0
1853,exp_acyclic_indvary2_step1_batch_yyy06.pl,y3,no,0.09,no,corr,0.0
1854,exp_acyclic_indvary2_step1_batch_yyy06.pl,t2,no,0.13,no,corr,3.0
1855,exp_acyclic_indvary2_step1_batch_yyy06.pl,u3,no,0.09,no,corr,0.0
1856,exp_acyclic_indvary2_step1_batch_yyy06.pl,s1,yes,0.11,yes,corr,1.0
1857,exp_acyclic_indvary2_step1_batch_yyy06.pl,z3,no,0.1,no,corr,0.0
1858,exp_acyclic_indvary2_step1_batch_yyy06.pl,r7,no,0.11,no,corr,0.0
1859,exp_acyclic_indvary2_step1_batch_yyy06.pl,y4,no,0.1,no,corr,0.0
1860,exp_acyclic_indvary2_step1_batch_yyy06.pl,v7,no,0.09,no,corr,0.0
1861,exp_acyclic_indvary2_step1_batch_yyy07.pl,d5,no,0.1,no,corr,0.0
1862,exp_acyclic_indvary2_step1_batch_yyy07.pl,a6,no,0.09,no,corr,0.0
1863,exp_acyclic_indvary2_step1_batch_yyy07.pl,e1,yes,0.11,yes,corr,0.0
1864,exp_acyclic_indvary2_step1_batch_yyy07.pl,c5,no,0.09,no,corr,0.0
1865,exp_acyclic_indvary2_step1_batch_yyy07.pl,y3,no,0.11,no,corr,0.0
1866,exp_acyclic_indvary2_step1_batch_yyy07.pl,w4,no,0.1,no,corr,0.0
1867,exp_acyclic_indvary2_step1_batch_yyy07.pl,q1,no,0.11,no,corr,0.0
1868,exp_acyclic_indvary2_step1_batch_yyy07.pl,w3,no,0.11,no,corr,0.0
1869,exp_acyclic_indvary2_step1_batch_yyy07.pl,c3,yes,0.15,yes,corr,3.0
1870,exp_acyclic_indvary2_step1_batch_yyy07.pl,t4,no,0.1,no,corr,0.0
1871,exp_acyclic_indvary2_step1_batch_yyy08.pl,w2,no,0.75,no,corr,13.0
1872,exp_acyclic_indvary2_step1_batch_yyy08.pl,s2,yes,0.11,yes,corr,1.0
1873,exp_acyclic_indvary2_step1_batch_yyy08.pl,y5,no,0.09,no,corr,0.0
1874,exp_acyclic_indvary2_step1_batch_yyy08.pl,a6,no,0.12,no,corr,0.0
1875,exp_acyclic_indvary2_step1_batch_yyy08.pl,b3,yes,0.16,yes,corr,4.0
1876,exp_acyclic_indvary2_step1_batch_yyy08.pl,y4,no,0.11,no,corr,0.0
1877,exp_acyclic_indvary2_step1_batch_yyy08.pl,z4,no,0.1,no,corr,0.0
1878,exp_acyclic_indvary2_step1_batch_yyy08.pl,r5,no,0.11,no,corr,0.0
1879,exp_acyclic_indvary2_step1_batch_yyy08.pl,r2,yes,0.13,yes,corr,1.0
1880,exp_acyclic_indvary2_step1_batch_yyy08.pl,a1,yes,0.1,yes,corr,1.0
1881,exp_acyclic_indvary2_step1_batch_yyy09.pl,z6,no,0.11,no,corr,0.0
1882,exp_acyclic_indvary2_step1_batch_yyy09.pl,t3,no,0.09,no,corr,0.0
1883,exp_acyclic_indvary2_step1_batch_yyy09.pl,u5,no,0.09,no,corr,0.0
1884,exp_acyclic_indvary2_step1_batch_yyy09.pl,d5,no,0.09,no,corr,0.0
1885,exp_acyclic_indvary2_step1_batch_yyy09.pl,w2,no,0.11,no,corr,0.0
1886,exp_acyclic_indvary2_step1_batch_yyy09.pl,e5,no,0.1,no,corr,0.0
1887,exp_acyclic_indvary2_step1_batch_yyy09.pl,b6,no,0.1,no,corr,0.0
1888,exp_acyclic_indvary2_step1_batch_yyy09.pl,a1,yes,0.12,yes,corr,1.0
1889,exp_acyclic_indvary2_step1_batch_yyy09.pl,u2,yes,0.11,yes,corr,1.0
1890,exp_acyclic_indvary2_step1_batch_yyy09.pl,q1,no,0.11,no,corr,0.0
1891,exp_acyclic_indvary2_step1_batch_yyy10.pl,w7,no,0.11,no,corr,0.0
1892,exp_acyclic_indvary2_step1_batch_yyy10.pl,f1,yes,0.21,yes,corr,5.0
1893,exp_acyclic_indvary2_step1_batch_yyy10.pl,d3,no,0.09,no,corr,0.0
1894,exp_acyclic_indvary2_step1_batch_yyy10.pl,u7,no,0.1,no,corr,0.0
1895,exp_acyclic_indvary2_step1_batch_yyy10.pl,x2,yes,0.13,yes,corr,1.0
1896,exp_acyclic_indvary2_step1_batch_yyy10.pl,u3,no,0.1,no,corr,0.0
1897,exp_acyclic_indvary2_step1_batch_yyy10.pl,r7,no,0.11,no,corr,0.0
1898,exp_acyclic_indvary2_step1_batch_yyy10.pl,y5,no,0.13,no,corr,0.0
1899,exp_acyclic_indvary2_step1_batch_yyy10.pl,c1,yes,0.1,yes,corr,1.0
1900,exp_acyclic_indvary2_step1_batch_yyy10.pl,z2,yes,0.12,yes,corr,1.0
1901,exp_acyclic_indvary2_step2_batch_yyy01.pl,u6,no,0.11,no,corr,0.0
1902,exp_acyclic_indvary2_step2_batch_yyy01.pl,t4,no,0.13,no,corr,0.0
1903,exp_acyclic_indvary2_step2_batch_yyy01.pl,b2,yes,0.1,yes,corr,0.0
1904,exp_acyclic_indvary2_step2_batch_yyy01.pl,y4,no,0.1,no,corr,0.0
1905,exp_acyclic_indvary2_step2_batch_yyy01.pl,p3,no,0.1,no,corr,0.0
1906,exp_acyclic_indvary2_step2_batch_yyy01.pl,f3,no,0.11,no,corr,0.0
1907,exp_acyclic_indvary2_step2_batch_yyy01.pl,u2,no,0.1,no,corr,0.0
1908,exp_acyclic_indvary2_step2_batch_yyy01.pl,r2,yes,0.14,yes,corr,2.0
1909,exp_acyclic_indvary2_step2_batch_yyy01.pl,r7,no,0.1,no,corr,0.0
1910,exp_acyclic_indvary2_step2_batch_yyy01.pl,a1,yes,0.16,yes,corr,4.0
1911,exp_acyclic_indvary2_step2_batch_yyy02.pl,v2,yes,0.1,yes,corr,1.0
1912,exp_acyclic_indvary2_step2_batch_yyy02.pl,x7,no,0.11,no,corr,0.0
1913,exp_acyclic_indvary2_step2_batch_yyy02.pl,z4,no,0.11,no,corr,0.0
1914,exp_acyclic_indvary2_step2_batch_yyy02.pl,q1,yes,0.11,yes,corr,1.0
1915,exp_acyclic_indvary2_step2_batch_yyy02.pl,p4,no,0.11,no,corr,0.0
1916,exp_acyclic_indvary2_step2_batch_yyy02.pl,x3,no,0.12,no,corr,0.0
1917,exp_acyclic_indvary2_step2_batch_yyy02.pl,v6,no,0.1,no,corr,0.0
1918,exp_acyclic_indvary2_step2_batch_yyy02.pl,f1,no,0.12,no,corr,1.0
1919,exp_acyclic_indvary2_step2_batch_yyy02.pl,x4,no,0.11,no,corr,0.0
1920,exp_acyclic_indvary2_step2_batch_yyy02.pl,w3,no,0.13,no,corr,0.0
1921,exp_acyclic_indvary2_step2_batch_yyy03.pl,d5,no,0.11,no,corr,0.0
1922,exp_acyclic_indvary2_step2_batch_yyy03.pl,y4,no,0.1,no,corr,0.0
1923,exp_acyclic_indvary2_step2_batch_yyy03.pl,p4,no,0.11,no,corr,0.0
1924,exp_acyclic_indvary2_step2_batch_yyy03.pl,z1,yes,0.12,yes,corr,1.0
1925,exp_acyclic_indvary2_step2_batch_yyy03.pl,w6,no,0.11,no,corr,0.0
1926,exp_acyclic_indvary2_step2_batch_yyy03.pl,c6,no,0.12,no,corr,0.0
1927,exp_acyclic_indvary2_step2_batch_yyy03.pl,f4,no,0.11,no,corr,0.0
1928,exp_acyclic_indvary2_step2_batch_yyy03.pl,r3,yes,0.13,yes,corr,1.0
1929,exp_acyclic_indvary2_step2_batch_yyy03.pl,q7,no,0.11,no,corr,0.0
1930,exp_acyclic_indvary2_step2_batch_yyy03.pl,f2,no,0.19,no,corr,4.0
1931,exp_acyclic_indvary2_step2_batch_yyy04.pl,t4,no,0.1,no,corr,0.0
1932,exp_acyclic_indvary2_step2_batch_yyy04.pl,b2,no,0.27,no,corr,8.0
1933,exp_acyclic_indvary2_step2_batch_yyy04.pl,y4,no,0.1,no,corr,0.0
1934,exp_acyclic_indvary2_step2_batch_yyy04.pl,f1,yes,0.44,yes,corr,9.0
1935,exp_acyclic_indvary2_step2_batch_yyy04.pl,v5,no,0.09,no,corr,0.0
1936,exp_acyclic_indvary2_step2_batch_yyy04.pl,c2,no,0.12,no,corr,1.0
1937,exp_acyclic_indvary2_step2_batch_yyy04.pl,e4,no,0.09,no,corr,0.0
1938,exp_acyclic_indvary2_step2_batch_yyy04.pl,t7,no,0.13,no,corr,0.0
1939,exp_acyclic_indvary2_step2_batch_yyy04.pl,p2,no,0.1,no,corr,0.0
1940,exp_acyclic_indvary2_step2_batch_yyy04.pl,a3,yes,0.65,yes,corr,13.0
1941,exp_acyclic_indvary2_step2_batch_yyy05.pl,t4,no,0.12,no,corr,0.0
1942,exp_acyclic_indvary2_step2_batch_yyy05.pl,z6,no,0.09,no,corr,0.0
1943,exp_acyclic_indvary2_step2_batch_yyy05.pl,f1,yes,0.13,yes,corr,1.0
1944,exp_acyclic_indvary2_step2_batch_yyy05.pl,v5,no,0.09,no,corr,0.0
1945,exp_acyclic_indvary2_step2_batch_yyy05.pl,w1,no,0.1,no,corr,0.0
1946,exp_acyclic_indvary2_step2_batch_yyy05.pl,e3,no,0.1,no,corr,0.0
1947,exp_acyclic_indvary2_step2_batch_yyy05.pl,e2,no,0.17,no,corr,4.0
1948,exp_acyclic_indvary2_step2_batch_yyy05.pl,q7,no,0.09,no,corr,0.0
1949,exp_acyclic_indvary2_step2_batch_yyy05.pl,b3,yes,0.12,yes,corr,1.0
1950,exp_acyclic_indvary2_step2_batch_yyy05.pl,v7,no,0.1,no,corr,0.0
1951,exp_acyclic_indvary2_step2_batch_yyy06.pl,c3,no,0.16,no,corr,1.0
1952,exp_acyclic_indvary2_step2_batch_yyy06.pl,y4,no,0.11,no,corr,0.0
1953,exp_acyclic_indvary2_step2_batch_yyy06.pl,v6,no,0.1,no,corr,0.0
1954,exp_acyclic_indvary2_step2_batch_yyy06.pl,w1,yes,0.14,yes,corr,1.0
1955,exp_acyclic_indvary2_step2_batch_yyy06.pl,b5,no,0.1,no,corr,0.0
1956,exp_acyclic_indvary2_step2_batch_yyy06.pl,z3,no,0.09,no,corr,0.0
1957,exp_acyclic_indvary2_step2_batch_yyy06.pl,p7,no,0.1,no,corr,0.0
1958,exp_acyclic_indvary2_step2_batch_yyy06.pl,p5,no,0.1,no,corr,0.0
1959,exp_acyclic_indvary2_step2_batch_yyy06.pl,e2,no,0.4,no,corr,7.0
1960,exp_acyclic_indvary2_step2_batch_yyy06.pl,r3,no,0.24,no,corr,5.0
1961,exp_acyclic_indvary2_step2_batch_yyy07.pl,t5,no,0.09,no,corr,0.0
1962,exp_acyclic_indvary2_step2_batch_yyy07.pl,y4,no,0.11,no,corr,0.0
1963,exp_acyclic_indvary2_step2_batch_yyy07.pl,v5,no,0.13,no,corr,0.0
1964,exp_acyclic_indvary2_step2_batch_yyy07.pl,a4,no,0.11,no,corr,0.0
1965,exp_acyclic_indvary2_step2_batch_yyy07.pl,z4,no,0.1,no,corr,0.0
1966,exp_acyclic_indvary2_step2_batch_yyy07.pl,u3,no,0.12,no,corr,0.0
1967,exp_acyclic_indvary2_step2_batch_yyy07.pl,t1,yes,0.11,yes,corr,1.0
1968,exp_acyclic_indvary2_step2_batch_yyy07.pl,p6,no,0.12,no,corr,0.0
1969,exp_acyclic_indvary2_step2_batch_yyy07.pl,r2,yes,0.15,yes,corr,1.0
1970,exp_acyclic_indvary2_step2_batch_yyy07.pl,a1,no,0.13,no,corr,1.0
1971,exp_acyclic_indvary2_step2_batch_yyy08.pl,d5,no,0.1,no,corr,0.0
1972,exp_acyclic_indvary2_step2_batch_yyy08.pl,v7,no,0.12,no,corr,0.0
1973,exp_acyclic_indvary2_step2_batch_yyy08.pl,u1,yes,0.14,yes,corr,2.0
1974,exp_acyclic_indvary2_step2_batch_yyy08.pl,c5,no,0.13,no,corr,0.0
1975,exp_acyclic_indvary2_step2_batch_yyy08.pl,x2,no,0.1,no,corr,0.0
1976,exp_acyclic_indvary2_step2_batch_yyy08.pl,a3,no,0.13,no,corr,1.0
1977,exp_acyclic_indvary2_step2_batch_yyy08.pl,q7,no,0.11,no,corr,0.0
1978,exp_acyclic_indvary2_step2_batch_yyy08.pl,x5,no,0.1,no,corr,0.0
1979,exp_acyclic_indvary2_step2_batch_yyy08.pl,z2,yes,0.12,yes,corr,1.0
1980,exp_acyclic_indvary2_step2_batch_yyy08.pl,b5,no,0.13,no,corr,0.0
1981,exp_acyclic_indvary2_step2_batch_yyy09.pl,c3,yes,0.18,yes,corr,3.0
1982,exp_acyclic_indvary2_step2_batch_yyy09.pl,f1,no,0.54,no,corr,9.0
1983,exp_acyclic_indvary2_step2_batch_yyy09.pl,f3,no,0.09,no,corr,0.0
1984,exp_acyclic_indvary2_step2_batch_yyy09.pl,r1,yes,0.12,yes,corr,1.0
1985,exp_acyclic_indvary2_step2_batch_yyy09.pl,q3,yes,0.12,yes,corr,1.0
1986,exp_acyclic_indvary2_step2_batch_yyy09.pl,p1,yes,0.11,yes,corr,2.0
1987,exp_acyclic_indvary2_step2_batch_yyy09.pl,z4,no,0.13,no,corr,0.0
1988,exp_acyclic_indvary2_step2_batch_yyy09.pl,r5,no,0.11,no,corr,0.0
1989,exp_acyclic_indvary2_step2_batch_yyy09.pl,u3,no,0.11,no,corr,0.0
1990,exp_acyclic_indvary2_step2_batch_yyy09.pl,e3,no,0.12,no,corr,0.0
1991,exp_acyclic_indvary2_step2_batch_yyy10.pl,t5,no,0.12,no,corr,0.0
1992,exp_acyclic_indvary2_step2_batch_yyy10.pl,z6,no,0.12,no,corr,0.0
1993,exp_acyclic_indvary2_step2_batch_yyy10.pl,s4,no,0.09,no,corr,0.0
1994,exp_acyclic_indvary2_step2_batch_yyy10.pl,e1,yes,0.16,yes,corr,1.0
1995,exp_acyclic_indvary2_step2_batch_yyy10.pl,x3,no,0.11,no,corr,0.0
1996,exp_acyclic_indvary2_step2_batch_yyy10.pl,v6,no,0.1,no,corr,0.0
1997,exp_acyclic_indvary2_step2_batch_yyy10.pl,c5,no,0.11,no,corr,0.0
1998,exp_acyclic_indvary2_step2_batch_yyy10.pl,q4,no,0.09,no,corr,0.0
1999,exp_acyclic_indvary2_step2_batch_yyy10.pl,c1,no,0.12,no,corr,1.0
2000,exp_acyclic_indvary2_step2_batch_yyy10.pl,a3,yes,0.2,yes,corr,7.0
2001,exp_acyclic_indvary2_step3_batch_yyy01.pl,d5,no,0.1,no,corr,0.0
2002,exp_acyclic_indvary2_step3_batch_yyy01.pl,s3,no,0.14,no,corr,0.0
2003,exp_acyclic_indvary2_step3_batch_yyy01.pl,u7,no,0.1,no,corr,0.0
2004,exp_acyclic_indvary2_step3_batch_yyy01.pl,x7,no,0.13,no,corr,0.0
2005,exp_acyclic_indvary2_step3_batch_yyy01.pl,v1,no,0.32,no,corr,8.0
2006,exp_acyclic_indvary2_step3_batch_yyy01.pl,r2,no,0.09,no,corr,0.0
2007,exp_acyclic_indvary2_step3_batch_yyy01.pl,p7,no,0.09,no,corr,0.0
2008,exp_acyclic_indvary2_step3_batch_yyy01.pl,d4,no,0.11,no,corr,0.0
2009,exp_acyclic_indvary2_step3_batch_yyy01.pl,q7,no,0.11,no,corr,0.0
2010,exp_acyclic_indvary2_step3_batch_yyy01.pl,y5,no,0.11,no,corr,0.0
2011,exp_acyclic_indvary2_step3_batch_yyy02.pl,e1,yes,0.17,yes,corr,4.0
2012,exp_acyclic_indvary2_step3_batch_yyy02.pl,v5,no,0.1,no,corr,0.0
2013,exp_acyclic_indvary2_step3_batch_yyy02.pl,z4,no,0.1,no,corr,0.0
2014,exp_acyclic_indvary2_step3_batch_yyy02.pl,c1,yes,0.11,yes,corr,0.0
2015,exp_acyclic_indvary2_step3_batch_yyy02.pl,b6,no,0.12,no,corr,0.0
2016,exp_acyclic_indvary2_step3_batch_yyy02.pl,u2,yes,0.13,yes,corr,1.0
2017,exp_acyclic_indvary2_step3_batch_yyy02.pl,y5,no,0.1,no,corr,0.0
2018,exp_acyclic_indvary2_step3_batch_yyy02.pl,x4,no,0.11,no,corr,0.0
2019,exp_acyclic_indvary2_step3_batch_yyy02.pl,t4,no,0.12,no,corr,0.0
2020,exp_acyclic_indvary2_step3_batch_yyy02.pl,s3,no,0.11,no,corr,0.0
2021,exp_acyclic_indvary2_step3_batch_yyy03.pl,v2,yes,0.17,yes,corr,1.0
2022,exp_acyclic_indvary2_step3_batch_yyy03.pl,d4,no,0.11,no,corr,0.0
2023,exp_acyclic_indvary2_step3_batch_yyy03.pl,v1,no,0.18,no,corr,3.0
2024,exp_acyclic_indvary2_step3_batch_yyy03.pl,v4,no,0.11,no,corr,0.0
2025,exp_acyclic_indvary2_step3_batch_yyy03.pl,q2,yes,0.12,yes,corr,1.0
2026,exp_acyclic_indvary2_step3_batch_yyy03.pl,c5,no,0.11,no,corr,0.0
2027,exp_acyclic_indvary2_step3_batch_yyy03.pl,c2,no,0.13,no,corr,1.0
2028,exp_acyclic_indvary2_step3_batch_yyy03.pl,a5,no,0.11,no,corr,0.0
2029,exp_acyclic_indvary2_step3_batch_yyy03.pl,y1,no,0.12,no,corr,0.0
2030,exp_acyclic_indvary2_step3_batch_yyy03.pl,r1,no,0.19,no,corr,4.0
2031,exp_acyclic_indvary2_step3_batch_yyy04.pl,u5,no,0.11,no,corr,0.0
2032,exp_acyclic_indvary2_step3_batch_yyy04.pl,d4,no,0.12,no,corr,0.0
2033,exp_acyclic_indvary2_step3_batch_yyy04.pl,u7,no,0.12,no,corr,0.0
2034,exp_acyclic_indvary2_step3_batch_yyy04.pl,x7,no,0.11,no,corr,0.0
2035,exp_acyclic_indvary2_step3_batch_yyy04.pl,f5,no,0.14,no,corr,0.0
2036,exp_acyclic_indvary2_step3_batch_yyy04.pl,p3,yes,0.15,yes,corr,1.0
2037,exp_acyclic_indvary2_step3_batch_yyy04.pl,v4,no,0.1,no,corr,0.0
2038,exp_acyclic_indvary2_step3_batch_yyy04.pl,q3,no,0.12,no,corr,0.0
2039,exp_acyclic_indvary2_step3_batch_yyy04.pl,t1,yes,0.12,yes,corr,1.0
2040,exp_acyclic_indvary2_step3_batch_yyy04.pl,w3,no,0.09,no,corr,0.0
2041,exp_acyclic_indvary2_step3_batch_yyy05.pl,r6,no,0.09,no,corr,0.0
2042,exp_acyclic_indvary2_step3_batch_yyy05.pl,b1,yes,0.13,yes,corr,1.0
2043,exp_acyclic_indvary2_step3_batch_yyy05.pl,w1,yes,0.12,yes,corr,1.0
2044,exp_acyclic_indvary2_step3_batch_yyy05.pl,q7,no,0.12,no,corr,0.0
2045,exp_acyclic_indvary2_step3_batch_yyy05.pl,z6,no,0.12,no,corr,0.0
2046,exp_acyclic_indvary2_step3_batch_yyy05.pl,b2,no,0.17,no,corr,4.0
2047,exp_acyclic_indvary2_step3_batch_yyy05.pl,v4,no,0.11,no,corr,0.0
2048,exp_acyclic_indvary2_step3_batch_yyy05.pl,e3,no,0.12,no,corr,0.0
2049,exp_acyclic_indvary2_step3_batch_yyy05.pl,a2,no,0.12,no,corr,1.0
2050,exp_acyclic_indvary2_step3_batch_yyy05.pl,w3,no,0.13,no,corr,0.0
2051,exp_acyclic_indvary2_step3_batch_yyy06.pl,t4,no,0.15,no,corr,0.0
2052,exp_acyclic_indvary2_step3_batch_yyy06.pl,x3,no,0.11,no,corr,0.0
2053,exp_acyclic_indvary2_step3_batch_yyy06.pl,t3,no,0.12,no,corr,0.0
2054,exp_acyclic_indvary2_step3_batch_yyy06.pl,a5,no,0.11,no,corr,0.0
2055,exp_acyclic_indvary2_step3_batch_yyy06.pl,w1,yes,0.18,yes,corr,1.0
2056,exp_acyclic_indvary2_step3_batch_yyy06.pl,b5,no,0.1,no,corr,0.0
2057,exp_acyclic_indvary2_step3_batch_yyy06.pl,z3,no,0.11,no,corr,0.0
2058,exp_acyclic_indvary2_step3_batch_yyy06.pl,r3,no,0.29,no,corr,5.0
2059,exp_acyclic_indvary2_step3_batch_yyy06.pl,q7,no,0.11,no,corr,0.0
2060,exp_acyclic_indvary2_step3_batch_yyy06.pl,q2,yes,0.13,yes,corr,1.0
2061,exp_acyclic_indvary2_step3_batch_yyy07.pl,y4,no,0.11,no,corr,0.0
2062,exp_acyclic_indvary2_step3_batch_yyy07.pl,q5,no,0.11,no,corr,0.0
2063,exp_acyclic_indvary2_step3_batch_yyy07.pl,w1,yes,0.16,yes,corr,1.0
2064,exp_acyclic_indvary2_step3_batch_yyy07.pl,f3,no,0.11,no,corr,0.0
2065,exp_acyclic_indvary2_step3_batch_yyy07.pl,r4,no,0.12,no,corr,0.0
2066,exp_acyclic_indvary2_step3_batch_yyy07.pl,q1,yes,0.13,yes,corr,1.0
2067,exp_acyclic_indvary2_step3_batch_yyy07.pl,z5,no,0.12,no,corr,0.0
2068,exp_acyclic_indvary2_step3_batch_yyy07.pl,v2,no,0.13,no,corr,0.0
2069,exp_acyclic_indvary2_step3_batch_yyy07.pl,a4,no,0.15,no,corr,0.0
2070,exp_acyclic_indvary2_step3_batch_yyy07.pl,w6,no,0.12,no,corr,0.0
2071,exp_acyclic_indvary2_step3_batch_yyy08.pl,d5,no,0.12,no,corr,0.0
2072,exp_acyclic_indvary2_step3_batch_yyy08.pl,t5,no,0.1,no,corr,0.0
2073,exp_acyclic_indvary2_step3_batch_yyy08.pl,w7,no,0.14,no,corr,0.0
2074,exp_acyclic_indvary2_step3_batch_yyy08.pl,a4,no,0.12,no,corr,0.0
2075,exp_acyclic_indvary2_step3_batch_yyy08.pl,r5,no,0.12,no,corr,0.0
2076,exp_acyclic_indvary2_step3_batch_yyy08.pl,u3,no,0.14,no,corr,0.0
2077,exp_acyclic_indvary2_step3_batch_yyy08.pl,r2,no,0.21,no,corr,4.0
2078,exp_acyclic_indvary2_step3_batch_yyy08.pl,y6,no,0.12,no,corr,0.0
2079,exp_acyclic_indvary2_step3_batch_yyy08.pl,p4,no,0.13,no,corr,0.0
2080,exp_acyclic_indvary2_step3_batch_yyy08.pl,x3,no,0.13,no,corr,0.0
2081,exp_acyclic_indvary2_step3_batch_yyy09.pl,b1,no,0.16,no,corr,1.0
2082,exp_acyclic_indvary2_step3_batch_yyy09.pl,r5,no,0.11,no,corr,0.0
2083,exp_acyclic_indvary2_step3_batch_yyy09.pl,a3,yes,0.12,yes,corr,1.0
2084,exp_acyclic_indvary2_step3_batch_yyy09.pl,a1,yes,0.11,yes,corr,0.0
2085,exp_acyclic_indvary2_step3_batch_yyy09.pl,f2,no,0.14,no,corr,1.0
2086,exp_acyclic_indvary2_step3_batch_yyy09.pl,v1,yes,0.16,yes,corr,1.0
2087,exp_acyclic_indvary2_step3_batch_yyy09.pl,p3,no,0.19,no,corr,5.0
2088,exp_acyclic_indvary2_step3_batch_yyy09.pl,c1,no,0.13,no,corr,2.0
2089,exp_acyclic_indvary2_step3_batch_yyy09.pl,c6,no,0.1,no,corr,0.0
2090,exp_acyclic_indvary2_step3_batch_yyy09.pl,z2,no,0.1,no,corr,0.0
2091,exp_acyclic_indvary2_step3_batch_yyy10.pl,w2,yes,0.13,yes,corr,1.0
2092,exp_acyclic_indvary2_step3_batch_yyy10.pl,u3,no,0.1,no,corr,0.0
2093,exp_acyclic_indvary2_step3_batch_yyy10.pl,p1,yes,0.11,yes,corr,1.0
2094,exp_acyclic_indvary2_step3_batch_yyy10.pl,p7,no,0.11,no,corr,0.0
2095,exp_acyclic_indvary2_step3_batch_yyy10.pl,p5,no,0.11,no,corr,0.0
2096,exp_acyclic_indvary2_step3_batch_yyy10.pl,c2,no,0.21,no,corr,4.0
2097,exp_acyclic_indvary2_step3_batch_yyy10.pl,t6,no,0.1,no,corr,0.0
2098,exp_acyclic_indvary2_step3_batch_yyy10.pl,d1,no,0.19,no,corr,5.0
2099,exp_acyclic_indvary2_step3_batch_yyy10.pl,u2,yes,0.12,yes,corr,1.0
2100,exp_acyclic_indvary2_step3_batch_yyy10.pl,t1,yes,0.12,yes,corr,1.0
2101,exp_acyclic_indvary2_step4_batch_yyy01.pl,p4,no,0.12,no,corr,0.0
2102,exp_acyclic_indvary2_step4_batch_yyy01.pl,e5,no,0.15,no,corr,0.0
2103,exp_acyclic_indvary2_step4_batch_yyy01.pl,d3,no,0.14,no,corr,0.0
2104,exp_acyclic_indvary2_step4_batch_yyy01.pl,s1,yes,0.14,yes,corr,1.0
2105,exp_acyclic_indvary2_step4_batch_yyy01.pl,t5,no,0.12,no,corr,0.0
2106,exp_acyclic_indvary2_step4_batch_yyy01.pl,s3,no,0.13,no,corr,0.0
2107,exp_acyclic_indvary2_step4_batch_yyy01.pl,r3,no,0.13,no,corr,0.0
2108,exp_acyclic_indvary2_step4_batch_yyy01.pl,d1,no,0.13,no,corr,1.0
2109,exp_acyclic_indvary2_step4_batch_yyy01.pl,x4,no,0.11,no,corr,0.0
2110,exp_acyclic_indvary2_step4_batch_yyy01.pl,w3,no,0.1,no,corr,0.0
2111,exp_acyclic_indvary2_step4_batch_yyy02.pl,u5,no,0.12,no,corr,0.0
2112,exp_acyclic_indvary2_step4_batch_yyy02.pl,c3,no,0.21,no,corr,4.0
2113,exp_acyclic_indvary2_step4_batch_yyy02.pl,z6,no,0.11,no,corr,0.0
2114,exp_acyclic_indvary2_step4_batch_yyy02.pl,p7,no,0.12,no,corr,0.0
2115,exp_acyclic_indvary2_step4_batch_yyy02.pl,w5,no,0.11,no,corr,0.0
2116,exp_acyclic_indvary2_step4_batch_yyy02.pl,r3,yes,0.13,yes,corr,1.0
2117,exp_acyclic_indvary2_step4_batch_yyy02.pl,p1,yes,0.11,yes,corr,1.0
2118,exp_acyclic_indvary2_step4_batch_yyy02.pl,a2,yes,0.13,yes,corr,1.0
2119,exp_acyclic_indvary2_step4_batch_yyy02.pl,u3,no,0.12,no,corr,0.0
2120,exp_acyclic_indvary2_step4_batch_yyy02.pl,r4,no,0.1,no,corr,0.0
2121,exp_acyclic_indvary2_step4_batch_yyy03.pl,b2,yes,0.15,yes,corr,1.0
2122,exp_acyclic_indvary2_step4_batch_yyy03.pl,d3,no,0.13,no,corr,0.0
2123,exp_acyclic_indvary2_step4_batch_yyy03.pl,w6,no,0.11,no,corr,0.0
2124,exp_acyclic_indvary2_step4_batch_yyy03.pl,c1,no,0.21,no,corr,4.0
2125,exp_acyclic_indvary2_step4_batch_yyy03.pl,s1,yes,0.13,yes,corr,1.0
2126,exp_acyclic_indvary2_step4_batch_yyy03.pl,q3,yes,0.13,yes,corr,1.0
2127,exp_acyclic_indvary2_step4_batch_yyy03.pl,b6,no,0.11,no,corr,0.0
2128,exp_acyclic_indvary2_step4_batch_yyy03.pl,y5,no,0.11,no,corr,0.0
2129,exp_acyclic_indvary2_step4_batch_yyy03.pl,a2,yes,0.12,yes,corr,0.0
2130,exp_acyclic_indvary2_step4_batch_yyy03.pl,w3,no,0.11,no,corr,0.0
2131,exp_acyclic_indvary2_step4_batch_yyy04.pl,t5,no,0.13,no,corr,0.0
2132,exp_acyclic_indvary2_step4_batch_yyy04.pl,a6,no,0.13,no,corr,0.0
2133,exp_acyclic_indvary2_step4_batch_yyy04.pl,r5,no,0.13,no,corr,0.0
2134,exp_acyclic_indvary2_step4_batch_yyy04.pl,v1,yes,0.12,yes,corr,1.0
2135,exp_acyclic_indvary2_step4_batch_yyy04.pl,x6,no,0.12,no,corr,0.0
2136,exp_acyclic_indvary2_step4_batch_yyy04.pl,q1,yes,0.17,yes,corr,1.0
2137,exp_acyclic_indvary2_step4_batch_yyy04.pl,w2,yes,0.13,yes,corr,1.0
2138,exp_acyclic_indvary2_step4_batch_yyy04.pl,u1,yes,0.14,yes,corr,1.0
2139,exp_acyclic_indvary2_step4_batch_yyy04.pl,a2,yes,0.14,yes,corr,1.0
2140,exp_acyclic_indvary2_step4_batch_yyy04.pl,x4,no,0.1,no,corr,0.0
2141,exp_acyclic_indvary2_step4_batch_yyy05.pl,p5,no,0.12,no,corr,0.0
2142,exp_acyclic_indvary2_step4_batch_yyy05.pl,t3,no,0.12,no,corr,0.0
2143,exp_acyclic_indvary2_step4_batch_yyy05.pl,t6,no,0.12,no,corr,0.0
2144,exp_acyclic_indvary2_step4_batch_yyy05.pl,a4,no,0.12,no,corr,0.0
2145,exp_acyclic_indvary2_step4_batch_yyy05.pl,v4,no,0.12,no,corr,0.0
2146,exp_acyclic_indvary2_step4_batch_yyy05.pl,f4,no,0.11,no,corr,0.0
2147,exp_acyclic_indvary2_step4_batch_yyy05.pl,x6,no,0.13,no,corr,0.0
2148,exp_acyclic_indvary2_step4_batch_yyy05.pl,p1,yes,0.14,yes,corr,1.0
2149,exp_acyclic_indvary2_step4_batch_yyy05.pl,a6,no,0.11,no,corr,0.0
2150,exp_acyclic_indvary2_step4_batch_yyy05.pl,w7,no,0.11,no,corr,0.0
2151,exp_acyclic_indvary2_step4_batch_yyy06.pl,d5,no,0.12,no,corr,0.0
2152,exp_acyclic_indvary2_step4_batch_yyy06.pl,p7,no,0.14,no,corr,0.0
2153,exp_acyclic_indvary2_step4_batch_yyy06.pl,v5,no,0.13,no,corr,0.0
2154,exp_acyclic_indvary2_step4_batch_yyy06.pl,b1,yes,0.12,yes,corr,0.0
2155,exp_acyclic_indvary2_step4_batch_yyy06.pl,p3,yes,0.14,yes,corr,1.0
2156,exp_acyclic_indvary2_step4_batch_yyy06.pl,f3,no,0.14,no,corr,0.0
2157,exp_acyclic_indvary2_step4_batch_yyy06.pl,e3,no,0.12,no,corr,0.0
2158,exp_acyclic_indvary2_step4_batch_yyy06.pl,a3,yes,0.12,yes,corr,0.0
2159,exp_acyclic_indvary2_step4_batch_yyy06.pl,r7,no,0.1,no,corr,0.0
2160,exp_acyclic_indvary2_step4_batch_yyy06.pl,d1,yes,0.14,yes,corr,1.0
2161,exp_acyclic_indvary2_step4_batch_yyy07.pl,w2,yes,0.18,yes,corr,2.0
2162,exp_acyclic_indvary2_step4_batch_yyy07.pl,u4,no,0.11,no,corr,0.0
2163,exp_acyclic_indvary2_step4_batch_yyy07.pl,z1,no,0.1,no,corr,0.0
2164,exp_acyclic_indvary2_step4_batch_yyy07.pl,v1,no,0.12,no,corr,0.0
2165,exp_acyclic_indvary2_step4_batch_yyy07.pl,s1,yes,0.14,yes,corr,1.0
2166,exp_acyclic_indvary2_step4_batch_yyy07.pl,z3,no,0.13,no,corr,0.0
2167,exp_acyclic_indvary2_step4_batch_yyy07.pl,s4,no,0.13,no,corr,0.0
2168,exp_acyclic_indvary2_step4_batch_yyy07.pl,y4,no,0.12,no,corr,0.0
2169,exp_acyclic_indvary2_step4_batch_yyy07.pl,t2,no,0.12,no,corr,0.0
2170,exp_acyclic_indvary2_step4_batch_yyy07.pl,t7,no,0.11,no,corr,0.0
2171,exp_acyclic_indvary2_step4_batch_yyy08.pl,u6,no,0.14,no,corr,0.0
2172,exp_acyclic_indvary2_step4_batch_yyy08.pl,f5,no,0.11,no,corr,0.0
2173,exp_acyclic_indvary2_step4_batch_yyy08.pl,f3,no,0.12,no,corr,0.0
2174,exp_acyclic_indvary2_step4_batch_yyy08.pl,t7,no,0.12,no,corr,0.0
2175,exp_acyclic_indvary2_step4_batch_yyy08.pl,v4,no,0.12,no,corr,0.0
2176,exp_acyclic_indvary2_step4_batch_yyy08.pl,s7,no,0.11,no,corr,0.0
2177,exp_acyclic_indvary2_step4_batch_yyy08.pl,y2,yes,0.29,yes,corr,5.0
2178,exp_acyclic_indvary2_step4_batch_yyy08.pl,x6,no,0.09,no,corr,0.0
2179,exp_acyclic_indvary2_step4_batch_yyy08.pl,r3,yes,0.13,yes,corr,1.0
2180,exp_acyclic_indvary2_step4_batch_yyy08.pl,t1,yes,0.13,yes,corr,1.0
2181,exp_acyclic_indvary2_step4_batch_yyy09.pl,e1,no,0.11,no,corr,1.0
2182,exp_acyclic_indvary2_step4_batch_yyy09.pl,s5,no,0.12,no,corr,0.0
2183,exp_acyclic_indvary2_step4_batch_yyy09.pl,c5,no,0.14,no,corr,0.0
2184,exp_acyclic_indvary2_step4_batch_yyy09.pl,x7,no,0.14,no,corr,0.0
2185,exp_acyclic_indvary2_step4_batch_yyy09.pl,e3,no,0.1,no,corr,0.0
2186,exp_acyclic_indvary2_step4_batch_yyy09.pl,p2,yes,0.13,yes,corr,1.0
2187,exp_acyclic_indvary2_step4_batch_yyy09.pl,y2,yes,0.13,yes,corr,1.0
2188,exp_acyclic_indvary2_step4_batch_yyy09.pl,r2,yes,0.11,yes,corr,1.0
2189,exp_acyclic_indvary2_step4_batch_yyy09.pl,b6,no,0.11,no,corr,0.0
2190,exp_acyclic_indvary2_step4_batch_yyy09.pl,a1,yes,0.19,yes,corr,4.0
2191,exp_acyclic_indvary2_step4_batch_yyy10.pl,t5,no,0.11,no,corr,0.0
2192,exp_acyclic_indvary2_step4_batch_yyy10.pl,z6,no,0.11,no,corr,0.0
2193,exp_acyclic_indvary2_step4_batch_yyy10.pl,p7,no,0.12,no,corr,0.0
2194,exp_acyclic_indvary2_step4_batch_yyy10.pl,z4,no,0.1,no,corr,0.0
2195,exp_acyclic_indvary2_step4_batch_yyy10.pl,c1,no,0.14,no,corr,1.0
2196,exp_acyclic_indvary2_step4_batch_yyy10.pl,r7,no,0.12,no,corr,0.0
2197,exp_acyclic_indvary2_step4_batch_yyy10.pl,u2,yes,0.12,yes,corr,1.0
2198,exp_acyclic_indvary2_step4_batch_yyy10.pl,x4,no,0.14,no,corr,0.0
2199,exp_acyclic_indvary2_step4_batch_yyy10.pl,y2,yes,0.13,yes,corr,1.0
2200,exp_acyclic_indvary2_step4_batch_yyy10.pl,x1,yes,0.13,yes,corr,1.0
2201,exp_acyclic_indvary2_step5_batch_yyy01.pl,d3,no,0.12,no,corr,0.0
2202,exp_acyclic_indvary2_step5_batch_yyy01.pl,u7,no,0.12,no,corr,0.0
2203,exp_acyclic_indvary2_step5_batch_yyy01.pl,e4,no,0.1,no,corr,0.0
2204,exp_acyclic_indvary2_step5_batch_yyy01.pl,f3,no,0.11,no,corr,0.0
2205,exp_acyclic_indvary2_step5_batch_yyy01.pl,t2,no,0.12,no,corr,0.0
2206,exp_acyclic_indvary2_step5_batch_yyy01.pl,v4,no,0.11,no,corr,0.0
2207,exp_acyclic_indvary2_step5_batch_yyy01.pl,a3,no,0.33,no,corr,6.0
2208,exp_acyclic_indvary2_step5_batch_yyy01.pl,y6,no,0.12,no,corr,0.0
2209,exp_acyclic_indvary2_step5_batch_yyy01.pl,s2,yes,0.12,yes,corr,1.0
2210,exp_acyclic_indvary2_step5_batch_yyy01.pl,z1,yes,0.14,yes,corr,1.0
2211,exp_acyclic_indvary2_step5_batch_yyy02.pl,s3,no,0.16,no,corr,0.0
2212,exp_acyclic_indvary2_step5_batch_yyy02.pl,v7,no,0.12,no,corr,0.0
2213,exp_acyclic_indvary2_step5_batch_yyy02.pl,v2,yes,0.17,yes,corr,2.0
2214,exp_acyclic_indvary2_step5_batch_yyy02.pl,w1,yes,0.15,yes,corr,1.0
2215,exp_acyclic_indvary2_step5_batch_yyy02.pl,r4,no,0.13,no,corr,0.0
2216,exp_acyclic_indvary2_step5_batch_yyy02.pl,p2,no,0.12,no,corr,0.0
2217,exp_acyclic_indvary2_step5_batch_yyy02.pl,d1,yes,0.14,yes,corr,1.0
2218,exp_acyclic_indvary2_step5_batch_yyy02.pl,q2,yes,0.16,yes,corr,2.0
2219,exp_acyclic_indvary2_step5_batch_yyy02.pl,b6,no,0.11,no,corr,0.0
2220,exp_acyclic_indvary2_step5_batch_yyy02.pl,a1,no,0.13,no,corr,1.0
2221,exp_acyclic_indvary2_step5_batch_yyy03.pl,u6,no,0.15,no,corr,0.0
2222,exp_acyclic_indvary2_step5_batch_yyy03.pl,p5,no,0.14,no,corr,0.0
2223,exp_acyclic_indvary2_step5_batch_yyy03.pl,r6,no,0.12,no,corr,0.0
2224,exp_acyclic_indvary2_step5_batch_yyy03.pl,v5,no,0.13,no,corr,0.0
2225,exp_acyclic_indvary2_step5_batch_yyy03.pl,u3,no,0.14,no,corr,0.0
2226,exp_acyclic_indvary2_step5_batch_yyy03.pl,p2,no,0.11,no,corr,0.0
2227,exp_acyclic_indvary2_step5_batch_yyy03.pl,r7,no,0.11,no,corr,0.0
2228,exp_acyclic_indvary2_step5_batch_yyy03.pl,e2,no,0.41,no,corr,6.0
2229,exp_acyclic_indvary2_step5_batch_yyy03.pl,c6,no,0.12,no,corr,0.0
2230,exp_acyclic_indvary2_step5_batch_yyy03.pl,b5,no,0.11,no,corr,0.0
2231,exp_acyclic_indvary2_step5_batch_yyy04.pl,c4,no,0.14,no,corr,0.0
2232,exp_acyclic_indvary2_step5_batch_yyy04.pl,s4,no,0.11,no,corr,0.0
2233,exp_acyclic_indvary2_step5_batch_yyy04.pl,v2,yes,0.14,yes,corr,1.0
2234,exp_acyclic_indvary2_step5_batch_yyy04.pl,x2,yes,0.13,yes,corr,1.0
2235,exp_acyclic_indvary2_step5_batch_yyy04.pl,y2,yes,0.12,yes,corr,1.0
2236,exp_acyclic_indvary2_step5_batch_yyy04.pl,x5,no,0.11,no,corr,0.0
2237,exp_acyclic_indvary2_step5_batch_yyy04.pl,c1,yes,0.15,yes,corr,1.0
2238,exp_acyclic_indvary2_step5_batch_yyy04.pl,t7,no,0.12,no,corr,0.0
2239,exp_acyclic_indvary2_step5_batch_yyy04.pl,x4,no,0.12,no,corr,0.0
2240,exp_acyclic_indvary2_step5_batch_yyy04.pl,w3,no,0.15,no,corr,0.0
2241,exp_acyclic_indvary2_step5_batch_yyy05.pl,z6,no,0.12,no,corr,0.0
2242,exp_acyclic_indvary2_step5_batch_yyy05.pl,p5,no,0.12,no,corr,0.0
2243,exp_acyclic_indvary2_step5_batch_yyy05.pl,w2,yes,0.18,yes,corr,4.0
2244,exp_acyclic_indvary2_step5_batch_yyy05.pl,w5,no,0.14,no,corr,0.0
2245,exp_acyclic_indvary2_step5_batch_yyy05.pl,z2,yes,0.13,yes,corr,1.0
2246,exp_acyclic_indvary2_step5_batch_yyy05.pl,d2,no,0.3,no,corr,5.0
2247,exp_acyclic_indvary2_step5_batch_yyy05.pl,u2,yes,0.12,yes,corr,1.0
2248,exp_acyclic_indvary2_step5_batch_yyy05.pl,x4,no,0.1,no,corr,0.0
2249,exp_acyclic_indvary2_step5_batch_yyy05.pl,c3,no,0.18,no,corr,2.0
2250,exp_acyclic_indvary2_step5_batch_yyy05.pl,t5,no,0.12,no,corr,0.0
2251,exp_acyclic_indvary2_step5_batch_yyy06.pl,y4,no,0.13,no,corr,0.0
2252,exp_acyclic_indvary2_step5_batch_yyy06.pl,t3,no,0.13,no,corr,0.0
2253,exp_acyclic_indvary2_step5_batch_yyy06.pl,x7,no,0.12,no,corr,0.0
2254,exp_acyclic_indvary2_step5_batch_yyy06.pl,a4,no,0.13,no,corr,0.0
2255,exp_acyclic_indvary2_step5_batch_yyy06.pl,w4,no,0.12,no,corr,0.0
2256,exp_acyclic_indvary2_step5_batch_yyy06.pl,t7,no,0.13,no,corr,0.0
2257,exp_acyclic_indvary2_step5_batch_yyy06.pl,q3,yes,0.17,yes,corr,1.0
2258,exp_acyclic_indvary2_step5_batch_yyy06.pl,v3,no,0.12,no,corr,0.0
2259,exp_acyclic_indvary2_step5_batch_yyy06.pl,r3,yes,0.13,yes,corr,1.0
2260,exp_acyclic_indvary2_step5_batch_yyy06.pl,w3,no,0.12,no,corr,0.0
2261,exp_acyclic_indvary2_step5_batch_yyy07.pl,u6,no,0.14,no,corr,0.0
2262,exp_acyclic_indvary2_step5_batch_yyy07.pl,x3,no,0.15,no,corr,0.0
2263,exp_acyclic_indvary2_step5_batch_yyy07.pl,e5,no,0.13,no,corr,0.0
2264,exp_acyclic_indvary2_step5_batch_yyy07.pl,a5,no,0.12,no,corr,0.0
2265,exp_acyclic_indvary2_step5_batch_yyy07.pl,r5,no,0.11,no,corr,0.0
2266,exp_acyclic_indvary2_step5_batch_yyy07.pl,y6,no,0.11,no,corr,0.0
2267,exp_acyclic_indvary2_step5_batch_yyy07.pl,c3,no,0.16,no,corr,1.0
2268,exp_acyclic_indvary2_step5_batch_yyy07.pl,t5,no,0.12,no,corr,0.0
2269,exp_acyclic_indvary2_step5_batch_yyy07.pl,b3,no,0.18,no,corr,2.0
2270,exp_acyclic_indvary2_step5_batch_yyy07.pl,w7,no,0.11,no,corr,0.0
2271,exp_acyclic_indvary2_step5_batch_yyy08.pl,d5,no,0.12,no,corr,0.0
2272,exp_acyclic_indvary2_step5_batch_yyy08.pl,c3,no,0.33,no,corr,5.0
2273,exp_acyclic_indvary2_step5_batch_yyy08.pl,q6,no,0.12,no,corr,0.0
2274,exp_acyclic_indvary2_step5_batch_yyy08.pl,e5,no,0.12,no,corr,0.0
2275,exp_acyclic_indvary2_step5_batch_yyy08.pl,c5,no,0.11,no,corr,0.0
2276,exp_acyclic_indvary2_step5_batch_yyy08.pl,e4,no,0.11,no,corr,0.0
2277,exp_acyclic_indvary2_step5_batch_yyy08.pl,w4,no,0.12,no,corr,0.0
2278,exp_acyclic_indvary2_step5_batch_yyy08.pl,v4,no,0.11,no,corr,0.0
2279,exp_acyclic_indvary2_step5_batch_yyy08.pl,s7,no,0.15,no,corr,0.0
2280,exp_acyclic_indvary2_step5_batch_yyy08.pl,p1,yes,0.13,yes,corr,1.0
2281,exp_acyclic_indvary2_step5_batch_yyy09.pl,a6,no,0.11,no,corr,0.0
2282,exp_acyclic_indvary2_step5_batch_yyy09.pl,d4,no,0.12,no,corr,0.0
2283,exp_acyclic_indvary2_step5_batch_yyy09.pl,u7,no,0.11,no,corr,0.0
2284,exp_acyclic_indvary2_step5_batch_yyy09.pl,c5,no,0.15,no,corr,0.0
2285,exp_acyclic_indvary2_step5_batch_yyy09.pl,a4,no,0.12,no,corr,0.0
2286,exp_acyclic_indvary2_step5_batch_yyy09.pl,x5,no,0.12,no,corr,0.0
2287,exp_acyclic_indvary2_step5_batch_yyy09.pl,a3,no,0.47,no,corr,7.0
2288,exp_acyclic_indvary2_step5_batch_yyy09.pl,y2,no,0.11,no,corr,0.0
2289,exp_acyclic_indvary2_step5_batch_yyy09.pl,v1,yes,0.16,yes,corr,1.0
2290,exp_acyclic_indvary2_step5_batch_yyy09.pl,p3,yes,0.14,yes,corr,1.0
2291,exp_acyclic_indvary2_step5_batch_yyy10.pl,v7,no,0.11,no,corr,0.0
2292,exp_acyclic_indvary2_step5_batch_yyy10.pl,v2,yes,0.13,yes,corr,1.0
2293,exp_acyclic_indvary2_step5_batch_yyy10.pl,u1,yes,0.16,yes,corr,1.0
2294,exp_acyclic_indvary2_step5_batch_yyy10.pl,d3,no,0.12,no,corr,0.0
2295,exp_acyclic_indvary2_step5_batch_yyy10.pl,z1,yes,0.16,yes,corr,1.0
2296,exp_acyclic_indvary2_step5_batch_yyy10.pl,q4,no,0.14,no,corr,0.0
2297,exp_acyclic_indvary2_step5_batch_yyy10.pl,v1,yes,0.18,yes,corr,1.0
2298,exp_acyclic_indvary2_step5_batch_yyy10.pl,t2,yes,0.13,yes,corr,1.0
2299,exp_acyclic_indvary2_step5_batch_yyy10.pl,s7,no,0.12,no,corr,0.0
2300,exp_acyclic_indvary2_step5_batch_yyy10.pl,w3,no,0.11,no,corr,0.0
2301,exp_acyclic_indvary2_step6_batch_yyy01.pl,v2,no,0.12,no,corr,0.0
2302,exp_acyclic_indvary2_step6_batch_yyy01.pl,u4,no,0.12,no,corr,0.0
2303,exp_acyclic_indvary2_step6_batch_yyy01.pl,w5,no,0.11,no,corr,0.0
2304,exp_acyclic_indvary2_step6_batch_yyy01.pl,t7,no,0.13,no,corr,0.0
2305,exp_acyclic_indvary2_step6_batch_yyy01.pl,x6,no,0.11,no,corr,0.0
2306,exp_acyclic_indvary2_step6_batch_yyy01.pl,r2,no,0.12,no,corr,0.0
2307,exp_acyclic_indvary2_step6_batch_yyy01.pl,a6,no,0.14,no,corr,0.0
2308,exp_acyclic_indvary2_step6_batch_yyy01.pl,s4,no,0.13,no,corr,0.0
2309,exp_acyclic_indvary2_step6_batch_yyy01.pl,f1,no,0.24,no,corr,4.0
2310,exp_acyclic_indvary2_step6_batch_yyy01.pl,e5,no,0.11,no,corr,0.0
2311,exp_acyclic_indvary2_step6_batch_yyy02.pl,z6,no,0.17,no,corr,0.0
2312,exp_acyclic_indvary2_step6_batch_yyy02.pl,x3,no,0.13,no,corr,0.0
2313,exp_acyclic_indvary2_step6_batch_yyy02.pl,v5,no,0.11,no,corr,0.0
2314,exp_acyclic_indvary2_step6_batch_yyy02.pl,s5,no,0.15,no,corr,0.0
2315,exp_acyclic_indvary2_step6_batch_yyy02.pl,a5,no,0.15,no,corr,0.0
2316,exp_acyclic_indvary2_step6_batch_yyy02.pl,t2,yes,0.14,yes,corr,1.0
2317,exp_acyclic_indvary2_step6_batch_yyy02.pl,d1,yes,0.2,yes,corr,3.0
2318,exp_acyclic_indvary2_step6_batch_yyy02.pl,q2,yes,0.13,yes,corr,1.0
2319,exp_acyclic_indvary2_step6_batch_yyy02.pl,w7,no,0.11,no,corr,0.0
2320,exp_acyclic_indvary2_step6_batch_yyy02.pl,v7,no,0.13,no,corr,0.0
2321,exp_acyclic_indvary2_step6_batch_yyy03.pl,v7,no,0.11,no,corr,0.0
2322,exp_acyclic_indvary2_step6_batch_yyy03.pl,x3,no,0.13,no,corr,0.0
2323,exp_acyclic_indvary2_step6_batch_yyy03.pl,f1,no,0.13,no,corr,1.0
2324,exp_acyclic_indvary2_step6_batch_yyy03.pl,s2,no,0.11,no,corr,0.0
2325,exp_acyclic_indvary2_step6_batch_yyy03.pl,c1,no,0.15,no,corr,1.0
2326,exp_acyclic_indvary2_step6_batch_yyy03.pl,s1,yes,0.15,yes,corr,1.0
2327,exp_acyclic_indvary2_step6_batch_yyy03.pl,a1,no,0.14,no,corr,1.0
2328,exp_acyclic_indvary2_step6_batch_yyy03.pl,u3,no,0.11,no,corr,0.0
2329,exp_acyclic_indvary2_step6_batch_yyy03.pl,e3,no,0.14,no,corr,0.0
2330,exp_acyclic_indvary2_step6_batch_yyy03.pl,r4,no,0.13,no,corr,0.0
2331,exp_acyclic_indvary2_step6_batch_yyy04.pl,a6,no,0.15,no,corr,0.0
2332,exp_acyclic_indvary2_step6_batch_yyy04.pl,u4,no,0.15,no,corr,0.0
2333,exp_acyclic_indvary2_step6_batch_yyy04.pl,w5,no,0.13,no,corr,0.0
2334,exp_acyclic_indvary2_step6_batch_yyy04.pl,c2,no,0.15,no,corr,1.0
2335,exp_acyclic_indvary2_step6_batch_yyy04.pl,e4,no,0.12,no,corr,0.0
2336,exp_acyclic_indvary2_step6_batch_yyy04.pl,c6,no,0.13,no,corr,0.0
2337,exp_acyclic_indvary2_step6_batch_yyy04.pl,a3,no,0.16,no,corr,1.0
2338,exp_acyclic_indvary2_step6_batch_yyy04.pl,y6,no,0.12,no,corr,0.0
2339,exp_acyclic_indvary2_step6_batch_yyy04.pl,y1,yes,0.14,yes,corr,1.0
2340,exp_acyclic_indvary2_step6_batch_yyy04.pl,r1,no,0.14,no,corr,0.0
2341,exp_acyclic_indvary2_step6_batch_yyy05.pl,e1,no,0.3,no,corr,4.0
2342,exp_acyclic_indvary2_step6_batch_yyy05.pl,c2,no,0.14,no,corr,1.0
2343,exp_acyclic_indvary2_step6_batch_yyy05.pl,x7,no,0.11,no,corr,0.0
2344,exp_acyclic_indvary2_step6_batch_yyy05.pl,w6,no,0.12,no,corr,0.0
2345,exp_acyclic_indvary2_step6_batch_yyy05.pl,e4,no,0.13,no,corr,0.0
2346,exp_acyclic_indvary2_step6_batch_yyy05.pl,f2,no,0.17,no,corr,1.0
2347,exp_acyclic_indvary2_step6_batch_yyy05.pl,y1,yes,0.13,yes,corr,1.0
2348,exp_acyclic_indvary2_step6_batch_yyy05.pl,s1,yes,0.13,yes,corr,1.0
2349,exp_acyclic_indvary2_step6_batch_yyy05.pl,y2,yes,0.13,yes,corr,1.0
2350,exp_acyclic_indvary2_step6_batch_yyy05.pl,x6,no,0.12,no,corr,0.0
2351,exp_acyclic_indvary2_step6_batch_yyy06.pl,t5,no,0.12,no,corr,0.0
2352,exp_acyclic_indvary2_step6_batch_yyy06.pl,z5,no,0.11,no,corr,0.0
2353,exp_acyclic_indvary2_step6_batch_yyy06.pl,e5,no,0.15,no,corr,0.0
2354,exp_acyclic_indvary2_step6_batch_yyy06.pl,s2,yes,0.16,yes,corr,1.0
2355,exp_acyclic_indvary2_step6_batch_yyy06.pl,z4,no,0.12,no,corr,0.0
2356,exp_acyclic_indvary2_step6_batch_yyy06.pl,v4,no,0.13,no,corr,0.0
2357,exp_acyclic_indvary2_step6_batch_yyy06.pl,a3,no,0.15,no,corr,1.0
2358,exp_acyclic_indvary2_step6_batch_yyy06.pl,x1,yes,0.14,yes,corr,1.0
2359,exp_acyclic_indvary2_step6_batch_yyy06.pl,s7,no,0.12,no,corr,0.0
2360,exp_acyclic_indvary2_step6_batch_yyy06.pl,f2,no,0.14,no,corr,1.0
2361,exp_acyclic_indvary2_step6_batch_yyy07.pl,u5,no,0.14,no,corr,0.0
2362,exp_acyclic_indvary2_step6_batch_yyy07.pl,u1,yes,0.14,yes,corr,1.0
2363,exp_acyclic_indvary2_step6_batch_yyy07.pl,v5,no,0.12,no,corr,0.0
2364,exp_acyclic_indvary2_step6_batch_yyy07.pl,s2,yes,0.14,yes,corr,1.0
2365,exp_acyclic_indvary2_step6_batch_yyy07.pl,e3,no,0.14,no,corr,0.0
2366,exp_acyclic_indvary2_step6_batch_yyy07.pl,d2,no,0.58,no,corr,7.0
2367,exp_acyclic_indvary2_step6_batch_yyy07.pl,v1,yes,0.14,yes,corr,1.0
2368,exp_acyclic_indvary2_step6_batch_yyy07.pl,p3,yes,0.13,yes,corr,1.0
2369,exp_acyclic_indvary2_step6_batch_yyy07.pl,t2,no,0.12,no,corr,0.0
2370,exp_acyclic_indvary2_step6_batch_yyy07.pl,s6,no,0.11,no,corr,0.0
2371,exp_acyclic_indvary2_step6_batch_yyy08.pl,u5,no,0.12,no,corr,0.0
2372,exp_acyclic_indvary2_step6_batch_yyy08.pl,b3,no,0.18,no,corr,1.0
2373,exp_acyclic_indvary2_step6_batch_yyy08.pl,t6,no,0.11,no,corr,0.0
2374,exp_acyclic_indvary2_step6_batch_yyy08.pl,d2,yes,0.13,yes,corr,1.0
2375,exp_acyclic_indvary2_step6_batch_yyy08.pl,x1,no,0.13,no,corr,0.0
2376,exp_acyclic_indvary2_step6_batch_yyy08.pl,s7,no,0.12,no,corr,0.0
2377,exp_acyclic_indvary2_step6_batch_yyy08.pl,e2,no,0.14,no,corr,1.0
2378,exp_acyclic_indvary2_step6_batch_yyy08.pl,q2,no,0.12,no,corr,0.0
2379,exp_acyclic_indvary2_step6_batch_yyy08.pl,w2,yes,0.14,yes,corr,1.0
2380,exp_acyclic_indvary2_step6_batch_yyy08.pl,e5,no,0.14,no,corr,0.0
2381,exp_acyclic_indvary2_step6_batch_yyy09.pl,u5,no,0.13,no,corr,0.0
2382,exp_acyclic_indvary2_step6_batch_yyy09.pl,t5,no,0.13,no,corr,0.0
2383,exp_acyclic_indvary2_step6_batch_yyy09.pl,b2,no,0.16,no,corr,1.0
2384,exp_acyclic_indvary2_step6_batch_yyy09.pl,p5,no,0.11,no,corr,0.0
2385,exp_acyclic_indvary2_step6_batch_yyy09.pl,e5,no,0.12,no,corr,0.0
2386,exp_acyclic_indvary2_step6_batch_yyy09.pl,t3,no,0.11,no,corr,0.0
2387,exp_acyclic_indvary2_step6_batch_yyy09.pl,b1,no,0.15,no,corr,1.0
2388,exp_acyclic_indvary2_step6_batch_yyy09.pl,b5,no,0.12,no,corr,0.0
2389,exp_acyclic_indvary2_step6_batch_yyy09.pl,d2,yes,0.13,yes,corr,1.0
2390,exp_acyclic_indvary2_step6_batch_yyy09.pl,e2,yes,0.18,yes,corr,1.0
2391,exp_acyclic_indvary2_step6_batch_yyy10.pl,z6,no,0.12,no,corr,0.0
2392,exp_acyclic_indvary2_step6_batch_yyy10.pl,p7,no,0.11,no,corr,0.0
2393,exp_acyclic_indvary2_step6_batch_yyy10.pl,x2,no,0.17,no,corr,0.0
2394,exp_acyclic_indvary2_step6_batch_yyy10.pl,c6,no,0.12,no,corr,0.0
2395,exp_acyclic_indvary2_step6_batch_yyy10.pl,x1,yes,0.14,yes,corr,1.0
2396,exp_acyclic_indvary2_step6_batch_yyy10.pl,r7,no,0.15,no,corr,0.0
2397,exp_acyclic_indvary2_step6_batch_yyy10.pl,e2,no,0.14,no,corr,1.0
2398,exp_acyclic_indvary2_step6_batch_yyy10.pl,q7,no,0.12,no,corr,0.0
2399,exp_acyclic_indvary2_step6_batch_yyy10.pl,c5,no,0.12,no,corr,0.0
2400,exp_acyclic_indvary2_step6_batch_yyy10.pl,c2,yes,0.15,yes,corr,1.0
2401,exp_acyclic_indvary2_step7_batch_yyy01.pl,t4,no,0.14,no,corr,0.0
2402,exp_acyclic_indvary2_step7_batch_yyy01.pl,b2,yes,0.13,yes,corr,0.0
2403,exp_acyclic_indvary2_step7_batch_yyy01.pl,p5,no,0.12,no,corr,0.0
2404,exp_acyclic_indvary2_step7_batch_yyy01.pl,r5,no,0.14,no,corr,0.0
2405,exp_acyclic_indvary2_step7_batch_yyy01.pl,z2,yes,0.31,yes,corr,5.0
2406,exp_acyclic_indvary2_step7_batch_yyy01.pl,b6,no,0.14,no,corr,0.0
2407,exp_acyclic_indvary2_step7_batch_yyy01.pl,r3,no,0.17,no,corr,0.0
2408,exp_acyclic_indvary2_step7_batch_yyy01.pl,w3,no,0.13,no,corr,0.0
2409,exp_acyclic_indvary2_step7_batch_yyy01.pl,r6,no,0.13,no,corr,0.0
2410,exp_acyclic_indvary2_step7_batch_yyy01.pl,e5,no,0.16,no,corr,0.0
2411,exp_acyclic_indvary2_step7_batch_yyy02.pl,s3,no,0.12,no,corr,0.0
2412,exp_acyclic_indvary2_step7_batch_yyy02.pl,z6,no,0.12,no,corr,0.0
2413,exp_acyclic_indvary2_step7_batch_yyy02.pl,e1,yes,0.14,yes,corr,1.0
2414,exp_acyclic_indvary2_step7_batch_yyy02.pl,v5,no,0.15,no,corr,0.0
2415,exp_acyclic_indvary2_step7_batch_yyy02.pl,q5,no,0.13,no,corr,0.0
2416,exp_acyclic_indvary2_step7_batch_yyy02.pl,c5,no,0.13,no,corr,0.0
2417,exp_acyclic_indvary2_step7_batch_yyy02.pl,f5,no,0.12,no,corr,0.0
2418,exp_acyclic_indvary2_step7_batch_yyy02.pl,p3,yes,0.14,yes,corr,1.0
2419,exp_acyclic_indvary2_step7_batch_yyy02.pl,z4,no,0.14,no,corr,0.0
2420,exp_acyclic_indvary2_step7_batch_yyy02.pl,r5,no,0.12,no,corr,0.0
2421,exp_acyclic_indvary2_step7_batch_yyy03.pl,z5,no,0.13,no,corr,0.0
2422,exp_acyclic_indvary2_step7_batch_yyy03.pl,x3,no,0.13,no,corr,0.0
2423,exp_acyclic_indvary2_step7_batch_yyy03.pl,w2,yes,0.14,yes,corr,1.0
2424,exp_acyclic_indvary2_step7_batch_yyy03.pl,u7,no,0.12,no,corr,0.0
2425,exp_acyclic_indvary2_step7_batch_yyy03.pl,s5,no,0.13,no,corr,0.0
2426,exp_acyclic_indvary2_step7_batch_yyy03.pl,c2,no,0.16,no,corr,1.0
2427,exp_acyclic_indvary2_step7_batch_yyy03.pl,b5,no,0.14,no,corr,0.0
2428,exp_acyclic_indvary2_step7_batch_yyy03.pl,u3,no,0.13,no,corr,0.0
2429,exp_acyclic_indvary2_step7_batch_yyy03.pl,r1,no,0.12,no,corr,0.0
2430,exp_acyclic_indvary2_step7_batch_yyy03.pl,r7,no,0.14,no,corr,0.0
2431,exp_acyclic_indvary2_step7_batch_yyy04.pl,t4,no,0.15,no,corr,0.0
2432,exp_acyclic_indvary2_step7_batch_yyy04.pl,u7,no,0.15,no,corr,0.0
2433,exp_acyclic_indvary2_step7_batch_yyy04.pl,t3,no,0.14,no,corr,0.0
2434,exp_acyclic_indvary2_step7_batch_yyy04.pl,c5,no,0.13,no,corr,0.0
2435,exp_acyclic_indvary2_step7_batch_yyy04.pl,d2,no,0.15,no,corr,1.0
2436,exp_acyclic_indvary2_step7_batch_yyy04.pl,t1,yes,0.14,yes,corr,1.0
2437,exp_acyclic_indvary2_step7_batch_yyy04.pl,q3,yes,0.14,yes,corr,1.0
2438,exp_acyclic_indvary2_step7_batch_yyy04.pl,y2,yes,0.16,yes,corr,1.0
2439,exp_acyclic_indvary2_step7_batch_yyy04.pl,y5,no,0.11,no,corr,0.0
2440,exp_acyclic_indvary2_step7_batch_yyy04.pl,y6,no,0.11,no,corr,0.0
2441,exp_acyclic_indvary2_step7_batch_yyy05.pl,u6,no,0.13,no,corr,0.0
2442,exp_acyclic_indvary2_step7_batch_yyy05.pl,c4,no,0.11,no,corr,0.0
2443,exp_acyclic_indvary2_step7_batch_yyy05.pl,s4,no,0.12,no,corr,0.0
2444,exp_acyclic_indvary2_step7_batch_yyy05.pl,c5,no,0.12,no,corr,0.0
2445,exp_acyclic_indvary2_step7_batch_yyy05.pl,q4,no,0.11,no,corr,0.0
2446,exp_acyclic_indvary2_step7_batch_yyy05.pl,f5,no,0.12,no,corr,0.0
2447,exp_acyclic_indvary2_step7_batch_yyy05.pl,w1,yes,0.15,yes,corr,1.0
2448,exp_acyclic_indvary2_step7_batch_yyy05.pl,e3,no,0.15,no,corr,0.0
2449,exp_acyclic_indvary2_step7_batch_yyy05.pl,y2,yes,0.16,yes,corr,1.0
2450,exp_acyclic_indvary2_step7_batch_yyy05.pl,q2,yes,0.15,yes,corr,1.0
2451,exp_acyclic_indvary2_step7_batch_yyy06.pl,s4,no,0.13,no,corr,0.0
2452,exp_acyclic_indvary2_step7_batch_yyy06.pl,w2,yes,0.13,yes,corr,1.0
2453,exp_acyclic_indvary2_step7_batch_yyy06.pl,w4,no,0.13,no,corr,0.0
2454,exp_acyclic_indvary2_step7_batch_yyy06.pl,f4,no,0.13,no,corr,0.0
2455,exp_acyclic_indvary2_step7_batch_yyy06.pl,x1,yes,0.15,yes,corr,1.0
2456,exp_acyclic_indvary2_step7_batch_yyy06.pl,r7,no,0.12,no,corr,0.0
2457,exp_acyclic_indvary2_step7_batch_yyy06.pl,p1,yes,0.14,yes,corr,1.0
2458,exp_acyclic_indvary2_step7_batch_yyy06.pl,a2,yes,0.15,yes,corr,1.0
2459,exp_acyclic_indvary2_step7_batch_yyy06.pl,p6,no,0.11,no,corr,0.0
2460,exp_acyclic_indvary2_step7_batch_yyy06.pl,q2,yes,0.17,yes,corr,2.0
2461,exp_acyclic_indvary2_step7_batch_yyy07.pl,u6,no,0.14,no,corr,0.0
2462,exp_acyclic_indvary2_step7_batch_yyy07.pl,b2,yes,0.14,yes,corr,1.0
2463,exp_acyclic_indvary2_step7_batch_yyy07.pl,v7,no,0.12,no,corr,0.0
2464,exp_acyclic_indvary2_step7_batch_yyy07.pl,z5,no,0.13,no,corr,0.0
2465,exp_acyclic_indvary2_step7_batch_yyy07.pl,s1,yes,0.14,yes,corr,1.0
2466,exp_acyclic_indvary2_step7_batch_yyy07.pl,f4,no,0.11,no,corr,0.0
2467,exp_acyclic_indvary2_step7_batch_yyy07.pl,y2,yes,0.13,yes,corr,1.0
2468,exp_acyclic_indvary2_step7_batch_yyy07.pl,r7,no,0.11,no,corr,0.0
2469,exp_acyclic_indvary2_step7_batch_yyy07.pl,z4,no,0.13,no,corr,0.0
2470,exp_acyclic_indvary2_step7_batch_yyy07.pl,r5,no,0.11,no,corr,0.0
2471,exp_acyclic_indvary2_step7_batch_yyy08.pl,q6,no,0.12,no,corr,0.0
2472,exp_acyclic_indvary2_step7_batch_yyy08.pl,d3,no,0.13,no,corr,0.0
2473,exp_acyclic_indvary2_step7_batch_yyy08.pl,v5,no,0.15,no,corr,0.0
2474,exp_acyclic_indvary2_step7_batch_yyy08.pl,w6,no,0.13,no,corr,0.0
2475,exp_acyclic_indvary2_step7_batch_yyy08.pl,r5,no,0.13,no,corr,0.0
2476,exp_acyclic_indvary2_step7_batch_yyy08.pl,u2,yes,0.17,yes,corr,1.0
2477,exp_acyclic_indvary2_step7_batch_yyy08.pl,s4,no,0.17,no,corr,0.0
2478,exp_acyclic_indvary2_step7_batch_yyy08.pl,v7,no,0.13,no,corr,0.0
2479,exp_acyclic_indvary2_step7_batch_yyy08.pl,y2,yes,0.15,yes,corr,1.0
2480,exp_acyclic_indvary2_step7_batch_yyy08.pl,x6,no,0.12,no,corr,0.0
2481,exp_acyclic_indvary2_step7_batch_yyy09.pl,a6,no,0.13,no,corr,0.0
2482,exp_acyclic_indvary2_step7_batch_yyy09.pl,e1,no,0.16,no,corr,1.0
2483,exp_acyclic_indvary2_step7_batch_yyy09.pl,d4,no,0.12,no,corr,0.0
2484,exp_acyclic_indvary2_step7_batch_yyy09.pl,b4,no,0.12,no,corr,0.0
2485,exp_acyclic_indvary2_step7_batch_yyy09.pl,a4,no,0.11,no,corr,0.0
2486,exp_acyclic_indvary2_step7_batch_yyy09.pl,z4,no,0.16,no,corr,0.0
2487,exp_acyclic_indvary2_step7_batch_yyy09.pl,v1,yes,0.15,yes,corr,1.0
2488,exp_acyclic_indvary2_step7_batch_yyy09.pl,b5,no,0.12,no,corr,0.0
2489,exp_acyclic_indvary2_step7_batch_yyy09.pl,y2,no,0.14,no,corr,0.0
2490,exp_acyclic_indvary2_step7_batch_yyy09.pl,q7,no,0.12,no,corr,0.0
2491,exp_acyclic_indvary2_step7_batch_yyy10.pl,t5,no,0.12,no,corr,0.0
2492,exp_acyclic_indvary2_step7_batch_yyy10.pl,z6,no,0.11,no,corr,0.0
2493,exp_acyclic_indvary2_step7_batch_yyy10.pl,e1,no,0.43,no,corr,6.0
2494,exp_acyclic_indvary2_step7_batch_yyy10.pl,s5,no,0.11,no,corr,0.0
2495,exp_acyclic_indvary2_step7_batch_yyy10.pl,x1,yes,0.15,yes,corr,1.0
2496,exp_acyclic_indvary2_step7_batch_yyy10.pl,p6,no,0.12,no,corr,0.0
2497,exp_acyclic_indvary2_step7_batch_yyy10.pl,s4,no,0.13,no,corr,0.0
2498,exp_acyclic_indvary2_step7_batch_yyy10.pl,w7,no,0.14,no,corr,0.0
2499,exp_acyclic_indvary2_step7_batch_yyy10.pl,c1,no,0.42,no,corr,6.0
2500,exp_acyclic_indvary2_step7_batch_yyy10.pl,s6,no,0.12,no,corr,0.0
2501,exp_acyclic_indvary2_step8_batch_yyy01.pl,q6,no,0.14,no,corr,0.0
2502,exp_acyclic_indvary2_step8_batch_yyy01.pl,c5,no,0.14,no,corr,0.0
2503,exp_acyclic_indvary2_step8_batch_yyy01.pl,v4,no,0.13,no,corr,0.0
2504,exp_acyclic_indvary2_step8_batch_yyy01.pl,d2,yes,0.17,yes,corr,1.0
2505,exp_acyclic_indvary2_step8_batch_yyy01.pl,p2,yes,0.15,yes,corr,1.0
2506,exp_acyclic_indvary2_step8_batch_yyy01.pl,r7,no,0.12,no,corr,0.0
2507,exp_acyclic_indvary2_step8_batch_yyy01.pl,w3,no,0.13,no,corr,0.0
2508,exp_acyclic_indvary2_step8_batch_yyy01.pl,x5,no,0.19,no,corr,0.0
2509,exp_acyclic_indvary2_step8_batch_yyy01.pl,t2,yes,0.18,yes,corr,1.0
2510,exp_acyclic_indvary2_step8_batch_yyy01.pl,s6,no,0.13,no,corr,0.0
2511,exp_acyclic_indvary2_step8_batch_yyy02.pl,f1,yes,0.14,yes,corr,0.0
2512,exp_acyclic_indvary2_step8_batch_yyy02.pl,r5,no,0.14,no,corr,0.0
2513,exp_acyclic_indvary2_step8_batch_yyy02.pl,v3,no,0.13,no,corr,0.0
2514,exp_acyclic_indvary2_step8_batch_yyy02.pl,d1,yes,0.15,yes,corr,1.0
2515,exp_acyclic_indvary2_step8_batch_yyy02.pl,y5,no,0.14,no,corr,0.0
2516,exp_acyclic_indvary2_step8_batch_yyy02.pl,f2,yes,0.14,yes,corr,0.0
2517,exp_acyclic_indvary2_step8_batch_yyy02.pl,v2,no,0.12,no,corr,0.0
2518,exp_acyclic_indvary2_step8_batch_yyy02.pl,q6,no,0.11,no,corr,0.0
2519,exp_acyclic_indvary2_step8_batch_yyy02.pl,v5,no,0.11,no,corr,0.0
2520,exp_acyclic_indvary2_step8_batch_yyy02.pl,w5,no,0.14,no,corr,0.0
2521,exp_acyclic_indvary2_step8_batch_yyy03.pl,d5,no,0.13,no,corr,0.0
2522,exp_acyclic_indvary2_step8_batch_yyy03.pl,v7,no,0.13,no,corr,0.0
2523,exp_acyclic_indvary2_step8_batch_yyy03.pl,d3,no,0.14,no,corr,0.0
2524,exp_acyclic_indvary2_step8_batch_yyy03.pl,t6,no,0.12,no,corr,0.0
2525,exp_acyclic_indvary2_step8_batch_yyy03.pl,f5,no,0.12,no,corr,0.0
2526,exp_acyclic_indvary2_step8_batch_yyy03.pl,z3,no,0.14,no,corr,0.0
2527,exp_acyclic_indvary2_step8_batch_yyy03.pl,d1,yes,0.19,yes,corr,1.0
2528,exp_acyclic_indvary2_step8_batch_yyy03.pl,q7,no,0.15,no,corr,0.0
2529,exp_acyclic_indvary2_step8_batch_yyy03.pl,r2,yes,0.16,yes,corr,1.0
2530,exp_acyclic_indvary2_step8_batch_yyy03.pl,r7,no,0.13,no,corr,0.0
2531,exp_acyclic_indvary2_step8_batch_yyy04.pl,p4,no,0.14,no,corr,0.0
2532,exp_acyclic_indvary2_step8_batch_yyy04.pl,q5,no,0.13,no,corr,0.0
2533,exp_acyclic_indvary2_step8_batch_yyy04.pl,x5,no,0.13,no,corr,0.0
2534,exp_acyclic_indvary2_step8_batch_yyy04.pl,p2,no,0.13,no,corr,0.0
2535,exp_acyclic_indvary2_step8_batch_yyy04.pl,f1,yes,0.19,yes,corr,2.0
2536,exp_acyclic_indvary2_step8_batch_yyy04.pl,e5,no,0.12,no,corr,0.0
2537,exp_acyclic_indvary2_step8_batch_yyy04.pl,w5,no,0.13,no,corr,0.0
2538,exp_acyclic_indvary2_step8_batch_yyy04.pl,u7,no,0.18,no,corr,0.0
2539,exp_acyclic_indvary2_step8_batch_yyy04.pl,e2,no,0.16,no,corr,1.0
2540,exp_acyclic_indvary2_step8_batch_yyy04.pl,t1,yes,0.16,yes,corr,1.0
2541,exp_acyclic_indvary2_step8_batch_yyy05.pl,p4,no,0.12,no,corr,0.0
2542,exp_acyclic_indvary2_step8_batch_yyy05.pl,w2,yes,0.16,yes,corr,1.0
2543,exp_acyclic_indvary2_step8_batch_yyy05.pl,b1,yes,0.14,yes,corr,0.0
2544,exp_acyclic_indvary2_step8_batch_yyy05.pl,x2,yes,0.16,yes,corr,1.0
2545,exp_acyclic_indvary2_step8_batch_yyy05.pl,t2,yes,0.17,yes,corr,1.0
2546,exp_acyclic_indvary2_step8_batch_yyy05.pl,y2,yes,0.15,yes,corr,1.0
2547,exp_acyclic_indvary2_step8_batch_yyy05.pl,b6,no,0.11,no,corr,0.0
2548,exp_acyclic_indvary2_step8_batch_yyy05.pl,a2,no,0.48,no,corr,6.0
2549,exp_acyclic_indvary2_step8_batch_yyy05.pl,b4,no,0.12,no,corr,0.0
2550,exp_acyclic_indvary2_step8_batch_yyy05.pl,t3,no,0.12,no,corr,0.0
2551,exp_acyclic_indvary2_step8_batch_yyy06.pl,v6,no,0.15,no,corr,0.0
2552,exp_acyclic_indvary2_step8_batch_yyy06.pl,w5,no,0.17,no,corr,0.0
2553,exp_acyclic_indvary2_step8_batch_yyy06.pl,f3,no,0.13,no,corr,0.0
2554,exp_acyclic_indvary2_step8_batch_yyy06.pl,e3,no,0.13,no,corr,0.0
2555,exp_acyclic_indvary2_step8_batch_yyy06.pl,r1,yes,0.16,yes,corr,1.0
2556,exp_acyclic_indvary2_step8_batch_yyy06.pl,b6,no,0.12,no,corr,0.0
2557,exp_acyclic_indvary2_step8_batch_yyy06.pl,p1,yes,0.2,yes,corr,2.0
2558,exp_acyclic_indvary2_step8_batch_yyy06.pl,q2,no,0.14,no,corr,0.0
2559,exp_acyclic_indvary2_step8_batch_yyy06.pl,c5,no,0.13,no,corr,0.0
2560,exp_acyclic_indvary2_step8_batch_yyy06.pl,b1,no,0.31,no,corr,4.0
2561,exp_acyclic_indvary2_step8_batch_yyy07.pl,u5,no,0.13,no,corr,0.0
2562,exp_acyclic_indvary2_step8_batch_yyy07.pl,z5,no,0.12,no,corr,0.0
2563,exp_acyclic_indvary2_step8_batch_yyy07.pl,b4,no,0.15,no,corr,0.0
2564,exp_acyclic_indvary2_step8_batch_yyy07.pl,w1,yes,0.18,yes,corr,1.0
2565,exp_acyclic_indvary2_step8_batch_yyy07.pl,x5,no,0.12,no,corr,0.0
2566,exp_acyclic_indvary2_step8_batch_yyy07.pl,u3,no,0.11,no,corr,0.0
2567,exp_acyclic_indvary2_step8_batch_yyy07.pl,s2,yes,0.17,yes,corr,1.0
2568,exp_acyclic_indvary2_step8_batch_yyy07.pl,a5,no,0.14,no,corr,0.0
2569,exp_acyclic_indvary2_step8_batch_yyy07.pl,y1,yes,0.14,yes,corr,1.0
2570,exp_acyclic_indvary2_step8_batch_yyy07.pl,r1,yes,0.15,yes,corr,1.0
2571,exp_acyclic_indvary2_step8_batch_yyy08.pl,z6,no,0.13,no,corr,0.0
2572,exp_acyclic_indvary2_step8_batch_yyy08.pl,v2,yes,0.15,yes,corr,1.0
2573,exp_acyclic_indvary2_step8_batch_yyy08.pl,c5,no,0.12,no,corr,0.0
2574,exp_acyclic_indvary2_step8_batch_yyy08.pl,w6,no,0.12,no,corr,0.0
2575,exp_acyclic_indvary2_step8_batch_yyy08.pl,z4,no,0.16,no,corr,0.0
2576,exp_acyclic_indvary2_step8_batch_yyy08.pl,s1,yes,0.19,yes,corr,1.0
2577,exp_acyclic_indvary2_step8_batch_yyy08.pl,a3,yes,0.16,yes,corr,1.0
2578,exp_acyclic_indvary2_step8_batch_yyy08.pl,q7,no,0.11,no,corr,0.0
2579,exp_acyclic_indvary2_step8_batch_yyy08.pl,x5,no,0.13,no,corr,0.0
2580,exp_acyclic_indvary2_step8_batch_yyy08.pl,b5,no,0.12,no,corr,0.0
2581,exp_acyclic_indvary2_step8_batch_yyy09.pl,q6,no,0.15,no,corr,0.0
2582,exp_acyclic_indvary2_step8_batch_yyy09.pl,t6,no,0.15,no,corr,0.0
2583,exp_acyclic_indvary2_step8_batch_yyy09.pl,e3,no,0.12,no,corr,0.0
2584,exp_acyclic_indvary2_step8_batch_yyy09.pl,r1,no,0.13,no,corr,0.0
2585,exp_acyclic_indvary2_step8_batch_yyy09.pl,d4,no,0.16,no,corr,0.0
2586,exp_acyclic_indvary2_step8_batch_yyy09.pl,x3,no,0.13,no,corr,0.0
2587,exp_acyclic_indvary2_step8_batch_yyy09.pl,f1,no,0.44,no,corr,5.0
2588,exp_acyclic_indvary2_step8_batch_yyy09.pl,e5,no,0.12,no,corr,0.0
2589,exp_acyclic_indvary2_step8_batch_yyy09.pl,f4,no,0.12,no,corr,0.0
2590,exp_acyclic_indvary2_step8_batch_yyy09.pl,a3,no,0.49,no,corr,5.0
2591,exp_acyclic_indvary2_step8_batch_yyy10.pl,c3,no,0.17,no,corr,1.0
2592,exp_acyclic_indvary2_step8_batch_yyy10.pl,v7,no,0.12,no,corr,0.0
2593,exp_acyclic_indvary2_step8_batch_yyy10.pl,v6,no,0.12,no,corr,0.0
2594,exp_acyclic_indvary2_step8_batch_yyy10.pl,b4,no,0.14,no,corr,0.0
2595,exp_acyclic_indvary2_step8_batch_yyy10.pl,t6,no,0.17,no,corr,0.0
2596,exp_acyclic_indvary2_step8_batch_yyy10.pl,e3,no,0.12,no,corr,0.0
2597,exp_acyclic_indvary2_step8_batch_yyy10.pl,a3,yes,0.16,yes,corr,1.0
2598,exp_acyclic_indvary2_step8_batch_yyy10.pl,d1,no,0.2,no,corr,1.0
2599,exp_acyclic_indvary2_step8_batch_yyy10.pl,w6,no,0.13,no,corr,0.0
2600,exp_acyclic_indvary2_step8_batch_yyy10.pl,x2,yes,0.14,yes,corr,1.0
2601,exp_acyclic_indvary3_step1_batch_yyy01.pl,t3,no,0.09,no,corr,0.0
2602,exp_acyclic_indvary3_step1_batch_yyy01.pl,a5,no,0.11,no,corr,0.0
2603,exp_acyclic_indvary3_step1_batch_yyy01.pl,p3,yes,0.12,yes,corr,1.0
2604,exp_acyclic_indvary3_step1_batch_yyy01.pl,c1,no,0.11,no,corr,1.0
2605,exp_acyclic_indvary3_step1_batch_yyy01.pl,e3,no,0.13,no,corr,0.0
2606,exp_acyclic_indvary3_step1_batch_yyy01.pl,q3,yes,0.13,yes,corr,1.0
2607,exp_acyclic_indvary3_step1_batch_yyy01.pl,r7,no,0.11,no,corr,0.0
2608,exp_acyclic_indvary3_step1_batch_yyy01.pl,u2,yes,0.13,yes,corr,1.0
2609,exp_acyclic_indvary3_step1_batch_yyy01.pl,r1,no,0.09,no,corr,0.0
2610,exp_acyclic_indvary3_step1_batch_yyy01.pl,d2,yes,0.1,yes,corr,0.0
2611,exp_acyclic_indvary3_step1_batch_yyy02.pl,u6,no,0.11,no,corr,0.0
2612,exp_acyclic_indvary3_step1_batch_yyy02.pl,z5,no,0.11,no,corr,0.0
2613,exp_acyclic_indvary3_step1_batch_yyy02.pl,f1,no,0.12,no,corr,1.0
2614,exp_acyclic_indvary3_step1_batch_yyy02.pl,v5,no,0.1,no,corr,0.0
2615,exp_acyclic_indvary3_step1_batch_yyy02.pl,c2,yes,0.12,yes,corr,0.0
2616,exp_acyclic_indvary3_step1_batch_yyy02.pl,x7,no,0.1,no,corr,0.0
2617,exp_acyclic_indvary3_step1_batch_yyy02.pl,f5,no,0.12,no,corr,0.0
2618,exp_acyclic_indvary3_step1_batch_yyy02.pl,v1,yes,0.16,yes,corr,3.0
2619,exp_acyclic_indvary3_step1_batch_yyy02.pl,t7,no,0.13,no,corr,0.0
2620,exp_acyclic_indvary3_step1_batch_yyy02.pl,y5,no,0.1,no,corr,0.0
2621,exp_acyclic_indvary3_step1_batch_yyy03.pl,q6,no,0.1,no,corr,0.0
2622,exp_acyclic_indvary3_step1_batch_yyy03.pl,u1,no,0.12,no,corr,0.0
2623,exp_acyclic_indvary3_step1_batch_yyy03.pl,c5,no,0.1,no,corr,0.0
2624,exp_acyclic_indvary3_step1_batch_yyy03.pl,t7,no,0.13,no,corr,0.0
2625,exp_acyclic_indvary3_step1_batch_yyy03.pl,y2,no,0.16,no,corr,4.0
2626,exp_acyclic_indvary3_step1_batch_yyy03.pl,e2,yes,0.11,yes,corr,1.0
2627,exp_acyclic_indvary3_step1_batch_yyy03.pl,e3,no,0.11,no,corr,0.0
2628,exp_acyclic_indvary3_step1_batch_yyy03.pl,r4,no,0.09,no,corr,0.0
2629,exp_acyclic_indvary3_step1_batch_yyy03.pl,y1,yes,0.12,yes,corr,2.0
2630,exp_acyclic_indvary3_step1_batch_yyy03.pl,s1,no,0.09,no,corr,0.0
2631,exp_acyclic_indvary3_step1_batch_yyy04.pl,z5,no,0.12,no,corr,0.0
2632,exp_acyclic_indvary3_step1_batch_yyy04.pl,d4,no,0.1,no,corr,0.0
2633,exp_acyclic_indvary3_step1_batch_yyy04.pl,u4,no,0.12,no,corr,0.0
2634,exp_acyclic_indvary3_step1_batch_yyy04.pl,b1,yes,0.12,yes,corr,1.0
2635,exp_acyclic_indvary3_step1_batch_yyy04.pl,x7,no,0.11,no,corr,0.0
2636,exp_acyclic_indvary3_step1_batch_yyy04.pl,s6,no,0.12,no,corr,0.0
2637,exp_acyclic_indvary3_step1_batch_yyy04.pl,d2,no,0.11,no,corr,1.0
2638,exp_acyclic_indvary3_step1_batch_yyy04.pl,r2,no,0.11,no,corr,0.0
2639,exp_acyclic_indvary3_step1_batch_yyy04.pl,c3,yes,0.21,yes,corr,6.0
2640,exp_acyclic_indvary3_step1_batch_yyy04.pl,s3,yes,0.12,yes,corr,1.0
2641,exp_acyclic_indvary3_step1_batch_yyy05.pl,z6,no,0.12,no,corr,0.0
2642,exp_acyclic_indvary3_step1_batch_yyy05.pl,b3,no,0.19,no,corr,4.0
2643,exp_acyclic_indvary3_step1_batch_yyy05.pl,v2,no,0.1,no,corr,0.0
2644,exp_acyclic_indvary3_step1_batch_yyy05.pl,x3,yes,0.12,yes,corr,1.0
2645,exp_acyclic_indvary3_step1_batch_yyy05.pl,t3,yes,0.12,yes,corr,1.0
2646,exp_acyclic_indvary3_step1_batch_yyy05.pl,w4,no,0.09,no,corr,0.0
2647,exp_acyclic_indvary3_step1_batch_yyy05.pl,t2,yes,0.19,yes,corr,3.0
2648,exp_acyclic_indvary3_step1_batch_yyy05.pl,r2,no,0.09,no,corr,0.0
2649,exp_acyclic_indvary3_step1_batch_yyy05.pl,s1,yes,0.13,yes,corr,1.0
2650,exp_acyclic_indvary3_step1_batch_yyy05.pl,d2,yes,0.11,yes,corr,0.0
2651,exp_acyclic_indvary3_step1_batch_yyy06.pl,u6,no,0.11,no,corr,0.0
2652,exp_acyclic_indvary3_step1_batch_yyy06.pl,d3,no,0.09,no,corr,0.0
2653,exp_acyclic_indvary3_step1_batch_yyy06.pl,w5,no,0.1,no,corr,0.0
2654,exp_acyclic_indvary3_step1_batch_yyy06.pl,b4,no,0.11,no,corr,0.0
2655,exp_acyclic_indvary3_step1_batch_yyy06.pl,v1,yes,0.15,yes,corr,2.0
2656,exp_acyclic_indvary3_step1_batch_yyy06.pl,t7,no,0.1,no,corr,0.0
2657,exp_acyclic_indvary3_step1_batch_yyy06.pl,p2,no,0.1,no,corr,0.0
2658,exp_acyclic_indvary3_step1_batch_yyy06.pl,q3,yes,0.11,yes,corr,1.0
2659,exp_acyclic_indvary3_step1_batch_yyy06.pl,v3,no,0.12,no,corr,0.0
2660,exp_acyclic_indvary3_step1_batch_yyy06.pl,a2,no,0.12,no,corr,1.0
2661,exp_acyclic_indvary3_step1_batch_yyy07.pl,b2,yes,0.11,yes,corr,1.0
2662,exp_acyclic_indvary3_step1_batch_yyy07.pl,c2,no,0.14,no,corr,1.0
2663,exp_acyclic_indvary3_step1_batch_yyy07.pl,u3,no,0.11,no,corr,0.0
2664,exp_acyclic_indvary3_step1_batch_yyy07.pl,y1,no,0.12,no,corr,0.0
2665,exp_acyclic_indvary3_step1_batch_yyy07.pl,r2,no,0.1,no,corr,0.0
2666,exp_acyclic_indvary3_step1_batch_yyy07.pl,u2,no,0.11,no,corr,0.0
2667,exp_acyclic_indvary3_step1_batch_yyy07.pl,q7,no,0.11,no,corr,0.0
2668,exp_acyclic_indvary3_step1_batch_yyy07.pl,y5,no,0.11,no,corr,0.0
2669,exp_acyclic_indvary3_step1_batch_yyy07.pl,p6,no,0.13,no,corr,0.0
2670,exp_acyclic_indvary3_step1_batch_yyy07.pl,q2,no,0.11,no,corr,0.0
2671,exp_acyclic_indvary3_step1_batch_yyy08.pl,s3,no,0.1,no,corr,0.0
2672,exp_acyclic_indvary3_step1_batch_yyy08.pl,s4,no,0.1,no,corr,0.0
2673,exp_acyclic_indvary3_step1_batch_yyy08.pl,x3,yes,0.12,yes,corr,1.0
2674,exp_acyclic_indvary3_step1_batch_yyy08.pl,f1,no,0.11,no,corr,1.0
2675,exp_acyclic_indvary3_step1_batch_yyy08.pl,q1,yes,0.12,yes,corr,1.0
2676,exp_acyclic_indvary3_step1_batch_yyy08.pl,p6,no,0.11,no,corr,0.0
2677,exp_acyclic_indvary3_step1_batch_yyy08.pl,z5,no,0.13,no,corr,0.0
2678,exp_acyclic_indvary3_step1_batch_yyy08.pl,v2,yes,0.11,yes,corr,1.0
2679,exp_acyclic_indvary3_step1_batch_yyy08.pl,q3,no,0.18,no,corr,4.0
2680,exp_acyclic_indvary3_step1_batch_yyy08.pl,x6,no,0.12,no,corr,0.0
2681,exp_acyclic_indvary3_step1_batch_yyy09.pl,v6,no,0.11,no,corr,0.0
2682,exp_acyclic_indvary3_step1_batch_yyy09.pl,v5,no,0.09,no,corr,0.0
2683,exp_acyclic_indvary3_step1_batch_yyy09.pl,c3,no,0.14,no,corr,1.0
2684,exp_acyclic_indvary3_step1_batch_yyy09.pl,t5,no,0.1,no,corr,0.0
2685,exp_acyclic_indvary3_step1_batch_yyy09.pl,d3,no,0.1,no,corr,0.0
2686,exp_acyclic_indvary3_step1_batch_yyy09.pl,u4,no,0.11,no,corr,0.0
2687,exp_acyclic_indvary3_step1_batch_yyy09.pl,s2,yes,0.13,yes,corr,1.0
2688,exp_acyclic_indvary3_step1_batch_yyy09.pl,c2,yes,0.09,yes,corr,0.0
2689,exp_acyclic_indvary3_step1_batch_yyy09.pl,y3,yes,0.13,yes,corr,1.0
2690,exp_acyclic_indvary3_step1_batch_yyy09.pl,r5,no,0.1,no,corr,0.0
2691,exp_acyclic_indvary3_step1_batch_yyy10.pl,d5,no,0.11,no,corr,0.0
2692,exp_acyclic_indvary3_step1_batch_yyy10.pl,w7,no,0.11,no,corr,0.0
2693,exp_acyclic_indvary3_step1_batch_yyy10.pl,e5,no,0.1,no,corr,0.0
2694,exp_acyclic_indvary3_step1_batch_yyy10.pl,c5,no,0.12,no,corr,0.0
2695,exp_acyclic_indvary3_step1_batch_yyy10.pl,p3,yes,0.15,yes,corr,3.0
2696,exp_acyclic_indvary3_step1_batch_yyy10.pl,c1,yes,0.11,yes,corr,0.0
2697,exp_acyclic_indvary3_step1_batch_yyy10.pl,r1,no,0.1,no,corr,0.0
2698,exp_acyclic_indvary3_step1_batch_yyy10.pl,b6,no,0.13,no,corr,0.0
2699,exp_acyclic_indvary3_step1_batch_yyy10.pl,v3,no,0.12,no,corr,0.0
2700,exp_acyclic_indvary3_step1_batch_yyy10.pl,e2,yes,0.11,yes,corr,0.0
2701,exp_acyclic_indvary3_step2_batch_yyy01.pl,u6,no,0.14,no,corr,0.0
2702,exp_acyclic_indvary3_step2_batch_yyy01.pl,q6,no,0.1,no,corr,0.0
2703,exp_acyclic_indvary3_step2_batch_yyy01.pl,p4,yes,0.4,yes,corr,5.0
2704,exp_acyclic_indvary3_step2_batch_yyy01.pl,e5,no,0.09,no,corr,0.0
2705,exp_acyclic_indvary3_step2_batch_yyy01.pl,x7,no,0.13,no,corr,0.0
2706,exp_acyclic_indvary3_step2_batch_yyy01.pl,z4,no,0.09,no,corr,0.0
2707,exp_acyclic_indvary3_step2_batch_yyy01.pl,r4,no,0.1,no,corr,0.0
2708,exp_acyclic_indvary3_step2_batch_yyy01.pl,x1,no,0.2,no,corr,4.0
2709,exp_acyclic_indvary3_step2_batch_yyy01.pl,q7,no,0.1,no,corr,0.0
2710,exp_acyclic_indvary3_step2_batch_yyy01.pl,a2,no,0.11,no,corr,1.0
2711,exp_acyclic_indvary3_step2_batch_yyy02.pl,d5,no,0.11,no,corr,0.0
2712,exp_acyclic_indvary3_step2_batch_yyy02.pl,c4,no,0.13,no,corr,0.0
2713,exp_acyclic_indvary3_step2_batch_yyy02.pl,w7,no,0.09,no,corr,0.0
2714,exp_acyclic_indvary3_step2_batch_yyy02.pl,x3,no,0.1,no,corr,0.0
2715,exp_acyclic_indvary3_step2_batch_yyy02.pl,u4,no,0.1,no,corr,0.0
2716,exp_acyclic_indvary3_step2_batch_yyy02.pl,a4,no,0.12,no,corr,0.0
2717,exp_acyclic_indvary3_step2_batch_yyy02.pl,e4,no,0.09,no,corr,0.0
2718,exp_acyclic_indvary3_step2_batch_yyy02.pl,u3,no,0.13,no,corr,0.0
2719,exp_acyclic_indvary3_step2_batch_yyy02.pl,q3,no,0.16,no,corr,2.0
2720,exp_acyclic_indvary3_step2_batch_yyy02.pl,v3,no,6.27,no,corr,12.0
2721,exp_acyclic_indvary3_step2_batch_yyy03.pl,v7,no,0.08,no,corr,0.0
2722,exp_acyclic_indvary3_step2_batch_yyy03.pl,v6,no,0.11,no,corr,0.0
2723,exp_acyclic_indvary3_step2_batch_yyy03.pl,u4,no,0.09,no,corr,0.0
2724,exp_acyclic_indvary3_step2_batch_yyy03.pl,v5,no,0.12,no,corr,0.0
2725,exp_acyclic_indvary3_step2_batch_yyy03.pl,t7,no,0.1,no,corr,0.0
2726,exp_acyclic_indvary3_step2_batch_yyy03.pl,s1,no,0.12,no,corr,0.0
2727,exp_acyclic_indvary3_step2_batch_yyy03.pl,v1,no,0.15,no,corr,0.0
2728,exp_acyclic_indvary3_step2_batch_yyy03.pl,w1,no,370.15,no,corr,21.0
2729,exp_acyclic_indvary3_step2_batch_yyy03.pl,p6,no,0.08,no,corr,0.0
2730,exp_acyclic_indvary3_step2_batch_yyy03.pl,q2,no,0.09,no,corr,0.0
2731,exp_acyclic_indvary3_step2_batch_yyy04.pl,t5,no,0.12,no,corr,0.0
2732,exp_acyclic_indvary3_step2_batch_yyy04.pl,w7,no,0.14,no,corr,0.0
2733,exp_acyclic_indvary3_step2_batch_yyy04.pl,v6,no,0.13,no,corr,0.0
2734,exp_acyclic_indvary3_step2_batch_yyy04.pl,s5,no,0.12,no,corr,0.0
2735,exp_acyclic_indvary3_step2_batch_yyy04.pl,s2,no,0.11,no,corr,0.0
2736,exp_acyclic_indvary3_step2_batch_yyy04.pl,x2,no,0.14,no,corr,0.0
2737,exp_acyclic_indvary3_step2_batch_yyy04.pl,y3,no,153.93,no,corr,16.0
2738,exp_acyclic_indvary3_step2_batch_yyy04.pl,u2,yes,0.21,yes,corr,3.0
2739,exp_acyclic_indvary3_step2_batch_yyy04.pl,y6,no,0.07,no,corr,0.0
2740,exp_acyclic_indvary3_step2_batch_yyy04.pl,p6,no,0.07,no,corr,0.0
2741,exp_acyclic_indvary3_step2_batch_yyy05.pl,b2,yes,0.08,yes,corr,1.0
2742,exp_acyclic_indvary3_step2_batch_yyy05.pl,z5,no,0.07,no,corr,0.0
2743,exp_acyclic_indvary3_step2_batch_yyy05.pl,e4,no,0.07,no,corr,0.0
2744,exp_acyclic_indvary3_step2_batch_yyy05.pl,v1,yes,0.12,yes,corr,2.0
2745,exp_acyclic_indvary3_step2_batch_yyy05.pl,y2,yes,0.4,yes,corr,5.0
2746,exp_acyclic_indvary3_step2_batch_yyy05.pl,x4,no,0.07,no,corr,0.0
2747,exp_acyclic_indvary3_step2_batch_yyy05.pl,c1,yes,0.15,yes,corr,5.0
2748,exp_acyclic_indvary3_step2_batch_yyy05.pl,b5,no,0.07,no,corr,0.0
2749,exp_acyclic_indvary3_step2_batch_yyy05.pl,f4,no,0.07,no,corr,0.0
2750,exp_acyclic_indvary3_step2_batch_yyy05.pl,z3,no,10.38,no,corr,17.0
2751,exp_acyclic_indvary3_step2_batch_yyy06.pl,z6,no,0.07,no,corr,0.0
2752,exp_acyclic_indvary3_step2_batch_yyy06.pl,s4,no,0.07,no,corr,0.0
2753,exp_acyclic_indvary3_step2_batch_yyy06.pl,v2,no,2.96,no,corr,11.0
2754,exp_acyclic_indvary3_step2_batch_yyy06.pl,d3,no,0.07,no,corr,0.0
2755,exp_acyclic_indvary3_step2_batch_yyy06.pl,a5,no,0.07,no,corr,0.0
2756,exp_acyclic_indvary3_step2_batch_yyy06.pl,x4,no,0.07,no,corr,0.0
2757,exp_acyclic_indvary3_step2_batch_yyy06.pl,q5,no,0.07,no,corr,0.0
2758,exp_acyclic_indvary3_step2_batch_yyy06.pl,t3,no,0.07,no,corr,0.0
2759,exp_acyclic_indvary3_step2_batch_yyy06.pl,b6,no,0.07,no,corr,0.0
2760,exp_acyclic_indvary3_step2_batch_yyy06.pl,a1,yes,0.09,yes,corr,2.0
2761,exp_acyclic_indvary3_step2_batch_yyy07.pl,s4,no,0.07,no,corr,0.0
2762,exp_acyclic_indvary3_step2_batch_yyy07.pl,p4,no,0.07,no,corr,0.0
2763,exp_acyclic_indvary3_step2_batch_yyy07.pl,a4,no,0.07,no,corr,0.0
2764,exp_acyclic_indvary3_step2_batch_yyy07.pl,r5,no,0.08,no,corr,0.0
2765,exp_acyclic_indvary3_step2_batch_yyy07.pl,v4,no,0.08,no,corr,0.0
2766,exp_acyclic_indvary3_step2_batch_yyy07.pl,f4,no,0.07,no,corr,0.0
2767,exp_acyclic_indvary3_step2_batch_yyy07.pl,x6,no,0.07,no,corr,0.0
2768,exp_acyclic_indvary3_step2_batch_yyy07.pl,r7,no,0.07,no,corr,0.0
2769,exp_acyclic_indvary3_step2_batch_yyy07.pl,x5,no,0.07,no,corr,0.0
2770,exp_acyclic_indvary3_step2_batch_yyy07.pl,c1,yes,0.08,yes,corr,0.0
2771,exp_acyclic_indvary3_step2_batch_yyy08.pl,u5,no,0.08,no,corr,0.0
2772,exp_acyclic_indvary3_step2_batch_yyy08.pl,r6,no,0.07,no,corr,0.0
2773,exp_acyclic_indvary3_step2_batch_yyy08.pl,a4,no,0.07,no,corr,0.0
2774,exp_acyclic_indvary3_step2_batch_yyy08.pl,a3,yes,0.1,yes,corr,2.0
2775,exp_acyclic_indvary3_step2_batch_yyy08.pl,b6,no,0.07,no,corr,0.0
2776,exp_acyclic_indvary3_step2_batch_yyy08.pl,q2,no,0.58,no,corr,7.0
2777,exp_acyclic_indvary3_step2_batch_yyy08.pl,s2,no,0.07,no,corr,0.0
2778,exp_acyclic_indvary3_step2_batch_yyy08.pl,b1,yes,0.08,yes,corr,1.0
2779,exp_acyclic_indvary3_step2_batch_yyy08.pl,c1,no,0.48,no,corr,9.0
2780,exp_acyclic_indvary3_step2_batch_yyy08.pl,t2,no,84.54,no,corr,15.0
2781,exp_acyclic_indvary3_step2_batch_yyy09.pl,z5,no,0.06,no,corr,0.0
2782,exp_acyclic_indvary3_step2_batch_yyy09.pl,u7,no,0.06,no,corr,0.0
2783,exp_acyclic_indvary3_step2_batch_yyy09.pl,v1,no,0.06,no,corr,0.0
2784,exp_acyclic_indvary3_step2_batch_yyy09.pl,y2,no,0.06,no,corr,0.0
2785,exp_acyclic_indvary3_step2_batch_yyy09.pl,b6,no,0.07,no,corr,0.0
2786,exp_acyclic_indvary3_step2_batch_yyy09.pl,a6,no,0.06,no,corr,0.0
2787,exp_acyclic_indvary3_step2_batch_yyy09.pl,v7,no,0.07,no,corr,0.0
2788,exp_acyclic_indvary3_step2_batch_yyy09.pl,z4,no,0.07,no,corr,0.0
2789,exp_acyclic_indvary3_step2_batch_yyy09.pl,r5,no,0.07,no,corr,0.0
2790,exp_acyclic_indvary3_step2_batch_yyy09.pl,e4,no,0.07,no,corr,0.0
2791,exp_acyclic_indvary3_step2_batch_yyy10.pl,f5,no,0.07,no,corr,0.0
2792,exp_acyclic_indvary3_step2_batch_yyy10.pl,z4,no,0.07,no,corr,0.0
2793,exp_acyclic_indvary3_step2_batch_yyy10.pl,x5,no,0.07,no,corr,0.0
2794,exp_acyclic_indvary3_step2_batch_yyy10.pl,y1,no,0.07,no,corr,0.0
2795,exp_acyclic_indvary3_step2_batch_yyy10.pl,x6,no,0.08,no,corr,0.0
2796,exp_acyclic_indvary3_step2_batch_yyy10.pl,d1,yes,0.1,yes,corr,3.0
2797,exp_acyclic_indvary3_step2_batch_yyy10.pl,a6,no,0.07,no,corr,0.0
2798,exp_acyclic_indvary3_step2_batch_yyy10.pl,b3,yes,0.08,yes,corr,1.0
2799,exp_acyclic_indvary3_step2_batch_yyy10.pl,z1,no,0.38,no,corr,6.0
2800,exp_acyclic_indvary3_step2_batch_yyy10.pl,b1,no,0.07,no,corr,1.0
2801,exp_acyclic_indvary3_step3_batch_yyy01.pl,u5,no,0.07,no,corr,0.0
2802,exp_acyclic_indvary3_step3_batch_yyy01.pl,t4,no,0.07,no,corr,0.0
2803,exp_acyclic_indvary3_step3_batch_yyy01.pl,b3,yes,0.08,yes,corr,1.0
2804,exp_acyclic_indvary3_step3_batch_yyy01.pl,t3,yes,0.17,yes,corr,5.0
2805,exp_acyclic_indvary3_step3_batch_yyy01.pl,c1,yes,0.08,yes,corr,1.0
2806,exp_acyclic_indvary3_step3_batch_yyy01.pl,s1,no,0.08,no,corr,0.0
2807,exp_acyclic_indvary3_step3_batch_yyy01.pl,a3,no,0.4,no,corr,9.0
2808,exp_acyclic_indvary3_step3_batch_yyy01.pl,x4,no,0.07,no,corr,0.0
2809,exp_acyclic_indvary3_step3_batch_yyy01.pl,d1,yes,0.08,yes,corr,1.0
2810,exp_acyclic_indvary3_step3_batch_yyy01.pl,t1,no,0.15,no,corr,3.0
2811,exp_acyclic_indvary3_step3_batch_yyy02.pl,z6,no,0.07,no,corr,0.0
2812,exp_acyclic_indvary3_step3_batch_yyy02.pl,p4,no,0.09,no,corr,0.0
2813,exp_acyclic_indvary3_step3_batch_yyy02.pl,w2,no,0.17,no,corr,3.0
2814,exp_acyclic_indvary3_step3_batch_yyy02.pl,x2,no,0.53,no,corr,5.0
2815,exp_acyclic_indvary3_step3_batch_yyy02.pl,w4,no,0.07,no,corr,0.0
2816,exp_acyclic_indvary3_step3_batch_yyy02.pl,p2,no,0.07,no,corr,0.0
2817,exp_acyclic_indvary3_step3_batch_yyy02.pl,s4,no,0.07,no,corr,0.0
2818,exp_acyclic_indvary3_step3_batch_yyy02.pl,y4,no,0.07,no,corr,0.0
2819,exp_acyclic_indvary3_step3_batch_yyy02.pl,q7,no,0.07,no,corr,0.0
2820,exp_acyclic_indvary3_step3_batch_yyy02.pl,y5,no,0.07,no,corr,0.0
2821,exp_acyclic_indvary3_step3_batch_yyy03.pl,z5,no,0.07,no,corr,0.0
2822,exp_acyclic_indvary3_step3_batch_yyy03.pl,p5,no,0.07,no,corr,0.0
2823,exp_acyclic_indvary3_step3_batch_yyy03.pl,u7,no,0.07,no,corr,0.0
2824,exp_acyclic_indvary3_step3_batch_yyy03.pl,q5,no,0.07,no,corr,0.0
2825,exp_acyclic_indvary3_step3_batch_yyy03.pl,c2,no,0.08,no,corr,1.0
2826,exp_acyclic_indvary3_step3_batch_yyy03.pl,f3,no,0.08,no,corr,0.0
2827,exp_acyclic_indvary3_step3_batch_yyy03.pl,z2,no,3.3,no,corr,9.0
2828,exp_acyclic_indvary3_step3_batch_yyy03.pl,x1,no,0.06,no,corr,0.0
2829,exp_acyclic_indvary3_step3_batch_yyy03.pl,r3,no,0.06,no,corr,0.0
2830,exp_acyclic_indvary3_step3_batch_yyy03.pl,y6,no,0.06,no,corr,0.0
2831,exp_acyclic_indvary3_step3_batch_yyy04.pl,s3,no,2.42,no,corr,8.0
2832,exp_acyclic_indvary3_step3_batch_yyy04.pl,c2,yes,0.08,yes,corr,2.0
2833,exp_acyclic_indvary3_step3_batch_yyy04.pl,t7,no,0.07,no,corr,0.0
2834,exp_acyclic_indvary3_step3_batch_yyy04.pl,z3,no,0.08,no,corr,1.0
2835,exp_acyclic_indvary3_step3_batch_yyy04.pl,b6,no,0.07,no,corr,0.0
2836,exp_acyclic_indvary3_step3_batch_yyy04.pl,u2,no,0.07,no,corr,0.0
2837,exp_acyclic_indvary3_step3_batch_yyy04.pl,y6,no,0.07,no,corr,0.0
2838,exp_acyclic_indvary3_step3_batch_yyy04.pl,p6,no,0.07,no,corr,0.0
2839,exp_acyclic_indvary3_step3_batch_yyy04.pl,u5,no,0.08,no,corr,0.0
2840,exp_acyclic_indvary3_step3_batch_yyy04.pl,d5,no,0.07,no,corr,0.0
2841,exp_acyclic_indvary3_step3_batch_yyy05.pl,b3,yes,0.08,yes,corr,1.0
2842,exp_acyclic_indvary3_step3_batch_yyy05.pl,w5,no,0.07,no,corr,0.0
2843,exp_acyclic_indvary3_step3_batch_yyy05.pl,s5,no,0.07,no,corr,0.0
2844,exp_acyclic_indvary3_step3_batch_yyy05.pl,r5,no,0.07,no,corr,0.0
2845,exp_acyclic_indvary3_step3_batch_yyy05.pl,w4,no,0.07,no,corr,0.0
2846,exp_acyclic_indvary3_step3_batch_yyy05.pl,t1,no,0.08,no,corr,1.0
2847,exp_acyclic_indvary3_step3_batch_yyy05.pl,q2,no,1.08,no,corr,7.0
2848,exp_acyclic_indvary3_step3_batch_yyy05.pl,w2,no,0.5,no,corr,6.0
2849,exp_acyclic_indvary3_step3_batch_yyy05.pl,r6,no,0.07,no,corr,0.0
2850,exp_acyclic_indvary3_step3_batch_yyy05.pl,f1,yes,0.06,yes,corr,0.0
2851,exp_acyclic_indvary3_step3_batch_yyy06.pl,u6,no,0.07,no,corr,0.0
2852,exp_acyclic_indvary3_step3_batch_yyy06.pl,x3,no,0.07,no,corr,0.0
2853,exp_acyclic_indvary3_step3_batch_yyy06.pl,s5,no,0.07,no,corr,0.0
2854,exp_acyclic_indvary3_step3_batch_yyy06.pl,q4,no,0.07,no,corr,0.0
2855,exp_acyclic_indvary3_step3_batch_yyy06.pl,f3,no,0.07,no,corr,0.0
2856,exp_acyclic_indvary3_step3_batch_yyy06.pl,r7,no,0.07,no,corr,0.0
2857,exp_acyclic_indvary3_step3_batch_yyy06.pl,t4,no,0.07,no,corr,0.0
2858,exp_acyclic_indvary3_step3_batch_yyy06.pl,t5,no,0.07,no,corr,0.0
2859,exp_acyclic_indvary3_step3_batch_yyy06.pl,y2,no,0.27,no,corr,7.0
2860,exp_acyclic_indvary3_step3_batch_yyy06.pl,x6,no,0.07,no,corr,0.0
2861,exp_acyclic_indvary3_step3_batch_yyy07.pl,f1,yes,0.08,yes,corr,1.0
2862,exp_acyclic_indvary3_step3_batch_yyy07.pl,v5,no,0.07,no,corr,0.0
2863,exp_acyclic_indvary3_step3_batch_yyy07.pl,x7,no,0.07,no,corr,0.0
2864,exp_acyclic_indvary3_step3_batch_yyy07.pl,f3,no,0.07,no,corr,0.0
2865,exp_acyclic_indvary3_step3_batch_yyy07.pl,r4,no,0.09,no,corr,0.0
2866,exp_acyclic_indvary3_step3_batch_yyy07.pl,d2,yes,0.09,yes,corr,1.0
2867,exp_acyclic_indvary3_step3_batch_yyy07.pl,x6,no,0.07,no,corr,0.0
2868,exp_acyclic_indvary3_step3_batch_yyy07.pl,x1,no,0.07,no,corr,0.0
2869,exp_acyclic_indvary3_step3_batch_yyy07.pl,r2,no,0.08,no,corr,1.0
2870,exp_acyclic_indvary3_step3_batch_yyy07.pl,r7,no,0.07,no,corr,0.0
2871,exp_acyclic_indvary3_step3_batch_yyy08.pl,d5,no,0.07,no,corr,0.0
2872,exp_acyclic_indvary3_step3_batch_yyy08.pl,c3,yes,0.1,yes,corr,3.0
2873,exp_acyclic_indvary3_step3_batch_yyy08.pl,z6,no,0.07,no,corr,0.0
2874,exp_acyclic_indvary3_step3_batch_yyy08.pl,v7,no,0.08,no,corr,0.0
2875,exp_acyclic_indvary3_step3_batch_yyy08.pl,p7,no,0.08,no,corr,0.0
2876,exp_acyclic_indvary3_step3_batch_yyy08.pl,b4,no,0.07,no,corr,0.0
2877,exp_acyclic_indvary3_step3_batch_yyy08.pl,p3,no,0.13,no,corr,2.0
2878,exp_acyclic_indvary3_step3_batch_yyy08.pl,p6,no,0.07,no,corr,0.0
2879,exp_acyclic_indvary3_step3_batch_yyy08.pl,r1,,600.0,no,TIMEOUT,
2880,exp_acyclic_indvary3_step3_batch_yyy08.pl,d2,,600.0,no,TIMEOUT,
2881,exp_acyclic_indvary3_step3_batch_yyy09.pl,v7,no,0.08,no,corr,0.0
2882,exp_acyclic_indvary3_step3_batch_yyy09.pl,q6,no,0.05,no,corr,0.0
2883,exp_acyclic_indvary3_step3_batch_yyy09.pl,w2,no,0.05,no,corr,1.0
2884,exp_acyclic_indvary3_step3_batch_yyy09.pl,v5,no,0.04,no,corr,0.0
2885,exp_acyclic_indvary3_step3_batch_yyy09.pl,v1,no,0.04,no,corr,0.0
2886,exp_acyclic_indvary3_step3_batch_yyy09.pl,u3,no,0.04,no,corr,0.0
2887,exp_acyclic_indvary3_step3_batch_yyy09.pl,a1,yes,0.04,yes,corr,0.0
2888,exp_acyclic_indvary3_step3_batch_yyy09.pl,q7,no,0.04,no,corr,0.0
2889,exp_acyclic_indvary3_step3_batch_yyy09.pl,c1,no,0.05,no,corr,1.0
2890,exp_acyclic_indvary3_step3_batch_yyy09.pl,b5,no,0.04,no,corr,0.0
2891,exp_acyclic_indvary3_step3_batch_yyy10.pl,c3,yes,0.05,yes,corr,0.0
2892,exp_acyclic_indvary3_step3_batch_yyy10.pl,v7,no,0.05,no,corr,0.0
2893,exp_acyclic_indvary3_step3_batch_yyy10.pl,d3,no,0.04,no,corr,0.0
2894,exp_acyclic_indvary3_step3_batch_yyy10.pl,q5,no,0.04,no,corr,0.0
2895,exp_acyclic_indvary3_step3_batch_yyy10.pl,x7,no,0.04,no,corr,0.0
2896,exp_acyclic_indvary3_step3_batch_yyy10.pl,a4,no,0.04,no,corr,0.0
2897,exp_acyclic_indvary3_step3_batch_yyy10.pl,d2,yes,0.04,yes,corr,0.0
2898,exp_acyclic_indvary3_step3_batch_yyy10.pl,a3,no,0.07,no,corr,5.0
2899,exp_acyclic_indvary3_step3_batch_yyy10.pl,t1,no,0.05,no,corr,0.0
2900,exp_acyclic_indvary3_step3_batch_yyy10.pl,y6,no,0.05,no,corr,0.0
2901,exp_acyclic_indvary3_step4_batch_yyy01.pl,z6,no,0.04,no,corr,0.0
2902,exp_acyclic_indvary3_step4_batch_yyy01.pl,p7,no,0.04,no,corr,0.0
2903,exp_acyclic_indvary3_step4_batch_yyy01.pl,v1,no,2.85,no,corr,11.0
2904,exp_acyclic_indvary3_step4_batch_yyy01.pl,p1,no,0.05,no,corr,0.0
2905,exp_acyclic_indvary3_step4_batch_yyy01.pl,s4,no,0.05,no,corr,0.0
2906,exp_acyclic_indvary3_step4_batch_yyy01.pl,v7,no,0.05,no,corr,0.0
2907,exp_acyclic_indvary3_step4_batch_yyy01.pl,c5,no,0.05,no,corr,0.0
2908,exp_acyclic_indvary3_step4_batch_yyy01.pl,t6,no,0.05,no,corr,0.0
2909,exp_acyclic_indvary3_step4_batch_yyy01.pl,u2,no,0.06,no,corr,0.0
2910,exp_acyclic_indvary3_step4_batch_yyy01.pl,t1,no,0.39,no,corr,6.0
2911,exp_acyclic_indvary3_step4_batch_yyy02.pl,d5,no,0.05,no,corr,0.0
2912,exp_acyclic_indvary3_step4_batch_yyy02.pl,v5,no,0.05,no,corr,0.0
2913,exp_acyclic_indvary3_step4_batch_yyy02.pl,c5,no,0.05,no,corr,0.0
2914,exp_acyclic_indvary3_step4_batch_yyy02.pl,y3,no,0.11,no,corr,4.0
2915,exp_acyclic_indvary3_step4_batch_yyy02.pl,t2,no,0.08,no,corr,3.0
2916,exp_acyclic_indvary3_step4_batch_yyy02.pl,u3,no,0.05,no,corr,1.0
2917,exp_acyclic_indvary3_step4_batch_yyy02.pl,t5,no,0.05,no,corr,0.0
2918,exp_acyclic_indvary3_step4_batch_yyy02.pl,c4,no,0.05,no,corr,0.0
2919,exp_acyclic_indvary3_step4_batch_yyy02.pl,z5,no,0.05,no,corr,0.0
2920,exp_acyclic_indvary3_step4_batch_yyy02.pl,v2,no,0.11,no,corr,4.0
2921,exp_acyclic_indvary3_step4_batch_yyy03.pl,b3,yes,0.05,yes,corr,1.0
2922,exp_acyclic_indvary3_step4_batch_yyy03.pl,q5,no,0.05,no,corr,0.0
2923,exp_acyclic_indvary3_step4_batch_yyy03.pl,x7,no,0.05,no,corr,0.0
2924,exp_acyclic_indvary3_step4_batch_yyy03.pl,f3,no,0.05,no,corr,0.0
2925,exp_acyclic_indvary3_step4_batch_yyy03.pl,x5,no,0.05,no,corr,0.0
2926,exp_acyclic_indvary3_step4_batch_yyy03.pl,u3,no,0.05,no,corr,0.0
2927,exp_acyclic_indvary3_step4_batch_yyy03.pl,r3,no,0.05,no,corr,1.0
2928,exp_acyclic_indvary3_step4_batch_yyy03.pl,x4,no,0.05,no,corr,0.0
2929,exp_acyclic_indvary3_step4_batch_yyy03.pl,s1,no,0.05,no,corr,0.0
2930,exp_acyclic_indvary3_step4_batch_yyy03.pl,d2,yes,0.06,yes,corr,1.0
2931,exp_acyclic_indvary3_step4_batch_yyy04.pl,z5,no,0.05,no,corr,0.0
2932,exp_acyclic_indvary3_step4_batch_yyy04.pl,p7,no,0.05,no,corr,0.0
2933,exp_acyclic_indvary3_step4_batch_yyy04.pl,f1,yes,0.06,yes,corr,1.0
2934,exp_acyclic_indvary3_step4_batch_yyy04.pl,u7,no,0.05,no,corr,0.0
2935,exp_acyclic_indvary3_step4_batch_yyy04.pl,r5,no,0.05,no,corr,0.0
2936,exp_acyclic_indvary3_step4_batch_yyy04.pl,z3,no,0.06,no,corr,0.0
2937,exp_acyclic_indvary3_step4_batch_yyy04.pl,a1,no,0.05,no,corr,1.0
2938,exp_acyclic_indvary3_step4_batch_yyy04.pl,f2,yes,0.04,yes,corr,0.0
2939,exp_acyclic_indvary3_step4_batch_yyy04.pl,b3,yes,0.04,yes,corr,0.0
2940,exp_acyclic_indvary3_step4_batch_yyy04.pl,w7,no,0.05,no,corr,0.0
2941,exp_acyclic_indvary3_step4_batch_yyy05.pl,d5,no,0.05,no,corr,0.0
2942,exp_acyclic_indvary3_step4_batch_yyy05.pl,b4,no,0.06,no,corr,0.0
2943,exp_acyclic_indvary3_step4_batch_yyy05.pl,t6,no,0.05,no,corr,0.0
2944,exp_acyclic_indvary3_step4_batch_yyy05.pl,w1,no,0.08,no,corr,2.0
2945,exp_acyclic_indvary3_step4_batch_yyy05.pl,t2,no,0.05,no,corr,0.0
2946,exp_acyclic_indvary3_step4_batch_yyy05.pl,x6,no,0.04,no,corr,0.0
2947,exp_acyclic_indvary3_step4_batch_yyy05.pl,v3,no,0.04,no,corr,0.0
2948,exp_acyclic_indvary3_step4_batch_yyy05.pl,w3,no,0.96,no,corr,8.0
2949,exp_acyclic_indvary3_step4_batch_yyy05.pl,u3,no,0.27,no,corr,6.0
2950,exp_acyclic_indvary3_step4_batch_yyy05.pl,r4,no,0.06,no,corr,0.0
2951,exp_acyclic_indvary3_step4_batch_yyy06.pl,d3,no,0.05,no,corr,0.0
2952,exp_acyclic_indvary3_step4_batch_yyy06.pl,z1,no,0.06,no,corr,0.0
2953,exp_acyclic_indvary3_step4_batch_yyy06.pl,s1,no,0.06,no,corr,0.0
2954,exp_acyclic_indvary3_step4_batch_yyy06.pl,x6,no,0.05,no,corr,0.0
2955,exp_acyclic_indvary3_step4_batch_yyy06.pl,b3,no,0.06,no,corr,1.0
2956,exp_acyclic_indvary3_step4_batch_yyy06.pl,w7,no,0.05,no,corr,0.0
2957,exp_acyclic_indvary3_step4_batch_yyy06.pl,z4,no,0.05,no,corr,0.0
2958,exp_acyclic_indvary3_step4_batch_yyy06.pl,y3,no,0.04,no,corr,0.0
2959,exp_acyclic_indvary3_step4_batch_yyy06.pl,q7,no,0.05,no,corr,0.0
2960,exp_acyclic_indvary3_step4_batch_yyy06.pl,y6,no,0.05,no,corr,0.0
2961,exp_acyclic_indvary3_step4_batch_yyy07.pl,q6,no,0.05,no,corr,0.0
2962,exp_acyclic_indvary3_step4_batch_yyy07.pl,p5,no,0.05,no,corr,0.0
2963,exp_acyclic_indvary3_step4_batch_yyy07.pl,d3,no,0.05,no,corr,0.0
2964,exp_acyclic_indvary3_step4_batch_yyy07.pl,r5,no,0.05,no,corr,0.0
2965,exp_acyclic_indvary3_step4_batch_yyy07.pl,p3,no,0.04,no,corr,0.0
2966,exp_acyclic_indvary3_step4_batch_yyy07.pl,s6,no,0.05,no,corr,0.0
2967,exp_acyclic_indvary3_step4_batch_yyy07.pl,e2,yes,0.05,yes,corr,0.0
2968,exp_acyclic_indvary3_step4_batch_yyy07.pl,a2,no,0.06,no,corr,1.0
2969,exp_acyclic_indvary3_step4_batch_yyy07.pl,u3,no,0.05,no,corr,0.0
2970,exp_acyclic_indvary3_step4_batch_yyy07.pl,r4,no,0.05,no,corr,0.0
2971,exp_acyclic_indvary3_step4_batch_yyy08.pl,b3,yes,0.06,yes,corr,1.0
2972,exp_acyclic_indvary3_step4_batch_yyy08.pl,z5,no,0.05,no,corr,0.0
2973,exp_acyclic_indvary3_step4_batch_yyy08.pl,a4,no,0.05,no,corr,0.0
2974,exp_acyclic_indvary3_step4_batch_yyy08.pl,v3,no,0.05,no,corr,0.0
2975,exp_acyclic_indvary3_step4_batch_yyy08.pl,p4,no,0.04,no,corr,0.0
2976,exp_acyclic_indvary3_step4_batch_yyy08.pl,p5,no,0.05,no,corr,0.0
2977,exp_acyclic_indvary3_step4_batch_yyy08.pl,u2,no,4.08,no,corr,11.0
2978,exp_acyclic_indvary3_step4_batch_yyy08.pl,t1,no,0.04,no,corr,0.0
2979,exp_acyclic_indvary3_step4_batch_yyy08.pl,x4,no,0.05,no,corr,0.0
2980,exp_acyclic_indvary3_step4_batch_yyy08.pl,w3,no,0.05,no,corr,0.0
2981,exp_acyclic_indvary3_step4_batch_yyy09.pl,u5,no,0.05,no,corr,0.0
2982,exp_acyclic_indvary3_step4_batch_yyy09.pl,q6,no,0.05,no,corr,0.0
2983,exp_acyclic_indvary3_step4_batch_yyy09.pl,f1,yes,0.05,yes,corr,0.0
2984,exp_acyclic_indvary3_step4_batch_yyy09.pl,f3,no,0.05,no,corr,0.0
2985,exp_acyclic_indvary3_step4_batch_yyy09.pl,s6,no,0.05,no,corr,0.0
2986,exp_acyclic_indvary3_step4_batch_yyy09.pl,r4,no,0.05,no,corr,0.0
2987,exp_acyclic_indvary3_step4_batch_yyy09.pl,r1,no,0.05,no,corr,0.0
2988,exp_acyclic_indvary3_step4_batch_yyy09.pl,r2,no,104.93,no,corr,12.0
2989,exp_acyclic_indvary3_step4_batch_yyy09.pl,y6,no,0.09,no,corr,0.0
2990,exp_acyclic_indvary3_step4_batch_yyy09.pl,q2,no,0.08,no,corr,0.0
2991,exp_acyclic_indvary3_step4_batch_yyy10.pl,u5,no,0.09,no,corr,0.0
2992,exp_acyclic_indvary3_step4_batch_yyy10.pl,b2,no,0.1,no,corr,1.0
2993,exp_acyclic_indvary3_step4_batch_yyy10.pl,d3,no,0.09,no,corr,0.0
2994,exp_acyclic_indvary3_step4_batch_yyy10.pl,f3,no,0.09,no,corr,0.0
2995,exp_acyclic_indvary3_step4_batch_yyy10.pl,e3,no,0.09,no,corr,0.0
2996,exp_acyclic_indvary3_step4_batch_yyy10.pl,r7,no,0.1,no,corr,0.0
2997,exp_acyclic_indvary3_step4_batch_yyy10.pl,c3,yes,0.1,yes,corr,0.0
2998,exp_acyclic_indvary3_step4_batch_yyy10.pl,t5,no,0.09,no,corr,0.0
2999,exp_acyclic_indvary3_step4_batch_yyy10.pl,s5,no,0.08,no,corr,0.0
3000,exp_acyclic_indvary3_step4_batch_yyy10.pl,b4,no,0.09,no,corr,0.0
3001,exp_acyclic_indvary3_step5_batch_yyy01.pl,s4,no,0.1,no,corr,0.0
3002,exp_acyclic_indvary3_step5_batch_yyy01.pl,w5,no,0.09,no,corr,0.0
3003,exp_acyclic_indvary3_step5_batch_yyy01.pl,b1,no,0.1,no,corr,1.0
3004,exp_acyclic_indvary3_step5_batch_yyy01.pl,t2,no,0.09,no,corr,0.0
3005,exp_acyclic_indvary3_step5_batch_yyy01.pl,y1,no,0.09,no,corr,0.0
3006,exp_acyclic_indvary3_step5_batch_yyy01.pl,p1,no,0.1,no,corr,1.0
3007,exp_acyclic_indvary3_step5_batch_yyy01.pl,y5,no,0.09,no,corr,0.0
3008,exp_acyclic_indvary3_step5_batch_yyy01.pl,s5,no,0.09,no,corr,0.0
3009,exp_acyclic_indvary3_step5_batch_yyy01.pl,b4,no,0.1,no,corr,0.0
3010,exp_acyclic_indvary3_step5_batch_yyy01.pl,q5,no,0.09,no,corr,0.0
3011,exp_acyclic_indvary3_step5_batch_yyy02.pl,z6,no,0.1,no,corr,0.0
3012,exp_acyclic_indvary3_step5_batch_yyy02.pl,z5,no,0.09,no,corr,0.0
3013,exp_acyclic_indvary3_step5_batch_yyy02.pl,v6,no,0.09,no,corr,0.0
3014,exp_acyclic_indvary3_step5_batch_yyy02.pl,z2,no,0.09,no,corr,0.0
3015,exp_acyclic_indvary3_step5_batch_yyy02.pl,x1,no,0.09,no,corr,0.0
3016,exp_acyclic_indvary3_step5_batch_yyy02.pl,a1,yes,0.11,yes,corr,1.0
3017,exp_acyclic_indvary3_step5_batch_yyy02.pl,u2,,600.0,no,TIMEOUT,
3018,exp_acyclic_indvary3_step5_batch_yyy02.pl,p6,no,0.12,no,corr,0.0
3019,exp_acyclic_indvary3_step5_batch_yyy02.pl,x2,no,0.12,no,corr,0.0
3020,exp_acyclic_indvary3_step5_batch_yyy02.pl,f5,no,0.12,no,corr,0.0
3021,exp_acyclic_indvary3_step5_batch_yyy03.pl,q6,no,0.13,no,corr,0.0
3022,exp_acyclic_indvary3_step5_batch_yyy03.pl,p4,no,0.13,no,corr,0.0
3023,exp_acyclic_indvary3_step5_batch_yyy03.pl,v6,no,0.13,no,corr,0.0
3024,exp_acyclic_indvary3_step5_batch_yyy03.pl,u7,no,0.13,no,corr,0.0
3025,exp_acyclic_indvary3_step5_batch_yyy03.pl,t3,no,544.34,no,corr,13.0
3026,exp_acyclic_indvary3_step5_batch_yyy03.pl,y2,no,0.08,no,corr,0.0
3027,exp_acyclic_indvary3_step5_batch_yyy03.pl,c6,no,0.09,no,corr,0.0
3028,exp_acyclic_indvary3_step5_batch_yyy03.pl,b5,no,0.09,no,corr,0.0
3029,exp_acyclic_indvary3_step5_batch_yyy03.pl,q7,no,0.09,no,corr,0.0
3030,exp_acyclic_indvary3_step5_batch_yyy03.pl,y6,no,0.09,no,corr,0.0
3031,exp_acyclic_indvary3_step5_batch_yyy04.pl,a6,no,0.09,no,corr,0.0
3032,exp_acyclic_indvary3_step5_batch_yyy04.pl,v2,no,1.44,no,corr,7.0
3033,exp_acyclic_indvary3_step5_batch_yyy04.pl,f1,yes,0.1,yes,corr,1.0
3034,exp_acyclic_indvary3_step5_batch_yyy04.pl,d3,no,0.08,no,corr,0.0
3035,exp_acyclic_indvary3_step5_batch_yyy04.pl,u7,no,0.09,no,corr,0.0
3036,exp_acyclic_indvary3_step5_batch_yyy04.pl,s5,no,0.1,no,corr,0.0
3037,exp_acyclic_indvary3_step5_batch_yyy04.pl,a5,no,0.09,no,corr,0.0
3038,exp_acyclic_indvary3_step5_batch_yyy04.pl,v1,no,0.09,no,corr,0.0
3039,exp_acyclic_indvary3_step5_batch_yyy04.pl,s7,no,0.1,no,corr,0.0
3040,exp_acyclic_indvary3_step5_batch_yyy04.pl,e2,yes,0.1,yes,corr,0.0
3041,exp_acyclic_indvary3_step5_batch_yyy05.pl,u6,no,0.11,no,corr,0.0
3042,exp_acyclic_indvary3_step5_batch_yyy05.pl,b2,yes,0.11,yes,corr,1.0
3043,exp_acyclic_indvary3_step5_batch_yyy05.pl,y2,no,0.1,no,corr,0.0
3044,exp_acyclic_indvary3_step5_batch_yyy05.pl,p1,no,0.1,no,corr,0.0
3045,exp_acyclic_indvary3_step5_batch_yyy05.pl,a6,no,0.11,no,corr,0.0
3046,exp_acyclic_indvary3_step5_batch_yyy05.pl,s4,no,0.1,no,corr,0.0
3047,exp_acyclic_indvary3_step5_batch_yyy05.pl,s2,no,0.1,no,corr,0.0
3048,exp_acyclic_indvary3_step5_batch_yyy05.pl,t6,no,0.12,no,corr,0.0
3049,exp_acyclic_indvary3_step5_batch_yyy05.pl,r1,no,0.33,no,corr,3.0
3050,exp_acyclic_indvary3_step5_batch_yyy05.pl,d2,no,0.12,no,corr,1.0
3051,exp_acyclic_indvary3_step5_batch_yyy06.pl,z5,no,0.1,no,corr,0.0
3052,exp_acyclic_indvary3_step5_batch_yyy06.pl,u7,no,0.1,no,corr,0.0
3053,exp_acyclic_indvary3_step5_batch_yyy06.pl,f5,no,0.1,no,corr,0.0
3054,exp_acyclic_indvary3_step5_batch_yyy06.pl,a3,yes,0.11,yes,corr,0.0
3055,exp_acyclic_indvary3_step5_batch_yyy06.pl,u2,no,0.1,no,corr,0.0
3056,exp_acyclic_indvary3_step5_batch_yyy06.pl,a2,no,0.11,no,corr,1.0
3057,exp_acyclic_indvary3_step5_batch_yyy06.pl,w2,no,17.59,no,corr,10.0
3058,exp_acyclic_indvary3_step5_batch_yyy06.pl,f1,yes,0.1,yes,corr,1.0
3059,exp_acyclic_indvary3_step5_batch_yyy06.pl,d3,no,0.09,no,corr,0.0
3060,exp_acyclic_indvary3_step5_batch_yyy06.pl,u4,no,0.09,no,corr,0.0
3061,exp_acyclic_indvary3_step5_batch_yyy07.pl,p5,no,0.09,no,corr,0.0
3062,exp_acyclic_indvary3_step5_batch_yyy07.pl,u7,no,0.1,no,corr,0.0
3063,exp_acyclic_indvary3_step5_batch_yyy07.pl,q3,no,14.86,no,corr,11.0
3064,exp_acyclic_indvary3_step5_batch_yyy07.pl,r7,no,0.11,no,corr,0.0
3065,exp_acyclic_indvary3_step5_batch_yyy07.pl,a2,yes,0.12,yes,corr,0.0
3066,exp_acyclic_indvary3_step5_batch_yyy07.pl,p6,no,0.12,no,corr,0.0
3067,exp_acyclic_indvary3_step5_batch_yyy07.pl,t7,no,0.12,no,corr,0.0
3068,exp_acyclic_indvary3_step5_batch_yyy07.pl,z2,no,2.93,no,corr,11.0
3069,exp_acyclic_indvary3_step5_batch_yyy07.pl,r3,no,0.1,no,corr,1.0
3070,exp_acyclic_indvary3_step5_batch_yyy07.pl,q1,,600.0,no,TIMEOUT,
3071,exp_acyclic_indvary3_step5_batch_yyy08.pl,v2,no,0.12,no,corr,0.0
3072,exp_acyclic_indvary3_step5_batch_yyy08.pl,p5,no,0.13,no,corr,0.0
3073,exp_acyclic_indvary3_step5_batch_yyy08.pl,f1,yes,0.14,yes,corr,1.0
3074,exp_acyclic_indvary3_step5_batch_yyy08.pl,r7,no,0.13,no,corr,0.0
3075,exp_acyclic_indvary3_step5_batch_yyy08.pl,p1,no,0.58,no,corr,5.0
3076,exp_acyclic_indvary3_step5_batch_yyy08.pl,u3,no,0.12,no,corr,0.0
3077,exp_acyclic_indvary3_step5_batch_yyy08.pl,v4,no,0.13,no,corr,0.0
3078,exp_acyclic_indvary3_step5_batch_yyy08.pl,e3,no,0.13,no,corr,0.0
3079,exp_acyclic_indvary3_step5_batch_yyy08.pl,y1,no,0.34,no,corr,5.0
3080,exp_acyclic_indvary3_step5_batch_yyy08.pl,s1,no,0.13,no,corr,0.0
3081,exp_acyclic_indvary3_step5_batch_yyy09.pl,f1,no,0.14,no,corr,1.0
3082,exp_acyclic_indvary3_step5_batch_yyy09.pl,b4,no,0.13,no,corr,0.0
3083,exp_acyclic_indvary3_step5_batch_yyy09.pl,v1,no,0.14,no,corr,0.0
3084,exp_acyclic_indvary3_step5_batch_yyy09.pl,t2,no,3.97,no,corr,9.0
3085,exp_acyclic_indvary3_step5_batch_yyy09.pl,r1,no,0.09,no,corr,0.0
3086,exp_acyclic_indvary3_step5_batch_yyy09.pl,w3,no,0.12,no,corr,0.0
3087,exp_acyclic_indvary3_step5_batch_yyy09.pl,t5,no,0.1,no,corr,0.0
3088,exp_acyclic_indvary3_step5_batch_yyy09.pl,c4,no,0.13,no,corr,0.0
3089,exp_acyclic_indvary3_step5_batch_yyy09.pl,f2,yes,0.14,yes,corr,0.0
3090,exp_acyclic_indvary3_step5_batch_yyy09.pl,q2,no,0.13,no,corr,0.0
3091,exp_acyclic_indvary3_step5_batch_yyy10.pl,a6,no,0.11,no,corr,0.0
3092,exp_acyclic_indvary3_step5_batch_yyy10.pl,v2,no,9.29,no,corr,9.0
3093,exp_acyclic_indvary3_step5_batch_yyy10.pl,w2,no,0.95,no,corr,6.0
3094,exp_acyclic_indvary3_step5_batch_yyy10.pl,d3,no,0.12,no,corr,0.0
3095,exp_acyclic_indvary3_step5_batch_yyy10.pl,e4,no,0.12,no,corr,0.0
3096,exp_acyclic_indvary3_step5_batch_yyy10.pl,a3,yes,0.12,yes,corr,0.0
3097,exp_acyclic_indvary3_step5_batch_yyy10.pl,u3,no,0.12,no,corr,0.0
3098,exp_acyclic_indvary3_step5_batch_yyy10.pl,e3,no,0.14,no,corr,0.0
3099,exp_acyclic_indvary3_step5_batch_yyy10.pl,r3,no,0.14,no,corr,0.0
3100,exp_acyclic_indvary3_step5_batch_yyy10.pl,u2,no,0.13,no,corr,0.0
3101,exp_acyclic_indvary3_step6_batch_yyy01.pl,q6,no,0.14,no,corr,0.0
3102,exp_acyclic_indvary3_step6_batch_yyy01.pl,w4,no,0.13,no,corr,0.0
3103,exp_acyclic_indvary3_step6_batch_yyy01.pl,d2,yes,0.15,yes,corr,1.0
3104,exp_acyclic_indvary3_step6_batch_yyy01.pl,x1,no,0.13,no,corr,0.0
3105,exp_acyclic_indvary3_step6_batch_yyy01.pl,y4,no,0.13,no,corr,0.0
3106,exp_acyclic_indvary3_step6_batch_yyy01.pl,v7,no,0.14,no,corr,0.0
3107,exp_acyclic_indvary3_step6_batch_yyy01.pl,p7,no,0.13,no,corr,0.0
3108,exp_acyclic_indvary3_step6_batch_yyy01.pl,x3,no,0.13,no,corr,0.0
3109,exp_acyclic_indvary3_step6_batch_yyy01.pl,e2,yes,0.12,yes,corr,1.0
3110,exp_acyclic_indvary3_step6_batch_yyy01.pl,t1,no,0.13,no,corr,1.0
3111,exp_acyclic_indvary3_step6_batch_yyy02.pl,z6,no,0.12,no,corr,0.0
3112,exp_acyclic_indvary3_step6_batch_yyy02.pl,p7,no,0.1,no,corr,0.0
3113,exp_acyclic_indvary3_step6_batch_yyy02.pl,v6,no,0.14,no,corr,0.0
3114,exp_acyclic_indvary3_step6_batch_yyy02.pl,c5,no,0.14,no,corr,0.0
3115,exp_acyclic_indvary3_step6_batch_yyy02.pl,q4,no,0.12,no,corr,0.0
3116,exp_acyclic_indvary3_step6_batch_yyy02.pl,f3,no,0.14,no,corr,0.0
3117,exp_acyclic_indvary3_step6_batch_yyy02.pl,u3,no,0.13,no,corr,0.0
3118,exp_acyclic_indvary3_step6_batch_yyy02.pl,y5,no,0.11,no,corr,0.0
3119,exp_acyclic_indvary3_step6_batch_yyy02.pl,s7,no,0.13,no,corr,0.0
3120,exp_acyclic_indvary3_step6_batch_yyy02.pl,a1,yes,0.15,yes,corr,1.0
3121,exp_acyclic_indvary3_step6_batch_yyy03.pl,u5,no,0.13,no,corr,0.0
3122,exp_acyclic_indvary3_step6_batch_yyy03.pl,q4,no,0.11,no,corr,0.0
3123,exp_acyclic_indvary3_step6_batch_yyy03.pl,y3,no,0.14,no,corr,0.0
3124,exp_acyclic_indvary3_step6_batch_yyy03.pl,b5,no,0.13,no,corr,0.0
3125,exp_acyclic_indvary3_step6_batch_yyy03.pl,e3,no,0.13,no,corr,0.0
3126,exp_acyclic_indvary3_step6_batch_yyy03.pl,p2,,600.0,no,TIMEOUT,
3127,exp_acyclic_indvary3_step6_batch_yyy03.pl,r3,no,0.12,no,corr,0.0
3128,exp_acyclic_indvary3_step6_batch_yyy03.pl,y6,no,0.13,no,corr,0.0
3129,exp_acyclic_indvary3_step6_batch_yyy03.pl,f1,,600.0,no,TIMEOUT,
3130,exp_acyclic_indvary3_step6_batch_yyy03.pl,e5,no,0.17,no,corr,0.0
3131,exp_acyclic_indvary3_step6_batch_yyy04.pl,v7,no,0.14,no,corr,0.0
3132,exp_acyclic_indvary3_step6_batch_yyy04.pl,q6,no,0.14,no,corr,0.0
3133,exp_acyclic_indvary3_step6_batch_yyy04.pl,d3,no,0.13,no,corr,0.0
3134,exp_acyclic_indvary3_step6_batch_yyy04.pl,y2,no,0.13,no,corr,0.0
3135,exp_acyclic_indvary3_step6_batch_yyy04.pl,y5,no,0.13,no,corr,0.0
3136,exp_acyclic_indvary3_step6_batch_yyy04.pl,s2,,600.0,no,TIMEOUT,
3137,exp_acyclic_indvary3_step6_batch_yyy04.pl,a5,no,0.14,no,corr,0.0
3138,exp_acyclic_indvary3_step6_batch_yyy04.pl,e2,yes,0.14,yes,corr,0.0
3139,exp_acyclic_indvary3_step6_batch_yyy04.pl,d1,yes,0.14,yes,corr,0.0
3140,exp_acyclic_indvary3_step6_batch_yyy04.pl,u2,no,0.15,no,corr,0.0
3141,exp_acyclic_indvary3_step6_batch_yyy05.pl,d5,no,0.18,no,corr,0.0
3142,exp_acyclic_indvary3_step6_batch_yyy05.pl,e1,yes,0.13,yes,corr,0.0
3143,exp_acyclic_indvary3_step6_batch_yyy05.pl,b4,no,0.13,no,corr,0.0
3144,exp_acyclic_indvary3_step6_batch_yyy05.pl,x7,no,0.15,no,corr,0.0
3145,exp_acyclic_indvary3_step6_batch_yyy05.pl,d2,yes,0.15,yes,corr,0.0
3146,exp_acyclic_indvary3_step6_batch_yyy05.pl,p2,no,0.15,no,corr,0.0
3147,exp_acyclic_indvary3_step6_batch_yyy05.pl,a3,yes,0.15,yes,corr,0.0
3148,exp_acyclic_indvary3_step6_batch_yyy05.pl,q3,no,27.63,no,corr,10.0
3149,exp_acyclic_indvary3_step6_batch_yyy05.pl,a1,no,0.16,no,corr,1.0
3150,exp_acyclic_indvary3_step6_batch_yyy05.pl,e2,yes,0.12,yes,corr,0.0
3151,exp_acyclic_indvary3_step6_batch_yyy06.pl,y4,no,0.12,no,corr,0.0
3152,exp_acyclic_indvary3_step6_batch_yyy06.pl,u7,no,0.13,no,corr,0.0
3153,exp_acyclic_indvary3_step6_batch_yyy06.pl,c5,no,0.15,no,corr,0.0
3154,exp_acyclic_indvary3_step6_batch_yyy06.pl,r5,no,0.14,no,corr,0.0
3155,exp_acyclic_indvary3_step6_batch_yyy06.pl,f3,no,0.14,no,corr,0.0
3156,exp_acyclic_indvary3_step6_batch_yyy06.pl,s6,no,0.15,no,corr,0.0
3157,exp_acyclic_indvary3_step6_batch_yyy06.pl,u2,no,0.41,no,corr,5.0
3158,exp_acyclic_indvary3_step6_batch_yyy06.pl,a2,yes,0.18,yes,corr,1.0
3159,exp_acyclic_indvary3_step6_batch_yyy06.pl,v1,no,0.54,no,corr,7.0
3160,exp_acyclic_indvary3_step6_batch_yyy06.pl,p3,no,0.56,no,corr,4.0
3161,exp_acyclic_indvary3_step6_batch_yyy07.pl,t4,no,0.14,no,corr,0.0
3162,exp_acyclic_indvary3_step6_batch_yyy07.pl,s4,no,0.13,no,corr,0.0
3163,exp_acyclic_indvary3_step6_batch_yyy07.pl,u1,no,0.13,no,corr,0.0
3164,exp_acyclic_indvary3_step6_batch_yyy07.pl,w5,no,0.15,no,corr,0.0
3165,exp_acyclic_indvary3_step6_batch_yyy07.pl,z1,no,0.14,no,corr,1.0
3166,exp_acyclic_indvary3_step6_batch_yyy07.pl,t7,no,0.13,no,corr,0.0
3167,exp_acyclic_indvary3_step6_batch_yyy07.pl,q3,no,0.26,no,corr,5.0
3168,exp_acyclic_indvary3_step6_batch_yyy07.pl,r2,no,0.13,no,corr,0.0
3169,exp_acyclic_indvary3_step6_batch_yyy07.pl,t1,no,0.31,no,corr,2.0
3170,exp_acyclic_indvary3_step6_batch_yyy07.pl,w3,no,0.12,no,corr,0.0
3171,exp_acyclic_indvary3_step6_batch_yyy08.pl,w5,no,0.15,no,corr,0.0
3172,exp_acyclic_indvary3_step6_batch_yyy08.pl,x2,no,0.19,no,corr,2.0
3173,exp_acyclic_indvary3_step6_batch_yyy08.pl,s7,no,0.13,no,corr,0.0
3174,exp_acyclic_indvary3_step6_batch_yyy08.pl,p7,no,0.13,no,corr,0.0
3175,exp_acyclic_indvary3_step6_batch_yyy08.pl,d4,no,0.13,no,corr,0.0
3176,exp_acyclic_indvary3_step6_batch_yyy08.pl,r6,no,0.15,no,corr,0.0
3177,exp_acyclic_indvary3_step6_batch_yyy08.pl,f1,yes,0.13,yes,corr,0.0
3178,exp_acyclic_indvary3_step6_batch_yyy08.pl,c5,no,0.13,no,corr,0.0
3179,exp_acyclic_indvary3_step6_batch_yyy08.pl,c2,yes,0.15,yes,corr,1.0
3180,exp_acyclic_indvary3_step6_batch_yyy08.pl,b1,yes,0.13,yes,corr,0.0
3181,exp_acyclic_indvary3_step6_batch_yyy09.pl,u5,no,0.14,no,corr,0.0
3182,exp_acyclic_indvary3_step6_batch_yyy09.pl,t5,no,0.13,no,corr,0.0
3183,exp_acyclic_indvary3_step6_batch_yyy09.pl,u1,no,0.12,no,corr,0.0
3184,exp_acyclic_indvary3_step6_batch_yyy09.pl,t6,no,0.15,no,corr,0.0
3185,exp_acyclic_indvary3_step6_batch_yyy09.pl,x7,no,0.16,no,corr,0.0
3186,exp_acyclic_indvary3_step6_batch_yyy09.pl,c1,no,1.47,no,corr,9.0
3187,exp_acyclic_indvary3_step6_batch_yyy09.pl,a1,yes,0.16,yes,corr,1.0
3188,exp_acyclic_indvary3_step6_batch_yyy09.pl,u2,no,34.47,no,corr,10.0
3189,exp_acyclic_indvary3_step6_batch_yyy09.pl,w4,no,0.13,no,corr,0.0
3190,exp_acyclic_indvary3_step6_batch_yyy09.pl,f3,no,0.14,no,corr,0.0
3191,exp_acyclic_indvary3_step6_batch_yyy10.pl,w7,no,0.13,no,corr,0.0
3192,exp_acyclic_indvary3_step6_batch_yyy10.pl,p7,no,0.15,no,corr,0.0
3193,exp_acyclic_indvary3_step6_batch_yyy10.pl,e5,no,0.12,no,corr,0.0
3194,exp_acyclic_indvary3_step6_batch_yyy10.pl,a5,no,0.14,no,corr,0.0
3195,exp_acyclic_indvary3_step6_batch_yyy10.pl,w6,no,0.15,no,corr,0.0
3196,exp_acyclic_indvary3_step6_batch_yyy10.pl,z4,no,0.14,no,corr,0.0
3197,exp_acyclic_indvary3_step6_batch_yyy10.pl,w1,no,0.15,no,corr,0.0
3198,exp_acyclic_indvary3_step6_batch_yyy10.pl,v3,no,0.18,no,corr,1.0
3199,exp_acyclic_indvary3_step6_batch_yyy10.pl,q1,no,0.15,no,corr,1.0
3200,exp_acyclic_indvary3_step6_batch_yyy10.pl,p6,no,0.15,no,corr,0.0
3201,exp_acyclic_indvary3_step7_batch_yyy01.pl,y4,no,0.15,no,corr,0.0
3202,exp_acyclic_indvary3_step7_batch_yyy01.pl,x2,no,0.13,no,corr,0.0
3203,exp_acyclic_indvary3_step7_batch_yyy01.pl,x5,no,0.15,no,corr,0.0
3204,exp_acyclic_indvary3_step7_batch_yyy01.pl,a3,yes,0.16,yes,corr,0.0
3205,exp_acyclic_indvary3_step7_batch_yyy01.pl,r2,no,0.13,no,corr,0.0
3206,exp_acyclic_indvary3_step7_batch_yyy01.pl,q1,no,0.13,no,corr,0.0
3207,exp_acyclic_indvary3_step7_batch_yyy01.pl,q2,no,2.93,no,corr,8.0
3208,exp_acyclic_indvary3_step7_batch_yyy01.pl,c5,no,0.12,no,corr,0.0
3209,exp_acyclic_indvary3_step7_batch_yyy01.pl,c2,yes,0.14,yes,corr,1.0
3210,exp_acyclic_indvary3_step7_batch_yyy01.pl,b1,no,0.61,no,corr,7.0
3211,exp_acyclic_indvary3_step7_batch_yyy02.pl,c4,no,0.14,no,corr,0.0
3212,exp_acyclic_indvary3_step7_batch_yyy02.pl,x3,no,0.14,no,corr,0.0
3213,exp_acyclic_indvary3_step7_batch_yyy02.pl,w5,no,0.16,no,corr,0.0
3214,exp_acyclic_indvary3_step7_batch_yyy02.pl,b4,no,0.15,no,corr,0.0
3215,exp_acyclic_indvary3_step7_batch_yyy02.pl,c1,yes,0.18,yes,corr,1.0
3216,exp_acyclic_indvary3_step7_batch_yyy02.pl,r1,no,0.13,no,corr,0.0
3217,exp_acyclic_indvary3_step7_batch_yyy02.pl,s2,no,0.14,no,corr,0.0
3218,exp_acyclic_indvary3_step7_batch_yyy02.pl,c5,no,0.15,no,corr,0.0
3219,exp_acyclic_indvary3_step7_batch_yyy02.pl,x6,no,0.16,no,corr,0.0
3220,exp_acyclic_indvary3_step7_batch_yyy02.pl,x1,no,0.15,no,corr,0.0
3221,exp_acyclic_indvary3_step7_batch_yyy03.pl,v2,no,0.18,no,corr,1.0
3222,exp_acyclic_indvary3_step7_batch_yyy03.pl,p7,no,0.15,no,corr,0.0
3223,exp_acyclic_indvary3_step7_batch_yyy03.pl,v5,no,0.15,no,corr,0.0
3224,exp_acyclic_indvary3_step7_batch_yyy03.pl,b4,no,0.13,no,corr,0.0
3225,exp_acyclic_indvary3_step7_batch_yyy03.pl,w1,no,0.16,no,corr,2.0
3226,exp_acyclic_indvary3_step7_batch_yyy03.pl,t2,no,0.14,no,corr,0.0
3227,exp_acyclic_indvary3_step7_batch_yyy03.pl,s4,no,0.14,no,corr,0.0
3228,exp_acyclic_indvary3_step7_batch_yyy03.pl,v7,no,0.17,no,corr,0.0
3229,exp_acyclic_indvary3_step7_batch_yyy03.pl,r7,no,0.14,no,corr,0.0
3230,exp_acyclic_indvary3_step7_batch_yyy03.pl,b6,no,0.15,no,corr,0.0
3231,exp_acyclic_indvary3_step7_batch_yyy04.pl,s4,no,0.15,no,corr,0.0
3232,exp_acyclic_indvary3_step7_batch_yyy04.pl,a5,no,0.15,no,corr,0.0
3233,exp_acyclic_indvary3_step7_batch_yyy04.pl,r5,no,0.15,no,corr,0.0
3234,exp_acyclic_indvary3_step7_batch_yyy04.pl,w4,no,0.14,no,corr,0.0
3235,exp_acyclic_indvary3_step7_batch_yyy04.pl,c1,yes,0.17,yes,corr,1.0
3236,exp_acyclic_indvary3_step7_batch_yyy04.pl,z3,no,7.18,no,corr,8.0
3237,exp_acyclic_indvary3_step7_batch_yyy04.pl,b6,no,0.13,no,corr,0.0
3238,exp_acyclic_indvary3_step7_batch_yyy04.pl,y5,no,0.12,no,corr,0.0
3239,exp_acyclic_indvary3_step7_batch_yyy04.pl,v6,no,0.11,no,corr,0.0
3240,exp_acyclic_indvary3_step7_batch_yyy04.pl,f1,yes,0.14,yes,corr,0.0
3241,exp_acyclic_indvary3_step7_batch_yyy05.pl,d5,no,0.18,no,corr,0.0
3242,exp_acyclic_indvary3_step7_batch_yyy05.pl,s3,no,0.15,no,corr,0.0
3243,exp_acyclic_indvary3_step7_batch_yyy05.pl,x3,no,1.29,no,corr,5.0
3244,exp_acyclic_indvary3_step7_batch_yyy05.pl,d3,no,0.14,no,corr,0.0
3245,exp_acyclic_indvary3_step7_batch_yyy05.pl,a4,no,0.14,no,corr,0.0
3246,exp_acyclic_indvary3_step7_batch_yyy05.pl,x5,no,0.14,no,corr,0.0
3247,exp_acyclic_indvary3_step7_batch_yyy05.pl,r3,no,0.16,no,corr,0.0
3248,exp_acyclic_indvary3_step7_batch_yyy05.pl,q6,no,0.15,no,corr,0.0
3249,exp_acyclic_indvary3_step7_batch_yyy05.pl,z5,no,0.16,no,corr,0.0
3250,exp_acyclic_indvary3_step7_batch_yyy05.pl,v2,no,0.13,no,corr,0.0
3251,exp_acyclic_indvary3_step7_batch_yyy06.pl,z1,no,0.15,no,corr,0.0
3252,exp_acyclic_indvary3_step7_batch_yyy06.pl,r1,no,0.17,no,corr,1.0
3253,exp_acyclic_indvary3_step7_batch_yyy06.pl,z3,no,0.14,no,corr,0.0
3254,exp_acyclic_indvary3_step7_batch_yyy06.pl,b4,no,0.12,no,corr,0.0
3255,exp_acyclic_indvary3_step7_batch_yyy06.pl,t3,no,0.18,no,corr,3.0
3256,exp_acyclic_indvary3_step7_batch_yyy06.pl,q3,no,0.14,no,corr,0.0
3257,exp_acyclic_indvary3_step7_batch_yyy06.pl,x6,no,0.16,no,corr,0.0
3258,exp_acyclic_indvary3_step7_batch_yyy06.pl,e2,yes,0.15,yes,corr,0.0
3259,exp_acyclic_indvary3_step7_batch_yyy06.pl,d1,yes,0.14,yes,corr,0.0
3260,exp_acyclic_indvary3_step7_batch_yyy06.pl,t1,no,0.13,no,corr,0.0
3261,exp_acyclic_indvary3_step7_batch_yyy07.pl,u5,no,0.16,no,corr,0.0
3262,exp_acyclic_indvary3_step7_batch_yyy07.pl,t4,no,0.16,no,corr,0.0
3263,exp_acyclic_indvary3_step7_batch_yyy07.pl,a6,no,0.12,no,corr,0.0
3264,exp_acyclic_indvary3_step7_batch_yyy07.pl,e1,yes,0.19,yes,corr,2.0
3265,exp_acyclic_indvary3_step7_batch_yyy07.pl,z1,no,0.17,no,corr,1.0
3266,exp_acyclic_indvary3_step7_batch_yyy07.pl,r4,no,0.13,no,corr,0.0
3267,exp_acyclic_indvary3_step7_batch_yyy07.pl,q7,no,0.15,no,corr,0.0
3268,exp_acyclic_indvary3_step7_batch_yyy07.pl,w3,no,0.38,no,corr,3.0
3269,exp_acyclic_indvary3_step7_batch_yyy07.pl,z4,no,0.15,no,corr,0.0
3270,exp_acyclic_indvary3_step7_batch_yyy07.pl,e4,no,0.15,no,corr,0.0
3271,exp_acyclic_indvary3_step7_batch_yyy08.pl,t4,no,0.15,no,corr,0.0
3272,exp_acyclic_indvary3_step7_batch_yyy08.pl,v2,no,0.15,no,corr,0.0
3273,exp_acyclic_indvary3_step7_batch_yyy08.pl,w2,no,0.13,no,corr,0.0
3274,exp_acyclic_indvary3_step7_batch_yyy08.pl,z4,no,0.15,no,corr,0.0
3275,exp_acyclic_indvary3_step7_batch_yyy08.pl,y6,no,0.15,no,corr,0.0
3276,exp_acyclic_indvary3_step7_batch_yyy08.pl,a2,no,0.14,no,corr,1.0
3277,exp_acyclic_indvary3_step7_batch_yyy08.pl,z1,no,0.13,no,corr,0.0
3278,exp_acyclic_indvary3_step7_batch_yyy08.pl,c2,no,0.14,no,corr,1.0
3279,exp_acyclic_indvary3_step7_batch_yyy08.pl,r3,no,0.17,no,corr,0.0
3280,exp_acyclic_indvary3_step7_batch_yyy08.pl,d1,yes,0.17,yes,corr,1.0
3281,exp_acyclic_indvary3_step7_batch_yyy09.pl,u6,no,0.18,no,corr,0.0
3282,exp_acyclic_indvary3_step7_batch_yyy09.pl,v7,no,0.15,no,corr,0.0
3283,exp_acyclic_indvary3_step7_batch_yyy09.pl,p4,no,1.19,no,corr,6.0
3284,exp_acyclic_indvary3_step7_batch_yyy09.pl,p3,no,0.19,no,corr,3.0
3285,exp_acyclic_indvary3_step7_batch_yyy09.pl,d2,no,1.84,no,corr,8.0
3286,exp_acyclic_indvary3_step7_batch_yyy09.pl,r3,no,0.14,no,corr,0.0
3287,exp_acyclic_indvary3_step7_batch_yyy09.pl,w3,no,0.17,no,corr,1.0
3288,exp_acyclic_indvary3_step7_batch_yyy09.pl,q2,no,0.14,no,corr,0.0
3289,exp_acyclic_indvary3_step7_batch_yyy09.pl,t7,no,0.13,no,corr,0.0
3290,exp_acyclic_indvary3_step7_batch_yyy09.pl,b5,no,0.15,no,corr,0.0
3291,exp_acyclic_indvary3_step7_batch_yyy10.pl,c4,no,0.18,no,corr,0.0
3292,exp_acyclic_indvary3_step7_batch_yyy10.pl,x3,no,1.36,no,corr,6.0
3293,exp_acyclic_indvary3_step7_batch_yyy10.pl,s2,no,0.35,no,corr,6.0
3294,exp_acyclic_indvary3_step7_batch_yyy10.pl,f3,no,0.14,no,corr,0.0
3295,exp_acyclic_indvary3_step7_batch_yyy10.pl,t7,no,0.14,no,corr,0.0
3296,exp_acyclic_indvary3_step7_batch_yyy10.pl,q1,no,0.19,no,corr,2.0
3297,exp_acyclic_indvary3_step7_batch_yyy10.pl,y6,no,0.14,no,corr,0.0
3298,exp_acyclic_indvary3_step7_batch_yyy10.pl,a2,yes,0.15,yes,corr,0.0
3299,exp_acyclic_indvary3_step7_batch_yyy10.pl,s7,no,0.13,no,corr,0.0
3300,exp_acyclic_indvary3_step7_batch_yyy10.pl,b6,no,0.13,no,corr,0.0
3301,exp_acyclic_indvary3_step8_batch_yyy01.pl,v7,no,0.16,no,corr,0.0
3302,exp_acyclic_indvary3_step8_batch_yyy01.pl,u1,no,0.16,no,corr,1.0
3303,exp_acyclic_indvary3_step8_batch_yyy01.pl,t3,no,0.15,no,corr,0.0
3304,exp_acyclic_indvary3_step8_batch_yyy01.pl,s2,no,0.16,no,corr,0.0
3305,exp_acyclic_indvary3_step8_batch_yyy01.pl,r4,no,0.15,no,corr,0.0
3306,exp_acyclic_indvary3_step8_batch_yyy01.pl,r2,no,0.15,no,corr,0.0
3307,exp_acyclic_indvary3_step8_batch_yyy01.pl,p1,no,0.3,no,corr,4.0
3308,exp_acyclic_indvary3_step8_batch_yyy01.pl,f2,yes,0.16,yes,corr,1.0
3309,exp_acyclic_indvary3_step8_batch_yyy01.pl,v1,no,0.15,no,corr,0.0
3310,exp_acyclic_indvary3_step8_batch_yyy01.pl,p3,no,0.15,no,corr,0.0
3311,exp_acyclic_indvary3_step8_batch_yyy02.pl,a6,no,0.16,no,corr,0.0
3312,exp_acyclic_indvary3_step8_batch_yyy02.pl,q5,no,0.15,no,corr,0.0
3313,exp_acyclic_indvary3_step8_batch_yyy02.pl,z1,no,4.39,no,corr,7.0
3314,exp_acyclic_indvary3_step8_batch_yyy02.pl,w6,no,0.14,no,corr,0.0
3315,exp_acyclic_indvary3_step8_batch_yyy02.pl,p3,no,0.15,no,corr,0.0
3316,exp_acyclic_indvary3_step8_batch_yyy02.pl,y2,no,0.15,no,corr,0.0
3317,exp_acyclic_indvary3_step8_batch_yyy02.pl,y6,no,0.15,no,corr,0.0
3318,exp_acyclic_indvary3_step8_batch_yyy02.pl,q2,no,0.14,no,corr,0.0
3319,exp_acyclic_indvary3_step8_batch_yyy02.pl,t2,no,0.15,no,corr,0.0
3320,exp_acyclic_indvary3_step8_batch_yyy02.pl,z2,no,0.44,no,corr,5.0
3321,exp_acyclic_indvary3_step8_batch_yyy03.pl,d5,no,0.14,no,corr,0.0
3322,exp_acyclic_indvary3_step8_batch_yyy03.pl,z5,no,0.13,no,corr,0.0
3323,exp_acyclic_indvary3_step8_batch_yyy03.pl,p5,no,0.13,no,corr,0.0
3324,exp_acyclic_indvary3_step8_batch_yyy03.pl,q4,no,0.16,no,corr,1.0
3325,exp_acyclic_indvary3_step8_batch_yyy03.pl,p3,no,0.17,no,corr,1.0
3326,exp_acyclic_indvary3_step8_batch_yyy03.pl,f3,no,0.14,no,corr,0.0
3327,exp_acyclic_indvary3_step8_batch_yyy03.pl,r1,no,0.14,no,corr,0.0
3328,exp_acyclic_indvary3_step8_batch_yyy03.pl,p1,no,0.14,no,corr,0.0
3329,exp_acyclic_indvary3_step8_batch_yyy03.pl,z1,no,0.18,no,corr,2.0
3330,exp_acyclic_indvary3_step8_batch_yyy03.pl,c5,no,0.14,no,corr,0.0
3331,exp_acyclic_indvary3_step8_batch_yyy04.pl,t5,no,0.15,no,corr,0.0
3332,exp_acyclic_indvary3_step8_batch_yyy04.pl,z5,no,0.15,no,corr,0.0
3333,exp_acyclic_indvary3_step8_batch_yyy04.pl,e5,no,0.13,no,corr,0.0
3334,exp_acyclic_indvary3_step8_batch_yyy04.pl,c5,no,0.15,no,corr,0.0
3335,exp_acyclic_indvary3_step8_batch_yyy04.pl,w1,no,0.15,no,corr,0.0
3336,exp_acyclic_indvary3_step8_batch_yyy04.pl,c6,no,0.15,no,corr,0.0
3337,exp_acyclic_indvary3_step8_batch_yyy04.pl,r7,no,0.15,no,corr,0.0
3338,exp_acyclic_indvary3_step8_batch_yyy04.pl,p1,no,0.15,no,corr,0.0
3339,exp_acyclic_indvary3_step8_batch_yyy04.pl,a6,no,0.13,no,corr,0.0
3340,exp_acyclic_indvary3_step8_batch_yyy04.pl,s4,no,0.17,no,corr,0.0
3341,exp_acyclic_indvary3_step8_batch_yyy05.pl,w7,no,0.12,no,corr,0.0
3342,exp_acyclic_indvary3_step8_batch_yyy05.pl,d3,no,0.15,no,corr,0.0
3343,exp_acyclic_indvary3_step8_batch_yyy05.pl,v5,no,0.15,no,corr,0.0
3344,exp_acyclic_indvary3_step8_batch_yyy05.pl,c2,no,0.16,no,corr,1.0
3345,exp_acyclic_indvary3_step8_batch_yyy05.pl,r2,no,0.15,no,corr,0.0
3346,exp_acyclic_indvary3_step8_batch_yyy05.pl,r3,no,0.15,no,corr,0.0
3347,exp_acyclic_indvary3_step8_batch_yyy05.pl,e1,yes,0.16,yes,corr,1.0
3348,exp_acyclic_indvary3_step8_batch_yyy05.pl,q6,no,0.15,no,corr,0.0
3349,exp_acyclic_indvary3_step8_batch_yyy05.pl,a4,no,0.15,no,corr,0.0
3350,exp_acyclic_indvary3_step8_batch_yyy05.pl,x2,no,0.15,no,corr,0.0
3351,exp_acyclic_indvary3_step8_batch_yyy06.pl,a6,no,0.16,no,corr,0.0
3352,exp_acyclic_indvary3_step8_batch_yyy06.pl,v2,no,0.14,no,corr,0.0
3353,exp_acyclic_indvary3_step8_batch_yyy06.pl,p4,no,1.91,no,corr,6.0
3354,exp_acyclic_indvary3_step8_batch_yyy06.pl,y3,no,0.13,no,corr,0.0
3355,exp_acyclic_indvary3_step8_batch_yyy06.pl,q7,no,0.14,no,corr,0.0
3356,exp_acyclic_indvary3_step8_batch_yyy06.pl,p6,no,0.13,no,corr,0.0
3357,exp_acyclic_indvary3_step8_batch_yyy06.pl,t4,no,0.15,no,corr,0.0
3358,exp_acyclic_indvary3_step8_batch_yyy06.pl,t5,no,0.15,no,corr,0.0
3359,exp_acyclic_indvary3_step8_batch_yyy06.pl,s5,no,0.17,no,corr,0.0
3360,exp_acyclic_indvary3_step8_batch_yyy06.pl,b4,no,0.16,no,corr,0.0
3361,exp_acyclic_indvary3_step8_batch_yyy07.pl,p7,no,0.16,no,corr,0.0
3362,exp_acyclic_indvary3_step8_batch_yyy07.pl,v6,no,0.16,no,corr,0.0
3363,exp_acyclic_indvary3_step8_batch_yyy07.pl,f5,no,0.15,no,corr,0.0
3364,exp_acyclic_indvary3_step8_batch_yyy07.pl,y1,no,0.16,no,corr,0.0
3365,exp_acyclic_indvary3_step8_batch_yyy07.pl,w3,no,0.16,no,corr,0.0
3366,exp_acyclic_indvary3_step8_batch_yyy07.pl,p6,no,0.14,no,corr,0.0
3367,exp_acyclic_indvary3_step8_batch_yyy07.pl,b4,no,0.16,no,corr,0.0
3368,exp_acyclic_indvary3_step8_batch_yyy07.pl,t3,no,0.16,no,corr,0.0
3369,exp_acyclic_indvary3_step8_batch_yyy07.pl,e2,no,0.65,no,corr,4.0
3370,exp_acyclic_indvary3_step8_batch_yyy07.pl,r3,no,0.17,no,corr,1.0
3371,exp_acyclic_indvary3_step8_batch_yyy08.pl,y4,no,0.16,no,corr,0.0
3372,exp_acyclic_indvary3_step8_batch_yyy08.pl,u1,no,0.16,no,corr,0.0
3373,exp_acyclic_indvary3_step8_batch_yyy08.pl,x7,no,0.13,no,corr,0.0
3374,exp_acyclic_indvary3_step8_batch_yyy08.pl,a4,no,0.15,no,corr,0.0
3375,exp_acyclic_indvary3_step8_batch_yyy08.pl,a1,yes,0.2,yes,corr,3.0
3376,exp_acyclic_indvary3_step8_batch_yyy08.pl,r3,no,0.31,no,corr,5.0
3377,exp_acyclic_indvary3_step8_batch_yyy08.pl,z4,no,0.15,no,corr,0.0
3378,exp_acyclic_indvary3_step8_batch_yyy08.pl,y3,no,0.17,no,corr,0.0
3379,exp_acyclic_indvary3_step8_batch_yyy08.pl,u3,no,0.14,no,corr,0.0
3380,exp_acyclic_indvary3_step8_batch_yyy08.pl,v4,no,0.12,no,corr,0.0
3381,exp_acyclic_indvary3_step8_batch_yyy09.pl,u6,no,0.16,no,corr,0.0
3382,exp_acyclic_indvary3_step8_batch_yyy09.pl,a6,no,0.15,no,corr,0.0
3383,exp_acyclic_indvary3_step8_batch_yyy09.pl,w5,no,0.12,no,corr,0.0
3384,exp_acyclic_indvary3_step8_batch_yyy09.pl,c2,yes,0.13,yes,corr,0.0
3385,exp_acyclic_indvary3_step8_batch_yyy09.pl,z4,no,0.13,no,corr,0.0
3386,exp_acyclic_indvary3_step8_batch_yyy09.pl,t2,no,0.31,no,corr,2.0
3387,exp_acyclic_indvary3_step8_batch_yyy09.pl,p2,no,1.25,no,corr,7.0
3388,exp_acyclic_indvary3_step8_batch_yyy09.pl,u2,no,0.34,no,corr,5.0
3389,exp_acyclic_indvary3_step8_batch_yyy09.pl,z5,no,0.13,no,corr,0.0
3390,exp_acyclic_indvary3_step8_batch_yyy09.pl,q6,no,0.14,no,corr,0.0
3391,exp_acyclic_indvary3_step8_batch_yyy10.pl,b3,yes,0.18,yes,corr,1.0
3392,exp_acyclic_indvary3_step8_batch_yyy10.pl,p4,no,0.16,no,corr,1.0
3393,exp_acyclic_indvary3_step8_batch_yyy10.pl,u1,no,0.16,no,corr,2.0
3394,exp_acyclic_indvary3_step8_batch_yyy10.pl,b4,no,0.13,no,corr,0.0
3395,exp_acyclic_indvary3_step8_batch_yyy10.pl,t7,no,0.13,no,corr,0.0
3396,exp_acyclic_indvary3_step8_batch_yyy10.pl,z3,no,0.14,no,corr,0.0
3397,exp_acyclic_indvary3_step8_batch_yyy10.pl,s7,no,0.12,no,corr,0.0
3398,exp_acyclic_indvary3_step8_batch_yyy10.pl,d1,no,0.18,no,corr,1.0
3399,exp_acyclic_indvary3_step8_batch_yyy10.pl,w6,no,0.14,no,corr,0.0
3400,exp_acyclic_indvary3_step8_batch_yyy10.pl,f5,no,0.14,no,corr,0.0
3401,exp_cycles_depvary_step10_batch_yyy01.pl,u6,no,0.16,no,corr,0.0
3402,exp_cycles_depvary_step10_batch_yyy01.pl,b3,no,3.34,no,corr,14.0
3403,exp_cycles_depvary_step10_batch_yyy01.pl,v2,no,0.15,no,corr,0.0
3404,exp_cycles_depvary_step10_batch_yyy01.pl,s5,no,0.17,no,corr,0.0
3405,exp_cycles_depvary_step10_batch_yyy01.pl,r3,no,0.18,no,corr,0.0
3406,exp_cycles_depvary_step10_batch_yyy01.pl,f2,yes,1.57,yes,corr,7.0
3407,exp_cycles_depvary_step10_batch_yyy01.pl,z4,yes,0.27,yes,corr,3.0
3408,exp_cycles_depvary_step10_batch_yyy01.pl,y3,yes,2.63,yes,corr,11.0
3409,exp_cycles_depvary_step10_batch_yyy01.pl,c1,,600.0,no,TIMEOUT,
3410,exp_cycles_depvary_step10_batch_yyy01.pl,c6,no,3.71,no,corr,14.0
3411,exp_cycles_depvary_step10_batch_yyy02.pl,v2,no,0.17,no,corr,0.0
3412,exp_cycles_depvary_step10_batch_yyy02.pl,d3,yes,1.34,yes,corr,7.0
3413,exp_cycles_depvary_step10_batch_yyy02.pl,z4,yes,0.28,yes,corr,4.0
3414,exp_cycles_depvary_step10_batch_yyy02.pl,a3,,600.0,no,TIMEOUT,
3415,exp_cycles_depvary_step10_batch_yyy02.pl,q1,,600.0,no,TIMEOUT,
3416,exp_cycles_depvary_step10_batch_yyy02.pl,u6,no,0.24,no,corr,0.0
3417,exp_cycles_depvary_step10_batch_yyy02.pl,d5,yes,0.3,yes,corr,3.0
3418,exp_cycles_depvary_step10_batch_yyy02.pl,w2,yes,0.18,yes,corr,1.0
3419,exp_cycles_depvary_step10_batch_yyy02.pl,v6,no,0.16,no,corr,0.0
3420,exp_cycles_depvary_step10_batch_yyy02.pl,f1,yes,0.17,yes,corr,0.0
3421,exp_cycles_depvary_step10_batch_yyy03.pl,a6,no,0.28,no,corr,1.0
3422,exp_cycles_depvary_step10_batch_yyy03.pl,p4,no,0.78,no,corr,8.0
3423,exp_cycles_depvary_step10_batch_yyy03.pl,u1,no,0.16,no,corr,0.0
3424,exp_cycles_depvary_step10_batch_yyy03.pl,x2,yes,0.25,yes,corr,1.0
3425,exp_cycles_depvary_step10_batch_yyy03.pl,b5,yes,0.29,yes,corr,2.0
3426,exp_cycles_depvary_step10_batch_yyy03.pl,y2,yes,0.24,yes,corr,1.0
3427,exp_cycles_depvary_step10_batch_yyy03.pl,v4,no,0.2,no,corr,0.0
3428,exp_cycles_depvary_step10_batch_yyy03.pl,r4,no,0.21,no,corr,0.0
3429,exp_cycles_depvary_step10_batch_yyy03.pl,s7,no,0.17,no,corr,0.0
3430,exp_cycles_depvary_step10_batch_yyy03.pl,a1,yes,0.26,yes,corr,1.0
3431,exp_cycles_depvary_step10_batch_yyy04.pl,z1,no,280.48,no,corr,20.0
3432,exp_cycles_depvary_step10_batch_yyy04.pl,r5,yes,0.3,yes,corr,4.0
3433,exp_cycles_depvary_step10_batch_yyy04.pl,f3,,600.0,no,TIMEOUT,
3434,exp_cycles_depvary_step10_batch_yyy04.pl,u3,,600.0,no,TIMEOUT,
3435,exp_cycles_depvary_step10_batch_yyy04.pl,a3,yes,0.23,yes,corr,1.0
3436,exp_cycles_depvary_step10_batch_yyy04.pl,r7,no,0.17,no,corr,0.0
3437,exp_cycles_depvary_step10_batch_yyy04.pl,f2,no,0.19,no,corr,1.0
3438,exp_cycles_depvary_step10_batch_yyy04.pl,c1,,600.0,no,TIMEOUT,
3439,exp_cycles_depvary_step10_batch_yyy04.pl,t2,yes,0.2,yes,corr,1.0
3440,exp_cycles_depvary_step10_batch_yyy04.pl,c6,yes,0.18,yes,corr,0.0
3441,exp_cycles_depvary_step10_batch_yyy05.pl,t5,yes,0.3,yes,corr,1.0
3442,exp_cycles_depvary_step10_batch_yyy05.pl,b2,yes,0.3,yes,corr,0.0
3443,exp_cycles_depvary_step10_batch_yyy05.pl,w5,yes,0.35,yes,corr,1.0
3444,exp_cycles_depvary_step10_batch_yyy05.pl,s2,yes,0.24,yes,corr,1.0
3445,exp_cycles_depvary_step10_batch_yyy05.pl,f5,no,0.23,no,corr,1.0
3446,exp_cycles_depvary_step10_batch_yyy05.pl,y3,no,0.19,no,corr,0.0
3447,exp_cycles_depvary_step10_batch_yyy05.pl,t2,no,0.19,no,corr,0.0
3448,exp_cycles_depvary_step10_batch_yyy05.pl,r1,no,0.33,no,corr,4.0
3449,exp_cycles_depvary_step10_batch_yyy05.pl,r2,no,0.18,no,corr,0.0
3450,exp_cycles_depvary_step10_batch_yyy05.pl,u2,,600.0,no,TIMEOUT,
3451,exp_cycles_depvary_step10_batch_yyy06.pl,u5,,600.0,no,TIMEOUT,
3452,exp_cycles_depvary_step10_batch_yyy06.pl,z5,,600.0,no,TIMEOUT,
3453,exp_cycles_depvary_step10_batch_yyy06.pl,w2,,600.0,no,TIMEOUT,
3454,exp_cycles_depvary_step10_batch_yyy06.pl,d3,yes,0.29,yes,corr,1.0
3455,exp_cycles_depvary_step10_batch_yyy06.pl,u3,no,0.29,no,corr,0.0
3456,exp_cycles_depvary_step10_batch_yyy06.pl,y2,no,0.34,no,corr,1.0
3457,exp_cycles_depvary_step10_batch_yyy06.pl,s7,no,0.32,no,corr,0.0
3458,exp_cycles_depvary_step10_batch_yyy06.pl,r3,yes,0.34,yes,corr,1.0
3459,exp_cycles_depvary_step10_batch_yyy06.pl,c2,yes,0.37,yes,corr,1.0
3460,exp_cycles_depvary_step10_batch_yyy06.pl,b1,no,0.6,no,corr,4.0
3461,exp_cycles_depvary_step10_batch_yyy07.pl,a6,yes,0.33,yes,corr,0.0
3462,exp_cycles_depvary_step10_batch_yyy07.pl,e1,no,0.38,no,corr,1.0
3463,exp_cycles_depvary_step10_batch_yyy07.pl,u4,yes,0.36,yes,corr,1.0
3464,exp_cycles_depvary_step10_batch_yyy07.pl,c6,no,0.36,no,corr,1.0
3465,exp_cycles_depvary_step10_batch_yyy07.pl,r4,no,0.31,no,corr,0.0
3466,exp_cycles_depvary_step10_batch_yyy07.pl,p2,yes,0.38,yes,corr,1.0
3467,exp_cycles_depvary_step10_batch_yyy07.pl,s7,no,0.32,no,corr,0.0
3468,exp_cycles_depvary_step10_batch_yyy07.pl,p1,,600.0,no,TIMEOUT,
3469,exp_cycles_depvary_step10_batch_yyy07.pl,x4,no,0.04,no,corr,0.0
3470,exp_cycles_depvary_step10_batch_yyy07.pl,p6,no,0.05,no,corr,0.0
3471,exp_cycles_depvary_step10_batch_yyy08.pl,c4,,600.0,no,TIMEOUT,
3472,exp_cycles_depvary_step10_batch_yyy08.pl,v5,yes,0.13,yes,corr,1.0
3473,exp_cycles_depvary_step10_batch_yyy08.pl,b4,yes,0.08,yes,corr,0.0
3474,exp_cycles_depvary_step10_batch_yyy08.pl,x2,,600.0,no,TIMEOUT,
3475,exp_cycles_depvary_step10_batch_yyy08.pl,r5,,600.0,no,TIMEOUT,
3476,exp_cycles_depvary_step10_batch_yyy08.pl,v4,,600.0,no,TIMEOUT,
3477,exp_cycles_depvary_step10_batch_yyy08.pl,y1,,600.0,no,TIMEOUT,
3478,exp_cycles_depvary_step10_batch_yyy08.pl,q3,yes,0.22,yes,corr,1.0
3479,exp_cycles_depvary_step10_batch_yyy08.pl,r6,no,0.19,no,corr,0.0
3480,exp_cycles_depvary_step10_batch_yyy08.pl,e5,,600.0,no,TIMEOUT,
3481,exp_cycles_depvary_step10_batch_yyy09.pl,d5,yes,0.28,yes,corr,1.0
3482,exp_cycles_depvary_step10_batch_yyy09.pl,z5,yes,0.28,yes,corr,1.0
3483,exp_cycles_depvary_step10_batch_yyy09.pl,x7,no,0.21,no,corr,0.0
3484,exp_cycles_depvary_step10_batch_yyy09.pl,e4,yes,0.31,yes,corr,1.0
3485,exp_cycles_depvary_step10_batch_yyy09.pl,v1,yes,0.24,yes,corr,1.0
3486,exp_cycles_depvary_step10_batch_yyy09.pl,x5,yes,0.26,yes,corr,1.0
3487,exp_cycles_depvary_step10_batch_yyy09.pl,p2,yes,0.22,yes,corr,1.0
3488,exp_cycles_depvary_step10_batch_yyy09.pl,q1,no,0.17,no,corr,0.0
3489,exp_cycles_depvary_step10_batch_yyy09.pl,s4,yes,0.36,yes,corr,4.0
3490,exp_cycles_depvary_step10_batch_yyy09.pl,v7,no,0.17,no,corr,0.0
3491,exp_cycles_depvary_step10_batch_yyy10.pl,w7,no,0.3,no,corr,0.0
3492,exp_cycles_depvary_step10_batch_yyy10.pl,f1,,600.0,no,TIMEOUT,
3493,exp_cycles_depvary_step10_batch_yyy10.pl,v5,no,0.07,no,corr,0.0
3494,exp_cycles_depvary_step10_batch_yyy10.pl,w6,no,0.06,no,corr,0.0
3495,exp_cycles_depvary_step10_batch_yyy10.pl,r1,,600.0,yes,TIMEOUT,
3496,exp_cycles_depvary_step10_batch_yyy10.pl,s7,no,0.07,no,corr,0.0
3497,exp_cycles_depvary_step10_batch_yyy10.pl,d1,yes,0.08,yes,corr,0.0
3498,exp_cycles_depvary_step10_batch_yyy10.pl,f2,yes,0.08,yes,corr,0.0
3499,exp_cycles_depvary_step10_batch_yyy10.pl,q7,no,0.11,no,corr,0.0
3500,exp_cycles_depvary_step10_batch_yyy10.pl,y6,no,0.1,no,corr,0.0
3501,exp_cycles_depvary_step1_batch_yyy01.pl,b3,no,0.1,no,corr,0.0
3502,exp_cycles_depvary_step1_batch_yyy01.pl,e1,no,0.08,no,corr,1.0
3503,exp_cycles_depvary_step1_batch_yyy01.pl,a4,no,0.08,no,corr,0.0
3504,exp_cycles_depvary_step1_batch_yyy01.pl,y3,no,0.07,no,corr,0.0
3505,exp_cycles_depvary_step1_batch_yyy01.pl,w4,no,0.07,no,corr,0.0
3506,exp_cycles_depvary_step1_batch_yyy01.pl,a3,no,0.08,no,corr,0.0
3507,exp_cycles_depvary_step1_batch_yyy01.pl,a1,no,0.09,no,corr,1.0
3508,exp_cycles_depvary_step1_batch_yyy01.pl,y5,no,0.08,no,corr,0.0
3509,exp_cycles_depvary_step1_batch_yyy01.pl,x5,no,0.1,no,corr,0.0
3510,exp_cycles_depvary_step1_batch_yyy01.pl,c6,no,0.08,no,corr,0.0
3511,exp_cycles_depvary_step1_batch_yyy02.pl,d5,no,0.08,no,corr,0.0
3512,exp_cycles_depvary_step1_batch_yyy02.pl,s4,no,0.08,no,corr,0.0
3513,exp_cycles_depvary_step1_batch_yyy02.pl,e5,no,0.14,no,corr,0.0
3514,exp_cycles_depvary_step1_batch_yyy02.pl,u4,no,0.1,no,corr,0.0
3515,exp_cycles_depvary_step1_batch_yyy02.pl,t3,no,0.1,no,corr,0.0
3516,exp_cycles_depvary_step1_batch_yyy02.pl,r5,no,0.09,no,corr,0.0
3517,exp_cycles_depvary_step1_batch_yyy02.pl,f3,no,0.12,no,corr,0.0
3518,exp_cycles_depvary_step1_batch_yyy02.pl,y2,no,0.09,no,corr,0.0
3519,exp_cycles_depvary_step1_batch_yyy02.pl,z6,no,0.1,no,corr,0.0
3520,exp_cycles_depvary_step1_batch_yyy02.pl,b2,no,0.09,no,corr,0.0
3521,exp_cycles_depvary_step1_batch_yyy03.pl,c4,no,0.12,no,corr,0.0
3522,exp_cycles_depvary_step1_batch_yyy03.pl,t6,no,0.09,no,corr,0.0
3523,exp_cycles_depvary_step1_batch_yyy03.pl,z4,no,0.11,no,corr,0.0
3524,exp_cycles_depvary_step1_batch_yyy03.pl,w4,no,0.09,no,corr,0.0
3525,exp_cycles_depvary_step1_batch_yyy03.pl,u3,no,0.1,no,corr,0.0
3526,exp_cycles_depvary_step1_batch_yyy03.pl,r2,no,0.08,no,corr,0.0
3527,exp_cycles_depvary_step1_batch_yyy03.pl,v3,no,0.08,no,corr,0.0
3528,exp_cycles_depvary_step1_batch_yyy03.pl,u2,no,0.08,no,corr,0.0
3529,exp_cycles_depvary_step1_batch_yyy03.pl,p4,no,0.07,no,corr,0.0
3530,exp_cycles_depvary_step1_batch_yyy03.pl,x3,no,0.09,no,corr,0.0
3531,exp_cycles_depvary_step1_batch_yyy04.pl,w7,no,0.08,no,corr,0.0
3532,exp_cycles_depvary_step1_batch_yyy04.pl,v2,no,0.08,no,corr,0.0
3533,exp_cycles_depvary_step1_batch_yyy04.pl,u7,no,0.08,no,corr,0.0
3534,exp_cycles_depvary_step1_batch_yyy04.pl,a4,no,0.07,no,corr,0.0
3535,exp_cycles_depvary_step1_batch_yyy04.pl,z4,no,0.07,no,corr,0.0
3536,exp_cycles_depvary_step1_batch_yyy04.pl,p3,no,0.08,no,corr,0.0
3537,exp_cycles_depvary_step1_batch_yyy04.pl,v4,no,0.08,no,corr,0.0
3538,exp_cycles_depvary_step1_batch_yyy04.pl,x1,yes,0.11,yes,corr,4.0
3539,exp_cycles_depvary_step1_batch_yyy04.pl,r2,no,0.07,no,corr,0.0
3540,exp_cycles_depvary_step1_batch_yyy04.pl,d1,no,0.12,no,corr,2.0
3541,exp_cycles_depvary_step1_batch_yyy05.pl,u7,no,0.07,no,corr,0.0
3542,exp_cycles_depvary_step1_batch_yyy05.pl,q5,no,0.08,no,corr,0.0
3543,exp_cycles_depvary_step1_batch_yyy05.pl,b1,yes,0.07,yes,corr,0.0
3544,exp_cycles_depvary_step1_batch_yyy05.pl,f5,no,0.07,no,corr,0.0
3545,exp_cycles_depvary_step1_batch_yyy05.pl,a1,yes,0.13,yes,corr,5.0
3546,exp_cycles_depvary_step1_batch_yyy05.pl,d1,no,0.08,no,corr,1.0
3547,exp_cycles_depvary_step1_batch_yyy05.pl,z6,no,0.08,no,corr,0.0
3548,exp_cycles_depvary_step1_batch_yyy05.pl,b2,no,0.07,no,corr,0.0
3549,exp_cycles_depvary_step1_batch_yyy05.pl,y3,no,0.07,no,corr,0.0
3550,exp_cycles_depvary_step1_batch_yyy05.pl,r5,no,0.07,no,corr,0.0
3551,exp_cycles_depvary_step1_batch_yyy06.pl,u1,no,0.07,no,corr,0.0
3552,exp_cycles_depvary_step1_batch_yyy06.pl,c2,no,0.08,no,corr,0.0
3553,exp_cycles_depvary_step1_batch_yyy06.pl,v1,no,0.13,no,corr,5.0
3554,exp_cycles_depvary_step1_batch_yyy06.pl,r7,no,0.07,no,corr,0.0
3555,exp_cycles_depvary_step1_batch_yyy06.pl,p1,yes,0.09,yes,corr,1.0
3556,exp_cycles_depvary_step1_batch_yyy06.pl,y5,no,0.08,no,corr,0.0
3557,exp_cycles_depvary_step1_batch_yyy06.pl,s3,no,0.08,no,corr,0.0
3558,exp_cycles_depvary_step1_batch_yyy06.pl,c4,no,0.07,no,corr,0.0
3559,exp_cycles_depvary_step1_batch_yyy06.pl,a6,no,0.08,no,corr,0.0
3560,exp_cycles_depvary_step1_batch_yyy06.pl,v7,no,0.07,no,corr,0.0
3561,exp_cycles_depvary_step1_batch_yyy07.pl,w7,no,0.07,no,corr,0.0
3562,exp_cycles_depvary_step1_batch_yyy07.pl,d4,no,0.07,no,corr,0.0
3563,exp_cycles_depvary_step1_batch_yyy07.pl,w2,no,0.07,no,corr,0.0
3564,exp_cycles_depvary_step1_batch_yyy07.pl,w4,no,0.08,no,corr,0.0
3565,exp_cycles_depvary_step1_batch_yyy07.pl,t2,no,0.07,no,corr,0.0
3566,exp_cycles_depvary_step1_batch_yyy07.pl,d2,no,0.08,no,corr,0.0
3567,exp_cycles_depvary_step1_batch_yyy07.pl,y6,no,0.08,no,corr,0.0
3568,exp_cycles_depvary_step1_batch_yyy07.pl,x4,no,0.07,no,corr,0.0
3569,exp_cycles_depvary_step1_batch_yyy07.pl,s5,no,0.07,no,corr,0.0
3570,exp_cycles_depvary_step1_batch_yyy07.pl,t3,no,0.09,no,corr,0.0
3571,exp_cycles_depvary_step1_batch_yyy08.pl,c4,no,0.1,no,corr,0.0
3572,exp_cycles_depvary_step1_batch_yyy08.pl,u7,no,0.08,no,corr,0.0
3573,exp_cycles_depvary_step1_batch_yyy08.pl,t3,no,0.07,no,corr,0.0
3574,exp_cycles_depvary_step1_batch_yyy08.pl,t6,no,0.08,no,corr,0.0
3575,exp_cycles_depvary_step1_batch_yyy08.pl,w1,yes,0.08,yes,corr,1.0
3576,exp_cycles_depvary_step1_batch_yyy08.pl,y5,no,0.07,no,corr,0.0
3577,exp_cycles_depvary_step1_batch_yyy08.pl,y3,no,0.07,no,corr,0.0
3578,exp_cycles_depvary_step1_batch_yyy08.pl,e4,no,0.07,no,corr,0.0
3579,exp_cycles_depvary_step1_batch_yyy08.pl,r2,no,0.07,no,corr,0.0
3580,exp_cycles_depvary_step1_batch_yyy08.pl,a1,no,0.08,no,corr,1.0
3581,exp_cycles_depvary_step1_batch_yyy09.pl,y4,no,0.09,no,corr,0.0
3582,exp_cycles_depvary_step1_batch_yyy09.pl,p4,no,0.08,no,corr,0.0
3583,exp_cycles_depvary_step1_batch_yyy09.pl,v5,no,0.07,no,corr,0.0
3584,exp_cycles_depvary_step1_batch_yyy09.pl,t6,no,0.07,no,corr,0.0
3585,exp_cycles_depvary_step1_batch_yyy09.pl,q4,no,0.09,no,corr,0.0
3586,exp_cycles_depvary_step1_batch_yyy09.pl,v1,no,0.08,no,corr,0.0
3587,exp_cycles_depvary_step1_batch_yyy09.pl,f3,no,0.09,no,corr,0.0
3588,exp_cycles_depvary_step1_batch_yyy09.pl,q7,no,0.09,no,corr,0.0
3589,exp_cycles_depvary_step1_batch_yyy09.pl,r3,no,0.08,no,corr,0.0
3590,exp_cycles_depvary_step1_batch_yyy09.pl,u2,no,0.13,no,corr,0.0
3591,exp_cycles_depvary_step1_batch_yyy10.pl,u5,no,0.09,no,corr,0.0
3592,exp_cycles_depvary_step1_batch_yyy10.pl,r4,no,0.08,no,corr,0.0
3593,exp_cycles_depvary_step1_batch_yyy10.pl,a3,no,0.08,no,corr,0.0
3594,exp_cycles_depvary_step1_batch_yyy10.pl,d1,no,0.1,no,corr,1.0
3595,exp_cycles_depvary_step1_batch_yyy10.pl,y6,no,0.08,no,corr,0.0
3596,exp_cycles_depvary_step1_batch_yyy10.pl,a2,no,0.08,no,corr,0.0
3597,exp_cycles_depvary_step1_batch_yyy10.pl,a6,no,0.07,no,corr,0.0
3598,exp_cycles_depvary_step1_batch_yyy10.pl,v7,no,0.07,no,corr,0.0
3599,exp_cycles_depvary_step1_batch_yyy10.pl,z5,no,0.08,no,corr,0.0
3600,exp_cycles_depvary_step1_batch_yyy10.pl,e1,no,0.1,no,corr,1.0
3601,exp_cycles_depvary_step2_batch_yyy01.pl,d3,no,0.09,no,corr,0.0
3602,exp_cycles_depvary_step2_batch_yyy01.pl,t6,no,0.08,no,corr,0.0
3603,exp_cycles_depvary_step2_batch_yyy01.pl,a4,no,0.08,no,corr,0.0
3604,exp_cycles_depvary_step2_batch_yyy01.pl,b5,no,0.08,no,corr,0.0
3605,exp_cycles_depvary_step2_batch_yyy01.pl,c3,no,0.08,no,corr,0.0
3606,exp_cycles_depvary_step2_batch_yyy01.pl,t5,no,0.08,no,corr,0.0
3607,exp_cycles_depvary_step2_batch_yyy01.pl,v1,no,0.25,no,corr,9.0
3608,exp_cycles_depvary_step2_batch_yyy01.pl,p3,no,0.07,no,corr,0.0
3609,exp_cycles_depvary_step2_batch_yyy01.pl,d1,no,0.15,no,corr,4.0
3610,exp_cycles_depvary_step2_batch_yyy01.pl,u2,no,0.07,no,corr,0.0
3611,exp_cycles_depvary_step2_batch_yyy02.pl,u5,no,0.1,no,corr,0.0
3612,exp_cycles_depvary_step2_batch_yyy02.pl,y4,no,0.09,no,corr,0.0
3613,exp_cycles_depvary_step2_batch_yyy02.pl,p5,no,0.1,no,corr,0.0
3614,exp_cycles_depvary_step2_batch_yyy02.pl,b4,no,0.08,no,corr,0.0
3615,exp_cycles_depvary_step2_batch_yyy02.pl,x7,no,0.08,no,corr,0.0
3616,exp_cycles_depvary_step2_batch_yyy02.pl,w1,no,0.08,no,corr,0.0
3617,exp_cycles_depvary_step2_batch_yyy02.pl,r2,no,0.11,no,corr,2.0
3618,exp_cycles_depvary_step2_batch_yyy02.pl,e2,no,0.08,no,corr,0.0
3619,exp_cycles_depvary_step2_batch_yyy02.pl,y6,no,0.09,no,corr,0.0
3620,exp_cycles_depvary_step2_batch_yyy02.pl,w3,no,0.09,no,corr,0.0
3621,exp_cycles_depvary_step2_batch_yyy03.pl,t4,no,0.08,no,corr,0.0
3622,exp_cycles_depvary_step2_batch_yyy03.pl,w7,no,0.1,no,corr,0.0
3623,exp_cycles_depvary_step2_batch_yyy03.pl,d4,no,0.09,no,corr,0.0
3624,exp_cycles_depvary_step2_batch_yyy03.pl,v6,no,0.08,no,corr,0.0
3625,exp_cycles_depvary_step2_batch_yyy03.pl,s2,yes,0.09,yes,corr,1.0
3626,exp_cycles_depvary_step2_batch_yyy03.pl,t2,no,0.08,no,corr,0.0
3627,exp_cycles_depvary_step2_batch_yyy03.pl,s1,no,0.08,no,corr,0.0
3628,exp_cycles_depvary_step2_batch_yyy03.pl,a1,yes,0.1,yes,corr,1.0
3629,exp_cycles_depvary_step2_batch_yyy03.pl,p1,yes,0.1,yes,corr,1.0
3630,exp_cycles_depvary_step2_batch_yyy03.pl,p6,no,0.08,no,corr,0.0
3631,exp_cycles_depvary_step2_batch_yyy04.pl,v2,no,0.09,no,corr,0.0
3632,exp_cycles_depvary_step2_batch_yyy04.pl,t3,no,0.09,no,corr,0.0
3633,exp_cycles_depvary_step2_batch_yyy04.pl,a4,no,0.08,no,corr,0.0
3634,exp_cycles_depvary_step2_batch_yyy04.pl,c6,no,0.07,no,corr,0.0
3635,exp_cycles_depvary_step2_batch_yyy04.pl,d1,yes,0.07,yes,corr,0.0
3636,exp_cycles_depvary_step2_batch_yyy04.pl,z1,no,0.15,no,corr,5.0
3637,exp_cycles_depvary_step2_batch_yyy04.pl,a5,no,0.09,no,corr,0.0
3638,exp_cycles_depvary_step2_batch_yyy04.pl,q3,no,0.08,no,corr,0.0
3639,exp_cycles_depvary_step2_batch_yyy04.pl,y2,no,0.07,no,corr,0.0
3640,exp_cycles_depvary_step2_batch_yyy04.pl,x1,yes,0.09,yes,corr,1.0
3641,exp_cycles_depvary_step2_batch_yyy05.pl,z1,yes,0.08,yes,corr,1.0
3642,exp_cycles_depvary_step2_batch_yyy05.pl,q4,no,0.07,no,corr,0.0
3643,exp_cycles_depvary_step2_batch_yyy05.pl,v1,yes,0.09,yes,corr,1.0
3644,exp_cycles_depvary_step2_batch_yyy05.pl,r4,no,0.08,no,corr,0.0
3645,exp_cycles_depvary_step2_batch_yyy05.pl,p2,no,0.11,no,corr,0.0
3646,exp_cycles_depvary_step2_batch_yyy05.pl,a3,no,0.08,no,corr,0.0
3647,exp_cycles_depvary_step2_batch_yyy05.pl,v3,no,0.08,no,corr,0.0
3648,exp_cycles_depvary_step2_batch_yyy05.pl,q1,yes,0.08,yes,corr,1.0
3649,exp_cycles_depvary_step2_batch_yyy05.pl,p5,no,0.07,no,corr,0.0
3650,exp_cycles_depvary_step2_batch_yyy05.pl,d4,no,0.07,no,corr,0.0
3651,exp_cycles_depvary_step2_batch_yyy06.pl,t4,no,0.08,no,corr,0.0
3652,exp_cycles_depvary_step2_batch_yyy06.pl,z5,no,0.08,no,corr,0.0
3653,exp_cycles_depvary_step2_batch_yyy06.pl,w5,no,0.1,no,corr,0.0
3654,exp_cycles_depvary_step2_batch_yyy06.pl,x7,no,0.1,no,corr,0.0
3655,exp_cycles_depvary_step2_batch_yyy06.pl,f3,no,0.08,no,corr,0.0
3656,exp_cycles_depvary_step2_batch_yyy06.pl,d2,no,0.09,no,corr,0.0
3657,exp_cycles_depvary_step2_batch_yyy06.pl,f4,no,0.08,no,corr,0.0
3658,exp_cycles_depvary_step2_batch_yyy06.pl,p1,yes,0.08,yes,corr,1.0
3659,exp_cycles_depvary_step2_batch_yyy06.pl,u1,yes,0.09,yes,corr,1.0
3660,exp_cycles_depvary_step2_batch_yyy06.pl,r6,no,0.07,no,corr,0.0
3661,exp_cycles_depvary_step2_batch_yyy07.pl,t4,no,0.07,no,corr,0.0
3662,exp_cycles_depvary_step2_batch_yyy07.pl,v2,no,0.08,no,corr,0.0
3663,exp_cycles_depvary_step2_batch_yyy07.pl,x3,no,0.08,no,corr,0.0
3664,exp_cycles_depvary_step2_batch_yyy07.pl,y3,no,0.09,no,corr,0.0
3665,exp_cycles_depvary_step2_batch_yyy07.pl,z2,no,0.1,no,corr,0.0
3666,exp_cycles_depvary_step2_batch_yyy07.pl,r4,no,0.12,no,corr,0.0
3667,exp_cycles_depvary_step2_batch_yyy07.pl,s1,yes,0.2,yes,corr,6.0
3668,exp_cycles_depvary_step2_batch_yyy07.pl,r7,no,0.09,no,corr,0.0
3669,exp_cycles_depvary_step2_batch_yyy07.pl,f4,no,0.09,no,corr,0.0
3670,exp_cycles_depvary_step2_batch_yyy07.pl,a3,no,0.11,no,corr,0.0
3671,exp_cycles_depvary_step2_batch_yyy08.pl,u6,no,0.13,no,corr,0.0
3672,exp_cycles_depvary_step2_batch_yyy08.pl,p5,no,0.11,no,corr,0.0
3673,exp_cycles_depvary_step2_batch_yyy08.pl,d3,no,0.09,no,corr,0.0
3674,exp_cycles_depvary_step2_batch_yyy08.pl,v5,no,0.13,no,corr,0.0
3675,exp_cycles_depvary_step2_batch_yyy08.pl,s5,no,0.09,no,corr,0.0
3676,exp_cycles_depvary_step2_batch_yyy08.pl,w4,no,0.09,no,corr,0.0
3677,exp_cycles_depvary_step2_batch_yyy08.pl,t7,no,0.08,no,corr,0.0
3678,exp_cycles_depvary_step2_batch_yyy08.pl,f2,no,0.08,no,corr,0.0
3679,exp_cycles_depvary_step2_batch_yyy08.pl,z4,no,0.08,no,corr,0.0
3680,exp_cycles_depvary_step2_batch_yyy08.pl,e4,no,0.09,no,corr,0.0
3681,exp_cycles_depvary_step2_batch_yyy09.pl,c4,no,0.1,no,corr,0.0
3682,exp_cycles_depvary_step2_batch_yyy09.pl,z5,no,0.08,no,corr,0.0
3683,exp_cycles_depvary_step2_batch_yyy09.pl,p7,no,0.08,no,corr,0.0
3684,exp_cycles_depvary_step2_batch_yyy09.pl,v5,no,0.08,no,corr,0.0
3685,exp_cycles_depvary_step2_batch_yyy09.pl,b4,no,0.08,no,corr,0.0
3686,exp_cycles_depvary_step2_batch_yyy09.pl,z1,yes,0.09,yes,corr,1.0
3687,exp_cycles_depvary_step2_batch_yyy09.pl,u3,no,0.11,no,corr,0.0
3688,exp_cycles_depvary_step2_batch_yyy09.pl,y2,no,0.09,no,corr,0.0
3689,exp_cycles_depvary_step2_batch_yyy09.pl,v3,no,0.09,no,corr,0.0
3690,exp_cycles_depvary_step2_batch_yyy09.pl,u2,no,0.09,no,corr,0.0
3691,exp_cycles_depvary_step2_batch_yyy10.pl,t4,no,0.09,no,corr,0.0
3692,exp_cycles_depvary_step2_batch_yyy10.pl,e1,yes,0.09,yes,corr,0.0
3693,exp_cycles_depvary_step2_batch_yyy10.pl,t3,no,0.08,no,corr,0.0
3694,exp_cycles_depvary_step2_batch_yyy10.pl,z1,yes,0.11,yes,corr,1.0
3695,exp_cycles_depvary_step2_batch_yyy10.pl,x7,no,0.12,no,corr,0.0
3696,exp_cycles_depvary_step2_batch_yyy10.pl,x5,no,0.1,no,corr,0.0
3697,exp_cycles_depvary_step2_batch_yyy10.pl,s7,no,0.12,no,corr,0.0
3698,exp_cycles_depvary_step2_batch_yyy10.pl,p1,yes,0.12,yes,corr,1.0
3699,exp_cycles_depvary_step2_batch_yyy10.pl,y1,no,0.17,no,corr,6.0
3700,exp_cycles_depvary_step2_batch_yyy10.pl,s1,yes,0.11,yes,corr,2.0
3701,exp_cycles_depvary_step3_batch_yyy01.pl,z5,no,0.11,no,corr,0.0
3702,exp_cycles_depvary_step3_batch_yyy01.pl,u7,no,0.09,no,corr,0.0
3703,exp_cycles_depvary_step3_batch_yyy01.pl,e4,no,0.1,no,corr,0.0
3704,exp_cycles_depvary_step3_batch_yyy01.pl,b5,no,0.09,no,corr,0.0
3705,exp_cycles_depvary_step3_batch_yyy01.pl,d2,yes,0.14,yes,corr,1.0
3706,exp_cycles_depvary_step3_batch_yyy01.pl,v3,no,0.12,no,corr,0.0
3707,exp_cycles_depvary_step3_batch_yyy01.pl,y6,no,0.11,no,corr,0.0
3708,exp_cycles_depvary_step3_batch_yyy01.pl,w3,no,0.12,no,corr,0.0
3709,exp_cycles_depvary_step3_batch_yyy01.pl,u6,no,0.09,no,corr,0.0
3710,exp_cycles_depvary_step3_batch_yyy01.pl,d5,no,0.13,no,corr,0.0
3711,exp_cycles_depvary_step3_batch_yyy02.pl,z5,no,0.13,no,corr,0.0
3712,exp_cycles_depvary_step3_batch_yyy02.pl,b4,no,0.12,no,corr,0.0
3713,exp_cycles_depvary_step3_batch_yyy02.pl,c2,yes,0.23,yes,corr,6.0
3714,exp_cycles_depvary_step3_batch_yyy02.pl,w6,no,0.1,no,corr,0.0
3715,exp_cycles_depvary_step3_batch_yyy02.pl,v1,no,0.33,no,corr,9.0
3716,exp_cycles_depvary_step3_batch_yyy02.pl,s6,no,0.09,no,corr,0.0
3717,exp_cycles_depvary_step3_batch_yyy02.pl,r4,no,0.08,no,corr,0.0
3718,exp_cycles_depvary_step3_batch_yyy02.pl,q3,no,0.1,no,corr,0.0
3719,exp_cycles_depvary_step3_batch_yyy02.pl,u6,no,0.08,no,corr,0.0
3720,exp_cycles_depvary_step3_batch_yyy02.pl,d5,no,0.07,no,corr,0.0
3721,exp_cycles_depvary_step3_batch_yyy03.pl,z6,no,0.08,no,corr,0.0
3722,exp_cycles_depvary_step3_batch_yyy03.pl,x3,no,0.09,no,corr,0.0
3723,exp_cycles_depvary_step3_batch_yyy03.pl,e5,no,0.08,no,corr,0.0
3724,exp_cycles_depvary_step3_batch_yyy03.pl,t3,no,0.08,no,corr,0.0
3725,exp_cycles_depvary_step3_batch_yyy03.pl,c2,no,0.09,no,corr,1.0
3726,exp_cycles_depvary_step3_batch_yyy03.pl,z4,no,0.07,no,corr,0.0
3727,exp_cycles_depvary_step3_batch_yyy03.pl,w1,yes,0.08,yes,corr,1.0
3728,exp_cycles_depvary_step3_batch_yyy03.pl,t7,no,0.08,no,corr,0.0
3729,exp_cycles_depvary_step3_batch_yyy03.pl,y2,no,0.09,no,corr,0.0
3730,exp_cycles_depvary_step3_batch_yyy03.pl,d1,no,0.53,no,corr,14.0
3731,exp_cycles_depvary_step3_batch_yyy04.pl,v6,no,0.09,no,corr,0.0
3732,exp_cycles_depvary_step3_batch_yyy04.pl,u7,no,0.07,no,corr,0.0
3733,exp_cycles_depvary_step3_batch_yyy04.pl,x7,no,0.07,no,corr,0.0
3734,exp_cycles_depvary_step3_batch_yyy04.pl,y3,no,0.07,no,corr,0.0
3735,exp_cycles_depvary_step3_batch_yyy04.pl,s1,no,0.07,no,corr,0.0
3736,exp_cycles_depvary_step3_batch_yyy04.pl,y6,no,0.08,no,corr,0.0
3737,exp_cycles_depvary_step3_batch_yyy04.pl,z1,no,0.11,no,corr,4.0
3738,exp_cycles_depvary_step3_batch_yyy04.pl,t6,no,0.07,no,corr,0.0
3739,exp_cycles_depvary_step3_batch_yyy04.pl,u2,no,0.07,no,corr,0.0
3740,exp_cycles_depvary_step3_batch_yyy04.pl,q1,yes,0.12,yes,corr,4.0
3741,exp_cycles_depvary_step3_batch_yyy05.pl,p5,no,0.08,no,corr,0.0
3742,exp_cycles_depvary_step3_batch_yyy05.pl,u1,yes,0.08,yes,corr,1.0
3743,exp_cycles_depvary_step3_batch_yyy05.pl,c2,no,0.09,no,corr,1.0
3744,exp_cycles_depvary_step3_batch_yyy05.pl,x7,no,0.07,no,corr,0.0
3745,exp_cycles_depvary_step3_batch_yyy05.pl,x2,yes,0.1,yes,corr,1.0
3746,exp_cycles_depvary_step3_batch_yyy05.pl,p3,no,0.08,no,corr,0.0
3747,exp_cycles_depvary_step3_batch_yyy05.pl,z2,no,0.08,no,corr,0.0
3748,exp_cycles_depvary_step3_batch_yyy05.pl,w3,no,0.12,no,corr,0.0
3749,exp_cycles_depvary_step3_batch_yyy05.pl,y3,no,0.1,no,corr,0.0
3750,exp_cycles_depvary_step3_batch_yyy05.pl,e4,no,0.1,no,corr,0.0
3751,exp_cycles_depvary_step3_batch_yyy06.pl,s3,no,0.11,no,corr,0.0
3752,exp_cycles_depvary_step3_batch_yyy06.pl,z5,no,0.11,no,corr,0.0
3753,exp_cycles_depvary_step3_batch_yyy06.pl,p5,no,0.12,no,corr,0.0
3754,exp_cycles_depvary_step3_batch_yyy06.pl,r6,no,0.09,no,corr,0.0
3755,exp_cycles_depvary_step3_batch_yyy06.pl,w5,no,0.11,no,corr,0.0
3756,exp_cycles_depvary_step3_batch_yyy06.pl,t3,no,0.1,no,corr,0.0
3757,exp_cycles_depvary_step3_batch_yyy06.pl,t6,no,0.13,no,corr,0.0
3758,exp_cycles_depvary_step3_batch_yyy06.pl,r7,no,0.12,no,corr,0.0
3759,exp_cycles_depvary_step3_batch_yyy06.pl,d1,no,0.14,no,corr,3.0
3760,exp_cycles_depvary_step3_batch_yyy06.pl,u2,no,0.22,no,corr,5.0
3761,exp_cycles_depvary_step3_batch_yyy07.pl,t5,no,0.13,no,corr,0.0
3762,exp_cycles_depvary_step3_batch_yyy07.pl,y4,no,0.11,no,corr,0.0
3763,exp_cycles_depvary_step3_batch_yyy07.pl,u4,no,0.11,no,corr,0.0
3764,exp_cycles_depvary_step3_batch_yyy07.pl,a4,no,0.13,no,corr,0.0
3765,exp_cycles_depvary_step3_batch_yyy07.pl,d2,yes,0.14,yes,corr,0.0
3766,exp_cycles_depvary_step3_batch_yyy07.pl,q3,no,0.12,no,corr,0.0
3767,exp_cycles_depvary_step3_batch_yyy07.pl,t1,yes,0.18,yes,corr,2.0
3768,exp_cycles_depvary_step3_batch_yyy07.pl,y5,no,0.14,no,corr,0.0
3769,exp_cycles_depvary_step3_batch_yyy07.pl,c5,no,0.21,no,corr,0.0
3770,exp_cycles_depvary_step3_batch_yyy07.pl,t6,no,0.13,no,corr,0.0
3771,exp_cycles_depvary_step3_batch_yyy08.pl,e1,no,0.14,no,corr,1.0
3772,exp_cycles_depvary_step3_batch_yyy08.pl,t3,no,0.13,no,corr,0.0
3773,exp_cycles_depvary_step3_batch_yyy08.pl,p3,no,0.12,no,corr,0.0
3774,exp_cycles_depvary_step3_batch_yyy08.pl,t7,no,0.1,no,corr,0.0
3775,exp_cycles_depvary_step3_batch_yyy08.pl,e3,no,0.11,no,corr,0.0
3776,exp_cycles_depvary_step3_batch_yyy08.pl,x1,yes,0.13,yes,corr,1.0
3777,exp_cycles_depvary_step3_batch_yyy08.pl,v3,no,0.11,no,corr,0.0
3778,exp_cycles_depvary_step3_batch_yyy08.pl,p6,no,0.1,no,corr,0.0
3779,exp_cycles_depvary_step3_batch_yyy08.pl,y1,yes,0.1,yes,corr,1.0
3780,exp_cycles_depvary_step3_batch_yyy08.pl,s1,yes,0.13,yes,corr,4.0
3781,exp_cycles_depvary_step3_batch_yyy09.pl,d5,no,0.1,no,corr,0.0
3782,exp_cycles_depvary_step3_batch_yyy09.pl,a6,no,0.11,no,corr,0.0
3783,exp_cycles_depvary_step3_batch_yyy09.pl,d4,no,0.09,no,corr,0.0
3784,exp_cycles_depvary_step3_batch_yyy09.pl,u1,yes,0.11,yes,corr,1.0
3785,exp_cycles_depvary_step3_batch_yyy09.pl,t3,no,0.08,no,corr,0.0
3786,exp_cycles_depvary_step3_batch_yyy09.pl,c2,no,0.14,no,corr,5.0
3787,exp_cycles_depvary_step3_batch_yyy09.pl,t2,no,0.33,no,corr,10.0
3788,exp_cycles_depvary_step3_batch_yyy09.pl,a3,no,0.08,no,corr,0.0
3789,exp_cycles_depvary_step3_batch_yyy09.pl,r2,yes,0.1,yes,corr,1.0
3790,exp_cycles_depvary_step3_batch_yyy09.pl,a1,yes,0.09,yes,corr,0.0
3791,exp_cycles_depvary_step3_batch_yyy10.pl,d5,no,0.08,no,corr,0.0
3792,exp_cycles_depvary_step3_batch_yyy10.pl,b2,no,0.09,no,corr,1.0
3793,exp_cycles_depvary_step3_batch_yyy10.pl,w7,no,0.08,no,corr,0.0
3794,exp_cycles_depvary_step3_batch_yyy10.pl,w2,yes,0.09,yes,corr,1.0
3795,exp_cycles_depvary_step3_batch_yyy10.pl,b4,no,0.09,no,corr,0.0
3796,exp_cycles_depvary_step3_batch_yyy10.pl,s2,no,0.26,no,corr,9.0
3797,exp_cycles_depvary_step3_batch_yyy10.pl,t1,no,0.07,no,corr,0.0
3798,exp_cycles_depvary_step3_batch_yyy10.pl,p1,yes,0.1,yes,corr,3.0
3799,exp_cycles_depvary_step3_batch_yyy10.pl,w3,no,0.07,no,corr,0.0
3800,exp_cycles_depvary_step3_batch_yyy10.pl,q2,no,0.07,no,corr,0.0
3801,exp_cycles_depvary_step4_batch_yyy01.pl,s4,no,0.08,no,corr,0.0
3802,exp_cycles_depvary_step4_batch_yyy01.pl,u1,yes,0.11,yes,corr,4.0
3803,exp_cycles_depvary_step4_batch_yyy01.pl,u4,no,0.07,no,corr,0.0
3804,exp_cycles_depvary_step4_batch_yyy01.pl,q4,no,0.07,no,corr,0.0
3805,exp_cycles_depvary_step4_batch_yyy01.pl,v1,no,0.09,no,corr,0.0
3806,exp_cycles_depvary_step4_batch_yyy01.pl,z2,no,1.2,no,corr,14.0
3807,exp_cycles_depvary_step4_batch_yyy01.pl,y1,no,0.08,no,corr,0.0
3808,exp_cycles_depvary_step4_batch_yyy01.pl,y5,no,0.08,no,corr,0.0
3809,exp_cycles_depvary_step4_batch_yyy01.pl,f2,no,0.36,no,corr,9.0
3810,exp_cycles_depvary_step4_batch_yyy01.pl,q2,no,0.73,no,corr,13.0
3811,exp_cycles_depvary_step4_batch_yyy02.pl,r6,no,0.1,no,corr,0.0
3812,exp_cycles_depvary_step4_batch_yyy02.pl,c5,no,0.08,no,corr,0.0
3813,exp_cycles_depvary_step4_batch_yyy02.pl,q4,no,0.09,no,corr,0.0
3814,exp_cycles_depvary_step4_batch_yyy02.pl,v1,yes,0.29,yes,corr,6.0
3815,exp_cycles_depvary_step4_batch_yyy02.pl,w4,no,0.1,no,corr,0.0
3816,exp_cycles_depvary_step4_batch_yyy02.pl,u2,no,0.11,no,corr,0.0
3817,exp_cycles_depvary_step4_batch_yyy02.pl,a6,no,0.11,no,corr,0.0
3818,exp_cycles_depvary_step4_batch_yyy02.pl,y4,no,0.12,no,corr,0.0
3819,exp_cycles_depvary_step4_batch_yyy02.pl,z4,no,0.12,no,corr,0.0
3820,exp_cycles_depvary_step4_batch_yyy02.pl,r5,no,0.1,no,corr,0.0
3821,exp_cycles_depvary_step4_batch_yyy03.pl,u1,yes,0.14,yes,corr,1.0
3822,exp_cycles_depvary_step4_batch_yyy03.pl,t3,no,0.11,no,corr,0.0
3823,exp_cycles_depvary_step4_batch_yyy03.pl,x5,no,0.14,no,corr,0.0
3824,exp_cycles_depvary_step4_batch_yyy03.pl,s1,no,0.85,no,corr,11.0
3825,exp_cycles_depvary_step4_batch_yyy03.pl,b6,no,0.09,no,corr,0.0
3826,exp_cycles_depvary_step4_batch_yyy03.pl,q1,no,0.16,no,corr,4.0
3827,exp_cycles_depvary_step4_batch_yyy03.pl,t5,no,0.12,no,corr,0.0
3828,exp_cycles_depvary_step4_batch_yyy03.pl,s3,no,0.1,no,corr,0.0
3829,exp_cycles_depvary_step4_batch_yyy03.pl,s4,no,0.11,no,corr,0.0
3830,exp_cycles_depvary_step4_batch_yyy03.pl,v7,no,0.09,no,corr,0.0
3831,exp_cycles_depvary_step4_batch_yyy04.pl,b3,yes,0.14,yes,corr,1.0
3832,exp_cycles_depvary_step4_batch_yyy04.pl,z5,no,0.1,no,corr,0.0
3833,exp_cycles_depvary_step4_batch_yyy04.pl,w6,no,0.14,no,corr,0.0
3834,exp_cycles_depvary_step4_batch_yyy04.pl,v1,yes,0.14,yes,corr,1.0
3835,exp_cycles_depvary_step4_batch_yyy04.pl,u3,no,0.14,no,corr,0.0
3836,exp_cycles_depvary_step4_batch_yyy04.pl,z3,no,0.11,no,corr,0.0
3837,exp_cycles_depvary_step4_batch_yyy04.pl,e2,yes,0.14,yes,corr,2.0
3838,exp_cycles_depvary_step4_batch_yyy04.pl,d1,no,0.12,no,corr,1.0
3839,exp_cycles_depvary_step4_batch_yyy04.pl,u2,yes,0.11,yes,corr,1.0
3840,exp_cycles_depvary_step4_batch_yyy04.pl,t1,no,0.09,no,corr,0.0
3841,exp_cycles_depvary_step4_batch_yyy05.pl,z6,no,0.12,no,corr,0.0
3842,exp_cycles_depvary_step4_batch_yyy05.pl,w5,no,0.12,no,corr,0.0
3843,exp_cycles_depvary_step4_batch_yyy05.pl,y3,no,0.12,no,corr,0.0
3844,exp_cycles_depvary_step4_batch_yyy05.pl,s4,no,0.09,no,corr,0.0
3845,exp_cycles_depvary_step4_batch_yyy05.pl,y4,no,0.11,no,corr,0.0
3846,exp_cycles_depvary_step4_batch_yyy05.pl,p4,no,0.09,no,corr,0.0
3847,exp_cycles_depvary_step4_batch_yyy05.pl,p5,no,0.1,no,corr,0.0
3848,exp_cycles_depvary_step4_batch_yyy05.pl,d4,no,0.12,no,corr,0.0
3849,exp_cycles_depvary_step4_batch_yyy05.pl,x5,no,0.11,no,corr,0.0
3850,exp_cycles_depvary_step4_batch_yyy05.pl,t7,no,0.11,no,corr,0.0
3851,exp_cycles_depvary_step4_batch_yyy06.pl,q6,no,0.1,no,corr,0.0
3852,exp_cycles_depvary_step4_batch_yyy06.pl,u1,yes,0.12,yes,corr,1.0
3853,exp_cycles_depvary_step4_batch_yyy06.pl,u7,no,0.13,no,corr,0.0
3854,exp_cycles_depvary_step4_batch_yyy06.pl,t3,no,0.14,no,corr,0.0
3855,exp_cycles_depvary_step4_batch_yyy06.pl,f5,no,0.12,no,corr,0.0
3856,exp_cycles_depvary_step4_batch_yyy06.pl,x6,no,0.11,no,corr,0.0
3857,exp_cycles_depvary_step4_batch_yyy06.pl,r7,no,0.1,no,corr,0.0
3858,exp_cycles_depvary_step4_batch_yyy06.pl,q2,yes,0.12,yes,corr,2.0
3859,exp_cycles_depvary_step4_batch_yyy06.pl,z1,yes,0.13,yes,corr,2.0
3860,exp_cycles_depvary_step4_batch_yyy06.pl,c2,no,0.24,no,corr,6.0
3861,exp_cycles_depvary_step4_batch_yyy07.pl,x3,no,0.08,no,corr,0.0
3862,exp_cycles_depvary_step4_batch_yyy07.pl,t3,no,0.12,no,corr,0.0
3863,exp_cycles_depvary_step4_batch_yyy07.pl,c2,yes,0.25,yes,corr,8.0
3864,exp_cycles_depvary_step4_batch_yyy07.pl,x2,yes,0.11,yes,corr,1.0
3865,exp_cycles_depvary_step4_batch_yyy07.pl,p3,no,0.1,no,corr,0.0
3866,exp_cycles_depvary_step4_batch_yyy07.pl,t2,yes,0.12,yes,corr,1.0
3867,exp_cycles_depvary_step4_batch_yyy07.pl,z3,no,0.1,no,corr,0.0
3868,exp_cycles_depvary_step4_batch_yyy07.pl,q1,yes,1.15,yes,corr,7.0
3869,exp_cycles_depvary_step4_batch_yyy07.pl,x4,no,0.1,no,corr,0.0
3870,exp_cycles_depvary_step4_batch_yyy07.pl,w3,no,0.1,no,corr,0.0
3871,exp_cycles_depvary_step4_batch_yyy08.pl,x2,yes,0.14,yes,corr,1.0
3872,exp_cycles_depvary_step4_batch_yyy08.pl,e4,no,0.12,no,corr,0.0
3873,exp_cycles_depvary_step4_batch_yyy08.pl,b5,no,0.11,no,corr,0.0
3874,exp_cycles_depvary_step4_batch_yyy08.pl,f4,no,0.13,no,corr,0.0
3875,exp_cycles_depvary_step4_batch_yyy08.pl,u2,yes,0.13,yes,corr,1.0
3876,exp_cycles_depvary_step4_batch_yyy08.pl,a2,no,0.14,no,corr,2.0
3877,exp_cycles_depvary_step4_batch_yyy08.pl,s4,no,0.14,no,corr,0.0
3878,exp_cycles_depvary_step4_batch_yyy08.pl,v7,no,0.1,no,corr,0.0
3879,exp_cycles_depvary_step4_batch_yyy08.pl,c2,no,0.14,no,corr,4.0
3880,exp_cycles_depvary_step4_batch_yyy08.pl,t6,no,0.08,no,corr,0.0
3881,exp_cycles_depvary_step4_batch_yyy09.pl,t5,no,0.08,no,corr,0.0
3882,exp_cycles_depvary_step4_batch_yyy09.pl,e4,no,0.08,no,corr,0.0
3883,exp_cycles_depvary_step4_batch_yyy09.pl,x5,no,0.08,no,corr,0.0
3884,exp_cycles_depvary_step4_batch_yyy09.pl,y5,no,0.11,no,corr,0.0
3885,exp_cycles_depvary_step4_batch_yyy09.pl,w3,no,0.08,no,corr,0.0
3886,exp_cycles_depvary_step4_batch_yyy09.pl,p4,no,0.08,no,corr,0.0
3887,exp_cycles_depvary_step4_batch_yyy09.pl,p7,no,0.1,no,corr,0.0
3888,exp_cycles_depvary_step4_batch_yyy09.pl,p5,no,0.08,no,corr,0.0
3889,exp_cycles_depvary_step4_batch_yyy09.pl,w6,no,0.07,no,corr,0.0
3890,exp_cycles_depvary_step4_batch_yyy09.pl,f5,no,0.08,no,corr,0.0
3891,exp_cycles_depvary_step4_batch_yyy10.pl,c3,no,10.25,no,corr,14.0
3892,exp_cycles_depvary_step4_batch_yyy10.pl,u7,no,0.07,no,corr,0.0
3893,exp_cycles_depvary_step4_batch_yyy10.pl,z4,no,0.07,no,corr,0.0
3894,exp_cycles_depvary_step4_batch_yyy10.pl,p3,yes,0.08,yes,corr,1.0
3895,exp_cycles_depvary_step4_batch_yyy10.pl,x5,no,0.07,no,corr,0.0
3896,exp_cycles_depvary_step4_batch_yyy10.pl,u3,no,0.07,no,corr,0.0
3897,exp_cycles_depvary_step4_batch_yyy10.pl,f4,no,0.07,no,corr,0.0
3898,exp_cycles_depvary_step4_batch_yyy10.pl,a2,no,1.1,no,corr,14.0
3899,exp_cycles_depvary_step4_batch_yyy10.pl,p7,no,0.07,no,corr,0.0
3900,exp_cycles_depvary_step4_batch_yyy10.pl,x3,no,0.07,no,corr,0.0
3901,exp_cycles_depvary_step5_batch_yyy01.pl,u5,no,0.07,no,corr,0.0
3902,exp_cycles_depvary_step5_batch_yyy01.pl,c4,no,0.09,no,corr,0.0
3903,exp_cycles_depvary_step5_batch_yyy01.pl,d4,no,0.09,no,corr,0.0
3904,exp_cycles_depvary_step5_batch_yyy01.pl,u4,no,0.08,no,corr,0.0
3905,exp_cycles_depvary_step5_batch_yyy01.pl,s2,no,1.68,no,corr,15.0
3906,exp_cycles_depvary_step5_batch_yyy01.pl,w4,no,0.07,no,corr,0.0
3907,exp_cycles_depvary_step5_batch_yyy01.pl,s7,no,0.07,no,corr,0.0
3908,exp_cycles_depvary_step5_batch_yyy01.pl,e2,yes,0.12,yes,corr,5.0
3909,exp_cycles_depvary_step5_batch_yyy01.pl,e1,no,0.08,no,corr,1.0
3910,exp_cycles_depvary_step5_batch_yyy01.pl,q6,no,0.08,no,corr,0.0
3911,exp_cycles_depvary_step5_batch_yyy02.pl,c4,no,0.09,no,corr,0.0
3912,exp_cycles_depvary_step5_batch_yyy02.pl,p7,no,0.09,no,corr,0.0
3913,exp_cycles_depvary_step5_batch_yyy02.pl,w2,no,0.11,no,corr,3.0
3914,exp_cycles_depvary_step5_batch_yyy02.pl,b4,no,0.09,no,corr,0.0
3915,exp_cycles_depvary_step5_batch_yyy02.pl,e4,no,0.09,no,corr,0.0
3916,exp_cycles_depvary_step5_batch_yyy02.pl,z2,yes,0.09,yes,corr,1.0
3917,exp_cycles_depvary_step5_batch_yyy02.pl,v3,,600.0,no,TIMEOUT,
3918,exp_cycles_depvary_step5_batch_yyy02.pl,q7,no,0.07,no,corr,0.0
3919,exp_cycles_depvary_step5_batch_yyy02.pl,u3,yes,0.11,yes,corr,1.0
3920,exp_cycles_depvary_step5_batch_yyy02.pl,r4,no,0.08,no,corr,0.0
3921,exp_cycles_depvary_step5_batch_yyy03.pl,a6,no,0.09,no,corr,0.0
3922,exp_cycles_depvary_step5_batch_yyy03.pl,f1,no,0.12,no,corr,1.0
3923,exp_cycles_depvary_step5_batch_yyy03.pl,v5,no,0.12,no,corr,0.0
3924,exp_cycles_depvary_step5_batch_yyy03.pl,s2,no,0.12,no,corr,0.0
3925,exp_cycles_depvary_step5_batch_yyy03.pl,f5,no,0.12,no,corr,0.0
3926,exp_cycles_depvary_step5_batch_yyy03.pl,r7,no,0.12,no,corr,0.0
3927,exp_cycles_depvary_step5_batch_yyy03.pl,q1,no,0.62,no,corr,13.0
3928,exp_cycles_depvary_step5_batch_yyy03.pl,q7,no,0.09,no,corr,0.0
3929,exp_cycles_depvary_step5_batch_yyy03.pl,z5,no,0.13,no,corr,0.0
3930,exp_cycles_depvary_step5_batch_yyy03.pl,v2,yes,0.12,yes,corr,1.0
3931,exp_cycles_depvary_step5_batch_yyy04.pl,s3,,600.0,no,TIMEOUT,
3932,exp_cycles_depvary_step5_batch_yyy04.pl,a6,no,0.04,no,corr,0.0
3933,exp_cycles_depvary_step5_batch_yyy04.pl,v5,no,0.04,no,corr,0.0
3934,exp_cycles_depvary_step5_batch_yyy04.pl,w6,no,0.05,no,corr,0.0
3935,exp_cycles_depvary_step5_batch_yyy04.pl,y3,no,0.04,no,corr,0.0
3936,exp_cycles_depvary_step5_batch_yyy04.pl,z2,yes,0.05,yes,corr,1.0
3937,exp_cycles_depvary_step5_batch_yyy04.pl,f2,no,0.17,no,corr,14.0
3938,exp_cycles_depvary_step5_batch_yyy04.pl,v6,no,0.04,no,corr,0.0
3939,exp_cycles_depvary_step5_batch_yyy04.pl,r6,no,0.04,no,corr,0.0
3940,exp_cycles_depvary_step5_batch_yyy04.pl,e5,no,0.04,no,corr,0.0
3941,exp_cycles_depvary_step5_batch_yyy05.pl,v2,no,0.62,no,corr,12.0
3942,exp_cycles_depvary_step5_batch_yyy05.pl,r5,no,0.04,no,corr,0.0
3943,exp_cycles_depvary_step5_batch_yyy05.pl,y6,no,0.05,no,corr,0.0
3944,exp_cycles_depvary_step5_batch_yyy05.pl,c2,yes,0.04,yes,corr,1.0
3945,exp_cycles_depvary_step5_batch_yyy05.pl,a5,no,0.04,no,corr,0.0
3946,exp_cycles_depvary_step5_batch_yyy05.pl,b1,no,53.13,no,corr,13.0
3947,exp_cycles_depvary_step5_batch_yyy05.pl,t2,yes,0.07,yes,corr,1.0
3948,exp_cycles_depvary_step5_batch_yyy05.pl,z2,yes,0.07,yes,corr,1.0
3949,exp_cycles_depvary_step5_batch_yyy05.pl,q3,no,0.1,no,corr,5.0
3950,exp_cycles_depvary_step5_batch_yyy05.pl,y2,no,0.48,no,corr,12.0
3951,exp_cycles_depvary_step5_batch_yyy06.pl,u5,no,0.06,no,corr,0.0
3952,exp_cycles_depvary_step5_batch_yyy06.pl,t5,no,0.06,no,corr,0.0
3953,exp_cycles_depvary_step5_batch_yyy06.pl,y4,no,0.06,no,corr,0.0
3954,exp_cycles_depvary_step5_batch_yyy06.pl,v6,no,0.07,no,corr,0.0
3955,exp_cycles_depvary_step5_batch_yyy06.pl,s5,no,0.08,no,corr,0.0
3956,exp_cycles_depvary_step5_batch_yyy06.pl,c2,no,0.08,no,corr,1.0
3957,exp_cycles_depvary_step5_batch_yyy06.pl,p3,yes,0.11,yes,corr,3.0
3958,exp_cycles_depvary_step5_batch_yyy06.pl,c6,no,0.08,no,corr,0.0
3959,exp_cycles_depvary_step5_batch_yyy06.pl,d2,yes,0.13,yes,corr,3.0
3960,exp_cycles_depvary_step5_batch_yyy06.pl,a3,no,0.5,no,corr,12.0
3961,exp_cycles_depvary_step5_batch_yyy07.pl,u6,no,0.06,no,corr,0.0
3962,exp_cycles_depvary_step5_batch_yyy07.pl,q6,no,0.06,no,corr,0.0
3963,exp_cycles_depvary_step5_batch_yyy07.pl,d3,yes,0.07,yes,corr,1.0
3964,exp_cycles_depvary_step5_batch_yyy07.pl,z4,no,0.06,no,corr,0.0
3965,exp_cycles_depvary_step5_batch_yyy07.pl,f3,yes,0.08,yes,corr,2.0
3966,exp_cycles_depvary_step5_batch_yyy07.pl,p2,no,0.06,no,corr,0.0
3967,exp_cycles_depvary_step5_batch_yyy07.pl,f4,no,0.06,no,corr,0.0
3968,exp_cycles_depvary_step5_batch_yyy07.pl,e2,no,0.47,no,corr,10.0
3969,exp_cycles_depvary_step5_batch_yyy07.pl,p6,no,0.05,no,corr,0.0
3970,exp_cycles_depvary_step5_batch_yyy07.pl,f2,no,0.07,no,corr,1.0
3971,exp_cycles_depvary_step5_batch_yyy08.pl,v2,yes,0.08,yes,corr,3.0
3972,exp_cycles_depvary_step5_batch_yyy08.pl,d4,no,0.07,no,corr,0.0
3973,exp_cycles_depvary_step5_batch_yyy08.pl,u1,yes,0.07,yes,corr,1.0
3974,exp_cycles_depvary_step5_batch_yyy08.pl,d3,yes,0.23,yes,corr,9.0
3975,exp_cycles_depvary_step5_batch_yyy08.pl,f5,no,0.07,no,corr,0.0
3976,exp_cycles_depvary_step5_batch_yyy08.pl,y1,yes,0.08,yes,corr,1.0
3977,exp_cycles_depvary_step5_batch_yyy08.pl,y6,no,0.06,no,corr,0.0
3978,exp_cycles_depvary_step5_batch_yyy08.pl,c3,yes,0.07,yes,corr,1.0
3979,exp_cycles_depvary_step5_batch_yyy08.pl,t5,no,0.06,no,corr,0.0
3980,exp_cycles_depvary_step5_batch_yyy08.pl,s3,yes,0.07,yes,corr,1.0
3981,exp_cycles_depvary_step5_batch_yyy09.pl,w5,no,0.06,no,corr,0.0
3982,exp_cycles_depvary_step5_batch_yyy09.pl,c2,no,0.07,no,corr,1.0
3983,exp_cycles_depvary_step5_batch_yyy09.pl,v3,no,22.21,no,corr,18.0
3984,exp_cycles_depvary_step5_batch_yyy09.pl,q7,no,0.05,no,corr,0.0
3985,exp_cycles_depvary_step5_batch_yyy09.pl,p6,no,0.09,no,corr,0.0
3986,exp_cycles_depvary_step5_batch_yyy09.pl,s4,no,0.08,no,corr,0.0
3987,exp_cycles_depvary_step5_batch_yyy09.pl,y4,no,0.11,no,corr,0.0
3988,exp_cycles_depvary_step5_batch_yyy09.pl,x5,no,0.07,no,corr,0.0
3989,exp_cycles_depvary_step5_batch_yyy09.pl,c1,no,0.08,no,corr,1.0
3990,exp_cycles_depvary_step5_batch_yyy09.pl,z2,yes,0.14,yes,corr,5.0
3991,exp_cycles_depvary_step5_batch_yyy10.pl,p4,no,0.06,no,corr,0.0
3992,exp_cycles_depvary_step5_batch_yyy10.pl,u1,no,0.06,no,corr,0.0
3993,exp_cycles_depvary_step5_batch_yyy10.pl,t3,yes,0.07,yes,corr,1.0
3994,exp_cycles_depvary_step5_batch_yyy10.pl,x2,no,0.07,no,corr,0.0
3995,exp_cycles_depvary_step5_batch_yyy10.pl,x5,no,0.07,no,corr,0.0
3996,exp_cycles_depvary_step5_batch_yyy10.pl,v3,yes,0.09,yes,corr,2.0
3997,exp_cycles_depvary_step5_batch_yyy10.pl,s4,no,0.07,no,corr,0.0
3998,exp_cycles_depvary_step5_batch_yyy10.pl,y4,no,0.07,no,corr,0.0
3999,exp_cycles_depvary_step5_batch_yyy10.pl,y2,yes,0.08,yes,corr,1.0
4000,exp_cycles_depvary_step5_batch_yyy10.pl,x1,no,0.07,no,corr,0.0
4001,exp_cycles_depvary_step6_batch_yyy01.pl,z5,no,0.07,no,corr,0.0
4002,exp_cycles_depvary_step6_batch_yyy01.pl,d3,yes,0.09,yes,corr,2.0
4003,exp_cycles_depvary_step6_batch_yyy01.pl,s5,no,0.07,no,corr,0.0
4004,exp_cycles_depvary_step6_batch_yyy01.pl,z3,yes,0.07,yes,corr,1.0
4005,exp_cycles_depvary_step6_batch_yyy01.pl,y5,no,0.09,no,corr,0.0
4006,exp_cycles_depvary_step6_batch_yyy01.pl,q2,no,0.09,no,corr,3.0
4007,exp_cycles_depvary_step6_batch_yyy01.pl,t5,no,0.07,no,corr,0.0
4008,exp_cycles_depvary_step6_batch_yyy01.pl,s3,yes,0.13,yes,corr,5.0
4009,exp_cycles_depvary_step6_batch_yyy01.pl,a6,no,0.07,no,corr,0.0
4010,exp_cycles_depvary_step6_batch_yyy01.pl,s4,no,0.08,no,corr,0.0
4011,exp_cycles_depvary_step6_batch_yyy02.pl,y4,no,0.07,no,corr,0.0
4012,exp_cycles_depvary_step6_batch_yyy02.pl,t3,,600.0,no,TIMEOUT,
4013,exp_cycles_depvary_step6_batch_yyy02.pl,z1,no,0.06,no,corr,0.0
4014,exp_cycles_depvary_step6_batch_yyy02.pl,x2,no,0.06,no,corr,0.0
4015,exp_cycles_depvary_step6_batch_yyy02.pl,u3,,600.0,no,TIMEOUT,
4016,exp_cycles_depvary_step6_batch_yyy02.pl,d1,yes,0.1,yes,corr,4.0
4017,exp_cycles_depvary_step6_batch_yyy02.pl,p7,no,0.05,no,corr,0.0
4018,exp_cycles_depvary_step6_batch_yyy02.pl,p5,no,0.06,no,corr,0.0
4019,exp_cycles_depvary_step6_batch_yyy02.pl,w2,no,8.86,no,corr,20.0
4020,exp_cycles_depvary_step6_batch_yyy02.pl,u1,no,0.06,no,corr,0.0
4021,exp_cycles_depvary_step6_batch_yyy03.pl,d3,yes,0.07,yes,corr,0.0
4022,exp_cycles_depvary_step6_batch_yyy03.pl,a5,no,0.06,no,corr,0.0
4023,exp_cycles_depvary_step6_batch_yyy03.pl,z4,no,0.06,no,corr,0.0
4024,exp_cycles_depvary_step6_batch_yyy03.pl,c1,,600.0,no,TIMEOUT,
4025,exp_cycles_depvary_step6_batch_yyy03.pl,a3,yes,0.11,yes,corr,3.0
4026,exp_cycles_depvary_step6_batch_yyy03.pl,r2,yes,0.08,yes,corr,1.0
4027,exp_cycles_depvary_step6_batch_yyy03.pl,x4,no,0.07,no,corr,0.0
4028,exp_cycles_depvary_step6_batch_yyy03.pl,p6,no,0.07,no,corr,0.0
4029,exp_cycles_depvary_step6_batch_yyy03.pl,y2,yes,0.09,yes,corr,1.0
4030,exp_cycles_depvary_step6_batch_yyy03.pl,x6,no,0.07,no,corr,0.0
4031,exp_cycles_depvary_step6_batch_yyy04.pl,z6,no,0.08,no,corr,0.0
4032,exp_cycles_depvary_step6_batch_yyy04.pl,b3,no,1.44,no,corr,17.0
4033,exp_cycles_depvary_step6_batch_yyy04.pl,c5,no,0.07,no,corr,0.0
4034,exp_cycles_depvary_step6_batch_yyy04.pl,e3,yes,0.08,yes,corr,1.0
4035,exp_cycles_depvary_step6_batch_yyy04.pl,y2,yes,0.08,yes,corr,1.0
4036,exp_cycles_depvary_step6_batch_yyy04.pl,y5,no,0.08,no,corr,0.0
4037,exp_cycles_depvary_step6_batch_yyy04.pl,t4,no,0.12,no,corr,0.0
4038,exp_cycles_depvary_step6_batch_yyy04.pl,s3,no,0.1,no,corr,0.0
4039,exp_cycles_depvary_step6_batch_yyy04.pl,d4,no,0.09,no,corr,0.0
4040,exp_cycles_depvary_step6_batch_yyy04.pl,x3,yes,0.13,yes,corr,1.0
4041,exp_cycles_depvary_step6_batch_yyy05.pl,u6,no,0.09,no,corr,0.0
4042,exp_cycles_depvary_step6_batch_yyy05.pl,s3,no,0.09,no,corr,0.0
4043,exp_cycles_depvary_step6_batch_yyy05.pl,b2,,600.0,no,TIMEOUT,
4044,exp_cycles_depvary_step6_batch_yyy05.pl,w7,no,0.12,no,corr,0.0
4045,exp_cycles_depvary_step6_batch_yyy05.pl,q6,no,0.08,no,corr,0.0
4046,exp_cycles_depvary_step6_batch_yyy05.pl,x3,yes,0.09,yes,corr,1.0
4047,exp_cycles_depvary_step6_batch_yyy05.pl,v6,no,0.08,no,corr,0.0
4048,exp_cycles_depvary_step6_batch_yyy05.pl,v5,no,0.08,no,corr,0.0
4049,exp_cycles_depvary_step6_batch_yyy05.pl,a5,no,0.08,no,corr,0.0
4050,exp_cycles_depvary_step6_batch_yyy05.pl,f2,,600.0,no,TIMEOUT,
4051,exp_cycles_depvary_step6_batch_yyy06.pl,u5,no,0.08,no,corr,0.0
4052,exp_cycles_depvary_step6_batch_yyy06.pl,w7,no,0.09,no,corr,0.0
4053,exp_cycles_depvary_step6_batch_yyy06.pl,z5,no,0.08,no,corr,0.0
4054,exp_cycles_depvary_step6_batch_yyy06.pl,y3,no,0.11,no,corr,1.0
4055,exp_cycles_depvary_step6_batch_yyy06.pl,v1,no,0.47,no,corr,11.0
4056,exp_cycles_depvary_step6_batch_yyy06.pl,x5,no,0.09,no,corr,0.0
4057,exp_cycles_depvary_step6_batch_yyy06.pl,u2,yes,0.19,yes,corr,4.0
4058,exp_cycles_depvary_step6_batch_yyy06.pl,a2,yes,0.11,yes,corr,1.0
4059,exp_cycles_depvary_step6_batch_yyy06.pl,a5,no,0.1,no,corr,0.0
4060,exp_cycles_depvary_step6_batch_yyy06.pl,b1,yes,0.12,yes,corr,1.0
4061,exp_cycles_depvary_step6_batch_yyy07.pl,t5,no,0.11,no,corr,0.0
4062,exp_cycles_depvary_step6_batch_yyy07.pl,s4,no,0.13,no,corr,0.0
4063,exp_cycles_depvary_step6_batch_yyy07.pl,b4,no,0.39,no,corr,9.0
4064,exp_cycles_depvary_step6_batch_yyy07.pl,z1,yes,0.19,yes,corr,7.0
4065,exp_cycles_depvary_step6_batch_yyy07.pl,a4,yes,0.1,yes,corr,1.0
4066,exp_cycles_depvary_step6_batch_yyy07.pl,s1,yes,0.1,yes,corr,1.0
4067,exp_cycles_depvary_step6_batch_yyy07.pl,a2,no,0.1,no,corr,1.0
4068,exp_cycles_depvary_step6_batch_yyy07.pl,p6,no,0.1,no,corr,0.0
4069,exp_cycles_depvary_step6_batch_yyy07.pl,w1,yes,0.12,yes,corr,1.0
4070,exp_cycles_depvary_step6_batch_yyy07.pl,p3,yes,0.12,yes,corr,1.0
4071,exp_cycles_depvary_step6_batch_yyy08.pl,b3,,600.0,no,TIMEOUT,
4072,exp_cycles_depvary_step6_batch_yyy08.pl,p4,,600.0,no,TIMEOUT,
4073,exp_cycles_depvary_step6_batch_yyy08.pl,e5,no,0.07,no,corr,0.0
4074,exp_cycles_depvary_step6_batch_yyy08.pl,q5,no,0.07,no,corr,0.0
4075,exp_cycles_depvary_step6_batch_yyy08.pl,b1,no,0.09,no,corr,1.0
4076,exp_cycles_depvary_step6_batch_yyy08.pl,f5,no,0.08,no,corr,0.0
4077,exp_cycles_depvary_step6_batch_yyy08.pl,e2,yes,0.65,yes,corr,7.0
4078,exp_cycles_depvary_step6_batch_yyy08.pl,p1,yes,0.09,yes,corr,1.0
4079,exp_cycles_depvary_step6_batch_yyy08.pl,b6,no,0.09,no,corr,0.0
4080,exp_cycles_depvary_step6_batch_yyy08.pl,a1,,600.0,no,TIMEOUT,
4081,exp_cycles_depvary_step6_batch_yyy09.pl,p7,no,0.04,no,corr,0.0
4082,exp_cycles_depvary_step6_batch_yyy09.pl,q5,no,0.04,no,corr,0.0
4083,exp_cycles_depvary_step6_batch_yyy09.pl,w6,no,0.05,no,corr,0.0
4084,exp_cycles_depvary_step6_batch_yyy09.pl,e4,no,0.04,no,corr,0.0
4085,exp_cycles_depvary_step6_batch_yyy09.pl,x5,no,0.04,no,corr,0.0
4086,exp_cycles_depvary_step6_batch_yyy09.pl,r4,no,0.04,no,corr,0.0
4087,exp_cycles_depvary_step6_batch_yyy09.pl,y2,no,0.04,no,corr,0.0
4088,exp_cycles_depvary_step6_batch_yyy09.pl,q1,yes,0.05,yes,corr,2.0
4089,exp_cycles_depvary_step6_batch_yyy09.pl,y6,no,0.04,no,corr,0.0
4090,exp_cycles_depvary_step6_batch_yyy09.pl,q2,no,0.05,no,corr,0.0
4091,exp_cycles_depvary_step6_batch_yyy10.pl,y4,no,0.04,no,corr,0.0
4092,exp_cycles_depvary_step6_batch_yyy10.pl,v6,no,0.04,no,corr,0.0
4093,exp_cycles_depvary_step6_batch_yyy10.pl,c6,no,0.05,no,corr,0.0
4094,exp_cycles_depvary_step6_batch_yyy10.pl,x1,no,0.04,no,corr,0.0
4095,exp_cycles_depvary_step6_batch_yyy10.pl,c3,yes,0.05,yes,corr,1.0
4096,exp_cycles_depvary_step6_batch_yyy10.pl,t5,no,0.04,no,corr,0.0
4097,exp_cycles_depvary_step6_batch_yyy10.pl,c5,no,0.04,no,corr,0.0
4098,exp_cycles_depvary_step6_batch_yyy10.pl,b1,no,0.76,no,corr,13.0
4099,exp_cycles_depvary_step6_batch_yyy10.pl,v4,no,0.04,no,corr,0.0
4100,exp_cycles_depvary_step6_batch_yyy10.pl,r4,no,0.05,no,corr,0.0
4101,exp_cycles_depvary_step7_batch_yyy01.pl,d5,no,0.05,no,corr,0.0
4102,exp_cycles_depvary_step7_batch_yyy01.pl,b2,no,0.05,no,corr,1.0
4103,exp_cycles_depvary_step7_batch_yyy01.pl,d4,yes,0.1,yes,corr,5.0
4104,exp_cycles_depvary_step7_batch_yyy01.pl,f1,yes,0.07,yes,corr,5.0
4105,exp_cycles_depvary_step7_batch_yyy01.pl,u7,no,0.04,no,corr,0.0
4106,exp_cycles_depvary_step7_batch_yyy01.pl,q5,no,0.05,no,corr,0.0
4107,exp_cycles_depvary_step7_batch_yyy01.pl,p3,no,0.04,no,corr,0.0
4108,exp_cycles_depvary_step7_batch_yyy01.pl,q3,no,0.04,no,corr,0.0
4109,exp_cycles_depvary_step7_batch_yyy01.pl,t5,no,0.06,no,corr,0.0
4110,exp_cycles_depvary_step7_batch_yyy01.pl,s3,,600.0,no,TIMEOUT,
4111,exp_cycles_depvary_step7_batch_yyy02.pl,u6,no,0.11,no,corr,0.0
4112,exp_cycles_depvary_step7_batch_yyy02.pl,b3,no,312.7,no,corr,23.0
4113,exp_cycles_depvary_step7_batch_yyy02.pl,z5,no,0.09,no,corr,0.0
4114,exp_cycles_depvary_step7_batch_yyy02.pl,w5,no,0.06,no,corr,0.0
4115,exp_cycles_depvary_step7_batch_yyy02.pl,q5,no,0.06,no,corr,0.0
4116,exp_cycles_depvary_step7_batch_yyy02.pl,s2,no,0.07,no,corr,0.0
4117,exp_cycles_depvary_step7_batch_yyy02.pl,r1,,600.0,no,TIMEOUT,
4118,exp_cycles_depvary_step7_batch_yyy02.pl,y5,no,0.05,no,corr,0.0
4119,exp_cycles_depvary_step7_batch_yyy02.pl,x7,no,0.05,no,corr,0.0
4120,exp_cycles_depvary_step7_batch_yyy02.pl,q4,yes,0.06,yes,corr,3.0
4121,exp_cycles_depvary_step7_batch_yyy03.pl,w2,yes,0.05,yes,corr,1.0
4122,exp_cycles_depvary_step7_batch_yyy03.pl,b4,,600.0,no,TIMEOUT,
4123,exp_cycles_depvary_step7_batch_yyy03.pl,z1,,600.0,no,TIMEOUT,
4124,exp_cycles_depvary_step7_batch_yyy03.pl,e4,,600.0,no,TIMEOUT,
4125,exp_cycles_depvary_step7_batch_yyy03.pl,p3,no,0.05,no,corr,0.0
4126,exp_cycles_depvary_step7_batch_yyy03.pl,w4,no,0.06,no,corr,0.0
4127,exp_cycles_depvary_step7_batch_yyy03.pl,c6,no,0.04,no,corr,0.0
4128,exp_cycles_depvary_step7_batch_yyy03.pl,v4,yes,0.05,yes,corr,1.0
4129,exp_cycles_depvary_step7_batch_yyy03.pl,a1,,600.0,no,TIMEOUT,
4130,exp_cycles_depvary_step7_batch_yyy03.pl,y6,no,0.12,no,corr,0.0
4131,exp_cycles_depvary_step7_batch_yyy04.pl,u5,no,0.08,no,corr,0.0
4132,exp_cycles_depvary_step7_batch_yyy04.pl,z5,no,0.1,no,corr,0.0
4133,exp_cycles_depvary_step7_batch_yyy04.pl,q5,no,0.09,no,corr,0.0
4134,exp_cycles_depvary_step7_batch_yyy04.pl,x7,no,0.1,no,corr,0.0
4135,exp_cycles_depvary_step7_batch_yyy04.pl,v1,no,0.1,no,corr,0.0
4136,exp_cycles_depvary_step7_batch_yyy04.pl,f3,yes,0.15,yes,corr,4.0
4137,exp_cycles_depvary_step7_batch_yyy04.pl,f4,yes,0.1,yes,corr,0.0
4138,exp_cycles_depvary_step7_batch_yyy04.pl,x1,yes,0.12,yes,corr,1.0
4139,exp_cycles_depvary_step7_batch_yyy04.pl,p4,no,0.16,no,corr,5.0
4140,exp_cycles_depvary_step7_batch_yyy04.pl,d4,yes,0.89,yes,corr,8.0
4141,exp_cycles_depvary_step7_batch_yyy05.pl,z6,no,0.08,no,corr,0.0
4142,exp_cycles_depvary_step7_batch_yyy05.pl,w1,no,0.09,no,corr,1.0
4143,exp_cycles_depvary_step7_batch_yyy05.pl,r4,no,0.09,no,corr,0.0
4144,exp_cycles_depvary_step7_batch_yyy05.pl,y2,no,12.47,no,corr,16.0
4145,exp_cycles_depvary_step7_batch_yyy05.pl,v3,no,0.13,no,corr,5.0
4146,exp_cycles_depvary_step7_batch_yyy05.pl,y5,no,0.08,no,corr,0.0
4147,exp_cycles_depvary_step7_batch_yyy05.pl,p4,yes,0.1,yes,corr,1.0
4148,exp_cycles_depvary_step7_batch_yyy05.pl,p5,no,0.08,no,corr,0.0
4149,exp_cycles_depvary_step7_batch_yyy05.pl,s2,no,0.97,no,corr,12.0
4150,exp_cycles_depvary_step7_batch_yyy05.pl,a5,no,0.08,no,corr,0.0
4151,exp_cycles_depvary_step7_batch_yyy06.pl,t4,yes,0.09,yes,corr,1.0
4152,exp_cycles_depvary_step7_batch_yyy06.pl,p5,no,0.11,no,corr,0.0
4153,exp_cycles_depvary_step7_batch_yyy06.pl,f1,no,32.79,no,corr,18.0
4154,exp_cycles_depvary_step7_batch_yyy06.pl,c5,no,0.08,no,corr,0.0
4155,exp_cycles_depvary_step7_batch_yyy06.pl,t2,yes,0.09,yes,corr,1.0
4156,exp_cycles_depvary_step7_batch_yyy06.pl,e3,yes,0.09,yes,corr,0.0
4157,exp_cycles_depvary_step7_batch_yyy06.pl,y4,no,0.09,no,corr,0.0
4158,exp_cycles_depvary_step7_batch_yyy06.pl,v7,no,0.08,no,corr,0.0
4159,exp_cycles_depvary_step7_batch_yyy06.pl,y2,yes,0.1,yes,corr,1.0
4160,exp_cycles_depvary_step7_batch_yyy06.pl,x6,no,0.11,no,corr,0.0
4161,exp_cycles_depvary_step7_batch_yyy07.pl,u5,no,0.09,no,corr,0.0
4162,exp_cycles_depvary_step7_batch_yyy07.pl,p4,yes,0.12,yes,corr,1.0
4163,exp_cycles_depvary_step7_batch_yyy07.pl,f1,no,0.13,no,corr,2.0
4164,exp_cycles_depvary_step7_batch_yyy07.pl,q4,yes,0.13,yes,corr,1.0
4165,exp_cycles_depvary_step7_batch_yyy07.pl,a4,no,0.53,no,corr,11.0
4166,exp_cycles_depvary_step7_batch_yyy07.pl,r1,yes,0.05,yes,corr,1.0
4167,exp_cycles_depvary_step7_batch_yyy07.pl,a3,no,0.49,no,corr,9.0
4168,exp_cycles_depvary_step7_batch_yyy07.pl,r2,yes,0.05,yes,corr,1.0
4169,exp_cycles_depvary_step7_batch_yyy07.pl,y4,no,0.04,no,corr,0.0
4170,exp_cycles_depvary_step7_batch_yyy07.pl,v7,no,0.04,no,corr,0.0
4171,exp_cycles_depvary_step7_batch_yyy08.pl,v2,yes,0.06,yes,corr,2.0
4172,exp_cycles_depvary_step7_batch_yyy08.pl,t3,yes,0.05,yes,corr,1.0
4173,exp_cycles_depvary_step7_batch_yyy08.pl,x7,no,0.04,no,corr,0.0
4174,exp_cycles_depvary_step7_batch_yyy08.pl,a4,no,0.05,no,corr,1.0
4175,exp_cycles_depvary_step7_batch_yyy08.pl,e4,yes,0.05,yes,corr,2.0
4176,exp_cycles_depvary_step7_batch_yyy08.pl,f3,yes,0.07,yes,corr,3.0
4177,exp_cycles_depvary_step7_batch_yyy08.pl,x5,no,0.04,no,corr,0.0
4178,exp_cycles_depvary_step7_batch_yyy08.pl,r7,no,0.05,no,corr,0.0
4179,exp_cycles_depvary_step7_batch_yyy08.pl,r3,yes,0.05,yes,corr,1.0
4180,exp_cycles_depvary_step7_batch_yyy08.pl,x4,no,0.05,no,corr,0.0
4181,exp_cycles_depvary_step7_batch_yyy09.pl,t4,yes,0.06,yes,corr,1.0
4182,exp_cycles_depvary_step7_batch_yyy09.pl,d3,no,0.6,no,corr,13.0
4183,exp_cycles_depvary_step7_batch_yyy09.pl,c2,yes,0.05,yes,corr,0.0
4184,exp_cycles_depvary_step7_batch_yyy09.pl,w1,yes,0.08,yes,corr,5.0
4185,exp_cycles_depvary_step7_batch_yyy09.pl,f3,no,0.05,no,corr,1.0
4186,exp_cycles_depvary_step7_batch_yyy09.pl,w3,yes,0.07,yes,corr,4.0
4187,exp_cycles_depvary_step7_batch_yyy09.pl,a4,no,0.06,no,corr,1.0
4188,exp_cycles_depvary_step7_batch_yyy09.pl,w6,no,0.04,no,corr,0.0
4189,exp_cycles_depvary_step7_batch_yyy09.pl,y1,yes,0.04,yes,corr,1.0
4190,exp_cycles_depvary_step7_batch_yyy09.pl,d2,yes,0.07,yes,corr,4.0
4191,exp_cycles_depvary_step7_batch_yyy10.pl,b2,yes,0.06,yes,corr,3.0
4192,exp_cycles_depvary_step7_batch_yyy10.pl,d4,no,0.11,no,corr,6.0
4193,exp_cycles_depvary_step7_batch_yyy10.pl,u1,no,0.46,no,corr,11.0
4194,exp_cycles_depvary_step7_batch_yyy10.pl,v5,no,0.04,no,corr,0.0
4195,exp_cycles_depvary_step7_batch_yyy10.pl,q5,no,0.04,no,corr,0.0
4196,exp_cycles_depvary_step7_batch_yyy10.pl,p3,no,0.05,no,corr,0.0
4197,exp_cycles_depvary_step7_batch_yyy10.pl,c1,yes,0.06,yes,corr,2.0
4198,exp_cycles_depvary_step7_batch_yyy10.pl,z3,yes,0.05,yes,corr,1.0
4199,exp_cycles_depvary_step7_batch_yyy10.pl,r3,yes,0.05,yes,corr,1.0
4200,exp_cycles_depvary_step7_batch_yyy10.pl,w3,no,0.05,no,corr,1.0
4201,exp_cycles_depvary_step8_batch_yyy01.pl,u5,no,0.05,no,corr,0.0
4202,exp_cycles_depvary_step8_batch_yyy01.pl,t5,no,0.05,no,corr,0.0
4203,exp_cycles_depvary_step8_batch_yyy01.pl,x3,,600.0,no,TIMEOUT,
4204,exp_cycles_depvary_step8_batch_yyy01.pl,x7,no,0.05,no,corr,0.0
4205,exp_cycles_depvary_step8_batch_yyy01.pl,a3,no,0.07,no,corr,1.0
4206,exp_cycles_depvary_step8_batch_yyy01.pl,r3,yes,0.08,yes,corr,1.0
4207,exp_cycles_depvary_step8_batch_yyy01.pl,y6,no,0.07,no,corr,0.0
4208,exp_cycles_depvary_step8_batch_yyy01.pl,q2,,600.0,no,TIMEOUT,
4209,exp_cycles_depvary_step8_batch_yyy01.pl,c2,yes,0.07,yes,corr,1.0
4210,exp_cycles_depvary_step8_batch_yyy01.pl,b1,no,0.09,no,corr,1.0
4211,exp_cycles_depvary_step8_batch_yyy02.pl,t4,yes,0.09,yes,corr,1.0
4212,exp_cycles_depvary_step8_batch_yyy02.pl,z5,no,0.08,no,corr,0.0
4213,exp_cycles_depvary_step8_batch_yyy02.pl,u1,,600.0,no,TIMEOUT,
4214,exp_cycles_depvary_step8_batch_yyy02.pl,q5,no,0.06,no,corr,0.0
4215,exp_cycles_depvary_step8_batch_yyy02.pl,c1,,600.0,no,TIMEOUT,
4216,exp_cycles_depvary_step8_batch_yyy02.pl,u3,yes,0.13,yes,corr,1.0
4217,exp_cycles_depvary_step8_batch_yyy02.pl,y1,yes,0.17,yes,corr,1.0
4218,exp_cycles_depvary_step8_batch_yyy02.pl,a2,,600.0,no,TIMEOUT,
4219,exp_cycles_depvary_step8_batch_yyy02.pl,r7,no,0.14,no,corr,0.0
4220,exp_cycles_depvary_step8_batch_yyy02.pl,b6,no,0.15,no,corr,0.0
4221,exp_cycles_depvary_step8_batch_yyy03.pl,c4,,600.0,no,TIMEOUT,
4222,exp_cycles_depvary_step8_batch_yyy03.pl,p7,no,0.16,no,corr,0.0
4223,exp_cycles_depvary_step8_batch_yyy03.pl,d3,yes,0.28,yes,corr,4.0
4224,exp_cycles_depvary_step8_batch_yyy03.pl,w6,no,0.14,no,corr,0.0
4225,exp_cycles_depvary_step8_batch_yyy03.pl,r5,no,0.18,no,corr,0.0
4226,exp_cycles_depvary_step8_batch_yyy03.pl,b5,,600.0,no,TIMEOUT,
4227,exp_cycles_depvary_step8_batch_yyy03.pl,x1,yes,0.28,yes,corr,1.0
4228,exp_cycles_depvary_step8_batch_yyy03.pl,p1,,600.0,no,TIMEOUT,
4229,exp_cycles_depvary_step8_batch_yyy03.pl,c2,no,0.31,no,corr,5.0
4230,exp_cycles_depvary_step8_batch_yyy03.pl,a5,,600.0,no,TIMEOUT,
4231,exp_cycles_depvary_step8_batch_yyy04.pl,s3,yes,13.08,yes,corr,11.0
4232,exp_cycles_depvary_step8_batch_yyy04.pl,b2,,600.0,no,TIMEOUT,
4233,exp_cycles_depvary_step8_batch_yyy04.pl,v7,no,0.14,no,corr,0.0
4234,exp_cycles_depvary_step8_batch_yyy04.pl,x3,no,51.86,no,corr,20.0
4235,exp_cycles_depvary_step8_batch_yyy04.pl,u7,no,0.14,no,corr,0.0
4236,exp_cycles_depvary_step8_batch_yyy04.pl,b1,yes,0.16,yes,corr,1.0
4237,exp_cycles_depvary_step8_batch_yyy04.pl,w6,no,0.15,no,corr,0.0
4238,exp_cycles_depvary_step8_batch_yyy04.pl,p1,yes,2.41,yes,corr,9.0
4239,exp_cycles_depvary_step8_batch_yyy04.pl,c1,,600.0,no,TIMEOUT,
4240,exp_cycles_depvary_step8_batch_yyy04.pl,z2,yes,0.23,yes,corr,2.0
4241,exp_cycles_depvary_step8_batch_yyy05.pl,q6,no,0.13,no,corr,0.0
4242,exp_cycles_depvary_step8_batch_yyy05.pl,v5,no,0.16,no,corr,0.0
4243,exp_cycles_depvary_step8_batch_yyy05.pl,v1,yes,0.18,yes,corr,1.0
4244,exp_cycles_depvary_step8_batch_yyy05.pl,r4,yes,0.17,yes,corr,1.0
4245,exp_cycles_depvary_step8_batch_yyy05.pl,r1,no,0.26,no,corr,5.0
4246,exp_cycles_depvary_step8_batch_yyy05.pl,z3,yes,0.19,yes,corr,2.0
4247,exp_cycles_depvary_step8_batch_yyy05.pl,r3,no,51.82,no,corr,20.0
4248,exp_cycles_depvary_step8_batch_yyy05.pl,y5,no,0.13,no,corr,0.0
4249,exp_cycles_depvary_step8_batch_yyy05.pl,x5,no,0.13,no,corr,0.0
4250,exp_cycles_depvary_step8_batch_yyy05.pl,t2,no,1.77,no,corr,14.0
4251,exp_cycles_depvary_step8_batch_yyy06.pl,x3,no,0.21,no,corr,4.0
4252,exp_cycles_depvary_step8_batch_yyy06.pl,b1,no,0.2,no,corr,3.0
4253,exp_cycles_depvary_step8_batch_yyy06.pl,y3,,600.0,no,TIMEOUT,
4254,exp_cycles_depvary_step8_batch_yyy06.pl,w1,no,0.09,no,corr,5.0
4255,exp_cycles_depvary_step8_batch_yyy06.pl,e1,no,0.07,no,corr,1.0
4256,exp_cycles_depvary_step8_batch_yyy06.pl,q6,no,0.06,no,corr,0.0
4257,exp_cycles_depvary_step8_batch_yyy06.pl,x2,no,0.07,no,corr,0.0
4258,exp_cycles_depvary_step8_batch_yyy06.pl,f5,no,0.07,no,corr,0.0
4259,exp_cycles_depvary_step8_batch_yyy06.pl,c1,yes,0.09,yes,corr,1.0
4260,exp_cycles_depvary_step8_batch_yyy06.pl,s6,no,0.07,no,corr,0.0
4261,exp_cycles_depvary_step8_batch_yyy07.pl,w5,no,0.09,no,corr,0.0
4262,exp_cycles_depvary_step8_batch_yyy07.pl,s2,yes,0.09,yes,corr,1.0
4263,exp_cycles_depvary_step8_batch_yyy07.pl,q4,yes,0.09,yes,corr,1.0
4264,exp_cycles_depvary_step8_batch_yyy07.pl,s7,no,0.08,no,corr,0.0
4265,exp_cycles_depvary_step8_batch_yyy07.pl,y6,no,0.08,no,corr,0.0
4266,exp_cycles_depvary_step8_batch_yyy07.pl,a2,yes,0.09,yes,corr,1.0
4267,exp_cycles_depvary_step8_batch_yyy07.pl,u1,yes,0.16,yes,corr,5.0
4268,exp_cycles_depvary_step8_batch_yyy07.pl,f1,no,2.34,no,corr,14.0
4269,exp_cycles_depvary_step8_batch_yyy07.pl,c1,yes,0.07,yes,corr,0.0
4270,exp_cycles_depvary_step8_batch_yyy07.pl,b5,no,0.08,no,corr,1.0
4271,exp_cycles_depvary_step8_batch_yyy08.pl,z6,no,0.08,no,corr,0.0
4272,exp_cycles_depvary_step8_batch_yyy08.pl,w2,yes,0.09,yes,corr,1.0
4273,exp_cycles_depvary_step8_batch_yyy08.pl,v5,no,0.07,no,corr,0.0
4274,exp_cycles_depvary_step8_batch_yyy08.pl,z1,no,0.36,no,corr,7.0
4275,exp_cycles_depvary_step8_batch_yyy08.pl,q4,no,0.07,no,corr,0.0
4276,exp_cycles_depvary_step8_batch_yyy08.pl,w4,no,0.76,no,corr,8.0
4277,exp_cycles_depvary_step8_batch_yyy08.pl,r1,yes,0.07,yes,corr,1.0
4278,exp_cycles_depvary_step8_batch_yyy08.pl,a1,no,0.12,no,corr,5.0
4279,exp_cycles_depvary_step8_batch_yyy08.pl,u2,yes,0.09,yes,corr,1.0
4280,exp_cycles_depvary_step8_batch_yyy08.pl,w3,yes,0.1,yes,corr,1.0
4281,exp_cycles_depvary_step8_batch_yyy09.pl,d5,no,0.08,no,corr,0.0
4282,exp_cycles_depvary_step8_batch_yyy09.pl,u4,no,0.08,no,corr,0.0
4283,exp_cycles_depvary_step8_batch_yyy09.pl,f5,no,0.11,no,corr,0.0
4284,exp_cycles_depvary_step8_batch_yyy09.pl,w1,no,0.15,no,corr,4.0
4285,exp_cycles_depvary_step8_batch_yyy09.pl,y2,yes,0.09,yes,corr,1.0
4286,exp_cycles_depvary_step8_batch_yyy09.pl,r2,yes,0.09,yes,corr,1.0
4287,exp_cycles_depvary_step8_batch_yyy09.pl,r3,no,0.08,no,corr,0.0
4288,exp_cycles_depvary_step8_batch_yyy09.pl,s2,,600.0,no,TIMEOUT,
4289,exp_cycles_depvary_step8_batch_yyy09.pl,z1,,600.0,no,TIMEOUT,
4290,exp_cycles_depvary_step8_batch_yyy09.pl,c5,no,0.19,no,corr,5.0
4291,exp_cycles_depvary_step8_batch_yyy10.pl,u5,no,0.09,no,corr,0.0
4292,exp_cycles_depvary_step8_batch_yyy10.pl,s3,no,0.1,no,corr,0.0
4293,exp_cycles_depvary_step8_batch_yyy10.pl,y4,yes,0.11,yes,corr,1.0
4294,exp_cycles_depvary_step8_batch_yyy10.pl,f1,no,0.11,no,corr,1.0
4295,exp_cycles_depvary_step8_batch_yyy10.pl,d3,no,0.18,no,corr,5.0
4296,exp_cycles_depvary_step8_batch_yyy10.pl,w6,no,0.1,no,corr,0.0
4297,exp_cycles_depvary_step8_batch_yyy10.pl,x5,no,0.09,no,corr,0.0
4298,exp_cycles_depvary_step8_batch_yyy10.pl,f4,,600.0,no,TIMEOUT,
4299,exp_cycles_depvary_step8_batch_yyy10.pl,x6,no,0.05,no,corr,0.0
4300,exp_cycles_depvary_step8_batch_yyy10.pl,r3,no,52.34,no,corr,19.0
4301,exp_cycles_depvary_step9_batch_yyy01.pl,e1,no,0.06,no,corr,2.0
4302,exp_cycles_depvary_step9_batch_yyy01.pl,p5,no,0.05,no,corr,1.0
4303,exp_cycles_depvary_step9_batch_yyy01.pl,v6,no,0.05,no,corr,0.0
4304,exp_cycles_depvary_step9_batch_yyy01.pl,w6,no,0.05,no,corr,0.0
4305,exp_cycles_depvary_step9_batch_yyy01.pl,p3,yes,0.05,yes,corr,1.0
4306,exp_cycles_depvary_step9_batch_yyy01.pl,t7,no,0.05,no,corr,0.0
4307,exp_cycles_depvary_step9_batch_yyy01.pl,x6,no,0.05,no,corr,0.0
4308,exp_cycles_depvary_step9_batch_yyy01.pl,s7,no,0.05,no,corr,0.0
4309,exp_cycles_depvary_step9_batch_yyy01.pl,a6,no,0.06,no,corr,0.0
4310,exp_cycles_depvary_step9_batch_yyy01.pl,w7,no,0.05,no,corr,0.0
4311,exp_cycles_depvary_step9_batch_yyy02.pl,f1,yes,0.06,yes,corr,1.0
4312,exp_cycles_depvary_step9_batch_yyy02.pl,c5,,600.0,no,TIMEOUT,
4313,exp_cycles_depvary_step9_batch_yyy02.pl,s1,yes,0.11,yes,corr,1.0
4314,exp_cycles_depvary_step9_batch_yyy02.pl,x4,yes,0.09,yes,corr,1.0
4315,exp_cycles_depvary_step9_batch_yyy02.pl,c3,yes,0.08,yes,corr,1.0
4316,exp_cycles_depvary_step9_batch_yyy02.pl,t5,no,0.08,no,corr,0.0
4317,exp_cycles_depvary_step9_batch_yyy02.pl,t2,,600.0,no,TIMEOUT,
4318,exp_cycles_depvary_step9_batch_yyy02.pl,z2,yes,0.09,yes,corr,1.0
4319,exp_cycles_depvary_step9_batch_yyy02.pl,r2,,600.0,no,TIMEOUT,
4320,exp_cycles_depvary_step9_batch_yyy02.pl,r7,no,0.17,no,corr,0.0
4321,exp_cycles_depvary_step9_batch_yyy03.pl,c3,no,0.18,no,corr,1.0
4322,exp_cycles_depvary_step9_batch_yyy03.pl,d4,yes,0.24,yes,corr,5.0
4323,exp_cycles_depvary_step9_batch_yyy03.pl,b4,no,0.14,no,corr,1.0
4324,exp_cycles_depvary_step9_batch_yyy03.pl,c5,no,0.14,no,corr,1.0
4325,exp_cycles_depvary_step9_batch_yyy03.pl,x7,no,0.14,no,corr,0.0
4326,exp_cycles_depvary_step9_batch_yyy03.pl,p1,,600.0,no,TIMEOUT,
4327,exp_cycles_depvary_step9_batch_yyy03.pl,w4,,600.0,no,TIMEOUT,
4328,exp_cycles_depvary_step9_batch_yyy03.pl,f3,no,0.1,no,corr,1.0
4329,exp_cycles_depvary_step9_batch_yyy03.pl,p6,no,0.06,no,corr,0.0
4330,exp_cycles_depvary_step9_batch_yyy03.pl,q2,,600.0,no,TIMEOUT,
4331,exp_cycles_depvary_step9_batch_yyy04.pl,p4,,600.0,no,TIMEOUT,
4332,exp_cycles_depvary_step9_batch_yyy04.pl,w2,,600.0,no,TIMEOUT,
4333,exp_cycles_depvary_step9_batch_yyy04.pl,w5,no,0.19,no,corr,0.0
4334,exp_cycles_depvary_step9_batch_yyy04.pl,x7,no,0.13,no,corr,0.0
4335,exp_cycles_depvary_step9_batch_yyy04.pl,p3,,600.0,no,TIMEOUT,
4336,exp_cycles_depvary_step9_batch_yyy04.pl,w4,no,0.12,no,corr,0.0
4337,exp_cycles_depvary_step9_batch_yyy04.pl,r4,,600.0,no,TIMEOUT,
4338,exp_cycles_depvary_step9_batch_yyy04.pl,s7,no,0.22,no,corr,0.0
4339,exp_cycles_depvary_step9_batch_yyy04.pl,q7,no,0.14,no,corr,0.0
4340,exp_cycles_depvary_step9_batch_yyy04.pl,w3,,600.0,no,TIMEOUT,
4341,exp_cycles_depvary_step9_batch_yyy05.pl,b2,,600.0,no,TIMEOUT,
4342,exp_cycles_depvary_step9_batch_yyy05.pl,a5,yes,0.27,yes,corr,1.0
4343,exp_cycles_depvary_step9_batch_yyy05.pl,e4,,600.0,no,TIMEOUT,
4344,exp_cycles_depvary_step9_batch_yyy05.pl,w1,yes,3.1,yes,corr,7.0
4345,exp_cycles_depvary_step9_batch_yyy05.pl,t2,yes,0.3,yes,corr,1.0
4346,exp_cycles_depvary_step9_batch_yyy05.pl,v4,yes,0.31,yes,corr,1.0
4347,exp_cycles_depvary_step9_batch_yyy05.pl,s7,no,0.23,no,corr,0.0
4348,exp_cycles_depvary_step9_batch_yyy05.pl,v3,,600.0,no,TIMEOUT,
4349,exp_cycles_depvary_step9_batch_yyy05.pl,q1,yes,0.07,yes,corr,1.0
4350,exp_cycles_depvary_step9_batch_yyy05.pl,p1,,600.0,no,TIMEOUT,
4351,exp_cycles_depvary_step9_batch_yyy06.pl,v7,no,0.05,no,corr,0.0
4352,exp_cycles_depvary_step9_batch_yyy06.pl,z5,no,0.05,no,corr,0.0
4353,exp_cycles_depvary_step9_batch_yyy06.pl,w2,yes,0.3,yes,corr,6.0
4354,exp_cycles_depvary_step9_batch_yyy06.pl,p2,yes,0.05,yes,corr,1.0
4355,exp_cycles_depvary_step9_batch_yyy06.pl,x6,no,0.05,no,corr,0.0
4356,exp_cycles_depvary_step9_batch_yyy06.pl,r7,no,0.05,no,corr,0.0
4357,exp_cycles_depvary_step9_batch_yyy06.pl,t1,no,0.05,no,corr,0.0
4358,exp_cycles_depvary_step9_batch_yyy06.pl,z1,no,0.05,no,corr,0.0
4359,exp_cycles_depvary_step9_batch_yyy06.pl,t6,no,0.05,no,corr,0.0
4360,exp_cycles_depvary_step9_batch_yyy06.pl,a5,no,0.07,no,corr,2.0
4361,exp_cycles_depvary_step9_batch_yyy07.pl,v7,no,0.05,no,corr,0.0
4362,exp_cycles_depvary_step9_batch_yyy07.pl,a5,,600.0,no,TIMEOUT,
4363,exp_cycles_depvary_step9_batch_yyy07.pl,q4,yes,0.06,yes,corr,1.0
4364,exp_cycles_depvary_step9_batch_yyy07.pl,w1,yes,63.82,yes,corr,13.0
4365,exp_cycles_depvary_step9_batch_yyy07.pl,v4,,600.0,no,TIMEOUT,
4366,exp_cycles_depvary_step9_batch_yyy07.pl,s1,,600.0,no,TIMEOUT,
4367,exp_cycles_depvary_step9_batch_yyy07.pl,y6,no,0.13,no,corr,0.0
4368,exp_cycles_depvary_step9_batch_yyy07.pl,w3,no,0.14,no,corr,0.0
4369,exp_cycles_depvary_step9_batch_yyy07.pl,t4,yes,0.16,yes,corr,1.0
4370,exp_cycles_depvary_step9_batch_yyy07.pl,s3,no,0.22,no,corr,5.0
4371,exp_cycles_depvary_step9_batch_yyy08.pl,b2,yes,0.17,yes,corr,1.0
4372,exp_cycles_depvary_step9_batch_yyy08.pl,z5,no,0.16,no,corr,0.0
4373,exp_cycles_depvary_step9_batch_yyy08.pl,e4,,600.0,no,TIMEOUT,
4374,exp_cycles_depvary_step9_batch_yyy08.pl,t7,no,0.19,no,corr,0.0
4375,exp_cycles_depvary_step9_batch_yyy08.pl,r7,no,0.14,no,corr,0.0
4376,exp_cycles_depvary_step9_batch_yyy08.pl,v3,yes,0.2,yes,corr,2.0
4377,exp_cycles_depvary_step9_batch_yyy08.pl,w2,yes,0.18,yes,corr,1.0
4378,exp_cycles_depvary_step9_batch_yyy08.pl,f1,no,0.18,no,corr,1.0
4379,exp_cycles_depvary_step9_batch_yyy08.pl,v1,yes,0.18,yes,corr,1.0
4380,exp_cycles_depvary_step9_batch_yyy08.pl,p3,yes,0.18,yes,corr,1.0
4381,exp_cycles_depvary_step9_batch_yyy09.pl,d5,yes,0.18,yes,corr,1.0
4382,exp_cycles_depvary_step9_batch_yyy09.pl,d4,,600.0,no,TIMEOUT,
4383,exp_cycles_depvary_step9_batch_yyy09.pl,c2,yes,1.3,yes,corr,7.0
4384,exp_cycles_depvary_step9_batch_yyy09.pl,x2,no,0.16,no,corr,0.0
4385,exp_cycles_depvary_step9_batch_yyy09.pl,w1,no,0.15,no,corr,0.0
4386,exp_cycles_depvary_step9_batch_yyy09.pl,y5,no,0.16,no,corr,0.0
4387,exp_cycles_depvary_step9_batch_yyy09.pl,w2,,600.0,no,TIMEOUT,
4388,exp_cycles_depvary_step9_batch_yyy09.pl,e5,yes,0.39,yes,corr,2.0
4389,exp_cycles_depvary_step9_batch_yyy09.pl,f4,no,0.28,no,corr,1.0
4390,exp_cycles_depvary_step9_batch_yyy09.pl,z3,yes,0.29,yes,corr,1.0
4391,exp_cycles_depvary_step9_batch_yyy10.pl,t5,no,0.26,no,corr,0.0
4392,exp_cycles_depvary_step9_batch_yyy10.pl,c5,yes,0.47,yes,corr,4.0
4393,exp_cycles_depvary_step9_batch_yyy10.pl,q4,no,13.55,no,corr,21.0
4394,exp_cycles_depvary_step9_batch_yyy10.pl,r5,,600.0,no,TIMEOUT,
4395,exp_cycles_depvary_step9_batch_yyy10.pl,v1,yes,0.3,yes,corr,1.0
4396,exp_cycles_depvary_step9_batch_yyy10.pl,w4,,600.0,no,TIMEOUT,
4397,exp_cycles_depvary_step9_batch_yyy10.pl,z3,yes,0.33,yes,corr,3.0
4398,exp_cycles_depvary_step9_batch_yyy10.pl,y2,yes,0.28,yes,corr,5.0
4399,exp_cycles_depvary_step9_batch_yyy10.pl,w5,no,0.14,no,corr,0.0
4400,exp_cycles_depvary_step9_batch_yyy10.pl,u7,no,0.17,no,corr,0.0
4401,exp_cycles_indvary1_step1_batch_yyy01.pl,c3,yes,0.18,yes,corr,4.0
4402,exp_cycles_indvary1_step1_batch_yyy01.pl,a6,no,0.12,no,corr,0.0
4403,exp_cycles_indvary1_step1_batch_yyy01.pl,u4,no,0.12,no,corr,0.0
4404,exp_cycles_indvary1_step1_batch_yyy01.pl,t6,no,0.12,no,corr,0.0
4405,exp_cycles_indvary1_step1_batch_yyy01.pl,w6,no,0.12,no,corr,0.0
4406,exp_cycles_indvary1_step1_batch_yyy01.pl,y1,no,0.12,no,corr,0.0
4407,exp_cycles_indvary1_step1_batch_yyy01.pl,t1,no,18.98,no,corr,14.0
4408,exp_cycles_indvary1_step1_batch_yyy01.pl,x4,no,0.21,no,corr,0.0
4409,exp_cycles_indvary1_step1_batch_yyy01.pl,b6,no,0.21,no,corr,0.0
4410,exp_cycles_indvary1_step1_batch_yyy01.pl,a1,yes,0.25,yes,corr,2.0
4411,exp_cycles_indvary1_step1_batch_yyy02.pl,t5,no,0.23,no,corr,0.0
4412,exp_cycles_indvary1_step1_batch_yyy02.pl,v7,no,0.22,no,corr,0.0
4413,exp_cycles_indvary1_step1_batch_yyy02.pl,x3,no,0.25,no,corr,0.0
4414,exp_cycles_indvary1_step1_batch_yyy02.pl,f3,no,0.22,no,corr,0.0
4415,exp_cycles_indvary1_step1_batch_yyy02.pl,s1,yes,0.28,yes,corr,2.0
4416,exp_cycles_indvary1_step1_batch_yyy02.pl,a3,no,0.24,no,corr,1.0
4417,exp_cycles_indvary1_step1_batch_yyy02.pl,w2,no,0.23,no,corr,0.0
4418,exp_cycles_indvary1_step1_batch_yyy02.pl,e5,no,0.23,no,corr,0.0
4419,exp_cycles_indvary1_step1_batch_yyy02.pl,x5,no,0.25,no,corr,0.0
4420,exp_cycles_indvary1_step1_batch_yyy02.pl,c1,no,0.28,no,corr,1.0
4421,exp_cycles_indvary1_step1_batch_yyy03.pl,z6,no,0.25,no,corr,0.0
4422,exp_cycles_indvary1_step1_batch_yyy03.pl,x2,no,0.23,no,corr,0.0
4423,exp_cycles_indvary1_step1_batch_yyy03.pl,a3,yes,0.39,yes,corr,5.0
4424,exp_cycles_indvary1_step1_batch_yyy03.pl,q3,no,0.25,no,corr,0.0
4425,exp_cycles_indvary1_step1_batch_yyy03.pl,a1,yes,0.36,yes,corr,4.0
4426,exp_cycles_indvary1_step1_batch_yyy03.pl,v3,no,0.25,no,corr,0.0
4427,exp_cycles_indvary1_step1_batch_yyy03.pl,u2,no,0.24,no,corr,0.0
4428,exp_cycles_indvary1_step1_batch_yyy03.pl,w3,no,0.24,no,corr,0.0
4429,exp_cycles_indvary1_step1_batch_yyy03.pl,s5,no,0.25,no,corr,0.0
4430,exp_cycles_indvary1_step1_batch_yyy03.pl,t3,no,0.23,no,corr,0.0
4431,exp_cycles_indvary1_step1_batch_yyy04.pl,x3,no,0.24,no,corr,0.0
4432,exp_cycles_indvary1_step1_batch_yyy04.pl,u4,no,0.24,no,corr,0.0
4433,exp_cycles_indvary1_step1_batch_yyy04.pl,u7,no,0.25,no,corr,0.0
4434,exp_cycles_indvary1_step1_batch_yyy04.pl,q5,no,0.22,no,corr,0.0
4435,exp_cycles_indvary1_step1_batch_yyy04.pl,a4,no,0.22,no,corr,0.0
4436,exp_cycles_indvary1_step1_batch_yyy04.pl,s1,yes,0.22,yes,corr,1.0
4437,exp_cycles_indvary1_step1_batch_yyy04.pl,s7,no,0.2,no,corr,0.0
4438,exp_cycles_indvary1_step1_batch_yyy04.pl,y6,no,0.21,no,corr,0.0
4439,exp_cycles_indvary1_step1_batch_yyy04.pl,u2,no,0.21,no,corr,0.0
4440,exp_cycles_indvary1_step1_batch_yyy04.pl,q1,no,0.31,no,corr,4.0
4441,exp_cycles_indvary1_step1_batch_yyy05.pl,d3,no,0.22,no,corr,0.0
4442,exp_cycles_indvary1_step1_batch_yyy05.pl,s2,no,0.22,no,corr,0.0
4443,exp_cycles_indvary1_step1_batch_yyy05.pl,x7,no,0.2,no,corr,0.0
4444,exp_cycles_indvary1_step1_batch_yyy05.pl,x2,no,0.2,no,corr,0.0
4445,exp_cycles_indvary1_step1_batch_yyy05.pl,v1,no,0.21,no,corr,0.0
4446,exp_cycles_indvary1_step1_batch_yyy05.pl,v4,no,0.21,no,corr,0.0
4447,exp_cycles_indvary1_step1_batch_yyy05.pl,d2,yes,0.2,yes,corr,0.0
4448,exp_cycles_indvary1_step1_batch_yyy05.pl,x6,no,0.19,no,corr,0.0
4449,exp_cycles_indvary1_step1_batch_yyy05.pl,b6,no,0.19,no,corr,0.0
4450,exp_cycles_indvary1_step1_batch_yyy05.pl,v3,no,0.2,no,corr,0.0
4451,exp_cycles_indvary1_step1_batch_yyy06.pl,d3,no,0.19,no,corr,0.0
4452,exp_cycles_indvary1_step1_batch_yyy06.pl,x2,no,0.17,no,corr,0.0
4453,exp_cycles_indvary1_step1_batch_yyy06.pl,p2,no,0.15,no,corr,0.0
4454,exp_cycles_indvary1_step1_batch_yyy06.pl,b6,no,0.16,no,corr,0.0
4455,exp_cycles_indvary1_step1_batch_yyy06.pl,q1,yes,0.23,yes,corr,3.0
4456,exp_cycles_indvary1_step1_batch_yyy06.pl,c5,no,0.17,no,corr,0.0
4457,exp_cycles_indvary1_step1_batch_yyy06.pl,a5,no,0.18,no,corr,0.0
4458,exp_cycles_indvary1_step1_batch_yyy06.pl,b1,yes,0.18,yes,corr,0.0
4459,exp_cycles_indvary1_step1_batch_yyy06.pl,x5,no,0.18,no,corr,0.0
4460,exp_cycles_indvary1_step1_batch_yyy06.pl,c6,no,0.18,no,corr,0.0
4461,exp_cycles_indvary1_step1_batch_yyy07.pl,f4,no,0.18,no,corr,0.0
4462,exp_cycles_indvary1_step1_batch_yyy07.pl,b6,no,0.18,no,corr,0.0
4463,exp_cycles_indvary1_step1_batch_yyy07.pl,w7,no,0.16,no,corr,0.0
4464,exp_cycles_indvary1_step1_batch_yyy07.pl,v7,no,0.16,no,corr,0.0
4465,exp_cycles_indvary1_step1_batch_yyy07.pl,v2,no,0.17,no,corr,0.0
4466,exp_cycles_indvary1_step1_batch_yyy07.pl,q6,no,0.18,no,corr,0.0
4467,exp_cycles_indvary1_step1_batch_yyy07.pl,w2,no,0.18,no,corr,0.0
4468,exp_cycles_indvary1_step1_batch_yyy07.pl,u1,no,0.18,no,corr,0.0
4469,exp_cycles_indvary1_step1_batch_yyy07.pl,t7,no,0.18,no,corr,0.0
4470,exp_cycles_indvary1_step1_batch_yyy07.pl,z2,no,0.17,no,corr,0.0
4471,exp_cycles_indvary1_step1_batch_yyy08.pl,a6,no,0.2,no,corr,0.0
4472,exp_cycles_indvary1_step1_batch_yyy08.pl,d3,no,0.18,no,corr,0.0
4473,exp_cycles_indvary1_step1_batch_yyy08.pl,v5,no,0.17,no,corr,0.0
4474,exp_cycles_indvary1_step1_batch_yyy08.pl,c5,no,0.16,no,corr,0.0
4475,exp_cycles_indvary1_step1_batch_yyy08.pl,a4,no,0.18,no,corr,0.0
4476,exp_cycles_indvary1_step1_batch_yyy08.pl,q7,no,0.18,no,corr,0.0
4477,exp_cycles_indvary1_step1_batch_yyy08.pl,x5,no,0.17,no,corr,0.0
4478,exp_cycles_indvary1_step1_batch_yyy08.pl,c6,no,0.18,no,corr,0.0
4479,exp_cycles_indvary1_step1_batch_yyy08.pl,y1,no,0.17,no,corr,0.0
4480,exp_cycles_indvary1_step1_batch_yyy08.pl,d2,yes,0.36,yes,corr,5.0
4481,exp_cycles_indvary1_step1_batch_yyy09.pl,c4,no,0.19,no,corr,0.0
4482,exp_cycles_indvary1_step1_batch_yyy09.pl,w7,no,0.16,no,corr,0.0
4483,exp_cycles_indvary1_step1_batch_yyy09.pl,c5,no,0.16,no,corr,0.0
4484,exp_cycles_indvary1_step1_batch_yyy09.pl,a4,no,0.16,no,corr,0.0
4485,exp_cycles_indvary1_step1_batch_yyy09.pl,r1,yes,0.19,yes,corr,1.0
4486,exp_cycles_indvary1_step1_batch_yyy09.pl,x1,no,0.17,no,corr,0.0
4487,exp_cycles_indvary1_step1_batch_yyy09.pl,x4,no,0.17,no,corr,0.0
4488,exp_cycles_indvary1_step1_batch_yyy09.pl,q2,no,0.16,no,corr,0.0
4489,exp_cycles_indvary1_step1_batch_yyy09.pl,w5,no,0.16,no,corr,0.0
4490,exp_cycles_indvary1_step1_batch_yyy09.pl,u7,no,0.16,no,corr,0.0
4491,exp_cycles_indvary1_step1_batch_yyy10.pl,s4,no,0.15,no,corr,0.0
4492,exp_cycles_indvary1_step1_batch_yyy10.pl,v2,no,0.15,no,corr,0.0
4493,exp_cycles_indvary1_step1_batch_yyy10.pl,d4,no,0.15,no,corr,0.0
4494,exp_cycles_indvary1_step1_batch_yyy10.pl,r6,no,0.16,no,corr,0.0
4495,exp_cycles_indvary1_step1_batch_yyy10.pl,w5,no,0.15,no,corr,0.0
4496,exp_cycles_indvary1_step1_batch_yyy10.pl,p3,no,0.16,no,corr,0.0
4497,exp_cycles_indvary1_step1_batch_yyy10.pl,r4,no,0.16,no,corr,0.0
4498,exp_cycles_indvary1_step1_batch_yyy10.pl,r1,yes,0.17,yes,corr,1.0
4499,exp_cycles_indvary1_step1_batch_yyy10.pl,r3,no,0.16,no,corr,0.0
4500,exp_cycles_indvary1_step1_batch_yyy10.pl,u2,no,0.17,no,corr,0.0
4501,exp_cycles_indvary1_step2_batch_yyy01.pl,w1,yes,0.2,yes,corr,1.0
4502,exp_cycles_indvary1_step2_batch_yyy01.pl,x5,no,0.14,no,corr,0.0
4503,exp_cycles_indvary1_step2_batch_yyy01.pl,r4,no,0.17,no,corr,0.0
4504,exp_cycles_indvary1_step2_batch_yyy01.pl,y6,no,0.16,no,corr,0.0
4505,exp_cycles_indvary1_step2_batch_yyy01.pl,q2,no,0.51,no,corr,9.0
4506,exp_cycles_indvary1_step2_batch_yyy01.pl,y3,no,0.18,no,corr,0.0
4507,exp_cycles_indvary1_step2_batch_yyy01.pl,r5,no,0.16,no,corr,0.0
4508,exp_cycles_indvary1_step2_batch_yyy01.pl,d1,no,19.85,no,corr,14.0
4509,exp_cycles_indvary1_step2_batch_yyy01.pl,u2,no,0.21,no,corr,0.0
4510,exp_cycles_indvary1_step2_batch_yyy01.pl,t1,yes,0.23,yes,corr,2.0
4511,exp_cycles_indvary1_step2_batch_yyy02.pl,d4,no,0.2,no,corr,0.0
4512,exp_cycles_indvary1_step2_batch_yyy02.pl,x2,no,0.19,no,corr,0.0
4513,exp_cycles_indvary1_step2_batch_yyy02.pl,t7,no,0.21,no,corr,0.0
4514,exp_cycles_indvary1_step2_batch_yyy02.pl,d2,no,0.22,no,corr,1.0
4515,exp_cycles_indvary1_step2_batch_yyy02.pl,z3,no,0.2,no,corr,0.0
4516,exp_cycles_indvary1_step2_batch_yyy02.pl,q7,no,0.2,no,corr,0.0
4517,exp_cycles_indvary1_step2_batch_yyy02.pl,a6,no,0.19,no,corr,0.0
4518,exp_cycles_indvary1_step2_batch_yyy02.pl,s4,no,0.2,no,corr,0.0
4519,exp_cycles_indvary1_step2_batch_yyy02.pl,r6,no,0.2,no,corr,0.0
4520,exp_cycles_indvary1_step2_batch_yyy02.pl,e5,no,0.22,no,corr,0.0
4521,exp_cycles_indvary1_step2_batch_yyy03.pl,c4,no,0.21,no,corr,0.0
4522,exp_cycles_indvary1_step2_batch_yyy03.pl,v2,no,0.2,no,corr,0.0
4523,exp_cycles_indvary1_step2_batch_yyy03.pl,d3,no,0.21,no,corr,0.0
4524,exp_cycles_indvary1_step2_batch_yyy03.pl,w5,no,0.2,no,corr,0.0
4525,exp_cycles_indvary1_step2_batch_yyy03.pl,s5,no,0.22,no,corr,0.0
4526,exp_cycles_indvary1_step2_batch_yyy03.pl,b1,yes,0.37,yes,corr,6.0
4527,exp_cycles_indvary1_step2_batch_yyy03.pl,x7,no,0.2,no,corr,0.0
4528,exp_cycles_indvary1_step2_batch_yyy03.pl,e4,no,0.23,no,corr,0.0
4529,exp_cycles_indvary1_step2_batch_yyy03.pl,c6,no,0.2,no,corr,0.0
4530,exp_cycles_indvary1_step2_batch_yyy03.pl,f2,yes,0.24,yes,corr,1.0
4531,exp_cycles_indvary1_step2_batch_yyy04.pl,u5,no,0.24,no,corr,0.0
4532,exp_cycles_indvary1_step2_batch_yyy04.pl,d4,no,0.24,no,corr,0.0
4533,exp_cycles_indvary1_step2_batch_yyy04.pl,z1,yes,0.26,yes,corr,1.0
4534,exp_cycles_indvary1_step2_batch_yyy04.pl,x6,no,0.23,no,corr,0.0
4535,exp_cycles_indvary1_step2_batch_yyy04.pl,a1,no,0.27,no,corr,1.0
4536,exp_cycles_indvary1_step2_batch_yyy04.pl,p6,no,0.22,no,corr,0.0
4537,exp_cycles_indvary1_step2_batch_yyy04.pl,t4,no,0.23,no,corr,0.0
4538,exp_cycles_indvary1_step2_batch_yyy04.pl,t5,no,0.23,no,corr,0.0
4539,exp_cycles_indvary1_step2_batch_yyy04.pl,a6,no,0.2,no,corr,0.0
4540,exp_cycles_indvary1_step2_batch_yyy04.pl,v7,no,0.23,no,corr,0.0
4541,exp_cycles_indvary1_step2_batch_yyy05.pl,u6,no,0.24,no,corr,0.0
4542,exp_cycles_indvary1_step2_batch_yyy05.pl,v7,no,0.22,no,corr,0.0
4543,exp_cycles_indvary1_step2_batch_yyy05.pl,q5,no,0.24,no,corr,0.0
4544,exp_cycles_indvary1_step2_batch_yyy05.pl,b1,no,0.26,no,corr,1.0
4545,exp_cycles_indvary1_step2_batch_yyy05.pl,c6,no,0.2,no,corr,0.0
4546,exp_cycles_indvary1_step2_batch_yyy05.pl,r4,no,0.19,no,corr,0.0
4547,exp_cycles_indvary1_step2_batch_yyy05.pl,u2,no,0.21,no,corr,0.0
4548,exp_cycles_indvary1_step2_batch_yyy05.pl,p1,yes,0.24,yes,corr,1.0
4549,exp_cycles_indvary1_step2_batch_yyy05.pl,v2,no,0.21,no,corr,0.0
4550,exp_cycles_indvary1_step2_batch_yyy05.pl,e1,no,0.21,no,corr,1.0
4551,exp_cycles_indvary1_step2_batch_yyy06.pl,w7,no,0.2,no,corr,0.0
4552,exp_cycles_indvary1_step2_batch_yyy06.pl,e1,no,0.21,no,corr,1.0
4553,exp_cycles_indvary1_step2_batch_yyy06.pl,v5,no,0.17,no,corr,0.0
4554,exp_cycles_indvary1_step2_batch_yyy06.pl,t6,no,0.16,no,corr,0.0
4555,exp_cycles_indvary1_step2_batch_yyy06.pl,f5,no,0.17,no,corr,0.0
4556,exp_cycles_indvary1_step2_batch_yyy06.pl,u3,no,0.17,no,corr,0.0
4557,exp_cycles_indvary1_step2_batch_yyy06.pl,d1,no,0.66,no,corr,12.0
4558,exp_cycles_indvary1_step2_batch_yyy06.pl,x4,no,0.16,no,corr,0.0
4559,exp_cycles_indvary1_step2_batch_yyy06.pl,u1,yes,0.18,yes,corr,1.0
4560,exp_cycles_indvary1_step2_batch_yyy06.pl,e5,no,0.17,no,corr,0.0
4561,exp_cycles_indvary1_step2_batch_yyy07.pl,u6,no,0.16,no,corr,0.0
4562,exp_cycles_indvary1_step2_batch_yyy07.pl,w7,no,0.15,no,corr,0.0
4563,exp_cycles_indvary1_step2_batch_yyy07.pl,s5,no,0.15,no,corr,0.0
4564,exp_cycles_indvary1_step2_batch_yyy07.pl,s6,no,0.15,no,corr,0.0
4565,exp_cycles_indvary1_step2_batch_yyy07.pl,z3,no,0.15,no,corr,0.0
4566,exp_cycles_indvary1_step2_batch_yyy07.pl,q3,no,0.13,no,corr,0.0
4567,exp_cycles_indvary1_step2_batch_yyy07.pl,a4,no,0.15,no,corr,0.0
4568,exp_cycles_indvary1_step2_batch_yyy07.pl,w6,no,0.15,no,corr,0.0
4569,exp_cycles_indvary1_step2_batch_yyy07.pl,v1,yes,0.17,yes,corr,1.0
4570,exp_cycles_indvary1_step2_batch_yyy07.pl,p3,no,0.15,no,corr,0.0
4571,exp_cycles_indvary1_step2_batch_yyy08.pl,p4,no,0.15,no,corr,0.0
4572,exp_cycles_indvary1_step2_batch_yyy08.pl,v5,no,0.15,no,corr,0.0
4573,exp_cycles_indvary1_step2_batch_yyy08.pl,r5,no,0.16,no,corr,0.0
4574,exp_cycles_indvary1_step2_batch_yyy08.pl,t2,no,0.17,no,corr,0.0
4575,exp_cycles_indvary1_step2_batch_yyy08.pl,v4,no,0.17,no,corr,0.0
4576,exp_cycles_indvary1_step2_batch_yyy08.pl,v3,no,0.17,no,corr,0.0
4577,exp_cycles_indvary1_step2_batch_yyy08.pl,e2,yes,0.17,yes,corr,1.0
4578,exp_cycles_indvary1_step2_batch_yyy08.pl,q2,yes,0.28,yes,corr,4.0
4579,exp_cycles_indvary1_step2_batch_yyy08.pl,s5,no,0.22,no,corr,0.0
4580,exp_cycles_indvary1_step2_batch_yyy08.pl,t3,no,0.2,no,corr,0.0
4581,exp_cycles_indvary1_step2_batch_yyy09.pl,z6,no,0.23,no,corr,0.0
4582,exp_cycles_indvary1_step2_batch_yyy09.pl,u4,no,0.17,no,corr,0.0
4583,exp_cycles_indvary1_step2_batch_yyy09.pl,c5,no,0.19,no,corr,0.0
4584,exp_cycles_indvary1_step2_batch_yyy09.pl,x7,no,0.2,no,corr,0.0
4585,exp_cycles_indvary1_step2_batch_yyy09.pl,e4,no,0.17,no,corr,0.0
4586,exp_cycles_indvary1_step2_batch_yyy09.pl,t7,no,0.17,no,corr,0.0
4587,exp_cycles_indvary1_step2_batch_yyy09.pl,p1,no,37.68,no,corr,16.0
4588,exp_cycles_indvary1_step2_batch_yyy09.pl,a2,no,20.25,no,corr,11.0
4589,exp_cycles_indvary1_step2_batch_yyy09.pl,u3,no,0.03,no,corr,0.0
4590,exp_cycles_indvary1_step2_batch_yyy09.pl,e3,no,0.04,no,corr,0.0
4591,exp_cycles_indvary1_step2_batch_yyy10.pl,d5,no,0.03,no,corr,0.0
4592,exp_cycles_indvary1_step2_batch_yyy10.pl,b3,no,0.08,no,corr,6.0
4593,exp_cycles_indvary1_step2_batch_yyy10.pl,r6,no,0.04,no,corr,0.0
4594,exp_cycles_indvary1_step2_batch_yyy10.pl,w5,no,0.03,no,corr,0.0
4595,exp_cycles_indvary1_step2_batch_yyy10.pl,s5,no,0.04,no,corr,0.0
4596,exp_cycles_indvary1_step2_batch_yyy10.pl,a4,no,0.03,no,corr,0.0
4597,exp_cycles_indvary1_step2_batch_yyy10.pl,x1,yes,0.04,yes,corr,1.0
4598,exp_cycles_indvary1_step2_batch_yyy10.pl,q1,yes,0.05,yes,corr,2.0
4599,exp_cycles_indvary1_step2_batch_yyy10.pl,t2,no,0.04,no,corr,0.0
4600,exp_cycles_indvary1_step2_batch_yyy10.pl,c6,no,0.04,no,corr,0.0
4601,exp_cycles_indvary1_step3_batch_yyy01.pl,d4,no,0.04,no,corr,0.0
4602,exp_cycles_indvary1_step3_batch_yyy01.pl,c5,no,0.04,no,corr,0.0
4603,exp_cycles_indvary1_step3_batch_yyy01.pl,x2,no,0.06,no,corr,0.0
4604,exp_cycles_indvary1_step3_batch_yyy01.pl,r4,no,0.03,no,corr,0.0
4605,exp_cycles_indvary1_step3_batch_yyy01.pl,r1,no,0.05,no,corr,0.0
4606,exp_cycles_indvary1_step3_batch_yyy01.pl,x6,no,0.04,no,corr,0.0
4607,exp_cycles_indvary1_step3_batch_yyy01.pl,r2,yes,0.04,yes,corr,1.0
4608,exp_cycles_indvary1_step3_batch_yyy01.pl,q7,no,0.03,no,corr,0.0
4609,exp_cycles_indvary1_step3_batch_yyy01.pl,e2,no,0.08,no,corr,7.0
4610,exp_cycles_indvary1_step3_batch_yyy01.pl,r3,no,0.04,no,corr,0.0
4611,exp_cycles_indvary1_step3_batch_yyy02.pl,v7,no,0.03,no,corr,0.0
4612,exp_cycles_indvary1_step3_batch_yyy02.pl,p5,no,0.03,no,corr,0.0
4613,exp_cycles_indvary1_step3_batch_yyy02.pl,u4,no,0.03,no,corr,0.0
4614,exp_cycles_indvary1_step3_batch_yyy02.pl,r5,no,0.03,no,corr,0.0
4615,exp_cycles_indvary1_step3_batch_yyy02.pl,p3,no,0.09,no,corr,9.0
4616,exp_cycles_indvary1_step3_batch_yyy02.pl,r4,no,0.04,no,corr,0.0
4617,exp_cycles_indvary1_step3_batch_yyy02.pl,y2,no,0.04,no,corr,0.0
4618,exp_cycles_indvary1_step3_batch_yyy02.pl,f2,no,0.11,no,corr,8.0
4619,exp_cycles_indvary1_step3_batch_yyy02.pl,t2,no,0.06,no,corr,4.0
4620,exp_cycles_indvary1_step3_batch_yyy02.pl,s6,no,0.03,no,corr,0.0
4621,exp_cycles_indvary1_step3_batch_yyy03.pl,s3,no,0.04,no,corr,0.0
4622,exp_cycles_indvary1_step3_batch_yyy03.pl,d4,no,0.04,no,corr,0.0
4623,exp_cycles_indvary1_step3_batch_yyy03.pl,r6,no,0.03,no,corr,0.0
4624,exp_cycles_indvary1_step3_batch_yyy03.pl,b1,no,0.14,no,corr,10.0
4625,exp_cycles_indvary1_step3_batch_yyy03.pl,t7,no,0.04,no,corr,0.0
4626,exp_cycles_indvary1_step3_batch_yyy03.pl,u3,no,0.03,no,corr,0.0
4627,exp_cycles_indvary1_step3_batch_yyy03.pl,a1,yes,0.18,yes,corr,8.0
4628,exp_cycles_indvary1_step3_batch_yyy03.pl,t1,yes,0.72,yes,corr,10.0
4629,exp_cycles_indvary1_step3_batch_yyy03.pl,y6,no,0.03,no,corr,0.0
4630,exp_cycles_indvary1_step3_batch_yyy03.pl,w3,no,0.03,no,corr,0.0
4631,exp_cycles_indvary1_step3_batch_yyy04.pl,u5,no,0.03,no,corr,0.0
4632,exp_cycles_indvary1_step3_batch_yyy04.pl,y4,no,0.04,no,corr,0.0
4633,exp_cycles_indvary1_step3_batch_yyy04.pl,s5,no,0.04,no,corr,0.0
4634,exp_cycles_indvary1_step3_batch_yyy04.pl,s2,no,0.05,no,corr,3.0
4635,exp_cycles_indvary1_step3_batch_yyy04.pl,e4,no,0.04,no,corr,0.0
4636,exp_cycles_indvary1_step3_batch_yyy04.pl,u3,no,0.03,no,corr,0.0
4637,exp_cycles_indvary1_step3_batch_yyy04.pl,y1,no,1.37,no,corr,14.0
4638,exp_cycles_indvary1_step3_batch_yyy04.pl,f4,no,0.03,no,corr,0.0
4639,exp_cycles_indvary1_step3_batch_yyy04.pl,y2,yes,0.04,yes,corr,3.0
4640,exp_cycles_indvary1_step3_batch_yyy04.pl,a1,yes,0.04,yes,corr,3.0
4641,exp_cycles_indvary1_step3_batch_yyy05.pl,u6,no,0.04,no,corr,0.0
4642,exp_cycles_indvary1_step3_batch_yyy05.pl,t5,no,0.03,no,corr,0.0
4643,exp_cycles_indvary1_step3_batch_yyy05.pl,b3,yes,0.04,yes,corr,1.0
4644,exp_cycles_indvary1_step3_batch_yyy05.pl,p5,no,0.03,no,corr,0.0
4645,exp_cycles_indvary1_step3_batch_yyy05.pl,v5,no,0.03,no,corr,0.0
4646,exp_cycles_indvary1_step3_batch_yyy05.pl,s5,no,0.03,no,corr,0.0
4647,exp_cycles_indvary1_step3_batch_yyy05.pl,s2,no,0.11,no,corr,11.0
4648,exp_cycles_indvary1_step3_batch_yyy05.pl,e3,no,0.03,no,corr,0.0
4649,exp_cycles_indvary1_step3_batch_yyy05.pl,p6,no,0.03,no,corr,0.0
4650,exp_cycles_indvary1_step3_batch_yyy05.pl,f2,no,0.15,no,corr,13.0
4651,exp_cycles_indvary1_step3_batch_yyy06.pl,d5,no,0.03,no,corr,0.0
4652,exp_cycles_indvary1_step3_batch_yyy06.pl,v2,yes,0.04,yes,corr,1.0
4653,exp_cycles_indvary1_step3_batch_yyy06.pl,x3,no,0.03,no,corr,0.0
4654,exp_cycles_indvary1_step3_batch_yyy06.pl,d3,no,0.03,no,corr,0.0
4655,exp_cycles_indvary1_step3_batch_yyy06.pl,b4,no,0.03,no,corr,0.0
4656,exp_cycles_indvary1_step3_batch_yyy06.pl,a5,no,0.03,no,corr,0.0
4657,exp_cycles_indvary1_step3_batch_yyy06.pl,x2,yes,0.99,yes,corr,9.0
4658,exp_cycles_indvary1_step3_batch_yyy06.pl,z4,no,0.03,no,corr,0.0
4659,exp_cycles_indvary1_step3_batch_yyy06.pl,v1,yes,0.67,yes,corr,9.0
4660,exp_cycles_indvary1_step3_batch_yyy06.pl,d2,yes,0.04,yes,corr,1.0
4661,exp_cycles_indvary1_step3_batch_yyy07.pl,d4,no,0.03,no,corr,0.0
4662,exp_cycles_indvary1_step3_batch_yyy07.pl,u1,yes,0.04,yes,corr,2.0
4663,exp_cycles_indvary1_step3_batch_yyy07.pl,d3,no,0.03,no,corr,0.0
4664,exp_cycles_indvary1_step3_batch_yyy07.pl,f5,no,0.03,no,corr,0.0
4665,exp_cycles_indvary1_step3_batch_yyy07.pl,e4,no,0.03,no,corr,0.0
4666,exp_cycles_indvary1_step3_batch_yyy07.pl,s6,no,0.03,no,corr,0.0
4667,exp_cycles_indvary1_step3_batch_yyy07.pl,r1,no,0.03,no,corr,0.0
4668,exp_cycles_indvary1_step3_batch_yyy07.pl,y2,yes,0.05,yes,corr,1.0
4669,exp_cycles_indvary1_step3_batch_yyy07.pl,s4,no,0.03,no,corr,0.0
4670,exp_cycles_indvary1_step3_batch_yyy07.pl,v7,no,0.03,no,corr,0.0
4671,exp_cycles_indvary1_step3_batch_yyy08.pl,t4,no,0.03,no,corr,0.0
4672,exp_cycles_indvary1_step3_batch_yyy08.pl,y4,no,0.03,no,corr,0.0
4673,exp_cycles_indvary1_step3_batch_yyy08.pl,w2,yes,0.04,yes,corr,1.0
4674,exp_cycles_indvary1_step3_batch_yyy08.pl,t6,no,0.03,no,corr,0.0
4675,exp_cycles_indvary1_step3_batch_yyy08.pl,e4,no,0.03,no,corr,0.0
4676,exp_cycles_indvary1_step3_batch_yyy08.pl,v1,no,0.09,no,corr,8.0
4677,exp_cycles_indvary1_step3_batch_yyy08.pl,u3,no,0.03,no,corr,0.0
4678,exp_cycles_indvary1_step3_batch_yyy08.pl,r7,no,0.03,no,corr,0.0
4679,exp_cycles_indvary1_step3_batch_yyy08.pl,t2,yes,0.05,yes,corr,4.0
4680,exp_cycles_indvary1_step3_batch_yyy08.pl,b5,no,0.03,no,corr,0.0
4681,exp_cycles_indvary1_step3_batch_yyy09.pl,z6,no,0.03,no,corr,0.0
4682,exp_cycles_indvary1_step3_batch_yyy09.pl,y4,no,0.03,no,corr,0.0
4683,exp_cycles_indvary1_step3_batch_yyy09.pl,d4,no,0.03,no,corr,0.0
4684,exp_cycles_indvary1_step3_batch_yyy09.pl,c2,no,0.03,no,corr,1.0
4685,exp_cycles_indvary1_step3_batch_yyy09.pl,z2,no,0.03,no,corr,0.0
4686,exp_cycles_indvary1_step3_batch_yyy09.pl,r1,yes,0.04,yes,corr,1.0
4687,exp_cycles_indvary1_step3_batch_yyy09.pl,r2,yes,0.04,yes,corr,3.0
4688,exp_cycles_indvary1_step3_batch_yyy09.pl,p6,no,0.04,no,corr,0.0
4689,exp_cycles_indvary1_step3_batch_yyy09.pl,y2,yes,0.04,yes,corr,1.0
4690,exp_cycles_indvary1_step3_batch_yyy09.pl,x6,no,0.04,no,corr,0.0
4691,exp_cycles_indvary1_step3_batch_yyy10.pl,t5,no,0.03,no,corr,0.0
4692,exp_cycles_indvary1_step3_batch_yyy10.pl,v7,no,0.03,no,corr,0.0
4693,exp_cycles_indvary1_step3_batch_yyy10.pl,z5,no,0.03,no,corr,0.0
4694,exp_cycles_indvary1_step3_batch_yyy10.pl,u4,no,0.03,no,corr,0.0
4695,exp_cycles_indvary1_step3_batch_yyy10.pl,v1,no,0.03,no,corr,0.0
4696,exp_cycles_indvary1_step3_batch_yyy10.pl,z2,yes,0.06,yes,corr,6.0
4697,exp_cycles_indvary1_step3_batch_yyy10.pl,r3,no,0.03,no,corr,0.0
4698,exp_cycles_indvary1_step3_batch_yyy10.pl,z1,yes,0.04,yes,corr,2.0
4699,exp_cycles_indvary1_step3_batch_yyy10.pl,c5,no,0.03,no,corr,0.0
4700,exp_cycles_indvary1_step3_batch_yyy10.pl,b1,yes,0.07,yes,corr,6.0
4701,exp_cycles_indvary1_step4_batch_yyy01.pl,v7,no,0.04,no,corr,0.0
4702,exp_cycles_indvary1_step4_batch_yyy01.pl,z5,no,0.04,no,corr,0.0
4703,exp_cycles_indvary1_step4_batch_yyy01.pl,x3,no,0.03,no,corr,0.0
4704,exp_cycles_indvary1_step4_batch_yyy01.pl,y3,yes,0.04,yes,corr,1.0
4705,exp_cycles_indvary1_step4_batch_yyy01.pl,p3,no,0.03,no,corr,0.0
4706,exp_cycles_indvary1_step4_batch_yyy01.pl,u3,no,0.04,no,corr,3.0
4707,exp_cycles_indvary1_step4_batch_yyy01.pl,y2,yes,0.04,yes,corr,1.0
4708,exp_cycles_indvary1_step4_batch_yyy01.pl,r3,yes,0.04,yes,corr,1.0
4709,exp_cycles_indvary1_step4_batch_yyy01.pl,s3,no,0.03,no,corr,0.0
4710,exp_cycles_indvary1_step4_batch_yyy01.pl,c4,no,0.03,no,corr,0.0
4711,exp_cycles_indvary1_step4_batch_yyy02.pl,p4,no,0.03,no,corr,0.0
4712,exp_cycles_indvary1_step4_batch_yyy02.pl,u1,yes,0.03,yes,corr,1.0
4713,exp_cycles_indvary1_step4_batch_yyy02.pl,q5,no,0.04,no,corr,0.0
4714,exp_cycles_indvary1_step4_batch_yyy02.pl,z1,no,0.03,no,corr,0.0
4715,exp_cycles_indvary1_step4_batch_yyy02.pl,p2,no,0.05,no,corr,3.0
4716,exp_cycles_indvary1_step4_batch_yyy02.pl,u2,yes,0.03,yes,corr,1.0
4717,exp_cycles_indvary1_step4_batch_yyy02.pl,y4,no,0.03,no,corr,0.0
4718,exp_cycles_indvary1_step4_batch_yyy02.pl,v7,no,0.03,no,corr,0.0
4719,exp_cycles_indvary1_step4_batch_yyy02.pl,c1,no,0.03,no,corr,1.0
4720,exp_cycles_indvary1_step4_batch_yyy02.pl,z2,no,0.03,no,corr,0.0
4721,exp_cycles_indvary1_step4_batch_yyy03.pl,s3,no,0.03,no,corr,0.0
4722,exp_cycles_indvary1_step4_batch_yyy03.pl,b3,no,0.03,no,corr,1.0
4723,exp_cycles_indvary1_step4_batch_yyy03.pl,q5,no,0.03,no,corr,0.0
4724,exp_cycles_indvary1_step4_batch_yyy03.pl,f3,no,0.03,no,corr,0.0
4725,exp_cycles_indvary1_step4_batch_yyy03.pl,x5,no,0.03,no,corr,0.0
4726,exp_cycles_indvary1_step4_batch_yyy03.pl,v4,no,0.03,no,corr,0.0
4727,exp_cycles_indvary1_step4_batch_yyy03.pl,q1,no,0.03,no,corr,0.0
4728,exp_cycles_indvary1_step4_batch_yyy03.pl,w3,no,0.06,no,corr,7.0
4729,exp_cycles_indvary1_step4_batch_yyy03.pl,w2,no,0.03,no,corr,0.0
4730,exp_cycles_indvary1_step4_batch_yyy03.pl,r6,no,0.03,no,corr,0.0
4731,exp_cycles_indvary1_step4_batch_yyy04.pl,c4,no,0.03,no,corr,0.0
4732,exp_cycles_indvary1_step4_batch_yyy04.pl,s4,no,0.03,no,corr,0.0
4733,exp_cycles_indvary1_step4_batch_yyy04.pl,q6,no,0.03,no,corr,0.0
4734,exp_cycles_indvary1_step4_batch_yyy04.pl,f1,no,0.04,no,corr,1.0
4735,exp_cycles_indvary1_step4_batch_yyy04.pl,x2,yes,0.04,yes,corr,1.0
4736,exp_cycles_indvary1_step4_batch_yyy04.pl,y3,yes,0.05,yes,corr,1.0
4737,exp_cycles_indvary1_step4_batch_yyy04.pl,t7,no,0.03,no,corr,0.0
4738,exp_cycles_indvary1_step4_batch_yyy04.pl,r1,no,0.03,no,corr,0.0
4739,exp_cycles_indvary1_step4_batch_yyy04.pl,a2,no,0.03,no,corr,1.0
4740,exp_cycles_indvary1_step4_batch_yyy04.pl,f2,yes,0.04,yes,corr,1.0
4741,exp_cycles_indvary1_step4_batch_yyy05.pl,y4,no,0.03,no,corr,0.0
4742,exp_cycles_indvary1_step4_batch_yyy05.pl,v2,no,0.03,no,corr,0.0
4743,exp_cycles_indvary1_step4_batch_yyy05.pl,w5,no,0.03,no,corr,0.0
4744,exp_cycles_indvary1_step4_batch_yyy05.pl,x2,yes,0.04,yes,corr,2.0
4745,exp_cycles_indvary1_step4_batch_yyy05.pl,s7,no,0.03,no,corr,0.0
4746,exp_cycles_indvary1_step4_batch_yyy05.pl,d1,no,0.03,no,corr,1.0
4747,exp_cycles_indvary1_step4_batch_yyy05.pl,t6,no,0.03,no,corr,0.0
4748,exp_cycles_indvary1_step4_batch_yyy05.pl,a5,no,0.03,no,corr,0.0
4749,exp_cycles_indvary1_step4_batch_yyy05.pl,r5,no,0.03,no,corr,0.0
4750,exp_cycles_indvary1_step4_batch_yyy05.pl,e4,no,0.03,no,corr,0.0
4751,exp_cycles_indvary1_step4_batch_yyy06.pl,p5,no,0.03,no,corr,0.0
4752,exp_cycles_indvary1_step4_batch_yyy06.pl,s5,no,0.03,no,corr,0.0
4753,exp_cycles_indvary1_step4_batch_yyy06.pl,t6,no,0.03,no,corr,0.0
4754,exp_cycles_indvary1_step4_batch_yyy06.pl,c6,no,0.03,no,corr,0.0
4755,exp_cycles_indvary1_step4_batch_yyy06.pl,p2,yes,0.04,yes,corr,2.0
4756,exp_cycles_indvary1_step4_batch_yyy06.pl,w3,no,0.03,no,corr,0.0
4757,exp_cycles_indvary1_step4_batch_yyy06.pl,a6,no,0.03,no,corr,0.0
4758,exp_cycles_indvary1_step4_batch_yyy06.pl,b3,yes,0.04,yes,corr,0.0
4759,exp_cycles_indvary1_step4_batch_yyy06.pl,r7,no,0.04,no,corr,0.0
4760,exp_cycles_indvary1_step4_batch_yyy06.pl,b6,no,0.03,no,corr,0.0
4761,exp_cycles_indvary1_step4_batch_yyy07.pl,a6,no,0.03,no,corr,0.0
4762,exp_cycles_indvary1_step4_batch_yyy07.pl,v6,no,0.03,no,corr,0.0
4763,exp_cycles_indvary1_step4_batch_yyy07.pl,c5,no,0.03,no,corr,0.0
4764,exp_cycles_indvary1_step4_batch_yyy07.pl,w1,yes,0.04,yes,corr,2.0
4765,exp_cycles_indvary1_step4_batch_yyy07.pl,r7,no,0.04,no,corr,0.0
4766,exp_cycles_indvary1_step4_batch_yyy07.pl,y5,no,0.03,no,corr,0.0
4767,exp_cycles_indvary1_step4_batch_yyy07.pl,x4,no,0.03,no,corr,0.0
4768,exp_cycles_indvary1_step4_batch_yyy07.pl,f2,no,0.04,no,corr,1.0
4769,exp_cycles_indvary1_step4_batch_yyy07.pl,e2,yes,0.04,yes,corr,0.0
4770,exp_cycles_indvary1_step4_batch_yyy07.pl,t1,yes,0.03,yes,corr,1.0
4771,exp_cycles_indvary1_step4_batch_yyy08.pl,e5,no,0.03,no,corr,0.0
4772,exp_cycles_indvary1_step4_batch_yyy08.pl,u4,no,0.03,no,corr,0.0
4773,exp_cycles_indvary1_step4_batch_yyy08.pl,v5,no,0.03,no,corr,0.0
4774,exp_cycles_indvary1_step4_batch_yyy08.pl,t3,yes,0.04,yes,corr,1.0
4775,exp_cycles_indvary1_step4_batch_yyy08.pl,x7,no,0.03,no,corr,0.0
4776,exp_cycles_indvary1_step4_batch_yyy08.pl,w6,no,0.03,no,corr,0.0
4777,exp_cycles_indvary1_step4_batch_yyy08.pl,t2,yes,0.03,yes,corr,1.0
4778,exp_cycles_indvary1_step4_batch_yyy08.pl,f4,no,0.03,no,corr,0.0
4779,exp_cycles_indvary1_step4_batch_yyy08.pl,r2,no,0.03,no,corr,0.0
4780,exp_cycles_indvary1_step4_batch_yyy08.pl,b6,no,0.03,no,corr,0.0
4781,exp_cycles_indvary1_step4_batch_yyy09.pl,w7,no,0.03,no,corr,0.0
4782,exp_cycles_indvary1_step4_batch_yyy09.pl,e1,yes,0.05,yes,corr,4.0
4783,exp_cycles_indvary1_step4_batch_yyy09.pl,v6,no,0.04,no,corr,0.0
4784,exp_cycles_indvary1_step4_batch_yyy09.pl,c2,yes,0.05,yes,corr,4.0
4785,exp_cycles_indvary1_step4_batch_yyy09.pl,e3,no,0.03,no,corr,0.0
4786,exp_cycles_indvary1_step4_batch_yyy09.pl,a3,yes,0.05,yes,corr,3.0
4787,exp_cycles_indvary1_step4_batch_yyy09.pl,q1,no,0.08,no,corr,8.0
4788,exp_cycles_indvary1_step4_batch_yyy09.pl,a2,yes,0.04,yes,corr,1.0
4789,exp_cycles_indvary1_step4_batch_yyy09.pl,a4,no,0.03,no,corr,0.0
4790,exp_cycles_indvary1_step4_batch_yyy09.pl,x2,yes,0.04,yes,corr,1.0
4791,exp_cycles_indvary1_step4_batch_yyy10.pl,v7,no,0.04,no,corr,0.0
4792,exp_cycles_indvary1_step4_batch_yyy10.pl,u1,no,0.03,no,corr,0.0
4793,exp_cycles_indvary1_step4_batch_yyy10.pl,b5,no,0.03,no,corr,0.0
4794,exp_cycles_indvary1_step4_batch_yyy10.pl,a1,no,0.04,no,corr,1.0
4795,exp_cycles_indvary1_step4_batch_yyy10.pl,y6,no,0.03,no,corr,0.0
4796,exp_cycles_indvary1_step4_batch_yyy10.pl,a4,no,0.03,no,corr,0.0
4797,exp_cycles_indvary1_step4_batch_yyy10.pl,x2,no,0.03,no,corr,0.0
4798,exp_cycles_indvary1_step4_batch_yyy10.pl,f5,no,0.03,no,corr,0.0
4799,exp_cycles_indvary1_step4_batch_yyy10.pl,r3,yes,0.03,yes,corr,1.0
4800,exp_cycles_indvary1_step4_batch_yyy10.pl,q1,no,0.03,no,corr,0.0
4801,exp_cycles_indvary1_step5_batch_yyy01.pl,p7,no,0.04,no,corr,0.0
4802,exp_cycles_indvary1_step5_batch_yyy01.pl,q5,no,0.05,no,corr,0.0
4803,exp_cycles_indvary1_step5_batch_yyy01.pl,q4,no,0.03,no,corr,0.0
4804,exp_cycles_indvary1_step5_batch_yyy01.pl,x2,no,0.03,no,corr,0.0
4805,exp_cycles_indvary1_step5_batch_yyy01.pl,c1,no,0.04,no,corr,1.0
4806,exp_cycles_indvary1_step5_batch_yyy01.pl,p2,no,16.54,no,corr,20.0
4807,exp_cycles_indvary1_step5_batch_yyy01.pl,s4,no,0.03,no,corr,0.0
4808,exp_cycles_indvary1_step5_batch_yyy01.pl,v7,no,0.03,no,corr,0.0
4809,exp_cycles_indvary1_step5_batch_yyy01.pl,x4,yes,0.11,yes,corr,6.0
4810,exp_cycles_indvary1_step5_batch_yyy01.pl,w3,yes,0.03,yes,corr,1.0
4811,exp_cycles_indvary1_step5_batch_yyy02.pl,z5,no,0.03,no,corr,0.0
4812,exp_cycles_indvary1_step5_batch_yyy02.pl,f1,no,0.05,no,corr,3.0
4813,exp_cycles_indvary1_step5_batch_yyy02.pl,x7,no,0.03,no,corr,0.0
4814,exp_cycles_indvary1_step5_batch_yyy02.pl,u3,yes,0.05,yes,corr,1.0
4815,exp_cycles_indvary1_step5_batch_yyy02.pl,y1,yes,0.04,yes,corr,1.0
4816,exp_cycles_indvary1_step5_batch_yyy02.pl,p2,no,0.03,no,corr,0.0
4817,exp_cycles_indvary1_step5_batch_yyy02.pl,c2,yes,0.04,yes,corr,2.0
4818,exp_cycles_indvary1_step5_batch_yyy02.pl,a5,no,0.03,no,corr,0.0
4819,exp_cycles_indvary1_step5_batch_yyy02.pl,x5,no,0.03,no,corr,0.0
4820,exp_cycles_indvary1_step5_batch_yyy02.pl,s6,no,0.03,no,corr,0.0
4821,exp_cycles_indvary1_step5_batch_yyy03.pl,u4,no,0.03,no,corr,0.0
4822,exp_cycles_indvary1_step5_batch_yyy03.pl,q4,no,0.03,no,corr,0.0
4823,exp_cycles_indvary1_step5_batch_yyy03.pl,z2,no,0.04,no,corr,0.0
4824,exp_cycles_indvary1_step5_batch_yyy03.pl,u3,no,0.04,no,corr,1.0
4825,exp_cycles_indvary1_step5_batch_yyy03.pl,y1,yes,0.04,yes,corr,1.0
4826,exp_cycles_indvary1_step5_batch_yyy03.pl,y6,no,0.04,no,corr,0.0
4827,exp_cycles_indvary1_step5_batch_yyy03.pl,a2,yes,0.04,yes,corr,0.0
4828,exp_cycles_indvary1_step5_batch_yyy03.pl,q2,no,0.04,no,corr,0.0
4829,exp_cycles_indvary1_step5_batch_yyy03.pl,p7,no,0.04,no,corr,0.0
4830,exp_cycles_indvary1_step5_batch_yyy03.pl,x3,no,0.03,no,corr,0.0
4831,exp_cycles_indvary1_step5_batch_yyy04.pl,s4,no,0.05,no,corr,3.0
4832,exp_cycles_indvary1_step5_batch_yyy04.pl,v2,no,0.04,no,corr,0.0
4833,exp_cycles_indvary1_step5_batch_yyy04.pl,p7,no,0.04,no,corr,0.0
4834,exp_cycles_indvary1_step5_batch_yyy04.pl,u1,yes,0.04,yes,corr,1.0
4835,exp_cycles_indvary1_step5_batch_yyy04.pl,a4,no,0.04,no,corr,0.0
4836,exp_cycles_indvary1_step5_batch_yyy04.pl,q1,no,0.04,no,corr,0.0
4837,exp_cycles_indvary1_step5_batch_yyy04.pl,b4,no,0.06,no,corr,0.0
4838,exp_cycles_indvary1_step5_batch_yyy04.pl,q5,no,0.04,no,corr,0.0
4839,exp_cycles_indvary1_step5_batch_yyy04.pl,t2,no,0.04,no,corr,0.0
4840,exp_cycles_indvary1_step5_batch_yyy04.pl,c6,no,0.04,no,corr,0.0
4841,exp_cycles_indvary1_step5_batch_yyy05.pl,e1,yes,0.04,yes,corr,0.0
4842,exp_cycles_indvary1_step5_batch_yyy05.pl,d3,no,0.04,no,corr,0.0
4843,exp_cycles_indvary1_step5_batch_yyy05.pl,v5,no,0.03,no,corr,0.0
4844,exp_cycles_indvary1_step5_batch_yyy05.pl,b4,no,0.03,no,corr,0.0
4845,exp_cycles_indvary1_step5_batch_yyy05.pl,w1,no,0.03,no,corr,0.0
4846,exp_cycles_indvary1_step5_batch_yyy05.pl,e3,no,0.03,no,corr,0.0
4847,exp_cycles_indvary1_step5_batch_yyy05.pl,p2,no,0.03,no,corr,0.0
4848,exp_cycles_indvary1_step5_batch_yyy05.pl,q3,no,0.04,no,corr,2.0
4849,exp_cycles_indvary1_step5_batch_yyy05.pl,s7,no,0.04,no,corr,0.0
4850,exp_cycles_indvary1_step5_batch_yyy05.pl,y5,no,0.04,no,corr,0.0
4851,exp_cycles_indvary1_step5_batch_yyy06.pl,u4,no,0.05,no,corr,3.0
4852,exp_cycles_indvary1_step5_batch_yyy06.pl,w5,no,0.03,no,corr,0.0
4853,exp_cycles_indvary1_step5_batch_yyy06.pl,s2,no,0.06,no,corr,4.0
4854,exp_cycles_indvary1_step5_batch_yyy06.pl,f5,no,0.04,no,corr,0.0
4855,exp_cycles_indvary1_step5_batch_yyy06.pl,r5,no,0.04,no,corr,0.0
4856,exp_cycles_indvary1_step5_batch_yyy06.pl,v4,no,0.04,no,corr,0.0
4857,exp_cycles_indvary1_step5_batch_yyy06.pl,s5,no,0.04,no,corr,0.0
4858,exp_cycles_indvary1_step5_batch_yyy06.pl,t3,no,0.04,no,corr,0.0
4859,exp_cycles_indvary1_step5_batch_yyy06.pl,e2,no,0.04,no,corr,1.0
4860,exp_cycles_indvary1_step5_batch_yyy06.pl,r3,yes,0.04,yes,corr,1.0
4861,exp_cycles_indvary1_step5_batch_yyy07.pl,u5,no,0.03,no,corr,0.0
4862,exp_cycles_indvary1_step5_batch_yyy07.pl,y4,no,0.04,no,corr,0.0
4863,exp_cycles_indvary1_step5_batch_yyy07.pl,v2,no,0.03,no,corr,0.0
4864,exp_cycles_indvary1_step5_batch_yyy07.pl,p4,yes,0.04,yes,corr,1.0
4865,exp_cycles_indvary1_step5_batch_yyy07.pl,w2,no,0.04,no,corr,0.0
4866,exp_cycles_indvary1_step5_batch_yyy07.pl,c5,no,0.03,no,corr,0.0
4867,exp_cycles_indvary1_step5_batch_yyy07.pl,r5,no,0.03,no,corr,0.0
4868,exp_cycles_indvary1_step5_batch_yyy07.pl,s6,no,0.03,no,corr,0.0
4869,exp_cycles_indvary1_step5_batch_yyy07.pl,r7,no,0.04,no,corr,0.0
4870,exp_cycles_indvary1_step5_batch_yyy07.pl,a2,yes,0.04,yes,corr,0.0
4871,exp_cycles_indvary1_step5_batch_yyy08.pl,u6,no,0.04,no,corr,0.0
4872,exp_cycles_indvary1_step5_batch_yyy08.pl,t4,yes,0.07,yes,corr,4.0
4873,exp_cycles_indvary1_step5_batch_yyy08.pl,a6,no,0.04,no,corr,0.0
4874,exp_cycles_indvary1_step5_batch_yyy08.pl,d3,no,0.03,no,corr,0.0
4875,exp_cycles_indvary1_step5_batch_yyy08.pl,t3,yes,0.04,yes,corr,1.0
4876,exp_cycles_indvary1_step5_batch_yyy08.pl,a5,no,0.03,no,corr,0.0
4877,exp_cycles_indvary1_step5_batch_yyy08.pl,v1,no,0.03,no,corr,0.0
4878,exp_cycles_indvary1_step5_batch_yyy08.pl,r3,no,0.08,no,corr,5.0
4879,exp_cycles_indvary1_step5_batch_yyy08.pl,y6,no,0.04,no,corr,0.0
4880,exp_cycles_indvary1_step5_batch_yyy08.pl,q2,no,0.05,no,corr,0.0
4881,exp_cycles_indvary1_step5_batch_yyy09.pl,x3,no,0.03,no,corr,0.0
4882,exp_cycles_indvary1_step5_batch_yyy09.pl,z1,no,0.04,no,corr,0.0
4883,exp_cycles_indvary1_step5_batch_yyy09.pl,p3,no,0.25,no,corr,9.0
4884,exp_cycles_indvary1_step5_batch_yyy09.pl,y2,no,0.04,no,corr,0.0
4885,exp_cycles_indvary1_step5_batch_yyy09.pl,s7,no,0.03,no,corr,0.0
4886,exp_cycles_indvary1_step5_batch_yyy09.pl,p6,no,0.03,no,corr,0.0
4887,exp_cycles_indvary1_step5_batch_yyy09.pl,q5,no,0.03,no,corr,0.0
4888,exp_cycles_indvary1_step5_batch_yyy09.pl,t3,no,0.03,no,corr,0.0
4889,exp_cycles_indvary1_step5_batch_yyy09.pl,x5,no,0.04,no,corr,0.0
4890,exp_cycles_indvary1_step5_batch_yyy09.pl,c6,no,0.04,no,corr,0.0
4891,exp_cycles_indvary1_step5_batch_yyy10.pl,v2,no,0.18,no,corr,10.0
4892,exp_cycles_indvary1_step5_batch_yyy10.pl,e5,no,0.04,no,corr,0.0
4893,exp_cycles_indvary1_step5_batch_yyy10.pl,x7,no,0.04,no,corr,0.0
4894,exp_cycles_indvary1_step5_batch_yyy10.pl,d2,yes,0.04,yes,corr,1.0
4895,exp_cycles_indvary1_step5_batch_yyy10.pl,p1,no,0.04,no,corr,3.0
4896,exp_cycles_indvary1_step5_batch_yyy10.pl,c2,yes,0.04,yes,corr,1.0
4897,exp_cycles_indvary1_step5_batch_yyy10.pl,a5,no,0.04,no,corr,0.0
4898,exp_cycles_indvary1_step5_batch_yyy10.pl,t2,no,0.03,no,corr,0.0
4899,exp_cycles_indvary1_step5_batch_yyy10.pl,s6,no,0.03,no,corr,0.0
4900,exp_cycles_indvary1_step5_batch_yyy10.pl,b5,no,0.04,no,corr,0.0
4901,exp_cycles_indvary1_step6_batch_yyy01.pl,u5,yes,0.09,yes,corr,4.0
4902,exp_cycles_indvary1_step6_batch_yyy01.pl,c3,yes,0.04,yes,corr,0.0
4903,exp_cycles_indvary1_step6_batch_yyy01.pl,z5,no,0.04,no,corr,0.0
4904,exp_cycles_indvary1_step6_batch_yyy01.pl,d4,no,0.04,no,corr,0.0
4905,exp_cycles_indvary1_step6_batch_yyy01.pl,w2,no,0.03,no,corr,0.0
4906,exp_cycles_indvary1_step6_batch_yyy01.pl,q4,no,0.03,no,corr,0.0
4907,exp_cycles_indvary1_step6_batch_yyy01.pl,x5,yes,0.04,yes,corr,1.0
4908,exp_cycles_indvary1_step6_batch_yyy01.pl,q3,no,0.06,no,corr,3.0
4909,exp_cycles_indvary1_step6_batch_yyy01.pl,r2,no,0.05,no,corr,0.0
4910,exp_cycles_indvary1_step6_batch_yyy01.pl,a2,yes,0.04,yes,corr,0.0
4911,exp_cycles_indvary1_step6_batch_yyy02.pl,s3,no,0.04,no,corr,0.0
4912,exp_cycles_indvary1_step6_batch_yyy02.pl,z5,yes,0.04,yes,corr,1.0
4913,exp_cycles_indvary1_step6_batch_yyy02.pl,e5,no,0.04,no,corr,0.0
4914,exp_cycles_indvary1_step6_batch_yyy02.pl,w6,no,0.04,no,corr,0.0
4915,exp_cycles_indvary1_step6_batch_yyy02.pl,x5,no,0.03,no,corr,0.0
4916,exp_cycles_indvary1_step6_batch_yyy02.pl,f4,no,0.03,no,corr,0.0
4917,exp_cycles_indvary1_step6_batch_yyy02.pl,r7,no,0.03,no,corr,0.0
4918,exp_cycles_indvary1_step6_batch_yyy02.pl,x4,no,0.03,no,corr,0.0
4919,exp_cycles_indvary1_step6_batch_yyy02.pl,c2,yes,0.04,yes,corr,1.0
4920,exp_cycles_indvary1_step6_batch_yyy02.pl,a5,no,0.04,no,corr,0.0
4921,exp_cycles_indvary1_step6_batch_yyy03.pl,t4,no,0.04,no,corr,0.0
4922,exp_cycles_indvary1_step6_batch_yyy03.pl,v7,no,0.04,no,corr,0.0
4923,exp_cycles_indvary1_step6_batch_yyy03.pl,x3,yes,0.05,yes,corr,2.0
4924,exp_cycles_indvary1_step6_batch_yyy03.pl,w6,no,0.03,no,corr,0.0
4925,exp_cycles_indvary1_step6_batch_yyy03.pl,e4,no,0.03,no,corr,0.0
4926,exp_cycles_indvary1_step6_batch_yyy03.pl,b5,no,0.04,no,corr,0.0
4927,exp_cycles_indvary1_step6_batch_yyy03.pl,r2,yes,0.04,yes,corr,1.0
4928,exp_cycles_indvary1_step6_batch_yyy03.pl,y5,no,0.04,no,corr,0.0
4929,exp_cycles_indvary1_step6_batch_yyy03.pl,v4,no,0.05,no,corr,2.0
4930,exp_cycles_indvary1_step6_batch_yyy03.pl,r4,no,0.04,no,corr,0.0
4931,exp_cycles_indvary1_step6_batch_yyy04.pl,f5,no,0.03,no,corr,0.0
4932,exp_cycles_indvary1_step6_batch_yyy04.pl,v1,no,0.04,no,corr,0.0
4933,exp_cycles_indvary1_step6_batch_yyy04.pl,x5,no,0.03,no,corr,0.0
4934,exp_cycles_indvary1_step6_batch_yyy04.pl,r2,yes,0.04,yes,corr,1.0
4935,exp_cycles_indvary1_step6_batch_yyy04.pl,v6,no,0.03,no,corr,0.0
4936,exp_cycles_indvary1_step6_batch_yyy04.pl,u1,yes,0.04,yes,corr,1.0
4937,exp_cycles_indvary1_step6_batch_yyy04.pl,w4,no,0.14,no,corr,8.0
4938,exp_cycles_indvary1_step6_batch_yyy04.pl,f3,no,0.04,no,corr,0.0
4939,exp_cycles_indvary1_step6_batch_yyy04.pl,d1,no,0.04,no,corr,1.0
4940,exp_cycles_indvary1_step6_batch_yyy04.pl,u2,no,0.04,no,corr,0.0
4941,exp_cycles_indvary1_step6_batch_yyy05.pl,c3,no,0.04,no,corr,1.0
4942,exp_cycles_indvary1_step6_batch_yyy05.pl,d3,no,0.03,no,corr,0.0
4943,exp_cycles_indvary1_step6_batch_yyy05.pl,v5,no,0.03,no,corr,0.0
4944,exp_cycles_indvary1_step6_batch_yyy05.pl,x7,no,0.04,no,corr,0.0
4945,exp_cycles_indvary1_step6_batch_yyy05.pl,a4,no,0.04,no,corr,0.0
4946,exp_cycles_indvary1_step6_batch_yyy05.pl,s1,no,0.03,no,corr,0.0
4947,exp_cycles_indvary1_step6_batch_yyy05.pl,a6,no,0.03,no,corr,0.0
4948,exp_cycles_indvary1_step6_batch_yyy05.pl,y4,yes,0.04,yes,corr,1.0
4949,exp_cycles_indvary1_step6_batch_yyy05.pl,q7,no,0.04,no,corr,0.0
4950,exp_cycles_indvary1_step6_batch_yyy05.pl,y5,no,0.03,no,corr,0.0
4951,exp_cycles_indvary1_step6_batch_yyy06.pl,u6,no,0.04,no,corr,0.0
4952,exp_cycles_indvary1_step6_batch_yyy06.pl,z6,no,0.04,no,corr,0.0
4953,exp_cycles_indvary1_step6_batch_yyy06.pl,y4,no,0.06,no,corr,5.0
4954,exp_cycles_indvary1_step6_batch_yyy06.pl,x2,no,0.04,no,corr,0.0
4955,exp_cycles_indvary1_step6_batch_yyy06.pl,f3,no,0.03,no,corr,0.0
4956,exp_cycles_indvary1_step6_batch_yyy06.pl,e3,no,0.03,no,corr,0.0
4957,exp_cycles_indvary1_step6_batch_yyy06.pl,p2,no,0.04,no,corr,0.0
4958,exp_cycles_indvary1_step6_batch_yyy06.pl,q6,no,0.03,no,corr,0.0
4959,exp_cycles_indvary1_step6_batch_yyy06.pl,z5,no,0.03,no,corr,0.0
4960,exp_cycles_indvary1_step6_batch_yyy06.pl,v2,no,0.03,no,corr,0.0
4961,exp_cycles_indvary1_step6_batch_yyy07.pl,u5,yes,0.04,yes,corr,1.0
4962,exp_cycles_indvary1_step6_batch_yyy07.pl,z6,no,0.03,no,corr,0.0
4963,exp_cycles_indvary1_step6_batch_yyy07.pl,p5,no,0.04,no,corr,0.0
4964,exp_cycles_indvary1_step6_batch_yyy07.pl,q4,no,0.05,no,corr,2.0
4965,exp_cycles_indvary1_step6_batch_yyy07.pl,b5,no,0.04,no,corr,0.0
4966,exp_cycles_indvary1_step6_batch_yyy07.pl,p2,no,0.03,no,corr,0.0
4967,exp_cycles_indvary1_step6_batch_yyy07.pl,y2,no,0.05,no,corr,2.0
4968,exp_cycles_indvary1_step6_batch_yyy07.pl,r2,yes,0.04,yes,corr,2.0
4969,exp_cycles_indvary1_step6_batch_yyy07.pl,w2,yes,0.05,yes,corr,2.0
4970,exp_cycles_indvary1_step6_batch_yyy07.pl,r6,no,0.03,no,corr,0.0
4971,exp_cycles_indvary1_step6_batch_yyy08.pl,z6,no,0.04,no,corr,0.0
4972,exp_cycles_indvary1_step6_batch_yyy08.pl,p4,yes,0.04,yes,corr,1.0
4973,exp_cycles_indvary1_step6_batch_yyy08.pl,w4,no,0.03,no,corr,0.0
4974,exp_cycles_indvary1_step6_batch_yyy08.pl,z2,no,0.04,no,corr,0.0
4975,exp_cycles_indvary1_step6_batch_yyy08.pl,e3,no,0.04,no,corr,0.0
4976,exp_cycles_indvary1_step6_batch_yyy08.pl,x1,yes,0.04,yes,corr,1.0
4977,exp_cycles_indvary1_step6_batch_yyy08.pl,p1,no,0.03,no,corr,0.0
4978,exp_cycles_indvary1_step6_batch_yyy08.pl,f2,no,0.05,no,corr,1.0
4979,exp_cycles_indvary1_step6_batch_yyy08.pl,z5,no,0.04,no,corr,0.0
4980,exp_cycles_indvary1_step6_batch_yyy08.pl,v2,no,0.08,no,corr,5.0
4981,exp_cycles_indvary1_step6_batch_yyy09.pl,s3,no,0.03,no,corr,0.0
4982,exp_cycles_indvary1_step6_batch_yyy09.pl,d4,no,0.04,no,corr,0.0
4983,exp_cycles_indvary1_step6_batch_yyy09.pl,v5,no,0.04,no,corr,0.0
4984,exp_cycles_indvary1_step6_batch_yyy09.pl,w6,no,0.04,no,corr,0.0
4985,exp_cycles_indvary1_step6_batch_yyy09.pl,s1,no,0.04,no,corr,0.0
4986,exp_cycles_indvary1_step6_batch_yyy09.pl,p2,no,0.04,no,corr,0.0
4987,exp_cycles_indvary1_step6_batch_yyy09.pl,z3,no,0.05,no,corr,3.0
4988,exp_cycles_indvary1_step6_batch_yyy09.pl,v3,no,0.04,no,corr,0.0
4989,exp_cycles_indvary1_step6_batch_yyy09.pl,c2,no,0.04,no,corr,1.0
4990,exp_cycles_indvary1_step6_batch_yyy09.pl,a5,no,0.03,no,corr,0.0
4991,exp_cycles_indvary1_step6_batch_yyy10.pl,a6,no,0.04,no,corr,0.0
4992,exp_cycles_indvary1_step6_batch_yyy10.pl,v2,no,0.43,no,corr,10.0
4993,exp_cycles_indvary1_step6_batch_yyy10.pl,t6,no,0.04,no,corr,0.0
4994,exp_cycles_indvary1_step6_batch_yyy10.pl,w1,no,0.71,no,corr,12.0
4995,exp_cycles_indvary1_step6_batch_yyy10.pl,e3,no,0.04,no,corr,0.0
4996,exp_cycles_indvary1_step6_batch_yyy10.pl,r1,no,0.04,no,corr,0.0
4997,exp_cycles_indvary1_step6_batch_yyy10.pl,z4,no,0.03,no,corr,0.0
4998,exp_cycles_indvary1_step6_batch_yyy10.pl,r5,no,0.21,no,corr,9.0
4999,exp_cycles_indvary1_step6_batch_yyy10.pl,u2,no,0.06,no,corr,4.0
5000,exp_cycles_indvary1_step6_batch_yyy10.pl,q1,no,0.03,no,corr,0.0
5001,exp_cycles_indvary1_step7_batch_yyy01.pl,c4,no,0.04,no,corr,0.0
5002,exp_cycles_indvary1_step7_batch_yyy01.pl,u4,yes,0.05,yes,corr,2.0
5003,exp_cycles_indvary1_step7_batch_yyy01.pl,s2,no,0.03,no,corr,0.0
5004,exp_cycles_indvary1_step7_batch_yyy01.pl,f5,no,0.03,no,corr,0.0
5005,exp_cycles_indvary1_step7_batch_yyy01.pl,r2,no,0.04,no,corr,0.0
5006,exp_cycles_indvary1_step7_batch_yyy01.pl,w3,no,0.03,no,corr,0.0
5007,exp_cycles_indvary1_step7_batch_yyy01.pl,f1,no,0.04,no,corr,1.0
5008,exp_cycles_indvary1_step7_batch_yyy01.pl,e5,no,0.03,no,corr,0.0
5009,exp_cycles_indvary1_step7_batch_yyy01.pl,s6,no,0.05,no,corr,0.0
5010,exp_cycles_indvary1_step7_batch_yyy01.pl,b5,no,0.03,no,corr,0.0
5011,exp_cycles_indvary1_step7_batch_yyy02.pl,w7,no,0.04,no,corr,0.0
5012,exp_cycles_indvary1_step7_batch_yyy02.pl,p7,no,0.04,no,corr,0.0
5013,exp_cycles_indvary1_step7_batch_yyy02.pl,w2,no,0.03,no,corr,0.0
5014,exp_cycles_indvary1_step7_batch_yyy02.pl,a5,no,0.04,no,corr,0.0
5015,exp_cycles_indvary1_step7_batch_yyy02.pl,a4,no,0.04,no,corr,0.0
5016,exp_cycles_indvary1_step7_batch_yyy02.pl,s6,no,0.03,no,corr,0.0
5017,exp_cycles_indvary1_step7_batch_yyy02.pl,r1,no,0.03,no,corr,0.0
5018,exp_cycles_indvary1_step7_batch_yyy02.pl,f2,yes,0.03,yes,corr,0.0
5019,exp_cycles_indvary1_step7_batch_yyy02.pl,y2,yes,0.04,yes,corr,1.0
5020,exp_cycles_indvary1_step7_batch_yyy02.pl,x6,no,0.03,no,corr,0.0
5021,exp_cycles_indvary1_step7_batch_yyy03.pl,u6,no,0.04,no,corr,0.0
5022,exp_cycles_indvary1_step7_batch_yyy03.pl,c4,no,0.03,no,corr,0.0
5023,exp_cycles_indvary1_step7_batch_yyy03.pl,v2,no,0.03,no,corr,0.0
5024,exp_cycles_indvary1_step7_batch_yyy03.pl,u1,no,0.05,no,corr,3.0
5025,exp_cycles_indvary1_step7_batch_yyy03.pl,d3,no,0.03,no,corr,0.0
5026,exp_cycles_indvary1_step7_batch_yyy03.pl,a5,no,0.03,no,corr,0.0
5027,exp_cycles_indvary1_step7_batch_yyy03.pl,d2,yes,0.03,yes,corr,0.0
5028,exp_cycles_indvary1_step7_batch_yyy03.pl,f4,no,0.04,no,corr,0.0
5029,exp_cycles_indvary1_step7_batch_yyy03.pl,w3,yes,0.04,yes,corr,1.0
5030,exp_cycles_indvary1_step7_batch_yyy03.pl,q2,no,0.04,no,corr,3.0
5031,exp_cycles_indvary1_step7_batch_yyy04.pl,z6,no,0.03,no,corr,0.0
5032,exp_cycles_indvary1_step7_batch_yyy04.pl,b5,no,0.04,no,corr,0.0
5033,exp_cycles_indvary1_step7_batch_yyy04.pl,r2,no,0.03,no,corr,0.0
5034,exp_cycles_indvary1_step7_batch_yyy04.pl,a2,no,0.04,no,corr,1.0
5035,exp_cycles_indvary1_step7_batch_yyy04.pl,r6,no,0.04,no,corr,0.0
5036,exp_cycles_indvary1_step7_batch_yyy04.pl,f1,no,0.04,no,corr,1.0
5037,exp_cycles_indvary1_step7_batch_yyy04.pl,t6,no,0.04,no,corr,0.0
5038,exp_cycles_indvary1_step7_batch_yyy04.pl,b1,yes,0.04,yes,corr,0.0
5039,exp_cycles_indvary1_step7_batch_yyy04.pl,e2,yes,0.03,yes,corr,0.0
5040,exp_cycles_indvary1_step7_batch_yyy04.pl,d1,yes,0.04,yes,corr,0.0
5041,exp_cycles_indvary1_step7_batch_yyy05.pl,d5,no,0.04,no,corr,0.0
5042,exp_cycles_indvary1_step7_batch_yyy05.pl,c3,yes,0.03,yes,corr,0.0
5043,exp_cycles_indvary1_step7_batch_yyy05.pl,e1,yes,0.03,yes,corr,0.0
5044,exp_cycles_indvary1_step7_batch_yyy05.pl,t3,no,0.04,no,corr,2.0
5045,exp_cycles_indvary1_step7_batch_yyy05.pl,c2,no,0.03,no,corr,1.0
5046,exp_cycles_indvary1_step7_batch_yyy05.pl,r5,no,0.09,no,corr,5.0
5047,exp_cycles_indvary1_step7_batch_yyy05.pl,s1,no,0.04,no,corr,0.0
5048,exp_cycles_indvary1_step7_batch_yyy05.pl,p6,no,0.06,no,corr,4.0
5049,exp_cycles_indvary1_step7_batch_yyy05.pl,d1,no,0.04,no,corr,1.0
5050,exp_cycles_indvary1_step7_batch_yyy05.pl,q1,no,0.03,no,corr,0.0
5051,exp_cycles_indvary1_step7_batch_yyy06.pl,y4,no,0.04,no,corr,0.0
5052,exp_cycles_indvary1_step7_batch_yyy06.pl,u7,no,0.03,no,corr,0.0
5053,exp_cycles_indvary1_step7_batch_yyy06.pl,q5,no,0.04,no,corr,0.0
5054,exp_cycles_indvary1_step7_batch_yyy06.pl,c2,no,0.05,no,corr,1.0
5055,exp_cycles_indvary1_step7_batch_yyy06.pl,a4,no,0.05,no,corr,0.0
5056,exp_cycles_indvary1_step7_batch_yyy06.pl,p3,yes,0.05,yes,corr,1.0
5057,exp_cycles_indvary1_step7_batch_yyy06.pl,f4,no,0.04,no,corr,0.0
5058,exp_cycles_indvary1_step7_batch_yyy06.pl,q3,no,0.06,no,corr,3.0
5059,exp_cycles_indvary1_step7_batch_yyy06.pl,p4,no,0.04,no,corr,0.0
5060,exp_cycles_indvary1_step7_batch_yyy06.pl,d4,no,0.04,no,corr,0.0
5061,exp_cycles_indvary1_step7_batch_yyy07.pl,d5,no,0.04,no,corr,0.0
5062,exp_cycles_indvary1_step7_batch_yyy07.pl,c4,no,0.03,no,corr,0.0
5063,exp_cycles_indvary1_step7_batch_yyy07.pl,z5,yes,0.04,yes,corr,1.0
5064,exp_cycles_indvary1_step7_batch_yyy07.pl,u7,no,0.03,no,corr,0.0
5065,exp_cycles_indvary1_step7_batch_yyy07.pl,w6,no,0.03,no,corr,0.0
5066,exp_cycles_indvary1_step7_batch_yyy07.pl,v4,no,0.04,no,corr,0.0
5067,exp_cycles_indvary1_step7_batch_yyy07.pl,r3,yes,0.04,yes,corr,1.0
5068,exp_cycles_indvary1_step7_batch_yyy07.pl,q7,no,0.03,no,corr,0.0
5069,exp_cycles_indvary1_step7_batch_yyy07.pl,s4,no,0.04,no,corr,0.0
5070,exp_cycles_indvary1_step7_batch_yyy07.pl,y4,no,0.04,no,corr,0.0
5071,exp_cycles_indvary1_step7_batch_yyy08.pl,t5,no,0.05,no,corr,3.0
5072,exp_cycles_indvary1_step7_batch_yyy08.pl,s4,no,0.03,no,corr,0.0
5073,exp_cycles_indvary1_step7_batch_yyy08.pl,b4,no,0.04,no,corr,0.0
5074,exp_cycles_indvary1_step7_batch_yyy08.pl,y3,no,0.04,no,corr,0.0
5075,exp_cycles_indvary1_step7_batch_yyy08.pl,y1,no,0.03,no,corr,0.0
5076,exp_cycles_indvary1_step7_batch_yyy08.pl,y6,no,0.06,no,corr,4.0
5077,exp_cycles_indvary1_step7_batch_yyy08.pl,p4,no,0.03,no,corr,0.0
5078,exp_cycles_indvary1_step7_batch_yyy08.pl,x3,no,0.03,no,corr,0.0
5079,exp_cycles_indvary1_step7_batch_yyy08.pl,q3,no,0.04,no,corr,0.0
5080,exp_cycles_indvary1_step7_batch_yyy08.pl,x1,no,0.03,no,corr,0.0
5081,exp_cycles_indvary1_step7_batch_yyy09.pl,e5,no,0.04,no,corr,0.0
5082,exp_cycles_indvary1_step7_batch_yyy09.pl,y3,no,0.03,no,corr,0.0
5083,exp_cycles_indvary1_step7_batch_yyy09.pl,t2,no,0.04,no,corr,0.0
5084,exp_cycles_indvary1_step7_batch_yyy09.pl,s1,no,0.03,no,corr,0.0
5085,exp_cycles_indvary1_step7_batch_yyy09.pl,u2,yes,0.08,yes,corr,6.0
5086,exp_cycles_indvary1_step7_batch_yyy09.pl,p6,no,0.04,no,corr,0.0
5087,exp_cycles_indvary1_step7_batch_yyy09.pl,x7,no,0.04,no,corr,0.0
5088,exp_cycles_indvary1_step7_batch_yyy09.pl,q4,no,0.04,no,corr,0.0
5089,exp_cycles_indvary1_step7_batch_yyy09.pl,v1,no,0.05,no,corr,3.0
5090,exp_cycles_indvary1_step7_batch_yyy09.pl,w1,yes,0.05,yes,corr,3.0
5091,exp_cycles_indvary1_step7_batch_yyy10.pl,t3,yes,0.05,yes,corr,2.0
5092,exp_cycles_indvary1_step7_batch_yyy10.pl,a4,no,0.04,no,corr,0.0
5093,exp_cycles_indvary1_step7_batch_yyy10.pl,v1,yes,0.05,yes,corr,1.0
5094,exp_cycles_indvary1_step7_batch_yyy10.pl,b5,no,0.04,no,corr,0.0
5095,exp_cycles_indvary1_step7_batch_yyy10.pl,p2,no,0.03,no,corr,0.0
5096,exp_cycles_indvary1_step7_batch_yyy10.pl,z3,no,0.04,no,corr,0.0
5097,exp_cycles_indvary1_step7_batch_yyy10.pl,v4,no,0.04,no,corr,0.0
5098,exp_cycles_indvary1_step7_batch_yyy10.pl,r4,no,0.03,no,corr,0.0
5099,exp_cycles_indvary1_step7_batch_yyy10.pl,s7,no,0.03,no,corr,0.0
5100,exp_cycles_indvary1_step7_batch_yyy10.pl,r7,no,0.04,no,corr,0.0
5101,exp_cycles_indvary1_step8_batch_yyy01.pl,a6,no,0.04,no,corr,0.0
5102,exp_cycles_indvary1_step8_batch_yyy01.pl,u4,no,0.03,no,corr,0.0
5103,exp_cycles_indvary1_step8_batch_yyy01.pl,t6,no,0.03,no,corr,0.0
5104,exp_cycles_indvary1_step8_batch_yyy01.pl,p3,no,0.04,no,corr,0.0
5105,exp_cycles_indvary1_step8_batch_yyy01.pl,b5,no,0.03,no,corr,0.0
5106,exp_cycles_indvary1_step8_batch_yyy01.pl,p2,no,0.04,no,corr,0.0
5107,exp_cycles_indvary1_step8_batch_yyy01.pl,v3,no,0.03,no,corr,0.0
5108,exp_cycles_indvary1_step8_batch_yyy01.pl,y5,no,0.03,no,corr,0.0
5109,exp_cycles_indvary1_step8_batch_yyy01.pl,y3,no,0.04,no,corr,0.0
5110,exp_cycles_indvary1_step8_batch_yyy01.pl,e4,no,0.03,no,corr,0.0
5111,exp_cycles_indvary1_step8_batch_yyy02.pl,s3,no,0.04,no,corr,0.0
5112,exp_cycles_indvary1_step8_batch_yyy02.pl,b2,yes,0.04,yes,corr,1.0
5113,exp_cycles_indvary1_step8_batch_yyy02.pl,y4,no,0.12,no,corr,8.0
5114,exp_cycles_indvary1_step8_batch_yyy02.pl,p5,no,0.04,no,corr,0.0
5115,exp_cycles_indvary1_step8_batch_yyy02.pl,f1,no,0.04,no,corr,1.0
5116,exp_cycles_indvary1_step8_batch_yyy02.pl,w1,no,0.03,no,corr,0.0
5117,exp_cycles_indvary1_step8_batch_yyy02.pl,a1,no,0.04,no,corr,1.0
5118,exp_cycles_indvary1_step8_batch_yyy02.pl,u2,no,0.04,no,corr,0.0
5119,exp_cycles_indvary1_step8_batch_yyy02.pl,z1,no,0.04,no,corr,2.0
5120,exp_cycles_indvary1_step8_batch_yyy02.pl,c2,yes,0.04,yes,corr,0.0
5121,exp_cycles_indvary1_step8_batch_yyy03.pl,u7,no,0.03,no,corr,0.0
5122,exp_cycles_indvary1_step8_batch_yyy03.pl,f5,no,0.03,no,corr,0.0
5123,exp_cycles_indvary1_step8_batch_yyy03.pl,e4,no,0.03,no,corr,0.0
5124,exp_cycles_indvary1_step8_batch_yyy03.pl,w4,yes,0.05,yes,corr,3.0
5125,exp_cycles_indvary1_step8_batch_yyy03.pl,r3,yes,0.04,yes,corr,1.0
5126,exp_cycles_indvary1_step8_batch_yyy03.pl,q2,no,0.05,no,corr,0.0
5127,exp_cycles_indvary1_step8_batch_yyy03.pl,v1,yes,0.04,yes,corr,1.0
5128,exp_cycles_indvary1_step8_batch_yyy03.pl,w1,no,0.03,no,corr,0.0
5129,exp_cycles_indvary1_step8_batch_yyy03.pl,t2,no,0.03,no,corr,0.0
5130,exp_cycles_indvary1_step8_batch_yyy03.pl,b5,no,0.04,no,corr,0.0
5131,exp_cycles_indvary1_step8_batch_yyy04.pl,s4,no,0.04,no,corr,0.0
5132,exp_cycles_indvary1_step8_batch_yyy04.pl,w5,no,0.03,no,corr,0.0
5133,exp_cycles_indvary1_step8_batch_yyy04.pl,w1,yes,0.08,yes,corr,7.0
5134,exp_cycles_indvary1_step8_batch_yyy04.pl,f3,no,0.03,no,corr,0.0
5135,exp_cycles_indvary1_step8_batch_yyy04.pl,u3,no,0.03,no,corr,0.0
5136,exp_cycles_indvary1_step8_batch_yyy04.pl,v3,no,0.03,no,corr,0.0
5137,exp_cycles_indvary1_step8_batch_yyy04.pl,w3,no,0.04,no,corr,0.0
5138,exp_cycles_indvary1_step8_batch_yyy04.pl,q2,no,0.03,no,corr,0.0
5139,exp_cycles_indvary1_step8_batch_yyy04.pl,s1,no,0.03,no,corr,0.0
5140,exp_cycles_indvary1_step8_batch_yyy04.pl,r1,no,0.05,no,corr,4.0
5141,exp_cycles_indvary1_step8_batch_yyy05.pl,a6,no,0.03,no,corr,0.0
5142,exp_cycles_indvary1_step8_batch_yyy05.pl,e1,yes,0.03,yes,corr,0.0
5143,exp_cycles_indvary1_step8_batch_yyy05.pl,p5,yes,0.05,yes,corr,2.0
5144,exp_cycles_indvary1_step8_batch_yyy05.pl,w2,no,0.04,no,corr,0.0
5145,exp_cycles_indvary1_step8_batch_yyy05.pl,t3,no,0.04,no,corr,0.0
5146,exp_cycles_indvary1_step8_batch_yyy05.pl,s1,no,0.03,no,corr,0.0
5147,exp_cycles_indvary1_step8_batch_yyy05.pl,f4,no,0.03,no,corr,0.0
5148,exp_cycles_indvary1_step8_batch_yyy05.pl,r3,no,0.04,no,corr,0.0
5149,exp_cycles_indvary1_step8_batch_yyy05.pl,t5,yes,0.04,yes,corr,2.0
5150,exp_cycles_indvary1_step8_batch_yyy05.pl,c4,no,0.04,no,corr,0.0
5151,exp_cycles_indvary1_step8_batch_yyy06.pl,u5,no,0.03,no,corr,0.0
5152,exp_cycles_indvary1_step8_batch_yyy06.pl,y4,no,0.03,no,corr,0.0
5153,exp_cycles_indvary1_step8_batch_yyy06.pl,d3,no,0.04,no,corr,0.0
5154,exp_cycles_indvary1_step8_batch_yyy06.pl,u7,no,0.09,no,corr,6.0
5155,exp_cycles_indvary1_step8_batch_yyy06.pl,e4,no,0.04,no,corr,0.0
5156,exp_cycles_indvary1_step8_batch_yyy06.pl,c6,no,0.03,no,corr,0.0
5157,exp_cycles_indvary1_step8_batch_yyy06.pl,v4,no,0.03,no,corr,0.0
5158,exp_cycles_indvary1_step8_batch_yyy06.pl,p2,no,0.04,no,corr,0.0
5159,exp_cycles_indvary1_step8_batch_yyy06.pl,x6,no,0.04,no,corr,2.0
5160,exp_cycles_indvary1_step8_batch_yyy06.pl,e2,yes,0.03,yes,corr,0.0
5161,exp_cycles_indvary1_step8_batch_yyy07.pl,w7,no,0.04,no,corr,0.0
5162,exp_cycles_indvary1_step8_batch_yyy07.pl,v2,no,0.03,no,corr,0.0
5163,exp_cycles_indvary1_step8_batch_yyy07.pl,u1,no,0.04,no,corr,0.0
5164,exp_cycles_indvary1_step8_batch_yyy07.pl,q4,no,0.04,no,corr,0.0
5165,exp_cycles_indvary1_step8_batch_yyy07.pl,e3,no,0.03,no,corr,0.0
5166,exp_cycles_indvary1_step8_batch_yyy07.pl,y1,no,0.04,no,corr,0.0
5167,exp_cycles_indvary1_step8_batch_yyy07.pl,y2,no,0.03,no,corr,0.0
5168,exp_cycles_indvary1_step8_batch_yyy07.pl,x1,no,0.03,no,corr,0.0
5169,exp_cycles_indvary1_step8_batch_yyy07.pl,b6,no,0.03,no,corr,0.0
5170,exp_cycles_indvary1_step8_batch_yyy07.pl,a1,yes,0.04,yes,corr,1.0
5171,exp_cycles_indvary1_step8_batch_yyy08.pl,w7,no,0.04,no,corr,0.0
5172,exp_cycles_indvary1_step8_batch_yyy08.pl,p4,no,0.03,no,corr,0.0
5173,exp_cycles_indvary1_step8_batch_yyy08.pl,e5,no,0.04,no,corr,0.0
5174,exp_cycles_indvary1_step8_batch_yyy08.pl,w5,no,0.04,no,corr,0.0
5175,exp_cycles_indvary1_step8_batch_yyy08.pl,z1,no,0.03,no,corr,0.0
5176,exp_cycles_indvary1_step8_batch_yyy08.pl,f5,no,0.03,no,corr,0.0
5177,exp_cycles_indvary1_step8_batch_yyy08.pl,y2,no,0.03,no,corr,0.0
5178,exp_cycles_indvary1_step8_batch_yyy08.pl,e2,yes,0.03,yes,corr,0.0
5179,exp_cycles_indvary1_step8_batch_yyy08.pl,q7,no,0.03,no,corr,0.0
5180,exp_cycles_indvary1_step8_batch_yyy08.pl,q2,no,0.04,no,corr,0.0
5181,exp_cycles_indvary1_step8_batch_yyy09.pl,b2,no,0.04,no,corr,1.0
5182,exp_cycles_indvary1_step8_batch_yyy09.pl,s5,no,0.05,no,corr,0.0
5183,exp_cycles_indvary1_step8_batch_yyy09.pl,a5,no,0.03,no,corr,0.0
5184,exp_cycles_indvary1_step8_batch_yyy09.pl,v1,no,0.04,no,corr,0.0
5185,exp_cycles_indvary1_step8_batch_yyy09.pl,p2,no,0.04,no,corr,0.0
5186,exp_cycles_indvary1_step8_batch_yyy09.pl,c3,yes,0.04,yes,corr,0.0
5187,exp_cycles_indvary1_step8_batch_yyy09.pl,t5,no,0.04,no,corr,0.0
5188,exp_cycles_indvary1_step8_batch_yyy09.pl,c1,yes,0.06,yes,corr,4.0
5189,exp_cycles_indvary1_step8_batch_yyy09.pl,t2,no,0.03,no,corr,0.0
5190,exp_cycles_indvary1_step8_batch_yyy09.pl,z2,no,0.04,no,corr,2.0
5191,exp_cycles_indvary1_step8_batch_yyy10.pl,a6,no,0.03,no,corr,0.0
5192,exp_cycles_indvary1_step8_batch_yyy10.pl,x7,yes,0.04,yes,corr,1.0
5193,exp_cycles_indvary1_step8_batch_yyy10.pl,a4,no,0.03,no,corr,0.0
5194,exp_cycles_indvary1_step8_batch_yyy10.pl,z4,no,0.03,no,corr,0.0
5195,exp_cycles_indvary1_step8_batch_yyy10.pl,x6,yes,0.04,yes,corr,2.0
5196,exp_cycles_indvary1_step8_batch_yyy10.pl,a1,yes,0.04,yes,corr,0.0
5197,exp_cycles_indvary1_step8_batch_yyy10.pl,d1,yes,0.04,yes,corr,1.0
5198,exp_cycles_indvary1_step8_batch_yyy10.pl,a2,yes,0.03,yes,corr,0.0
5199,exp_cycles_indvary1_step8_batch_yyy10.pl,f4,no,0.03,no,corr,0.0
5200,exp_cycles_indvary1_step8_batch_yyy10.pl,a3,no,0.04,no,corr,1.0
5201,exp_cycles_indvary2_step1_batch_yyy01.pl,b2,no,11.71,no,corr,18.0
5202,exp_cycles_indvary2_step1_batch_yyy01.pl,b3,no,1.06,no,corr,16.0
5203,exp_cycles_indvary2_step1_batch_yyy01.pl,z4,no,0.03,no,corr,0.0
5204,exp_cycles_indvary2_step1_batch_yyy01.pl,q7,no,0.03,no,corr,0.0
5205,exp_cycles_indvary2_step1_batch_yyy01.pl,p4,no,0.03,no,corr,0.0
5206,exp_cycles_indvary2_step1_batch_yyy01.pl,d4,no,0.03,no,corr,0.0
5207,exp_cycles_indvary2_step1_batch_yyy01.pl,c5,no,0.03,no,corr,0.0
5208,exp_cycles_indvary2_step1_batch_yyy01.pl,c2,no,0.03,no,corr,1.0
5209,exp_cycles_indvary2_step1_batch_yyy01.pl,s7,no,0.03,no,corr,0.0
5210,exp_cycles_indvary2_step1_batch_yyy01.pl,a1,yes,0.08,yes,corr,6.0
5211,exp_cycles_indvary2_step1_batch_yyy02.pl,s4,no,0.03,no,corr,0.0
5212,exp_cycles_indvary2_step1_batch_yyy02.pl,z5,no,0.03,no,corr,0.0
5213,exp_cycles_indvary2_step1_batch_yyy02.pl,w5,no,0.03,no,corr,0.0
5214,exp_cycles_indvary2_step1_batch_yyy02.pl,q4,no,0.04,no,corr,0.0
5215,exp_cycles_indvary2_step1_batch_yyy02.pl,a4,no,0.04,no,corr,0.0
5216,exp_cycles_indvary2_step1_batch_yyy02.pl,d2,no,0.04,no,corr,1.0
5217,exp_cycles_indvary2_step1_batch_yyy02.pl,p2,no,0.03,no,corr,0.0
5218,exp_cycles_indvary2_step1_batch_yyy02.pl,v3,no,0.03,no,corr,0.0
5219,exp_cycles_indvary2_step1_batch_yyy02.pl,r3,yes,0.04,yes,corr,1.0
5220,exp_cycles_indvary2_step1_batch_yyy02.pl,q2,yes,0.04,yes,corr,1.0
5221,exp_cycles_indvary2_step1_batch_yyy03.pl,u5,no,0.04,no,corr,0.0
5222,exp_cycles_indvary2_step1_batch_yyy03.pl,c3,yes,0.04,yes,corr,1.0
5223,exp_cycles_indvary2_step1_batch_yyy03.pl,b2,no,0.05,no,corr,1.0
5224,exp_cycles_indvary2_step1_batch_yyy03.pl,a6,no,0.04,no,corr,0.0
5225,exp_cycles_indvary2_step1_batch_yyy03.pl,r6,no,0.03,no,corr,0.0
5226,exp_cycles_indvary2_step1_batch_yyy03.pl,r5,no,0.04,no,corr,0.0
5227,exp_cycles_indvary2_step1_batch_yyy03.pl,w1,no,0.04,no,corr,0.0
5228,exp_cycles_indvary2_step1_batch_yyy03.pl,w4,no,0.03,no,corr,0.0
5229,exp_cycles_indvary2_step1_batch_yyy03.pl,v4,no,0.03,no,corr,0.0
5230,exp_cycles_indvary2_step1_batch_yyy03.pl,a1,no,0.04,no,corr,1.0
5231,exp_cycles_indvary2_step1_batch_yyy04.pl,z6,no,0.04,no,corr,0.0
5232,exp_cycles_indvary2_step1_batch_yyy04.pl,r6,no,0.03,no,corr,0.0
5233,exp_cycles_indvary2_step1_batch_yyy04.pl,x7,no,0.03,no,corr,0.0
5234,exp_cycles_indvary2_step1_batch_yyy04.pl,r1,yes,0.04,yes,corr,1.0
5235,exp_cycles_indvary2_step1_batch_yyy04.pl,a3,no,0.04,no,corr,1.0
5236,exp_cycles_indvary2_step1_batch_yyy04.pl,y2,no,0.03,no,corr,0.0
5237,exp_cycles_indvary2_step1_batch_yyy04.pl,q1,yes,0.04,yes,corr,2.0
5238,exp_cycles_indvary2_step1_batch_yyy04.pl,f2,no,0.04,no,corr,1.0
5239,exp_cycles_indvary2_step1_batch_yyy04.pl,w4,no,0.04,no,corr,0.0
5240,exp_cycles_indvary2_step1_batch_yyy04.pl,f3,no,0.03,no,corr,0.0
5241,exp_cycles_indvary2_step1_batch_yyy05.pl,y4,no,0.03,no,corr,0.0
5242,exp_cycles_indvary2_step1_batch_yyy05.pl,p4,no,0.03,no,corr,0.0
5243,exp_cycles_indvary2_step1_batch_yyy05.pl,e5,no,0.03,no,corr,0.0
5244,exp_cycles_indvary2_step1_batch_yyy05.pl,v5,no,0.04,no,corr,0.0
5245,exp_cycles_indvary2_step1_batch_yyy05.pl,q4,no,0.03,no,corr,0.0
5246,exp_cycles_indvary2_step1_batch_yyy05.pl,s1,no,0.03,no,corr,0.0
5247,exp_cycles_indvary2_step1_batch_yyy05.pl,p1,no,0.03,no,corr,0.0
5248,exp_cycles_indvary2_step1_batch_yyy05.pl,u3,no,0.04,no,corr,0.0
5249,exp_cycles_indvary2_step1_batch_yyy05.pl,v4,no,0.04,no,corr,0.0
5250,exp_cycles_indvary2_step1_batch_yyy05.pl,e3,no,0.03,no,corr,0.0
5251,exp_cycles_indvary2_step1_batch_yyy06.pl,t4,no,0.04,no,corr,0.0
5252,exp_cycles_indvary2_step1_batch_yyy06.pl,z5,no,0.03,no,corr,0.0
5253,exp_cycles_indvary2_step1_batch_yyy06.pl,p4,no,0.03,no,corr,0.0
5254,exp_cycles_indvary2_step1_batch_yyy06.pl,u4,no,0.03,no,corr,0.0
5255,exp_cycles_indvary2_step1_batch_yyy06.pl,w5,no,0.04,no,corr,0.0
5256,exp_cycles_indvary2_step1_batch_yyy06.pl,s5,no,0.03,no,corr,0.0
5257,exp_cycles_indvary2_step1_batch_yyy06.pl,x5,no,0.04,no,corr,0.0
5258,exp_cycles_indvary2_step1_batch_yyy06.pl,z3,no,0.03,no,corr,0.0
5259,exp_cycles_indvary2_step1_batch_yyy06.pl,y2,no,0.28,no,corr,10.0
5260,exp_cycles_indvary2_step1_batch_yyy06.pl,q7,no,0.03,no,corr,0.0
5261,exp_cycles_indvary2_step1_batch_yyy07.pl,b2,yes,0.04,yes,corr,0.0
5262,exp_cycles_indvary2_step1_batch_yyy07.pl,s4,no,0.04,no,corr,0.0
5263,exp_cycles_indvary2_step1_batch_yyy07.pl,d4,no,0.04,no,corr,0.0
5264,exp_cycles_indvary2_step1_batch_yyy07.pl,t3,no,0.04,no,corr,0.0
5265,exp_cycles_indvary2_step1_batch_yyy07.pl,p3,yes,0.04,yes,corr,1.0
5266,exp_cycles_indvary2_step1_batch_yyy07.pl,a3,no,0.04,no,corr,1.0
5267,exp_cycles_indvary2_step1_batch_yyy07.pl,x1,no,0.04,no,corr,1.0
5268,exp_cycles_indvary2_step1_batch_yyy07.pl,q7,no,0.03,no,corr,0.0
5269,exp_cycles_indvary2_step1_batch_yyy07.pl,u3,no,0.03,no,corr,0.0
5270,exp_cycles_indvary2_step1_batch_yyy07.pl,e3,no,0.04,no,corr,0.0
5271,exp_cycles_indvary2_step1_batch_yyy08.pl,u5,no,0.03,no,corr,0.0
5272,exp_cycles_indvary2_step1_batch_yyy08.pl,e1,yes,0.03,yes,corr,0.0
5273,exp_cycles_indvary2_step1_batch_yyy08.pl,w5,no,0.03,no,corr,0.0
5274,exp_cycles_indvary2_step1_batch_yyy08.pl,b4,no,0.03,no,corr,0.0
5275,exp_cycles_indvary2_step1_batch_yyy08.pl,z1,no,12.28,no,corr,18.0
5276,exp_cycles_indvary2_step1_batch_yyy08.pl,e4,no,0.03,no,corr,0.0
5277,exp_cycles_indvary2_step1_batch_yyy08.pl,t7,no,0.03,no,corr,0.0
5278,exp_cycles_indvary2_step1_batch_yyy08.pl,f4,no,0.03,no,corr,0.0
5279,exp_cycles_indvary2_step1_batch_yyy08.pl,q7,no,0.03,no,corr,0.0
5280,exp_cycles_indvary2_step1_batch_yyy08.pl,f2,no,37.77,no,corr,20.0
5281,exp_cycles_indvary2_step1_batch_yyy09.pl,u5,no,0.04,no,corr,0.0
5282,exp_cycles_indvary2_step1_batch_yyy09.pl,c3,no,0.1,no,corr,9.0
5283,exp_cycles_indvary2_step1_batch_yyy09.pl,s4,no,0.04,no,corr,0.0
5284,exp_cycles_indvary2_step1_batch_yyy09.pl,u7,no,0.05,no,corr,0.0
5285,exp_cycles_indvary2_step1_batch_yyy09.pl,z4,no,0.05,no,corr,0.0
5286,exp_cycles_indvary2_step1_batch_yyy09.pl,e3,no,0.05,no,corr,0.0
5287,exp_cycles_indvary2_step1_batch_yyy09.pl,r1,no,10.7,no,corr,20.0
5288,exp_cycles_indvary2_step1_batch_yyy09.pl,p2,no,0.38,no,corr,10.0
5289,exp_cycles_indvary2_step1_batch_yyy09.pl,z3,no,0.05,no,corr,0.0
5290,exp_cycles_indvary2_step1_batch_yyy09.pl,q3,no,0.24,no,corr,9.0
5291,exp_cycles_indvary2_step1_batch_yyy10.pl,w5,no,0.05,no,corr,0.0
5292,exp_cycles_indvary2_step1_batch_yyy10.pl,y1,no,2.49,no,corr,15.0
5293,exp_cycles_indvary2_step1_batch_yyy10.pl,r2,yes,0.07,yes,corr,1.0
5294,exp_cycles_indvary2_step1_batch_yyy10.pl,y6,no,0.06,no,corr,0.0
5295,exp_cycles_indvary2_step1_batch_yyy10.pl,a6,no,0.06,no,corr,0.0
5296,exp_cycles_indvary2_step1_batch_yyy10.pl,w7,no,0.07,no,corr,0.0
5297,exp_cycles_indvary2_step1_batch_yyy10.pl,t7,no,0.06,no,corr,0.0
5298,exp_cycles_indvary2_step1_batch_yyy10.pl,c6,no,0.07,no,corr,0.0
5299,exp_cycles_indvary2_step1_batch_yyy10.pl,f4,no,0.1,no,corr,0.0
5300,exp_cycles_indvary2_step1_batch_yyy10.pl,a3,yes,0.1,yes,corr,2.0
5301,exp_cycles_indvary2_step2_batch_yyy01.pl,t4,no,0.1,no,corr,0.0
5302,exp_cycles_indvary2_step2_batch_yyy01.pl,w7,no,0.1,no,corr,0.0
5303,exp_cycles_indvary2_step2_batch_yyy01.pl,x3,no,0.12,no,corr,0.0
5304,exp_cycles_indvary2_step2_batch_yyy01.pl,y3,no,0.1,no,corr,0.0
5305,exp_cycles_indvary2_step2_batch_yyy01.pl,a3,yes,0.15,yes,corr,4.0
5306,exp_cycles_indvary2_step2_batch_yyy01.pl,x1,yes,0.1,yes,corr,1.0
5307,exp_cycles_indvary2_step2_batch_yyy01.pl,s7,no,0.1,no,corr,0.0
5308,exp_cycles_indvary2_step2_batch_yyy01.pl,w3,no,0.04,no,corr,0.0
5309,exp_cycles_indvary2_step2_batch_yyy01.pl,w4,no,0.04,no,corr,0.0
5310,exp_cycles_indvary2_step2_batch_yyy01.pl,f3,no,0.04,no,corr,0.0
5311,exp_cycles_indvary2_step2_batch_yyy02.pl,f1,yes,0.04,yes,corr,0.0
5312,exp_cycles_indvary2_step2_batch_yyy02.pl,s2,no,0.04,no,corr,0.0
5313,exp_cycles_indvary2_step2_batch_yyy02.pl,q4,no,0.04,no,corr,0.0
5314,exp_cycles_indvary2_step2_batch_yyy02.pl,e3,no,0.03,no,corr,0.0
5315,exp_cycles_indvary2_step2_batch_yyy02.pl,a3,yes,0.03,yes,corr,0.0
5316,exp_cycles_indvary2_step2_batch_yyy02.pl,p1,yes,0.05,yes,corr,2.0
5317,exp_cycles_indvary2_step2_batch_yyy02.pl,x6,no,0.04,no,corr,0.0
5318,exp_cycles_indvary2_step2_batch_yyy02.pl,x1,no,0.04,no,corr,0.0
5319,exp_cycles_indvary2_step2_batch_yyy02.pl,q7,no,0.04,no,corr,0.0
5320,exp_cycles_indvary2_step2_batch_yyy02.pl,y5,no,0.04,no,corr,0.0
5321,exp_cycles_indvary2_step2_batch_yyy03.pl,c3,yes,0.04,yes,corr,0.0
5322,exp_cycles_indvary2_step2_batch_yyy03.pl,b3,no,0.04,no,corr,1.0
5323,exp_cycles_indvary2_step2_batch_yyy03.pl,e1,yes,0.04,yes,corr,0.0
5324,exp_cycles_indvary2_step2_batch_yyy03.pl,x3,no,0.04,no,corr,0.0
5325,exp_cycles_indvary2_step2_batch_yyy03.pl,u4,no,0.04,no,corr,0.0
5326,exp_cycles_indvary2_step2_batch_yyy03.pl,w1,yes,0.04,yes,corr,1.0
5327,exp_cycles_indvary2_step2_batch_yyy03.pl,b6,no,0.04,no,corr,0.0
5328,exp_cycles_indvary2_step2_batch_yyy03.pl,p1,yes,0.04,yes,corr,1.0
5329,exp_cycles_indvary2_step2_batch_yyy03.pl,r3,yes,0.04,yes,corr,2.0
5330,exp_cycles_indvary2_step2_batch_yyy03.pl,d1,no,0.1,no,corr,7.0
5331,exp_cycles_indvary2_step2_batch_yyy04.pl,c4,no,0.04,no,corr,0.0
5332,exp_cycles_indvary2_step2_batch_yyy04.pl,q6,no,0.03,no,corr,0.0
5333,exp_cycles_indvary2_step2_batch_yyy04.pl,f1,no,0.06,no,corr,5.0
5334,exp_cycles_indvary2_step2_batch_yyy04.pl,v5,no,0.04,no,corr,0.0
5335,exp_cycles_indvary2_step2_batch_yyy04.pl,d2,yes,0.06,yes,corr,4.0
5336,exp_cycles_indvary2_step2_batch_yyy04.pl,q3,no,0.04,no,corr,0.0
5337,exp_cycles_indvary2_step2_batch_yyy04.pl,q1,yes,0.04,yes,corr,1.0
5338,exp_cycles_indvary2_step2_batch_yyy04.pl,p1,yes,0.04,yes,corr,1.0
5339,exp_cycles_indvary2_step2_batch_yyy04.pl,x4,no,0.03,no,corr,0.0
5340,exp_cycles_indvary2_step2_batch_yyy04.pl,f2,no,0.04,no,corr,1.0
5341,exp_cycles_indvary2_step2_batch_yyy05.pl,p4,no,0.03,no,corr,0.0
5342,exp_cycles_indvary2_step2_batch_yyy05.pl,w5,no,0.04,no,corr,0.0
5343,exp_cycles_indvary2_step2_batch_yyy05.pl,r5,no,0.04,no,corr,0.0
5344,exp_cycles_indvary2_step2_batch_yyy05.pl,c1,no,0.04,no,corr,1.0
5345,exp_cycles_indvary2_step2_batch_yyy05.pl,f4,no,0.04,no,corr,0.0
5346,exp_cycles_indvary2_step2_batch_yyy05.pl,p1,yes,0.04,yes,corr,1.0
5347,exp_cycles_indvary2_step2_batch_yyy05.pl,y6,no,0.04,no,corr,0.0
5348,exp_cycles_indvary2_step2_batch_yyy05.pl,p6,no,0.04,no,corr,0.0
5349,exp_cycles_indvary2_step2_batch_yyy05.pl,s2,yes,0.04,yes,corr,1.0
5350,exp_cycles_indvary2_step2_batch_yyy05.pl,b1,yes,0.03,yes,corr,0.0
5351,exp_cycles_indvary2_step2_batch_yyy06.pl,b2,no,0.04,no,corr,1.0
5352,exp_cycles_indvary2_step2_batch_yyy06.pl,b3,yes,0.04,yes,corr,0.0
5353,exp_cycles_indvary2_step2_batch_yyy06.pl,f1,no,0.12,no,corr,7.0
5354,exp_cycles_indvary2_step2_batch_yyy06.pl,c5,no,0.03,no,corr,0.0
5355,exp_cycles_indvary2_step2_batch_yyy06.pl,f5,no,0.03,no,corr,0.0
5356,exp_cycles_indvary2_step2_batch_yyy06.pl,p3,yes,0.04,yes,corr,1.0
5357,exp_cycles_indvary2_step2_batch_yyy06.pl,f3,no,0.03,no,corr,0.0
5358,exp_cycles_indvary2_step2_batch_yyy06.pl,f4,no,0.03,no,corr,0.0
5359,exp_cycles_indvary2_step2_batch_yyy06.pl,t7,no,0.04,no,corr,0.0
5360,exp_cycles_indvary2_step2_batch_yyy06.pl,b5,no,0.04,no,corr,0.0
5361,exp_cycles_indvary2_step2_batch_yyy07.pl,s3,no,0.03,no,corr,0.0
5362,exp_cycles_indvary2_step2_batch_yyy07.pl,b1,no,0.04,no,corr,1.0
5363,exp_cycles_indvary2_step2_batch_yyy07.pl,t1,no,0.04,no,corr,0.0
5364,exp_cycles_indvary2_step2_batch_yyy07.pl,a2,no,0.04,no,corr,1.0
5365,exp_cycles_indvary2_step2_batch_yyy07.pl,f2,yes,0.04,yes,corr,0.0
5366,exp_cycles_indvary2_step2_batch_yyy07.pl,p4,no,0.03,no,corr,0.0
5367,exp_cycles_indvary2_step2_batch_yyy07.pl,p7,no,0.04,no,corr,0.0
5368,exp_cycles_indvary2_step2_batch_yyy07.pl,x3,no,0.03,no,corr,0.0
5369,exp_cycles_indvary2_step2_batch_yyy07.pl,r6,no,0.04,no,corr,0.0
5370,exp_cycles_indvary2_step2_batch_yyy07.pl,e5,no,0.03,no,corr,0.0
5371,exp_cycles_indvary2_step2_batch_yyy08.pl,b3,no,0.04,no,corr,1.0
5372,exp_cycles_indvary2_step2_batch_yyy08.pl,e1,no,0.14,no,corr,8.0
5373,exp_cycles_indvary2_step2_batch_yyy08.pl,p5,no,0.04,no,corr,0.0
5374,exp_cycles_indvary2_step2_batch_yyy08.pl,z2,no,0.04,no,corr,0.0
5375,exp_cycles_indvary2_step2_batch_yyy08.pl,v4,no,0.04,no,corr,0.0
5376,exp_cycles_indvary2_step2_batch_yyy08.pl,y1,no,0.04,no,corr,0.0
5377,exp_cycles_indvary2_step2_batch_yyy08.pl,p2,yes,0.04,yes,corr,1.0
5378,exp_cycles_indvary2_step2_batch_yyy08.pl,z3,no,0.03,no,corr,0.0
5379,exp_cycles_indvary2_step2_batch_yyy08.pl,y2,yes,0.04,yes,corr,2.0
5380,exp_cycles_indvary2_step2_batch_yyy08.pl,x6,no,0.04,no,corr,0.0
5381,exp_cycles_indvary2_step2_batch_yyy09.pl,c3,yes,0.05,yes,corr,1.0
5382,exp_cycles_indvary2_step2_batch_yyy09.pl,b2,yes,0.04,yes,corr,0.0
5383,exp_cycles_indvary2_step2_batch_yyy09.pl,z5,no,0.04,no,corr,0.0
5384,exp_cycles_indvary2_step2_batch_yyy09.pl,w5,no,0.04,no,corr,0.0
5385,exp_cycles_indvary2_step2_batch_yyy09.pl,b1,no,0.04,no,corr,1.0
5386,exp_cycles_indvary2_step2_batch_yyy09.pl,r5,no,0.03,no,corr,0.0
5387,exp_cycles_indvary2_step2_batch_yyy09.pl,p3,yes,0.04,yes,corr,3.0
5388,exp_cycles_indvary2_step2_batch_yyy09.pl,e3,no,0.03,no,corr,0.0
5389,exp_cycles_indvary2_step2_batch_yyy09.pl,y2,yes,0.04,yes,corr,2.0
5390,exp_cycles_indvary2_step2_batch_yyy09.pl,r3,no,0.03,no,corr,0.0
5391,exp_cycles_indvary2_step2_batch_yyy10.pl,t4,no,0.03,no,corr,0.0
5392,exp_cycles_indvary2_step2_batch_yyy10.pl,z6,no,0.03,no,corr,0.0
5393,exp_cycles_indvary2_step2_batch_yyy10.pl,s4,no,0.03,no,corr,0.0
5394,exp_cycles_indvary2_step2_batch_yyy10.pl,z5,no,0.03,no,corr,0.0
5395,exp_cycles_indvary2_step2_batch_yyy10.pl,q1,yes,0.75,yes,corr,10.0
5396,exp_cycles_indvary2_step2_batch_yyy10.pl,y6,no,0.03,no,corr,0.0
5397,exp_cycles_indvary2_step2_batch_yyy10.pl,w3,no,0.03,no,corr,0.0
5398,exp_cycles_indvary2_step2_batch_yyy10.pl,p6,no,0.03,no,corr,0.0
5399,exp_cycles_indvary2_step2_batch_yyy10.pl,y2,yes,0.05,yes,corr,3.0
5400,exp_cycles_indvary2_step2_batch_yyy10.pl,x1,yes,0.87,yes,corr,14.0
5401,exp_cycles_indvary2_step3_batch_yyy01.pl,a6,no,0.03,no,corr,0.0
5402,exp_cycles_indvary2_step3_batch_yyy01.pl,x7,no,0.03,no,corr,0.0
5403,exp_cycles_indvary2_step3_batch_yyy01.pl,w1,yes,0.04,yes,corr,1.0
5404,exp_cycles_indvary2_step3_batch_yyy01.pl,t7,no,0.03,no,corr,0.0
5405,exp_cycles_indvary2_step3_batch_yyy01.pl,e3,no,0.04,no,corr,0.0
5406,exp_cycles_indvary2_step3_batch_yyy01.pl,s1,yes,0.04,yes,corr,1.0
5407,exp_cycles_indvary2_step3_batch_yyy01.pl,y2,no,0.04,no,corr,0.0
5408,exp_cycles_indvary2_step3_batch_yyy01.pl,u2,no,0.03,no,corr,0.0
5409,exp_cycles_indvary2_step3_batch_yyy01.pl,p7,no,0.03,no,corr,0.0
5410,exp_cycles_indvary2_step3_batch_yyy01.pl,p5,no,0.04,no,corr,0.0
5411,exp_cycles_indvary2_step3_batch_yyy02.pl,e1,no,0.04,no,corr,1.0
5412,exp_cycles_indvary2_step3_batch_yyy02.pl,r6,no,0.04,no,corr,0.0
5413,exp_cycles_indvary2_step3_batch_yyy02.pl,c5,no,0.03,no,corr,0.0
5414,exp_cycles_indvary2_step3_batch_yyy02.pl,x7,no,0.03,no,corr,0.0
5415,exp_cycles_indvary2_step3_batch_yyy02.pl,w4,no,0.03,no,corr,0.0
5416,exp_cycles_indvary2_step3_batch_yyy02.pl,z2,yes,0.04,yes,corr,1.0
5417,exp_cycles_indvary2_step3_batch_yyy02.pl,p2,yes,0.04,yes,corr,1.0
5418,exp_cycles_indvary2_step3_batch_yyy02.pl,a3,no,0.04,no,corr,1.0
5419,exp_cycles_indvary2_step3_batch_yyy02.pl,y3,no,0.03,no,corr,0.0
5420,exp_cycles_indvary2_step3_batch_yyy02.pl,r5,no,0.03,no,corr,0.0
5421,exp_cycles_indvary2_step3_batch_yyy03.pl,u1,yes,0.03,yes,corr,1.0
5422,exp_cycles_indvary2_step3_batch_yyy03.pl,u7,no,0.04,no,corr,0.0
5423,exp_cycles_indvary2_step3_batch_yyy03.pl,s5,no,0.03,no,corr,0.0
5424,exp_cycles_indvary2_step3_batch_yyy03.pl,c2,yes,0.06,yes,corr,6.0
5425,exp_cycles_indvary2_step3_batch_yyy03.pl,p3,yes,0.05,yes,corr,4.0
5426,exp_cycles_indvary2_step3_batch_yyy03.pl,t2,no,1.69,no,corr,17.0
5427,exp_cycles_indvary2_step3_batch_yyy03.pl,p2,yes,0.05,yes,corr,1.0
5428,exp_cycles_indvary2_step3_batch_yyy03.pl,x1,yes,0.05,yes,corr,1.0
5429,exp_cycles_indvary2_step3_batch_yyy03.pl,r7,no,0.04,no,corr,0.0
5430,exp_cycles_indvary2_step3_batch_yyy03.pl,r3,yes,0.05,yes,corr,2.0
5431,exp_cycles_indvary2_step3_batch_yyy04.pl,s4,no,0.04,no,corr,0.0
5432,exp_cycles_indvary2_step3_batch_yyy04.pl,q6,no,0.04,no,corr,0.0
5433,exp_cycles_indvary2_step3_batch_yyy04.pl,p5,no,0.04,no,corr,0.0
5434,exp_cycles_indvary2_step3_batch_yyy04.pl,r6,no,0.04,no,corr,0.0
5435,exp_cycles_indvary2_step3_batch_yyy04.pl,z1,no,0.04,no,corr,0.0
5436,exp_cycles_indvary2_step3_batch_yyy04.pl,z3,no,0.04,no,corr,0.0
5437,exp_cycles_indvary2_step3_batch_yyy04.pl,t1,yes,0.05,yes,corr,1.0
5438,exp_cycles_indvary2_step3_batch_yyy04.pl,y6,no,0.04,no,corr,0.0
5439,exp_cycles_indvary2_step3_batch_yyy04.pl,u3,no,0.04,no,corr,0.0
5440,exp_cycles_indvary2_step3_batch_yyy04.pl,r4,no,0.04,no,corr,0.0
5441,exp_cycles_indvary2_step3_batch_yyy05.pl,v7,no,0.05,no,corr,0.0
5442,exp_cycles_indvary2_step3_batch_yyy05.pl,q5,no,0.04,no,corr,0.0
5443,exp_cycles_indvary2_step3_batch_yyy05.pl,x7,no,0.04,no,corr,0.0
5444,exp_cycles_indvary2_step3_batch_yyy05.pl,r5,no,0.04,no,corr,0.0
5445,exp_cycles_indvary2_step3_batch_yyy05.pl,d2,no,0.1,no,corr,4.0
5446,exp_cycles_indvary2_step3_batch_yyy05.pl,v3,no,0.05,no,corr,0.0
5447,exp_cycles_indvary2_step3_batch_yyy05.pl,w5,no,0.04,no,corr,0.0
5448,exp_cycles_indvary2_step3_batch_yyy05.pl,u7,no,0.04,no,corr,0.0
5449,exp_cycles_indvary2_step3_batch_yyy05.pl,c2,yes,0.05,yes,corr,2.0
5450,exp_cycles_indvary2_step3_batch_yyy05.pl,a5,no,0.04,no,corr,0.0
5451,exp_cycles_indvary2_step3_batch_yyy06.pl,c3,yes,0.06,yes,corr,3.0
5452,exp_cycles_indvary2_step3_batch_yyy06.pl,w2,no,0.04,no,corr,0.0
5453,exp_cycles_indvary2_step3_batch_yyy06.pl,a5,no,0.05,no,corr,0.0
5454,exp_cycles_indvary2_step3_batch_yyy06.pl,x2,yes,0.04,yes,corr,1.0
5455,exp_cycles_indvary2_step3_batch_yyy06.pl,x5,no,0.04,no,corr,0.0
5456,exp_cycles_indvary2_step3_batch_yyy06.pl,e3,no,0.04,no,corr,0.0
5457,exp_cycles_indvary2_step3_batch_yyy06.pl,y1,yes,0.04,yes,corr,1.0
5458,exp_cycles_indvary2_step3_batch_yyy06.pl,f4,no,0.04,no,corr,0.0
5459,exp_cycles_indvary2_step3_batch_yyy06.pl,q1,yes,0.05,yes,corr,1.0
5460,exp_cycles_indvary2_step3_batch_yyy06.pl,q2,no,0.04,no,corr,0.0
5461,exp_cycles_indvary2_step3_batch_yyy07.pl,d4,no,0.05,no,corr,0.0
5462,exp_cycles_indvary2_step3_batch_yyy07.pl,d3,no,0.04,no,corr,0.0
5463,exp_cycles_indvary2_step3_batch_yyy07.pl,b1,yes,0.05,yes,corr,1.0
5464,exp_cycles_indvary2_step3_batch_yyy07.pl,r5,no,0.04,no,corr,0.0
5465,exp_cycles_indvary2_step3_batch_yyy07.pl,d2,no,0.04,no,corr,1.0
5466,exp_cycles_indvary2_step3_batch_yyy07.pl,r2,no,0.04,no,corr,0.0
5467,exp_cycles_indvary2_step3_batch_yyy07.pl,x4,no,0.04,no,corr,0.0
5468,exp_cycles_indvary2_step3_batch_yyy07.pl,p6,no,0.04,no,corr,0.0
5469,exp_cycles_indvary2_step3_batch_yyy07.pl,u6,no,0.04,no,corr,0.0
5470,exp_cycles_indvary2_step3_batch_yyy07.pl,d5,no,0.05,no,corr,0.0
5471,exp_cycles_indvary2_step3_batch_yyy08.pl,b2,no,0.05,no,corr,1.0
5472,exp_cycles_indvary2_step3_batch_yyy08.pl,w7,no,0.04,no,corr,0.0
5473,exp_cycles_indvary2_step3_batch_yyy08.pl,a5,no,0.04,no,corr,0.0
5474,exp_cycles_indvary2_step3_batch_yyy08.pl,q4,no,0.04,no,corr,0.0
5475,exp_cycles_indvary2_step3_batch_yyy08.pl,t2,yes,0.06,yes,corr,2.0
5476,exp_cycles_indvary2_step3_batch_yyy08.pl,f4,no,0.04,no,corr,0.0
5477,exp_cycles_indvary2_step3_batch_yyy08.pl,e2,yes,0.04,yes,corr,1.0
5478,exp_cycles_indvary2_step3_batch_yyy08.pl,r2,yes,0.05,yes,corr,2.0
5479,exp_cycles_indvary2_step3_batch_yyy08.pl,r7,no,0.04,no,corr,0.0
5480,exp_cycles_indvary2_step3_batch_yyy08.pl,a1,no,0.05,no,corr,2.0
5481,exp_cycles_indvary2_step3_batch_yyy09.pl,t5,no,0.04,no,corr,0.0
5482,exp_cycles_indvary2_step3_batch_yyy09.pl,z6,no,0.04,no,corr,0.0
5483,exp_cycles_indvary2_step3_batch_yyy09.pl,v7,no,0.04,no,corr,0.0
5484,exp_cycles_indvary2_step3_batch_yyy09.pl,r6,no,0.04,no,corr,0.0
5485,exp_cycles_indvary2_step3_batch_yyy09.pl,s5,no,0.04,no,corr,0.0
5486,exp_cycles_indvary2_step3_batch_yyy09.pl,v4,no,0.04,no,corr,0.0
5487,exp_cycles_indvary2_step3_batch_yyy09.pl,y1,no,0.04,no,corr,0.0
5488,exp_cycles_indvary2_step3_batch_yyy09.pl,x6,no,0.04,no,corr,0.0
5489,exp_cycles_indvary2_step3_batch_yyy09.pl,r3,no,0.05,no,corr,0.0
5490,exp_cycles_indvary2_step3_batch_yyy09.pl,y5,no,0.04,no,corr,0.0
5491,exp_cycles_indvary2_step3_batch_yyy10.pl,c3,no,0.05,no,corr,1.0
5492,exp_cycles_indvary2_step3_batch_yyy10.pl,b3,no,0.04,no,corr,1.0
5493,exp_cycles_indvary2_step3_batch_yyy10.pl,w1,yes,0.05,yes,corr,1.0
5494,exp_cycles_indvary2_step3_batch_yyy10.pl,f2,no,0.04,no,corr,1.0
5495,exp_cycles_indvary2_step3_batch_yyy10.pl,p7,no,0.04,no,corr,0.0
5496,exp_cycles_indvary2_step3_batch_yyy10.pl,x3,no,0.04,no,corr,0.0
5497,exp_cycles_indvary2_step3_batch_yyy10.pl,s1,no,0.06,no,corr,5.0
5498,exp_cycles_indvary2_step3_batch_yyy10.pl,r1,yes,0.04,yes,corr,1.0
5499,exp_cycles_indvary2_step3_batch_yyy10.pl,s7,no,0.04,no,corr,0.0
5500,exp_cycles_indvary2_step3_batch_yyy10.pl,r7,no,0.04,no,corr,0.0
5501,exp_cycles_indvary2_step4_batch_yyy01.pl,p7,no,0.04,no,corr,0.0
5502,exp_cycles_indvary2_step4_batch_yyy01.pl,w2,yes,0.04,yes,corr,1.0
5503,exp_cycles_indvary2_step4_batch_yyy01.pl,w5,no,0.04,no,corr,0.0
5504,exp_cycles_indvary2_step4_batch_yyy01.pl,q5,no,0.04,no,corr,0.0
5505,exp_cycles_indvary2_step4_batch_yyy01.pl,c2,no,0.08,no,corr,4.0
5506,exp_cycles_indvary2_step4_batch_yyy01.pl,x7,no,0.04,no,corr,0.0
5507,exp_cycles_indvary2_step4_batch_yyy01.pl,e3,no,0.04,no,corr,0.0
5508,exp_cycles_indvary2_step4_batch_yyy01.pl,s1,yes,0.05,yes,corr,1.0
5509,exp_cycles_indvary2_step4_batch_yyy01.pl,a1,no,0.17,no,corr,7.0
5510,exp_cycles_indvary2_step4_batch_yyy01.pl,a2,no,0.07,no,corr,5.0
5511,exp_cycles_indvary2_step4_batch_yyy02.pl,p4,no,0.04,no,corr,0.0
5512,exp_cycles_indvary2_step4_batch_yyy02.pl,u7,no,0.05,no,corr,0.0
5513,exp_cycles_indvary2_step4_batch_yyy02.pl,q5,no,0.04,no,corr,0.0
5514,exp_cycles_indvary2_step4_batch_yyy02.pl,e4,no,0.04,no,corr,0.0
5515,exp_cycles_indvary2_step4_batch_yyy02.pl,p2,yes,0.05,yes,corr,1.0
5516,exp_cycles_indvary2_step4_batch_yyy02.pl,x6,no,0.04,no,corr,0.0
5517,exp_cycles_indvary2_step4_batch_yyy02.pl,u2,yes,0.05,yes,corr,1.0
5518,exp_cycles_indvary2_step4_batch_yyy02.pl,p1,yes,0.05,yes,corr,1.0
5519,exp_cycles_indvary2_step4_batch_yyy02.pl,u1,no,0.04,no,corr,0.0
5520,exp_cycles_indvary2_step4_batch_yyy02.pl,r6,no,0.04,no,corr,0.0
5521,exp_cycles_indvary2_step4_batch_yyy03.pl,w7,no,0.04,no,corr,0.0
5522,exp_cycles_indvary2_step4_batch_yyy03.pl,x3,no,0.04,no,corr,0.0
5523,exp_cycles_indvary2_step4_batch_yyy03.pl,u4,no,0.04,no,corr,0.0
5524,exp_cycles_indvary2_step4_batch_yyy03.pl,u7,no,0.04,no,corr,0.0
5525,exp_cycles_indvary2_step4_batch_yyy03.pl,y3,no,0.04,no,corr,0.0
5526,exp_cycles_indvary2_step4_batch_yyy03.pl,x1,yes,0.04,yes,corr,1.0
5527,exp_cycles_indvary2_step4_batch_yyy03.pl,t5,no,0.04,no,corr,0.0
5528,exp_cycles_indvary2_step4_batch_yyy03.pl,s3,no,0.04,no,corr,0.0
5529,exp_cycles_indvary2_step4_batch_yyy03.pl,v4,no,0.04,no,corr,0.0
5530,exp_cycles_indvary2_step4_batch_yyy03.pl,e3,no,0.04,no,corr,0.0
5531,exp_cycles_indvary2_step4_batch_yyy04.pl,d4,no,0.06,no,corr,0.0
5532,exp_cycles_indvary2_step4_batch_yyy04.pl,f5,no,0.04,no,corr,0.0
5533,exp_cycles_indvary2_step4_batch_yyy04.pl,e4,no,0.04,no,corr,0.0
5534,exp_cycles_indvary2_step4_batch_yyy04.pl,a3,no,0.05,no,corr,1.0
5535,exp_cycles_indvary2_step4_batch_yyy04.pl,x1,yes,0.05,yes,corr,1.0
5536,exp_cycles_indvary2_step4_batch_yyy04.pl,b6,no,0.04,no,corr,0.0
5537,exp_cycles_indvary2_step4_batch_yyy04.pl,u5,no,0.04,no,corr,0.0
5538,exp_cycles_indvary2_step4_batch_yyy04.pl,u6,no,0.04,no,corr,0.0
5539,exp_cycles_indvary2_step4_batch_yyy04.pl,t2,yes,0.05,yes,corr,1.0
5540,exp_cycles_indvary2_step4_batch_yyy04.pl,c6,no,0.04,no,corr,0.0
5541,exp_cycles_indvary2_step4_batch_yyy05.pl,a6,no,0.04,no,corr,0.0
5542,exp_cycles_indvary2_step4_batch_yyy05.pl,e1,no,0.05,no,corr,1.0
5543,exp_cycles_indvary2_step4_batch_yyy05.pl,p5,no,0.04,no,corr,0.0
5544,exp_cycles_indvary2_step4_batch_yyy05.pl,f1,yes,0.05,yes,corr,1.0
5545,exp_cycles_indvary2_step4_batch_yyy05.pl,w1,yes,0.05,yes,corr,1.0
5546,exp_cycles_indvary2_step4_batch_yyy05.pl,c6,no,0.04,no,corr,0.0
5547,exp_cycles_indvary2_step4_batch_yyy05.pl,v4,no,0.04,no,corr,0.0
5548,exp_cycles_indvary2_step4_batch_yyy05.pl,s7,no,0.04,no,corr,0.0
5549,exp_cycles_indvary2_step4_batch_yyy05.pl,v3,no,0.05,no,corr,0.0
5550,exp_cycles_indvary2_step4_batch_yyy05.pl,a2,yes,0.06,yes,corr,3.0
5551,exp_cycles_indvary2_step4_batch_yyy06.pl,t4,no,0.04,no,corr,0.0
5552,exp_cycles_indvary2_step4_batch_yyy06.pl,e1,no,0.05,no,corr,1.0
5553,exp_cycles_indvary2_step4_batch_yyy06.pl,p5,no,0.04,no,corr,0.0
5554,exp_cycles_indvary2_step4_batch_yyy06.pl,u7,no,0.05,no,corr,0.0
5555,exp_cycles_indvary2_step4_batch_yyy06.pl,s5,no,0.04,no,corr,0.0
5556,exp_cycles_indvary2_step4_batch_yyy06.pl,x7,no,0.04,no,corr,0.0
5557,exp_cycles_indvary2_step4_batch_yyy06.pl,q3,yes,0.04,yes,corr,1.0
5558,exp_cycles_indvary2_step4_batch_yyy06.pl,a1,no,0.04,no,corr,1.0
5559,exp_cycles_indvary2_step4_batch_yyy06.pl,d1,no,0.14,no,corr,5.0
5560,exp_cycles_indvary2_step4_batch_yyy06.pl,q7,no,0.04,no,corr,0.0
5561,exp_cycles_indvary2_step4_batch_yyy07.pl,c3,yes,0.1,yes,corr,7.0
5562,exp_cycles_indvary2_step4_batch_yyy07.pl,v2,yes,0.05,yes,corr,1.0
5563,exp_cycles_indvary2_step4_batch_yyy07.pl,p4,no,0.04,no,corr,0.0
5564,exp_cycles_indvary2_step4_batch_yyy07.pl,a5,no,0.04,no,corr,0.0
5565,exp_cycles_indvary2_step4_batch_yyy07.pl,e4,no,0.04,no,corr,0.0
5566,exp_cycles_indvary2_step4_batch_yyy07.pl,v1,yes,0.05,yes,corr,1.0
5567,exp_cycles_indvary2_step4_batch_yyy07.pl,e3,no,0.05,no,corr,0.0
5568,exp_cycles_indvary2_step4_batch_yyy07.pl,f4,no,0.05,no,corr,0.0
5569,exp_cycles_indvary2_step4_batch_yyy07.pl,u2,no,0.04,no,corr,0.0
5570,exp_cycles_indvary2_step4_batch_yyy07.pl,q7,no,0.04,no,corr,0.0
5571,exp_cycles_indvary2_step4_batch_yyy08.pl,y3,no,0.04,no,corr,0.0
5572,exp_cycles_indvary2_step4_batch_yyy08.pl,v1,yes,0.05,yes,corr,2.0
5573,exp_cycles_indvary2_step4_batch_yyy08.pl,d2,yes,0.04,yes,corr,0.0
5574,exp_cycles_indvary2_step4_batch_yyy08.pl,c1,no,0.04,no,corr,1.0
5575,exp_cycles_indvary2_step4_batch_yyy08.pl,c6,no,0.04,no,corr,0.0
5576,exp_cycles_indvary2_step4_batch_yyy08.pl,z2,no,0.04,no,corr,0.0
5577,exp_cycles_indvary2_step4_batch_yyy08.pl,e3,no,0.04,no,corr,0.0
5578,exp_cycles_indvary2_step4_batch_yyy08.pl,r4,no,0.04,no,corr,0.0
5579,exp_cycles_indvary2_step4_batch_yyy08.pl,e2,no,0.05,no,corr,1.0
5580,exp_cycles_indvary2_step4_batch_yyy08.pl,u2,yes,0.04,yes,corr,1.0
5581,exp_cycles_indvary2_step4_batch_yyy09.pl,d5,no,0.04,no,corr,0.0
5582,exp_cycles_indvary2_step4_batch_yyy09.pl,e1,no,0.14,no,corr,6.0
5583,exp_cycles_indvary2_step4_batch_yyy09.pl,x3,no,0.04,no,corr,0.0
5584,exp_cycles_indvary2_step4_batch_yyy09.pl,d3,no,0.04,no,corr,0.0
5585,exp_cycles_indvary2_step4_batch_yyy09.pl,v5,no,0.04,no,corr,0.0
5586,exp_cycles_indvary2_step4_batch_yyy09.pl,x5,no,0.04,no,corr,0.0
5587,exp_cycles_indvary2_step4_batch_yyy09.pl,r1,yes,0.06,yes,corr,2.0
5588,exp_cycles_indvary2_step4_batch_yyy09.pl,p2,yes,0.05,yes,corr,1.0
5589,exp_cycles_indvary2_step4_batch_yyy09.pl,a1,no,0.07,no,corr,1.0
5590,exp_cycles_indvary2_step4_batch_yyy09.pl,f2,no,0.05,no,corr,1.0
5591,exp_cycles_indvary2_step4_batch_yyy10.pl,q4,no,0.05,no,corr,0.0
5592,exp_cycles_indvary2_step4_batch_yyy10.pl,x2,no,0.04,no,corr,0.0
5593,exp_cycles_indvary2_step4_batch_yyy10.pl,a3,no,0.08,no,corr,5.0
5594,exp_cycles_indvary2_step4_batch_yyy10.pl,a1,no,0.1,no,corr,4.0
5595,exp_cycles_indvary2_step4_batch_yyy10.pl,t1,yes,0.05,yes,corr,1.0
5596,exp_cycles_indvary2_step4_batch_yyy10.pl,p1,yes,0.04,yes,corr,1.0
5597,exp_cycles_indvary2_step4_batch_yyy10.pl,f2,no,0.19,no,corr,7.0
5598,exp_cycles_indvary2_step4_batch_yyy10.pl,y1,yes,0.05,yes,corr,1.0
5599,exp_cycles_indvary2_step4_batch_yyy10.pl,s1,yes,0.05,yes,corr,2.0
5600,exp_cycles_indvary2_step4_batch_yyy10.pl,d2,yes,0.06,yes,corr,2.0
5601,exp_cycles_indvary2_step5_batch_yyy01.pl,x3,no,0.04,no,corr,0.0
5602,exp_cycles_indvary2_step5_batch_yyy01.pl,e5,no,0.04,no,corr,0.0
5603,exp_cycles_indvary2_step5_batch_yyy01.pl,q4,no,0.04,no,corr,0.0
5604,exp_cycles_indvary2_step5_batch_yyy01.pl,p3,yes,0.05,yes,corr,1.0
5605,exp_cycles_indvary2_step5_batch_yyy01.pl,b5,no,0.04,no,corr,0.0
5606,exp_cycles_indvary2_step5_batch_yyy01.pl,x1,yes,0.05,yes,corr,1.0
5607,exp_cycles_indvary2_step5_batch_yyy01.pl,r3,yes,0.05,yes,corr,1.0
5608,exp_cycles_indvary2_step5_batch_yyy01.pl,q2,yes,0.05,yes,corr,1.0
5609,exp_cycles_indvary2_step5_batch_yyy01.pl,s5,no,0.04,no,corr,0.0
5610,exp_cycles_indvary2_step5_batch_yyy01.pl,t3,no,0.04,no,corr,0.0
5611,exp_cycles_indvary2_step5_batch_yyy02.pl,u6,no,0.04,no,corr,0.0
5612,exp_cycles_indvary2_step5_batch_yyy02.pl,v2,yes,0.05,yes,corr,1.0
5613,exp_cycles_indvary2_step5_batch_yyy02.pl,f1,no,0.05,no,corr,1.0
5614,exp_cycles_indvary2_step5_batch_yyy02.pl,x2,yes,0.04,yes,corr,1.0
5615,exp_cycles_indvary2_step5_batch_yyy02.pl,r5,no,0.04,no,corr,0.0
5616,exp_cycles_indvary2_step5_batch_yyy02.pl,f3,no,0.04,no,corr,0.0
5617,exp_cycles_indvary2_step5_batch_yyy02.pl,u3,no,0.04,no,corr,0.0
5618,exp_cycles_indvary2_step5_batch_yyy02.pl,p2,no,0.04,no,corr,0.0
5619,exp_cycles_indvary2_step5_batch_yyy02.pl,x1,yes,0.05,yes,corr,1.0
5620,exp_cycles_indvary2_step5_batch_yyy02.pl,v3,no,0.04,no,corr,0.0
5621,exp_cycles_indvary2_step5_batch_yyy03.pl,f1,no,0.1,no,corr,4.0
5622,exp_cycles_indvary2_step5_batch_yyy03.pl,c2,no,0.05,no,corr,1.0
5623,exp_cycles_indvary2_step5_batch_yyy03.pl,x2,yes,0.05,yes,corr,1.0
5624,exp_cycles_indvary2_step5_batch_yyy03.pl,z2,yes,0.05,yes,corr,1.0
5625,exp_cycles_indvary2_step5_batch_yyy03.pl,y2,no,0.05,no,corr,0.0
5626,exp_cycles_indvary2_step5_batch_yyy03.pl,q1,no,0.04,no,corr,0.0
5627,exp_cycles_indvary2_step5_batch_yyy03.pl,p1,no,0.05,no,corr,0.0
5628,exp_cycles_indvary2_step5_batch_yyy03.pl,x4,no,0.04,no,corr,0.0
5629,exp_cycles_indvary2_step5_batch_yyy03.pl,s5,no,0.04,no,corr,0.0
5630,exp_cycles_indvary2_step5_batch_yyy03.pl,q5,no,0.05,no,corr,0.0
5631,exp_cycles_indvary2_step5_batch_yyy04.pl,d4,no,0.04,no,corr,0.0
5632,exp_cycles_indvary2_step5_batch_yyy04.pl,u4,no,0.04,no,corr,0.0
5633,exp_cycles_indvary2_step5_batch_yyy04.pl,b4,no,0.04,no,corr,0.0
5634,exp_cycles_indvary2_step5_batch_yyy04.pl,w1,no,0.04,no,corr,0.0
5635,exp_cycles_indvary2_step5_batch_yyy04.pl,r1,yes,0.05,yes,corr,2.0
5636,exp_cycles_indvary2_step5_batch_yyy04.pl,x1,yes,0.05,yes,corr,1.0
5637,exp_cycles_indvary2_step5_batch_yyy04.pl,s4,no,0.04,no,corr,0.0
5638,exp_cycles_indvary2_step5_batch_yyy04.pl,w7,no,0.04,no,corr,0.0
5639,exp_cycles_indvary2_step5_batch_yyy04.pl,t7,no,0.04,no,corr,0.0
5640,exp_cycles_indvary2_step5_batch_yyy04.pl,c6,no,0.04,no,corr,0.0
5641,exp_cycles_indvary2_step5_batch_yyy05.pl,d3,no,0.04,no,corr,0.0
5642,exp_cycles_indvary2_step5_batch_yyy05.pl,f3,no,0.04,no,corr,0.0
5643,exp_cycles_indvary2_step5_batch_yyy05.pl,u3,no,0.04,no,corr,0.0
5644,exp_cycles_indvary2_step5_batch_yyy05.pl,a1,yes,0.05,yes,corr,1.0
5645,exp_cycles_indvary2_step5_batch_yyy05.pl,u2,yes,0.05,yes,corr,1.0
5646,exp_cycles_indvary2_step5_batch_yyy05.pl,p4,no,0.04,no,corr,0.0
5647,exp_cycles_indvary2_step5_batch_yyy05.pl,d4,no,0.04,no,corr,0.0
5648,exp_cycles_indvary2_step5_batch_yyy05.pl,q3,yes,0.06,yes,corr,2.0
5649,exp_cycles_indvary2_step5_batch_yyy05.pl,y2,no,0.05,no,corr,0.0
5650,exp_cycles_indvary2_step5_batch_yyy05.pl,x6,no,0.06,no,corr,0.0
5651,exp_cycles_indvary2_step5_batch_yyy06.pl,b1,no,0.16,no,corr,4.0
5652,exp_cycles_indvary2_step5_batch_yyy06.pl,z4,no,0.05,no,corr,0.0
5653,exp_cycles_indvary2_step5_batch_yyy06.pl,t7,no,0.04,no,corr,0.0
5654,exp_cycles_indvary2_step5_batch_yyy06.pl,r4,no,0.04,no,corr,0.0
5655,exp_cycles_indvary2_step5_batch_yyy06.pl,d2,no,0.05,no,corr,1.0
5656,exp_cycles_indvary2_step5_batch_yyy06.pl,x6,no,0.04,no,corr,0.0
5657,exp_cycles_indvary2_step5_batch_yyy06.pl,t1,yes,0.05,yes,corr,1.0
5658,exp_cycles_indvary2_step5_batch_yyy06.pl,q2,no,0.04,no,corr,0.0
5659,exp_cycles_indvary2_step5_batch_yyy06.pl,r2,no,0.05,no,corr,0.0
5660,exp_cycles_indvary2_step5_batch_yyy06.pl,a1,no,0.05,no,corr,1.0
5661,exp_cycles_indvary2_step5_batch_yyy07.pl,c3,no,0.05,no,corr,1.0
5662,exp_cycles_indvary2_step5_batch_yyy07.pl,x3,no,0.04,no,corr,0.0
5663,exp_cycles_indvary2_step5_batch_yyy07.pl,s5,no,0.04,no,corr,0.0
5664,exp_cycles_indvary2_step5_batch_yyy07.pl,b1,no,0.05,no,corr,1.0
5665,exp_cycles_indvary2_step5_batch_yyy07.pl,q4,no,0.06,no,corr,0.0
5666,exp_cycles_indvary2_step5_batch_yyy07.pl,y3,no,0.04,no,corr,0.0
5667,exp_cycles_indvary2_step5_batch_yyy07.pl,q3,yes,0.04,yes,corr,1.0
5668,exp_cycles_indvary2_step5_batch_yyy07.pl,r2,yes,0.05,yes,corr,1.0
5669,exp_cycles_indvary2_step5_batch_yyy07.pl,v6,no,0.04,no,corr,0.0
5670,exp_cycles_indvary2_step5_batch_yyy07.pl,u1,yes,0.05,yes,corr,1.0
5671,exp_cycles_indvary2_step5_batch_yyy08.pl,v6,no,0.04,no,corr,0.0
5672,exp_cycles_indvary2_step5_batch_yyy08.pl,d3,no,0.04,no,corr,0.0
5673,exp_cycles_indvary2_step5_batch_yyy08.pl,c2,yes,0.05,yes,corr,1.0
5674,exp_cycles_indvary2_step5_batch_yyy08.pl,r5,no,0.04,no,corr,0.0
5675,exp_cycles_indvary2_step5_batch_yyy08.pl,p3,yes,0.04,yes,corr,1.0
5676,exp_cycles_indvary2_step5_batch_yyy08.pl,r4,no,0.04,no,corr,0.0
5677,exp_cycles_indvary2_step5_batch_yyy08.pl,y2,yes,0.05,yes,corr,2.0
5678,exp_cycles_indvary2_step5_batch_yyy08.pl,d1,no,0.05,no,corr,1.0
5679,exp_cycles_indvary2_step5_batch_yyy08.pl,c1,no,0.04,no,corr,1.0
5680,exp_cycles_indvary2_step5_batch_yyy08.pl,s6,no,0.04,no,corr,0.0
5681,exp_cycles_indvary2_step5_batch_yyy09.pl,w2,yes,0.05,yes,corr,1.0
5682,exp_cycles_indvary2_step5_batch_yyy09.pl,u4,no,0.04,no,corr,0.0
5683,exp_cycles_indvary2_step5_batch_yyy09.pl,e4,no,0.05,no,corr,0.0
5684,exp_cycles_indvary2_step5_batch_yyy09.pl,d2,yes,0.12,yes,corr,7.0
5685,exp_cycles_indvary2_step5_batch_yyy09.pl,b6,no,0.04,no,corr,0.0
5686,exp_cycles_indvary2_step5_batch_yyy09.pl,z6,no,0.04,no,corr,0.0
5687,exp_cycles_indvary2_step5_batch_yyy09.pl,b2,yes,0.05,yes,corr,1.0
5688,exp_cycles_indvary2_step5_batch_yyy09.pl,a6,no,0.04,no,corr,0.0
5689,exp_cycles_indvary2_step5_batch_yyy09.pl,w7,no,0.04,no,corr,0.0
5690,exp_cycles_indvary2_step5_batch_yyy09.pl,y4,no,0.04,no,corr,0.0
5691,exp_cycles_indvary2_step5_batch_yyy10.pl,c4,no,0.04,no,corr,0.0
5692,exp_cycles_indvary2_step5_batch_yyy10.pl,x3,no,0.04,no,corr,0.0
5693,exp_cycles_indvary2_step5_batch_yyy10.pl,r6,no,0.04,no,corr,0.0
5694,exp_cycles_indvary2_step5_batch_yyy10.pl,t3,no,0.04,no,corr,0.0
5695,exp_cycles_indvary2_step5_batch_yyy10.pl,w6,no,0.04,no,corr,0.0
5696,exp_cycles_indvary2_step5_batch_yyy10.pl,p2,no,0.04,no,corr,0.0
5697,exp_cycles_indvary2_step5_batch_yyy10.pl,r2,yes,0.05,yes,corr,1.0
5698,exp_cycles_indvary2_step5_batch_yyy10.pl,r3,yes,0.05,yes,corr,1.0
5699,exp_cycles_indvary2_step5_batch_yyy10.pl,v1,yes,0.05,yes,corr,1.0
5700,exp_cycles_indvary2_step5_batch_yyy10.pl,p3,yes,0.05,yes,corr,1.0
5701,exp_cycles_indvary2_step6_batch_yyy01.pl,y3,no,0.05,no,corr,0.0
5702,exp_cycles_indvary2_step6_batch_yyy01.pl,w1,yes,0.05,yes,corr,1.0
5703,exp_cycles_indvary2_step6_batch_yyy01.pl,b6,no,0.04,no,corr,0.0
5704,exp_cycles_indvary2_step6_batch_yyy01.pl,q2,yes,0.05,yes,corr,1.0
5705,exp_cycles_indvary2_step6_batch_yyy01.pl,c2,no,0.16,no,corr,5.0
5706,exp_cycles_indvary2_step6_batch_yyy01.pl,b1,yes,0.05,yes,corr,1.0
5707,exp_cycles_indvary2_step6_batch_yyy01.pl,c1,no,0.12,no,corr,4.0
5708,exp_cycles_indvary2_step6_batch_yyy01.pl,t7,no,0.04,no,corr,0.0
5709,exp_cycles_indvary2_step6_batch_yyy01.pl,z2,yes,0.05,yes,corr,1.0
5710,exp_cycles_indvary2_step6_batch_yyy01.pl,b5,no,0.04,no,corr,0.0
5711,exp_cycles_indvary2_step6_batch_yyy02.pl,d5,no,0.04,no,corr,0.0
5712,exp_cycles_indvary2_step6_batch_yyy02.pl,s4,no,0.05,no,corr,0.0
5713,exp_cycles_indvary2_step6_batch_yyy02.pl,x7,no,0.06,no,corr,0.0
5714,exp_cycles_indvary2_step6_batch_yyy02.pl,p3,yes,0.05,yes,corr,1.0
5715,exp_cycles_indvary2_step6_batch_yyy02.pl,e3,no,0.05,no,corr,0.0
5716,exp_cycles_indvary2_step6_batch_yyy02.pl,x1,yes,0.05,yes,corr,1.0
5717,exp_cycles_indvary2_step6_batch_yyy02.pl,s7,no,0.05,no,corr,0.0
5718,exp_cycles_indvary2_step6_batch_yyy02.pl,p1,yes,0.05,yes,corr,1.0
5719,exp_cycles_indvary2_step6_batch_yyy02.pl,s2,yes,0.05,yes,corr,1.0
5720,exp_cycles_indvary2_step6_batch_yyy02.pl,z1,yes,0.06,yes,corr,1.0
5721,exp_cycles_indvary2_step6_batch_yyy03.pl,f1,yes,0.04,yes,corr,0.0
5722,exp_cycles_indvary2_step6_batch_yyy03.pl,s2,yes,0.05,yes,corr,1.0
5723,exp_cycles_indvary2_step6_batch_yyy03.pl,y3,no,0.04,no,corr,0.0
5724,exp_cycles_indvary2_step6_batch_yyy03.pl,w1,yes,0.05,yes,corr,1.0
5725,exp_cycles_indvary2_step6_batch_yyy03.pl,x5,no,0.04,no,corr,0.0
5726,exp_cycles_indvary2_step6_batch_yyy03.pl,y1,yes,0.05,yes,corr,1.0
5727,exp_cycles_indvary2_step6_batch_yyy03.pl,y2,yes,0.05,yes,corr,1.0
5728,exp_cycles_indvary2_step6_batch_yyy03.pl,q1,yes,0.05,yes,corr,1.0
5729,exp_cycles_indvary2_step6_batch_yyy03.pl,d4,no,0.04,no,corr,0.0
5730,exp_cycles_indvary2_step6_batch_yyy03.pl,x3,no,0.05,no,corr,0.0
5731,exp_cycles_indvary2_step6_batch_yyy04.pl,u6,no,0.05,no,corr,0.0
5732,exp_cycles_indvary2_step6_batch_yyy04.pl,z5,no,0.04,no,corr,0.0
5733,exp_cycles_indvary2_step6_batch_yyy04.pl,w5,no,0.04,no,corr,0.0
5734,exp_cycles_indvary2_step6_batch_yyy04.pl,r5,no,0.05,no,corr,0.0
5735,exp_cycles_indvary2_step6_batch_yyy04.pl,f3,no,0.05,no,corr,0.0
5736,exp_cycles_indvary2_step6_batch_yyy04.pl,t1,yes,0.05,yes,corr,1.0
5737,exp_cycles_indvary2_step6_batch_yyy04.pl,y6,no,0.04,no,corr,0.0
5738,exp_cycles_indvary2_step6_batch_yyy04.pl,t2,yes,0.07,yes,corr,1.0
5739,exp_cycles_indvary2_step6_batch_yyy04.pl,t7,no,0.04,no,corr,0.0
5740,exp_cycles_indvary2_step6_batch_yyy04.pl,z2,no,0.04,no,corr,0.0
5741,exp_cycles_indvary2_step6_batch_yyy05.pl,y4,no,0.04,no,corr,0.0
5742,exp_cycles_indvary2_step6_batch_yyy05.pl,v5,no,0.04,no,corr,0.0
5743,exp_cycles_indvary2_step6_batch_yyy05.pl,r5,no,0.04,no,corr,0.0
5744,exp_cycles_indvary2_step6_batch_yyy05.pl,w1,yes,0.05,yes,corr,1.0
5745,exp_cycles_indvary2_step6_batch_yyy05.pl,y1,yes,0.05,yes,corr,1.0
5746,exp_cycles_indvary2_step6_batch_yyy05.pl,z3,no,0.04,no,corr,0.0
5747,exp_cycles_indvary2_step6_batch_yyy05.pl,r2,yes,0.05,yes,corr,1.0
5748,exp_cycles_indvary2_step6_batch_yyy05.pl,p1,yes,0.05,yes,corr,1.0
5749,exp_cycles_indvary2_step6_batch_yyy05.pl,t4,no,0.04,no,corr,0.0
5750,exp_cycles_indvary2_step6_batch_yyy05.pl,c4,no,0.05,no,corr,0.0
5751,exp_cycles_indvary2_step6_batch_yyy06.pl,t5,no,0.04,no,corr,0.0
5752,exp_cycles_indvary2_step6_batch_yyy06.pl,y4,no,0.05,no,corr,0.0
5753,exp_cycles_indvary2_step6_batch_yyy06.pl,v6,no,0.05,no,corr,0.0
5754,exp_cycles_indvary2_step6_batch_yyy06.pl,a4,no,0.04,no,corr,0.0
5755,exp_cycles_indvary2_step6_batch_yyy06.pl,p2,no,0.04,no,corr,0.0
5756,exp_cycles_indvary2_step6_batch_yyy06.pl,x6,no,0.05,no,corr,0.0
5757,exp_cycles_indvary2_step6_batch_yyy06.pl,t1,yes,0.05,yes,corr,1.0
5758,exp_cycles_indvary2_step6_batch_yyy06.pl,y5,no,0.05,no,corr,0.0
5759,exp_cycles_indvary2_step6_batch_yyy06.pl,p6,no,0.05,no,corr,0.0
5760,exp_cycles_indvary2_step6_batch_yyy06.pl,f2,yes,0.05,yes,corr,1.0
5761,exp_cycles_indvary2_step6_batch_yyy07.pl,u5,no,0.04,no,corr,0.0
5762,exp_cycles_indvary2_step6_batch_yyy07.pl,p7,no,0.06,no,corr,0.0
5763,exp_cycles_indvary2_step6_batch_yyy07.pl,z1,yes,0.05,yes,corr,1.0
5764,exp_cycles_indvary2_step6_batch_yyy07.pl,x7,no,0.05,no,corr,0.0
5765,exp_cycles_indvary2_step6_batch_yyy07.pl,p3,yes,0.05,yes,corr,1.0
5766,exp_cycles_indvary2_step6_batch_yyy07.pl,r3,yes,0.06,yes,corr,1.0
5767,exp_cycles_indvary2_step6_batch_yyy07.pl,c3,yes,0.05,yes,corr,1.0
5768,exp_cycles_indvary2_step6_batch_yyy07.pl,t4,no,0.05,no,corr,0.0
5769,exp_cycles_indvary2_step6_batch_yyy07.pl,x6,no,0.05,no,corr,0.0
5770,exp_cycles_indvary2_step6_batch_yyy07.pl,x1,yes,0.06,yes,corr,1.0
5771,exp_cycles_indvary2_step6_batch_yyy08.pl,d5,no,0.05,no,corr,0.0
5772,exp_cycles_indvary2_step6_batch_yyy08.pl,c3,yes,0.05,yes,corr,1.0
5773,exp_cycles_indvary2_step6_batch_yyy08.pl,w7,no,0.07,no,corr,0.0
5774,exp_cycles_indvary2_step6_batch_yyy08.pl,v6,no,0.04,no,corr,0.0
5775,exp_cycles_indvary2_step6_batch_yyy08.pl,v1,yes,0.05,yes,corr,1.0
5776,exp_cycles_indvary2_step6_batch_yyy08.pl,x6,no,0.04,no,corr,0.0
5777,exp_cycles_indvary2_step6_batch_yyy08.pl,r7,no,0.05,no,corr,0.0
5778,exp_cycles_indvary2_step6_batch_yyy08.pl,y5,no,0.04,no,corr,0.0
5779,exp_cycles_indvary2_step6_batch_yyy08.pl,d1,no,0.2,no,corr,5.0
5780,exp_cycles_indvary2_step6_batch_yyy08.pl,u2,yes,0.06,yes,corr,1.0
5781,exp_cycles_indvary2_step6_batch_yyy09.pl,z6,no,0.05,no,corr,0.0
5782,exp_cycles_indvary2_step6_batch_yyy09.pl,v7,no,0.05,no,corr,0.0
5783,exp_cycles_indvary2_step6_batch_yyy09.pl,s2,yes,0.06,yes,corr,1.0
5784,exp_cycles_indvary2_step6_batch_yyy09.pl,r5,no,0.05,no,corr,0.0
5785,exp_cycles_indvary2_step6_batch_yyy09.pl,z2,yes,0.07,yes,corr,2.0
5786,exp_cycles_indvary2_step6_batch_yyy09.pl,x6,no,0.05,no,corr,0.0
5787,exp_cycles_indvary2_step6_batch_yyy09.pl,u2,yes,0.06,yes,corr,1.0
5788,exp_cycles_indvary2_step6_batch_yyy09.pl,q7,no,0.06,no,corr,0.0
5789,exp_cycles_indvary2_step6_batch_yyy09.pl,r2,yes,0.06,yes,corr,1.0
5790,exp_cycles_indvary2_step6_batch_yyy09.pl,b6,no,0.05,no,corr,0.0
5791,exp_cycles_indvary2_step6_batch_yyy10.pl,q6,no,0.05,no,corr,0.0
5792,exp_cycles_indvary2_step6_batch_yyy10.pl,c2,no,0.21,no,corr,6.0
5793,exp_cycles_indvary2_step6_batch_yyy10.pl,z2,yes,0.05,yes,corr,1.0
5794,exp_cycles_indvary2_step6_batch_yyy10.pl,y1,yes,0.05,yes,corr,1.0
5795,exp_cycles_indvary2_step6_batch_yyy10.pl,z3,no,0.05,no,corr,0.0
5796,exp_cycles_indvary2_step6_batch_yyy10.pl,y2,yes,0.06,yes,corr,1.0
5797,exp_cycles_indvary2_step6_batch_yyy10.pl,q1,yes,0.06,yes,corr,1.0
5798,exp_cycles_indvary2_step6_batch_yyy10.pl,y6,no,0.04,no,corr,0.0
5799,exp_cycles_indvary2_step6_batch_yyy10.pl,a6,no,0.05,no,corr,0.0
5800,exp_cycles_indvary2_step6_batch_yyy10.pl,b3,no,0.21,no,corr,6.0
5801,exp_cycles_indvary2_step7_batch_yyy01.pl,d5,no,0.05,no,corr,0.0
5802,exp_cycles_indvary2_step7_batch_yyy01.pl,q5,no,0.04,no,corr,0.0
5803,exp_cycles_indvary2_step7_batch_yyy01.pl,w6,no,0.05,no,corr,0.0
5804,exp_cycles_indvary2_step7_batch_yyy01.pl,y3,no,0.05,no,corr,0.0
5805,exp_cycles_indvary2_step7_batch_yyy01.pl,v1,yes,0.07,yes,corr,1.0
5806,exp_cycles_indvary2_step7_batch_yyy01.pl,f3,no,0.05,no,corr,0.0
5807,exp_cycles_indvary2_step7_batch_yyy01.pl,t2,yes,0.05,yes,corr,1.0
5808,exp_cycles_indvary2_step7_batch_yyy01.pl,s1,no,0.05,no,corr,0.0
5809,exp_cycles_indvary2_step7_batch_yyy01.pl,r7,no,0.05,no,corr,0.0
5810,exp_cycles_indvary2_step7_batch_yyy01.pl,q2,no,0.04,no,corr,0.0
5811,exp_cycles_indvary2_step7_batch_yyy02.pl,u5,no,0.05,no,corr,0.0
5812,exp_cycles_indvary2_step7_batch_yyy02.pl,f1,no,0.18,no,corr,4.0
5813,exp_cycles_indvary2_step7_batch_yyy02.pl,c1,no,0.18,no,corr,4.0
5814,exp_cycles_indvary2_step7_batch_yyy02.pl,e3,no,0.05,no,corr,0.0
5815,exp_cycles_indvary2_step7_batch_yyy02.pl,d2,no,0.21,no,corr,4.0
5816,exp_cycles_indvary2_step7_batch_yyy02.pl,v3,no,0.04,no,corr,0.0
5817,exp_cycles_indvary2_step7_batch_yyy02.pl,s4,no,0.05,no,corr,0.0
5818,exp_cycles_indvary2_step7_batch_yyy02.pl,y4,no,0.04,no,corr,0.0
5819,exp_cycles_indvary2_step7_batch_yyy02.pl,r5,no,0.05,no,corr,0.0
5820,exp_cycles_indvary2_step7_batch_yyy02.pl,e4,no,0.04,no,corr,0.0
5821,exp_cycles_indvary2_step7_batch_yyy03.pl,w7,no,0.05,no,corr,0.0
5822,exp_cycles_indvary2_step7_batch_yyy03.pl,z5,no,0.04,no,corr,0.0
5823,exp_cycles_indvary2_step7_batch_yyy03.pl,u4,no,0.05,no,corr,0.0
5824,exp_cycles_indvary2_step7_batch_yyy03.pl,v5,no,0.05,no,corr,0.0
5825,exp_cycles_indvary2_step7_batch_yyy03.pl,c2,yes,0.07,yes,corr,2.0
5826,exp_cycles_indvary2_step7_batch_yyy03.pl,y2,yes,0.05,yes,corr,1.0
5827,exp_cycles_indvary2_step7_batch_yyy03.pl,x5,no,0.04,no,corr,0.0
5828,exp_cycles_indvary2_step7_batch_yyy03.pl,c6,no,0.05,no,corr,0.0
5829,exp_cycles_indvary2_step7_batch_yyy03.pl,q7,no,0.04,no,corr,0.0
5830,exp_cycles_indvary2_step7_batch_yyy03.pl,y5,no,0.05,no,corr,0.0
5831,exp_cycles_indvary2_step7_batch_yyy04.pl,x3,no,0.04,no,corr,0.0
5832,exp_cycles_indvary2_step7_batch_yyy04.pl,t3,no,0.05,no,corr,0.0
5833,exp_cycles_indvary2_step7_batch_yyy04.pl,f5,no,0.05,no,corr,0.0
5834,exp_cycles_indvary2_step7_batch_yyy04.pl,y3,no,0.05,no,corr,0.0
5835,exp_cycles_indvary2_step7_batch_yyy04.pl,w1,yes,0.06,yes,corr,1.0
5836,exp_cycles_indvary2_step7_batch_yyy04.pl,s6,no,0.05,no,corr,0.0
5837,exp_cycles_indvary2_step7_batch_yyy04.pl,e3,no,0.04,no,corr,0.0
5838,exp_cycles_indvary2_step7_batch_yyy04.pl,p6,no,0.05,no,corr,0.0
5839,exp_cycles_indvary2_step7_batch_yyy04.pl,t1,yes,0.06,yes,corr,1.0
5840,exp_cycles_indvary2_step7_batch_yyy04.pl,q1,yes,0.05,yes,corr,1.0
5841,exp_cycles_indvary2_step7_batch_yyy05.pl,d5,no,0.05,no,corr,0.0
5842,exp_cycles_indvary2_step7_batch_yyy05.pl,q6,no,0.05,no,corr,0.0
5843,exp_cycles_indvary2_step7_batch_yyy05.pl,p7,no,0.05,no,corr,0.0
5844,exp_cycles_indvary2_step7_batch_yyy05.pl,t3,no,0.04,no,corr,0.0
5845,exp_cycles_indvary2_step7_batch_yyy05.pl,x7,no,0.05,no,corr,0.0
5846,exp_cycles_indvary2_step7_batch_yyy05.pl,y2,yes,0.06,yes,corr,1.0
5847,exp_cycles_indvary2_step7_batch_yyy05.pl,a1,no,0.29,no,corr,6.0
5848,exp_cycles_indvary2_step7_batch_yyy05.pl,t1,no,0.04,no,corr,0.0
5849,exp_cycles_indvary2_step7_batch_yyy05.pl,b3,yes,0.05,yes,corr,0.0
5850,exp_cycles_indvary2_step7_batch_yyy05.pl,w7,no,0.05,no,corr,0.0
5851,exp_cycles_indvary2_step7_batch_yyy06.pl,d5,no,0.05,no,corr,0.0
5852,exp_cycles_indvary2_step7_batch_yyy06.pl,x3,no,0.05,no,corr,0.0
5853,exp_cycles_indvary2_step7_batch_yyy06.pl,r6,no,0.05,no,corr,0.0
5854,exp_cycles_indvary2_step7_batch_yyy06.pl,c2,no,0.07,no,corr,1.0
5855,exp_cycles_indvary2_step7_batch_yyy06.pl,s6,no,0.05,no,corr,0.0
5856,exp_cycles_indvary2_step7_batch_yyy06.pl,x6,no,0.05,no,corr,0.0
5857,exp_cycles_indvary2_step7_batch_yyy06.pl,r7,no,0.05,no,corr,0.0
5858,exp_cycles_indvary2_step7_batch_yyy06.pl,a1,no,0.06,no,corr,1.0
5859,exp_cycles_indvary2_step7_batch_yyy06.pl,r2,no,0.06,no,corr,0.0
5860,exp_cycles_indvary2_step7_batch_yyy06.pl,s7,no,0.05,no,corr,0.0
5861,exp_cycles_indvary2_step7_batch_yyy07.pl,d3,no,0.05,no,corr,0.0
5862,exp_cycles_indvary2_step7_batch_yyy07.pl,v5,no,0.05,no,corr,0.0
5863,exp_cycles_indvary2_step7_batch_yyy07.pl,q4,no,0.05,no,corr,0.0
5864,exp_cycles_indvary2_step7_batch_yyy07.pl,w4,no,0.06,no,corr,0.0
5865,exp_cycles_indvary2_step7_batch_yyy07.pl,c1,no,0.05,no,corr,1.0
5866,exp_cycles_indvary2_step7_batch_yyy07.pl,r4,no,0.05,no,corr,0.0
5867,exp_cycles_indvary2_step7_batch_yyy07.pl,b4,no,0.04,no,corr,0.0
5868,exp_cycles_indvary2_step7_batch_yyy07.pl,q5,no,0.05,no,corr,0.0
5869,exp_cycles_indvary2_step7_batch_yyy07.pl,c2,yes,0.06,yes,corr,1.0
5870,exp_cycles_indvary2_step7_batch_yyy07.pl,t6,no,0.05,no,corr,0.0
5871,exp_cycles_indvary2_step7_batch_yyy08.pl,q6,no,0.04,no,corr,0.0
5872,exp_cycles_indvary2_step7_batch_yyy08.pl,x3,no,0.05,no,corr,0.0
5873,exp_cycles_indvary2_step7_batch_yyy08.pl,w5,no,0.05,no,corr,0.0
5874,exp_cycles_indvary2_step7_batch_yyy08.pl,s5,no,0.05,no,corr,0.0
5875,exp_cycles_indvary2_step7_batch_yyy08.pl,b1,yes,0.12,yes,corr,3.0
5876,exp_cycles_indvary2_step7_batch_yyy08.pl,a4,no,0.05,no,corr,0.0
5877,exp_cycles_indvary2_step7_batch_yyy08.pl,c6,no,0.05,no,corr,0.0
5878,exp_cycles_indvary2_step7_batch_yyy08.pl,f4,no,0.05,no,corr,0.0
5879,exp_cycles_indvary2_step7_batch_yyy08.pl,p1,no,0.05,no,corr,0.0
5880,exp_cycles_indvary2_step7_batch_yyy08.pl,w3,no,0.05,no,corr,0.0
5881,exp_cycles_indvary2_step7_batch_yyy09.pl,t5,no,0.05,no,corr,0.0
5882,exp_cycles_indvary2_step7_batch_yyy09.pl,z6,no,0.05,no,corr,0.0
5883,exp_cycles_indvary2_step7_batch_yyy09.pl,s4,no,0.05,no,corr,0.0
5884,exp_cycles_indvary2_step7_batch_yyy09.pl,v2,yes,0.05,yes,corr,1.0
5885,exp_cycles_indvary2_step7_batch_yyy09.pl,x3,no,0.04,no,corr,0.0
5886,exp_cycles_indvary2_step7_batch_yyy09.pl,r6,no,0.05,no,corr,0.0
5887,exp_cycles_indvary2_step7_batch_yyy09.pl,t2,yes,0.05,yes,corr,1.0
5888,exp_cycles_indvary2_step7_batch_yyy09.pl,f4,no,0.04,no,corr,0.0
5889,exp_cycles_indvary2_step7_batch_yyy09.pl,q3,yes,0.05,yes,corr,1.0
5890,exp_cycles_indvary2_step7_batch_yyy09.pl,p6,no,0.04,no,corr,0.0
5891,exp_cycles_indvary2_step7_batch_yyy10.pl,c4,no,0.05,no,corr,0.0
5892,exp_cycles_indvary2_step7_batch_yyy10.pl,x3,no,0.05,no,corr,0.0
5893,exp_cycles_indvary2_step7_batch_yyy10.pl,s2,yes,0.06,yes,corr,1.0
5894,exp_cycles_indvary2_step7_batch_yyy10.pl,p1,yes,0.05,yes,corr,1.0
5895,exp_cycles_indvary2_step7_batch_yyy10.pl,v6,no,0.04,no,corr,0.0
5896,exp_cycles_indvary2_step7_batch_yyy10.pl,f1,no,0.18,no,corr,5.0
5897,exp_cycles_indvary2_step7_batch_yyy10.pl,a4,no,0.05,no,corr,0.0
5898,exp_cycles_indvary2_step7_batch_yyy10.pl,x2,no,0.04,no,corr,0.0
5899,exp_cycles_indvary2_step7_batch_yyy10.pl,a2,no,0.22,no,corr,5.0
5900,exp_cycles_indvary2_step7_batch_yyy10.pl,x4,no,0.04,no,corr,0.0
5901,exp_cycles_indvary2_step8_batch_yyy01.pl,s4,no,0.04,no,corr,0.0
5902,exp_cycles_indvary2_step8_batch_yyy01.pl,w2,yes,0.05,yes,corr,1.0
5903,exp_cycles_indvary2_step8_batch_yyy01.pl,x2,yes,0.05,yes,corr,1.0
5904,exp_cycles_indvary2_step8_batch_yyy01.pl,y3,no,0.04,no,corr,0.0
5905,exp_cycles_indvary2_step8_batch_yyy01.pl,u3,no,0.04,no,corr,0.0
5906,exp_cycles_indvary2_step8_batch_yyy01.pl,q3,yes,0.05,yes,corr,1.0
5907,exp_cycles_indvary2_step8_batch_yyy01.pl,e2,no,0.16,no,corr,4.0
5908,exp_cycles_indvary2_step8_batch_yyy01.pl,p6,no,0.04,no,corr,0.0
5909,exp_cycles_indvary2_step8_batch_yyy01.pl,p4,no,0.04,no,corr,0.0
5910,exp_cycles_indvary2_step8_batch_yyy01.pl,p7,no,0.04,no,corr,0.0
5911,exp_cycles_indvary2_step8_batch_yyy02.pl,r6,no,0.05,no,corr,0.0
5912,exp_cycles_indvary2_step8_batch_yyy02.pl,v5,no,0.04,no,corr,0.0
5913,exp_cycles_indvary2_step8_batch_yyy02.pl,t3,no,0.05,no,corr,0.0
5914,exp_cycles_indvary2_step8_batch_yyy02.pl,w4,no,0.04,no,corr,0.0
5915,exp_cycles_indvary2_step8_batch_yyy02.pl,y1,yes,0.05,yes,corr,1.0
5916,exp_cycles_indvary2_step8_batch_yyy02.pl,p2,no,0.04,no,corr,0.0
5917,exp_cycles_indvary2_step8_batch_yyy02.pl,v3,no,0.04,no,corr,0.0
5918,exp_cycles_indvary2_step8_batch_yyy02.pl,r3,yes,0.05,yes,corr,1.0
5919,exp_cycles_indvary2_step8_batch_yyy02.pl,u2,yes,0.05,yes,corr,1.0
5920,exp_cycles_indvary2_step8_batch_yyy02.pl,t1,no,0.05,no,corr,0.0
5921,exp_cycles_indvary2_step8_batch_yyy03.pl,v2,yes,0.05,yes,corr,1.0
5922,exp_cycles_indvary2_step8_batch_yyy03.pl,u1,no,0.04,no,corr,0.0
5923,exp_cycles_indvary2_step8_batch_yyy03.pl,t3,no,0.04,no,corr,0.0
5924,exp_cycles_indvary2_step8_batch_yyy03.pl,t6,no,0.05,no,corr,0.0
5925,exp_cycles_indvary2_step8_batch_yyy03.pl,x2,yes,0.05,yes,corr,1.0
5926,exp_cycles_indvary2_step8_batch_yyy03.pl,p3,no,0.04,no,corr,0.0
5927,exp_cycles_indvary2_step8_batch_yyy03.pl,x5,no,0.04,no,corr,0.0
5928,exp_cycles_indvary2_step8_batch_yyy03.pl,r2,yes,0.06,yes,corr,1.0
5929,exp_cycles_indvary2_step8_batch_yyy03.pl,u2,yes,0.05,yes,corr,1.0
5930,exp_cycles_indvary2_step8_batch_yyy03.pl,x4,no,0.04,no,corr,0.0
5931,exp_cycles_indvary2_step8_batch_yyy04.pl,v7,no,0.04,no,corr,0.0
5932,exp_cycles_indvary2_step8_batch_yyy04.pl,d4,no,0.04,no,corr,0.0
5933,exp_cycles_indvary2_step8_batch_yyy04.pl,s5,no,0.04,no,corr,0.0
5934,exp_cycles_indvary2_step8_batch_yyy04.pl,x7,no,0.05,no,corr,0.0
5935,exp_cycles_indvary2_step8_batch_yyy04.pl,p2,yes,0.05,yes,corr,1.0
5936,exp_cycles_indvary2_step8_batch_yyy04.pl,a3,no,0.19,no,corr,4.0
5937,exp_cycles_indvary2_step8_batch_yyy04.pl,x1,yes,0.06,yes,corr,1.0
5938,exp_cycles_indvary2_step8_batch_yyy04.pl,x4,no,0.04,no,corr,0.0
5939,exp_cycles_indvary2_step8_batch_yyy04.pl,v1,yes,0.07,yes,corr,1.0
5940,exp_cycles_indvary2_step8_batch_yyy04.pl,w1,yes,0.05,yes,corr,1.0
5941,exp_cycles_indvary2_step8_batch_yyy05.pl,d5,no,0.04,no,corr,0.0
5942,exp_cycles_indvary2_step8_batch_yyy05.pl,v2,yes,0.05,yes,corr,1.0
5943,exp_cycles_indvary2_step8_batch_yyy05.pl,d3,no,0.04,no,corr,0.0
5944,exp_cycles_indvary2_step8_batch_yyy05.pl,w5,no,0.04,no,corr,0.0
5945,exp_cycles_indvary2_step8_batch_yyy05.pl,c5,no,0.04,no,corr,0.0
5946,exp_cycles_indvary2_step8_batch_yyy05.pl,f5,no,0.05,no,corr,0.0
5947,exp_cycles_indvary2_step8_batch_yyy05.pl,w4,no,0.04,no,corr,0.0
5948,exp_cycles_indvary2_step8_batch_yyy05.pl,b5,no,0.05,no,corr,0.0
5949,exp_cycles_indvary2_step8_batch_yyy05.pl,x1,yes,0.05,yes,corr,1.0
5950,exp_cycles_indvary2_step8_batch_yyy05.pl,y6,no,0.05,no,corr,0.0
5951,exp_cycles_indvary2_step8_batch_yyy06.pl,u6,no,0.04,no,corr,0.0
5952,exp_cycles_indvary2_step8_batch_yyy06.pl,b4,no,0.04,no,corr,0.0
5953,exp_cycles_indvary2_step8_batch_yyy06.pl,s6,no,0.04,no,corr,0.0
5954,exp_cycles_indvary2_step8_batch_yyy06.pl,v4,no,0.05,no,corr,0.0
5955,exp_cycles_indvary2_step8_batch_yyy06.pl,a3,no,0.07,no,corr,1.0
5956,exp_cycles_indvary2_step8_batch_yyy06.pl,x1,yes,0.06,yes,corr,1.0
5957,exp_cycles_indvary2_step8_batch_yyy06.pl,s7,no,0.05,no,corr,0.0
5958,exp_cycles_indvary2_step8_batch_yyy06.pl,d1,no,0.06,no,corr,1.0
5959,exp_cycles_indvary2_step8_batch_yyy06.pl,u2,yes,0.05,yes,corr,1.0
5960,exp_cycles_indvary2_step8_batch_yyy06.pl,q1,yes,0.06,yes,corr,1.0
5961,exp_cycles_indvary2_step8_batch_yyy07.pl,r6,no,0.04,no,corr,0.0
5962,exp_cycles_indvary2_step8_batch_yyy07.pl,w6,no,0.05,no,corr,0.0
5963,exp_cycles_indvary2_step8_batch_yyy07.pl,s1,yes,0.05,yes,corr,1.0
5964,exp_cycles_indvary2_step8_batch_yyy07.pl,p2,yes,0.06,yes,corr,1.0
5965,exp_cycles_indvary2_step8_batch_yyy07.pl,z3,no,0.04,no,corr,0.0
5966,exp_cycles_indvary2_step8_batch_yyy07.pl,r3,no,0.05,no,corr,0.0
5967,exp_cycles_indvary2_step8_batch_yyy07.pl,p4,no,0.04,no,corr,0.0
5968,exp_cycles_indvary2_step8_batch_yyy07.pl,x3,no,0.05,no,corr,0.0
5969,exp_cycles_indvary2_step8_batch_yyy07.pl,t2,yes,0.05,yes,corr,1.0
5970,exp_cycles_indvary2_step8_batch_yyy07.pl,s6,no,0.04,no,corr,0.0
5971,exp_cycles_indvary2_step8_batch_yyy08.pl,p5,no,0.04,no,corr,0.0
5972,exp_cycles_indvary2_step8_batch_yyy08.pl,f1,no,0.37,no,corr,7.0
5973,exp_cycles_indvary2_step8_batch_yyy08.pl,u4,no,0.05,no,corr,0.0
5974,exp_cycles_indvary2_step8_batch_yyy08.pl,e4,no,0.04,no,corr,0.0
5975,exp_cycles_indvary2_step8_batch_yyy08.pl,f3,no,0.04,no,corr,0.0
5976,exp_cycles_indvary2_step8_batch_yyy08.pl,s7,no,0.05,no,corr,0.0
5977,exp_cycles_indvary2_step8_batch_yyy08.pl,q1,yes,0.05,yes,corr,1.0
5978,exp_cycles_indvary2_step8_batch_yyy08.pl,q7,no,0.04,no,corr,0.0
5979,exp_cycles_indvary2_step8_batch_yyy08.pl,w6,no,0.06,no,corr,0.0
5980,exp_cycles_indvary2_step8_batch_yyy08.pl,x2,yes,0.07,yes,corr,2.0
5981,exp_cycles_indvary2_step8_batch_yyy09.pl,x3,no,0.04,no,corr,0.0
5982,exp_cycles_indvary2_step8_batch_yyy09.pl,f1,yes,0.05,yes,corr,0.0
5983,exp_cycles_indvary2_step8_batch_yyy09.pl,z1,yes,0.06,yes,corr,1.0
5984,exp_cycles_indvary2_step8_batch_yyy09.pl,t7,no,0.04,no,corr,0.0
5985,exp_cycles_indvary2_step8_batch_yyy09.pl,r7,no,0.04,no,corr,0.0
5986,exp_cycles_indvary2_step8_batch_yyy09.pl,d1,no,0.16,no,corr,4.0
5987,exp_cycles_indvary2_step8_batch_yyy09.pl,y5,no,0.04,no,corr,0.0
5988,exp_cycles_indvary2_step8_batch_yyy09.pl,w3,no,0.05,no,corr,0.0
5989,exp_cycles_indvary2_step8_batch_yyy09.pl,s5,no,0.05,no,corr,0.0
5990,exp_cycles_indvary2_step8_batch_yyy09.pl,t3,no,0.04,no,corr,0.0
5991,exp_cycles_indvary2_step8_batch_yyy10.pl,s3,no,0.04,no,corr,0.0
5992,exp_cycles_indvary2_step8_batch_yyy10.pl,r6,no,0.04,no,corr,0.0
5993,exp_cycles_indvary2_step8_batch_yyy10.pl,v5,no,0.06,no,corr,0.0
5994,exp_cycles_indvary2_step8_batch_yyy10.pl,w6,no,0.05,no,corr,0.0
5995,exp_cycles_indvary2_step8_batch_yyy10.pl,f4,no,0.06,no,corr,0.0
5996,exp_cycles_indvary2_step8_batch_yyy10.pl,q3,yes,0.07,yes,corr,2.0
5997,exp_cycles_indvary2_step8_batch_yyy10.pl,u5,no,0.05,no,corr,0.0
5998,exp_cycles_indvary2_step8_batch_yyy10.pl,d5,no,0.05,no,corr,0.0
5999,exp_cycles_indvary2_step8_batch_yyy10.pl,d4,no,0.05,no,corr,0.0
6000,exp_cycles_indvary2_step8_batch_yyy10.pl,x3,no,0.05,no,corr,0.0
6001,exp_cycles_indvary3_step1_batch_yyy01.pl,t5,no,0.03,no,corr,0.0
6002,exp_cycles_indvary3_step1_batch_yyy01.pl,s4,no,0.04,no,corr,0.0
6003,exp_cycles_indvary3_step1_batch_yyy01.pl,u4,no,0.03,no,corr,0.0
6004,exp_cycles_indvary3_step1_batch_yyy01.pl,w5,no,0.03,no,corr,0.0
6005,exp_cycles_indvary3_step1_batch_yyy01.pl,y3,yes,0.04,yes,corr,1.0
6006,exp_cycles_indvary3_step1_batch_yyy01.pl,b5,no,0.04,no,corr,0.0
6007,exp_cycles_indvary3_step1_batch_yyy01.pl,d1,yes,0.03,yes,corr,0.0
6008,exp_cycles_indvary3_step1_batch_yyy01.pl,a2,no,0.05,no,corr,4.0
6009,exp_cycles_indvary3_step1_batch_yyy01.pl,r2,yes,0.05,yes,corr,1.0
6010,exp_cycles_indvary3_step1_batch_yyy01.pl,r7,no,0.03,no,corr,0.0
6011,exp_cycles_indvary3_step1_batch_yyy02.pl,r6,no,0.03,no,corr,0.0
6012,exp_cycles_indvary3_step1_batch_yyy02.pl,p2,yes,0.04,yes,corr,1.0
6013,exp_cycles_indvary3_step1_batch_yyy02.pl,x1,no,0.03,no,corr,0.0
6014,exp_cycles_indvary3_step1_batch_yyy02.pl,b6,no,0.03,no,corr,0.0
6015,exp_cycles_indvary3_step1_batch_yyy02.pl,r3,no,0.03,no,corr,0.0
6016,exp_cycles_indvary3_step1_batch_yyy02.pl,f2,yes,0.03,yes,corr,0.0
6017,exp_cycles_indvary3_step1_batch_yyy02.pl,c3,yes,0.04,yes,corr,1.0
6018,exp_cycles_indvary3_step1_batch_yyy02.pl,t4,no,0.03,no,corr,0.0
6019,exp_cycles_indvary3_step1_batch_yyy02.pl,x5,no,0.03,no,corr,0.0
6020,exp_cycles_indvary3_step1_batch_yyy02.pl,b5,no,0.03,no,corr,0.0
6021,exp_cycles_indvary3_step1_batch_yyy03.pl,u6,no,0.03,no,corr,0.0
6022,exp_cycles_indvary3_step1_batch_yyy03.pl,t4,no,0.04,no,corr,0.0
6023,exp_cycles_indvary3_step1_batch_yyy03.pl,p3,yes,0.03,yes,corr,1.0
6024,exp_cycles_indvary3_step1_batch_yyy03.pl,r1,no,0.03,no,corr,0.0
6025,exp_cycles_indvary3_step1_batch_yyy03.pl,q3,yes,0.04,yes,corr,1.0
6026,exp_cycles_indvary3_step1_batch_yyy03.pl,r7,no,0.03,no,corr,0.0
6027,exp_cycles_indvary3_step1_batch_yyy03.pl,q1,no,0.07,no,corr,7.0
6028,exp_cycles_indvary3_step1_batch_yyy03.pl,y6,no,0.03,no,corr,0.0
6029,exp_cycles_indvary3_step1_batch_yyy03.pl,b3,yes,0.04,yes,corr,0.0
6030,exp_cycles_indvary3_step1_batch_yyy03.pl,v7,no,0.03,no,corr,0.0
6031,exp_cycles_indvary3_step1_batch_yyy04.pl,v2,no,0.05,no,corr,5.0
6032,exp_cycles_indvary3_step1_batch_yyy04.pl,d3,no,0.03,no,corr,0.0
6033,exp_cycles_indvary3_step1_batch_yyy04.pl,f3,no,0.03,no,corr,0.0
6034,exp_cycles_indvary3_step1_batch_yyy04.pl,p2,no,0.03,no,corr,0.0
6035,exp_cycles_indvary3_step1_batch_yyy04.pl,y2,yes,0.06,yes,corr,6.0
6036,exp_cycles_indvary3_step1_batch_yyy04.pl,s7,no,0.03,no,corr,0.0
6037,exp_cycles_indvary3_step1_batch_yyy04.pl,q7,no,0.03,no,corr,0.0
6038,exp_cycles_indvary3_step1_batch_yyy04.pl,q2,yes,0.06,yes,corr,6.0
6039,exp_cycles_indvary3_step1_batch_yyy04.pl,c1,no,0.04,no,corr,1.0
6040,exp_cycles_indvary3_step1_batch_yyy04.pl,t2,yes,0.05,yes,corr,3.0
6041,exp_cycles_indvary3_step1_batch_yyy05.pl,u5,no,0.03,no,corr,0.0
6042,exp_cycles_indvary3_step1_batch_yyy05.pl,a6,no,0.04,no,corr,0.0
6043,exp_cycles_indvary3_step1_batch_yyy05.pl,x3,no,0.04,no,corr,0.0
6044,exp_cycles_indvary3_step1_batch_yyy05.pl,v6,no,0.03,no,corr,0.0
6045,exp_cycles_indvary3_step1_batch_yyy05.pl,d3,no,0.03,no,corr,0.0
6046,exp_cycles_indvary3_step1_batch_yyy05.pl,w5,no,0.03,no,corr,0.0
6047,exp_cycles_indvary3_step1_batch_yyy05.pl,b1,yes,0.04,yes,corr,1.0
6048,exp_cycles_indvary3_step1_batch_yyy05.pl,t7,no,0.03,no,corr,0.0
6049,exp_cycles_indvary3_step1_batch_yyy05.pl,u3,yes,0.04,yes,corr,1.0
6050,exp_cycles_indvary3_step1_batch_yyy05.pl,r4,no,0.03,no,corr,0.0
6051,exp_cycles_indvary3_step1_batch_yyy06.pl,z6,no,0.03,no,corr,0.0
6052,exp_cycles_indvary3_step1_batch_yyy06.pl,d4,no,0.03,no,corr,0.0
6053,exp_cycles_indvary3_step1_batch_yyy06.pl,u3,yes,0.06,yes,corr,3.0
6054,exp_cycles_indvary3_step1_batch_yyy06.pl,p2,no,0.03,no,corr,0.0
6055,exp_cycles_indvary3_step1_batch_yyy06.pl,y2,yes,0.05,yes,corr,3.0
6056,exp_cycles_indvary3_step1_batch_yyy06.pl,v3,yes,0.04,yes,corr,1.0
6057,exp_cycles_indvary3_step1_batch_yyy06.pl,x4,no,0.03,no,corr,0.0
6058,exp_cycles_indvary3_step1_batch_yyy06.pl,c2,no,0.04,no,corr,2.0
6059,exp_cycles_indvary3_step1_batch_yyy06.pl,a5,no,0.03,no,corr,0.0
6060,exp_cycles_indvary3_step1_batch_yyy06.pl,b1,yes,0.03,yes,corr,1.0
6061,exp_cycles_indvary3_step1_batch_yyy07.pl,u6,no,0.03,no,corr,0.0
6062,exp_cycles_indvary3_step1_batch_yyy07.pl,z5,no,0.03,no,corr,0.0
6063,exp_cycles_indvary3_step1_batch_yyy07.pl,v6,no,0.04,no,corr,0.0
6064,exp_cycles_indvary3_step1_batch_yyy07.pl,u4,no,0.03,no,corr,0.0
6065,exp_cycles_indvary3_step1_batch_yyy07.pl,b4,no,0.03,no,corr,0.0
6066,exp_cycles_indvary3_step1_batch_yyy07.pl,v4,no,0.04,no,corr,0.0
6067,exp_cycles_indvary3_step1_batch_yyy07.pl,r1,yes,0.04,yes,corr,1.0
6068,exp_cycles_indvary3_step1_batch_yyy07.pl,p2,no,0.04,no,corr,0.0
6069,exp_cycles_indvary3_step1_batch_yyy07.pl,s2,yes,0.04,yes,corr,1.0
6070,exp_cycles_indvary3_step1_batch_yyy07.pl,c2,yes,0.04,yes,corr,1.0
6071,exp_cycles_indvary3_step1_batch_yyy08.pl,v2,no,0.03,no,corr,0.0
6072,exp_cycles_indvary3_step1_batch_yyy08.pl,p5,no,0.04,no,corr,0.0
6073,exp_cycles_indvary3_step1_batch_yyy08.pl,w5,no,0.03,no,corr,0.0
6074,exp_cycles_indvary3_step1_batch_yyy08.pl,c5,no,0.03,no,corr,0.0
6075,exp_cycles_indvary3_step1_batch_yyy08.pl,q3,yes,0.06,yes,corr,5.0
6076,exp_cycles_indvary3_step1_batch_yyy08.pl,u2,yes,0.04,yes,corr,1.0
6077,exp_cycles_indvary3_step1_batch_yyy08.pl,t4,no,0.04,no,corr,0.0
6078,exp_cycles_indvary3_step1_batch_yyy08.pl,t5,no,0.03,no,corr,0.0
6079,exp_cycles_indvary3_step1_batch_yyy08.pl,b6,no,0.03,no,corr,0.0
6080,exp_cycles_indvary3_step1_batch_yyy08.pl,a1,no,0.07,no,corr,7.0
6081,exp_cycles_indvary3_step1_batch_yyy09.pl,a6,no,0.03,no,corr,0.0
6082,exp_cycles_indvary3_step1_batch_yyy09.pl,f1,yes,0.03,yes,corr,0.0
6083,exp_cycles_indvary3_step1_batch_yyy09.pl,q5,no,0.04,no,corr,0.0
6084,exp_cycles_indvary3_step1_batch_yyy09.pl,f5,no,0.03,no,corr,0.0
6085,exp_cycles_indvary3_step1_batch_yyy09.pl,v1,no,0.03,no,corr,0.0
6086,exp_cycles_indvary3_step1_batch_yyy09.pl,u3,yes,0.04,yes,corr,2.0
6087,exp_cycles_indvary3_step1_batch_yyy09.pl,y1,yes,0.04,yes,corr,1.0
6088,exp_cycles_indvary3_step1_batch_yyy09.pl,f4,no,0.04,no,corr,0.0
6089,exp_cycles_indvary3_step1_batch_yyy09.pl,y2,no,0.03,no,corr,0.0
6090,exp_cycles_indvary3_step1_batch_yyy09.pl,x1,yes,0.04,yes,corr,1.0
6091,exp_cycles_indvary3_step1_batch_yyy10.pl,u5,no,0.03,no,corr,0.0
6092,exp_cycles_indvary3_step1_batch_yyy10.pl,v7,no,0.04,no,corr,0.0
6093,exp_cycles_indvary3_step1_batch_yyy10.pl,z5,no,0.04,no,corr,0.0
6094,exp_cycles_indvary3_step1_batch_yyy10.pl,c2,no,0.04,no,corr,1.0
6095,exp_cycles_indvary3_step1_batch_yyy10.pl,x7,no,0.03,no,corr,0.0
6096,exp_cycles_indvary3_step1_batch_yyy10.pl,f4,no,0.05,no,corr,0.0
6097,exp_cycles_indvary3_step1_batch_yyy10.pl,x4,no,0.04,no,corr,0.0
6098,exp_cycles_indvary3_step1_batch_yyy10.pl,f2,no,0.03,no,corr,1.0
6099,exp_cycles_indvary3_step1_batch_yyy10.pl,y2,no,0.03,no,corr,0.0
6100,exp_cycles_indvary3_step1_batch_yyy10.pl,x1,yes,0.04,yes,corr,1.0
6101,exp_cycles_indvary3_step2_batch_yyy01.pl,s3,,600.0,no,TIMEOUT,
6102,exp_cycles_indvary3_step2_batch_yyy01.pl,q6,no,0.04,no,corr,0.0
6103,exp_cycles_indvary3_step2_batch_yyy01.pl,d4,no,0.04,no,corr,0.0
6104,exp_cycles_indvary3_step2_batch_yyy01.pl,u1,no,0.05,no,corr,2.0
6105,exp_cycles_indvary3_step2_batch_yyy01.pl,c2,yes,0.04,yes,corr,0.0
6106,exp_cycles_indvary3_step2_batch_yyy01.pl,e4,no,0.04,no,corr,0.0
6107,exp_cycles_indvary3_step2_batch_yyy01.pl,v1,no,0.04,no,corr,0.0
6108,exp_cycles_indvary3_step2_batch_yyy01.pl,r4,no,0.03,no,corr,0.0
6109,exp_cycles_indvary3_step2_batch_yyy01.pl,b6,no,0.05,no,corr,0.0
6110,exp_cycles_indvary3_step2_batch_yyy01.pl,r3,no,0.03,no,corr,0.0
6111,exp_cycles_indvary3_step2_batch_yyy02.pl,v7,no,0.03,no,corr,0.0
6112,exp_cycles_indvary3_step2_batch_yyy02.pl,b4,no,0.04,no,corr,0.0
6113,exp_cycles_indvary3_step2_batch_yyy02.pl,t6,no,0.03,no,corr,0.0
6114,exp_cycles_indvary3_step2_batch_yyy02.pl,y1,no,0.03,no,corr,0.0
6115,exp_cycles_indvary3_step2_batch_yyy02.pl,p2,no,0.03,no,corr,0.0
6116,exp_cycles_indvary3_step2_batch_yyy02.pl,y2,no,0.03,no,corr,0.0
6117,exp_cycles_indvary3_step2_batch_yyy02.pl,q1,yes,0.07,yes,corr,6.0
6118,exp_cycles_indvary3_step2_batch_yyy02.pl,q7,no,0.03,no,corr,0.0
6119,exp_cycles_indvary3_step2_batch_yyy02.pl,t5,no,0.04,no,corr,0.0
6120,exp_cycles_indvary3_step2_batch_yyy02.pl,s3,no,28.69,no,corr,18.0
6121,exp_cycles_indvary3_step2_batch_yyy03.pl,v7,no,0.03,no,corr,0.0
6122,exp_cycles_indvary3_step2_batch_yyy03.pl,v2,no,0.04,no,corr,0.0
6123,exp_cycles_indvary3_step2_batch_yyy03.pl,w6,no,0.03,no,corr,0.0
6124,exp_cycles_indvary3_step2_batch_yyy03.pl,f3,no,0.04,no,corr,0.0
6125,exp_cycles_indvary3_step2_batch_yyy03.pl,v4,no,0.03,no,corr,0.0
6126,exp_cycles_indvary3_step2_batch_yyy03.pl,a3,no,1.97,no,corr,17.0
6127,exp_cycles_indvary3_step2_batch_yyy03.pl,y2,no,0.56,no,corr,13.0
6128,exp_cycles_indvary3_step2_batch_yyy03.pl,y5,no,0.04,no,corr,0.0
6129,exp_cycles_indvary3_step2_batch_yyy03.pl,p5,no,0.04,no,corr,0.0
6130,exp_cycles_indvary3_step2_batch_yyy03.pl,d4,no,0.04,no,corr,0.0
6131,exp_cycles_indvary3_step2_batch_yyy04.pl,c4,no,0.04,no,corr,0.0
6132,exp_cycles_indvary3_step2_batch_yyy04.pl,d3,no,0.04,no,corr,0.0
6133,exp_cycles_indvary3_step2_batch_yyy04.pl,p1,,600.0,no,TIMEOUT,
6134,exp_cycles_indvary3_step2_batch_yyy04.pl,q7,no,0.04,no,corr,0.0
6135,exp_cycles_indvary3_step2_batch_yyy04.pl,b3,yes,0.04,yes,corr,0.0
6136,exp_cycles_indvary3_step2_batch_yyy04.pl,v7,no,0.04,no,corr,0.0
6137,exp_cycles_indvary3_step2_batch_yyy04.pl,x5,no,0.04,no,corr,0.0
6138,exp_cycles_indvary3_step2_batch_yyy04.pl,t2,no,0.04,no,corr,0.0
6139,exp_cycles_indvary3_step2_batch_yyy04.pl,r2,no,0.04,no,corr,0.0
6140,exp_cycles_indvary3_step2_batch_yyy04.pl,r7,no,0.04,no,corr,0.0
6141,exp_cycles_indvary3_step2_batch_yyy05.pl,c4,no,0.04,no,corr,0.0
6142,exp_cycles_indvary3_step2_batch_yyy05.pl,y4,no,0.04,no,corr,0.0
6143,exp_cycles_indvary3_step2_batch_yyy05.pl,q6,no,0.04,no,corr,0.0
6144,exp_cycles_indvary3_step2_batch_yyy05.pl,q4,,600.0,no,TIMEOUT,
6145,exp_cycles_indvary3_step2_batch_yyy05.pl,z4,no,0.11,no,corr,0.0
6146,exp_cycles_indvary3_step2_batch_yyy05.pl,v6,no,0.09,no,corr,0.0
6147,exp_cycles_indvary3_step2_batch_yyy05.pl,u1,,600.0,no,TIMEOUT,
6148,exp_cycles_indvary3_step2_batch_yyy05.pl,f1,,600.0,no,TIMEOUT,
6149,exp_cycles_indvary3_step2_batch_yyy05.pl,t2,no,5.72,no,corr,15.0
6150,exp_cycles_indvary3_step2_batch_yyy05.pl,b5,no,0.09,no,corr,0.0
6151,exp_cycles_indvary3_step2_batch_yyy06.pl,q5,no,0.09,no,corr,0.0
6152,exp_cycles_indvary3_step2_batch_yyy06.pl,c3,yes,0.11,yes,corr,2.0
6153,exp_cycles_indvary3_step2_batch_yyy06.pl,c4,no,0.08,no,corr,0.0
6154,exp_cycles_indvary3_step2_batch_yyy06.pl,p5,no,0.09,no,corr,0.0
6155,exp_cycles_indvary3_step2_batch_yyy06.pl,x3,no,0.1,no,corr,0.0
6156,exp_cycles_indvary3_step2_batch_yyy06.pl,t7,no,0.09,no,corr,0.0
6157,exp_cycles_indvary3_step2_batch_yyy06.pl,z2,no,29.02,no,corr,19.0
6158,exp_cycles_indvary3_step2_batch_yyy06.pl,b5,no,0.07,no,corr,0.0
6159,exp_cycles_indvary3_step2_batch_yyy06.pl,v4,no,0.08,no,corr,0.0
6160,exp_cycles_indvary3_step2_batch_yyy06.pl,r4,no,0.08,no,corr,0.0
6161,exp_cycles_indvary3_step2_batch_yyy07.pl,s3,no,64.61,no,corr,16.0
6162,exp_cycles_indvary3_step2_batch_yyy07.pl,s4,no,0.08,no,corr,0.0
6163,exp_cycles_indvary3_step2_batch_yyy07.pl,e1,no,0.09,no,corr,2.0
6164,exp_cycles_indvary3_step2_batch_yyy07.pl,f5,no,0.07,no,corr,0.0
6165,exp_cycles_indvary3_step2_batch_yyy07.pl,z4,no,0.08,no,corr,0.0
6166,exp_cycles_indvary3_step2_batch_yyy07.pl,t7,no,0.07,no,corr,0.0
6167,exp_cycles_indvary3_step2_batch_yyy07.pl,u3,no,0.07,no,corr,0.0
6168,exp_cycles_indvary3_step2_batch_yyy07.pl,u2,no,12.93,no,corr,13.0
6169,exp_cycles_indvary3_step2_batch_yyy07.pl,p5,no,0.08,no,corr,0.0
6170,exp_cycles_indvary3_step2_batch_yyy07.pl,x3,,600.0,no,TIMEOUT,
6171,exp_cycles_indvary3_step2_batch_yyy08.pl,u5,no,0.09,no,corr,0.0
6172,exp_cycles_indvary3_step2_batch_yyy08.pl,f1,no,0.1,no,corr,1.0
6173,exp_cycles_indvary3_step2_batch_yyy08.pl,w5,no,0.09,no,corr,0.0
6174,exp_cycles_indvary3_step2_batch_yyy08.pl,c5,no,0.13,no,corr,0.0
6175,exp_cycles_indvary3_step2_batch_yyy08.pl,p1,yes,0.93,yes,corr,4.0
6176,exp_cycles_indvary3_step2_batch_yyy08.pl,w3,no,0.13,no,corr,0.0
6177,exp_cycles_indvary3_step2_batch_yyy08.pl,z4,no,0.11,no,corr,0.0
6178,exp_cycles_indvary3_step2_batch_yyy08.pl,y3,no,0.1,no,corr,0.0
6179,exp_cycles_indvary3_step2_batch_yyy08.pl,y2,,600.0,no,TIMEOUT,
6180,exp_cycles_indvary3_step2_batch_yyy08.pl,x1,yes,0.51,yes,corr,5.0
6181,exp_cycles_indvary3_step2_batch_yyy09.pl,z5,no,0.04,no,corr,0.0
6182,exp_cycles_indvary3_step2_batch_yyy09.pl,v6,no,0.04,no,corr,0.0
6183,exp_cycles_indvary3_step2_batch_yyy09.pl,z1,no,0.05,no,corr,0.0
6184,exp_cycles_indvary3_step2_batch_yyy09.pl,w4,no,0.04,no,corr,0.0
6185,exp_cycles_indvary3_step2_batch_yyy09.pl,s6,no,0.04,no,corr,0.0
6186,exp_cycles_indvary3_step2_batch_yyy09.pl,a3,,600.0,no,TIMEOUT,
6187,exp_cycles_indvary3_step2_batch_yyy09.pl,t4,no,0.06,no,corr,0.0
6188,exp_cycles_indvary3_step2_batch_yyy09.pl,s3,,600.0,no,TIMEOUT,
6189,exp_cycles_indvary3_step2_batch_yyy09.pl,r7,no,0.07,no,corr,0.0
6190,exp_cycles_indvary3_step2_batch_yyy09.pl,b6,no,0.08,no,corr,0.0
6191,exp_cycles_indvary3_step2_batch_yyy10.pl,z6,no,0.12,no,corr,0.0
6192,exp_cycles_indvary3_step2_batch_yyy10.pl,a6,no,0.09,no,corr,0.0
6193,exp_cycles_indvary3_step2_batch_yyy10.pl,q6,no,0.11,no,corr,0.0
6194,exp_cycles_indvary3_step2_batch_yyy10.pl,b4,no,0.1,no,corr,0.0
6195,exp_cycles_indvary3_step2_batch_yyy10.pl,y3,no,0.09,no,corr,0.0
6196,exp_cycles_indvary3_step2_batch_yyy10.pl,r4,no,0.12,no,corr,0.0
6197,exp_cycles_indvary3_step2_batch_yyy10.pl,d2,yes,0.19,yes,corr,4.0
6198,exp_cycles_indvary3_step2_batch_yyy10.pl,z3,no,0.11,no,corr,0.0
6199,exp_cycles_indvary3_step2_batch_yyy10.pl,r3,yes,1.98,yes,corr,6.0
6200,exp_cycles_indvary3_step2_batch_yyy10.pl,d1,yes,0.11,yes,corr,2.0
6201,exp_cycles_indvary3_step3_batch_yyy01.pl,w2,no,0.11,no,corr,0.0
6202,exp_cycles_indvary3_step3_batch_yyy01.pl,w6,no,0.09,no,corr,0.0
6203,exp_cycles_indvary3_step3_batch_yyy01.pl,a3,yes,0.13,yes,corr,0.0
6204,exp_cycles_indvary3_step3_batch_yyy01.pl,q1,,600.0,no,TIMEOUT,
6205,exp_cycles_indvary3_step3_batch_yyy01.pl,q7,no,0.05,no,corr,0.0
6206,exp_cycles_indvary3_step3_batch_yyy01.pl,a2,no,0.05,no,corr,1.0
6207,exp_cycles_indvary3_step3_batch_yyy01.pl,t4,no,0.05,no,corr,0.0
6208,exp_cycles_indvary3_step3_batch_yyy01.pl,c4,no,0.06,no,corr,0.0
6209,exp_cycles_indvary3_step3_batch_yyy01.pl,b4,no,0.05,no,corr,0.0
6210,exp_cycles_indvary3_step3_batch_yyy01.pl,q5,no,0.08,no,corr,0.0
6211,exp_cycles_indvary3_step3_batch_yyy02.pl,b4,no,0.07,no,corr,0.0
6212,exp_cycles_indvary3_step3_batch_yyy02.pl,w6,no,0.07,no,corr,0.0
6213,exp_cycles_indvary3_step3_batch_yyy02.pl,a3,yes,0.06,yes,corr,0.0
6214,exp_cycles_indvary3_step3_batch_yyy02.pl,r7,no,0.07,no,corr,0.0
6215,exp_cycles_indvary3_step3_batch_yyy02.pl,p1,no,0.06,no,corr,0.0
6216,exp_cycles_indvary3_step3_batch_yyy02.pl,y5,no,0.08,no,corr,0.0
6217,exp_cycles_indvary3_step3_batch_yyy02.pl,t4,no,0.07,no,corr,0.0
6218,exp_cycles_indvary3_step3_batch_yyy02.pl,s3,,600.0,no,TIMEOUT,
6219,exp_cycles_indvary3_step3_batch_yyy02.pl,y1,no,0.06,no,corr,0.0
6220,exp_cycles_indvary3_step3_batch_yyy02.pl,d2,yes,0.08,yes,corr,1.0
6221,exp_cycles_indvary3_step3_batch_yyy03.pl,s4,no,0.07,no,corr,0.0
6222,exp_cycles_indvary3_step3_batch_yyy03.pl,d3,no,0.08,no,corr,0.0
6223,exp_cycles_indvary3_step3_batch_yyy03.pl,f5,no,0.09,no,corr,0.0
6224,exp_cycles_indvary3_step3_batch_yyy03.pl,w1,no,42.09,no,corr,10.0
6225,exp_cycles_indvary3_step3_batch_yyy03.pl,y1,no,0.07,no,corr,0.0
6226,exp_cycles_indvary3_step3_batch_yyy03.pl,p2,no,27.49,no,corr,11.0
6227,exp_cycles_indvary3_step3_batch_yyy03.pl,x1,no,15.34,no,corr,12.0
6228,exp_cycles_indvary3_step3_batch_yyy03.pl,s7,no,0.07,no,corr,0.0
6229,exp_cycles_indvary3_step3_batch_yyy03.pl,z4,no,0.07,no,corr,0.0
6230,exp_cycles_indvary3_step3_batch_yyy03.pl,r5,no,0.07,no,corr,0.0
6231,exp_cycles_indvary3_step3_batch_yyy04.pl,s4,no,0.07,no,corr,0.0
6232,exp_cycles_indvary3_step3_batch_yyy04.pl,p5,no,0.07,no,corr,0.0
6233,exp_cycles_indvary3_step3_batch_yyy04.pl,b4,no,0.07,no,corr,0.0
6234,exp_cycles_indvary3_step3_batch_yyy04.pl,r5,no,0.07,no,corr,0.0
6235,exp_cycles_indvary3_step3_batch_yyy04.pl,v1,no,0.08,no,corr,0.0
6236,exp_cycles_indvary3_step3_batch_yyy04.pl,u3,,600.0,no,TIMEOUT,
6237,exp_cycles_indvary3_step3_batch_yyy04.pl,t1,no,0.08,no,corr,0.0
6238,exp_cycles_indvary3_step3_batch_yyy04.pl,y5,no,0.08,no,corr,0.0
6239,exp_cycles_indvary3_step3_batch_yyy04.pl,c1,yes,0.11,yes,corr,1.0
6240,exp_cycles_indvary3_step3_batch_yyy04.pl,t2,,600.0,no,TIMEOUT,
6241,exp_cycles_indvary3_step3_batch_yyy05.pl,x3,no,0.1,no,corr,0.0
6242,exp_cycles_indvary3_step3_batch_yyy05.pl,q4,,600.0,no,TIMEOUT,
6243,exp_cycles_indvary3_step3_batch_yyy05.pl,z4,no,0.53,no,corr,0.0
6244,exp_cycles_indvary3_step3_batch_yyy05.pl,t1,no,0.28,no,corr,0.0
6245,exp_cycles_indvary3_step3_batch_yyy05.pl,y6,no,0.32,no,corr,0.0
6246,exp_cycles_indvary3_step3_batch_yyy05.pl,f2,yes,0.39,yes,corr,1.0
6247,exp_cycles_indvary3_step3_batch_yyy05.pl,w7,no,0.29,no,corr,0.0
6248,exp_cycles_indvary3_step3_batch_yyy05.pl,y4,no,0.23,no,corr,0.0
6249,exp_cycles_indvary3_step3_batch_yyy05.pl,v6,no,0.22,no,corr,0.0
6250,exp_cycles_indvary3_step3_batch_yyy05.pl,u1,,600.0,no,TIMEOUT,
6251,exp_cycles_indvary3_step3_batch_yyy06.pl,q6,no,0.03,no,corr,0.0
6252,exp_cycles_indvary3_step3_batch_yyy06.pl,p5,no,0.04,no,corr,0.0
6253,exp_cycles_indvary3_step3_batch_yyy06.pl,v5,no,0.04,no,corr,0.0
6254,exp_cycles_indvary3_step3_batch_yyy06.pl,u5,no,0.04,no,corr,0.0
6255,exp_cycles_indvary3_step3_batch_yyy06.pl,d5,no,0.04,no,corr,0.0
6256,exp_cycles_indvary3_step3_batch_yyy06.pl,x5,no,0.03,no,corr,0.0
6257,exp_cycles_indvary3_step3_batch_yyy06.pl,c1,yes,0.05,yes,corr,0.0
6258,exp_cycles_indvary3_step3_batch_yyy06.pl,t7,no,0.04,no,corr,0.0
6259,exp_cycles_indvary3_step3_batch_yyy06.pl,c6,no,0.04,no,corr,0.0
6260,exp_cycles_indvary3_step3_batch_yyy06.pl,s6,no,0.03,no,corr,0.0
6261,exp_cycles_indvary3_step3_batch_yyy07.pl,w7,no,0.04,no,corr,0.0
6262,exp_cycles_indvary3_step3_batch_yyy07.pl,f1,no,0.04,no,corr,1.0
6263,exp_cycles_indvary3_step3_batch_yyy07.pl,v1,,600.0,no,TIMEOUT,
6264,exp_cycles_indvary3_step3_batch_yyy07.pl,s1,,600.0,no,TIMEOUT,
6265,exp_cycles_indvary3_step3_batch_yyy07.pl,a1,yes,0.04,yes,corr,0.0
6266,exp_cycles_indvary3_step3_batch_yyy07.pl,r3,,600.0,no,TIMEOUT,
6267,exp_cycles_indvary3_step3_batch_yyy07.pl,z6,no,0.07,no,corr,0.0
6268,exp_cycles_indvary3_step3_batch_yyy07.pl,b2,no,0.09,no,corr,1.0
6269,exp_cycles_indvary3_step3_batch_yyy07.pl,s2,,600.0,no,TIMEOUT,
6270,exp_cycles_indvary3_step3_batch_yyy07.pl,a5,no,0.11,no,corr,0.0
6271,exp_cycles_indvary3_step3_batch_yyy08.pl,b2,yes,0.12,yes,corr,0.0
6272,exp_cycles_indvary3_step3_batch_yyy08.pl,b1,yes,0.16,yes,corr,2.0
6273,exp_cycles_indvary3_step3_batch_yyy08.pl,z4,no,0.16,no,corr,0.0
6274,exp_cycles_indvary3_step3_batch_yyy08.pl,v1,no,143.41,no,corr,13.0
6275,exp_cycles_indvary3_step3_batch_yyy08.pl,d2,no,0.44,no,corr,8.0
6276,exp_cycles_indvary3_step3_batch_yyy08.pl,y5,no,0.12,no,corr,0.0
6277,exp_cycles_indvary3_step3_batch_yyy08.pl,z5,no,0.1,no,corr,0.0
6278,exp_cycles_indvary3_step3_batch_yyy08.pl,q6,no,0.1,no,corr,0.0
6279,exp_cycles_indvary3_step3_batch_yyy08.pl,s6,no,0.14,no,corr,0.0
6280,exp_cycles_indvary3_step3_batch_yyy08.pl,b5,no,0.12,no,corr,0.0
6281,exp_cycles_indvary3_step3_batch_yyy09.pl,t5,no,0.11,no,corr,0.0
6282,exp_cycles_indvary3_step3_batch_yyy09.pl,e1,yes,0.12,yes,corr,1.0
6283,exp_cycles_indvary3_step3_batch_yyy09.pl,r6,no,0.13,no,corr,0.0
6284,exp_cycles_indvary3_step3_batch_yyy09.pl,z1,,600.0,no,TIMEOUT,
6285,exp_cycles_indvary3_step3_batch_yyy09.pl,x2,,600.0,no,TIMEOUT,
6286,exp_cycles_indvary3_step3_batch_yyy09.pl,w1,no,0.24,no,corr,0.0
6287,exp_cycles_indvary3_step3_batch_yyy09.pl,b5,no,0.26,no,corr,0.0
6288,exp_cycles_indvary3_step3_batch_yyy09.pl,x6,no,0.25,no,corr,0.0
6289,exp_cycles_indvary3_step3_batch_yyy09.pl,r7,no,0.22,no,corr,0.0
6290,exp_cycles_indvary3_step3_batch_yyy09.pl,r3,no,0.23,no,corr,0.0
6291,exp_cycles_indvary3_step3_batch_yyy10.pl,p4,no,0.24,no,corr,0.0
6292,exp_cycles_indvary3_step3_batch_yyy10.pl,u7,no,0.18,no,corr,0.0
6293,exp_cycles_indvary3_step3_batch_yyy10.pl,b4,no,0.24,no,corr,0.0
6294,exp_cycles_indvary3_step3_batch_yyy10.pl,e4,no,0.25,no,corr,0.0
6295,exp_cycles_indvary3_step3_batch_yyy10.pl,z2,no,0.15,no,corr,0.0
6296,exp_cycles_indvary3_step3_batch_yyy10.pl,e3,no,0.19,no,corr,0.0
6297,exp_cycles_indvary3_step3_batch_yyy10.pl,a1,yes,0.52,yes,corr,3.0
6298,exp_cycles_indvary3_step3_batch_yyy10.pl,q1,no,7.56,no,corr,11.0
6299,exp_cycles_indvary3_step3_batch_yyy10.pl,r6,no,0.25,no,corr,0.0
6300,exp_cycles_indvary3_step3_batch_yyy10.pl,f1,yes,0.34,yes,corr,1.0
6301,exp_cycles_indvary3_step4_batch_yyy01.pl,u6,no,0.33,no,corr,0.0
6302,exp_cycles_indvary3_step4_batch_yyy01.pl,p5,no,0.38,no,corr,0.0
6303,exp_cycles_indvary3_step4_batch_yyy01.pl,c5,no,0.31,no,corr,0.0
6304,exp_cycles_indvary3_step4_batch_yyy01.pl,f3,no,0.24,no,corr,0.0
6305,exp_cycles_indvary3_step4_batch_yyy01.pl,t7,no,0.29,no,corr,0.0
6306,exp_cycles_indvary3_step4_batch_yyy01.pl,f4,no,0.28,no,corr,0.0
6307,exp_cycles_indvary3_step4_batch_yyy01.pl,r2,,600.0,no,TIMEOUT,
6308,exp_cycles_indvary3_step4_batch_yyy01.pl,w2,no,0.1,no,corr,0.0
6309,exp_cycles_indvary3_step4_batch_yyy01.pl,u1,,600.0,no,TIMEOUT,
6310,exp_cycles_indvary3_step4_batch_yyy01.pl,f1,no,0.07,no,corr,1.0
6311,exp_cycles_indvary3_step4_batch_yyy02.pl,v6,no,0.09,no,corr,0.0
6312,exp_cycles_indvary3_step4_batch_yyy02.pl,b4,no,0.07,no,corr,0.0
6313,exp_cycles_indvary3_step4_batch_yyy02.pl,q4,no,14.23,no,corr,12.0
6314,exp_cycles_indvary3_step4_batch_yyy02.pl,w1,no,1.07,no,corr,6.0
6315,exp_cycles_indvary3_step4_batch_yyy02.pl,t7,no,0.09,no,corr,0.0
6316,exp_cycles_indvary3_step4_batch_yyy02.pl,f4,no,0.07,no,corr,0.0
6317,exp_cycles_indvary3_step4_batch_yyy02.pl,x1,no,0.07,no,corr,0.0
6318,exp_cycles_indvary3_step4_batch_yyy02.pl,r7,no,0.08,no,corr,0.0
6319,exp_cycles_indvary3_step4_batch_yyy02.pl,e2,yes,0.08,yes,corr,0.0
6320,exp_cycles_indvary3_step4_batch_yyy02.pl,y5,no,0.08,no,corr,0.0
6321,exp_cycles_indvary3_step4_batch_yyy03.pl,t4,no,0.09,no,corr,0.0
6322,exp_cycles_indvary3_step4_batch_yyy03.pl,z5,no,0.08,no,corr,0.0
6323,exp_cycles_indvary3_step4_batch_yyy03.pl,x3,,600.0,no,TIMEOUT,
6324,exp_cycles_indvary3_step4_batch_yyy03.pl,a4,no,0.08,no,corr,0.0
6325,exp_cycles_indvary3_step4_batch_yyy03.pl,v1,no,0.11,no,corr,0.0
6326,exp_cycles_indvary3_step4_batch_yyy03.pl,x5,no,0.11,no,corr,0.0
6327,exp_cycles_indvary3_step4_batch_yyy03.pl,r4,no,0.12,no,corr,0.0
6328,exp_cycles_indvary3_step4_batch_yyy03.pl,r1,no,0.1,no,corr,0.0
6329,exp_cycles_indvary3_step4_batch_yyy03.pl,a1,yes,0.14,yes,corr,1.0
6330,exp_cycles_indvary3_step4_batch_yyy03.pl,f2,no,0.96,no,corr,9.0
6331,exp_cycles_indvary3_step4_batch_yyy04.pl,c3,,600.0,no,TIMEOUT,
6332,exp_cycles_indvary3_step4_batch_yyy04.pl,x3,no,0.13,no,corr,0.0
6333,exp_cycles_indvary3_step4_batch_yyy04.pl,d3,no,0.13,no,corr,0.0
6334,exp_cycles_indvary3_step4_batch_yyy04.pl,a4,no,0.14,no,corr,0.0
6335,exp_cycles_indvary3_step4_batch_yyy04.pl,c1,,600.0,no,TIMEOUT,
6336,exp_cycles_indvary3_step4_batch_yyy04.pl,r4,no,0.15,no,corr,0.0
6337,exp_cycles_indvary3_step4_batch_yyy04.pl,v3,,600.0,no,TIMEOUT,
6338,exp_cycles_indvary3_step4_batch_yyy04.pl,y5,no,0.2,no,corr,0.0
6339,exp_cycles_indvary3_step4_batch_yyy04.pl,u5,no,0.15,no,corr,0.0
6340,exp_cycles_indvary3_step4_batch_yyy04.pl,u6,no,0.19,no,corr,0.0
6341,exp_cycles_indvary3_step4_batch_yyy05.pl,d4,no,0.28,no,corr,0.0
6342,exp_cycles_indvary3_step4_batch_yyy05.pl,d3,no,0.15,no,corr,0.0
6343,exp_cycles_indvary3_step4_batch_yyy05.pl,q5,no,0.21,no,corr,0.0
6344,exp_cycles_indvary3_step4_batch_yyy05.pl,c6,no,0.16,no,corr,0.0
6345,exp_cycles_indvary3_step4_batch_yyy05.pl,d2,yes,0.26,yes,corr,0.0
6346,exp_cycles_indvary3_step4_batch_yyy05.pl,p2,no,372.71,no,corr,13.0
6347,exp_cycles_indvary3_step4_batch_yyy05.pl,f4,no,0.14,no,corr,0.0
6348,exp_cycles_indvary3_step4_batch_yyy05.pl,x6,no,0.13,no,corr,0.0
6349,exp_cycles_indvary3_step4_batch_yyy05.pl,s7,no,0.14,no,corr,0.0
6350,exp_cycles_indvary3_step4_batch_yyy05.pl,u2,no,0.13,no,corr,0.0
6351,exp_cycles_indvary3_step4_batch_yyy06.pl,v7,no,0.12,no,corr,0.0
6352,exp_cycles_indvary3_step4_batch_yyy06.pl,e5,no,0.14,no,corr,0.0
6353,exp_cycles_indvary3_step4_batch_yyy06.pl,a5,no,0.19,no,corr,0.0
6354,exp_cycles_indvary3_step4_batch_yyy06.pl,v1,,600.0,no,TIMEOUT,
6355,exp_cycles_indvary3_step4_batch_yyy06.pl,w4,no,0.24,no,corr,0.0
6356,exp_cycles_indvary3_step4_batch_yyy06.pl,c1,no,0.22,no,corr,1.0
6357,exp_cycles_indvary3_step4_batch_yyy06.pl,u3,,600.0,no,TIMEOUT,
6358,exp_cycles_indvary3_step4_batch_yyy06.pl,e2,yes,0.23,yes,corr,1.0
6359,exp_cycles_indvary3_step4_batch_yyy06.pl,s3,no,0.16,no,corr,0.0
6360,exp_cycles_indvary3_step4_batch_yyy06.pl,c4,no,0.15,no,corr,0.0
6361,exp_cycles_indvary3_step4_batch_yyy07.pl,c3,yes,0.18,yes,corr,1.0
6362,exp_cycles_indvary3_step4_batch_yyy07.pl,z6,no,0.16,no,corr,0.0
6363,exp_cycles_indvary3_step4_batch_yyy07.pl,v5,no,0.19,no,corr,0.0
6364,exp_cycles_indvary3_step4_batch_yyy07.pl,s5,no,0.31,no,corr,0.0
6365,exp_cycles_indvary3_step4_batch_yyy07.pl,u2,no,96.93,no,corr,10.0
6366,exp_cycles_indvary3_step4_batch_yyy07.pl,a6,no,0.21,no,corr,0.0
6367,exp_cycles_indvary3_step4_batch_yyy07.pl,s4,no,0.27,no,corr,0.0
6368,exp_cycles_indvary3_step4_batch_yyy07.pl,b3,yes,0.36,yes,corr,1.0
6369,exp_cycles_indvary3_step4_batch_yyy07.pl,a4,no,0.24,no,corr,0.0
6370,exp_cycles_indvary3_step4_batch_yyy07.pl,x2,no,0.22,no,corr,0.0
6371,exp_cycles_indvary3_step4_batch_yyy08.pl,y4,no,0.23,no,corr,0.0
6372,exp_cycles_indvary3_step4_batch_yyy08.pl,r6,no,0.23,no,corr,0.0
6373,exp_cycles_indvary3_step4_batch_yyy08.pl,f5,no,0.18,no,corr,0.0
6374,exp_cycles_indvary3_step4_batch_yyy08.pl,e3,no,0.22,no,corr,0.0
6375,exp_cycles_indvary3_step4_batch_yyy08.pl,s1,no,0.19,no,corr,0.0
6376,exp_cycles_indvary3_step4_batch_yyy08.pl,f4,no,0.21,no,corr,0.0
6377,exp_cycles_indvary3_step4_batch_yyy08.pl,z4,no,0.17,no,corr,0.0
6378,exp_cycles_indvary3_step4_batch_yyy08.pl,y3,,600.0,no,TIMEOUT,
6379,exp_cycles_indvary3_step4_batch_yyy08.pl,s7,no,0.23,no,corr,0.0
6380,exp_cycles_indvary3_step4_batch_yyy08.pl,b6,no,0.16,no,corr,0.0
6381,exp_cycles_indvary3_step4_batch_yyy09.pl,a5,no,0.19,no,corr,0.0
6382,exp_cycles_indvary3_step4_batch_yyy09.pl,f5,no,0.22,no,corr,0.0
6383,exp_cycles_indvary3_step4_batch_yyy09.pl,w4,no,0.18,no,corr,0.0
6384,exp_cycles_indvary3_step4_batch_yyy09.pl,z2,,600.0,no,TIMEOUT,
6385,exp_cycles_indvary3_step4_batch_yyy09.pl,s1,no,0.23,no,corr,0.0
6386,exp_cycles_indvary3_step4_batch_yyy09.pl,y2,no,0.34,no,corr,0.0
6387,exp_cycles_indvary3_step4_batch_yyy09.pl,d1,yes,0.18,yes,corr,0.0
6388,exp_cycles_indvary3_step4_batch_yyy09.pl,w3,,600.0,no,TIMEOUT,
6389,exp_cycles_indvary3_step4_batch_yyy09.pl,v1,,600.0,no,TIMEOUT,
6390,exp_cycles_indvary3_step4_batch_yyy09.pl,w1,,600.0,no,TIMEOUT,
6391,exp_cycles_indvary3_step4_batch_yyy10.pl,e1,yes,1.67,yes,corr,1.0
6392,exp_cycles_indvary3_step4_batch_yyy10.pl,z4,no,0.49,no,corr,0.0
6393,exp_cycles_indvary3_step4_batch_yyy10.pl,s1,no,475.01,no,corr,10.0
6394,exp_cycles_indvary3_step4_batch_yyy10.pl,s7,no,0.17,no,corr,0.0
6395,exp_cycles_indvary3_step4_batch_yyy10.pl,s3,no,0.18,no,corr,1.0
6396,exp_cycles_indvary3_step4_batch_yyy10.pl,c4,no,0.17,no,corr,0.0
6397,exp_cycles_indvary3_step4_batch_yyy10.pl,r6,no,0.15,no,corr,0.0
6398,exp_cycles_indvary3_step4_batch_yyy10.pl,f1,yes,0.25,yes,corr,0.0
6399,exp_cycles_indvary3_step4_batch_yyy10.pl,a5,no,0.16,no,corr,0.0
6400,exp_cycles_indvary3_step4_batch_yyy10.pl,b1,no,0.2,no,corr,1.0
6401,exp_cycles_indvary3_step5_batch_yyy01.pl,w5,no,0.2,no,corr,0.0
6402,exp_cycles_indvary3_step5_batch_yyy01.pl,s5,no,0.19,no,corr,0.0
6403,exp_cycles_indvary3_step5_batch_yyy01.pl,v1,,600.0,no,TIMEOUT,
6404,exp_cycles_indvary3_step5_batch_yyy01.pl,p2,,600.0,no,TIMEOUT,
6405,exp_cycles_indvary3_step5_batch_yyy01.pl,d4,no,0.04,no,corr,0.0
6406,exp_cycles_indvary3_step5_batch_yyy01.pl,x3,,600.0,no,TIMEOUT,
6407,exp_cycles_indvary3_step5_batch_yyy01.pl,z1,no,0.06,no,corr,0.0
6408,exp_cycles_indvary3_step5_batch_yyy01.pl,c2,yes,0.08,yes,corr,2.0
6409,exp_cycles_indvary3_step5_batch_yyy01.pl,x5,no,0.07,no,corr,0.0
6410,exp_cycles_indvary3_step5_batch_yyy01.pl,c1,yes,0.1,yes,corr,0.0
6411,exp_cycles_indvary3_step5_batch_yyy02.pl,u6,no,0.09,no,corr,0.0
6412,exp_cycles_indvary3_step5_batch_yyy02.pl,e1,yes,0.11,yes,corr,1.0
6413,exp_cycles_indvary3_step5_batch_yyy02.pl,s5,no,0.09,no,corr,0.0
6414,exp_cycles_indvary3_step5_batch_yyy02.pl,t6,no,0.09,no,corr,0.0
6415,exp_cycles_indvary3_step5_batch_yyy02.pl,a4,no,0.09,no,corr,0.0
6416,exp_cycles_indvary3_step5_batch_yyy02.pl,z4,no,0.09,no,corr,0.0
6417,exp_cycles_indvary3_step5_batch_yyy02.pl,y1,no,0.08,no,corr,0.0
6418,exp_cycles_indvary3_step5_batch_yyy02.pl,d1,yes,0.09,yes,corr,1.0
6419,exp_cycles_indvary3_step5_batch_yyy02.pl,r6,no,0.09,no,corr,0.0
6420,exp_cycles_indvary3_step5_batch_yyy02.pl,e5,no,0.08,no,corr,0.0
6421,exp_cycles_indvary3_step5_batch_yyy03.pl,q6,no,0.09,no,corr,0.0
6422,exp_cycles_indvary3_step5_batch_yyy03.pl,y3,,600.0,no,TIMEOUT,
6423,exp_cycles_indvary3_step5_batch_yyy03.pl,v1,,600.0,no,TIMEOUT,
6424,exp_cycles_indvary3_step5_batch_yyy03.pl,p4,no,0.11,no,corr,0.0
6425,exp_cycles_indvary3_step5_batch_yyy03.pl,p7,no,0.11,no,corr,0.0
6426,exp_cycles_indvary3_step5_batch_yyy03.pl,t2,no,82.63,no,corr,11.0
6427,exp_cycles_indvary3_step5_batch_yyy03.pl,c6,no,0.09,no,corr,0.0
6428,exp_cycles_indvary3_step5_batch_yyy03.pl,s6,no,0.13,no,corr,0.0
6429,exp_cycles_indvary3_step5_batch_yyy03.pl,r2,no,0.18,no,corr,5.0
6430,exp_cycles_indvary3_step5_batch_yyy03.pl,b6,no,0.09,no,corr,0.0
6431,exp_cycles_indvary3_step5_batch_yyy04.pl,w7,no,0.09,no,corr,0.0
6432,exp_cycles_indvary3_step5_batch_yyy04.pl,t3,,600.0,no,TIMEOUT,
6433,exp_cycles_indvary3_step5_batch_yyy04.pl,x7,no,0.17,no,corr,0.0
6434,exp_cycles_indvary3_step5_batch_yyy04.pl,r5,no,0.14,no,corr,0.0
6435,exp_cycles_indvary3_step5_batch_yyy04.pl,w1,no,0.12,no,corr,0.0
6436,exp_cycles_indvary3_step5_batch_yyy04.pl,v4,no,0.11,no,corr,0.0
6437,exp_cycles_indvary3_step5_batch_yyy04.pl,s7,no,0.1,no,corr,0.0
6438,exp_cycles_indvary3_step5_batch_yyy04.pl,q7,no,0.1,no,corr,0.0
6439,exp_cycles_indvary3_step5_batch_yyy04.pl,x5,no,0.1,no,corr,0.0
6440,exp_cycles_indvary3_step5_batch_yyy04.pl,t2,no,0.12,no,corr,0.0
6441,exp_cycles_indvary3_step5_batch_yyy05.pl,p7,no,0.11,no,corr,0.0
6442,exp_cycles_indvary3_step5_batch_yyy05.pl,u1,,600.0,no,TIMEOUT,
6443,exp_cycles_indvary3_step5_batch_yyy05.pl,w5,no,0.12,no,corr,0.0
6444,exp_cycles_indvary3_step5_batch_yyy05.pl,f5,no,0.13,no,corr,0.0
6445,exp_cycles_indvary3_step5_batch_yyy05.pl,w4,no,0.14,no,corr,0.0
6446,exp_cycles_indvary3_step5_batch_yyy05.pl,y1,no,0.14,no,corr,0.0
6447,exp_cycles_indvary3_step5_batch_yyy05.pl,u2,no,128.42,no,corr,11.0
6448,exp_cycles_indvary3_step5_batch_yyy05.pl,q7,no,0.09,no,corr,0.0
6449,exp_cycles_indvary3_step5_batch_yyy05.pl,y3,no,0.09,no,corr,0.0
6450,exp_cycles_indvary3_step5_batch_yyy05.pl,e4,no,0.1,no,corr,0.0
6451,exp_cycles_indvary3_step5_batch_yyy06.pl,d5,no,0.12,no,corr,0.0
6452,exp_cycles_indvary3_step5_batch_yyy06.pl,c3,no,0.12,no,corr,1.0
6453,exp_cycles_indvary3_step5_batch_yyy06.pl,b2,yes,0.15,yes,corr,1.0
6454,exp_cycles_indvary3_step5_batch_yyy06.pl,z2,no,3.52,no,corr,9.0
6455,exp_cycles_indvary3_step5_batch_yyy06.pl,r1,no,0.11,no,corr,0.0
6456,exp_cycles_indvary3_step5_batch_yyy06.pl,a2,yes,0.12,yes,corr,1.0
6457,exp_cycles_indvary3_step5_batch_yyy06.pl,w7,no,0.1,no,corr,0.0
6458,exp_cycles_indvary3_step5_batch_yyy06.pl,v7,no,0.11,no,corr,0.0
6459,exp_cycles_indvary3_step5_batch_yyy06.pl,w2,no,0.12,no,corr,0.0
6460,exp_cycles_indvary3_step5_batch_yyy06.pl,u1,no,201.21,no,corr,10.0
6461,exp_cycles_indvary3_step5_batch_yyy07.pl,p4,no,18.98,no,corr,10.0
6462,exp_cycles_indvary3_step5_batch_yyy07.pl,t3,no,123.11,no,corr,11.0
6463,exp_cycles_indvary3_step5_batch_yyy07.pl,f5,no,0.09,no,corr,0.0
6464,exp_cycles_indvary3_step5_batch_yyy07.pl,e4,no,0.11,no,corr,0.0
6465,exp_cycles_indvary3_step5_batch_yyy07.pl,e3,no,0.1,no,corr,0.0
6466,exp_cycles_indvary3_step5_batch_yyy07.pl,r1,no,0.1,no,corr,0.0
6467,exp_cycles_indvary3_step5_batch_yyy07.pl,z3,no,296.66,no,corr,11.0
6468,exp_cycles_indvary3_step5_batch_yyy07.pl,y6,no,0.1,no,corr,0.0
6469,exp_cycles_indvary3_step5_batch_yyy07.pl,c5,no,0.11,no,corr,0.0
6470,exp_cycles_indvary3_step5_batch_yyy07.pl,a5,no,0.12,no,corr,0.0
6471,exp_cycles_indvary3_step5_batch_yyy08.pl,a6,no,0.12,no,corr,0.0
6472,exp_cycles_indvary3_step5_batch_yyy08.pl,v6,no,0.11,no,corr,0.0
6473,exp_cycles_indvary3_step5_batch_yyy08.pl,u4,no,0.11,no,corr,0.0
6474,exp_cycles_indvary3_step5_batch_yyy08.pl,c2,yes,0.12,yes,corr,1.0
6475,exp_cycles_indvary3_step5_batch_yyy08.pl,f3,no,0.17,no,corr,0.0
6476,exp_cycles_indvary3_step5_batch_yyy08.pl,r4,no,0.15,no,corr,0.0
6477,exp_cycles_indvary3_step5_batch_yyy08.pl,r1,no,0.12,no,corr,0.0
6478,exp_cycles_indvary3_step5_batch_yyy08.pl,a3,yes,0.12,yes,corr,1.0
6479,exp_cycles_indvary3_step5_batch_yyy08.pl,a1,no,0.12,no,corr,1.0
6480,exp_cycles_indvary3_step5_batch_yyy08.pl,v3,no,0.12,no,corr,0.0
6481,exp_cycles_indvary3_step5_batch_yyy09.pl,d5,no,0.13,no,corr,0.0
6482,exp_cycles_indvary3_step5_batch_yyy09.pl,v2,no,0.14,no,corr,0.0
6483,exp_cycles_indvary3_step5_batch_yyy09.pl,x3,no,0.13,no,corr,0.0
6484,exp_cycles_indvary3_step5_batch_yyy09.pl,x7,no,0.11,no,corr,0.0
6485,exp_cycles_indvary3_step5_batch_yyy09.pl,z4,no,0.1,no,corr,0.0
6486,exp_cycles_indvary3_step5_batch_yyy09.pl,p3,no,0.12,no,corr,0.0
6487,exp_cycles_indvary3_step5_batch_yyy09.pl,z2,no,0.11,no,corr,0.0
6488,exp_cycles_indvary3_step5_batch_yyy09.pl,u3,no,0.1,no,corr,0.0
6489,exp_cycles_indvary3_step5_batch_yyy09.pl,p2,,600.0,no,TIMEOUT,
6490,exp_cycles_indvary3_step5_batch_yyy09.pl,r2,,600.0,no,TIMEOUT,
6491,exp_cycles_indvary3_step5_batch_yyy10.pl,v2,no,84.57,no,corr,11.0
6492,exp_cycles_indvary3_step5_batch_yyy10.pl,u1,no,0.12,no,corr,0.0
6493,exp_cycles_indvary3_step5_batch_yyy10.pl,u5,no,0.12,no,corr,0.0
6494,exp_cycles_indvary3_step5_batch_yyy10.pl,d5,no,0.11,no,corr,0.0
6495,exp_cycles_indvary3_step5_batch_yyy10.pl,s6,no,0.12,no,corr,0.0
6496,exp_cycles_indvary3_step5_batch_yyy10.pl,b5,no,0.1,no,corr,0.0
6497,exp_cycles_indvary3_step5_batch_yyy10.pl,s1,no,0.09,no,corr,0.0
6498,exp_cycles_indvary3_step5_batch_yyy10.pl,r1,no,0.11,no,corr,0.0
6499,exp_cycles_indvary3_step5_batch_yyy10.pl,r3,,600.0,no,TIMEOUT,
6500,exp_cycles_indvary3_step5_batch_yyy10.pl,d1,yes,0.15,yes,corr,1.0
6501,exp_cycles_indvary3_step6_batch_yyy01.pl,u5,no,0.13,no,corr,0.0
6502,exp_cycles_indvary3_step6_batch_yyy01.pl,z6,no,0.14,no,corr,0.0
6503,exp_cycles_indvary3_step6_batch_yyy01.pl,u7,no,0.14,no,corr,0.0
6504,exp_cycles_indvary3_step6_batch_yyy01.pl,t3,no,0.14,no,corr,0.0
6505,exp_cycles_indvary3_step6_batch_yyy01.pl,z2,no,0.14,no,corr,0.0
6506,exp_cycles_indvary3_step6_batch_yyy01.pl,r4,no,0.12,no,corr,0.0
6507,exp_cycles_indvary3_step6_batch_yyy01.pl,p2,no,0.13,no,corr,0.0
6508,exp_cycles_indvary3_step6_batch_yyy01.pl,b6,no,0.14,no,corr,0.0
6509,exp_cycles_indvary3_step6_batch_yyy01.pl,q1,no,0.14,no,corr,0.0
6510,exp_cycles_indvary3_step6_batch_yyy01.pl,f2,no,0.24,no,corr,4.0
6511,exp_cycles_indvary3_step6_batch_yyy02.pl,w7,no,0.15,no,corr,0.0
6512,exp_cycles_indvary3_step6_batch_yyy02.pl,d4,no,0.14,no,corr,0.0
6513,exp_cycles_indvary3_step6_batch_yyy02.pl,e5,no,0.12,no,corr,0.0
6514,exp_cycles_indvary3_step6_batch_yyy02.pl,d3,no,0.14,no,corr,0.0
6515,exp_cycles_indvary3_step6_batch_yyy02.pl,v4,no,0.17,no,corr,0.0
6516,exp_cycles_indvary3_step6_batch_yyy02.pl,r1,no,0.15,no,corr,0.0
6517,exp_cycles_indvary3_step6_batch_yyy02.pl,p2,no,0.13,no,corr,0.0
6518,exp_cycles_indvary3_step6_batch_yyy02.pl,x6,no,0.15,no,corr,0.0
6519,exp_cycles_indvary3_step6_batch_yyy02.pl,a1,yes,0.16,yes,corr,0.0
6520,exp_cycles_indvary3_step6_batch_yyy02.pl,f2,yes,0.17,yes,corr,1.0
6521,exp_cycles_indvary3_step6_batch_yyy03.pl,u6,no,0.15,no,corr,0.0
6522,exp_cycles_indvary3_step6_batch_yyy03.pl,t4,no,0.14,no,corr,0.0
6523,exp_cycles_indvary3_step6_batch_yyy03.pl,v6,no,0.14,no,corr,0.0
6524,exp_cycles_indvary3_step6_batch_yyy03.pl,d3,no,0.14,no,corr,0.0
6525,exp_cycles_indvary3_step6_batch_yyy03.pl,x7,no,0.14,no,corr,0.0
6526,exp_cycles_indvary3_step6_batch_yyy03.pl,f5,no,0.13,no,corr,0.0
6527,exp_cycles_indvary3_step6_batch_yyy03.pl,e3,no,0.11,no,corr,0.0
6528,exp_cycles_indvary3_step6_batch_yyy03.pl,q1,no,0.13,no,corr,1.0
6529,exp_cycles_indvary3_step6_batch_yyy03.pl,f4,no,0.11,no,corr,0.0
6530,exp_cycles_indvary3_step6_batch_yyy03.pl,z3,no,0.56,no,corr,3.0
6531,exp_cycles_indvary3_step6_batch_yyy04.pl,b3,,600.0,no,TIMEOUT,
6532,exp_cycles_indvary3_step6_batch_yyy04.pl,w2,no,132.07,no,corr,10.0
6533,exp_cycles_indvary3_step6_batch_yyy04.pl,u7,no,0.04,no,corr,0.0
6534,exp_cycles_indvary3_step6_batch_yyy04.pl,b1,yes,0.04,yes,corr,0.0
6535,exp_cycles_indvary3_step6_batch_yyy04.pl,f5,no,0.04,no,corr,0.0
6536,exp_cycles_indvary3_step6_batch_yyy04.pl,r5,no,0.04,no,corr,0.0
6537,exp_cycles_indvary3_step6_batch_yyy04.pl,p3,no,0.04,no,corr,0.0
6538,exp_cycles_indvary3_step6_batch_yyy04.pl,v4,no,0.04,no,corr,0.0
6539,exp_cycles_indvary3_step6_batch_yyy04.pl,s1,no,0.04,no,corr,0.0
6540,exp_cycles_indvary3_step6_batch_yyy04.pl,q1,no,0.03,no,corr,0.0
6541,exp_cycles_indvary3_step6_batch_yyy05.pl,d5,no,0.04,no,corr,0.0
6542,exp_cycles_indvary3_step6_batch_yyy05.pl,w5,no,0.04,no,corr,0.0
6543,exp_cycles_indvary3_step6_batch_yyy05.pl,p2,no,0.04,no,corr,0.0
6544,exp_cycles_indvary3_step6_batch_yyy05.pl,f4,no,0.03,no,corr,0.0
6545,exp_cycles_indvary3_step6_batch_yyy05.pl,r6,no,0.04,no,corr,0.0
6546,exp_cycles_indvary3_step6_batch_yyy05.pl,f1,no,1.63,no,corr,11.0
6547,exp_cycles_indvary3_step6_batch_yyy05.pl,x7,no,0.03,no,corr,0.0
6548,exp_cycles_indvary3_step6_batch_yyy05.pl,q4,no,0.04,no,corr,0.0
6549,exp_cycles_indvary3_step6_batch_yyy05.pl,s6,no,0.04,no,corr,0.0
6550,exp_cycles_indvary3_step6_batch_yyy05.pl,b5,no,0.04,no,corr,0.0
6551,exp_cycles_indvary3_step6_batch_yyy06.pl,d5,no,0.04,no,corr,0.0
6552,exp_cycles_indvary3_step6_batch_yyy06.pl,r6,no,0.04,no,corr,0.0
6553,exp_cycles_indvary3_step6_batch_yyy06.pl,t3,no,28.72,no,corr,11.0
6554,exp_cycles_indvary3_step6_batch_yyy06.pl,t7,no,0.04,no,corr,0.0
6555,exp_cycles_indvary3_step6_batch_yyy06.pl,p2,no,34.61,no,corr,12.0
6556,exp_cycles_indvary3_step6_batch_yyy06.pl,a3,yes,0.07,yes,corr,4.0
6557,exp_cycles_indvary3_step6_batch_yyy06.pl,e2,yes,0.05,yes,corr,0.0
6558,exp_cycles_indvary3_step6_batch_yyy06.pl,w3,no,0.05,no,corr,0.0
6559,exp_cycles_indvary3_step6_batch_yyy06.pl,r5,no,0.05,no,corr,0.0
6560,exp_cycles_indvary3_step6_batch_yyy06.pl,e4,no,0.05,no,corr,0.0
6561,exp_cycles_indvary3_step6_batch_yyy07.pl,u5,no,0.05,no,corr,0.0
6562,exp_cycles_indvary3_step6_batch_yyy07.pl,s3,no,0.05,no,corr,0.0
6563,exp_cycles_indvary3_step6_batch_yyy07.pl,b2,yes,0.06,yes,corr,1.0
6564,exp_cycles_indvary3_step6_batch_yyy07.pl,r6,no,0.06,no,corr,0.0
6565,exp_cycles_indvary3_step6_batch_yyy07.pl,c5,no,0.08,no,corr,0.0
6566,exp_cycles_indvary3_step6_batch_yyy07.pl,w6,no,0.07,no,corr,0.0
6567,exp_cycles_indvary3_step6_batch_yyy07.pl,p2,no,0.07,no,corr,0.0
6568,exp_cycles_indvary3_step6_batch_yyy07.pl,x1,no,0.83,no,corr,7.0
6569,exp_cycles_indvary3_step6_batch_yyy07.pl,r2,no,0.05,no,corr,0.0
6570,exp_cycles_indvary3_step6_batch_yyy07.pl,f2,yes,0.06,yes,corr,0.0
6571,exp_cycles_indvary3_step6_batch_yyy08.pl,t4,no,0.06,no,corr,0.0
6572,exp_cycles_indvary3_step6_batch_yyy08.pl,p4,no,0.06,no,corr,0.0
6573,exp_cycles_indvary3_step6_batch_yyy08.pl,d3,no,0.06,no,corr,0.0
6574,exp_cycles_indvary3_step6_batch_yyy08.pl,t3,no,0.06,no,corr,0.0
6575,exp_cycles_indvary3_step6_batch_yyy08.pl,c5,no,0.07,no,corr,0.0
6576,exp_cycles_indvary3_step6_batch_yyy08.pl,r5,no,0.06,no,corr,0.0
6577,exp_cycles_indvary3_step6_batch_yyy08.pl,a3,yes,0.07,yes,corr,1.0
6578,exp_cycles_indvary3_step6_batch_yyy08.pl,w3,,600.0,no,TIMEOUT,
6579,exp_cycles_indvary3_step6_batch_yyy08.pl,c1,yes,0.05,yes,corr,0.0
6580,exp_cycles_indvary3_step6_batch_yyy08.pl,z2,no,0.06,no,corr,0.0
6581,exp_cycles_indvary3_step6_batch_yyy09.pl,w1,no,0.06,no,corr,0.0
6582,exp_cycles_indvary3_step6_batch_yyy09.pl,e3,no,0.06,no,corr,0.0
6583,exp_cycles_indvary3_step6_batch_yyy09.pl,v3,no,6.85,no,corr,9.0
6584,exp_cycles_indvary3_step6_batch_yyy09.pl,a2,yes,0.07,yes,corr,1.0
6585,exp_cycles_indvary3_step6_batch_yyy09.pl,s2,,600.0,no,TIMEOUT,
6586,exp_cycles_indvary3_step6_batch_yyy09.pl,z1,,600.0,no,TIMEOUT,
6587,exp_cycles_indvary3_step6_batch_yyy09.pl,t6,no,0.06,no,corr,0.0
6588,exp_cycles_indvary3_step6_batch_yyy09.pl,a5,no,0.06,no,corr,0.0
6589,exp_cycles_indvary3_step6_batch_yyy09.pl,s7,no,0.07,no,corr,0.0
6590,exp_cycles_indvary3_step6_batch_yyy09.pl,b6,no,0.09,no,corr,0.0
6591,exp_cycles_indvary3_step6_batch_yyy10.pl,z6,no,0.08,no,corr,0.0
6592,exp_cycles_indvary3_step6_batch_yyy10.pl,w7,no,0.1,no,corr,0.0
6593,exp_cycles_indvary3_step6_batch_yyy10.pl,q6,no,0.09,no,corr,0.0
6594,exp_cycles_indvary3_step6_batch_yyy10.pl,d4,no,0.08,no,corr,0.0
6595,exp_cycles_indvary3_step6_batch_yyy10.pl,v4,no,0.08,no,corr,0.0
6596,exp_cycles_indvary3_step6_batch_yyy10.pl,a2,no,0.11,no,corr,3.0
6597,exp_cycles_indvary3_step6_batch_yyy10.pl,f2,yes,0.1,yes,corr,1.0
6598,exp_cycles_indvary3_step6_batch_yyy10.pl,r3,no,0.08,no,corr,0.0
6599,exp_cycles_indvary3_step6_batch_yyy10.pl,d1,no,0.1,no,corr,1.0
6600,exp_cycles_indvary3_step6_batch_yyy10.pl,t1,no,19.16,no,corr,12.0
6601,exp_cycles_indvary3_step7_batch_yyy01.pl,c3,yes,0.08,yes,corr,0.0
6602,exp_cycles_indvary3_step7_batch_yyy01.pl,u4,no,0.08,no,corr,0.0
6603,exp_cycles_indvary3_step7_batch_yyy01.pl,c1,yes,0.09,yes,corr,1.0
6604,exp_cycles_indvary3_step7_batch_yyy01.pl,q3,no,0.09,no,corr,0.0
6605,exp_cycles_indvary3_step7_batch_yyy01.pl,r2,,600.0,no,TIMEOUT,
6606,exp_cycles_indvary3_step7_batch_yyy01.pl,p6,no,0.08,no,corr,0.0
6607,exp_cycles_indvary3_step7_batch_yyy01.pl,p5,no,0.09,no,corr,0.0
6608,exp_cycles_indvary3_step7_batch_yyy01.pl,x3,,600.0,no,TIMEOUT,
6609,exp_cycles_indvary3_step7_batch_yyy01.pl,y1,no,0.11,no,corr,0.0
6610,exp_cycles_indvary3_step7_batch_yyy01.pl,d2,yes,0.14,yes,corr,1.0
6611,exp_cycles_indvary3_step7_batch_yyy02.pl,t5,no,0.14,no,corr,0.0
6612,exp_cycles_indvary3_step7_batch_yyy02.pl,u7,no,0.12,no,corr,0.0
6613,exp_cycles_indvary3_step7_batch_yyy02.pl,s5,no,0.13,no,corr,0.0
6614,exp_cycles_indvary3_step7_batch_yyy02.pl,f5,no,0.15,no,corr,0.0
6615,exp_cycles_indvary3_step7_batch_yyy02.pl,w1,no,1.49,no,corr,6.0
6616,exp_cycles_indvary3_step7_batch_yyy02.pl,f3,no,0.1,no,corr,0.0
6617,exp_cycles_indvary3_step7_batch_yyy02.pl,x5,no,0.1,no,corr,0.0
6618,exp_cycles_indvary3_step7_batch_yyy02.pl,x1,no,0.11,no,corr,0.0
6619,exp_cycles_indvary3_step7_batch_yyy02.pl,r2,no,0.11,no,corr,0.0
6620,exp_cycles_indvary3_step7_batch_yyy02.pl,w3,no,23.78,no,corr,7.0
6621,exp_cycles_indvary3_step7_batch_yyy03.pl,q6,no,0.09,no,corr,0.0
6622,exp_cycles_indvary3_step7_batch_yyy03.pl,p5,no,0.11,no,corr,0.0
6623,exp_cycles_indvary3_step7_batch_yyy03.pl,v5,no,0.1,no,corr,0.0
6624,exp_cycles_indvary3_step7_batch_yyy03.pl,b1,yes,0.1,yes,corr,0.0
6625,exp_cycles_indvary3_step7_batch_yyy03.pl,y1,no,0.09,no,corr,0.0
6626,exp_cycles_indvary3_step7_batch_yyy03.pl,t1,no,0.1,no,corr,0.0
6627,exp_cycles_indvary3_step7_batch_yyy03.pl,v6,no,0.13,no,corr,0.0
6628,exp_cycles_indvary3_step7_batch_yyy03.pl,r6,no,0.12,no,corr,0.0
6629,exp_cycles_indvary3_step7_batch_yyy03.pl,x4,no,0.12,no,corr,0.0
6630,exp_cycles_indvary3_step7_batch_yyy03.pl,w3,no,0.1,no,corr,0.0
6631,exp_cycles_indvary3_step7_batch_yyy04.pl,u5,no,0.1,no,corr,0.0
6632,exp_cycles_indvary3_step7_batch_yyy04.pl,w7,no,0.13,no,corr,0.0
6633,exp_cycles_indvary3_step7_batch_yyy04.pl,w4,no,0.1,no,corr,0.0
6634,exp_cycles_indvary3_step7_batch_yyy04.pl,s6,no,0.1,no,corr,0.0
6635,exp_cycles_indvary3_step7_batch_yyy04.pl,p1,no,6.8,no,corr,9.0
6636,exp_cycles_indvary3_step7_batch_yyy04.pl,q2,no,4.79,no,corr,9.0
6637,exp_cycles_indvary3_step7_batch_yyy04.pl,z5,no,0.12,no,corr,0.0
6638,exp_cycles_indvary3_step7_batch_yyy04.pl,e1,yes,0.12,yes,corr,1.0
6639,exp_cycles_indvary3_step7_batch_yyy04.pl,a4,no,0.09,no,corr,0.0
6640,exp_cycles_indvary3_step7_batch_yyy04.pl,x2,no,0.12,no,corr,0.0
6641,exp_cycles_indvary3_step7_batch_yyy05.pl,b3,,600.0,no,TIMEOUT,
6642,exp_cycles_indvary3_step7_batch_yyy05.pl,f1,yes,0.13,yes,corr,1.0
6643,exp_cycles_indvary3_step7_batch_yyy05.pl,p3,no,0.13,no,corr,0.0
6644,exp_cycles_indvary3_step7_batch_yyy05.pl,z3,,600.0,no,TIMEOUT,
6645,exp_cycles_indvary3_step7_batch_yyy05.pl,q3,,600.0,no,TIMEOUT,
6646,exp_cycles_indvary3_step7_batch_yyy05.pl,e2,,600.0,no,TIMEOUT,
6647,exp_cycles_indvary3_step7_batch_yyy05.pl,s1,no,0.06,no,corr,0
6648,exp_cycles_indvary3_step7_batch_yyy05.pl,d2,yes,0.07,yes,corr,1
6649,exp_cycles_indvary3_step7_batch_yyy05.pl,q7,no,0.08,no,corr,0
6650,exp_cycles_indvary3_step7_batch_yyy05.pl,y6,no,0.07,no,corr,0
6651,exp_cycles_indvary3_step7_batch_yyy06.pl,u5,no,0.07,no,corr,0
6652,exp_cycles_indvary3_step7_batch_yyy06.pl,w7,no,0.07,no,corr,0
6653,exp_cycles_indvary3_step7_batch_yyy06.pl,u7,no,0.07,no,corr,0
6654,exp_cycles_indvary3_step7_batch_yyy06.pl,q4,no,0.07,no,corr,0
6655,exp_cycles_indvary3_step7_batch_yyy06.pl,x2,no,0.08,no,corr,0
6656,exp_cycles_indvary3_step7_batch_yyy06.pl,t1,no,0.08,no,corr,0
6657,exp_cycles_indvary3_step7_batch_yyy06.pl,p6,no,0.07,no,corr,0
6658,exp_cycles_indvary3_step7_batch_yyy06.pl,y1,,600.0,no,TIMEOUT,
6659,exp_cycles_indvary3_step7_batch_yyy06.pl,s1,,600.0,no,TIMEOUT,
6660,exp_cycles_indvary3_step7_batch_yyy06.pl,r1,no,0.07,no,corr,0
6661,exp_cycles_indvary3_step7_batch_yyy07.pl,t4,no,0.09,no,corr,0
6662,exp_cycles_indvary3_step7_batch_yyy07.pl,s4,no,0.1,no,corr,0
6663,exp_cycles_indvary3_step7_batch_yyy07.pl,p4,no,135.02,no,corr,12
6664,exp_cycles_indvary3_step7_batch_yyy07.pl,u1,,600.0,no,TIMEOUT,
6665,exp_cycles_indvary3_step7_batch_yyy07.pl,b1,yes,0.1,yes,corr,0
6666,exp_cycles_indvary3_step7_batch_yyy07.pl,v1,no,438.95,no,corr,11
6667,exp_cycles_indvary3_step7_batch_yyy07.pl,v4,no,0.08,no,corr,0
6668,exp_cycles_indvary3_step7_batch_yyy07.pl,v3,no,8.03,no,corr,10
6669,exp_cycles_indvary3_step7_batch_yyy07.pl,d1,yes,0.11,yes,corr,1
6670,exp_cycles_indvary3_step7_batch_yyy07.pl,f2,,600.0,no,TIMEOUT,
6671,exp_cycles_indvary3_step7_batch_yyy08.pl,d5,no,0.14,no,corr,0
6672,exp_cycles_indvary3_step7_batch_yyy08.pl,y4,no,0.12,no,corr,0
6673,exp_cycles_indvary3_step7_batch_yyy08.pl,v2,no,0.12,no,corr,0
6674,exp_cycles_indvary3_step7_batch_yyy08.pl,p7,no,0.11,no,corr,0
6675,exp_cycles_indvary3_step7_batch_yyy08.pl,v6,no,0.11,no,corr,0
6676,exp_cycles_indvary3_step7_batch_yyy08.pl,c2,yes,0.12,yes,corr,1
6677,exp_cycles_indvary3_step7_batch_yyy08.pl,z2,no,0.12,no,corr,0
6678,exp_cycles_indvary3_step7_batch_yyy08.pl,e3,no,0.13,no,corr,0
6679,exp_cycles_indvary3_step7_batch_yyy08.pl,u2,no,1.39,no,corr,7
6680,exp_cycles_indvary3_step7_batch_yyy08.pl,p6,no,0.15,no,corr,0
6681,exp_cycles_indvary3_step7_batch_yyy09.pl,s5,no,0.15,no,corr,0
6682,exp_cycles_indvary3_step7_batch_yyy09.pl,t6,no,0.17,no,corr,0
6683,exp_cycles_indvary3_step7_batch_yyy09.pl,q4,no,0.22,no,corr,4
6684,exp_cycles_indvary3_step7_batch_yyy09.pl,y3,,600.0,no,TIMEOUT,
6685,exp_cycles_indvary3_step7_batch_yyy09.pl,f4,no,0.08,no,corr,0
6686,exp_cycles_indvary3_step7_batch_yyy09.pl,s7,no,0.09,no,corr,0
6687,exp_cycles_indvary3_step7_batch_yyy09.pl,v3,,600.0,no,TIMEOUT,
6688,exp_cycles_indvary3_step7_batch_yyy09.pl,t1,no,0.19,no,corr,1
6689,exp_cycles_indvary3_step7_batch_yyy09.pl,c1,yes,0.26,yes,corr,1
6690,exp_cycles_indvary3_step7_batch_yyy09.pl,b5,no,0.16,no,corr,0
6691,exp_cycles_indvary3_step7_batch_yyy10.pl,u5,no,0.21,no,corr,0
6692,exp_cycles_indvary3_step7_batch_yyy10.pl,c3,yes,0.17,yes,corr,0
6693,exp_cycles_indvary3_step7_batch_yyy10.pl,a6,no,0.17,no,corr,0
6694,exp_cycles_indvary3_step7_batch_yyy10.pl,b4,no,0.21,no,corr,0
6695,exp_cycles_indvary3_step7_batch_yyy10.pl,t2,no,0.18,no,corr,0
6696,exp_cycles_indvary3_step7_batch_yyy10.pl,r2,no,0.18,no,corr,0
6697,exp_cycles_indvary3_step7_batch_yyy10.pl,p4,no,0.17,no,corr,0
6698,exp_cycles_indvary3_step7_batch_yyy10.pl,x3,no,0.15,no,corr,0
6699,exp_cycles_indvary3_step7_batch_yyy10.pl,d3,no,0.16,no,corr,0
6700,exp_cycles_indvary3_step7_batch_yyy10.pl,u4,no,0.15,no,corr,0
6701,exp_cycles_indvary3_step8_batch_yyy01.pl,b3,yes,0.24,yes,corr,1
6702,exp_cycles_indvary3_step8_batch_yyy01.pl,d3,no,0.17,no,corr,0
6703,exp_cycles_indvary3_step8_batch_yyy01.pl,u7,no,0.15,no,corr,0
6704,exp_cycles_indvary3_step8_batch_yyy01.pl,s2,no,0.15,no,corr,0
6705,exp_cycles_indvary3_step8_batch_yyy01.pl,x2,no,0.2,no,corr,0
6706,exp_cycles_indvary3_step8_batch_yyy01.pl,s6,no,0.17,no,corr,0
6707,exp_cycles_indvary3_step8_batch_yyy01.pl,s1,no,0.17,no,corr,0
6708,exp_cycles_indvary3_step8_batch_yyy01.pl,y6,no,0.21,no,corr,0
6709,exp_cycles_indvary3_step8_batch_yyy01.pl,s7,no,0.25,no,corr,0
6710,exp_cycles_indvary3_step8_batch_yyy01.pl,r7,no,0.19,no,corr,0
6711,exp_cycles_indvary3_step8_batch_yyy02.pl,c3,yes,0.23,yes,corr,0
6712,exp_cycles_indvary3_step8_batch_yyy02.pl,z6,no,0.18,no,corr,0
6713,exp_cycles_indvary3_step8_batch_yyy02.pl,v6,no,0.19,no,corr,0
6714,exp_cycles_indvary3_step8_batch_yyy02.pl,q5,no,0.16,no,corr,0
6715,exp_cycles_indvary3_step8_batch_yyy02.pl,z1,no,0.25,no,corr,3
6716,exp_cycles_indvary3_step8_batch_yyy02.pl,f3,no,0.17,no,corr,0
6717,exp_cycles_indvary3_step8_batch_yyy02.pl,a3,yes,0.23,yes,corr,1
6718,exp_cycles_indvary3_step8_batch_yyy02.pl,f2,yes,0.23,yes,corr,1
6719,exp_cycles_indvary3_step8_batch_yyy02.pl,y1,no,0.17,no,corr,0
6720,exp_cycles_indvary3_step8_batch_yyy02.pl,r1,no,2.05,no,corr,7
6721,exp_cycles_indvary3_step8_batch_yyy03.pl,z6,no,0.16,no,corr,0
6722,exp_cycles_indvary3_step8_batch_yyy03.pl,u4,no,0.16,no,corr,0
6723,exp_cycles_indvary3_step8_batch_yyy03.pl,w5,no,0.16,no,corr,0
6724,exp_cycles_indvary3_step8_batch_yyy03.pl,x7,no,0.17,no,corr,0
6725,exp_cycles_indvary3_step8_batch_yyy03.pl,w4,no,0.21,no,corr,0
6726,exp_cycles_indvary3_step8_batch_yyy03.pl,r4,no,0.18,no,corr,0
6727,exp_cycles_indvary3_step8_batch_yyy03.pl,s7,no,0.18,no,corr,0
6728,exp_cycles_indvary3_step8_batch_yyy03.pl,u2,no,0.27,no,corr,0
6729,exp_cycles_indvary3_step8_batch_yyy03.pl,q7,no,0.16,no,corr,0
6730,exp_cycles_indvary3_step8_batch_yyy03.pl,p6,no,0.17,no,corr,0
6731,exp_cycles_indvary3_step8_batch_yyy04.pl,w7,no,0.16,no,corr,0
6732,exp_cycles_indvary3_step8_batch_yyy04.pl,e1,yes,0.16,yes,corr,0
6733,exp_cycles_indvary3_step8_batch_yyy04.pl,u4,no,0.16,no,corr,0
6734,exp_cycles_indvary3_step8_batch_yyy04.pl,s5,no,0.16,no,corr,0
6735,exp_cycles_indvary3_step8_batch_yyy04.pl,s6,no,0.18,no,corr,0
6736,exp_cycles_indvary3_step8_batch_yyy04.pl,p1,no,0.16,no,corr,0
6737,exp_cycles_indvary3_step8_batch_yyy04.pl,z1,no,0.2,no,corr,0
6738,exp_cycles_indvary3_step8_batch_yyy04.pl,a5,no,0.16,no,corr,0
6739,exp_cycles_indvary3_step8_batch_yyy04.pl,u3,,600.0,no,TIMEOUT,
6740,exp_cycles_indvary3_step8_batch_yyy04.pl,v4,no,0.26,no,corr,0
6741,exp_cycles_indvary3_step8_batch_yyy05.pl,s3,no,0.29,no,corr,0
6742,exp_cycles_indvary3_step8_batch_yyy05.pl,q6,no,0.3,no,corr,0
6743,exp_cycles_indvary3_step8_batch_yyy05.pl,f1,yes,0.28,yes,corr,1
6744,exp_cycles_indvary3_step8_batch_yyy05.pl,t6,no,0.26,no,corr,0
6745,exp_cycles_indvary3_step8_batch_yyy05.pl,e4,no,0.26,no,corr,0
6746,exp_cycles_indvary3_step8_batch_yyy05.pl,f3,no,0.2,no,corr,0
6747,exp_cycles_indvary3_step8_batch_yyy05.pl,c6,no,0.29,no,corr,0
6748,exp_cycles_indvary3_step8_batch_yyy05.pl,e3,no,0.38,no,corr,0
6749,exp_cycles_indvary3_step8_batch_yyy05.pl,q7,no,0.23,no,corr,0
6750,exp_cycles_indvary3_step8_batch_yyy05.pl,p6,no,0.2,no,corr,0
6751,exp_cycles_indvary3_step8_batch_yyy06.pl,b2,no,0.24,no,corr,1
6752,exp_cycles_indvary3_step8_batch_yyy06.pl,t6,no,0.26,no,corr,0
6753,exp_cycles_indvary3_step8_batch_yyy06.pl,f5,no,0.23,no,corr,0
6754,exp_cycles_indvary3_step8_batch_yyy06.pl,s1,no,0.24,no,corr,0
6755,exp_cycles_indvary3_step8_batch_yyy06.pl,r7,no,0.23,no,corr,0
6756,exp_cycles_indvary3_step8_batch_yyy06.pl,v3,no,0.25,no,corr,0
6757,exp_cycles_indvary3_step8_batch_yyy06.pl,d1,no,80.24,no,corr,11
6758,exp_cycles_indvary3_step8_batch_yyy06.pl,q7,no,0.24,no,corr,0
6759,exp_cycles_indvary3_step8_batch_yyy06.pl,b4,no,0.22,no,corr,0
6760,exp_cycles_indvary3_step8_batch_yyy06.pl,t3,no,0.2,no,corr,0
6761,exp_cycles_indvary3_step8_batch_yyy07.pl,f1,yes,0.22,yes,corr,0
6762,exp_cycles_indvary3_step8_batch_yyy07.pl,v5,no,0.18,no,corr,0
6763,exp_cycles_indvary3_step8_batch_yyy07.pl,b1,yes,0.21,yes,corr,1
6764,exp_cycles_indvary3_step8_batch_yyy07.pl,w1,no,1.39,no,corr,5
6765,exp_cycles_indvary3_step8_batch_yyy07.pl,t2,no,0.27,no,corr,0
6766,exp_cycles_indvary3_step8_batch_yyy07.pl,f4,no,0.27,no,corr,0
6767,exp_cycles_indvary3_step8_batch_yyy07.pl,p1,no,0.21,no,corr,0
6768,exp_cycles_indvary3_step8_batch_yyy07.pl,y6,no,0.2,no,corr,0
6769,exp_cycles_indvary3_step8_batch_yyy07.pl,r3,no,0.58,no,corr,6
6770,exp_cycles_indvary3_step8_batch_yyy07.pl,t1,no,0.24,no,corr,0
6771,exp_cycles_indvary3_step8_batch_yyy08.pl,b2,yes,0.24,yes,corr,0
6772,exp_cycles_indvary3_step8_batch_yyy08.pl,w7,no,0.24,no,corr,0
6773,exp_cycles_indvary3_step8_batch_yyy08.pl,x3,no,202.05,no,corr,11
6774,exp_cycles_indvary3_step8_batch_yyy08.pl,f1,yes,0.12,yes,corr,0
6775,exp_cycles_indvary3_step8_batch_yyy08.pl,r5,no,0.09,no,corr,0
6776,exp_cycles_indvary3_step8_batch_yyy08.pl,p3,no,0.44,no,corr,6
6777,exp_cycles_indvary3_step8_batch_yyy08.pl,e3,no,0.12,no,corr,0
6778,exp_cycles_indvary3_step8_batch_yyy08.pl,a2,yes,0.12,yes,corr,0
6779,exp_cycles_indvary3_step8_batch_yyy08.pl,z2,no,376.57,no,corr,12
6780,exp_cycles_indvary3_step8_batch_yyy08.pl,s6,no,0.11,no,corr,0
6781,exp_cycles_indvary3_step8_batch_yyy09.pl,u5,no,0.11,no,corr,0
6782,exp_cycles_indvary3_step8_batch_yyy09.pl,s3,no,0.13,no,corr,0
6783,exp_cycles_indvary3_step8_batch_yyy09.pl,p5,no,0.16,no,corr,0
6784,exp_cycles_indvary3_step8_batch_yyy09.pl,w2,no,25.82,no,corr,8
6785,exp_cycles_indvary3_step8_batch_yyy09.pl,e4,no,0.11,no,corr,0
6786,exp_cycles_indvary3_step8_batch_yyy09.pl,w4,no,0.11,no,corr,0
6787,exp_cycles_indvary3_step8_batch_yyy09.pl,x1,no,0.1,no,corr,0
6788,exp_cycles_indvary3_step8_batch_yyy09.pl,w3,no,0.1,no,corr,0
6789,exp_cycles_indvary3_step8_batch_yyy09.pl,s7,no,0.17,no,corr,0
6790,exp_cycles_indvary3_step8_batch_yyy09.pl,a1,yes,0.17,yes,corr,1
6791,exp_cycles_indvary3_step8_batch_yyy10.pl,d5,no,0.13,no,corr,0
6792,exp_cycles_indvary3_step8_batch_yyy10.pl,z6,no,0.12,no,corr,0
6793,exp_cycles_indvary3_step8_batch_yyy10.pl,x3,no,0.11,no,corr,0
6794,exp_cycles_indvary3_step8_batch_yyy10.pl,e5,no,0.13,no,corr,0
6795,exp_cycles_indvary3_step8_batch_yyy10.pl,q4,no,0.14,no,corr,0
6796,exp_cycles_indvary3_step8_batch_yyy10.pl,z4,no,0.14,no,corr,0
6797,exp_cycles_indvary3_step8_batch_yyy10.pl,t7,no,0.17,no,corr,0
6798,exp_cycles_indvary3_step8_batch_yyy10.pl,d2,yes,0.17,yes,corr,0
6799,exp_cycles_indvary3_step8_batch_yyy10.pl,x1,no,1.42,no,corr,6
6800,exp_cycles_indvary3_step8_batch_yyy10.pl,w3,no,212.93,no,corr,11
