id,rulesNo,assumptionsNo,worstCase,relevantRulesNo,worstCaseRelevant,relevantPerc,instance,goal
1,270,33,606,253,572,0.94,exp_acyclic_depvary_step10_batch_yyy01.pl,w2
2,270,33,606,253,572,0.94,exp_acyclic_depvary_step10_batch_yyy01.pl,w5
3,270,33,606,253,572,0.94,exp_acyclic_depvary_step10_batch_yyy01.pl,q4
4,270,33,606,253,572,0.94,exp_acyclic_depvary_step10_batch_yyy01.pl,x5
5,270,33,606,253,572,0.94,exp_acyclic_depvary_step10_batch_yyy01.pl,z3
6,270,33,606,253,572,0.94,exp_acyclic_depvary_step10_batch_yyy01.pl,u2
7,270,33,606,253,572,0.94,exp_acyclic_depvary_step10_batch_yyy01.pl,t4
8,270,33,606,253,572,0.94,exp_acyclic_depvary_step10_batch_yyy01.pl,c4
9,270,33,606,253,572,0.94,exp_acyclic_depvary_step10_batch_yyy01.pl,u3
10,270,33,606,253,572,0.94,exp_acyclic_depvary_step10_batch_yyy01.pl,v4
11,253,33,572,223,512,0.9,exp_acyclic_depvary_step10_batch_yyy02.pl,c5
12,253,33,572,223,512,0.9,exp_acyclic_depvary_step10_batch_yyy02.pl,q4
13,253,33,572,223,512,0.9,exp_acyclic_depvary_step10_batch_yyy02.pl,a4
14,253,33,572,223,512,0.9,exp_acyclic_depvary_step10_batch_yyy02.pl,r5
15,253,33,572,233,532,0.93,exp_acyclic_depvary_step10_batch_yyy02.pl,w4
16,253,33,572,223,512,0.9,exp_acyclic_depvary_step10_batch_yyy02.pl,b6
17,253,33,572,223,512,0.9,exp_acyclic_depvary_step10_batch_yyy02.pl,p1
18,253,33,572,223,512,0.9,exp_acyclic_depvary_step10_batch_yyy02.pl,u3
19,253,33,572,223,512,0.9,exp_acyclic_depvary_step10_batch_yyy02.pl,e3
20,286,33,638,242,550,0.86,exp_acyclic_depvary_step10_batch_yyy03.pl,y4
21,286,33,638,242,550,0.86,exp_acyclic_depvary_step10_batch_yyy03.pl,x2
22,286,33,638,242,550,0.86,exp_acyclic_depvary_step10_batch_yyy03.pl,e4
23,286,33,638,242,550,0.86,exp_acyclic_depvary_step10_batch_yyy03.pl,f3
24,286,33,638,248,562,0.88,exp_acyclic_depvary_step10_batch_yyy03.pl,u3
25,286,33,638,242,550,0.86,exp_acyclic_depvary_step10_batch_yyy03.pl,f4
26,286,33,638,242,550,0.86,exp_acyclic_depvary_step10_batch_yyy03.pl,w3
27,286,33,638,242,550,0.86,exp_acyclic_depvary_step10_batch_yyy03.pl,v1
28,286,33,638,242,550,0.86,exp_acyclic_depvary_step10_batch_yyy03.pl,p3
29,296,33,658,256,578,0.88,exp_acyclic_depvary_step10_batch_yyy04.pl,s5
30,296,33,658,256,578,0.88,exp_acyclic_depvary_step10_batch_yyy04.pl,q4
31,296,33,658,256,578,0.88,exp_acyclic_depvary_step10_batch_yyy04.pl,e4
32,296,33,658,256,578,0.88,exp_acyclic_depvary_step10_batch_yyy04.pl,w1
33,296,33,658,256,578,0.88,exp_acyclic_depvary_step10_batch_yyy04.pl,y1
34,296,33,658,258,582,0.88,exp_acyclic_depvary_step10_batch_yyy04.pl,p2
35,296,33,658,256,578,0.88,exp_acyclic_depvary_step10_batch_yyy04.pl,r2
36,296,33,658,256,578,0.88,exp_acyclic_depvary_step10_batch_yyy04.pl,a4
37,296,33,658,269,604,0.92,exp_acyclic_depvary_step10_batch_yyy04.pl,x2
38,288,33,642,252,570,0.89,exp_acyclic_depvary_step10_batch_yyy05.pl,c3
39,288,33,642,252,570,0.89,exp_acyclic_depvary_step10_batch_yyy05.pl,e1
40,288,33,642,252,570,0.89,exp_acyclic_depvary_step10_batch_yyy05.pl,f5
41,288,33,642,252,570,0.89,exp_acyclic_depvary_step10_batch_yyy05.pl,y3
42,288,33,642,252,570,0.89,exp_acyclic_depvary_step10_batch_yyy05.pl,r4
43,288,33,642,252,570,0.89,exp_acyclic_depvary_step10_batch_yyy05.pl,p1
44,288,33,642,252,570,0.89,exp_acyclic_depvary_step10_batch_yyy05.pl,c2
45,288,33,642,252,570,0.89,exp_acyclic_depvary_step10_batch_yyy05.pl,b1
46,288,33,642,252,570,0.89,exp_acyclic_depvary_step10_batch_yyy05.pl,u2
47,288,33,642,252,570,0.89,exp_acyclic_depvary_step10_batch_yyy05.pl,t1
48,307,33,680,303,672,0.99,exp_acyclic_depvary_step10_batch_yyy06.pl,t3
49,307,33,680,303,672,0.99,exp_acyclic_depvary_step10_batch_yyy06.pl,a5
50,307,33,680,303,672,0.99,exp_acyclic_depvary_step10_batch_yyy06.pl,q4
51,307,33,680,303,672,0.99,exp_acyclic_depvary_step10_batch_yyy06.pl,f5
52,307,33,680,303,672,0.99,exp_acyclic_depvary_step10_batch_yyy06.pl,z4
53,307,33,680,303,672,0.99,exp_acyclic_depvary_step10_batch_yyy06.pl,c1
54,307,33,680,303,672,0.99,exp_acyclic_depvary_step10_batch_yyy06.pl,r4
55,307,33,680,303,672,0.99,exp_acyclic_depvary_step10_batch_yyy06.pl,y1
56,307,33,680,303,672,0.99,exp_acyclic_depvary_step10_batch_yyy06.pl,p1
57,270,33,606,237,540,0.89,exp_acyclic_depvary_step10_batch_yyy07.pl,d4
58,270,33,606,237,540,0.89,exp_acyclic_depvary_step10_batch_yyy07.pl,b4
59,270,33,606,237,540,0.89,exp_acyclic_depvary_step10_batch_yyy07.pl,z4
60,270,33,606,237,540,0.89,exp_acyclic_depvary_step10_batch_yyy07.pl,y1
61,270,33,606,237,540,0.89,exp_acyclic_depvary_step10_batch_yyy07.pl,r2
62,270,33,606,237,540,0.89,exp_acyclic_depvary_step10_batch_yyy07.pl,u2
63,270,33,606,237,540,0.89,exp_acyclic_depvary_step10_batch_yyy07.pl,a6
64,270,33,606,237,540,0.89,exp_acyclic_depvary_step10_batch_yyy07.pl,b3
65,270,33,606,237,540,0.89,exp_acyclic_depvary_step10_batch_yyy07.pl,y4
66,278,33,622,231,528,0.85,exp_acyclic_depvary_step10_batch_yyy08.pl,c3
67,278,33,622,231,528,0.85,exp_acyclic_depvary_step10_batch_yyy08.pl,e1
68,278,33,622,231,528,0.85,exp_acyclic_depvary_step10_batch_yyy08.pl,v5
69,278,33,622,231,528,0.85,exp_acyclic_depvary_step10_batch_yyy08.pl,a5
70,278,33,622,231,528,0.85,exp_acyclic_depvary_step10_batch_yyy08.pl,a4
71,278,33,622,231,528,0.85,exp_acyclic_depvary_step10_batch_yyy08.pl,z2
72,278,33,622,231,528,0.85,exp_acyclic_depvary_step10_batch_yyy08.pl,q3
73,278,33,622,231,528,0.85,exp_acyclic_depvary_step10_batch_yyy08.pl,t1
74,278,33,622,231,528,0.85,exp_acyclic_depvary_step10_batch_yyy08.pl,z4
75,304,33,674,293,652,0.97,exp_acyclic_depvary_step10_batch_yyy09.pl,b2
76,304,33,674,293,652,0.97,exp_acyclic_depvary_step10_batch_yyy09.pl,t3
77,304,33,674,293,652,0.97,exp_acyclic_depvary_step10_batch_yyy09.pl,z1
78,304,33,674,293,652,0.97,exp_acyclic_depvary_step10_batch_yyy09.pl,f5
79,304,33,674,293,652,0.97,exp_acyclic_depvary_step10_batch_yyy09.pl,z4
80,304,33,674,293,652,0.97,exp_acyclic_depvary_step10_batch_yyy09.pl,e3
81,304,33,674,293,652,0.97,exp_acyclic_depvary_step10_batch_yyy09.pl,a3
82,304,33,674,293,652,0.97,exp_acyclic_depvary_step10_batch_yyy09.pl,q2
83,278,33,622,253,572,0.92,exp_acyclic_depvary_step10_batch_yyy10.pl,d5
84,278,33,622,253,572,0.92,exp_acyclic_depvary_step10_batch_yyy10.pl,a6
85,278,33,622,253,572,0.92,exp_acyclic_depvary_step10_batch_yyy10.pl,x3
86,278,33,622,253,572,0.92,exp_acyclic_depvary_step10_batch_yyy10.pl,b5
87,278,33,622,253,572,0.92,exp_acyclic_depvary_step10_batch_yyy10.pl,e3
88,278,33,622,253,572,0.92,exp_acyclic_depvary_step10_batch_yyy10.pl,x1
89,278,33,622,253,572,0.92,exp_acyclic_depvary_step10_batch_yyy10.pl,r3
90,16,6,44,8,28,0.64,exp_acyclic_depvary_step1_batch_yyy01.pl,s1
91,16,6,44,6,24,0.55,exp_acyclic_depvary_step1_batch_yyy01.pl,b1
92,16,6,44,8,28,0.64,exp_acyclic_depvary_step1_batch_yyy03.pl,b1
93,16,6,44,8,28,0.64,exp_acyclic_depvary_step1_batch_yyy04.pl,r1
94,16,6,44,8,28,0.64,exp_acyclic_depvary_step1_batch_yyy04.pl,p1
95,16,6,44,8,28,0.64,exp_acyclic_depvary_step1_batch_yyy05.pl,f1
96,16,6,44,4,20,0.45,exp_acyclic_depvary_step1_batch_yyy06.pl,d1
97,16,6,44,4,20,0.45,exp_acyclic_depvary_step1_batch_yyy06.pl,b1
98,16,6,44,12,36,0.82,exp_acyclic_depvary_step1_batch_yyy07.pl,s1
99,16,6,44,16,44,1.0,exp_acyclic_depvary_step1_batch_yyy07.pl,q1
100,16,6,44,12,36,0.82,exp_acyclic_depvary_step1_batch_yyy07.pl,f1
101,16,6,44,10,32,0.73,exp_acyclic_depvary_step1_batch_yyy09.pl,r1
102,16,6,44,12,36,0.82,exp_acyclic_depvary_step1_batch_yyy10.pl,b1
103,27,9,72,8,34,0.47,exp_acyclic_depvary_step2_batch_yyy01.pl,b2
104,27,9,72,8,34,0.47,exp_acyclic_depvary_step2_batch_yyy01.pl,e1
105,27,9,72,8,34,0.47,exp_acyclic_depvary_step2_batch_yyy01.pl,c1
106,27,9,72,8,34,0.47,exp_acyclic_depvary_step2_batch_yyy01.pl,p1
107,30,9,78,28,74,0.95,exp_acyclic_depvary_step2_batch_yyy02.pl,p2
108,30,9,78,28,74,0.95,exp_acyclic_depvary_step2_batch_yyy02.pl,a1
109,30,9,78,28,74,0.95,exp_acyclic_depvary_step2_batch_yyy02.pl,q2
110,32,9,82,29,76,0.93,exp_acyclic_depvary_step2_batch_yyy03.pl,d1
111,29,9,76,12,42,0.55,exp_acyclic_depvary_step2_batch_yyy04.pl,e1
112,29,9,76,12,42,0.55,exp_acyclic_depvary_step2_batch_yyy04.pl,f1
113,29,9,76,12,42,0.55,exp_acyclic_depvary_step2_batch_yyy04.pl,v1
114,30,9,78,12,42,0.54,exp_acyclic_depvary_step2_batch_yyy05.pl,b2
115,30,9,78,12,42,0.54,exp_acyclic_depvary_step2_batch_yyy05.pl,e1
116,30,9,78,12,42,0.54,exp_acyclic_depvary_step2_batch_yyy05.pl,f1
117,30,9,78,14,46,0.59,exp_acyclic_depvary_step2_batch_yyy05.pl,z1
118,30,9,78,12,42,0.54,exp_acyclic_depvary_step2_batch_yyy05.pl,b1
119,30,9,78,23,64,0.82,exp_acyclic_depvary_step2_batch_yyy06.pl,u1
120,30,9,78,15,48,0.62,exp_acyclic_depvary_step2_batch_yyy06.pl,a1
121,28,9,74,16,50,0.68,exp_acyclic_depvary_step2_batch_yyy07.pl,f1
122,28,9,74,16,50,0.68,exp_acyclic_depvary_step2_batch_yyy07.pl,x1
123,28,9,74,16,50,0.68,exp_acyclic_depvary_step2_batch_yyy07.pl,d1
124,28,9,74,16,50,0.68,exp_acyclic_depvary_step2_batch_yyy07.pl,t1
125,33,9,84,11,40,0.48,exp_acyclic_depvary_step2_batch_yyy09.pl,b2
126,33,9,84,11,40,0.48,exp_acyclic_depvary_step2_batch_yyy09.pl,d1
127,29,9,76,15,48,0.63,exp_acyclic_depvary_step2_batch_yyy10.pl,r2
128,29,9,76,15,48,0.63,exp_acyclic_depvary_step2_batch_yyy10.pl,e1
129,29,9,76,15,48,0.63,exp_acyclic_depvary_step2_batch_yyy10.pl,s1
130,46,12,116,44,112,0.97,exp_acyclic_depvary_step3_batch_yyy01.pl,u1
131,46,12,116,44,112,0.97,exp_acyclic_depvary_step3_batch_yyy01.pl,c2
132,46,12,116,44,112,0.97,exp_acyclic_depvary_step3_batch_yyy01.pl,y1
133,46,12,116,44,112,0.97,exp_acyclic_depvary_step3_batch_yyy01.pl,q1
134,46,12,116,44,112,0.97,exp_acyclic_depvary_step3_batch_yyy01.pl,a2
135,49,12,122,44,112,0.92,exp_acyclic_depvary_step3_batch_yyy02.pl,c2
136,49,12,122,44,112,0.92,exp_acyclic_depvary_step3_batch_yyy02.pl,r1
137,49,12,122,44,112,0.92,exp_acyclic_depvary_step3_batch_yyy02.pl,p2
138,49,12,122,44,112,0.92,exp_acyclic_depvary_step3_batch_yyy02.pl,e2
139,49,12,122,44,112,0.92,exp_acyclic_depvary_step3_batch_yyy02.pl,d1
140,49,12,122,44,112,0.92,exp_acyclic_depvary_step3_batch_yyy02.pl,q1
141,51,12,126,27,78,0.62,exp_acyclic_depvary_step3_batch_yyy03.pl,e2
142,51,12,126,27,78,0.62,exp_acyclic_depvary_step3_batch_yyy03.pl,f2
143,51,12,126,43,110,0.87,exp_acyclic_depvary_step3_batch_yyy03.pl,q2
144,53,12,130,23,70,0.54,exp_acyclic_depvary_step3_batch_yyy04.pl,w1
145,53,12,130,30,84,0.65,exp_acyclic_depvary_step3_batch_yyy04.pl,s1
146,53,12,130,27,78,0.6,exp_acyclic_depvary_step3_batch_yyy04.pl,q2
147,45,12,114,41,106,0.93,exp_acyclic_depvary_step3_batch_yyy05.pl,e1
148,45,12,114,41,106,0.93,exp_acyclic_depvary_step3_batch_yyy05.pl,f1
149,45,12,114,41,106,0.93,exp_acyclic_depvary_step3_batch_yyy05.pl,x1
150,48,12,120,39,102,0.85,exp_acyclic_depvary_step3_batch_yyy06.pl,a1
151,48,12,120,39,102,0.85,exp_acyclic_depvary_step3_batch_yyy06.pl,e1
152,48,12,120,48,120,1.0,exp_acyclic_depvary_step3_batch_yyy07.pl,c2
153,48,12,120,48,120,1.0,exp_acyclic_depvary_step3_batch_yyy07.pl,x2
154,48,12,120,48,120,1.0,exp_acyclic_depvary_step3_batch_yyy07.pl,a1
155,39,12,102,18,60,0.59,exp_acyclic_depvary_step3_batch_yyy08.pl,w2
156,46,12,116,31,86,0.74,exp_acyclic_depvary_step3_batch_yyy09.pl,b1
157,46,12,116,35,94,0.81,exp_acyclic_depvary_step3_batch_yyy09.pl,r1
158,46,12,116,31,86,0.74,exp_acyclic_depvary_step3_batch_yyy09.pl,e2
159,46,12,116,31,86,0.74,exp_acyclic_depvary_step3_batch_yyy09.pl,d1
160,48,12,120,45,114,0.95,exp_acyclic_depvary_step3_batch_yyy10.pl,e1
161,48,12,120,45,114,0.95,exp_acyclic_depvary_step3_batch_yyy10.pl,t2
162,48,12,120,45,114,0.95,exp_acyclic_depvary_step3_batch_yyy10.pl,e2
163,48,12,120,45,114,0.95,exp_acyclic_depvary_step3_batch_yyy10.pl,d1
164,73,15,176,56,142,0.81,exp_acyclic_depvary_step4_batch_yyy01.pl,b3
165,73,15,176,56,142,0.81,exp_acyclic_depvary_step4_batch_yyy01.pl,u1
166,73,15,176,56,142,0.81,exp_acyclic_depvary_step4_batch_yyy01.pl,c2
167,73,15,176,58,146,0.83,exp_acyclic_depvary_step4_batch_yyy01.pl,s1
168,73,15,176,56,142,0.81,exp_acyclic_depvary_step4_batch_yyy01.pl,x1
169,73,15,176,56,142,0.81,exp_acyclic_depvary_step4_batch_yyy01.pl,f2
170,68,15,166,46,122,0.73,exp_acyclic_depvary_step4_batch_yyy02.pl,u1
171,68,15,166,46,122,0.73,exp_acyclic_depvary_step4_batch_yyy02.pl,d2
172,68,15,166,46,122,0.73,exp_acyclic_depvary_step4_batch_yyy02.pl,b3
173,68,15,166,46,122,0.73,exp_acyclic_depvary_step4_batch_yyy02.pl,e2
174,68,15,166,52,134,0.81,exp_acyclic_depvary_step4_batch_yyy02.pl,q1
175,75,15,180,44,118,0.66,exp_acyclic_depvary_step4_batch_yyy03.pl,b2
176,75,15,180,44,118,0.66,exp_acyclic_depvary_step4_batch_yyy03.pl,q3
177,75,15,180,44,118,0.66,exp_acyclic_depvary_step4_batch_yyy03.pl,c3
178,71,15,172,66,162,0.94,exp_acyclic_depvary_step4_batch_yyy04.pl,b2
179,71,15,172,66,162,0.94,exp_acyclic_depvary_step4_batch_yyy04.pl,p3
180,71,15,172,66,162,0.94,exp_acyclic_depvary_step4_batch_yyy04.pl,y1
181,71,15,172,66,162,0.94,exp_acyclic_depvary_step4_batch_yyy04.pl,q1
182,71,15,172,66,162,0.94,exp_acyclic_depvary_step4_batch_yyy04.pl,x2
183,70,15,170,61,152,0.89,exp_acyclic_depvary_step4_batch_yyy05.pl,y1
184,70,15,170,61,152,0.89,exp_acyclic_depvary_step4_batch_yyy05.pl,a3
185,70,15,170,61,152,0.89,exp_acyclic_depvary_step4_batch_yyy05.pl,z2
186,66,15,162,55,140,0.86,exp_acyclic_depvary_step4_batch_yyy06.pl,b3
187,66,15,162,55,140,0.86,exp_acyclic_depvary_step4_batch_yyy06.pl,c2
188,66,15,162,58,146,0.9,exp_acyclic_depvary_step4_batch_yyy06.pl,x2
189,66,15,162,55,140,0.86,exp_acyclic_depvary_step4_batch_yyy06.pl,r3
190,66,15,162,55,140,0.86,exp_acyclic_depvary_step4_batch_yyy06.pl,a2
191,78,15,186,66,162,0.87,exp_acyclic_depvary_step4_batch_yyy07.pl,a1
192,78,15,186,70,170,0.91,exp_acyclic_depvary_step4_batch_yyy07.pl,s1
193,78,15,186,66,162,0.87,exp_acyclic_depvary_step4_batch_yyy07.pl,d2
194,68,15,166,58,146,0.88,exp_acyclic_depvary_step4_batch_yyy08.pl,r1
195,68,15,166,58,146,0.88,exp_acyclic_depvary_step4_batch_yyy08.pl,y2
196,68,15,166,58,146,0.88,exp_acyclic_depvary_step4_batch_yyy08.pl,f2
197,69,15,168,59,148,0.88,exp_acyclic_depvary_step4_batch_yyy09.pl,v2
198,69,15,168,67,164,0.98,exp_acyclic_depvary_step4_batch_yyy09.pl,v1
199,69,15,168,59,148,0.88,exp_acyclic_depvary_step4_batch_yyy09.pl,c1
200,69,15,168,59,148,0.88,exp_acyclic_depvary_step4_batch_yyy09.pl,x2
201,68,15,166,57,144,0.87,exp_acyclic_depvary_step4_batch_yyy10.pl,t2
202,68,15,166,57,144,0.87,exp_acyclic_depvary_step4_batch_yyy10.pl,d1
203,68,15,166,57,144,0.87,exp_acyclic_depvary_step4_batch_yyy10.pl,f2
204,104,18,244,60,156,0.64,exp_acyclic_depvary_step5_batch_yyy01.pl,p2
205,104,18,244,60,156,0.64,exp_acyclic_depvary_step5_batch_yyy01.pl,v2
206,104,18,244,60,156,0.64,exp_acyclic_depvary_step5_batch_yyy01.pl,e1
207,104,18,244,60,156,0.64,exp_acyclic_depvary_step5_batch_yyy01.pl,b1
208,104,18,244,60,156,0.64,exp_acyclic_depvary_step5_batch_yyy01.pl,d1
209,104,18,244,65,166,0.68,exp_acyclic_depvary_step5_batch_yyy01.pl,q1
210,101,18,238,91,218,0.92,exp_acyclic_depvary_step5_batch_yyy02.pl,e1
211,101,18,238,91,218,0.92,exp_acyclic_depvary_step5_batch_yyy02.pl,r1
212,101,18,238,91,218,0.92,exp_acyclic_depvary_step5_batch_yyy02.pl,d1
213,95,18,226,92,220,0.97,exp_acyclic_depvary_step5_batch_yyy03.pl,s2
214,95,18,226,92,220,0.97,exp_acyclic_depvary_step5_batch_yyy03.pl,f3
215,95,18,226,92,220,0.97,exp_acyclic_depvary_step5_batch_yyy03.pl,t2
216,95,18,226,92,220,0.97,exp_acyclic_depvary_step5_batch_yyy03.pl,a1
217,89,18,214,76,188,0.88,exp_acyclic_depvary_step5_batch_yyy04.pl,f1
218,89,18,214,76,188,0.88,exp_acyclic_depvary_step5_batch_yyy04.pl,w1
219,89,18,214,76,188,0.88,exp_acyclic_depvary_step5_batch_yyy04.pl,v3
220,89,18,214,76,188,0.88,exp_acyclic_depvary_step5_batch_yyy04.pl,r3
221,89,18,214,76,188,0.88,exp_acyclic_depvary_step5_batch_yyy04.pl,t1
222,93,18,222,87,210,0.95,exp_acyclic_depvary_step5_batch_yyy05.pl,d2
223,93,18,222,87,210,0.95,exp_acyclic_depvary_step5_batch_yyy05.pl,y2
224,78,18,192,32,100,0.52,exp_acyclic_depvary_step5_batch_yyy06.pl,e3
225,78,18,192,52,140,0.73,exp_acyclic_depvary_step5_batch_yyy06.pl,q3
226,78,18,192,32,100,0.52,exp_acyclic_depvary_step5_batch_yyy06.pl,p1
227,78,18,192,32,100,0.52,exp_acyclic_depvary_step5_batch_yyy06.pl,a2
228,88,18,212,80,196,0.92,exp_acyclic_depvary_step5_batch_yyy07.pl,u1
229,88,18,212,86,208,0.98,exp_acyclic_depvary_step5_batch_yyy07.pl,s1
230,88,18,212,80,196,0.92,exp_acyclic_depvary_step5_batch_yyy07.pl,r3
231,88,18,212,80,196,0.92,exp_acyclic_depvary_step5_batch_yyy07.pl,a2
232,88,18,212,80,196,0.92,exp_acyclic_depvary_step5_batch_yyy07.pl,q3
233,88,18,212,80,196,0.92,exp_acyclic_depvary_step5_batch_yyy07.pl,y2
234,94,18,224,82,200,0.89,exp_acyclic_depvary_step5_batch_yyy08.pl,p3
235,94,18,224,79,194,0.87,exp_acyclic_depvary_step5_batch_yyy08.pl,y2
236,94,18,224,79,194,0.87,exp_acyclic_depvary_step5_batch_yyy08.pl,p1
237,94,18,224,79,194,0.87,exp_acyclic_depvary_step5_batch_yyy08.pl,f2
238,94,18,224,79,194,0.87,exp_acyclic_depvary_step5_batch_yyy08.pl,u3
239,104,18,244,97,230,0.94,exp_acyclic_depvary_step5_batch_yyy09.pl,b3
240,104,18,244,97,230,0.94,exp_acyclic_depvary_step5_batch_yyy09.pl,z1
241,104,18,244,97,230,0.94,exp_acyclic_depvary_step5_batch_yyy09.pl,v1
242,104,18,244,97,230,0.94,exp_acyclic_depvary_step5_batch_yyy09.pl,y1
243,104,18,244,97,230,0.94,exp_acyclic_depvary_step5_batch_yyy09.pl,a3
244,104,18,244,97,230,0.94,exp_acyclic_depvary_step5_batch_yyy09.pl,e2
245,104,18,244,97,230,0.94,exp_acyclic_depvary_step5_batch_yyy09.pl,y2
246,104,18,244,85,206,0.84,exp_acyclic_depvary_step5_batch_yyy10.pl,e1
247,104,18,244,85,206,0.84,exp_acyclic_depvary_step5_batch_yyy10.pl,t2
248,104,18,244,85,206,0.84,exp_acyclic_depvary_step5_batch_yyy10.pl,s3
249,104,18,244,85,206,0.84,exp_acyclic_depvary_step5_batch_yyy10.pl,e3
250,126,21,294,97,236,0.8,exp_acyclic_depvary_step6_batch_yyy01.pl,s3
251,126,21,294,97,236,0.8,exp_acyclic_depvary_step6_batch_yyy01.pl,b4
252,126,21,294,97,236,0.8,exp_acyclic_depvary_step6_batch_yyy01.pl,t2
253,105,21,252,105,252,1.0,exp_acyclic_depvary_step6_batch_yyy02.pl,q4
254,105,21,252,105,252,1.0,exp_acyclic_depvary_step6_batch_yyy02.pl,p2
255,105,21,252,105,252,1.0,exp_acyclic_depvary_step6_batch_yyy02.pl,x3
256,105,21,252,105,252,1.0,exp_acyclic_depvary_step6_batch_yyy02.pl,f1
257,105,21,252,105,252,1.0,exp_acyclic_depvary_step6_batch_yyy02.pl,z2
258,128,21,298,63,168,0.56,exp_acyclic_depvary_step6_batch_yyy03.pl,b2
259,128,21,298,63,168,0.56,exp_acyclic_depvary_step6_batch_yyy03.pl,e1
260,128,21,298,66,174,0.58,exp_acyclic_depvary_step6_batch_yyy03.pl,u1
261,128,21,298,63,168,0.56,exp_acyclic_depvary_step6_batch_yyy03.pl,f2
262,128,21,298,63,168,0.56,exp_acyclic_depvary_step6_batch_yyy03.pl,s3
263,136,21,314,122,286,0.91,exp_acyclic_depvary_step6_batch_yyy04.pl,c2
264,136,21,314,122,286,0.91,exp_acyclic_depvary_step6_batch_yyy04.pl,w1
265,136,21,314,122,286,0.91,exp_acyclic_depvary_step6_batch_yyy04.pl,p2
266,136,21,314,122,286,0.91,exp_acyclic_depvary_step6_batch_yyy04.pl,q2
267,136,21,314,129,300,0.96,exp_acyclic_depvary_step6_batch_yyy04.pl,p4
268,136,21,314,122,286,0.91,exp_acyclic_depvary_step6_batch_yyy04.pl,r2
269,136,21,314,122,286,0.91,exp_acyclic_depvary_step6_batch_yyy04.pl,a1
270,143,21,328,121,284,0.87,exp_acyclic_depvary_step6_batch_yyy05.pl,b2
271,143,21,328,121,284,0.87,exp_acyclic_depvary_step6_batch_yyy05.pl,v1
272,143,21,328,121,284,0.87,exp_acyclic_depvary_step6_batch_yyy05.pl,d2
273,143,21,328,121,284,0.87,exp_acyclic_depvary_step6_batch_yyy05.pl,a3
274,143,21,328,126,294,0.9,exp_acyclic_depvary_step6_batch_yyy05.pl,u3
275,143,21,328,121,284,0.87,exp_acyclic_depvary_step6_batch_yyy05.pl,d1
276,143,21,328,121,284,0.87,exp_acyclic_depvary_step6_batch_yyy05.pl,q1
277,134,21,310,74,190,0.61,exp_acyclic_depvary_step6_batch_yyy06.pl,e3
278,134,21,310,110,262,0.85,exp_acyclic_depvary_step6_batch_yyy06.pl,q3
279,134,21,310,80,202,0.65,exp_acyclic_depvary_step6_batch_yyy06.pl,p1
280,134,21,310,74,190,0.61,exp_acyclic_depvary_step6_batch_yyy06.pl,a2
281,127,21,296,74,190,0.64,exp_acyclic_depvary_step6_batch_yyy07.pl,b2
282,127,21,296,83,208,0.7,exp_acyclic_depvary_step6_batch_yyy07.pl,w2
283,127,21,296,74,190,0.64,exp_acyclic_depvary_step6_batch_yyy07.pl,c2
284,127,21,296,74,190,0.64,exp_acyclic_depvary_step6_batch_yyy07.pl,a3
285,127,21,296,74,190,0.64,exp_acyclic_depvary_step6_batch_yyy07.pl,y2
286,127,21,296,74,190,0.64,exp_acyclic_depvary_step6_batch_yyy07.pl,a2
287,135,21,312,113,268,0.86,exp_acyclic_depvary_step6_batch_yyy08.pl,c1
288,135,21,312,113,268,0.86,exp_acyclic_depvary_step6_batch_yyy08.pl,e3
289,135,21,312,119,280,0.9,exp_acyclic_depvary_step6_batch_yyy08.pl,r1
290,135,21,312,113,268,0.86,exp_acyclic_depvary_step6_batch_yyy08.pl,p1
291,135,21,312,113,268,0.86,exp_acyclic_depvary_step6_batch_yyy08.pl,w1
292,135,21,312,119,280,0.9,exp_acyclic_depvary_step6_batch_yyy08.pl,p3
293,135,21,312,113,268,0.86,exp_acyclic_depvary_step6_batch_yyy08.pl,e2
294,135,21,312,124,290,0.93,exp_acyclic_depvary_step6_batch_yyy08.pl,u2
295,118,21,278,93,228,0.82,exp_acyclic_depvary_step6_batch_yyy09.pl,q4
296,118,21,278,93,228,0.82,exp_acyclic_depvary_step6_batch_yyy09.pl,f3
297,118,21,278,93,228,0.82,exp_acyclic_depvary_step6_batch_yyy09.pl,f2
298,118,21,278,93,228,0.82,exp_acyclic_depvary_step6_batch_yyy09.pl,x2
299,132,21,306,93,228,0.75,exp_acyclic_depvary_step6_batch_yyy10.pl,f1
300,132,21,306,93,228,0.75,exp_acyclic_depvary_step6_batch_yyy10.pl,q4
301,132,21,306,93,228,0.75,exp_acyclic_depvary_step6_batch_yyy10.pl,y3
302,132,21,306,125,292,0.95,exp_acyclic_depvary_step6_batch_yyy10.pl,p3
303,132,21,306,93,228,0.75,exp_acyclic_depvary_step6_batch_yyy10.pl,s3
304,132,21,306,93,228,0.75,exp_acyclic_depvary_step6_batch_yyy10.pl,s2
305,145,24,338,105,258,0.76,exp_acyclic_depvary_step7_batch_yyy01.pl,s4
306,145,24,338,105,258,0.76,exp_acyclic_depvary_step7_batch_yyy01.pl,q4
307,145,24,338,105,258,0.76,exp_acyclic_depvary_step7_batch_yyy01.pl,e3
308,145,24,338,105,258,0.76,exp_acyclic_depvary_step7_batch_yyy01.pl,a3
309,145,24,338,108,264,0.78,exp_acyclic_depvary_step7_batch_yyy01.pl,v3
310,145,24,338,105,258,0.76,exp_acyclic_depvary_step7_batch_yyy01.pl,e2
311,145,24,338,105,258,0.76,exp_acyclic_depvary_step7_batch_yyy01.pl,f2
312,145,24,338,109,266,0.79,exp_acyclic_depvary_step7_batch_yyy01.pl,y1
313,145,24,338,105,258,0.76,exp_acyclic_depvary_step7_batch_yyy01.pl,r1
314,156,24,360,135,318,0.88,exp_acyclic_depvary_step7_batch_yyy02.pl,v2
315,156,24,360,135,318,0.88,exp_acyclic_depvary_step7_batch_yyy02.pl,c1
316,156,24,360,142,332,0.92,exp_acyclic_depvary_step7_batch_yyy02.pl,q3
317,156,24,360,135,318,0.88,exp_acyclic_depvary_step7_batch_yyy02.pl,q2
318,156,24,360,145,338,0.94,exp_acyclic_depvary_step7_batch_yyy02.pl,t4
319,156,24,360,135,318,0.88,exp_acyclic_depvary_step7_batch_yyy02.pl,s3
320,156,24,360,135,318,0.88,exp_acyclic_depvary_step7_batch_yyy02.pl,c4
321,156,24,360,152,352,0.98,exp_acyclic_depvary_step7_batch_yyy02.pl,t3
322,169,24,386,152,352,0.91,exp_acyclic_depvary_step7_batch_yyy03.pl,b2
323,169,24,386,152,352,0.91,exp_acyclic_depvary_step7_batch_yyy03.pl,b3
324,169,24,386,152,352,0.91,exp_acyclic_depvary_step7_batch_yyy03.pl,v2
325,169,24,386,152,352,0.91,exp_acyclic_depvary_step7_batch_yyy03.pl,p4
326,169,24,386,152,352,0.91,exp_acyclic_depvary_step7_batch_yyy03.pl,f4
327,169,24,386,152,352,0.91,exp_acyclic_depvary_step7_batch_yyy03.pl,q3
328,169,24,386,152,352,0.91,exp_acyclic_depvary_step7_batch_yyy03.pl,p1
329,135,24,318,129,306,0.96,exp_acyclic_depvary_step7_batch_yyy04.pl,t4
330,135,24,318,129,306,0.96,exp_acyclic_depvary_step7_batch_yyy04.pl,b2
331,135,24,318,129,306,0.96,exp_acyclic_depvary_step7_batch_yyy04.pl,c2
332,135,24,318,129,306,0.96,exp_acyclic_depvary_step7_batch_yyy04.pl,v1
333,135,24,318,129,306,0.96,exp_acyclic_depvary_step7_batch_yyy04.pl,t2
334,135,24,318,129,306,0.96,exp_acyclic_depvary_step7_batch_yyy04.pl,f4
335,135,24,318,129,306,0.96,exp_acyclic_depvary_step7_batch_yyy04.pl,x2
336,166,24,380,166,380,1.0,exp_acyclic_depvary_step7_batch_yyy05.pl,c4
337,166,24,380,166,380,1.0,exp_acyclic_depvary_step7_batch_yyy05.pl,p4
338,166,24,380,166,380,1.0,exp_acyclic_depvary_step7_batch_yyy05.pl,b4
339,166,24,380,166,380,1.0,exp_acyclic_depvary_step7_batch_yyy05.pl,x2
340,166,24,380,166,380,1.0,exp_acyclic_depvary_step7_batch_yyy05.pl,p2
341,166,24,380,166,380,1.0,exp_acyclic_depvary_step7_batch_yyy05.pl,x1
342,166,24,380,166,380,1.0,exp_acyclic_depvary_step7_batch_yyy05.pl,r2
343,166,24,380,146,340,0.89,exp_acyclic_depvary_step7_batch_yyy06.pl,w2
344,166,24,380,146,340,0.89,exp_acyclic_depvary_step7_batch_yyy06.pl,e4
345,166,24,380,146,340,0.89,exp_acyclic_depvary_step7_batch_yyy06.pl,a3
346,166,24,380,146,340,0.89,exp_acyclic_depvary_step7_batch_yyy06.pl,q3
347,166,24,380,146,340,0.89,exp_acyclic_depvary_step7_batch_yyy06.pl,r2
348,166,24,380,146,340,0.89,exp_acyclic_depvary_step7_batch_yyy06.pl,p1
349,166,24,380,146,340,0.89,exp_acyclic_depvary_step7_batch_yyy06.pl,a2
350,172,24,392,155,358,0.91,exp_acyclic_depvary_step7_batch_yyy07.pl,b4
351,172,24,392,155,358,0.91,exp_acyclic_depvary_step7_batch_yyy07.pl,p3
352,172,24,392,155,358,0.91,exp_acyclic_depvary_step7_batch_yyy07.pl,c1
353,172,24,392,155,358,0.91,exp_acyclic_depvary_step7_batch_yyy07.pl,v4
354,172,24,392,155,358,0.91,exp_acyclic_depvary_step7_batch_yyy07.pl,y2
355,172,24,392,155,358,0.91,exp_acyclic_depvary_step7_batch_yyy07.pl,x1
356,168,24,384,142,332,0.86,exp_acyclic_depvary_step7_batch_yyy08.pl,c3
357,168,24,384,142,332,0.86,exp_acyclic_depvary_step7_batch_yyy08.pl,a1
358,168,24,384,142,332,0.86,exp_acyclic_depvary_step7_batch_yyy08.pl,s4
359,168,24,384,142,332,0.86,exp_acyclic_depvary_step7_batch_yyy08.pl,e2
360,168,24,384,142,332,0.86,exp_acyclic_depvary_step7_batch_yyy08.pl,t1
361,182,24,412,148,344,0.83,exp_acyclic_depvary_step7_batch_yyy09.pl,b2
362,182,24,412,148,344,0.83,exp_acyclic_depvary_step7_batch_yyy09.pl,v2
363,182,24,412,154,356,0.86,exp_acyclic_depvary_step7_batch_yyy09.pl,u1
364,182,24,412,148,344,0.83,exp_acyclic_depvary_step7_batch_yyy09.pl,p2
365,182,24,412,148,344,0.83,exp_acyclic_depvary_step7_batch_yyy09.pl,y2
366,182,24,412,148,344,0.83,exp_acyclic_depvary_step7_batch_yyy09.pl,t1
367,182,24,412,160,368,0.89,exp_acyclic_depvary_step7_batch_yyy09.pl,q1
368,146,24,340,121,290,0.85,exp_acyclic_depvary_step7_batch_yyy10.pl,b2
369,146,24,340,127,302,0.89,exp_acyclic_depvary_step7_batch_yyy10.pl,u1
370,146,24,340,121,290,0.85,exp_acyclic_depvary_step7_batch_yyy10.pl,y1
371,146,24,340,121,290,0.85,exp_acyclic_depvary_step7_batch_yyy10.pl,f2
372,146,24,340,121,290,0.85,exp_acyclic_depvary_step7_batch_yyy10.pl,s2
373,146,24,340,121,290,0.85,exp_acyclic_depvary_step7_batch_yyy10.pl,z1
374,194,27,442,174,402,0.91,exp_acyclic_depvary_step8_batch_yyy01.pl,t4
375,194,27,442,174,402,0.91,exp_acyclic_depvary_step8_batch_yyy01.pl,x2
376,194,27,442,174,402,0.91,exp_acyclic_depvary_step8_batch_yyy01.pl,p2
377,194,27,442,174,402,0.91,exp_acyclic_depvary_step8_batch_yyy01.pl,a3
378,194,27,442,174,402,0.91,exp_acyclic_depvary_step8_batch_yyy01.pl,c2
379,194,27,442,174,402,0.91,exp_acyclic_depvary_step8_batch_yyy01.pl,b1
380,194,27,442,174,402,0.91,exp_acyclic_depvary_step8_batch_yyy01.pl,x4
381,194,27,442,174,402,0.91,exp_acyclic_depvary_step8_batch_yyy01.pl,w3
382,159,27,372,152,358,0.96,exp_acyclic_depvary_step8_batch_yyy02.pl,s3
383,159,27,372,152,358,0.96,exp_acyclic_depvary_step8_batch_yyy02.pl,y4
384,159,27,372,152,358,0.96,exp_acyclic_depvary_step8_batch_yyy02.pl,p5
385,159,27,372,152,358,0.96,exp_acyclic_depvary_step8_batch_yyy02.pl,d3
386,159,27,372,152,358,0.96,exp_acyclic_depvary_step8_batch_yyy02.pl,c5
387,159,27,372,152,358,0.96,exp_acyclic_depvary_step8_batch_yyy02.pl,u3
388,159,27,372,152,358,0.96,exp_acyclic_depvary_step8_batch_yyy02.pl,s1
389,159,27,372,152,358,0.96,exp_acyclic_depvary_step8_batch_yyy02.pl,r1
390,206,27,466,206,466,1.0,exp_acyclic_depvary_step8_batch_yyy03.pl,b2
391,206,27,466,206,466,1.0,exp_acyclic_depvary_step8_batch_yyy03.pl,s4
392,206,27,466,206,466,1.0,exp_acyclic_depvary_step8_batch_yyy03.pl,e1
393,206,27,466,206,466,1.0,exp_acyclic_depvary_step8_batch_yyy03.pl,c5
394,206,27,466,206,466,1.0,exp_acyclic_depvary_step8_batch_yyy03.pl,a4
395,206,27,466,206,466,1.0,exp_acyclic_depvary_step8_batch_yyy03.pl,f3
396,206,27,466,206,466,1.0,exp_acyclic_depvary_step8_batch_yyy03.pl,e3
397,206,27,466,206,466,1.0,exp_acyclic_depvary_step8_batch_yyy03.pl,z3
398,202,27,458,155,364,0.79,exp_acyclic_depvary_step8_batch_yyy04.pl,p5
399,202,27,458,178,410,0.9,exp_acyclic_depvary_step8_batch_yyy04.pl,u4
400,202,27,458,155,364,0.79,exp_acyclic_depvary_step8_batch_yyy04.pl,r3
401,202,27,458,155,364,0.79,exp_acyclic_depvary_step8_batch_yyy04.pl,w1
402,202,27,458,175,404,0.88,exp_acyclic_depvary_step8_batch_yyy04.pl,p3
403,197,27,448,177,408,0.91,exp_acyclic_depvary_step8_batch_yyy05.pl,v2
404,197,27,448,177,408,0.91,exp_acyclic_depvary_step8_batch_yyy05.pl,s2
405,197,27,448,177,408,0.91,exp_acyclic_depvary_step8_batch_yyy05.pl,q4
406,197,27,448,177,408,0.91,exp_acyclic_depvary_step8_batch_yyy05.pl,v1
407,197,27,448,177,408,0.91,exp_acyclic_depvary_step8_batch_yyy05.pl,f3
408,197,27,448,177,408,0.91,exp_acyclic_depvary_step8_batch_yyy05.pl,t2
409,197,27,448,177,408,0.91,exp_acyclic_depvary_step8_batch_yyy05.pl,q2
410,197,27,448,177,408,0.91,exp_acyclic_depvary_step8_batch_yyy05.pl,t4
411,221,27,496,155,364,0.73,exp_acyclic_depvary_step8_batch_yyy06.pl,t4
412,221,27,496,163,380,0.77,exp_acyclic_depvary_step8_batch_yyy06.pl,t3
413,221,27,496,155,364,0.73,exp_acyclic_depvary_step8_batch_yyy06.pl,w3
414,221,27,496,155,364,0.73,exp_acyclic_depvary_step8_batch_yyy06.pl,b3
415,221,27,496,159,372,0.75,exp_acyclic_depvary_step8_batch_yyy06.pl,y4
416,221,27,496,155,364,0.73,exp_acyclic_depvary_step8_batch_yyy06.pl,s2
417,221,27,496,155,364,0.73,exp_acyclic_depvary_step8_batch_yyy06.pl,c5
418,221,27,496,155,364,0.73,exp_acyclic_depvary_step8_batch_yyy06.pl,t2
419,170,27,394,146,346,0.88,exp_acyclic_depvary_step8_batch_yyy07.pl,s2
420,170,27,394,146,346,0.88,exp_acyclic_depvary_step8_batch_yyy07.pl,f4
421,170,27,394,146,346,0.88,exp_acyclic_depvary_step8_batch_yyy07.pl,a2
422,170,27,394,146,346,0.88,exp_acyclic_depvary_step8_batch_yyy07.pl,e4
423,170,27,394,158,370,0.94,exp_acyclic_depvary_step8_batch_yyy07.pl,r2
424,170,27,394,146,346,0.88,exp_acyclic_depvary_step8_batch_yyy07.pl,a1
425,170,27,394,146,346,0.88,exp_acyclic_depvary_step8_batch_yyy07.pl,u2
426,190,27,434,181,416,0.96,exp_acyclic_depvary_step8_batch_yyy08.pl,a5
427,190,27,434,187,428,0.99,exp_acyclic_depvary_step8_batch_yyy08.pl,t2
428,190,27,434,181,416,0.96,exp_acyclic_depvary_step8_batch_yyy08.pl,r1
429,190,27,434,181,416,0.96,exp_acyclic_depvary_step8_batch_yyy08.pl,f4
430,190,27,434,181,416,0.96,exp_acyclic_depvary_step8_batch_yyy08.pl,r2
431,190,27,434,181,416,0.96,exp_acyclic_depvary_step8_batch_yyy08.pl,b3
432,190,27,434,181,416,0.96,exp_acyclic_depvary_step8_batch_yyy08.pl,d1
433,190,27,434,181,416,0.96,exp_acyclic_depvary_step8_batch_yyy08.pl,q1
434,202,27,458,175,404,0.88,exp_acyclic_depvary_step8_batch_yyy09.pl,a4
435,202,27,458,175,404,0.88,exp_acyclic_depvary_step8_batch_yyy09.pl,p2
436,202,27,458,192,438,0.96,exp_acyclic_depvary_step8_batch_yyy09.pl,v3
437,202,27,458,175,404,0.88,exp_acyclic_depvary_step8_batch_yyy09.pl,q1
438,202,27,458,175,404,0.88,exp_acyclic_depvary_step8_batch_yyy09.pl,f2
439,202,27,458,175,404,0.88,exp_acyclic_depvary_step8_batch_yyy09.pl,c3
440,202,27,458,175,404,0.88,exp_acyclic_depvary_step8_batch_yyy09.pl,c4
441,202,27,458,175,404,0.88,exp_acyclic_depvary_step8_batch_yyy09.pl,p5
442,202,27,458,175,404,0.88,exp_acyclic_depvary_step8_batch_yyy09.pl,x3
443,186,27,426,162,378,0.89,exp_acyclic_depvary_step8_batch_yyy10.pl,b2
444,186,27,426,162,378,0.89,exp_acyclic_depvary_step8_batch_yyy10.pl,f1
445,186,27,426,162,378,0.89,exp_acyclic_depvary_step8_batch_yyy10.pl,r4
446,186,27,426,162,378,0.89,exp_acyclic_depvary_step8_batch_yyy10.pl,w3
447,186,27,426,162,378,0.89,exp_acyclic_depvary_step8_batch_yyy10.pl,f2
448,186,27,426,162,378,0.89,exp_acyclic_depvary_step8_batch_yyy10.pl,s3
449,219,30,498,210,480,0.96,exp_acyclic_depvary_step9_batch_yyy01.pl,p5
450,219,30,498,210,480,0.96,exp_acyclic_depvary_step9_batch_yyy01.pl,q4
451,219,30,498,210,480,0.96,exp_acyclic_depvary_step9_batch_yyy01.pl,z3
452,219,30,498,210,480,0.96,exp_acyclic_depvary_step9_batch_yyy01.pl,w2
453,219,30,498,210,480,0.96,exp_acyclic_depvary_step9_batch_yyy01.pl,e5
454,219,30,498,210,480,0.96,exp_acyclic_depvary_step9_batch_yyy01.pl,a4
455,219,30,498,210,480,0.96,exp_acyclic_depvary_step9_batch_yyy01.pl,x2
456,219,30,498,210,480,0.96,exp_acyclic_depvary_step9_batch_yyy01.pl,f5
457,234,30,528,200,460,0.87,exp_acyclic_depvary_step9_batch_yyy02.pl,u5
458,234,30,528,200,460,0.87,exp_acyclic_depvary_step9_batch_yyy02.pl,s3
459,234,30,528,219,498,0.94,exp_acyclic_depvary_step9_batch_yyy02.pl,v2
460,234,30,528,200,460,0.87,exp_acyclic_depvary_step9_batch_yyy02.pl,r4
461,234,30,528,200,460,0.87,exp_acyclic_depvary_step9_batch_yyy02.pl,u2
462,234,30,528,200,460,0.87,exp_acyclic_depvary_step9_batch_yyy02.pl,q2
463,234,30,528,200,460,0.87,exp_acyclic_depvary_step9_batch_yyy02.pl,e5
464,234,30,528,200,460,0.87,exp_acyclic_depvary_step9_batch_yyy02.pl,s1
465,234,30,528,200,460,0.87,exp_acyclic_depvary_step9_batch_yyy02.pl,d2
466,229,30,518,225,510,0.98,exp_acyclic_depvary_step9_batch_yyy03.pl,u5
467,229,30,518,225,510,0.98,exp_acyclic_depvary_step9_batch_yyy03.pl,x3
468,229,30,518,225,510,0.98,exp_acyclic_depvary_step9_batch_yyy03.pl,q4
469,229,30,518,225,510,0.98,exp_acyclic_depvary_step9_batch_yyy03.pl,p2
470,229,30,518,225,510,0.98,exp_acyclic_depvary_step9_batch_yyy03.pl,x1
471,229,30,518,225,510,0.98,exp_acyclic_depvary_step9_batch_yyy03.pl,a1
472,229,30,518,225,510,0.98,exp_acyclic_depvary_step9_batch_yyy03.pl,y4
473,256,30,572,235,530,0.93,exp_acyclic_depvary_step9_batch_yyy04.pl,p5
474,256,30,572,235,530,0.93,exp_acyclic_depvary_step9_batch_yyy04.pl,b1
475,256,30,572,235,530,0.93,exp_acyclic_depvary_step9_batch_yyy04.pl,p3
476,256,30,572,235,530,0.93,exp_acyclic_depvary_step9_batch_yyy04.pl,b5
477,256,30,572,235,530,0.93,exp_acyclic_depvary_step9_batch_yyy04.pl,e2
478,256,30,572,235,530,0.93,exp_acyclic_depvary_step9_batch_yyy04.pl,d1
479,261,30,582,250,560,0.96,exp_acyclic_depvary_step9_batch_yyy05.pl,t5
480,261,30,582,250,560,0.96,exp_acyclic_depvary_step9_batch_yyy05.pl,p5
481,261,30,582,250,560,0.96,exp_acyclic_depvary_step9_batch_yyy05.pl,b4
482,261,30,582,250,560,0.96,exp_acyclic_depvary_step9_batch_yyy05.pl,w1
483,261,30,582,250,560,0.96,exp_acyclic_depvary_step9_batch_yyy05.pl,d1
484,261,30,582,250,560,0.96,exp_acyclic_depvary_step9_batch_yyy05.pl,r5
485,261,30,582,250,560,0.96,exp_acyclic_depvary_step9_batch_yyy05.pl,e4
486,261,30,582,250,560,0.96,exp_acyclic_depvary_step9_batch_yyy05.pl,q3
487,261,30,582,250,560,0.96,exp_acyclic_depvary_step9_batch_yyy05.pl,y2
488,241,30,542,219,498,0.92,exp_acyclic_depvary_step9_batch_yyy06.pl,u4
489,241,30,542,219,498,0.92,exp_acyclic_depvary_step9_batch_yyy06.pl,c5
490,241,30,542,219,498,0.92,exp_acyclic_depvary_step9_batch_yyy06.pl,f4
491,241,30,542,224,508,0.94,exp_acyclic_depvary_step9_batch_yyy06.pl,r2
492,241,30,542,219,498,0.92,exp_acyclic_depvary_step9_batch_yyy06.pl,t1
493,241,30,542,219,498,0.92,exp_acyclic_depvary_step9_batch_yyy06.pl,s3
494,241,30,542,219,498,0.92,exp_acyclic_depvary_step9_batch_yyy06.pl,c4
495,241,30,542,219,498,0.92,exp_acyclic_depvary_step9_batch_yyy06.pl,c1
496,241,30,542,219,498,0.92,exp_acyclic_depvary_step9_batch_yyy06.pl,b5
497,234,30,528,198,456,0.86,exp_acyclic_depvary_step9_batch_yyy07.pl,t4
498,234,30,528,198,456,0.86,exp_acyclic_depvary_step9_batch_yyy07.pl,d4
499,234,30,528,198,456,0.86,exp_acyclic_depvary_step9_batch_yyy07.pl,w2
500,234,30,528,198,456,0.86,exp_acyclic_depvary_step9_batch_yyy07.pl,z1
501,234,30,528,198,456,0.86,exp_acyclic_depvary_step9_batch_yyy07.pl,v4
502,234,30,528,198,456,0.86,exp_acyclic_depvary_step9_batch_yyy07.pl,f4
503,240,30,540,230,520,0.96,exp_acyclic_depvary_step9_batch_yyy08.pl,d5
504,240,30,540,230,520,0.96,exp_acyclic_depvary_step9_batch_yyy08.pl,b4
505,240,30,540,230,520,0.96,exp_acyclic_depvary_step9_batch_yyy08.pl,b1
506,240,30,540,230,520,0.96,exp_acyclic_depvary_step9_batch_yyy08.pl,f3
507,240,30,540,230,520,0.96,exp_acyclic_depvary_step9_batch_yyy08.pl,a1
508,240,30,540,230,520,0.96,exp_acyclic_depvary_step9_batch_yyy08.pl,p1
509,240,30,540,230,520,0.96,exp_acyclic_depvary_step9_batch_yyy08.pl,f2
510,247,30,554,220,500,0.9,exp_acyclic_depvary_step9_batch_yyy09.pl,u2
511,247,30,554,218,496,0.9,exp_acyclic_depvary_step9_batch_yyy09.pl,w3
512,247,30,554,218,496,0.9,exp_acyclic_depvary_step9_batch_yyy09.pl,q2
513,247,30,554,218,496,0.9,exp_acyclic_depvary_step9_batch_yyy09.pl,s4
514,247,30,554,218,496,0.9,exp_acyclic_depvary_step9_batch_yyy09.pl,y4
515,247,30,554,218,496,0.9,exp_acyclic_depvary_step9_batch_yyy09.pl,a5
516,247,30,554,218,496,0.9,exp_acyclic_depvary_step9_batch_yyy09.pl,b1
517,247,30,554,218,496,0.9,exp_acyclic_depvary_step9_batch_yyy09.pl,f4
518,232,30,524,200,460,0.88,exp_acyclic_depvary_step9_batch_yyy10.pl,u5
519,232,30,524,200,460,0.88,exp_acyclic_depvary_step9_batch_yyy10.pl,x3
520,232,30,524,204,468,0.89,exp_acyclic_depvary_step9_batch_yyy10.pl,u3
521,232,30,524,200,460,0.88,exp_acyclic_depvary_step9_batch_yyy10.pl,q2
522,232,30,524,200,460,0.88,exp_acyclic_depvary_step9_batch_yyy10.pl,b4
523,232,30,524,200,460,0.88,exp_acyclic_depvary_step9_batch_yyy10.pl,q5
524,232,30,524,200,460,0.88,exp_acyclic_depvary_step9_batch_yyy10.pl,d1
525,232,30,524,200,460,0.88,exp_acyclic_depvary_step9_batch_yyy10.pl,q1
526,23,15,76,23,76,1.0,exp_acyclic_indvary1_step1_batch_yyy01.pl,d2
527,23,15,76,23,76,1.0,exp_acyclic_indvary1_step1_batch_yyy01.pl,c3
528,15,15,60,6,42,0.7,exp_acyclic_indvary1_step1_batch_yyy02.pl,b2
529,15,15,60,6,42,0.7,exp_acyclic_indvary1_step1_batch_yyy02.pl,b3
530,15,15,60,6,42,0.7,exp_acyclic_indvary1_step1_batch_yyy02.pl,e1
531,15,15,60,6,42,0.7,exp_acyclic_indvary1_step1_batch_yyy02.pl,d2
532,15,15,60,12,54,0.9,exp_acyclic_indvary1_step1_batch_yyy02.pl,p1
533,15,15,60,6,42,0.7,exp_acyclic_indvary1_step1_batch_yyy02.pl,c2
534,15,15,60,6,42,0.7,exp_acyclic_indvary1_step1_batch_yyy02.pl,b1
535,20,15,70,15,60,0.86,exp_acyclic_indvary1_step1_batch_yyy03.pl,b2
536,20,15,70,15,60,0.86,exp_acyclic_indvary1_step1_batch_yyy03.pl,d2
537,20,15,70,15,60,0.86,exp_acyclic_indvary1_step1_batch_yyy03.pl,a1
538,20,15,70,15,60,0.86,exp_acyclic_indvary1_step1_batch_yyy03.pl,q1
539,18,15,66,18,66,1.0,exp_acyclic_indvary1_step1_batch_yyy04.pl,b3
540,18,15,66,18,66,1.0,exp_acyclic_indvary1_step1_batch_yyy04.pl,d2
541,18,15,66,18,66,1.0,exp_acyclic_indvary1_step1_batch_yyy04.pl,c1
542,23,15,76,18,66,0.87,exp_acyclic_indvary1_step1_batch_yyy05.pl,b1
543,23,15,76,18,66,0.87,exp_acyclic_indvary1_step1_batch_yyy05.pl,a3
544,23,15,76,18,66,0.87,exp_acyclic_indvary1_step1_batch_yyy05.pl,a2
545,16,15,62,7,44,0.71,exp_acyclic_indvary1_step1_batch_yyy06.pl,b1
546,18,15,66,13,56,0.85,exp_acyclic_indvary1_step1_batch_yyy07.pl,c2
547,18,15,66,13,56,0.85,exp_acyclic_indvary1_step1_batch_yyy07.pl,e2
548,18,15,66,13,56,0.85,exp_acyclic_indvary1_step1_batch_yyy07.pl,d1
549,18,15,66,10,50,0.76,exp_acyclic_indvary1_step1_batch_yyy08.pl,b1
550,15,15,60,15,60,1.0,exp_acyclic_indvary1_step1_batch_yyy09.pl,p1
551,15,15,60,15,60,1.0,exp_acyclic_indvary1_step1_batch_yyy09.pl,a2
552,17,15,64,17,64,1.0,exp_acyclic_indvary1_step1_batch_yyy10.pl,d2
553,17,15,64,17,64,1.0,exp_acyclic_indvary1_step1_batch_yyy10.pl,a1
554,59,15,148,55,140,0.95,exp_acyclic_indvary1_step2_batch_yyy01.pl,r1
555,59,15,148,55,140,0.95,exp_acyclic_indvary1_step2_batch_yyy01.pl,a1
556,59,15,148,55,140,0.95,exp_acyclic_indvary1_step2_batch_yyy01.pl,d1
557,50,15,130,40,110,0.85,exp_acyclic_indvary1_step2_batch_yyy02.pl,p2
558,50,15,130,40,110,0.85,exp_acyclic_indvary1_step2_batch_yyy02.pl,a3
559,47,15,124,45,120,0.97,exp_acyclic_indvary1_step2_batch_yyy03.pl,a3
560,47,15,124,45,120,0.97,exp_acyclic_indvary1_step2_batch_yyy03.pl,x1
561,61,15,152,37,104,0.68,exp_acyclic_indvary1_step2_batch_yyy04.pl,u1
562,61,15,152,32,94,0.62,exp_acyclic_indvary1_step2_batch_yyy04.pl,p2
563,61,15,152,32,94,0.62,exp_acyclic_indvary1_step2_batch_yyy04.pl,a1
564,61,15,152,32,94,0.62,exp_acyclic_indvary1_step2_batch_yyy04.pl,d1
565,59,15,148,46,122,0.82,exp_acyclic_indvary1_step2_batch_yyy05.pl,d2
566,53,15,136,53,136,1.0,exp_acyclic_indvary1_step2_batch_yyy06.pl,v1
567,53,15,136,53,136,1.0,exp_acyclic_indvary1_step2_batch_yyy06.pl,s1
568,53,15,136,53,136,1.0,exp_acyclic_indvary1_step2_batch_yyy06.pl,q2
569,51,15,132,51,132,1.0,exp_acyclic_indvary1_step2_batch_yyy07.pl,s1
570,51,15,132,51,132,1.0,exp_acyclic_indvary1_step2_batch_yyy07.pl,p2
571,51,15,132,51,132,1.0,exp_acyclic_indvary1_step2_batch_yyy07.pl,c3
572,51,15,132,51,132,1.0,exp_acyclic_indvary1_step2_batch_yyy07.pl,a2
573,48,15,126,38,106,0.84,exp_acyclic_indvary1_step2_batch_yyy08.pl,b2
574,48,15,126,38,106,0.84,exp_acyclic_indvary1_step2_batch_yyy08.pl,u1
575,48,15,126,38,106,0.84,exp_acyclic_indvary1_step2_batch_yyy08.pl,d2
576,48,15,126,38,106,0.84,exp_acyclic_indvary1_step2_batch_yyy08.pl,d1
577,48,15,126,45,120,0.95,exp_acyclic_indvary1_step2_batch_yyy09.pl,f1
578,48,15,126,45,120,0.95,exp_acyclic_indvary1_step2_batch_yyy09.pl,z1
579,48,15,126,45,120,0.95,exp_acyclic_indvary1_step2_batch_yyy09.pl,t1
580,48,15,126,45,120,0.95,exp_acyclic_indvary1_step2_batch_yyy09.pl,a2
581,48,15,126,45,120,0.95,exp_acyclic_indvary1_step2_batch_yyy09.pl,q2
582,52,15,134,40,110,0.82,exp_acyclic_indvary1_step2_batch_yyy10.pl,z1
583,52,15,134,40,110,0.82,exp_acyclic_indvary1_step2_batch_yyy10.pl,a3
584,52,15,134,40,110,0.82,exp_acyclic_indvary1_step2_batch_yyy10.pl,r2
585,52,15,134,40,110,0.82,exp_acyclic_indvary1_step2_batch_yyy10.pl,q1
586,71,15,172,71,172,1.0,exp_acyclic_indvary1_step3_batch_yyy01.pl,z2
587,71,15,172,71,172,1.0,exp_acyclic_indvary1_step3_batch_yyy01.pl,w2
588,71,15,172,71,172,1.0,exp_acyclic_indvary1_step3_batch_yyy01.pl,u1
589,67,15,164,58,146,0.89,exp_acyclic_indvary1_step3_batch_yyy02.pl,y1
590,67,15,164,45,120,0.73,exp_acyclic_indvary1_step3_batch_yyy02.pl,y2
591,67,15,164,45,120,0.73,exp_acyclic_indvary1_step3_batch_yyy02.pl,f2
592,67,15,164,45,120,0.73,exp_acyclic_indvary1_step3_batch_yyy02.pl,c2
593,67,15,164,45,120,0.73,exp_acyclic_indvary1_step3_batch_yyy02.pl,b1
594,67,15,164,45,120,0.73,exp_acyclic_indvary1_step3_batch_yyy02.pl,d1
595,67,15,164,45,120,0.73,exp_acyclic_indvary1_step3_batch_yyy02.pl,t1
596,76,15,182,65,160,0.88,exp_acyclic_indvary1_step3_batch_yyy03.pl,d2
597,76,15,182,65,160,0.88,exp_acyclic_indvary1_step3_batch_yyy03.pl,x2
598,72,15,174,67,164,0.94,exp_acyclic_indvary1_step3_batch_yyy04.pl,s2
599,62,15,154,51,132,0.86,exp_acyclic_indvary1_step3_batch_yyy05.pl,v2
600,62,15,154,45,120,0.78,exp_acyclic_indvary1_step3_batch_yyy05.pl,p3
601,62,15,154,45,120,0.78,exp_acyclic_indvary1_step3_batch_yyy05.pl,q2
602,72,15,174,38,106,0.61,exp_acyclic_indvary1_step3_batch_yyy06.pl,c3
603,72,15,174,38,106,0.61,exp_acyclic_indvary1_step3_batch_yyy06.pl,s2
604,72,15,174,38,106,0.61,exp_acyclic_indvary1_step3_batch_yyy06.pl,q2
605,70,15,170,55,140,0.82,exp_acyclic_indvary1_step3_batch_yyy07.pl,p2
606,70,15,170,52,134,0.79,exp_acyclic_indvary1_step3_batch_yyy07.pl,q1
607,70,15,170,52,134,0.79,exp_acyclic_indvary1_step3_batch_yyy07.pl,a2
608,70,15,170,52,134,0.79,exp_acyclic_indvary1_step3_batch_yyy07.pl,c2
609,67,15,164,62,154,0.94,exp_acyclic_indvary1_step3_batch_yyy08.pl,u1
610,67,15,164,62,154,0.94,exp_acyclic_indvary1_step3_batch_yyy08.pl,f2
611,67,15,164,62,154,0.94,exp_acyclic_indvary1_step3_batch_yyy08.pl,c2
612,67,15,164,62,154,0.94,exp_acyclic_indvary1_step3_batch_yyy08.pl,b1
613,82,15,194,73,176,0.91,exp_acyclic_indvary1_step3_batch_yyy09.pl,b3
614,82,15,194,73,176,0.91,exp_acyclic_indvary1_step3_batch_yyy09.pl,u1
615,82,15,194,73,176,0.91,exp_acyclic_indvary1_step3_batch_yyy09.pl,v1
616,82,15,194,73,176,0.91,exp_acyclic_indvary1_step3_batch_yyy09.pl,c1
617,82,15,194,73,176,0.91,exp_acyclic_indvary1_step3_batch_yyy09.pl,t2
618,62,15,154,52,134,0.87,exp_acyclic_indvary1_step3_batch_yyy10.pl,e1
619,62,15,154,55,140,0.91,exp_acyclic_indvary1_step3_batch_yyy10.pl,z1
620,62,15,154,52,134,0.87,exp_acyclic_indvary1_step3_batch_yyy10.pl,p3
621,62,15,154,52,134,0.87,exp_acyclic_indvary1_step3_batch_yyy10.pl,d1
622,62,15,154,52,134,0.87,exp_acyclic_indvary1_step3_batch_yyy10.pl,c3
623,66,15,162,49,128,0.79,exp_acyclic_indvary1_step4_batch_yyy01.pl,u1
624,66,15,162,49,128,0.79,exp_acyclic_indvary1_step4_batch_yyy01.pl,v3
625,66,15,162,49,128,0.79,exp_acyclic_indvary1_step4_batch_yyy01.pl,e2
626,66,15,162,49,128,0.79,exp_acyclic_indvary1_step4_batch_yyy01.pl,y2
627,62,15,154,43,116,0.75,exp_acyclic_indvary1_step4_batch_yyy02.pl,s3
628,62,15,154,43,116,0.75,exp_acyclic_indvary1_step4_batch_yyy02.pl,b1
629,62,15,154,43,116,0.75,exp_acyclic_indvary1_step4_batch_yyy02.pl,a3
630,62,15,154,43,116,0.75,exp_acyclic_indvary1_step4_batch_yyy02.pl,a1
631,62,15,154,45,120,0.78,exp_acyclic_indvary1_step4_batch_yyy02.pl,r3
632,62,15,154,43,116,0.75,exp_acyclic_indvary1_step4_batch_yyy02.pl,f2
633,62,15,154,43,116,0.75,exp_acyclic_indvary1_step4_batch_yyy02.pl,b3
634,79,15,188,74,178,0.95,exp_acyclic_indvary1_step4_batch_yyy03.pl,q4
635,79,15,188,74,178,0.95,exp_acyclic_indvary1_step4_batch_yyy03.pl,r2
636,79,15,188,74,178,0.95,exp_acyclic_indvary1_step4_batch_yyy03.pl,x3
637,82,15,194,64,158,0.81,exp_acyclic_indvary1_step4_batch_yyy04.pl,p2
638,82,15,194,45,120,0.62,exp_acyclic_indvary1_step4_batch_yyy04.pl,a3
639,82,15,194,53,136,0.7,exp_acyclic_indvary1_step4_batch_yyy04.pl,w3
640,82,15,194,45,120,0.62,exp_acyclic_indvary1_step4_batch_yyy04.pl,f2
641,82,15,194,45,120,0.62,exp_acyclic_indvary1_step4_batch_yyy04.pl,c2
642,82,15,194,45,120,0.62,exp_acyclic_indvary1_step4_batch_yyy04.pl,b1
643,67,15,164,29,88,0.54,exp_acyclic_indvary1_step4_batch_yyy05.pl,q4
644,67,15,164,35,100,0.61,exp_acyclic_indvary1_step4_batch_yyy05.pl,y3
645,67,15,164,29,88,0.54,exp_acyclic_indvary1_step4_batch_yyy05.pl,x1
646,67,15,164,29,88,0.54,exp_acyclic_indvary1_step4_batch_yyy05.pl,a2
647,69,15,168,38,106,0.63,exp_acyclic_indvary1_step4_batch_yyy06.pl,d2
648,69,15,168,38,106,0.63,exp_acyclic_indvary1_step4_batch_yyy06.pl,q1
649,69,15,168,38,106,0.63,exp_acyclic_indvary1_step4_batch_yyy06.pl,a1
650,76,15,182,70,170,0.93,exp_acyclic_indvary1_step4_batch_yyy07.pl,s3
651,76,15,182,70,170,0.93,exp_acyclic_indvary1_step4_batch_yyy07.pl,q4
652,76,15,182,70,170,0.93,exp_acyclic_indvary1_step4_batch_yyy07.pl,p3
653,76,15,182,70,170,0.93,exp_acyclic_indvary1_step4_batch_yyy07.pl,p1
654,76,15,182,70,170,0.93,exp_acyclic_indvary1_step4_batch_yyy07.pl,a2
655,67,15,164,54,138,0.84,exp_acyclic_indvary1_step4_batch_yyy08.pl,f1
656,67,15,164,54,138,0.84,exp_acyclic_indvary1_step4_batch_yyy08.pl,b3
657,71,15,172,45,120,0.7,exp_acyclic_indvary1_step4_batch_yyy09.pl,c3
658,71,15,172,45,120,0.7,exp_acyclic_indvary1_step4_batch_yyy09.pl,c1
659,71,15,172,45,120,0.7,exp_acyclic_indvary1_step4_batch_yyy09.pl,p2
660,71,15,172,45,120,0.7,exp_acyclic_indvary1_step4_batch_yyy09.pl,q3
661,71,15,172,45,120,0.7,exp_acyclic_indvary1_step4_batch_yyy09.pl,y2
662,71,15,172,50,130,0.76,exp_acyclic_indvary1_step4_batch_yyy09.pl,r2
663,71,15,172,45,120,0.7,exp_acyclic_indvary1_step4_batch_yyy09.pl,a1
664,71,15,172,45,120,0.7,exp_acyclic_indvary1_step4_batch_yyy09.pl,q1
665,74,15,178,69,168,0.94,exp_acyclic_indvary1_step4_batch_yyy10.pl,b2
666,74,15,178,69,168,0.94,exp_acyclic_indvary1_step4_batch_yyy10.pl,q3
667,74,15,178,69,168,0.94,exp_acyclic_indvary1_step4_batch_yyy10.pl,w2
668,74,15,178,69,168,0.94,exp_acyclic_indvary1_step4_batch_yyy10.pl,f1
669,69,15,168,42,114,0.68,exp_acyclic_indvary1_step5_batch_yyy01.pl,a2
670,69,15,168,45,120,0.71,exp_acyclic_indvary1_step5_batch_yyy01.pl,z2
671,67,15,164,46,122,0.74,exp_acyclic_indvary1_step5_batch_yyy02.pl,p4
672,67,15,164,43,116,0.71,exp_acyclic_indvary1_step5_batch_yyy02.pl,x4
673,67,15,164,39,108,0.66,exp_acyclic_indvary1_step5_batch_yyy02.pl,f2
674,67,15,164,39,108,0.66,exp_acyclic_indvary1_step5_batch_yyy02.pl,y1
675,67,15,164,43,116,0.71,exp_acyclic_indvary1_step5_batch_yyy02.pl,r1
676,68,15,166,45,120,0.72,exp_acyclic_indvary1_step5_batch_yyy03.pl,t3
677,68,15,166,41,112,0.67,exp_acyclic_indvary1_step5_batch_yyy03.pl,s4
678,68,15,166,41,112,0.67,exp_acyclic_indvary1_step5_batch_yyy03.pl,b3
679,65,15,160,28,86,0.54,exp_acyclic_indvary1_step5_batch_yyy04.pl,e1
680,65,15,160,47,124,0.78,exp_acyclic_indvary1_step5_batch_yyy04.pl,p4
681,65,15,160,28,86,0.54,exp_acyclic_indvary1_step5_batch_yyy04.pl,f1
682,65,15,160,45,120,0.75,exp_acyclic_indvary1_step5_batch_yyy04.pl,q4
683,65,15,160,28,86,0.54,exp_acyclic_indvary1_step5_batch_yyy04.pl,a3
684,65,15,160,30,90,0.56,exp_acyclic_indvary1_step5_batch_yyy04.pl,y2
685,65,15,160,28,86,0.54,exp_acyclic_indvary1_step5_batch_yyy04.pl,a1
686,73,15,176,38,106,0.6,exp_acyclic_indvary1_step5_batch_yyy05.pl,e1
687,73,15,176,38,106,0.6,exp_acyclic_indvary1_step5_batch_yyy05.pl,c1
688,73,15,176,43,116,0.66,exp_acyclic_indvary1_step5_batch_yyy05.pl,u3
689,73,15,176,38,106,0.6,exp_acyclic_indvary1_step5_batch_yyy05.pl,p4
690,71,15,172,25,80,0.47,exp_acyclic_indvary1_step5_batch_yyy06.pl,v1
691,71,15,172,27,84,0.49,exp_acyclic_indvary1_step5_batch_yyy06.pl,p2
692,71,15,172,20,70,0.41,exp_acyclic_indvary1_step5_batch_yyy06.pl,x4
693,71,15,172,24,78,0.45,exp_acyclic_indvary1_step5_batch_yyy06.pl,s3
694,71,15,172,32,94,0.55,exp_acyclic_indvary1_step5_batch_yyy06.pl,r4
695,68,15,166,33,96,0.58,exp_acyclic_indvary1_step5_batch_yyy07.pl,b2
696,68,15,166,33,96,0.58,exp_acyclic_indvary1_step5_batch_yyy07.pl,p4
697,68,15,166,33,96,0.58,exp_acyclic_indvary1_step5_batch_yyy07.pl,b1
698,68,15,166,40,110,0.66,exp_acyclic_indvary1_step5_batch_yyy07.pl,s1
699,68,15,166,36,102,0.61,exp_acyclic_indvary1_step5_batch_yyy07.pl,p1
700,68,15,166,42,114,0.69,exp_acyclic_indvary1_step5_batch_yyy07.pl,w1
701,63,15,156,34,98,0.63,exp_acyclic_indvary1_step5_batch_yyy08.pl,x1
702,69,15,168,28,86,0.51,exp_acyclic_indvary1_step5_batch_yyy09.pl,b2
703,69,15,168,28,86,0.51,exp_acyclic_indvary1_step5_batch_yyy09.pl,w1
704,69,15,168,28,86,0.51,exp_acyclic_indvary1_step5_batch_yyy09.pl,c1
705,69,15,168,28,86,0.51,exp_acyclic_indvary1_step5_batch_yyy09.pl,d2
706,69,15,168,28,86,0.51,exp_acyclic_indvary1_step5_batch_yyy09.pl,y2
707,76,15,182,55,140,0.77,exp_acyclic_indvary1_step5_batch_yyy10.pl,b3
708,76,15,182,55,140,0.77,exp_acyclic_indvary1_step5_batch_yyy10.pl,u4
709,76,15,182,68,166,0.91,exp_acyclic_indvary1_step5_batch_yyy10.pl,y1
710,76,15,182,55,140,0.77,exp_acyclic_indvary1_step5_batch_yyy10.pl,a3
711,76,15,182,55,140,0.77,exp_acyclic_indvary1_step5_batch_yyy10.pl,t1
712,67,15,164,22,74,0.45,exp_acyclic_indvary1_step6_batch_yyy01.pl,f1
713,67,15,164,26,82,0.5,exp_acyclic_indvary1_step6_batch_yyy01.pl,x4
714,71,15,172,22,74,0.43,exp_acyclic_indvary1_step6_batch_yyy02.pl,v5
715,71,15,172,16,62,0.36,exp_acyclic_indvary1_step6_batch_yyy02.pl,b1
716,71,15,172,16,62,0.36,exp_acyclic_indvary1_step6_batch_yyy02.pl,f2
717,67,15,164,29,88,0.54,exp_acyclic_indvary1_step6_batch_yyy03.pl,x1
718,67,15,164,27,84,0.51,exp_acyclic_indvary1_step6_batch_yyy03.pl,e2
719,80,15,190,16,62,0.33,exp_acyclic_indvary1_step6_batch_yyy04.pl,b2
720,80,15,190,16,62,0.33,exp_acyclic_indvary1_step6_batch_yyy04.pl,e1
721,80,15,190,16,62,0.33,exp_acyclic_indvary1_step6_batch_yyy04.pl,p5
722,80,15,190,16,62,0.33,exp_acyclic_indvary1_step6_batch_yyy04.pl,a3
723,80,15,190,16,62,0.33,exp_acyclic_indvary1_step6_batch_yyy04.pl,d1
724,80,15,190,33,96,0.51,exp_acyclic_indvary1_step6_batch_yyy04.pl,u2
725,72,15,174,32,94,0.54,exp_acyclic_indvary1_step6_batch_yyy05.pl,z2
726,72,15,174,18,66,0.38,exp_acyclic_indvary1_step6_batch_yyy05.pl,t4
727,81,15,192,45,120,0.62,exp_acyclic_indvary1_step6_batch_yyy06.pl,t5
728,81,15,192,45,120,0.62,exp_acyclic_indvary1_step6_batch_yyy06.pl,w2
729,81,15,192,45,120,0.62,exp_acyclic_indvary1_step6_batch_yyy06.pl,d1
730,72,15,174,19,68,0.39,exp_acyclic_indvary1_step6_batch_yyy07.pl,f1
731,72,15,174,19,68,0.39,exp_acyclic_indvary1_step6_batch_yyy07.pl,y5
732,72,15,174,19,68,0.39,exp_acyclic_indvary1_step6_batch_yyy07.pl,a2
733,72,15,174,24,78,0.45,exp_acyclic_indvary1_step6_batch_yyy07.pl,w3
734,74,15,178,10,50,0.28,exp_acyclic_indvary1_step6_batch_yyy08.pl,w5
735,74,15,178,19,68,0.38,exp_acyclic_indvary1_step6_batch_yyy08.pl,q5
736,74,15,178,14,58,0.33,exp_acyclic_indvary1_step6_batch_yyy08.pl,p3
737,74,15,178,15,60,0.34,exp_acyclic_indvary1_step6_batch_yyy08.pl,q2
738,74,15,178,10,50,0.28,exp_acyclic_indvary1_step6_batch_yyy08.pl,b3
739,74,15,178,15,60,0.34,exp_acyclic_indvary1_step6_batch_yyy08.pl,r4
740,78,15,186,59,148,0.8,exp_acyclic_indvary1_step6_batch_yyy09.pl,s4
741,78,15,186,59,148,0.8,exp_acyclic_indvary1_step6_batch_yyy09.pl,v1
742,78,15,186,62,154,0.83,exp_acyclic_indvary1_step6_batch_yyy09.pl,y1
743,78,15,186,59,148,0.8,exp_acyclic_indvary1_step6_batch_yyy09.pl,d1
744,75,15,180,37,104,0.58,exp_acyclic_indvary1_step6_batch_yyy10.pl,v5
745,75,15,180,30,90,0.5,exp_acyclic_indvary1_step6_batch_yyy10.pl,a2
746,75,15,180,35,100,0.56,exp_acyclic_indvary1_step6_batch_yyy10.pl,r4
747,68,15,166,27,84,0.51,exp_acyclic_indvary1_step7_batch_yyy01.pl,w4
748,68,15,166,20,70,0.42,exp_acyclic_indvary1_step7_batch_yyy01.pl,a2
749,68,15,166,20,70,0.42,exp_acyclic_indvary1_step7_batch_yyy01.pl,f2
750,75,15,180,28,86,0.48,exp_acyclic_indvary1_step7_batch_yyy02.pl,p1
751,76,15,182,42,114,0.63,exp_acyclic_indvary1_step7_batch_yyy03.pl,w6
752,76,15,182,42,114,0.63,exp_acyclic_indvary1_step7_batch_yyy03.pl,s6
753,76,15,182,47,124,0.68,exp_acyclic_indvary1_step7_batch_yyy03.pl,v3
754,77,15,184,3,36,0.2,exp_acyclic_indvary1_step7_batch_yyy04.pl,f1
755,77,15,184,3,36,0.2,exp_acyclic_indvary1_step7_batch_yyy04.pl,a3
756,77,15,184,24,78,0.42,exp_acyclic_indvary1_step7_batch_yyy04.pl,p6
757,79,15,188,50,130,0.69,exp_acyclic_indvary1_step7_batch_yyy05.pl,e2
758,78,15,186,31,92,0.49,exp_acyclic_indvary1_step7_batch_yyy06.pl,e1
759,78,15,186,36,102,0.55,exp_acyclic_indvary1_step7_batch_yyy06.pl,v3
760,68,15,166,15,60,0.36,exp_acyclic_indvary1_step7_batch_yyy07.pl,z4
761,69,15,168,17,64,0.38,exp_acyclic_indvary1_step7_batch_yyy08.pl,c1
762,69,15,168,17,64,0.38,exp_acyclic_indvary1_step7_batch_yyy08.pl,a3
763,69,15,168,24,78,0.46,exp_acyclic_indvary1_step7_batch_yyy08.pl,y6
764,72,15,174,42,114,0.66,exp_acyclic_indvary1_step7_batch_yyy09.pl,e1
765,72,15,174,42,114,0.66,exp_acyclic_indvary1_step7_batch_yyy09.pl,a1
766,72,15,174,42,114,0.66,exp_acyclic_indvary1_step7_batch_yyy09.pl,q2
767,72,15,174,42,114,0.66,exp_acyclic_indvary1_step7_batch_yyy09.pl,a3
768,72,15,174,42,114,0.66,exp_acyclic_indvary1_step7_batch_yyy09.pl,r3
769,67,15,164,50,130,0.79,exp_acyclic_indvary1_step7_batch_yyy10.pl,c2
770,67,15,164,50,130,0.79,exp_acyclic_indvary1_step7_batch_yyy10.pl,q2
771,67,15,164,50,130,0.79,exp_acyclic_indvary1_step7_batch_yyy10.pl,y1
772,67,15,164,0,30,0.18,exp_acyclic_indvary1_step8_batch_yyy01.pl,b3
773,67,15,164,0,30,0.18,exp_acyclic_indvary1_step8_batch_yyy01.pl,a2
774,67,15,164,4,38,0.23,exp_acyclic_indvary1_step8_batch_yyy01.pl,z1
775,67,15,164,0,30,0.18,exp_acyclic_indvary1_step8_batch_yyy01.pl,d1
776,64,15,158,12,54,0.34,exp_acyclic_indvary1_step8_batch_yyy02.pl,t4
777,64,15,158,29,88,0.56,exp_acyclic_indvary1_step8_batch_yyy02.pl,z5
778,64,15,158,14,58,0.37,exp_acyclic_indvary1_step8_batch_yyy02.pl,s2
779,64,15,158,15,60,0.38,exp_acyclic_indvary1_step8_batch_yyy02.pl,v4
780,64,15,158,12,54,0.34,exp_acyclic_indvary1_step8_batch_yyy02.pl,f2
781,66,15,162,21,72,0.44,exp_acyclic_indvary1_step8_batch_yyy03.pl,w1
782,66,15,162,23,76,0.47,exp_acyclic_indvary1_step8_batch_yyy03.pl,u3
783,66,15,162,21,72,0.44,exp_acyclic_indvary1_step8_batch_yyy03.pl,f2
784,66,15,162,21,72,0.44,exp_acyclic_indvary1_step8_batch_yyy03.pl,c1
785,70,15,170,31,92,0.54,exp_acyclic_indvary1_step8_batch_yyy04.pl,f1
786,70,15,170,31,92,0.54,exp_acyclic_indvary1_step8_batch_yyy04.pl,v2
787,70,15,170,33,96,0.56,exp_acyclic_indvary1_step8_batch_yyy04.pl,q6
788,63,15,156,32,94,0.6,exp_acyclic_indvary1_step8_batch_yyy05.pl,w7
789,66,15,162,7,44,0.27,exp_acyclic_indvary1_step8_batch_yyy06.pl,c3
790,66,15,162,10,50,0.31,exp_acyclic_indvary1_step8_batch_yyy06.pl,x2
791,66,15,162,7,44,0.27,exp_acyclic_indvary1_step8_batch_yyy06.pl,d1
792,72,15,174,21,72,0.41,exp_acyclic_indvary1_step8_batch_yyy07.pl,r6
793,72,15,174,20,70,0.4,exp_acyclic_indvary1_step8_batch_yyy07.pl,s2
794,72,15,174,17,64,0.37,exp_acyclic_indvary1_step8_batch_yyy07.pl,f2
795,72,15,174,17,64,0.37,exp_acyclic_indvary1_step8_batch_yyy07.pl,c3
796,64,15,158,31,92,0.58,exp_acyclic_indvary1_step8_batch_yyy08.pl,c2
797,64,15,158,31,92,0.58,exp_acyclic_indvary1_step8_batch_yyy08.pl,r4
798,64,15,158,31,92,0.58,exp_acyclic_indvary1_step8_batch_yyy08.pl,y2
799,71,15,172,20,70,0.41,exp_acyclic_indvary1_step8_batch_yyy09.pl,e1
800,71,15,172,27,84,0.49,exp_acyclic_indvary1_step8_batch_yyy09.pl,z1
801,84,15,198,36,102,0.52,exp_acyclic_indvary1_step8_batch_yyy10.pl,t2
802,84,15,198,36,102,0.52,exp_acyclic_indvary1_step8_batch_yyy10.pl,u3
803,84,15,198,36,102,0.52,exp_acyclic_indvary1_step8_batch_yyy10.pl,a2
804,79,15,188,62,154,0.82,exp_acyclic_indvary2_step1_batch_yyy01.pl,p1
805,79,15,188,62,154,0.82,exp_acyclic_indvary2_step1_batch_yyy01.pl,t2
806,66,15,162,55,140,0.86,exp_acyclic_indvary2_step1_batch_yyy02.pl,b3
807,66,15,162,58,146,0.9,exp_acyclic_indvary2_step1_batch_yyy02.pl,u2
808,66,15,162,55,140,0.86,exp_acyclic_indvary2_step1_batch_yyy02.pl,t1
809,77,15,184,70,170,0.92,exp_acyclic_indvary2_step1_batch_yyy03.pl,f1
810,71,15,172,68,166,0.97,exp_acyclic_indvary2_step1_batch_yyy04.pl,c3
811,64,15,158,50,130,0.82,exp_acyclic_indvary2_step1_batch_yyy05.pl,v2
812,64,15,158,50,130,0.82,exp_acyclic_indvary2_step1_batch_yyy05.pl,x2
813,64,15,158,50,130,0.82,exp_acyclic_indvary2_step1_batch_yyy05.pl,a2
814,64,15,158,50,130,0.82,exp_acyclic_indvary2_step1_batch_yyy05.pl,s2
815,64,15,158,50,130,0.82,exp_acyclic_indvary2_step1_batch_yyy05.pl,b1
816,60,15,150,52,134,0.89,exp_acyclic_indvary2_step1_batch_yyy06.pl,c2
817,60,15,150,52,134,0.89,exp_acyclic_indvary2_step1_batch_yyy06.pl,t2
818,60,15,150,52,134,0.89,exp_acyclic_indvary2_step1_batch_yyy06.pl,s1
819,75,15,180,36,102,0.57,exp_acyclic_indvary2_step1_batch_yyy07.pl,e1
820,75,15,180,36,102,0.57,exp_acyclic_indvary2_step1_batch_yyy07.pl,c3
821,77,15,184,56,142,0.77,exp_acyclic_indvary2_step1_batch_yyy08.pl,w2
822,77,15,184,50,130,0.71,exp_acyclic_indvary2_step1_batch_yyy08.pl,s2
823,77,15,184,50,130,0.71,exp_acyclic_indvary2_step1_batch_yyy08.pl,b3
824,77,15,184,50,130,0.71,exp_acyclic_indvary2_step1_batch_yyy08.pl,r2
825,77,15,184,50,130,0.71,exp_acyclic_indvary2_step1_batch_yyy08.pl,a1
826,75,15,180,53,136,0.76,exp_acyclic_indvary2_step1_batch_yyy09.pl,a1
827,75,15,180,53,136,0.76,exp_acyclic_indvary2_step1_batch_yyy09.pl,u2
828,80,15,190,53,136,0.72,exp_acyclic_indvary2_step1_batch_yyy10.pl,f1
829,80,15,190,57,144,0.76,exp_acyclic_indvary2_step1_batch_yyy10.pl,x2
830,80,15,190,53,136,0.72,exp_acyclic_indvary2_step1_batch_yyy10.pl,c1
831,80,15,190,58,146,0.77,exp_acyclic_indvary2_step1_batch_yyy10.pl,z2
832,133,15,296,97,224,0.76,exp_acyclic_indvary2_step2_batch_yyy01.pl,b2
833,133,15,296,105,240,0.81,exp_acyclic_indvary2_step2_batch_yyy01.pl,r2
834,133,15,296,97,224,0.76,exp_acyclic_indvary2_step2_batch_yyy01.pl,a1
835,129,15,288,115,260,0.9,exp_acyclic_indvary2_step2_batch_yyy02.pl,v2
836,129,15,288,88,206,0.72,exp_acyclic_indvary2_step2_batch_yyy02.pl,q1
837,129,15,288,88,206,0.72,exp_acyclic_indvary2_step2_batch_yyy02.pl,f1
838,138,15,306,112,254,0.83,exp_acyclic_indvary2_step2_batch_yyy03.pl,z1
839,138,15,306,112,254,0.83,exp_acyclic_indvary2_step2_batch_yyy03.pl,r3
840,138,15,306,112,254,0.83,exp_acyclic_indvary2_step2_batch_yyy03.pl,f2
841,133,15,296,127,284,0.96,exp_acyclic_indvary2_step2_batch_yyy04.pl,b2
842,133,15,296,127,284,0.96,exp_acyclic_indvary2_step2_batch_yyy04.pl,f1
843,133,15,296,127,284,0.96,exp_acyclic_indvary2_step2_batch_yyy04.pl,c2
844,133,15,296,127,284,0.96,exp_acyclic_indvary2_step2_batch_yyy04.pl,a3
845,133,15,296,121,272,0.92,exp_acyclic_indvary2_step2_batch_yyy05.pl,f1
846,133,15,296,121,272,0.92,exp_acyclic_indvary2_step2_batch_yyy05.pl,e2
847,133,15,296,121,272,0.92,exp_acyclic_indvary2_step2_batch_yyy05.pl,b3
848,126,15,282,107,244,0.87,exp_acyclic_indvary2_step2_batch_yyy06.pl,c3
849,126,15,282,107,244,0.87,exp_acyclic_indvary2_step2_batch_yyy06.pl,w1
850,126,15,282,107,244,0.87,exp_acyclic_indvary2_step2_batch_yyy06.pl,e2
851,126,15,282,107,244,0.87,exp_acyclic_indvary2_step2_batch_yyy06.pl,r3
852,129,15,288,89,208,0.72,exp_acyclic_indvary2_step2_batch_yyy07.pl,t1
853,129,15,288,96,222,0.77,exp_acyclic_indvary2_step2_batch_yyy07.pl,r2
854,129,15,288,50,130,0.45,exp_acyclic_indvary2_step2_batch_yyy07.pl,a1
855,122,15,274,100,230,0.84,exp_acyclic_indvary2_step2_batch_yyy08.pl,u1
856,122,15,274,95,220,0.8,exp_acyclic_indvary2_step2_batch_yyy08.pl,a3
857,122,15,274,95,220,0.8,exp_acyclic_indvary2_step2_batch_yyy08.pl,z2
858,131,15,292,117,264,0.9,exp_acyclic_indvary2_step2_batch_yyy09.pl,c3
859,131,15,292,117,264,0.9,exp_acyclic_indvary2_step2_batch_yyy09.pl,f1
860,131,15,292,117,264,0.9,exp_acyclic_indvary2_step2_batch_yyy09.pl,r1
861,131,15,292,117,264,0.9,exp_acyclic_indvary2_step2_batch_yyy09.pl,q3
862,131,15,292,117,264,0.9,exp_acyclic_indvary2_step2_batch_yyy09.pl,p1
863,131,15,292,126,282,0.97,exp_acyclic_indvary2_step2_batch_yyy10.pl,e1
864,131,15,292,126,282,0.97,exp_acyclic_indvary2_step2_batch_yyy10.pl,c1
865,131,15,292,126,282,0.97,exp_acyclic_indvary2_step2_batch_yyy10.pl,a3
866,188,15,406,130,290,0.71,exp_acyclic_indvary2_step3_batch_yyy01.pl,v1
867,188,15,406,188,406,1.0,exp_acyclic_indvary2_step3_batch_yyy02.pl,e1
868,188,15,406,188,406,1.0,exp_acyclic_indvary2_step3_batch_yyy02.pl,c1
869,188,15,406,188,406,1.0,exp_acyclic_indvary2_step3_batch_yyy02.pl,u2
870,183,15,396,183,396,1.0,exp_acyclic_indvary2_step3_batch_yyy03.pl,v2
871,183,15,396,183,396,1.0,exp_acyclic_indvary2_step3_batch_yyy03.pl,v1
872,183,15,396,183,396,1.0,exp_acyclic_indvary2_step3_batch_yyy03.pl,q2
873,183,15,396,183,396,1.0,exp_acyclic_indvary2_step3_batch_yyy03.pl,c2
874,183,15,396,183,396,1.0,exp_acyclic_indvary2_step3_batch_yyy03.pl,r1
875,187,15,404,146,322,0.8,exp_acyclic_indvary2_step3_batch_yyy04.pl,p3
876,187,15,404,165,360,0.89,exp_acyclic_indvary2_step3_batch_yyy04.pl,t1
877,189,15,408,178,386,0.95,exp_acyclic_indvary2_step3_batch_yyy05.pl,b1
878,189,15,408,178,386,0.95,exp_acyclic_indvary2_step3_batch_yyy05.pl,w1
879,189,15,408,178,386,0.95,exp_acyclic_indvary2_step3_batch_yyy05.pl,b2
880,189,15,408,178,386,0.95,exp_acyclic_indvary2_step3_batch_yyy05.pl,a2
881,188,15,406,150,330,0.81,exp_acyclic_indvary2_step3_batch_yyy06.pl,w1
882,188,15,406,150,330,0.81,exp_acyclic_indvary2_step3_batch_yyy06.pl,r3
883,188,15,406,150,330,0.81,exp_acyclic_indvary2_step3_batch_yyy06.pl,q2
884,194,15,418,186,402,0.96,exp_acyclic_indvary2_step3_batch_yyy07.pl,w1
885,194,15,418,186,402,0.96,exp_acyclic_indvary2_step3_batch_yyy07.pl,q1
886,189,15,408,115,260,0.64,exp_acyclic_indvary2_step3_batch_yyy08.pl,r2
887,184,15,398,173,376,0.94,exp_acyclic_indvary2_step3_batch_yyy09.pl,b1
888,184,15,398,173,376,0.94,exp_acyclic_indvary2_step3_batch_yyy09.pl,a3
889,184,15,398,173,376,0.94,exp_acyclic_indvary2_step3_batch_yyy09.pl,a1
890,184,15,398,173,376,0.94,exp_acyclic_indvary2_step3_batch_yyy09.pl,f2
891,184,15,398,173,376,0.94,exp_acyclic_indvary2_step3_batch_yyy09.pl,v1
892,184,15,398,173,376,0.94,exp_acyclic_indvary2_step3_batch_yyy09.pl,p3
893,184,15,398,173,376,0.94,exp_acyclic_indvary2_step3_batch_yyy09.pl,c1
894,184,15,398,174,378,0.95,exp_acyclic_indvary2_step3_batch_yyy10.pl,w2
895,184,15,398,174,378,0.95,exp_acyclic_indvary2_step3_batch_yyy10.pl,p1
896,184,15,398,174,378,0.95,exp_acyclic_indvary2_step3_batch_yyy10.pl,c2
897,184,15,398,174,378,0.95,exp_acyclic_indvary2_step3_batch_yyy10.pl,d1
898,184,15,398,174,378,0.95,exp_acyclic_indvary2_step3_batch_yyy10.pl,u2
899,184,15,398,174,378,0.95,exp_acyclic_indvary2_step3_batch_yyy10.pl,t1
900,250,15,530,190,410,0.77,exp_acyclic_indvary2_step4_batch_yyy01.pl,s1
901,250,15,530,190,410,0.77,exp_acyclic_indvary2_step4_batch_yyy01.pl,d1
902,246,15,522,221,472,0.9,exp_acyclic_indvary2_step4_batch_yyy02.pl,c3
903,246,15,522,221,472,0.9,exp_acyclic_indvary2_step4_batch_yyy02.pl,r3
904,246,15,522,221,472,0.9,exp_acyclic_indvary2_step4_batch_yyy02.pl,p1
905,246,15,522,221,472,0.9,exp_acyclic_indvary2_step4_batch_yyy02.pl,a2
906,258,15,546,233,496,0.91,exp_acyclic_indvary2_step4_batch_yyy03.pl,b2
907,258,15,546,233,496,0.91,exp_acyclic_indvary2_step4_batch_yyy03.pl,c1
908,258,15,546,233,496,0.91,exp_acyclic_indvary2_step4_batch_yyy03.pl,s1
909,258,15,546,233,496,0.91,exp_acyclic_indvary2_step4_batch_yyy03.pl,q3
910,258,15,546,233,496,0.91,exp_acyclic_indvary2_step4_batch_yyy03.pl,a2
911,247,15,524,223,476,0.91,exp_acyclic_indvary2_step4_batch_yyy04.pl,v1
912,247,15,524,223,476,0.91,exp_acyclic_indvary2_step4_batch_yyy04.pl,q1
913,247,15,524,223,476,0.91,exp_acyclic_indvary2_step4_batch_yyy04.pl,w2
914,247,15,524,223,476,0.91,exp_acyclic_indvary2_step4_batch_yyy04.pl,u1
915,247,15,524,223,476,0.91,exp_acyclic_indvary2_step4_batch_yyy04.pl,a2
916,241,15,512,241,512,1.0,exp_acyclic_indvary2_step4_batch_yyy05.pl,p1
917,250,15,530,250,530,1.0,exp_acyclic_indvary2_step4_batch_yyy06.pl,b1
918,250,15,530,250,530,1.0,exp_acyclic_indvary2_step4_batch_yyy06.pl,p3
919,250,15,530,250,530,1.0,exp_acyclic_indvary2_step4_batch_yyy06.pl,a3
920,250,15,530,250,530,1.0,exp_acyclic_indvary2_step4_batch_yyy06.pl,d1
921,240,15,510,240,510,1.0,exp_acyclic_indvary2_step4_batch_yyy07.pl,w2
922,240,15,510,240,510,1.0,exp_acyclic_indvary2_step4_batch_yyy07.pl,s1
923,259,15,548,245,520,0.95,exp_acyclic_indvary2_step4_batch_yyy08.pl,y2
924,259,15,548,245,520,0.95,exp_acyclic_indvary2_step4_batch_yyy08.pl,r3
925,259,15,548,245,520,0.95,exp_acyclic_indvary2_step4_batch_yyy08.pl,t1
926,256,15,542,156,342,0.63,exp_acyclic_indvary2_step4_batch_yyy09.pl,e1
927,256,15,542,156,342,0.63,exp_acyclic_indvary2_step4_batch_yyy09.pl,p2
928,256,15,542,168,366,0.68,exp_acyclic_indvary2_step4_batch_yyy09.pl,y2
929,256,15,542,218,466,0.86,exp_acyclic_indvary2_step4_batch_yyy09.pl,r2
930,256,15,542,156,342,0.63,exp_acyclic_indvary2_step4_batch_yyy09.pl,a1
931,251,15,532,239,508,0.95,exp_acyclic_indvary2_step4_batch_yyy10.pl,c1
932,251,15,532,239,508,0.95,exp_acyclic_indvary2_step4_batch_yyy10.pl,u2
933,251,15,532,239,508,0.95,exp_acyclic_indvary2_step4_batch_yyy10.pl,y2
934,251,15,532,239,508,0.95,exp_acyclic_indvary2_step4_batch_yyy10.pl,x1
935,300,15,630,300,630,1.0,exp_acyclic_indvary2_step5_batch_yyy01.pl,a3
936,300,15,630,300,630,1.0,exp_acyclic_indvary2_step5_batch_yyy01.pl,s2
937,300,15,630,300,630,1.0,exp_acyclic_indvary2_step5_batch_yyy01.pl,z1
938,317,15,664,317,664,1.0,exp_acyclic_indvary2_step5_batch_yyy02.pl,v2
939,317,15,664,317,664,1.0,exp_acyclic_indvary2_step5_batch_yyy02.pl,w1
940,317,15,664,317,664,1.0,exp_acyclic_indvary2_step5_batch_yyy02.pl,d1
941,317,15,664,317,664,1.0,exp_acyclic_indvary2_step5_batch_yyy02.pl,q2
942,317,15,664,317,664,1.0,exp_acyclic_indvary2_step5_batch_yyy02.pl,a1
943,307,15,644,230,490,0.76,exp_acyclic_indvary2_step5_batch_yyy03.pl,e2
944,312,15,654,295,620,0.95,exp_acyclic_indvary2_step5_batch_yyy04.pl,v2
945,312,15,654,295,620,0.95,exp_acyclic_indvary2_step5_batch_yyy04.pl,x2
946,312,15,654,295,620,0.95,exp_acyclic_indvary2_step5_batch_yyy04.pl,y2
947,312,15,654,295,620,0.95,exp_acyclic_indvary2_step5_batch_yyy04.pl,c1
948,308,15,646,293,616,0.95,exp_acyclic_indvary2_step5_batch_yyy05.pl,w2
949,308,15,646,308,646,1.0,exp_acyclic_indvary2_step5_batch_yyy05.pl,z2
950,308,15,646,293,616,0.95,exp_acyclic_indvary2_step5_batch_yyy05.pl,d2
951,308,15,646,293,616,0.95,exp_acyclic_indvary2_step5_batch_yyy05.pl,u2
952,308,15,646,293,616,0.95,exp_acyclic_indvary2_step5_batch_yyy05.pl,c3
953,315,15,660,315,660,1.0,exp_acyclic_indvary2_step5_batch_yyy06.pl,q3
954,315,15,660,286,602,0.91,exp_acyclic_indvary2_step5_batch_yyy06.pl,r3
955,312,15,654,235,500,0.76,exp_acyclic_indvary2_step5_batch_yyy07.pl,c3
956,312,15,654,235,500,0.76,exp_acyclic_indvary2_step5_batch_yyy07.pl,b3
957,316,15,662,237,504,0.76,exp_acyclic_indvary2_step5_batch_yyy08.pl,c3
958,316,15,662,237,504,0.76,exp_acyclic_indvary2_step5_batch_yyy08.pl,p1
959,309,15,648,292,614,0.95,exp_acyclic_indvary2_step5_batch_yyy09.pl,a3
960,309,15,648,292,614,0.95,exp_acyclic_indvary2_step5_batch_yyy09.pl,v1
961,309,15,648,292,614,0.95,exp_acyclic_indvary2_step5_batch_yyy09.pl,p3
962,317,15,664,317,664,1.0,exp_acyclic_indvary2_step5_batch_yyy10.pl,v2
963,317,15,664,317,664,1.0,exp_acyclic_indvary2_step5_batch_yyy10.pl,u1
964,317,15,664,317,664,1.0,exp_acyclic_indvary2_step5_batch_yyy10.pl,z1
965,317,15,664,317,664,1.0,exp_acyclic_indvary2_step5_batch_yyy10.pl,v1
966,317,15,664,317,664,1.0,exp_acyclic_indvary2_step5_batch_yyy10.pl,t2
967,363,15,756,328,686,0.91,exp_acyclic_indvary2_step6_batch_yyy01.pl,f1
968,369,15,768,369,768,1.0,exp_acyclic_indvary2_step6_batch_yyy02.pl,t2
969,369,15,768,369,768,1.0,exp_acyclic_indvary2_step6_batch_yyy02.pl,d1
970,369,15,768,369,768,1.0,exp_acyclic_indvary2_step6_batch_yyy02.pl,q2
971,366,15,762,308,646,0.85,exp_acyclic_indvary2_step6_batch_yyy03.pl,f1
972,366,15,762,308,646,0.85,exp_acyclic_indvary2_step6_batch_yyy03.pl,c1
973,366,15,762,308,646,0.85,exp_acyclic_indvary2_step6_batch_yyy03.pl,s1
974,366,15,762,308,646,0.85,exp_acyclic_indvary2_step6_batch_yyy03.pl,a1
975,371,15,772,351,732,0.95,exp_acyclic_indvary2_step6_batch_yyy04.pl,c2
976,371,15,772,351,732,0.95,exp_acyclic_indvary2_step6_batch_yyy04.pl,a3
977,371,15,772,351,732,0.95,exp_acyclic_indvary2_step6_batch_yyy04.pl,y1
978,369,15,768,334,698,0.91,exp_acyclic_indvary2_step6_batch_yyy05.pl,e1
979,369,15,768,334,698,0.91,exp_acyclic_indvary2_step6_batch_yyy05.pl,c2
980,369,15,768,334,698,0.91,exp_acyclic_indvary2_step6_batch_yyy05.pl,f2
981,369,15,768,334,698,0.91,exp_acyclic_indvary2_step6_batch_yyy05.pl,y1
982,369,15,768,334,698,0.91,exp_acyclic_indvary2_step6_batch_yyy05.pl,s1
983,369,15,768,334,698,0.91,exp_acyclic_indvary2_step6_batch_yyy05.pl,y2
984,367,15,764,331,692,0.91,exp_acyclic_indvary2_step6_batch_yyy06.pl,s2
985,367,15,764,331,692,0.91,exp_acyclic_indvary2_step6_batch_yyy06.pl,a3
986,367,15,764,367,764,1.0,exp_acyclic_indvary2_step6_batch_yyy06.pl,x1
987,367,15,764,331,692,0.91,exp_acyclic_indvary2_step6_batch_yyy06.pl,f2
988,374,15,778,335,700,0.9,exp_acyclic_indvary2_step6_batch_yyy07.pl,u1
989,374,15,778,335,700,0.9,exp_acyclic_indvary2_step6_batch_yyy07.pl,s2
990,374,15,778,335,700,0.9,exp_acyclic_indvary2_step6_batch_yyy07.pl,d2
991,374,15,778,335,700,0.9,exp_acyclic_indvary2_step6_batch_yyy07.pl,v1
992,374,15,778,374,778,1.0,exp_acyclic_indvary2_step6_batch_yyy07.pl,p3
993,372,15,774,372,774,1.0,exp_acyclic_indvary2_step6_batch_yyy08.pl,b3
994,372,15,774,372,774,1.0,exp_acyclic_indvary2_step6_batch_yyy08.pl,d2
995,372,15,774,372,774,1.0,exp_acyclic_indvary2_step6_batch_yyy08.pl,e2
996,372,15,774,372,774,1.0,exp_acyclic_indvary2_step6_batch_yyy08.pl,w2
997,370,15,770,353,736,0.96,exp_acyclic_indvary2_step6_batch_yyy09.pl,b2
998,370,15,770,353,736,0.96,exp_acyclic_indvary2_step6_batch_yyy09.pl,b1
999,370,15,770,353,736,0.96,exp_acyclic_indvary2_step6_batch_yyy09.pl,d2
1000,370,15,770,353,736,0.96,exp_acyclic_indvary2_step6_batch_yyy09.pl,e2
1001,371,15,772,333,696,0.9,exp_acyclic_indvary2_step6_batch_yyy10.pl,x1
1002,371,15,772,333,696,0.9,exp_acyclic_indvary2_step6_batch_yyy10.pl,e2
1003,371,15,772,333,696,0.9,exp_acyclic_indvary2_step6_batch_yyy10.pl,c2
1004,424,15,878,424,878,1.0,exp_acyclic_indvary2_step7_batch_yyy01.pl,b2
1005,424,15,878,424,878,1.0,exp_acyclic_indvary2_step7_batch_yyy01.pl,z2
1006,441,15,912,418,866,0.95,exp_acyclic_indvary2_step7_batch_yyy02.pl,e1
1007,441,15,912,418,866,0.95,exp_acyclic_indvary2_step7_batch_yyy02.pl,p3
1008,429,15,888,344,718,0.81,exp_acyclic_indvary2_step7_batch_yyy03.pl,w2
1009,429,15,888,344,718,0.81,exp_acyclic_indvary2_step7_batch_yyy03.pl,c2
1010,424,15,878,404,838,0.95,exp_acyclic_indvary2_step7_batch_yyy04.pl,d2
1011,424,15,878,404,838,0.95,exp_acyclic_indvary2_step7_batch_yyy04.pl,t1
1012,424,15,878,404,838,0.95,exp_acyclic_indvary2_step7_batch_yyy04.pl,q3
1013,424,15,878,404,838,0.95,exp_acyclic_indvary2_step7_batch_yyy04.pl,y2
1014,425,15,880,361,752,0.85,exp_acyclic_indvary2_step7_batch_yyy05.pl,w1
1015,425,15,880,361,752,0.85,exp_acyclic_indvary2_step7_batch_yyy05.pl,y2
1016,425,15,880,361,752,0.85,exp_acyclic_indvary2_step7_batch_yyy05.pl,q2
1017,422,15,874,422,874,1.0,exp_acyclic_indvary2_step7_batch_yyy06.pl,w2
1018,422,15,874,422,874,1.0,exp_acyclic_indvary2_step7_batch_yyy06.pl,x1
1019,422,15,874,422,874,1.0,exp_acyclic_indvary2_step7_batch_yyy06.pl,p1
1020,422,15,874,422,874,1.0,exp_acyclic_indvary2_step7_batch_yyy06.pl,a2
1021,422,15,874,422,874,1.0,exp_acyclic_indvary2_step7_batch_yyy06.pl,q2
1022,419,15,868,378,786,0.91,exp_acyclic_indvary2_step7_batch_yyy07.pl,b2
1023,419,15,868,378,786,0.91,exp_acyclic_indvary2_step7_batch_yyy07.pl,s1
1024,419,15,868,378,786,0.91,exp_acyclic_indvary2_step7_batch_yyy07.pl,y2
1025,435,15,900,349,728,0.81,exp_acyclic_indvary2_step7_batch_yyy08.pl,u2
1026,435,15,900,349,728,0.81,exp_acyclic_indvary2_step7_batch_yyy08.pl,y2
1027,428,15,886,428,886,1.0,exp_acyclic_indvary2_step7_batch_yyy09.pl,e1
1028,428,15,886,428,886,1.0,exp_acyclic_indvary2_step7_batch_yyy09.pl,v1
1029,432,15,894,432,894,1.0,exp_acyclic_indvary2_step7_batch_yyy10.pl,e1
1030,432,15,894,432,894,1.0,exp_acyclic_indvary2_step7_batch_yyy10.pl,x1
1031,432,15,894,432,894,1.0,exp_acyclic_indvary2_step7_batch_yyy10.pl,c1
1032,488,15,1006,465,960,0.95,exp_acyclic_indvary2_step8_batch_yyy01.pl,d2
1033,488,15,1006,465,960,0.95,exp_acyclic_indvary2_step8_batch_yyy01.pl,p2
1034,488,15,1006,465,960,0.95,exp_acyclic_indvary2_step8_batch_yyy01.pl,t2
1035,496,15,1022,470,970,0.95,exp_acyclic_indvary2_step8_batch_yyy02.pl,f1
1036,496,15,1022,470,970,0.95,exp_acyclic_indvary2_step8_batch_yyy02.pl,d1
1037,496,15,1022,470,970,0.95,exp_acyclic_indvary2_step8_batch_yyy02.pl,f2
1038,479,15,988,479,988,1.0,exp_acyclic_indvary2_step8_batch_yyy03.pl,d1
1039,479,15,988,479,988,1.0,exp_acyclic_indvary2_step8_batch_yyy03.pl,r2
1040,486,15,1002,460,950,0.95,exp_acyclic_indvary2_step8_batch_yyy04.pl,f1
1041,486,15,1002,460,950,0.95,exp_acyclic_indvary2_step8_batch_yyy04.pl,e2
1042,486,15,1002,460,950,0.95,exp_acyclic_indvary2_step8_batch_yyy04.pl,t1
1043,494,15,1018,494,1018,1.0,exp_acyclic_indvary2_step8_batch_yyy05.pl,w2
1044,494,15,1018,494,1018,1.0,exp_acyclic_indvary2_step8_batch_yyy05.pl,b1
1045,494,15,1018,494,1018,1.0,exp_acyclic_indvary2_step8_batch_yyy05.pl,x2
1046,494,15,1018,494,1018,1.0,exp_acyclic_indvary2_step8_batch_yyy05.pl,t2
1047,494,15,1018,494,1018,1.0,exp_acyclic_indvary2_step8_batch_yyy05.pl,y2
1048,494,15,1018,494,1018,1.0,exp_acyclic_indvary2_step8_batch_yyy05.pl,a2
1049,490,15,1010,465,960,0.95,exp_acyclic_indvary2_step8_batch_yyy06.pl,r1
1050,490,15,1010,465,960,0.95,exp_acyclic_indvary2_step8_batch_yyy06.pl,p1
1051,490,15,1010,465,960,0.95,exp_acyclic_indvary2_step8_batch_yyy06.pl,b1
1052,487,15,1004,487,1004,1.0,exp_acyclic_indvary2_step8_batch_yyy07.pl,w1
1053,487,15,1004,487,1004,1.0,exp_acyclic_indvary2_step8_batch_yyy07.pl,s2
1054,487,15,1004,487,1004,1.0,exp_acyclic_indvary2_step8_batch_yyy07.pl,y1
1055,487,15,1004,487,1004,1.0,exp_acyclic_indvary2_step8_batch_yyy07.pl,r1
1056,486,15,1002,486,1002,1.0,exp_acyclic_indvary2_step8_batch_yyy08.pl,v2
1057,486,15,1002,486,1002,1.0,exp_acyclic_indvary2_step8_batch_yyy08.pl,s1
1058,486,15,1002,486,1002,1.0,exp_acyclic_indvary2_step8_batch_yyy08.pl,a3
1059,490,15,1010,490,1010,1.0,exp_acyclic_indvary2_step8_batch_yyy09.pl,f1
1060,490,15,1010,490,1010,1.0,exp_acyclic_indvary2_step8_batch_yyy09.pl,a3
1061,489,15,1008,489,1008,1.0,exp_acyclic_indvary2_step8_batch_yyy10.pl,c3
1062,489,15,1008,489,1008,1.0,exp_acyclic_indvary2_step8_batch_yyy10.pl,a3
1063,489,15,1008,489,1008,1.0,exp_acyclic_indvary2_step8_batch_yyy10.pl,d1
1064,489,15,1008,489,1008,1.0,exp_acyclic_indvary2_step8_batch_yyy10.pl,x2
1065,67,15,164,49,128,0.78,exp_acyclic_indvary3_step1_batch_yyy01.pl,p3
1066,67,15,164,49,128,0.78,exp_acyclic_indvary3_step1_batch_yyy01.pl,c1
1067,67,15,164,49,128,0.78,exp_acyclic_indvary3_step1_batch_yyy01.pl,q3
1068,67,15,164,49,128,0.78,exp_acyclic_indvary3_step1_batch_yyy01.pl,u2
1069,67,15,164,49,128,0.78,exp_acyclic_indvary3_step1_batch_yyy01.pl,d2
1070,66,15,162,36,102,0.63,exp_acyclic_indvary3_step1_batch_yyy02.pl,f1
1071,66,15,162,36,102,0.63,exp_acyclic_indvary3_step1_batch_yyy02.pl,c2
1072,66,15,162,36,102,0.63,exp_acyclic_indvary3_step1_batch_yyy02.pl,v1
1073,69,15,168,43,116,0.69,exp_acyclic_indvary3_step1_batch_yyy03.pl,y2
1074,69,15,168,41,112,0.67,exp_acyclic_indvary3_step1_batch_yyy03.pl,e2
1075,69,15,168,41,112,0.67,exp_acyclic_indvary3_step1_batch_yyy03.pl,y1
1076,68,15,166,19,68,0.41,exp_acyclic_indvary3_step1_batch_yyy04.pl,b1
1077,68,15,166,19,68,0.41,exp_acyclic_indvary3_step1_batch_yyy04.pl,d2
1078,68,15,166,19,68,0.41,exp_acyclic_indvary3_step1_batch_yyy04.pl,c3
1079,68,15,166,24,78,0.47,exp_acyclic_indvary3_step1_batch_yyy04.pl,s3
1080,74,15,178,28,86,0.48,exp_acyclic_indvary3_step1_batch_yyy05.pl,b3
1081,74,15,178,36,102,0.57,exp_acyclic_indvary3_step1_batch_yyy05.pl,x3
1082,74,15,178,41,112,0.63,exp_acyclic_indvary3_step1_batch_yyy05.pl,t3
1083,74,15,178,28,86,0.48,exp_acyclic_indvary3_step1_batch_yyy05.pl,t2
1084,74,15,178,41,112,0.63,exp_acyclic_indvary3_step1_batch_yyy05.pl,s1
1085,74,15,178,28,86,0.48,exp_acyclic_indvary3_step1_batch_yyy05.pl,d2
1086,76,15,182,39,108,0.59,exp_acyclic_indvary3_step1_batch_yyy06.pl,v1
1087,76,15,182,45,120,0.66,exp_acyclic_indvary3_step1_batch_yyy06.pl,q3
1088,76,15,182,39,108,0.59,exp_acyclic_indvary3_step1_batch_yyy06.pl,a2
1089,69,15,168,24,78,0.46,exp_acyclic_indvary3_step1_batch_yyy07.pl,b2
1090,69,15,168,24,78,0.46,exp_acyclic_indvary3_step1_batch_yyy07.pl,c2
1091,71,15,172,28,86,0.5,exp_acyclic_indvary3_step1_batch_yyy08.pl,x3
1092,71,15,172,28,86,0.5,exp_acyclic_indvary3_step1_batch_yyy08.pl,f1
1093,71,15,172,28,86,0.5,exp_acyclic_indvary3_step1_batch_yyy08.pl,q1
1094,71,15,172,30,90,0.52,exp_acyclic_indvary3_step1_batch_yyy08.pl,v2
1095,71,15,172,35,100,0.58,exp_acyclic_indvary3_step1_batch_yyy08.pl,q3
1096,70,15,170,46,122,0.72,exp_acyclic_indvary3_step1_batch_yyy09.pl,c3
1097,70,15,170,46,122,0.72,exp_acyclic_indvary3_step1_batch_yyy09.pl,s2
1098,70,15,170,46,122,0.72,exp_acyclic_indvary3_step1_batch_yyy09.pl,c2
1099,70,15,170,46,122,0.72,exp_acyclic_indvary3_step1_batch_yyy09.pl,y3
1100,62,15,154,24,78,0.51,exp_acyclic_indvary3_step1_batch_yyy10.pl,p3
1101,62,15,154,16,62,0.4,exp_acyclic_indvary3_step1_batch_yyy10.pl,c1
1102,62,15,154,16,62,0.4,exp_acyclic_indvary3_step1_batch_yyy10.pl,e2
1103,65,15,160,44,118,0.74,exp_acyclic_indvary3_step2_batch_yyy01.pl,p4
1104,65,15,160,44,118,0.74,exp_acyclic_indvary3_step2_batch_yyy01.pl,x1
1105,65,15,160,44,118,0.74,exp_acyclic_indvary3_step2_batch_yyy01.pl,a2
1106,69,15,168,50,130,0.77,exp_acyclic_indvary3_step2_batch_yyy02.pl,q3
1107,69,15,168,55,140,0.83,exp_acyclic_indvary3_step2_batch_yyy02.pl,v3
1108,80,15,190,76,182,0.96,exp_acyclic_indvary3_step2_batch_yyy03.pl,w1
1109,74,15,178,58,146,0.82,exp_acyclic_indvary3_step2_batch_yyy04.pl,y3
1110,74,15,178,58,146,0.82,exp_acyclic_indvary3_step2_batch_yyy04.pl,u2
1111,69,15,168,59,148,0.88,exp_acyclic_indvary3_step2_batch_yyy05.pl,b2
1112,69,15,168,59,148,0.88,exp_acyclic_indvary3_step2_batch_yyy05.pl,v1
1113,69,15,168,59,148,0.88,exp_acyclic_indvary3_step2_batch_yyy05.pl,y2
1114,69,15,168,59,148,0.88,exp_acyclic_indvary3_step2_batch_yyy05.pl,c1
1115,69,15,168,66,162,0.96,exp_acyclic_indvary3_step2_batch_yyy05.pl,z3
1116,63,15,156,57,144,0.92,exp_acyclic_indvary3_step2_batch_yyy06.pl,v2
1117,63,15,156,57,144,0.92,exp_acyclic_indvary3_step2_batch_yyy06.pl,a1
1118,54,15,138,16,62,0.45,exp_acyclic_indvary3_step2_batch_yyy07.pl,c1
1119,75,15,180,57,144,0.8,exp_acyclic_indvary3_step2_batch_yyy08.pl,a3
1120,75,15,180,57,144,0.8,exp_acyclic_indvary3_step2_batch_yyy08.pl,q2
1121,75,15,180,57,144,0.8,exp_acyclic_indvary3_step2_batch_yyy08.pl,b1
1122,75,15,180,57,144,0.8,exp_acyclic_indvary3_step2_batch_yyy08.pl,c1
1123,75,15,180,57,144,0.8,exp_acyclic_indvary3_step2_batch_yyy08.pl,t2
1124,65,15,160,49,128,0.8,exp_acyclic_indvary3_step2_batch_yyy10.pl,d1
1125,65,15,160,49,128,0.8,exp_acyclic_indvary3_step2_batch_yyy10.pl,b3
1126,65,15,160,49,128,0.8,exp_acyclic_indvary3_step2_batch_yyy10.pl,z1
1127,65,15,160,49,128,0.8,exp_acyclic_indvary3_step2_batch_yyy10.pl,b1
1128,70,15,170,47,124,0.73,exp_acyclic_indvary3_step3_batch_yyy01.pl,b3
1129,70,15,170,47,124,0.73,exp_acyclic_indvary3_step3_batch_yyy01.pl,t3
1130,70,15,170,47,124,0.73,exp_acyclic_indvary3_step3_batch_yyy01.pl,c1
1131,70,15,170,47,124,0.73,exp_acyclic_indvary3_step3_batch_yyy01.pl,a3
1132,70,15,170,47,124,0.73,exp_acyclic_indvary3_step3_batch_yyy01.pl,d1
1133,70,15,170,47,124,0.73,exp_acyclic_indvary3_step3_batch_yyy01.pl,t1
1134,71,15,172,60,150,0.87,exp_acyclic_indvary3_step3_batch_yyy02.pl,w2
1135,71,15,172,60,150,0.87,exp_acyclic_indvary3_step3_batch_yyy02.pl,x2
1136,73,15,176,53,136,0.77,exp_acyclic_indvary3_step3_batch_yyy03.pl,c2
1137,73,15,176,53,136,0.77,exp_acyclic_indvary3_step3_batch_yyy03.pl,z2
1138,72,15,174,45,120,0.69,exp_acyclic_indvary3_step3_batch_yyy04.pl,s3
1139,72,15,174,42,114,0.66,exp_acyclic_indvary3_step3_batch_yyy04.pl,c2
1140,72,15,174,42,114,0.66,exp_acyclic_indvary3_step3_batch_yyy04.pl,z3
1141,56,15,142,37,104,0.73,exp_acyclic_indvary3_step3_batch_yyy05.pl,b3
1142,56,15,142,37,104,0.73,exp_acyclic_indvary3_step3_batch_yyy05.pl,t1
1143,56,15,142,48,126,0.89,exp_acyclic_indvary3_step3_batch_yyy05.pl,q2
1144,56,15,142,37,104,0.73,exp_acyclic_indvary3_step3_batch_yyy05.pl,w2
1145,56,15,142,37,104,0.73,exp_acyclic_indvary3_step3_batch_yyy05.pl,f1
1146,72,15,174,61,152,0.87,exp_acyclic_indvary3_step3_batch_yyy06.pl,q4
1147,72,15,174,61,152,0.87,exp_acyclic_indvary3_step3_batch_yyy06.pl,y2
1148,68,15,166,53,136,0.82,exp_acyclic_indvary3_step3_batch_yyy07.pl,f1
1149,68,15,166,53,136,0.82,exp_acyclic_indvary3_step3_batch_yyy07.pl,d2
1150,68,15,166,53,136,0.82,exp_acyclic_indvary3_step3_batch_yyy07.pl,r2
1151,86,15,202,68,166,0.82,exp_acyclic_indvary3_step3_batch_yyy08.pl,c3
1152,86,15,202,68,166,0.82,exp_acyclic_indvary3_step3_batch_yyy08.pl,p3
1153,86,15,202,68,166,0.82,exp_acyclic_indvary3_step3_batch_yyy08.pl,r1
1154,86,15,202,68,166,0.82,exp_acyclic_indvary3_step3_batch_yyy08.pl,d2
1155,67,15,164,48,126,0.77,exp_acyclic_indvary3_step3_batch_yyy09.pl,w2
1156,67,15,164,48,126,0.77,exp_acyclic_indvary3_step3_batch_yyy09.pl,v1
1157,67,15,164,48,126,0.77,exp_acyclic_indvary3_step3_batch_yyy09.pl,a1
1158,67,15,164,48,126,0.77,exp_acyclic_indvary3_step3_batch_yyy09.pl,c1
1159,63,15,156,29,88,0.56,exp_acyclic_indvary3_step3_batch_yyy10.pl,c3
1160,63,15,156,29,88,0.56,exp_acyclic_indvary3_step3_batch_yyy10.pl,d2
1161,63,15,156,29,88,0.56,exp_acyclic_indvary3_step3_batch_yyy10.pl,a3
1162,63,15,156,50,130,0.83,exp_acyclic_indvary3_step4_batch_yyy01.pl,v1
1163,63,15,156,50,130,0.83,exp_acyclic_indvary3_step4_batch_yyy01.pl,t1
1164,71,15,172,49,128,0.74,exp_acyclic_indvary3_step4_batch_yyy02.pl,y3
1165,71,15,172,49,128,0.74,exp_acyclic_indvary3_step4_batch_yyy02.pl,t2
1166,71,15,172,49,128,0.74,exp_acyclic_indvary3_step4_batch_yyy02.pl,u3
1167,71,15,172,49,128,0.74,exp_acyclic_indvary3_step4_batch_yyy02.pl,v2
1168,70,15,170,62,154,0.91,exp_acyclic_indvary3_step4_batch_yyy03.pl,b3
1169,70,15,170,62,154,0.91,exp_acyclic_indvary3_step4_batch_yyy03.pl,r3
1170,70,15,170,62,154,0.91,exp_acyclic_indvary3_step4_batch_yyy03.pl,d2
1171,66,15,162,57,144,0.89,exp_acyclic_indvary3_step4_batch_yyy04.pl,f1
1172,66,15,162,57,144,0.89,exp_acyclic_indvary3_step4_batch_yyy04.pl,a1
1173,66,15,162,57,144,0.89,exp_acyclic_indvary3_step4_batch_yyy04.pl,f2
1174,66,15,162,57,144,0.89,exp_acyclic_indvary3_step4_batch_yyy04.pl,b3
1175,67,15,164,61,152,0.93,exp_acyclic_indvary3_step4_batch_yyy05.pl,w1
1176,67,15,164,61,152,0.93,exp_acyclic_indvary3_step4_batch_yyy05.pl,w3
1177,67,15,164,61,152,0.93,exp_acyclic_indvary3_step4_batch_yyy05.pl,u3
1178,71,15,172,71,172,1.0,exp_acyclic_indvary3_step4_batch_yyy06.pl,b3
1179,67,15,164,65,160,0.98,exp_acyclic_indvary3_step4_batch_yyy07.pl,e2
1180,67,15,164,65,160,0.98,exp_acyclic_indvary3_step4_batch_yyy07.pl,a2
1181,73,15,176,46,122,0.69,exp_acyclic_indvary3_step4_batch_yyy08.pl,b3
1182,73,15,176,60,150,0.85,exp_acyclic_indvary3_step4_batch_yyy08.pl,u2
1183,76,15,182,47,124,0.68,exp_acyclic_indvary3_step4_batch_yyy09.pl,f1
1184,76,15,182,63,156,0.86,exp_acyclic_indvary3_step4_batch_yyy09.pl,r2
1185,67,15,164,33,96,0.59,exp_acyclic_indvary3_step4_batch_yyy10.pl,b2
1186,67,15,164,33,96,0.59,exp_acyclic_indvary3_step4_batch_yyy10.pl,c3
1187,63,15,156,40,110,0.71,exp_acyclic_indvary3_step5_batch_yyy01.pl,b1
1188,63,15,156,40,110,0.71,exp_acyclic_indvary3_step5_batch_yyy01.pl,y1
1189,63,15,156,40,110,0.71,exp_acyclic_indvary3_step5_batch_yyy01.pl,p1
1190,70,15,170,49,128,0.75,exp_acyclic_indvary3_step5_batch_yyy02.pl,a1
1191,70,15,170,57,144,0.85,exp_acyclic_indvary3_step5_batch_yyy02.pl,u2
1192,77,15,184,72,174,0.95,exp_acyclic_indvary3_step5_batch_yyy03.pl,t3
1193,67,15,164,53,136,0.83,exp_acyclic_indvary3_step5_batch_yyy04.pl,v2
1194,67,15,164,53,136,0.83,exp_acyclic_indvary3_step5_batch_yyy04.pl,f1
1195,67,15,164,53,136,0.83,exp_acyclic_indvary3_step5_batch_yyy04.pl,v1
1196,67,15,164,53,136,0.83,exp_acyclic_indvary3_step5_batch_yyy04.pl,e2
1197,71,15,172,69,168,0.98,exp_acyclic_indvary3_step5_batch_yyy05.pl,b2
1198,71,15,172,69,168,0.98,exp_acyclic_indvary3_step5_batch_yyy05.pl,y2
1199,71,15,172,69,168,0.98,exp_acyclic_indvary3_step5_batch_yyy05.pl,r1
1200,71,15,172,69,168,0.98,exp_acyclic_indvary3_step5_batch_yyy05.pl,d2
1201,63,15,156,36,102,0.65,exp_acyclic_indvary3_step5_batch_yyy06.pl,a3
1202,63,15,156,36,102,0.65,exp_acyclic_indvary3_step5_batch_yyy06.pl,a2
1203,63,15,156,48,126,0.81,exp_acyclic_indvary3_step5_batch_yyy06.pl,w2
1204,63,15,156,36,102,0.65,exp_acyclic_indvary3_step5_batch_yyy06.pl,f1
1205,71,15,172,49,128,0.74,exp_acyclic_indvary3_step5_batch_yyy07.pl,q3
1206,71,15,172,49,128,0.74,exp_acyclic_indvary3_step5_batch_yyy07.pl,a2
1207,71,15,172,49,128,0.74,exp_acyclic_indvary3_step5_batch_yyy07.pl,z2
1208,71,15,172,49,128,0.74,exp_acyclic_indvary3_step5_batch_yyy07.pl,r3
1209,71,15,172,65,160,0.93,exp_acyclic_indvary3_step5_batch_yyy07.pl,q1
1210,70,15,170,70,170,1.0,exp_acyclic_indvary3_step5_batch_yyy08.pl,f1
1211,70,15,170,70,170,1.0,exp_acyclic_indvary3_step5_batch_yyy08.pl,p1
1212,70,15,170,70,170,1.0,exp_acyclic_indvary3_step5_batch_yyy08.pl,y1
1213,64,15,158,52,134,0.85,exp_acyclic_indvary3_step5_batch_yyy09.pl,f1
1214,64,15,158,61,152,0.96,exp_acyclic_indvary3_step5_batch_yyy09.pl,t2
1215,64,15,158,52,134,0.85,exp_acyclic_indvary3_step5_batch_yyy09.pl,f2
1216,72,15,174,70,170,0.98,exp_acyclic_indvary3_step5_batch_yyy10.pl,v2
1217,72,15,174,70,170,0.98,exp_acyclic_indvary3_step5_batch_yyy10.pl,w2
1218,72,15,174,70,170,0.98,exp_acyclic_indvary3_step5_batch_yyy10.pl,a3
1219,70,15,170,70,170,1.0,exp_acyclic_indvary3_step6_batch_yyy01.pl,d2
1220,70,15,170,70,170,1.0,exp_acyclic_indvary3_step6_batch_yyy01.pl,e2
1221,70,15,170,70,170,1.0,exp_acyclic_indvary3_step6_batch_yyy01.pl,t1
1222,65,15,160,65,160,1.0,exp_acyclic_indvary3_step6_batch_yyy02.pl,q4
1223,65,15,160,65,160,1.0,exp_acyclic_indvary3_step6_batch_yyy02.pl,a1
1224,64,15,158,64,158,1.0,exp_acyclic_indvary3_step6_batch_yyy03.pl,q4
1225,64,15,158,64,158,1.0,exp_acyclic_indvary3_step6_batch_yyy03.pl,p2
1226,64,15,158,64,158,1.0,exp_acyclic_indvary3_step6_batch_yyy03.pl,f1
1227,57,15,144,57,144,1.0,exp_acyclic_indvary3_step6_batch_yyy04.pl,s2
1228,57,15,144,57,144,1.0,exp_acyclic_indvary3_step6_batch_yyy04.pl,e2
1229,57,15,144,57,144,1.0,exp_acyclic_indvary3_step6_batch_yyy04.pl,d1
1230,57,15,144,57,144,1.0,exp_acyclic_indvary3_step6_batch_yyy04.pl,u2
1231,77,15,184,77,184,1.0,exp_acyclic_indvary3_step6_batch_yyy05.pl,e1
1232,77,15,184,77,184,1.0,exp_acyclic_indvary3_step6_batch_yyy05.pl,d2
1233,77,15,184,77,184,1.0,exp_acyclic_indvary3_step6_batch_yyy05.pl,a3
1234,77,15,184,77,184,1.0,exp_acyclic_indvary3_step6_batch_yyy05.pl,q3
1235,77,15,184,77,184,1.0,exp_acyclic_indvary3_step6_batch_yyy05.pl,a1
1236,77,15,184,77,184,1.0,exp_acyclic_indvary3_step6_batch_yyy05.pl,e2
1237,71,15,172,68,166,0.97,exp_acyclic_indvary3_step6_batch_yyy06.pl,u2
1238,71,15,172,68,166,0.97,exp_acyclic_indvary3_step6_batch_yyy06.pl,a2
1239,71,15,172,68,166,0.97,exp_acyclic_indvary3_step6_batch_yyy06.pl,v1
1240,71,15,172,68,166,0.97,exp_acyclic_indvary3_step6_batch_yyy06.pl,p3
1241,65,15,160,55,140,0.88,exp_acyclic_indvary3_step6_batch_yyy07.pl,z1
1242,65,15,160,62,154,0.96,exp_acyclic_indvary3_step6_batch_yyy07.pl,q3
1243,65,15,160,16,62,0.39,exp_acyclic_indvary3_step6_batch_yyy07.pl,t1
1244,75,15,180,72,174,0.97,exp_acyclic_indvary3_step6_batch_yyy08.pl,x2
1245,75,15,180,72,174,0.97,exp_acyclic_indvary3_step6_batch_yyy08.pl,f1
1246,75,15,180,72,174,0.97,exp_acyclic_indvary3_step6_batch_yyy08.pl,c2
1247,75,15,180,72,174,0.97,exp_acyclic_indvary3_step6_batch_yyy08.pl,b1
1248,70,15,170,49,128,0.75,exp_acyclic_indvary3_step6_batch_yyy09.pl,c1
1249,70,15,170,49,128,0.75,exp_acyclic_indvary3_step6_batch_yyy09.pl,a1
1250,70,15,170,49,128,0.75,exp_acyclic_indvary3_step6_batch_yyy09.pl,u2
1251,70,15,170,65,160,0.94,exp_acyclic_indvary3_step6_batch_yyy10.pl,v3
1252,70,15,170,59,148,0.87,exp_acyclic_indvary3_step6_batch_yyy10.pl,q1
1253,74,15,178,72,174,0.98,exp_acyclic_indvary3_step7_batch_yyy01.pl,a3
1254,74,15,178,72,174,0.98,exp_acyclic_indvary3_step7_batch_yyy01.pl,q2
1255,74,15,178,72,174,0.98,exp_acyclic_indvary3_step7_batch_yyy01.pl,c2
1256,74,15,178,72,174,0.98,exp_acyclic_indvary3_step7_batch_yyy01.pl,b1
1257,73,15,176,71,172,0.98,exp_acyclic_indvary3_step7_batch_yyy02.pl,x3
1258,73,15,176,71,172,0.98,exp_acyclic_indvary3_step7_batch_yyy02.pl,c1
1259,73,15,176,71,172,0.98,exp_acyclic_indvary3_step7_batch_yyy02.pl,r1
1260,73,15,176,71,172,0.98,exp_acyclic_indvary3_step7_batch_yyy02.pl,s2
1261,69,15,168,67,164,0.98,exp_acyclic_indvary3_step7_batch_yyy03.pl,v2
1262,69,15,168,67,164,0.98,exp_acyclic_indvary3_step7_batch_yyy03.pl,w1
1263,60,15,150,56,142,0.95,exp_acyclic_indvary3_step7_batch_yyy04.pl,c1
1264,60,15,150,56,142,0.95,exp_acyclic_indvary3_step7_batch_yyy04.pl,z3
1265,60,15,150,56,142,0.95,exp_acyclic_indvary3_step7_batch_yyy04.pl,f1
1266,69,15,168,63,156,0.93,exp_acyclic_indvary3_step7_batch_yyy05.pl,x3
1267,74,15,178,42,114,0.64,exp_acyclic_indvary3_step7_batch_yyy06.pl,r1
1268,74,15,178,42,114,0.64,exp_acyclic_indvary3_step7_batch_yyy06.pl,t3
1269,74,15,178,58,146,0.82,exp_acyclic_indvary3_step7_batch_yyy06.pl,q3
1270,74,15,178,42,114,0.64,exp_acyclic_indvary3_step7_batch_yyy06.pl,e2
1271,74,15,178,42,114,0.64,exp_acyclic_indvary3_step7_batch_yyy06.pl,d1
1272,70,15,170,70,170,1.0,exp_acyclic_indvary3_step7_batch_yyy07.pl,e1
1273,70,15,170,70,170,1.0,exp_acyclic_indvary3_step7_batch_yyy07.pl,z1
1274,70,15,170,70,170,1.0,exp_acyclic_indvary3_step7_batch_yyy07.pl,w3
1275,70,15,170,34,98,0.58,exp_acyclic_indvary3_step7_batch_yyy08.pl,a2
1276,70,15,170,34,98,0.58,exp_acyclic_indvary3_step7_batch_yyy08.pl,z1
1277,70,15,170,34,98,0.58,exp_acyclic_indvary3_step7_batch_yyy08.pl,c2
1278,70,15,170,56,142,0.84,exp_acyclic_indvary3_step7_batch_yyy08.pl,r3
1279,70,15,170,34,98,0.58,exp_acyclic_indvary3_step7_batch_yyy08.pl,d1
1280,73,15,176,69,168,0.95,exp_acyclic_indvary3_step7_batch_yyy09.pl,p4
1281,73,15,176,69,168,0.95,exp_acyclic_indvary3_step7_batch_yyy09.pl,p3
1282,73,15,176,69,168,0.95,exp_acyclic_indvary3_step7_batch_yyy09.pl,d2
1283,73,15,176,69,168,0.95,exp_acyclic_indvary3_step7_batch_yyy09.pl,w3
1284,69,15,168,69,168,1.0,exp_acyclic_indvary3_step7_batch_yyy10.pl,x3
1285,69,15,168,69,168,1.0,exp_acyclic_indvary3_step7_batch_yyy10.pl,s2
1286,69,15,168,69,168,1.0,exp_acyclic_indvary3_step7_batch_yyy10.pl,q1
1287,69,15,168,69,168,1.0,exp_acyclic_indvary3_step7_batch_yyy10.pl,a2
1288,67,15,164,67,164,1.0,exp_acyclic_indvary3_step8_batch_yyy01.pl,u1
1289,67,15,164,67,164,1.0,exp_acyclic_indvary3_step8_batch_yyy01.pl,s2
1290,67,15,164,67,164,1.0,exp_acyclic_indvary3_step8_batch_yyy01.pl,p1
1291,67,15,164,67,164,1.0,exp_acyclic_indvary3_step8_batch_yyy01.pl,f2
1292,73,15,176,73,176,1.0,exp_acyclic_indvary3_step8_batch_yyy02.pl,z1
1293,73,15,176,63,156,0.89,exp_acyclic_indvary3_step8_batch_yyy02.pl,p3
1294,73,15,176,63,156,0.89,exp_acyclic_indvary3_step8_batch_yyy02.pl,y2
1295,73,15,176,63,156,0.89,exp_acyclic_indvary3_step8_batch_yyy02.pl,z2
1296,70,15,170,70,170,1.0,exp_acyclic_indvary3_step8_batch_yyy03.pl,q4
1297,70,15,170,70,170,1.0,exp_acyclic_indvary3_step8_batch_yyy03.pl,p3
1298,70,15,170,70,170,1.0,exp_acyclic_indvary3_step8_batch_yyy03.pl,z1
1299,67,15,164,58,146,0.89,exp_acyclic_indvary3_step8_batch_yyy04.pl,p1
1300,61,15,152,46,122,0.8,exp_acyclic_indvary3_step8_batch_yyy05.pl,c2
1301,61,15,152,46,122,0.8,exp_acyclic_indvary3_step8_batch_yyy05.pl,r3
1302,61,15,152,46,122,0.8,exp_acyclic_indvary3_step8_batch_yyy05.pl,e1
1303,68,15,166,54,138,0.83,exp_acyclic_indvary3_step8_batch_yyy06.pl,p4
1304,75,15,180,70,170,0.94,exp_acyclic_indvary3_step8_batch_yyy07.pl,t3
1305,75,15,180,70,170,0.94,exp_acyclic_indvary3_step8_batch_yyy07.pl,e2
1306,75,15,180,70,170,0.94,exp_acyclic_indvary3_step8_batch_yyy07.pl,r3
1307,71,15,172,63,156,0.91,exp_acyclic_indvary3_step8_batch_yyy08.pl,u1
1308,71,15,172,63,156,0.91,exp_acyclic_indvary3_step8_batch_yyy08.pl,a1
1309,71,15,172,63,156,0.91,exp_acyclic_indvary3_step8_batch_yyy08.pl,r3
1310,73,15,176,73,176,1.0,exp_acyclic_indvary3_step8_batch_yyy09.pl,c2
1311,73,15,176,73,176,1.0,exp_acyclic_indvary3_step8_batch_yyy09.pl,t2
1312,73,15,176,73,176,1.0,exp_acyclic_indvary3_step8_batch_yyy09.pl,p2
1313,73,15,176,73,176,1.0,exp_acyclic_indvary3_step8_batch_yyy09.pl,u2
1314,67,15,164,59,148,0.9,exp_acyclic_indvary3_step8_batch_yyy10.pl,b3
1315,67,15,164,59,148,0.9,exp_acyclic_indvary3_step8_batch_yyy10.pl,p4
1316,67,15,164,59,148,0.9,exp_acyclic_indvary3_step8_batch_yyy10.pl,u1
1317,67,15,164,59,148,0.9,exp_acyclic_indvary3_step8_batch_yyy10.pl,z3
1318,67,15,164,59,148,0.9,exp_acyclic_indvary3_step8_batch_yyy10.pl,d1
1319,282,33,630,282,630,1.0,exp_cycles_depvary_step10_batch_yyy01.pl,b3
1320,282,33,630,282,630,1.0,exp_cycles_depvary_step10_batch_yyy01.pl,f2
1321,282,33,630,282,630,1.0,exp_cycles_depvary_step10_batch_yyy01.pl,z4
1322,282,33,630,282,630,1.0,exp_cycles_depvary_step10_batch_yyy01.pl,y3
1323,282,33,630,282,630,1.0,exp_cycles_depvary_step10_batch_yyy01.pl,c1
1324,282,33,630,282,630,1.0,exp_cycles_depvary_step10_batch_yyy01.pl,c6
1325,258,33,582,258,582,1.0,exp_cycles_depvary_step10_batch_yyy02.pl,d3
1326,258,33,582,258,582,1.0,exp_cycles_depvary_step10_batch_yyy02.pl,z4
1327,258,33,582,258,582,1.0,exp_cycles_depvary_step10_batch_yyy02.pl,a3
1328,258,33,582,258,582,1.0,exp_cycles_depvary_step10_batch_yyy02.pl,q1
1329,258,33,582,258,582,1.0,exp_cycles_depvary_step10_batch_yyy02.pl,d5
1330,258,33,582,258,582,1.0,exp_cycles_depvary_step10_batch_yyy02.pl,w2
1331,258,33,582,258,582,1.0,exp_cycles_depvary_step10_batch_yyy02.pl,f1
1332,306,33,678,306,678,1.0,exp_cycles_depvary_step10_batch_yyy03.pl,a6
1333,306,33,678,306,678,1.0,exp_cycles_depvary_step10_batch_yyy03.pl,p4
1334,306,33,678,306,678,1.0,exp_cycles_depvary_step10_batch_yyy03.pl,x2
1335,306,33,678,306,678,1.0,exp_cycles_depvary_step10_batch_yyy03.pl,b5
1336,306,33,678,306,678,1.0,exp_cycles_depvary_step10_batch_yyy03.pl,y2
1337,306,33,678,306,678,1.0,exp_cycles_depvary_step10_batch_yyy03.pl,a1
1338,251,33,568,251,568,1.0,exp_cycles_depvary_step10_batch_yyy04.pl,z1
1339,251,33,568,251,568,1.0,exp_cycles_depvary_step10_batch_yyy04.pl,r5
1340,251,33,568,251,568,1.0,exp_cycles_depvary_step10_batch_yyy04.pl,f3
1341,251,33,568,251,568,1.0,exp_cycles_depvary_step10_batch_yyy04.pl,u3
1342,251,33,568,251,568,1.0,exp_cycles_depvary_step10_batch_yyy04.pl,a3
1343,251,33,568,251,568,1.0,exp_cycles_depvary_step10_batch_yyy04.pl,f2
1344,251,33,568,251,568,1.0,exp_cycles_depvary_step10_batch_yyy04.pl,c1
1345,251,33,568,251,568,1.0,exp_cycles_depvary_step10_batch_yyy04.pl,t2
1346,251,33,568,251,568,1.0,exp_cycles_depvary_step10_batch_yyy04.pl,c6
1347,306,33,678,306,678,1.0,exp_cycles_depvary_step10_batch_yyy05.pl,t5
1348,306,33,678,306,678,1.0,exp_cycles_depvary_step10_batch_yyy05.pl,b2
1349,306,33,678,306,678,1.0,exp_cycles_depvary_step10_batch_yyy05.pl,w5
1350,306,33,678,306,678,1.0,exp_cycles_depvary_step10_batch_yyy05.pl,s2
1351,306,33,678,306,678,1.0,exp_cycles_depvary_step10_batch_yyy05.pl,f5
1352,306,33,678,306,678,1.0,exp_cycles_depvary_step10_batch_yyy05.pl,r1
1353,306,33,678,306,678,1.0,exp_cycles_depvary_step10_batch_yyy05.pl,u2
1354,265,33,596,265,596,1.0,exp_cycles_depvary_step10_batch_yyy06.pl,u5
1355,265,33,596,265,596,1.0,exp_cycles_depvary_step10_batch_yyy06.pl,z5
1356,265,33,596,265,596,1.0,exp_cycles_depvary_step10_batch_yyy06.pl,w2
1357,265,33,596,265,596,1.0,exp_cycles_depvary_step10_batch_yyy06.pl,d3
1358,265,33,596,265,596,1.0,exp_cycles_depvary_step10_batch_yyy06.pl,y2
1359,265,33,596,265,596,1.0,exp_cycles_depvary_step10_batch_yyy06.pl,r3
1360,265,33,596,265,596,1.0,exp_cycles_depvary_step10_batch_yyy06.pl,c2
1361,265,33,596,265,596,1.0,exp_cycles_depvary_step10_batch_yyy06.pl,b1
1362,260,33,586,260,586,1.0,exp_cycles_depvary_step10_batch_yyy07.pl,a6
1363,260,33,586,260,586,1.0,exp_cycles_depvary_step10_batch_yyy07.pl,e1
1364,260,33,586,260,586,1.0,exp_cycles_depvary_step10_batch_yyy07.pl,u4
1365,260,33,586,260,586,1.0,exp_cycles_depvary_step10_batch_yyy07.pl,c6
1366,260,33,586,260,586,1.0,exp_cycles_depvary_step10_batch_yyy07.pl,p2
1367,260,33,586,260,586,1.0,exp_cycles_depvary_step10_batch_yyy07.pl,p1
1368,281,33,628,281,628,1.0,exp_cycles_depvary_step10_batch_yyy08.pl,c4
1369,281,33,628,281,628,1.0,exp_cycles_depvary_step10_batch_yyy08.pl,v5
1370,281,33,628,281,628,1.0,exp_cycles_depvary_step10_batch_yyy08.pl,b4
1371,281,33,628,281,628,1.0,exp_cycles_depvary_step10_batch_yyy08.pl,x2
1372,281,33,628,281,628,1.0,exp_cycles_depvary_step10_batch_yyy08.pl,r5
1373,281,33,628,281,628,1.0,exp_cycles_depvary_step10_batch_yyy08.pl,v4
1374,281,33,628,281,628,1.0,exp_cycles_depvary_step10_batch_yyy08.pl,y1
1375,281,33,628,281,628,1.0,exp_cycles_depvary_step10_batch_yyy08.pl,q3
1376,281,33,628,281,628,1.0,exp_cycles_depvary_step10_batch_yyy08.pl,e5
1377,271,33,608,271,608,1.0,exp_cycles_depvary_step10_batch_yyy09.pl,d5
1378,271,33,608,271,608,1.0,exp_cycles_depvary_step10_batch_yyy09.pl,z5
1379,271,33,608,271,608,1.0,exp_cycles_depvary_step10_batch_yyy09.pl,e4
1380,271,33,608,271,608,1.0,exp_cycles_depvary_step10_batch_yyy09.pl,v1
1381,271,33,608,271,608,1.0,exp_cycles_depvary_step10_batch_yyy09.pl,x5
1382,271,33,608,271,608,1.0,exp_cycles_depvary_step10_batch_yyy09.pl,p2
1383,271,33,608,271,608,1.0,exp_cycles_depvary_step10_batch_yyy09.pl,s4
1384,278,33,622,278,622,1.0,exp_cycles_depvary_step10_batch_yyy10.pl,f1
1385,278,33,622,278,622,1.0,exp_cycles_depvary_step10_batch_yyy10.pl,r1
1386,278,33,622,278,622,1.0,exp_cycles_depvary_step10_batch_yyy10.pl,d1
1387,278,33,622,278,622,1.0,exp_cycles_depvary_step10_batch_yyy10.pl,f2
1388,16,6,44,12,36,0.82,exp_cycles_depvary_step1_batch_yyy01.pl,e1
1389,16,6,44,12,36,0.82,exp_cycles_depvary_step1_batch_yyy01.pl,a1
1390,16,6,44,10,32,0.73,exp_cycles_depvary_step1_batch_yyy04.pl,x1
1391,16,6,44,8,28,0.64,exp_cycles_depvary_step1_batch_yyy04.pl,d1
1392,16,6,44,2,16,0.36,exp_cycles_depvary_step1_batch_yyy05.pl,b1
1393,16,6,44,2,16,0.36,exp_cycles_depvary_step1_batch_yyy05.pl,a1
1394,16,6,44,2,16,0.36,exp_cycles_depvary_step1_batch_yyy05.pl,d1
1395,16,6,44,14,40,0.91,exp_cycles_depvary_step1_batch_yyy06.pl,v1
1396,16,6,44,14,40,0.91,exp_cycles_depvary_step1_batch_yyy06.pl,p1
1397,16,6,44,12,36,0.82,exp_cycles_depvary_step1_batch_yyy08.pl,w1
1398,16,6,44,12,36,0.82,exp_cycles_depvary_step1_batch_yyy08.pl,a1
1399,16,6,44,16,44,1.0,exp_cycles_depvary_step1_batch_yyy10.pl,d1
1400,16,6,44,16,44,1.0,exp_cycles_depvary_step1_batch_yyy10.pl,e1
1401,31,9,80,24,66,0.82,exp_cycles_depvary_step2_batch_yyy01.pl,v1
1402,31,9,80,24,66,0.82,exp_cycles_depvary_step2_batch_yyy01.pl,d1
1403,30,9,78,30,78,1.0,exp_cycles_depvary_step2_batch_yyy02.pl,r2
1404,28,9,74,24,66,0.89,exp_cycles_depvary_step2_batch_yyy03.pl,s2
1405,28,9,74,24,66,0.89,exp_cycles_depvary_step2_batch_yyy03.pl,a1
1406,28,9,74,24,66,0.89,exp_cycles_depvary_step2_batch_yyy03.pl,p1
1407,29,9,76,23,64,0.84,exp_cycles_depvary_step2_batch_yyy04.pl,d1
1408,29,9,76,23,64,0.84,exp_cycles_depvary_step2_batch_yyy04.pl,z1
1409,29,9,76,23,64,0.84,exp_cycles_depvary_step2_batch_yyy04.pl,x1
1410,33,9,84,30,78,0.93,exp_cycles_depvary_step2_batch_yyy05.pl,z1
1411,33,9,84,30,78,0.93,exp_cycles_depvary_step2_batch_yyy05.pl,v1
1412,33,9,84,33,84,1.0,exp_cycles_depvary_step2_batch_yyy05.pl,q1
1413,28,9,74,24,66,0.89,exp_cycles_depvary_step2_batch_yyy06.pl,p1
1414,28,9,74,24,66,0.89,exp_cycles_depvary_step2_batch_yyy06.pl,u1
1415,31,9,80,28,74,0.93,exp_cycles_depvary_step2_batch_yyy07.pl,s1
1416,32,9,82,4,26,0.32,exp_cycles_depvary_step2_batch_yyy09.pl,z1
1417,31,9,80,25,68,0.85,exp_cycles_depvary_step2_batch_yyy10.pl,e1
1418,31,9,80,25,68,0.85,exp_cycles_depvary_step2_batch_yyy10.pl,z1
1419,31,9,80,28,74,0.93,exp_cycles_depvary_step2_batch_yyy10.pl,p1
1420,31,9,80,25,68,0.85,exp_cycles_depvary_step2_batch_yyy10.pl,y1
1421,31,9,80,25,68,0.85,exp_cycles_depvary_step2_batch_yyy10.pl,s1
1422,47,12,118,47,118,1.0,exp_cycles_depvary_step3_batch_yyy01.pl,d2
1423,51,12,126,51,126,1.0,exp_cycles_depvary_step3_batch_yyy02.pl,c2
1424,51,12,126,51,126,1.0,exp_cycles_depvary_step3_batch_yyy02.pl,v1
1425,45,12,114,43,110,0.96,exp_cycles_depvary_step3_batch_yyy03.pl,c2
1426,45,12,114,43,110,0.96,exp_cycles_depvary_step3_batch_yyy03.pl,w1
1427,45,12,114,43,110,0.96,exp_cycles_depvary_step3_batch_yyy03.pl,d1
1428,46,12,116,46,116,1.0,exp_cycles_depvary_step3_batch_yyy04.pl,z1
1429,46,12,116,46,116,1.0,exp_cycles_depvary_step3_batch_yyy04.pl,q1
1430,54,12,132,54,132,1.0,exp_cycles_depvary_step3_batch_yyy05.pl,u1
1431,54,12,132,54,132,1.0,exp_cycles_depvary_step3_batch_yyy05.pl,c2
1432,54,12,132,54,132,1.0,exp_cycles_depvary_step3_batch_yyy05.pl,x2
1433,46,12,116,46,116,1.0,exp_cycles_depvary_step3_batch_yyy06.pl,d1
1434,46,12,116,46,116,1.0,exp_cycles_depvary_step3_batch_yyy06.pl,u2
1435,52,12,128,50,124,0.97,exp_cycles_depvary_step3_batch_yyy07.pl,d2
1436,52,12,128,50,124,0.97,exp_cycles_depvary_step3_batch_yyy07.pl,t1
1437,47,12,118,47,118,1.0,exp_cycles_depvary_step3_batch_yyy08.pl,e1
1438,47,12,118,47,118,1.0,exp_cycles_depvary_step3_batch_yyy08.pl,x1
1439,47,12,118,47,118,1.0,exp_cycles_depvary_step3_batch_yyy08.pl,y1
1440,47,12,118,47,118,1.0,exp_cycles_depvary_step3_batch_yyy08.pl,s1
1441,51,12,126,51,126,1.0,exp_cycles_depvary_step3_batch_yyy09.pl,u1
1442,51,12,126,51,126,1.0,exp_cycles_depvary_step3_batch_yyy09.pl,c2
1443,51,12,126,51,126,1.0,exp_cycles_depvary_step3_batch_yyy09.pl,t2
1444,51,12,126,51,126,1.0,exp_cycles_depvary_step3_batch_yyy09.pl,r2
1445,51,12,126,51,126,1.0,exp_cycles_depvary_step3_batch_yyy09.pl,a1
1446,50,12,124,42,108,0.87,exp_cycles_depvary_step3_batch_yyy10.pl,b2
1447,50,12,124,42,108,0.87,exp_cycles_depvary_step3_batch_yyy10.pl,w2
1448,50,12,124,44,112,0.9,exp_cycles_depvary_step3_batch_yyy10.pl,s2
1449,50,12,124,44,112,0.9,exp_cycles_depvary_step3_batch_yyy10.pl,p1
1450,67,15,164,67,164,1.0,exp_cycles_depvary_step4_batch_yyy01.pl,u1
1451,67,15,164,67,164,1.0,exp_cycles_depvary_step4_batch_yyy01.pl,z2
1452,67,15,164,67,164,1.0,exp_cycles_depvary_step4_batch_yyy01.pl,f2
1453,67,15,164,67,164,1.0,exp_cycles_depvary_step4_batch_yyy01.pl,q2
1454,69,15,168,69,168,1.0,exp_cycles_depvary_step4_batch_yyy02.pl,v1
1455,73,15,176,73,176,1.0,exp_cycles_depvary_step4_batch_yyy03.pl,u1
1456,73,15,176,73,176,1.0,exp_cycles_depvary_step4_batch_yyy03.pl,s1
1457,73,15,176,73,176,1.0,exp_cycles_depvary_step4_batch_yyy03.pl,q1
1458,72,15,174,72,174,1.0,exp_cycles_depvary_step4_batch_yyy04.pl,b3
1459,72,15,174,72,174,1.0,exp_cycles_depvary_step4_batch_yyy04.pl,v1
1460,72,15,174,72,174,1.0,exp_cycles_depvary_step4_batch_yyy04.pl,e2
1461,72,15,174,72,174,1.0,exp_cycles_depvary_step4_batch_yyy04.pl,d1
1462,72,15,174,72,174,1.0,exp_cycles_depvary_step4_batch_yyy04.pl,u2
1463,73,15,176,73,176,1.0,exp_cycles_depvary_step4_batch_yyy06.pl,u1
1464,73,15,176,73,176,1.0,exp_cycles_depvary_step4_batch_yyy06.pl,q2
1465,73,15,176,73,176,1.0,exp_cycles_depvary_step4_batch_yyy06.pl,z1
1466,73,15,176,73,176,1.0,exp_cycles_depvary_step4_batch_yyy06.pl,c2
1467,68,15,166,68,166,1.0,exp_cycles_depvary_step4_batch_yyy07.pl,c2
1468,68,15,166,68,166,1.0,exp_cycles_depvary_step4_batch_yyy07.pl,x2
1469,68,15,166,68,166,1.0,exp_cycles_depvary_step4_batch_yyy07.pl,t2
1470,68,15,166,68,166,1.0,exp_cycles_depvary_step4_batch_yyy07.pl,q1
1471,74,15,178,74,178,1.0,exp_cycles_depvary_step4_batch_yyy08.pl,x2
1472,74,15,178,74,178,1.0,exp_cycles_depvary_step4_batch_yyy08.pl,u2
1473,74,15,178,74,178,1.0,exp_cycles_depvary_step4_batch_yyy08.pl,a2
1474,74,15,178,74,178,1.0,exp_cycles_depvary_step4_batch_yyy08.pl,c2
1475,73,15,176,73,176,1.0,exp_cycles_depvary_step4_batch_yyy10.pl,c3
1476,73,15,176,73,176,1.0,exp_cycles_depvary_step4_batch_yyy10.pl,p3
1477,73,15,176,73,176,1.0,exp_cycles_depvary_step4_batch_yyy10.pl,a2
1478,102,18,240,102,240,1.0,exp_cycles_depvary_step5_batch_yyy01.pl,s2
1479,102,18,240,102,240,1.0,exp_cycles_depvary_step5_batch_yyy01.pl,e2
1480,102,18,240,102,240,1.0,exp_cycles_depvary_step5_batch_yyy01.pl,e1
1481,96,18,228,96,228,1.0,exp_cycles_depvary_step5_batch_yyy02.pl,w2
1482,96,18,228,96,228,1.0,exp_cycles_depvary_step5_batch_yyy02.pl,z2
1483,96,18,228,96,228,1.0,exp_cycles_depvary_step5_batch_yyy02.pl,v3
1484,96,18,228,96,228,1.0,exp_cycles_depvary_step5_batch_yyy02.pl,u3
1485,99,18,234,99,234,1.0,exp_cycles_depvary_step5_batch_yyy03.pl,f1
1486,99,18,234,99,234,1.0,exp_cycles_depvary_step5_batch_yyy03.pl,q1
1487,99,18,234,99,234,1.0,exp_cycles_depvary_step5_batch_yyy03.pl,v2
1488,92,18,220,92,220,1.0,exp_cycles_depvary_step5_batch_yyy04.pl,s3
1489,92,18,220,92,220,1.0,exp_cycles_depvary_step5_batch_yyy04.pl,z2
1490,92,18,220,92,220,1.0,exp_cycles_depvary_step5_batch_yyy04.pl,f2
1491,92,18,220,92,220,1.0,exp_cycles_depvary_step5_batch_yyy05.pl,v2
1492,92,18,220,92,220,1.0,exp_cycles_depvary_step5_batch_yyy05.pl,c2
1493,92,18,220,92,220,1.0,exp_cycles_depvary_step5_batch_yyy05.pl,b1
1494,92,18,220,92,220,1.0,exp_cycles_depvary_step5_batch_yyy05.pl,t2
1495,92,18,220,92,220,1.0,exp_cycles_depvary_step5_batch_yyy05.pl,z2
1496,92,18,220,92,220,1.0,exp_cycles_depvary_step5_batch_yyy05.pl,q3
1497,92,18,220,92,220,1.0,exp_cycles_depvary_step5_batch_yyy05.pl,y2
1498,97,18,230,97,230,1.0,exp_cycles_depvary_step5_batch_yyy06.pl,c2
1499,97,18,230,97,230,1.0,exp_cycles_depvary_step5_batch_yyy06.pl,p3
1500,97,18,230,97,230,1.0,exp_cycles_depvary_step5_batch_yyy06.pl,d2
1501,97,18,230,97,230,1.0,exp_cycles_depvary_step5_batch_yyy06.pl,a3
1502,95,18,226,95,226,1.0,exp_cycles_depvary_step5_batch_yyy07.pl,d3
1503,95,18,226,95,226,1.0,exp_cycles_depvary_step5_batch_yyy07.pl,f3
1504,95,18,226,95,226,1.0,exp_cycles_depvary_step5_batch_yyy07.pl,e2
1505,95,18,226,95,226,1.0,exp_cycles_depvary_step5_batch_yyy07.pl,f2
1506,94,18,224,94,224,1.0,exp_cycles_depvary_step5_batch_yyy08.pl,v2
1507,94,18,224,94,224,1.0,exp_cycles_depvary_step5_batch_yyy08.pl,u1
1508,94,18,224,94,224,1.0,exp_cycles_depvary_step5_batch_yyy08.pl,d3
1509,94,18,224,94,224,1.0,exp_cycles_depvary_step5_batch_yyy08.pl,y1
1510,94,18,224,94,224,1.0,exp_cycles_depvary_step5_batch_yyy08.pl,c3
1511,94,18,224,94,224,1.0,exp_cycles_depvary_step5_batch_yyy08.pl,s3
1512,110,18,256,110,256,1.0,exp_cycles_depvary_step5_batch_yyy09.pl,c2
1513,110,18,256,110,256,1.0,exp_cycles_depvary_step5_batch_yyy09.pl,v3
1514,110,18,256,110,256,1.0,exp_cycles_depvary_step5_batch_yyy09.pl,c1
1515,110,18,256,110,256,1.0,exp_cycles_depvary_step5_batch_yyy09.pl,z2
1516,102,18,240,102,240,1.0,exp_cycles_depvary_step5_batch_yyy10.pl,t3
1517,102,18,240,102,240,1.0,exp_cycles_depvary_step5_batch_yyy10.pl,v3
1518,102,18,240,102,240,1.0,exp_cycles_depvary_step5_batch_yyy10.pl,y2
1519,119,21,280,119,280,1.0,exp_cycles_depvary_step6_batch_yyy01.pl,d3
1520,119,21,280,119,280,1.0,exp_cycles_depvary_step6_batch_yyy01.pl,z3
1521,119,21,280,119,280,1.0,exp_cycles_depvary_step6_batch_yyy01.pl,q2
1522,119,21,280,119,280,1.0,exp_cycles_depvary_step6_batch_yyy01.pl,s3
1523,103,21,248,103,248,1.0,exp_cycles_depvary_step6_batch_yyy02.pl,t3
1524,103,21,248,103,248,1.0,exp_cycles_depvary_step6_batch_yyy02.pl,z1
1525,103,21,248,103,248,1.0,exp_cycles_depvary_step6_batch_yyy02.pl,u3
1526,103,21,248,103,248,1.0,exp_cycles_depvary_step6_batch_yyy02.pl,d1
1527,103,21,248,103,248,1.0,exp_cycles_depvary_step6_batch_yyy02.pl,w2
1528,126,21,294,126,294,1.0,exp_cycles_depvary_step6_batch_yyy03.pl,d3
1529,126,21,294,126,294,1.0,exp_cycles_depvary_step6_batch_yyy03.pl,c1
1530,126,21,294,126,294,1.0,exp_cycles_depvary_step6_batch_yyy03.pl,a3
1531,126,21,294,126,294,1.0,exp_cycles_depvary_step6_batch_yyy03.pl,r2
1532,126,21,294,126,294,1.0,exp_cycles_depvary_step6_batch_yyy03.pl,y2
1533,110,21,262,110,262,1.0,exp_cycles_depvary_step6_batch_yyy04.pl,b3
1534,110,21,262,110,262,1.0,exp_cycles_depvary_step6_batch_yyy04.pl,e3
1535,110,21,262,110,262,1.0,exp_cycles_depvary_step6_batch_yyy04.pl,y2
1536,110,21,262,110,262,1.0,exp_cycles_depvary_step6_batch_yyy04.pl,x3
1537,147,21,336,147,336,1.0,exp_cycles_depvary_step6_batch_yyy05.pl,b2
1538,147,21,336,147,336,1.0,exp_cycles_depvary_step6_batch_yyy05.pl,x3
1539,147,21,336,147,336,1.0,exp_cycles_depvary_step6_batch_yyy05.pl,f2
1540,125,21,292,125,292,1.0,exp_cycles_depvary_step6_batch_yyy06.pl,y3
1541,125,21,292,125,292,1.0,exp_cycles_depvary_step6_batch_yyy06.pl,v1
1542,125,21,292,125,292,1.0,exp_cycles_depvary_step6_batch_yyy06.pl,u2
1543,125,21,292,125,292,1.0,exp_cycles_depvary_step6_batch_yyy06.pl,a2
1544,125,21,292,125,292,1.0,exp_cycles_depvary_step6_batch_yyy06.pl,b1
1545,141,21,324,141,324,1.0,exp_cycles_depvary_step6_batch_yyy07.pl,b4
1546,141,21,324,141,324,1.0,exp_cycles_depvary_step6_batch_yyy07.pl,z1
1547,141,21,324,141,324,1.0,exp_cycles_depvary_step6_batch_yyy07.pl,a4
1548,141,21,324,141,324,1.0,exp_cycles_depvary_step6_batch_yyy07.pl,s1
1549,141,21,324,141,324,1.0,exp_cycles_depvary_step6_batch_yyy07.pl,a2
1550,141,21,324,141,324,1.0,exp_cycles_depvary_step6_batch_yyy07.pl,w1
1551,141,21,324,141,324,1.0,exp_cycles_depvary_step6_batch_yyy07.pl,p3
1552,135,21,312,135,312,1.0,exp_cycles_depvary_step6_batch_yyy08.pl,b3
1553,135,21,312,135,312,1.0,exp_cycles_depvary_step6_batch_yyy08.pl,p4
1554,135,21,312,135,312,1.0,exp_cycles_depvary_step6_batch_yyy08.pl,b1
1555,135,21,312,135,312,1.0,exp_cycles_depvary_step6_batch_yyy08.pl,e2
1556,135,21,312,135,312,1.0,exp_cycles_depvary_step6_batch_yyy08.pl,p1
1557,135,21,312,135,312,1.0,exp_cycles_depvary_step6_batch_yyy08.pl,a1
1558,133,21,308,133,308,1.0,exp_cycles_depvary_step6_batch_yyy09.pl,q1
1559,119,21,280,119,280,1.0,exp_cycles_depvary_step6_batch_yyy10.pl,c3
1560,119,21,280,119,280,1.0,exp_cycles_depvary_step6_batch_yyy10.pl,b1
1561,149,24,346,149,346,1.0,exp_cycles_depvary_step7_batch_yyy01.pl,b2
1562,149,24,346,149,346,1.0,exp_cycles_depvary_step7_batch_yyy01.pl,d4
1563,149,24,346,149,346,1.0,exp_cycles_depvary_step7_batch_yyy01.pl,f1
1564,149,24,346,149,346,1.0,exp_cycles_depvary_step7_batch_yyy01.pl,q3
1565,149,24,346,149,346,1.0,exp_cycles_depvary_step7_batch_yyy01.pl,s3
1566,191,24,430,191,430,1.0,exp_cycles_depvary_step7_batch_yyy02.pl,b3
1567,191,24,430,191,430,1.0,exp_cycles_depvary_step7_batch_yyy02.pl,r1
1568,191,24,430,191,430,1.0,exp_cycles_depvary_step7_batch_yyy02.pl,q4
1569,156,24,360,156,360,1.0,exp_cycles_depvary_step7_batch_yyy03.pl,w2
1570,156,24,360,156,360,1.0,exp_cycles_depvary_step7_batch_yyy03.pl,b4
1571,156,24,360,156,360,1.0,exp_cycles_depvary_step7_batch_yyy03.pl,z1
1572,156,24,360,156,360,1.0,exp_cycles_depvary_step7_batch_yyy03.pl,e4
1573,156,24,360,156,360,1.0,exp_cycles_depvary_step7_batch_yyy03.pl,v4
1574,156,24,360,156,360,1.0,exp_cycles_depvary_step7_batch_yyy03.pl,a1
1575,159,24,366,159,366,1.0,exp_cycles_depvary_step7_batch_yyy04.pl,f3
1576,159,24,366,159,366,1.0,exp_cycles_depvary_step7_batch_yyy04.pl,f4
1577,159,24,366,159,366,1.0,exp_cycles_depvary_step7_batch_yyy04.pl,x1
1578,159,24,366,159,366,1.0,exp_cycles_depvary_step7_batch_yyy04.pl,p4
1579,159,24,366,159,366,1.0,exp_cycles_depvary_step7_batch_yyy04.pl,d4
1580,152,24,352,152,352,1.0,exp_cycles_depvary_step7_batch_yyy05.pl,w1
1581,152,24,352,152,352,1.0,exp_cycles_depvary_step7_batch_yyy05.pl,y2
1582,152,24,352,152,352,1.0,exp_cycles_depvary_step7_batch_yyy05.pl,v3
1583,152,24,352,152,352,1.0,exp_cycles_depvary_step7_batch_yyy05.pl,p4
1584,152,24,352,152,352,1.0,exp_cycles_depvary_step7_batch_yyy05.pl,s2
1585,164,24,376,164,376,1.0,exp_cycles_depvary_step7_batch_yyy06.pl,t4
1586,164,24,376,164,376,1.0,exp_cycles_depvary_step7_batch_yyy06.pl,f1
1587,164,24,376,164,376,1.0,exp_cycles_depvary_step7_batch_yyy06.pl,t2
1588,164,24,376,164,376,1.0,exp_cycles_depvary_step7_batch_yyy06.pl,e3
1589,164,24,376,164,376,1.0,exp_cycles_depvary_step7_batch_yyy06.pl,y2
1590,166,24,380,166,380,1.0,exp_cycles_depvary_step7_batch_yyy07.pl,p4
1591,166,24,380,166,380,1.0,exp_cycles_depvary_step7_batch_yyy07.pl,f1
1592,166,24,380,166,380,1.0,exp_cycles_depvary_step7_batch_yyy07.pl,q4
1593,166,24,380,166,380,1.0,exp_cycles_depvary_step7_batch_yyy07.pl,a4
1594,166,24,380,166,380,1.0,exp_cycles_depvary_step7_batch_yyy07.pl,r1
1595,166,24,380,166,380,1.0,exp_cycles_depvary_step7_batch_yyy07.pl,a3
1596,166,24,380,166,380,1.0,exp_cycles_depvary_step7_batch_yyy07.pl,r2
1597,160,24,368,160,368,1.0,exp_cycles_depvary_step7_batch_yyy08.pl,v2
1598,160,24,368,160,368,1.0,exp_cycles_depvary_step7_batch_yyy08.pl,t3
1599,160,24,368,160,368,1.0,exp_cycles_depvary_step7_batch_yyy08.pl,a4
1600,160,24,368,160,368,1.0,exp_cycles_depvary_step7_batch_yyy08.pl,e4
1601,160,24,368,160,368,1.0,exp_cycles_depvary_step7_batch_yyy08.pl,f3
1602,160,24,368,160,368,1.0,exp_cycles_depvary_step7_batch_yyy08.pl,r3
1603,158,24,364,158,364,1.0,exp_cycles_depvary_step7_batch_yyy09.pl,t4
1604,158,24,364,158,364,1.0,exp_cycles_depvary_step7_batch_yyy09.pl,d3
1605,158,24,364,158,364,1.0,exp_cycles_depvary_step7_batch_yyy09.pl,c2
1606,158,24,364,158,364,1.0,exp_cycles_depvary_step7_batch_yyy09.pl,w1
1607,158,24,364,158,364,1.0,exp_cycles_depvary_step7_batch_yyy09.pl,f3
1608,158,24,364,158,364,1.0,exp_cycles_depvary_step7_batch_yyy09.pl,w3
1609,158,24,364,158,364,1.0,exp_cycles_depvary_step7_batch_yyy09.pl,a4
1610,158,24,364,158,364,1.0,exp_cycles_depvary_step7_batch_yyy09.pl,y1
1611,158,24,364,158,364,1.0,exp_cycles_depvary_step7_batch_yyy09.pl,d2
1612,148,24,344,148,344,1.0,exp_cycles_depvary_step7_batch_yyy10.pl,b2
1613,148,24,344,148,344,1.0,exp_cycles_depvary_step7_batch_yyy10.pl,d4
1614,148,24,344,148,344,1.0,exp_cycles_depvary_step7_batch_yyy10.pl,u1
1615,148,24,344,148,344,1.0,exp_cycles_depvary_step7_batch_yyy10.pl,c1
1616,148,24,344,148,344,1.0,exp_cycles_depvary_step7_batch_yyy10.pl,z3
1617,148,24,344,148,344,1.0,exp_cycles_depvary_step7_batch_yyy10.pl,r3
1618,148,24,344,148,344,1.0,exp_cycles_depvary_step7_batch_yyy10.pl,w3
1619,174,27,402,174,402,1.0,exp_cycles_depvary_step8_batch_yyy01.pl,x3
1620,174,27,402,174,402,1.0,exp_cycles_depvary_step8_batch_yyy01.pl,a3
1621,174,27,402,174,402,1.0,exp_cycles_depvary_step8_batch_yyy01.pl,r3
1622,174,27,402,174,402,1.0,exp_cycles_depvary_step8_batch_yyy01.pl,q2
1623,174,27,402,174,402,1.0,exp_cycles_depvary_step8_batch_yyy01.pl,c2
1624,174,27,402,174,402,1.0,exp_cycles_depvary_step8_batch_yyy01.pl,b1
1625,208,27,470,208,470,1.0,exp_cycles_depvary_step8_batch_yyy02.pl,t4
1626,208,27,470,208,470,1.0,exp_cycles_depvary_step8_batch_yyy02.pl,u1
1627,208,27,470,208,470,1.0,exp_cycles_depvary_step8_batch_yyy02.pl,c1
1628,208,27,470,208,470,1.0,exp_cycles_depvary_step8_batch_yyy02.pl,u3
1629,208,27,470,208,470,1.0,exp_cycles_depvary_step8_batch_yyy02.pl,y1
1630,208,27,470,208,470,1.0,exp_cycles_depvary_step8_batch_yyy02.pl,a2
1631,216,27,486,216,486,1.0,exp_cycles_depvary_step8_batch_yyy03.pl,c4
1632,216,27,486,216,486,1.0,exp_cycles_depvary_step8_batch_yyy03.pl,d3
1633,216,27,486,216,486,1.0,exp_cycles_depvary_step8_batch_yyy03.pl,b5
1634,216,27,486,216,486,1.0,exp_cycles_depvary_step8_batch_yyy03.pl,x1
1635,216,27,486,216,486,1.0,exp_cycles_depvary_step8_batch_yyy03.pl,p1
1636,216,27,486,216,486,1.0,exp_cycles_depvary_step8_batch_yyy03.pl,c2
1637,216,27,486,216,486,1.0,exp_cycles_depvary_step8_batch_yyy03.pl,a5
1638,200,27,454,200,454,1.0,exp_cycles_depvary_step8_batch_yyy04.pl,s3
1639,200,27,454,200,454,1.0,exp_cycles_depvary_step8_batch_yyy04.pl,b2
1640,200,27,454,200,454,1.0,exp_cycles_depvary_step8_batch_yyy04.pl,x3
1641,200,27,454,200,454,1.0,exp_cycles_depvary_step8_batch_yyy04.pl,b1
1642,200,27,454,200,454,1.0,exp_cycles_depvary_step8_batch_yyy04.pl,p1
1643,200,27,454,200,454,1.0,exp_cycles_depvary_step8_batch_yyy04.pl,c1
1644,200,27,454,200,454,1.0,exp_cycles_depvary_step8_batch_yyy04.pl,z2
1645,191,27,436,191,436,1.0,exp_cycles_depvary_step8_batch_yyy05.pl,v1
1646,191,27,436,191,436,1.0,exp_cycles_depvary_step8_batch_yyy05.pl,r4
1647,191,27,436,191,436,1.0,exp_cycles_depvary_step8_batch_yyy05.pl,r1
1648,191,27,436,191,436,1.0,exp_cycles_depvary_step8_batch_yyy05.pl,z3
1649,191,27,436,191,436,1.0,exp_cycles_depvary_step8_batch_yyy05.pl,r3
1650,191,27,436,191,436,1.0,exp_cycles_depvary_step8_batch_yyy05.pl,t2
1651,168,27,390,168,390,1.0,exp_cycles_depvary_step8_batch_yyy06.pl,x3
1652,168,27,390,168,390,1.0,exp_cycles_depvary_step8_batch_yyy06.pl,b1
1653,168,27,390,168,390,1.0,exp_cycles_depvary_step8_batch_yyy06.pl,y3
1654,168,27,390,168,390,1.0,exp_cycles_depvary_step8_batch_yyy06.pl,w1
1655,168,27,390,168,390,1.0,exp_cycles_depvary_step8_batch_yyy06.pl,e1
1656,168,27,390,168,390,1.0,exp_cycles_depvary_step8_batch_yyy06.pl,c1
1657,226,27,506,226,506,1.0,exp_cycles_depvary_step8_batch_yyy07.pl,s2
1658,226,27,506,226,506,1.0,exp_cycles_depvary_step8_batch_yyy07.pl,q4
1659,226,27,506,226,506,1.0,exp_cycles_depvary_step8_batch_yyy07.pl,a2
1660,226,27,506,226,506,1.0,exp_cycles_depvary_step8_batch_yyy07.pl,u1
1661,226,27,506,226,506,1.0,exp_cycles_depvary_step8_batch_yyy07.pl,f1
1662,226,27,506,226,506,1.0,exp_cycles_depvary_step8_batch_yyy07.pl,c1
1663,226,27,506,226,506,1.0,exp_cycles_depvary_step8_batch_yyy07.pl,b5
1664,224,27,502,224,502,1.0,exp_cycles_depvary_step8_batch_yyy08.pl,w2
1665,224,27,502,224,502,1.0,exp_cycles_depvary_step8_batch_yyy08.pl,z1
1666,224,27,502,224,502,1.0,exp_cycles_depvary_step8_batch_yyy08.pl,w4
1667,224,27,502,224,502,1.0,exp_cycles_depvary_step8_batch_yyy08.pl,r1
1668,224,27,502,224,502,1.0,exp_cycles_depvary_step8_batch_yyy08.pl,a1
1669,224,27,502,224,502,1.0,exp_cycles_depvary_step8_batch_yyy08.pl,u2
1670,224,27,502,224,502,1.0,exp_cycles_depvary_step8_batch_yyy08.pl,w3
1671,204,27,462,204,462,1.0,exp_cycles_depvary_step8_batch_yyy09.pl,w1
1672,204,27,462,204,462,1.0,exp_cycles_depvary_step8_batch_yyy09.pl,y2
1673,204,27,462,204,462,1.0,exp_cycles_depvary_step8_batch_yyy09.pl,r2
1674,204,27,462,204,462,1.0,exp_cycles_depvary_step8_batch_yyy09.pl,s2
1675,204,27,462,204,462,1.0,exp_cycles_depvary_step8_batch_yyy09.pl,z1
1676,204,27,462,204,462,1.0,exp_cycles_depvary_step8_batch_yyy09.pl,c5
1677,223,27,500,223,500,1.0,exp_cycles_depvary_step8_batch_yyy10.pl,y4
1678,223,27,500,223,500,1.0,exp_cycles_depvary_step8_batch_yyy10.pl,f1
1679,223,27,500,223,500,1.0,exp_cycles_depvary_step8_batch_yyy10.pl,d3
1680,223,27,500,223,500,1.0,exp_cycles_depvary_step8_batch_yyy10.pl,f4
1681,223,27,500,223,500,1.0,exp_cycles_depvary_step8_batch_yyy10.pl,r3
1682,221,30,502,221,502,1.0,exp_cycles_depvary_step9_batch_yyy01.pl,e1
1683,221,30,502,221,502,1.0,exp_cycles_depvary_step9_batch_yyy01.pl,p5
1684,221,30,502,221,502,1.0,exp_cycles_depvary_step9_batch_yyy01.pl,p3
1685,242,30,544,242,544,1.0,exp_cycles_depvary_step9_batch_yyy02.pl,f1
1686,242,30,544,242,544,1.0,exp_cycles_depvary_step9_batch_yyy02.pl,c5
1687,242,30,544,242,544,1.0,exp_cycles_depvary_step9_batch_yyy02.pl,s1
1688,242,30,544,242,544,1.0,exp_cycles_depvary_step9_batch_yyy02.pl,x4
1689,242,30,544,242,544,1.0,exp_cycles_depvary_step9_batch_yyy02.pl,c3
1690,242,30,544,242,544,1.0,exp_cycles_depvary_step9_batch_yyy02.pl,t2
1691,242,30,544,242,544,1.0,exp_cycles_depvary_step9_batch_yyy02.pl,z2
1692,242,30,544,242,544,1.0,exp_cycles_depvary_step9_batch_yyy02.pl,r2
1693,236,30,532,236,532,1.0,exp_cycles_depvary_step9_batch_yyy03.pl,c3
1694,236,30,532,236,532,1.0,exp_cycles_depvary_step9_batch_yyy03.pl,d4
1695,236,30,532,236,532,1.0,exp_cycles_depvary_step9_batch_yyy03.pl,b4
1696,236,30,532,236,532,1.0,exp_cycles_depvary_step9_batch_yyy03.pl,c5
1697,236,30,532,236,532,1.0,exp_cycles_depvary_step9_batch_yyy03.pl,p1
1698,236,30,532,236,532,1.0,exp_cycles_depvary_step9_batch_yyy03.pl,w4
1699,236,30,532,236,532,1.0,exp_cycles_depvary_step9_batch_yyy03.pl,f3
1700,236,30,532,236,532,1.0,exp_cycles_depvary_step9_batch_yyy03.pl,q2
1701,242,30,544,242,544,1.0,exp_cycles_depvary_step9_batch_yyy04.pl,p4
1702,242,30,544,242,544,1.0,exp_cycles_depvary_step9_batch_yyy04.pl,w2
1703,242,30,544,242,544,1.0,exp_cycles_depvary_step9_batch_yyy04.pl,p3
1704,242,30,544,242,544,1.0,exp_cycles_depvary_step9_batch_yyy04.pl,r4
1705,242,30,544,242,544,1.0,exp_cycles_depvary_step9_batch_yyy04.pl,w3
1706,216,30,492,216,492,1.0,exp_cycles_depvary_step9_batch_yyy05.pl,b2
1707,216,30,492,216,492,1.0,exp_cycles_depvary_step9_batch_yyy05.pl,a5
1708,216,30,492,216,492,1.0,exp_cycles_depvary_step9_batch_yyy05.pl,e4
1709,216,30,492,216,492,1.0,exp_cycles_depvary_step9_batch_yyy05.pl,w1
1710,216,30,492,216,492,1.0,exp_cycles_depvary_step9_batch_yyy05.pl,t2
1711,216,30,492,216,492,1.0,exp_cycles_depvary_step9_batch_yyy05.pl,v4
1712,216,30,492,216,492,1.0,exp_cycles_depvary_step9_batch_yyy05.pl,v3
1713,216,30,492,216,492,1.0,exp_cycles_depvary_step9_batch_yyy05.pl,q1
1714,216,30,492,216,492,1.0,exp_cycles_depvary_step9_batch_yyy05.pl,p1
1715,245,30,550,245,550,1.0,exp_cycles_depvary_step9_batch_yyy06.pl,w2
1716,245,30,550,245,550,1.0,exp_cycles_depvary_step9_batch_yyy06.pl,p2
1717,245,30,550,245,550,1.0,exp_cycles_depvary_step9_batch_yyy06.pl,a5
1718,240,30,540,240,540,1.0,exp_cycles_depvary_step9_batch_yyy07.pl,a5
1719,240,30,540,240,540,1.0,exp_cycles_depvary_step9_batch_yyy07.pl,q4
1720,240,30,540,240,540,1.0,exp_cycles_depvary_step9_batch_yyy07.pl,w1
1721,240,30,540,240,540,1.0,exp_cycles_depvary_step9_batch_yyy07.pl,v4
1722,240,30,540,240,540,1.0,exp_cycles_depvary_step9_batch_yyy07.pl,s1
1723,240,30,540,240,540,1.0,exp_cycles_depvary_step9_batch_yyy07.pl,t4
1724,240,30,540,240,540,1.0,exp_cycles_depvary_step9_batch_yyy07.pl,s3
1725,267,30,594,267,594,1.0,exp_cycles_depvary_step9_batch_yyy08.pl,b2
1726,267,30,594,267,594,1.0,exp_cycles_depvary_step9_batch_yyy08.pl,e4
1727,267,30,594,267,594,1.0,exp_cycles_depvary_step9_batch_yyy08.pl,v3
1728,267,30,594,267,594,1.0,exp_cycles_depvary_step9_batch_yyy08.pl,w2
1729,267,30,594,267,594,1.0,exp_cycles_depvary_step9_batch_yyy08.pl,f1
1730,267,30,594,267,594,1.0,exp_cycles_depvary_step9_batch_yyy08.pl,v1
1731,267,30,594,267,594,1.0,exp_cycles_depvary_step9_batch_yyy08.pl,p3
1732,240,30,540,240,540,1.0,exp_cycles_depvary_step9_batch_yyy09.pl,d5
1733,240,30,540,240,540,1.0,exp_cycles_depvary_step9_batch_yyy09.pl,d4
1734,240,30,540,240,540,1.0,exp_cycles_depvary_step9_batch_yyy09.pl,c2
1735,240,30,540,240,540,1.0,exp_cycles_depvary_step9_batch_yyy09.pl,w2
1736,240,30,540,240,540,1.0,exp_cycles_depvary_step9_batch_yyy09.pl,e5
1737,240,30,540,240,540,1.0,exp_cycles_depvary_step9_batch_yyy09.pl,f4
1738,240,30,540,240,540,1.0,exp_cycles_depvary_step9_batch_yyy09.pl,z3
1739,258,30,576,258,576,1.0,exp_cycles_depvary_step9_batch_yyy10.pl,c5
1740,258,30,576,258,576,1.0,exp_cycles_depvary_step9_batch_yyy10.pl,q4
1741,258,30,576,258,576,1.0,exp_cycles_depvary_step9_batch_yyy10.pl,r5
1742,258,30,576,258,576,1.0,exp_cycles_depvary_step9_batch_yyy10.pl,v1
1743,258,30,576,258,576,1.0,exp_cycles_depvary_step9_batch_yyy10.pl,w4
1744,258,30,576,258,576,1.0,exp_cycles_depvary_step9_batch_yyy10.pl,z3
1745,258,30,576,258,576,1.0,exp_cycles_depvary_step9_batch_yyy10.pl,y2
1746,21,15,72,21,72,1.0,exp_cycles_indvary1_step1_batch_yyy01.pl,c3
1747,21,15,72,21,72,1.0,exp_cycles_indvary1_step1_batch_yyy01.pl,t1
1748,21,15,72,21,72,1.0,exp_cycles_indvary1_step1_batch_yyy01.pl,a1
1749,18,15,66,18,66,1.0,exp_cycles_indvary1_step1_batch_yyy02.pl,s1
1750,18,15,66,18,66,1.0,exp_cycles_indvary1_step1_batch_yyy02.pl,a3
1751,18,15,66,18,66,1.0,exp_cycles_indvary1_step1_batch_yyy02.pl,c1
1752,19,15,68,19,68,1.0,exp_cycles_indvary1_step1_batch_yyy03.pl,a3
1753,19,15,68,19,68,1.0,exp_cycles_indvary1_step1_batch_yyy03.pl,a1
1754,17,15,64,17,64,1.0,exp_cycles_indvary1_step1_batch_yyy04.pl,s1
1755,17,15,64,17,64,1.0,exp_cycles_indvary1_step1_batch_yyy04.pl,q1
1756,15,15,60,13,56,0.93,exp_cycles_indvary1_step1_batch_yyy05.pl,d2
1757,15,15,60,15,60,1.0,exp_cycles_indvary1_step1_batch_yyy06.pl,q1
1758,15,15,60,15,60,1.0,exp_cycles_indvary1_step1_batch_yyy06.pl,b1
1759,17,15,64,17,64,1.0,exp_cycles_indvary1_step1_batch_yyy08.pl,d2
1760,19,15,68,19,68,1.0,exp_cycles_indvary1_step1_batch_yyy09.pl,r1
1761,15,15,60,15,60,1.0,exp_cycles_indvary1_step1_batch_yyy10.pl,r1
1762,45,15,120,45,120,1.0,exp_cycles_indvary1_step2_batch_yyy01.pl,w1
1763,45,15,120,45,120,1.0,exp_cycles_indvary1_step2_batch_yyy01.pl,q2
1764,45,15,120,45,120,1.0,exp_cycles_indvary1_step2_batch_yyy01.pl,d1
1765,45,15,120,45,120,1.0,exp_cycles_indvary1_step2_batch_yyy01.pl,t1
1766,51,15,132,51,132,1.0,exp_cycles_indvary1_step2_batch_yyy02.pl,d2
1767,54,15,138,54,138,1.0,exp_cycles_indvary1_step2_batch_yyy03.pl,b1
1768,54,15,138,54,138,1.0,exp_cycles_indvary1_step2_batch_yyy03.pl,f2
1769,51,15,132,51,132,1.0,exp_cycles_indvary1_step2_batch_yyy04.pl,z1
1770,51,15,132,51,132,1.0,exp_cycles_indvary1_step2_batch_yyy04.pl,a1
1771,58,15,146,58,146,1.0,exp_cycles_indvary1_step2_batch_yyy05.pl,b1
1772,58,15,146,58,146,1.0,exp_cycles_indvary1_step2_batch_yyy05.pl,p1
1773,58,15,146,58,146,1.0,exp_cycles_indvary1_step2_batch_yyy05.pl,e1
1774,52,15,134,52,134,1.0,exp_cycles_indvary1_step2_batch_yyy06.pl,e1
1775,52,15,134,52,134,1.0,exp_cycles_indvary1_step2_batch_yyy06.pl,d1
1776,52,15,134,52,134,1.0,exp_cycles_indvary1_step2_batch_yyy06.pl,u1
1777,54,15,138,54,138,1.0,exp_cycles_indvary1_step2_batch_yyy07.pl,v1
1778,48,15,126,48,126,1.0,exp_cycles_indvary1_step2_batch_yyy08.pl,e2
1779,48,15,126,48,126,1.0,exp_cycles_indvary1_step2_batch_yyy08.pl,q2
1780,58,15,146,58,146,1.0,exp_cycles_indvary1_step2_batch_yyy09.pl,p1
1781,58,15,146,58,146,1.0,exp_cycles_indvary1_step2_batch_yyy09.pl,a2
1782,56,15,142,56,142,1.0,exp_cycles_indvary1_step2_batch_yyy10.pl,b3
1783,56,15,142,56,142,1.0,exp_cycles_indvary1_step2_batch_yyy10.pl,x1
1784,56,15,142,56,142,1.0,exp_cycles_indvary1_step2_batch_yyy10.pl,q1
1785,66,15,162,66,162,1.0,exp_cycles_indvary1_step3_batch_yyy01.pl,r2
1786,66,15,162,66,162,1.0,exp_cycles_indvary1_step3_batch_yyy01.pl,e2
1787,62,15,154,62,154,1.0,exp_cycles_indvary1_step3_batch_yyy02.pl,p3
1788,62,15,154,62,154,1.0,exp_cycles_indvary1_step3_batch_yyy02.pl,f2
1789,62,15,154,62,154,1.0,exp_cycles_indvary1_step3_batch_yyy02.pl,t2
1790,74,15,178,74,178,1.0,exp_cycles_indvary1_step3_batch_yyy03.pl,b1
1791,74,15,178,74,178,1.0,exp_cycles_indvary1_step3_batch_yyy03.pl,a1
1792,74,15,178,74,178,1.0,exp_cycles_indvary1_step3_batch_yyy03.pl,t1
1793,72,15,174,72,174,1.0,exp_cycles_indvary1_step3_batch_yyy04.pl,s2
1794,72,15,174,72,174,1.0,exp_cycles_indvary1_step3_batch_yyy04.pl,y1
1795,72,15,174,72,174,1.0,exp_cycles_indvary1_step3_batch_yyy04.pl,y2
1796,72,15,174,72,174,1.0,exp_cycles_indvary1_step3_batch_yyy04.pl,a1
1797,62,15,154,62,154,1.0,exp_cycles_indvary1_step3_batch_yyy05.pl,b3
1798,62,15,154,62,154,1.0,exp_cycles_indvary1_step3_batch_yyy05.pl,s2
1799,62,15,154,62,154,1.0,exp_cycles_indvary1_step3_batch_yyy05.pl,f2
1800,70,15,170,70,170,1.0,exp_cycles_indvary1_step3_batch_yyy06.pl,v2
1801,70,15,170,70,170,1.0,exp_cycles_indvary1_step3_batch_yyy06.pl,x2
1802,70,15,170,70,170,1.0,exp_cycles_indvary1_step3_batch_yyy06.pl,v1
1803,70,15,170,70,170,1.0,exp_cycles_indvary1_step3_batch_yyy06.pl,d2
1804,73,15,176,73,176,1.0,exp_cycles_indvary1_step3_batch_yyy07.pl,u1
1805,73,15,176,73,176,1.0,exp_cycles_indvary1_step3_batch_yyy07.pl,y2
1806,79,15,188,79,188,1.0,exp_cycles_indvary1_step3_batch_yyy08.pl,w2
1807,79,15,188,79,188,1.0,exp_cycles_indvary1_step3_batch_yyy08.pl,v1
1808,79,15,188,79,188,1.0,exp_cycles_indvary1_step3_batch_yyy08.pl,t2
1809,81,15,192,81,192,1.0,exp_cycles_indvary1_step3_batch_yyy09.pl,c2
1810,81,15,192,81,192,1.0,exp_cycles_indvary1_step3_batch_yyy09.pl,r1
1811,81,15,192,81,192,1.0,exp_cycles_indvary1_step3_batch_yyy09.pl,r2
1812,81,15,192,81,192,1.0,exp_cycles_indvary1_step3_batch_yyy09.pl,y2
1813,67,15,164,67,164,1.0,exp_cycles_indvary1_step3_batch_yyy10.pl,z2
1814,67,15,164,67,164,1.0,exp_cycles_indvary1_step3_batch_yyy10.pl,z1
1815,67,15,164,67,164,1.0,exp_cycles_indvary1_step3_batch_yyy10.pl,b1
1816,73,15,176,73,176,1.0,exp_cycles_indvary1_step4_batch_yyy01.pl,y3
1817,73,15,176,73,176,1.0,exp_cycles_indvary1_step4_batch_yyy01.pl,u3
1818,73,15,176,73,176,1.0,exp_cycles_indvary1_step4_batch_yyy01.pl,y2
1819,73,15,176,73,176,1.0,exp_cycles_indvary1_step4_batch_yyy01.pl,r3
1820,69,15,168,65,160,0.95,exp_cycles_indvary1_step4_batch_yyy02.pl,u1
1821,69,15,168,61,152,0.9,exp_cycles_indvary1_step4_batch_yyy02.pl,p2
1822,69,15,168,61,152,0.9,exp_cycles_indvary1_step4_batch_yyy02.pl,u2
1823,69,15,168,61,152,0.9,exp_cycles_indvary1_step4_batch_yyy02.pl,c1
1824,64,15,158,44,118,0.75,exp_cycles_indvary1_step4_batch_yyy03.pl,b3
1825,64,15,158,44,118,0.75,exp_cycles_indvary1_step4_batch_yyy03.pl,w3
1826,73,15,176,73,176,1.0,exp_cycles_indvary1_step4_batch_yyy04.pl,f1
1827,73,15,176,73,176,1.0,exp_cycles_indvary1_step4_batch_yyy04.pl,x2
1828,73,15,176,73,176,1.0,exp_cycles_indvary1_step4_batch_yyy04.pl,y3
1829,73,15,176,73,176,1.0,exp_cycles_indvary1_step4_batch_yyy04.pl,a2
1830,73,15,176,73,176,1.0,exp_cycles_indvary1_step4_batch_yyy04.pl,f2
1831,70,15,170,67,164,0.96,exp_cycles_indvary1_step4_batch_yyy05.pl,x2
1832,70,15,170,67,164,0.96,exp_cycles_indvary1_step4_batch_yyy05.pl,d1
1833,74,15,178,74,178,1.0,exp_cycles_indvary1_step4_batch_yyy06.pl,p2
1834,74,15,178,74,178,1.0,exp_cycles_indvary1_step4_batch_yyy06.pl,b3
1835,69,15,168,65,160,0.95,exp_cycles_indvary1_step4_batch_yyy07.pl,w1
1836,69,15,168,65,160,0.95,exp_cycles_indvary1_step4_batch_yyy07.pl,f2
1837,69,15,168,65,160,0.95,exp_cycles_indvary1_step4_batch_yyy07.pl,e2
1838,69,15,168,65,160,0.95,exp_cycles_indvary1_step4_batch_yyy07.pl,t1
1839,60,15,150,58,146,0.97,exp_cycles_indvary1_step4_batch_yyy08.pl,t3
1840,60,15,150,58,146,0.97,exp_cycles_indvary1_step4_batch_yyy08.pl,t2
1841,69,15,168,65,160,0.95,exp_cycles_indvary1_step4_batch_yyy09.pl,e1
1842,69,15,168,65,160,0.95,exp_cycles_indvary1_step4_batch_yyy09.pl,c2
1843,69,15,168,65,160,0.95,exp_cycles_indvary1_step4_batch_yyy09.pl,a3
1844,69,15,168,65,160,0.95,exp_cycles_indvary1_step4_batch_yyy09.pl,q1
1845,69,15,168,65,160,0.95,exp_cycles_indvary1_step4_batch_yyy09.pl,a2
1846,69,15,168,65,160,0.95,exp_cycles_indvary1_step4_batch_yyy09.pl,x2
1847,74,15,178,68,166,0.93,exp_cycles_indvary1_step4_batch_yyy10.pl,a1
1848,74,15,178,68,166,0.93,exp_cycles_indvary1_step4_batch_yyy10.pl,r3
1849,65,15,160,65,160,1.0,exp_cycles_indvary1_step5_batch_yyy01.pl,c1
1850,65,15,160,65,160,1.0,exp_cycles_indvary1_step5_batch_yyy01.pl,p2
1851,65,15,160,65,160,1.0,exp_cycles_indvary1_step5_batch_yyy01.pl,x4
1852,65,15,160,65,160,1.0,exp_cycles_indvary1_step5_batch_yyy01.pl,w3
1853,76,15,182,76,182,1.0,exp_cycles_indvary1_step5_batch_yyy02.pl,f1
1854,76,15,182,76,182,1.0,exp_cycles_indvary1_step5_batch_yyy02.pl,u3
1855,76,15,182,76,182,1.0,exp_cycles_indvary1_step5_batch_yyy02.pl,y1
1856,76,15,182,76,182,1.0,exp_cycles_indvary1_step5_batch_yyy02.pl,c2
1857,68,15,166,62,154,0.93,exp_cycles_indvary1_step5_batch_yyy03.pl,u3
1858,68,15,166,62,154,0.93,exp_cycles_indvary1_step5_batch_yyy03.pl,y1
1859,68,15,166,62,154,0.93,exp_cycles_indvary1_step5_batch_yyy03.pl,a2
1860,77,15,184,74,178,0.97,exp_cycles_indvary1_step5_batch_yyy04.pl,s4
1861,77,15,184,74,178,0.97,exp_cycles_indvary1_step5_batch_yyy04.pl,u1
1862,66,15,162,60,150,0.93,exp_cycles_indvary1_step5_batch_yyy05.pl,e1
1863,66,15,162,60,150,0.93,exp_cycles_indvary1_step5_batch_yyy05.pl,p2
1864,66,15,162,60,150,0.93,exp_cycles_indvary1_step5_batch_yyy05.pl,q3
1865,66,15,162,60,150,0.93,exp_cycles_indvary1_step5_batch_yyy06.pl,u4
1866,66,15,162,62,154,0.95,exp_cycles_indvary1_step5_batch_yyy06.pl,s2
1867,66,15,162,60,150,0.93,exp_cycles_indvary1_step5_batch_yyy06.pl,e2
1868,66,15,162,60,150,0.93,exp_cycles_indvary1_step5_batch_yyy06.pl,r3
1869,73,15,176,36,102,0.58,exp_cycles_indvary1_step5_batch_yyy07.pl,p4
1870,73,15,176,36,102,0.58,exp_cycles_indvary1_step5_batch_yyy07.pl,a2
1871,69,15,168,62,154,0.92,exp_cycles_indvary1_step5_batch_yyy08.pl,t4
1872,69,15,168,62,154,0.92,exp_cycles_indvary1_step5_batch_yyy08.pl,t3
1873,69,15,168,64,158,0.94,exp_cycles_indvary1_step5_batch_yyy08.pl,r3
1874,62,15,154,62,154,1.0,exp_cycles_indvary1_step5_batch_yyy09.pl,p3
1875,61,15,152,53,136,0.89,exp_cycles_indvary1_step5_batch_yyy10.pl,v2
1876,61,15,152,53,136,0.89,exp_cycles_indvary1_step5_batch_yyy10.pl,d2
1877,61,15,152,53,136,0.89,exp_cycles_indvary1_step5_batch_yyy10.pl,p1
1878,61,15,152,53,136,0.89,exp_cycles_indvary1_step5_batch_yyy10.pl,c2
1879,68,15,166,61,152,0.92,exp_cycles_indvary1_step6_batch_yyy01.pl,u5
1880,68,15,166,61,152,0.92,exp_cycles_indvary1_step6_batch_yyy01.pl,c3
1881,68,15,166,61,152,0.92,exp_cycles_indvary1_step6_batch_yyy01.pl,x5
1882,68,15,166,61,152,0.92,exp_cycles_indvary1_step6_batch_yyy01.pl,q3
1883,68,15,166,61,152,0.92,exp_cycles_indvary1_step6_batch_yyy01.pl,a2
1884,70,15,170,70,170,1.0,exp_cycles_indvary1_step6_batch_yyy02.pl,z5
1885,70,15,170,70,170,1.0,exp_cycles_indvary1_step6_batch_yyy02.pl,c2
1886,74,15,178,68,166,0.93,exp_cycles_indvary1_step6_batch_yyy03.pl,x3
1887,74,15,178,68,166,0.93,exp_cycles_indvary1_step6_batch_yyy03.pl,r2
1888,74,15,178,68,166,0.93,exp_cycles_indvary1_step6_batch_yyy03.pl,v4
1889,70,15,170,68,166,0.98,exp_cycles_indvary1_step6_batch_yyy04.pl,r2
1890,70,15,170,68,166,0.98,exp_cycles_indvary1_step6_batch_yyy04.pl,u1
1891,70,15,170,68,166,0.98,exp_cycles_indvary1_step6_batch_yyy04.pl,w4
1892,70,15,170,68,166,0.98,exp_cycles_indvary1_step6_batch_yyy04.pl,d1
1893,73,15,176,53,136,0.77,exp_cycles_indvary1_step6_batch_yyy05.pl,c3
1894,73,15,176,53,136,0.77,exp_cycles_indvary1_step6_batch_yyy05.pl,y4
1895,62,15,154,57,144,0.94,exp_cycles_indvary1_step6_batch_yyy06.pl,y4
1896,70,15,170,54,138,0.81,exp_cycles_indvary1_step6_batch_yyy07.pl,u5
1897,70,15,170,54,138,0.81,exp_cycles_indvary1_step6_batch_yyy07.pl,q4
1898,70,15,170,54,138,0.81,exp_cycles_indvary1_step6_batch_yyy07.pl,y2
1899,70,15,170,54,138,0.81,exp_cycles_indvary1_step6_batch_yyy07.pl,r2
1900,70,15,170,57,144,0.85,exp_cycles_indvary1_step6_batch_yyy07.pl,w2
1901,78,15,186,72,174,0.94,exp_cycles_indvary1_step6_batch_yyy08.pl,p4
1902,78,15,186,72,174,0.94,exp_cycles_indvary1_step6_batch_yyy08.pl,x1
1903,78,15,186,72,174,0.94,exp_cycles_indvary1_step6_batch_yyy08.pl,f2
1904,78,15,186,72,174,0.94,exp_cycles_indvary1_step6_batch_yyy08.pl,v2
1905,69,15,168,62,154,0.92,exp_cycles_indvary1_step6_batch_yyy09.pl,z3
1906,69,15,168,54,138,0.82,exp_cycles_indvary1_step6_batch_yyy09.pl,c2
1907,74,15,178,66,162,0.91,exp_cycles_indvary1_step6_batch_yyy10.pl,v2
1908,74,15,178,66,162,0.91,exp_cycles_indvary1_step6_batch_yyy10.pl,w1
1909,74,15,178,66,162,0.91,exp_cycles_indvary1_step6_batch_yyy10.pl,r5
1910,74,15,178,66,162,0.91,exp_cycles_indvary1_step6_batch_yyy10.pl,u2
1911,76,15,182,72,174,0.96,exp_cycles_indvary1_step7_batch_yyy01.pl,u4
1912,76,15,182,72,174,0.96,exp_cycles_indvary1_step7_batch_yyy01.pl,f1
1913,76,15,182,76,182,1.0,exp_cycles_indvary1_step7_batch_yyy02.pl,f2
1914,76,15,182,76,182,1.0,exp_cycles_indvary1_step7_batch_yyy02.pl,y2
1915,71,15,172,64,158,0.92,exp_cycles_indvary1_step7_batch_yyy03.pl,u1
1916,71,15,172,64,158,0.92,exp_cycles_indvary1_step7_batch_yyy03.pl,d2
1917,71,15,172,64,158,0.92,exp_cycles_indvary1_step7_batch_yyy03.pl,w3
1918,71,15,172,64,158,0.92,exp_cycles_indvary1_step7_batch_yyy03.pl,q2
1919,60,15,150,42,114,0.76,exp_cycles_indvary1_step7_batch_yyy04.pl,r2
1920,60,15,150,40,110,0.73,exp_cycles_indvary1_step7_batch_yyy04.pl,a2
1921,60,15,150,40,110,0.73,exp_cycles_indvary1_step7_batch_yyy04.pl,f1
1922,60,15,150,40,110,0.73,exp_cycles_indvary1_step7_batch_yyy04.pl,b1
1923,60,15,150,40,110,0.73,exp_cycles_indvary1_step7_batch_yyy04.pl,e2
1924,60,15,150,40,110,0.73,exp_cycles_indvary1_step7_batch_yyy04.pl,d1
1925,70,15,170,7,44,0.26,exp_cycles_indvary1_step7_batch_yyy05.pl,c3
1926,70,15,170,7,44,0.26,exp_cycles_indvary1_step7_batch_yyy05.pl,e1
1927,70,15,170,7,44,0.26,exp_cycles_indvary1_step7_batch_yyy05.pl,t3
1928,70,15,170,7,44,0.26,exp_cycles_indvary1_step7_batch_yyy05.pl,c2
1929,70,15,170,53,136,0.8,exp_cycles_indvary1_step7_batch_yyy05.pl,r5
1930,70,15,170,53,136,0.8,exp_cycles_indvary1_step7_batch_yyy05.pl,p6
1931,70,15,170,7,44,0.26,exp_cycles_indvary1_step7_batch_yyy05.pl,d1
1932,69,15,168,59,148,0.88,exp_cycles_indvary1_step7_batch_yyy06.pl,c2
1933,69,15,168,59,148,0.88,exp_cycles_indvary1_step7_batch_yyy06.pl,p3
1934,69,15,168,59,148,0.88,exp_cycles_indvary1_step7_batch_yyy06.pl,q3
1935,71,15,172,65,160,0.93,exp_cycles_indvary1_step7_batch_yyy07.pl,z5
1936,71,15,172,65,160,0.93,exp_cycles_indvary1_step7_batch_yyy07.pl,r3
1937,73,15,176,31,92,0.52,exp_cycles_indvary1_step7_batch_yyy08.pl,t5
1938,73,15,176,38,106,0.6,exp_cycles_indvary1_step7_batch_yyy08.pl,y6
1939,72,15,174,67,164,0.94,exp_cycles_indvary1_step7_batch_yyy09.pl,u2
1940,72,15,174,67,164,0.94,exp_cycles_indvary1_step7_batch_yyy09.pl,v1
1941,72,15,174,67,164,0.94,exp_cycles_indvary1_step7_batch_yyy09.pl,w1
1942,69,15,168,46,122,0.73,exp_cycles_indvary1_step7_batch_yyy10.pl,t3
1943,69,15,168,46,122,0.73,exp_cycles_indvary1_step7_batch_yyy10.pl,v1
1944,75,15,180,57,144,0.8,exp_cycles_indvary1_step8_batch_yyy02.pl,b2
1945,75,15,180,62,154,0.86,exp_cycles_indvary1_step8_batch_yyy02.pl,y4
1946,75,15,180,57,144,0.8,exp_cycles_indvary1_step8_batch_yyy02.pl,f1
1947,75,15,180,57,144,0.8,exp_cycles_indvary1_step8_batch_yyy02.pl,a1
1948,75,15,180,59,148,0.82,exp_cycles_indvary1_step8_batch_yyy02.pl,z1
1949,75,15,180,57,144,0.8,exp_cycles_indvary1_step8_batch_yyy02.pl,c2
1950,74,15,178,31,92,0.52,exp_cycles_indvary1_step8_batch_yyy03.pl,w4
1951,74,15,178,18,66,0.37,exp_cycles_indvary1_step8_batch_yyy03.pl,r3
1952,74,15,178,14,58,0.33,exp_cycles_indvary1_step8_batch_yyy03.pl,v1
1953,73,15,176,64,158,0.9,exp_cycles_indvary1_step8_batch_yyy04.pl,w1
1954,73,15,176,64,158,0.9,exp_cycles_indvary1_step8_batch_yyy04.pl,r1
1955,70,15,170,15,60,0.35,exp_cycles_indvary1_step8_batch_yyy05.pl,e1
1956,70,15,170,24,78,0.46,exp_cycles_indvary1_step8_batch_yyy05.pl,p5
1957,70,15,170,17,64,0.38,exp_cycles_indvary1_step8_batch_yyy05.pl,t5
1958,60,15,150,48,126,0.84,exp_cycles_indvary1_step8_batch_yyy06.pl,u7
1959,60,15,150,48,126,0.84,exp_cycles_indvary1_step8_batch_yyy06.pl,x6
1960,60,15,150,48,126,0.84,exp_cycles_indvary1_step8_batch_yyy06.pl,e2
1961,68,15,166,57,144,0.87,exp_cycles_indvary1_step8_batch_yyy07.pl,a1
1962,75,15,180,60,150,0.83,exp_cycles_indvary1_step8_batch_yyy08.pl,e2
1963,71,15,172,61,152,0.88,exp_cycles_indvary1_step8_batch_yyy09.pl,b2
1964,71,15,172,61,152,0.88,exp_cycles_indvary1_step8_batch_yyy09.pl,c3
1965,71,15,172,61,152,0.88,exp_cycles_indvary1_step8_batch_yyy09.pl,c1
1966,71,15,172,61,152,0.88,exp_cycles_indvary1_step8_batch_yyy09.pl,z2
1967,72,15,174,50,130,0.75,exp_cycles_indvary1_step8_batch_yyy10.pl,x7
1968,72,15,174,36,102,0.59,exp_cycles_indvary1_step8_batch_yyy10.pl,x6
1969,72,15,174,36,102,0.59,exp_cycles_indvary1_step8_batch_yyy10.pl,a1
1970,72,15,174,36,102,0.59,exp_cycles_indvary1_step8_batch_yyy10.pl,d1
1971,72,15,174,36,102,0.59,exp_cycles_indvary1_step8_batch_yyy10.pl,a2
1972,72,15,174,36,102,0.59,exp_cycles_indvary1_step8_batch_yyy10.pl,a3
1973,69,15,168,69,168,1.0,exp_cycles_indvary2_step1_batch_yyy01.pl,b2
1974,69,15,168,69,168,1.0,exp_cycles_indvary2_step1_batch_yyy01.pl,b3
1975,69,15,168,69,168,1.0,exp_cycles_indvary2_step1_batch_yyy01.pl,c2
1976,69,15,168,69,168,1.0,exp_cycles_indvary2_step1_batch_yyy01.pl,a1
1977,70,15,170,70,170,1.0,exp_cycles_indvary2_step1_batch_yyy02.pl,d2
1978,70,15,170,70,170,1.0,exp_cycles_indvary2_step1_batch_yyy02.pl,r3
1979,70,15,170,70,170,1.0,exp_cycles_indvary2_step1_batch_yyy02.pl,q2
1980,71,15,172,66,162,0.94,exp_cycles_indvary2_step1_batch_yyy03.pl,c3
1981,71,15,172,66,162,0.94,exp_cycles_indvary2_step1_batch_yyy03.pl,b2
1982,71,15,172,66,162,0.94,exp_cycles_indvary2_step1_batch_yyy03.pl,a1
1983,70,15,170,70,170,1.0,exp_cycles_indvary2_step1_batch_yyy04.pl,r1
1984,70,15,170,70,170,1.0,exp_cycles_indvary2_step1_batch_yyy04.pl,a3
1985,70,15,170,70,170,1.0,exp_cycles_indvary2_step1_batch_yyy04.pl,q1
1986,70,15,170,70,170,1.0,exp_cycles_indvary2_step1_batch_yyy04.pl,f2
1987,64,15,158,64,158,1.0,exp_cycles_indvary2_step1_batch_yyy05.pl,s1
1988,68,15,166,68,166,1.0,exp_cycles_indvary2_step1_batch_yyy06.pl,y2
1989,74,15,178,74,178,1.0,exp_cycles_indvary2_step1_batch_yyy07.pl,b2
1990,74,15,178,74,178,1.0,exp_cycles_indvary2_step1_batch_yyy07.pl,p3
1991,74,15,178,74,178,1.0,exp_cycles_indvary2_step1_batch_yyy07.pl,a3
1992,74,15,178,74,178,1.0,exp_cycles_indvary2_step1_batch_yyy07.pl,x1
1993,72,15,174,72,174,1.0,exp_cycles_indvary2_step1_batch_yyy08.pl,e1
1994,72,15,174,72,174,1.0,exp_cycles_indvary2_step1_batch_yyy08.pl,z1
1995,72,15,174,72,174,1.0,exp_cycles_indvary2_step1_batch_yyy08.pl,f2
1996,66,15,162,66,162,1.0,exp_cycles_indvary2_step1_batch_yyy09.pl,c3
1997,66,15,162,66,162,1.0,exp_cycles_indvary2_step1_batch_yyy09.pl,r1
1998,66,15,162,66,162,1.0,exp_cycles_indvary2_step1_batch_yyy09.pl,p2
1999,66,15,162,66,162,1.0,exp_cycles_indvary2_step1_batch_yyy09.pl,q3
2000,75,15,180,66,162,0.9,exp_cycles_indvary2_step1_batch_yyy10.pl,y1
2001,75,15,180,66,162,0.9,exp_cycles_indvary2_step1_batch_yyy10.pl,r2
2002,75,15,180,66,162,0.9,exp_cycles_indvary2_step1_batch_yyy10.pl,a3
2003,135,15,300,135,300,1.0,exp_cycles_indvary2_step2_batch_yyy01.pl,a3
2004,135,15,300,135,300,1.0,exp_cycles_indvary2_step2_batch_yyy01.pl,x1
2005,131,15,292,131,292,1.0,exp_cycles_indvary2_step2_batch_yyy02.pl,f1
2006,131,15,292,131,292,1.0,exp_cycles_indvary2_step2_batch_yyy02.pl,a3
2007,131,15,292,131,292,1.0,exp_cycles_indvary2_step2_batch_yyy02.pl,p1
2008,132,15,294,132,294,1.0,exp_cycles_indvary2_step2_batch_yyy03.pl,c3
2009,132,15,294,132,294,1.0,exp_cycles_indvary2_step2_batch_yyy03.pl,b3
2010,132,15,294,132,294,1.0,exp_cycles_indvary2_step2_batch_yyy03.pl,e1
2011,132,15,294,132,294,1.0,exp_cycles_indvary2_step2_batch_yyy03.pl,w1
2012,132,15,294,132,294,1.0,exp_cycles_indvary2_step2_batch_yyy03.pl,p1
2013,132,15,294,132,294,1.0,exp_cycles_indvary2_step2_batch_yyy03.pl,r3
2014,132,15,294,132,294,1.0,exp_cycles_indvary2_step2_batch_yyy03.pl,d1
2015,135,15,300,135,300,1.0,exp_cycles_indvary2_step2_batch_yyy04.pl,f1
2016,135,15,300,135,300,1.0,exp_cycles_indvary2_step2_batch_yyy04.pl,d2
2017,135,15,300,135,300,1.0,exp_cycles_indvary2_step2_batch_yyy04.pl,q1
2018,135,15,300,135,300,1.0,exp_cycles_indvary2_step2_batch_yyy04.pl,p1
2019,135,15,300,135,300,1.0,exp_cycles_indvary2_step2_batch_yyy04.pl,f2
2020,124,15,278,124,278,1.0,exp_cycles_indvary2_step2_batch_yyy05.pl,c1
2021,124,15,278,124,278,1.0,exp_cycles_indvary2_step2_batch_yyy05.pl,p1
2022,124,15,278,124,278,1.0,exp_cycles_indvary2_step2_batch_yyy05.pl,s2
2023,124,15,278,124,278,1.0,exp_cycles_indvary2_step2_batch_yyy05.pl,b1
2024,141,15,312,141,312,1.0,exp_cycles_indvary2_step2_batch_yyy06.pl,b2
2025,141,15,312,141,312,1.0,exp_cycles_indvary2_step2_batch_yyy06.pl,b3
2026,141,15,312,141,312,1.0,exp_cycles_indvary2_step2_batch_yyy06.pl,f1
2027,141,15,312,141,312,1.0,exp_cycles_indvary2_step2_batch_yyy06.pl,p3
2028,131,15,292,131,292,1.0,exp_cycles_indvary2_step2_batch_yyy07.pl,b1
2029,131,15,292,131,292,1.0,exp_cycles_indvary2_step2_batch_yyy07.pl,a2
2030,131,15,292,131,292,1.0,exp_cycles_indvary2_step2_batch_yyy07.pl,f2
2031,132,15,294,132,294,1.0,exp_cycles_indvary2_step2_batch_yyy08.pl,b3
2032,132,15,294,132,294,1.0,exp_cycles_indvary2_step2_batch_yyy08.pl,e1
2033,132,15,294,132,294,1.0,exp_cycles_indvary2_step2_batch_yyy08.pl,p2
2034,132,15,294,132,294,1.0,exp_cycles_indvary2_step2_batch_yyy08.pl,y2
2035,131,15,292,131,292,1.0,exp_cycles_indvary2_step2_batch_yyy09.pl,c3
2036,131,15,292,131,292,1.0,exp_cycles_indvary2_step2_batch_yyy09.pl,b2
2037,131,15,292,131,292,1.0,exp_cycles_indvary2_step2_batch_yyy09.pl,b1
2038,131,15,292,131,292,1.0,exp_cycles_indvary2_step2_batch_yyy09.pl,p3
2039,131,15,292,131,292,1.0,exp_cycles_indvary2_step2_batch_yyy09.pl,y2
2040,126,15,282,126,282,1.0,exp_cycles_indvary2_step2_batch_yyy10.pl,q1
2041,126,15,282,126,282,1.0,exp_cycles_indvary2_step2_batch_yyy10.pl,y2
2042,126,15,282,126,282,1.0,exp_cycles_indvary2_step2_batch_yyy10.pl,x1
2043,197,15,424,197,424,1.0,exp_cycles_indvary2_step3_batch_yyy01.pl,w1
2044,197,15,424,197,424,1.0,exp_cycles_indvary2_step3_batch_yyy01.pl,s1
2045,186,15,402,186,402,1.0,exp_cycles_indvary2_step3_batch_yyy02.pl,e1
2046,186,15,402,186,402,1.0,exp_cycles_indvary2_step3_batch_yyy02.pl,z2
2047,186,15,402,186,402,1.0,exp_cycles_indvary2_step3_batch_yyy02.pl,p2
2048,186,15,402,186,402,1.0,exp_cycles_indvary2_step3_batch_yyy02.pl,a3
2049,185,15,400,185,400,1.0,exp_cycles_indvary2_step3_batch_yyy03.pl,u1
2050,185,15,400,185,400,1.0,exp_cycles_indvary2_step3_batch_yyy03.pl,c2
2051,185,15,400,185,400,1.0,exp_cycles_indvary2_step3_batch_yyy03.pl,p3
2052,185,15,400,185,400,1.0,exp_cycles_indvary2_step3_batch_yyy03.pl,t2
2053,185,15,400,185,400,1.0,exp_cycles_indvary2_step3_batch_yyy03.pl,p2
2054,185,15,400,185,400,1.0,exp_cycles_indvary2_step3_batch_yyy03.pl,x1
2055,185,15,400,185,400,1.0,exp_cycles_indvary2_step3_batch_yyy03.pl,r3
2056,184,15,398,184,398,1.0,exp_cycles_indvary2_step3_batch_yyy04.pl,t1
2057,200,15,430,200,430,1.0,exp_cycles_indvary2_step3_batch_yyy05.pl,d2
2058,200,15,430,200,430,1.0,exp_cycles_indvary2_step3_batch_yyy05.pl,c2
2059,199,15,428,199,428,1.0,exp_cycles_indvary2_step3_batch_yyy06.pl,c3
2060,199,15,428,199,428,1.0,exp_cycles_indvary2_step3_batch_yyy06.pl,x2
2061,199,15,428,199,428,1.0,exp_cycles_indvary2_step3_batch_yyy06.pl,y1
2062,199,15,428,199,428,1.0,exp_cycles_indvary2_step3_batch_yyy06.pl,q1
2063,194,15,418,194,418,1.0,exp_cycles_indvary2_step3_batch_yyy07.pl,b1
2064,194,15,418,194,418,1.0,exp_cycles_indvary2_step3_batch_yyy07.pl,d2
2065,190,15,410,190,410,1.0,exp_cycles_indvary2_step3_batch_yyy08.pl,b2
2066,190,15,410,190,410,1.0,exp_cycles_indvary2_step3_batch_yyy08.pl,t2
2067,190,15,410,190,410,1.0,exp_cycles_indvary2_step3_batch_yyy08.pl,e2
2068,190,15,410,190,410,1.0,exp_cycles_indvary2_step3_batch_yyy08.pl,r2
2069,190,15,410,190,410,1.0,exp_cycles_indvary2_step3_batch_yyy08.pl,a1
2070,181,15,392,181,392,1.0,exp_cycles_indvary2_step3_batch_yyy10.pl,c3
2071,181,15,392,181,392,1.0,exp_cycles_indvary2_step3_batch_yyy10.pl,b3
2072,181,15,392,181,392,1.0,exp_cycles_indvary2_step3_batch_yyy10.pl,w1
2073,181,15,392,181,392,1.0,exp_cycles_indvary2_step3_batch_yyy10.pl,f2
2074,181,15,392,181,392,1.0,exp_cycles_indvary2_step3_batch_yyy10.pl,s1
2075,181,15,392,181,392,1.0,exp_cycles_indvary2_step3_batch_yyy10.pl,r1
2076,252,15,534,252,534,1.0,exp_cycles_indvary2_step4_batch_yyy01.pl,w2
2077,252,15,534,252,534,1.0,exp_cycles_indvary2_step4_batch_yyy01.pl,c2
2078,252,15,534,252,534,1.0,exp_cycles_indvary2_step4_batch_yyy01.pl,s1
2079,252,15,534,252,534,1.0,exp_cycles_indvary2_step4_batch_yyy01.pl,a1
2080,252,15,534,252,534,1.0,exp_cycles_indvary2_step4_batch_yyy01.pl,a2
2081,254,15,538,254,538,1.0,exp_cycles_indvary2_step4_batch_yyy02.pl,p2
2082,254,15,538,254,538,1.0,exp_cycles_indvary2_step4_batch_yyy02.pl,u2
2083,254,15,538,254,538,1.0,exp_cycles_indvary2_step4_batch_yyy02.pl,p1
2084,242,15,514,242,514,1.0,exp_cycles_indvary2_step4_batch_yyy03.pl,x1
2085,255,15,540,255,540,1.0,exp_cycles_indvary2_step4_batch_yyy04.pl,a3
2086,255,15,540,255,540,1.0,exp_cycles_indvary2_step4_batch_yyy04.pl,x1
2087,255,15,540,255,540,1.0,exp_cycles_indvary2_step4_batch_yyy04.pl,t2
2088,243,15,516,243,516,1.0,exp_cycles_indvary2_step4_batch_yyy05.pl,e1
2089,243,15,516,243,516,1.0,exp_cycles_indvary2_step4_batch_yyy05.pl,f1
2090,243,15,516,243,516,1.0,exp_cycles_indvary2_step4_batch_yyy05.pl,w1
2091,243,15,516,243,516,1.0,exp_cycles_indvary2_step4_batch_yyy05.pl,a2
2092,247,15,524,247,524,1.0,exp_cycles_indvary2_step4_batch_yyy06.pl,e1
2093,247,15,524,247,524,1.0,exp_cycles_indvary2_step4_batch_yyy06.pl,q3
2094,247,15,524,247,524,1.0,exp_cycles_indvary2_step4_batch_yyy06.pl,a1
2095,247,15,524,247,524,1.0,exp_cycles_indvary2_step4_batch_yyy06.pl,d1
2096,251,15,532,251,532,1.0,exp_cycles_indvary2_step4_batch_yyy07.pl,c3
2097,251,15,532,251,532,1.0,exp_cycles_indvary2_step4_batch_yyy07.pl,v2
2098,251,15,532,251,532,1.0,exp_cycles_indvary2_step4_batch_yyy07.pl,v1
2099,248,15,526,248,526,1.0,exp_cycles_indvary2_step4_batch_yyy08.pl,v1
2100,248,15,526,248,526,1.0,exp_cycles_indvary2_step4_batch_yyy08.pl,d2
2101,248,15,526,248,526,1.0,exp_cycles_indvary2_step4_batch_yyy08.pl,c1
2102,248,15,526,248,526,1.0,exp_cycles_indvary2_step4_batch_yyy08.pl,e2
2103,248,15,526,248,526,1.0,exp_cycles_indvary2_step4_batch_yyy08.pl,u2
2104,252,15,534,252,534,1.0,exp_cycles_indvary2_step4_batch_yyy09.pl,e1
2105,252,15,534,252,534,1.0,exp_cycles_indvary2_step4_batch_yyy09.pl,r1
2106,252,15,534,252,534,1.0,exp_cycles_indvary2_step4_batch_yyy09.pl,p2
2107,252,15,534,252,534,1.0,exp_cycles_indvary2_step4_batch_yyy09.pl,a1
2108,252,15,534,252,534,1.0,exp_cycles_indvary2_step4_batch_yyy09.pl,f2
2109,247,15,524,247,524,1.0,exp_cycles_indvary2_step4_batch_yyy10.pl,a3
2110,247,15,524,247,524,1.0,exp_cycles_indvary2_step4_batch_yyy10.pl,a1
2111,247,15,524,247,524,1.0,exp_cycles_indvary2_step4_batch_yyy10.pl,t1
2112,247,15,524,247,524,1.0,exp_cycles_indvary2_step4_batch_yyy10.pl,p1
2113,247,15,524,247,524,1.0,exp_cycles_indvary2_step4_batch_yyy10.pl,f2
2114,247,15,524,247,524,1.0,exp_cycles_indvary2_step4_batch_yyy10.pl,y1
2115,247,15,524,247,524,1.0,exp_cycles_indvary2_step4_batch_yyy10.pl,s1
2116,247,15,524,247,524,1.0,exp_cycles_indvary2_step4_batch_yyy10.pl,d2
2117,307,15,644,307,644,1.0,exp_cycles_indvary2_step5_batch_yyy01.pl,p3
2118,307,15,644,307,644,1.0,exp_cycles_indvary2_step5_batch_yyy01.pl,x1
2119,307,15,644,307,644,1.0,exp_cycles_indvary2_step5_batch_yyy01.pl,r3
2120,307,15,644,307,644,1.0,exp_cycles_indvary2_step5_batch_yyy01.pl,q2
2121,305,15,640,305,640,1.0,exp_cycles_indvary2_step5_batch_yyy02.pl,v2
2122,305,15,640,305,640,1.0,exp_cycles_indvary2_step5_batch_yyy02.pl,f1
2123,305,15,640,305,640,1.0,exp_cycles_indvary2_step5_batch_yyy02.pl,x2
2124,305,15,640,305,640,1.0,exp_cycles_indvary2_step5_batch_yyy02.pl,x1
2125,317,15,664,317,664,1.0,exp_cycles_indvary2_step5_batch_yyy03.pl,f1
2126,317,15,664,317,664,1.0,exp_cycles_indvary2_step5_batch_yyy03.pl,c2
2127,317,15,664,317,664,1.0,exp_cycles_indvary2_step5_batch_yyy03.pl,x2
2128,317,15,664,317,664,1.0,exp_cycles_indvary2_step5_batch_yyy03.pl,z2
2129,318,15,666,318,666,1.0,exp_cycles_indvary2_step5_batch_yyy04.pl,r1
2130,318,15,666,318,666,1.0,exp_cycles_indvary2_step5_batch_yyy04.pl,x1
2131,313,15,656,313,656,1.0,exp_cycles_indvary2_step5_batch_yyy05.pl,a1
2132,313,15,656,313,656,1.0,exp_cycles_indvary2_step5_batch_yyy05.pl,u2
2133,313,15,656,313,656,1.0,exp_cycles_indvary2_step5_batch_yyy05.pl,q3
2134,315,15,660,315,660,1.0,exp_cycles_indvary2_step5_batch_yyy06.pl,b1
2135,315,15,660,315,660,1.0,exp_cycles_indvary2_step5_batch_yyy06.pl,d2
2136,315,15,660,315,660,1.0,exp_cycles_indvary2_step5_batch_yyy06.pl,t1
2137,315,15,660,315,660,1.0,exp_cycles_indvary2_step5_batch_yyy06.pl,a1
2138,309,15,648,309,648,1.0,exp_cycles_indvary2_step5_batch_yyy07.pl,c3
2139,309,15,648,309,648,1.0,exp_cycles_indvary2_step5_batch_yyy07.pl,b1
2140,309,15,648,309,648,1.0,exp_cycles_indvary2_step5_batch_yyy07.pl,q3
2141,309,15,648,309,648,1.0,exp_cycles_indvary2_step5_batch_yyy07.pl,r2
2142,309,15,648,309,648,1.0,exp_cycles_indvary2_step5_batch_yyy07.pl,u1
2143,302,15,634,302,634,1.0,exp_cycles_indvary2_step5_batch_yyy08.pl,c2
2144,302,15,634,302,634,1.0,exp_cycles_indvary2_step5_batch_yyy08.pl,p3
2145,302,15,634,302,634,1.0,exp_cycles_indvary2_step5_batch_yyy08.pl,y2
2146,302,15,634,302,634,1.0,exp_cycles_indvary2_step5_batch_yyy08.pl,d1
2147,302,15,634,302,634,1.0,exp_cycles_indvary2_step5_batch_yyy08.pl,c1
2148,305,15,640,305,640,1.0,exp_cycles_indvary2_step5_batch_yyy09.pl,w2
2149,305,15,640,305,640,1.0,exp_cycles_indvary2_step5_batch_yyy09.pl,d2
2150,305,15,640,305,640,1.0,exp_cycles_indvary2_step5_batch_yyy09.pl,b2
2151,308,15,646,308,646,1.0,exp_cycles_indvary2_step5_batch_yyy10.pl,r2
2152,308,15,646,308,646,1.0,exp_cycles_indvary2_step5_batch_yyy10.pl,r3
2153,308,15,646,308,646,1.0,exp_cycles_indvary2_step5_batch_yyy10.pl,v1
2154,308,15,646,308,646,1.0,exp_cycles_indvary2_step5_batch_yyy10.pl,p3
2155,364,15,758,364,758,1.0,exp_cycles_indvary2_step6_batch_yyy01.pl,w1
2156,364,15,758,364,758,1.0,exp_cycles_indvary2_step6_batch_yyy01.pl,q2
2157,364,15,758,364,758,1.0,exp_cycles_indvary2_step6_batch_yyy01.pl,c2
2158,364,15,758,364,758,1.0,exp_cycles_indvary2_step6_batch_yyy01.pl,b1
2159,364,15,758,364,758,1.0,exp_cycles_indvary2_step6_batch_yyy01.pl,c1
2160,364,15,758,364,758,1.0,exp_cycles_indvary2_step6_batch_yyy01.pl,z2
2161,362,15,754,362,754,1.0,exp_cycles_indvary2_step6_batch_yyy02.pl,p3
2162,362,15,754,362,754,1.0,exp_cycles_indvary2_step6_batch_yyy02.pl,x1
2163,362,15,754,362,754,1.0,exp_cycles_indvary2_step6_batch_yyy02.pl,p1
2164,362,15,754,362,754,1.0,exp_cycles_indvary2_step6_batch_yyy02.pl,s2
2165,362,15,754,362,754,1.0,exp_cycles_indvary2_step6_batch_yyy02.pl,z1
2166,364,15,758,364,758,1.0,exp_cycles_indvary2_step6_batch_yyy03.pl,f1
2167,364,15,758,364,758,1.0,exp_cycles_indvary2_step6_batch_yyy03.pl,s2
2168,364,15,758,364,758,1.0,exp_cycles_indvary2_step6_batch_yyy03.pl,w1
2169,364,15,758,364,758,1.0,exp_cycles_indvary2_step6_batch_yyy03.pl,y1
2170,364,15,758,364,758,1.0,exp_cycles_indvary2_step6_batch_yyy03.pl,y2
2171,364,15,758,364,758,1.0,exp_cycles_indvary2_step6_batch_yyy03.pl,q1
2172,371,15,772,371,772,1.0,exp_cycles_indvary2_step6_batch_yyy04.pl,t1
2173,371,15,772,371,772,1.0,exp_cycles_indvary2_step6_batch_yyy04.pl,t2
2174,381,15,792,381,792,1.0,exp_cycles_indvary2_step6_batch_yyy05.pl,w1
2175,381,15,792,381,792,1.0,exp_cycles_indvary2_step6_batch_yyy05.pl,y1
2176,381,15,792,381,792,1.0,exp_cycles_indvary2_step6_batch_yyy05.pl,r2
2177,381,15,792,381,792,1.0,exp_cycles_indvary2_step6_batch_yyy05.pl,p1
2178,367,15,764,367,764,1.0,exp_cycles_indvary2_step6_batch_yyy06.pl,t1
2179,367,15,764,367,764,1.0,exp_cycles_indvary2_step6_batch_yyy06.pl,f2
2180,379,15,788,379,788,1.0,exp_cycles_indvary2_step6_batch_yyy07.pl,z1
2181,379,15,788,379,788,1.0,exp_cycles_indvary2_step6_batch_yyy07.pl,p3
2182,379,15,788,379,788,1.0,exp_cycles_indvary2_step6_batch_yyy07.pl,r3
2183,379,15,788,379,788,1.0,exp_cycles_indvary2_step6_batch_yyy07.pl,c3
2184,379,15,788,379,788,1.0,exp_cycles_indvary2_step6_batch_yyy07.pl,x1
2185,380,15,790,380,790,1.0,exp_cycles_indvary2_step6_batch_yyy08.pl,c3
2186,380,15,790,380,790,1.0,exp_cycles_indvary2_step6_batch_yyy08.pl,v1
2187,380,15,790,380,790,1.0,exp_cycles_indvary2_step6_batch_yyy08.pl,d1
2188,380,15,790,380,790,1.0,exp_cycles_indvary2_step6_batch_yyy08.pl,u2
2189,371,15,772,371,772,1.0,exp_cycles_indvary2_step6_batch_yyy09.pl,s2
2190,371,15,772,371,772,1.0,exp_cycles_indvary2_step6_batch_yyy09.pl,z2
2191,371,15,772,371,772,1.0,exp_cycles_indvary2_step6_batch_yyy09.pl,u2
2192,371,15,772,371,772,1.0,exp_cycles_indvary2_step6_batch_yyy09.pl,r2
2193,371,15,772,371,772,1.0,exp_cycles_indvary2_step6_batch_yyy10.pl,c2
2194,371,15,772,371,772,1.0,exp_cycles_indvary2_step6_batch_yyy10.pl,z2
2195,371,15,772,371,772,1.0,exp_cycles_indvary2_step6_batch_yyy10.pl,y1
2196,371,15,772,371,772,1.0,exp_cycles_indvary2_step6_batch_yyy10.pl,y2
2197,371,15,772,371,772,1.0,exp_cycles_indvary2_step6_batch_yyy10.pl,q1
2198,371,15,772,371,772,1.0,exp_cycles_indvary2_step6_batch_yyy10.pl,b3
2199,432,15,894,432,894,1.0,exp_cycles_indvary2_step7_batch_yyy01.pl,v1
2200,432,15,894,432,894,1.0,exp_cycles_indvary2_step7_batch_yyy01.pl,t2
2201,433,15,896,433,896,1.0,exp_cycles_indvary2_step7_batch_yyy02.pl,f1
2202,433,15,896,433,896,1.0,exp_cycles_indvary2_step7_batch_yyy02.pl,c1
2203,433,15,896,433,896,1.0,exp_cycles_indvary2_step7_batch_yyy02.pl,d2
2204,441,15,912,441,912,1.0,exp_cycles_indvary2_step7_batch_yyy03.pl,c2
2205,441,15,912,441,912,1.0,exp_cycles_indvary2_step7_batch_yyy03.pl,y2
2206,434,15,898,434,898,1.0,exp_cycles_indvary2_step7_batch_yyy04.pl,w1
2207,434,15,898,434,898,1.0,exp_cycles_indvary2_step7_batch_yyy04.pl,t1
2208,434,15,898,434,898,1.0,exp_cycles_indvary2_step7_batch_yyy04.pl,q1
2209,416,15,862,416,862,1.0,exp_cycles_indvary2_step7_batch_yyy05.pl,y2
2210,416,15,862,416,862,1.0,exp_cycles_indvary2_step7_batch_yyy05.pl,a1
2211,416,15,862,416,862,1.0,exp_cycles_indvary2_step7_batch_yyy05.pl,b3
2212,424,15,878,424,878,1.0,exp_cycles_indvary2_step7_batch_yyy06.pl,c2
2213,424,15,878,424,878,1.0,exp_cycles_indvary2_step7_batch_yyy06.pl,a1
2214,436,15,902,436,902,1.0,exp_cycles_indvary2_step7_batch_yyy07.pl,c1
2215,436,15,902,436,902,1.0,exp_cycles_indvary2_step7_batch_yyy07.pl,c2
2216,431,15,892,431,892,1.0,exp_cycles_indvary2_step7_batch_yyy08.pl,b1
2217,431,15,892,431,892,1.0,exp_cycles_indvary2_step7_batch_yyy09.pl,v2
2218,431,15,892,431,892,1.0,exp_cycles_indvary2_step7_batch_yyy09.pl,t2
2219,431,15,892,431,892,1.0,exp_cycles_indvary2_step7_batch_yyy09.pl,q3
2220,437,15,904,437,904,1.0,exp_cycles_indvary2_step7_batch_yyy10.pl,s2
2221,437,15,904,437,904,1.0,exp_cycles_indvary2_step7_batch_yyy10.pl,p1
2222,437,15,904,437,904,1.0,exp_cycles_indvary2_step7_batch_yyy10.pl,f1
2223,437,15,904,437,904,1.0,exp_cycles_indvary2_step7_batch_yyy10.pl,a2
2224,485,15,1000,485,1000,1.0,exp_cycles_indvary2_step8_batch_yyy01.pl,w2
2225,485,15,1000,485,1000,1.0,exp_cycles_indvary2_step8_batch_yyy01.pl,x2
2226,485,15,1000,485,1000,1.0,exp_cycles_indvary2_step8_batch_yyy01.pl,q3
2227,485,15,1000,485,1000,1.0,exp_cycles_indvary2_step8_batch_yyy01.pl,e2
2228,490,15,1010,490,1010,1.0,exp_cycles_indvary2_step8_batch_yyy02.pl,y1
2229,490,15,1010,490,1010,1.0,exp_cycles_indvary2_step8_batch_yyy02.pl,r3
2230,490,15,1010,490,1010,1.0,exp_cycles_indvary2_step8_batch_yyy02.pl,u2
2231,483,15,996,483,996,1.0,exp_cycles_indvary2_step8_batch_yyy03.pl,v2
2232,483,15,996,483,996,1.0,exp_cycles_indvary2_step8_batch_yyy03.pl,x2
2233,483,15,996,483,996,1.0,exp_cycles_indvary2_step8_batch_yyy03.pl,r2
2234,483,15,996,483,996,1.0,exp_cycles_indvary2_step8_batch_yyy03.pl,u2
2235,496,15,1022,496,1022,1.0,exp_cycles_indvary2_step8_batch_yyy04.pl,p2
2236,496,15,1022,496,1022,1.0,exp_cycles_indvary2_step8_batch_yyy04.pl,a3
2237,496,15,1022,496,1022,1.0,exp_cycles_indvary2_step8_batch_yyy04.pl,x1
2238,496,15,1022,496,1022,1.0,exp_cycles_indvary2_step8_batch_yyy04.pl,v1
2239,496,15,1022,496,1022,1.0,exp_cycles_indvary2_step8_batch_yyy04.pl,w1
2240,500,15,1030,500,1030,1.0,exp_cycles_indvary2_step8_batch_yyy05.pl,v2
2241,500,15,1030,500,1030,1.0,exp_cycles_indvary2_step8_batch_yyy05.pl,x1
2242,485,15,1000,485,1000,1.0,exp_cycles_indvary2_step8_batch_yyy06.pl,a3
2243,485,15,1000,485,1000,1.0,exp_cycles_indvary2_step8_batch_yyy06.pl,x1
2244,485,15,1000,485,1000,1.0,exp_cycles_indvary2_step8_batch_yyy06.pl,d1
2245,485,15,1000,485,1000,1.0,exp_cycles_indvary2_step8_batch_yyy06.pl,u2
2246,485,15,1000,485,1000,1.0,exp_cycles_indvary2_step8_batch_yyy06.pl,q1
2247,493,15,1016,493,1016,1.0,exp_cycles_indvary2_step8_batch_yyy07.pl,s1
2248,493,15,1016,493,1016,1.0,exp_cycles_indvary2_step8_batch_yyy07.pl,p2
2249,493,15,1016,493,1016,1.0,exp_cycles_indvary2_step8_batch_yyy07.pl,t2
2250,491,15,1012,491,1012,1.0,exp_cycles_indvary2_step8_batch_yyy08.pl,f1
2251,491,15,1012,491,1012,1.0,exp_cycles_indvary2_step8_batch_yyy08.pl,q1
2252,491,15,1012,491,1012,1.0,exp_cycles_indvary2_step8_batch_yyy08.pl,x2
2253,493,15,1016,493,1016,1.0,exp_cycles_indvary2_step8_batch_yyy09.pl,f1
2254,493,15,1016,493,1016,1.0,exp_cycles_indvary2_step8_batch_yyy09.pl,z1
2255,493,15,1016,493,1016,1.0,exp_cycles_indvary2_step8_batch_yyy09.pl,d1
2256,498,15,1026,498,1026,1.0,exp_cycles_indvary2_step8_batch_yyy10.pl,q3
2257,74,15,178,58,146,0.82,exp_cycles_indvary3_step1_batch_yyy01.pl,y3
2258,74,15,178,58,146,0.82,exp_cycles_indvary3_step1_batch_yyy01.pl,d1
2259,74,15,178,58,146,0.82,exp_cycles_indvary3_step1_batch_yyy01.pl,a2
2260,74,15,178,63,156,0.88,exp_cycles_indvary3_step1_batch_yyy01.pl,r2
2261,82,15,194,82,194,1.0,exp_cycles_indvary3_step1_batch_yyy02.pl,p2
2262,82,15,194,82,194,1.0,exp_cycles_indvary3_step1_batch_yyy02.pl,f2
2263,82,15,194,82,194,1.0,exp_cycles_indvary3_step1_batch_yyy02.pl,c3
2264,66,15,162,50,130,0.8,exp_cycles_indvary3_step1_batch_yyy03.pl,p3
2265,66,15,162,58,146,0.9,exp_cycles_indvary3_step1_batch_yyy03.pl,q3
2266,66,15,162,50,130,0.8,exp_cycles_indvary3_step1_batch_yyy03.pl,q1
2267,66,15,162,50,130,0.8,exp_cycles_indvary3_step1_batch_yyy03.pl,b3
2268,62,15,154,49,128,0.83,exp_cycles_indvary3_step1_batch_yyy04.pl,v2
2269,62,15,154,54,138,0.9,exp_cycles_indvary3_step1_batch_yyy04.pl,y2
2270,62,15,154,49,128,0.83,exp_cycles_indvary3_step1_batch_yyy04.pl,q2
2271,62,15,154,49,128,0.83,exp_cycles_indvary3_step1_batch_yyy04.pl,c1
2272,62,15,154,49,128,0.83,exp_cycles_indvary3_step1_batch_yyy04.pl,t2
2273,74,15,178,57,144,0.81,exp_cycles_indvary3_step1_batch_yyy05.pl,b1
2274,74,15,178,57,144,0.81,exp_cycles_indvary3_step1_batch_yyy05.pl,u3
2275,65,15,160,59,148,0.93,exp_cycles_indvary3_step1_batch_yyy06.pl,u3
2276,65,15,160,59,148,0.93,exp_cycles_indvary3_step1_batch_yyy06.pl,y2
2277,65,15,160,59,148,0.93,exp_cycles_indvary3_step1_batch_yyy06.pl,v3
2278,65,15,160,59,148,0.93,exp_cycles_indvary3_step1_batch_yyy06.pl,c2
2279,65,15,160,59,148,0.93,exp_cycles_indvary3_step1_batch_yyy06.pl,b1
2280,80,15,190,80,190,1.0,exp_cycles_indvary3_step1_batch_yyy07.pl,r1
2281,80,15,190,80,190,1.0,exp_cycles_indvary3_step1_batch_yyy07.pl,s2
2282,80,15,190,80,190,1.0,exp_cycles_indvary3_step1_batch_yyy07.pl,c2
2283,63,15,156,55,140,0.9,exp_cycles_indvary3_step1_batch_yyy08.pl,q3
2284,63,15,156,53,136,0.87,exp_cycles_indvary3_step1_batch_yyy08.pl,u2
2285,63,15,156,53,136,0.87,exp_cycles_indvary3_step1_batch_yyy08.pl,a1
2286,74,15,178,36,102,0.57,exp_cycles_indvary3_step1_batch_yyy09.pl,f1
2287,74,15,178,38,106,0.6,exp_cycles_indvary3_step1_batch_yyy09.pl,u3
2288,74,15,178,45,120,0.67,exp_cycles_indvary3_step1_batch_yyy09.pl,y1
2289,74,15,178,40,110,0.62,exp_cycles_indvary3_step1_batch_yyy09.pl,x1
2290,66,15,162,54,138,0.85,exp_cycles_indvary3_step1_batch_yyy10.pl,c2
2291,66,15,162,54,138,0.85,exp_cycles_indvary3_step1_batch_yyy10.pl,f2
2292,66,15,162,54,138,0.85,exp_cycles_indvary3_step1_batch_yyy10.pl,x1
2293,63,15,156,63,156,1.0,exp_cycles_indvary3_step2_batch_yyy01.pl,s3
2294,63,15,156,63,156,1.0,exp_cycles_indvary3_step2_batch_yyy01.pl,u1
2295,63,15,156,63,156,1.0,exp_cycles_indvary3_step2_batch_yyy01.pl,c2
2296,70,15,170,70,170,1.0,exp_cycles_indvary3_step2_batch_yyy02.pl,q1
2297,70,15,170,70,170,1.0,exp_cycles_indvary3_step2_batch_yyy02.pl,s3
2298,70,15,170,70,170,1.0,exp_cycles_indvary3_step2_batch_yyy03.pl,a3
2299,70,15,170,70,170,1.0,exp_cycles_indvary3_step2_batch_yyy03.pl,y2
2300,69,15,168,69,168,1.0,exp_cycles_indvary3_step2_batch_yyy04.pl,p1
2301,69,15,168,69,168,1.0,exp_cycles_indvary3_step2_batch_yyy04.pl,b3
2302,67,15,164,67,164,1.0,exp_cycles_indvary3_step2_batch_yyy05.pl,q4
2303,67,15,164,67,164,1.0,exp_cycles_indvary3_step2_batch_yyy05.pl,u1
2304,67,15,164,67,164,1.0,exp_cycles_indvary3_step2_batch_yyy05.pl,f1
2305,67,15,164,67,164,1.0,exp_cycles_indvary3_step2_batch_yyy05.pl,t2
2306,62,15,154,62,154,1.0,exp_cycles_indvary3_step2_batch_yyy06.pl,c3
2307,62,15,154,62,154,1.0,exp_cycles_indvary3_step2_batch_yyy06.pl,z2
2308,75,15,180,75,180,1.0,exp_cycles_indvary3_step2_batch_yyy07.pl,s3
2309,75,15,180,75,180,1.0,exp_cycles_indvary3_step2_batch_yyy07.pl,e1
2310,75,15,180,75,180,1.0,exp_cycles_indvary3_step2_batch_yyy07.pl,u2
2311,75,15,180,75,180,1.0,exp_cycles_indvary3_step2_batch_yyy07.pl,x3
2312,74,15,178,74,178,1.0,exp_cycles_indvary3_step2_batch_yyy08.pl,f1
2313,74,15,178,74,178,1.0,exp_cycles_indvary3_step2_batch_yyy08.pl,p1
2314,74,15,178,74,178,1.0,exp_cycles_indvary3_step2_batch_yyy08.pl,y2
2315,74,15,178,74,178,1.0,exp_cycles_indvary3_step2_batch_yyy08.pl,x1
2316,75,15,180,75,180,1.0,exp_cycles_indvary3_step2_batch_yyy09.pl,a3
2317,75,15,180,75,180,1.0,exp_cycles_indvary3_step2_batch_yyy09.pl,s3
2318,66,15,162,66,162,1.0,exp_cycles_indvary3_step2_batch_yyy10.pl,d2
2319,66,15,162,66,162,1.0,exp_cycles_indvary3_step2_batch_yyy10.pl,r3
2320,66,15,162,66,162,1.0,exp_cycles_indvary3_step2_batch_yyy10.pl,d1
2321,63,15,156,63,156,1.0,exp_cycles_indvary3_step3_batch_yyy01.pl,a3
2322,63,15,156,63,156,1.0,exp_cycles_indvary3_step3_batch_yyy01.pl,q1
2323,63,15,156,63,156,1.0,exp_cycles_indvary3_step3_batch_yyy01.pl,a2
2324,66,15,162,66,162,1.0,exp_cycles_indvary3_step3_batch_yyy02.pl,a3
2325,66,15,162,66,162,1.0,exp_cycles_indvary3_step3_batch_yyy02.pl,p1
2326,66,15,162,66,162,1.0,exp_cycles_indvary3_step3_batch_yyy02.pl,s3
2327,66,15,162,66,162,1.0,exp_cycles_indvary3_step3_batch_yyy02.pl,d2
2328,59,15,148,59,148,1.0,exp_cycles_indvary3_step3_batch_yyy03.pl,w1
2329,59,15,148,59,148,1.0,exp_cycles_indvary3_step3_batch_yyy03.pl,p2
2330,59,15,148,59,148,1.0,exp_cycles_indvary3_step3_batch_yyy03.pl,x1
2331,70,15,170,70,170,1.0,exp_cycles_indvary3_step3_batch_yyy04.pl,u3
2332,70,15,170,70,170,1.0,exp_cycles_indvary3_step3_batch_yyy04.pl,c1
2333,70,15,170,70,170,1.0,exp_cycles_indvary3_step3_batch_yyy04.pl,t2
2334,73,15,176,73,176,1.0,exp_cycles_indvary3_step3_batch_yyy05.pl,q4
2335,73,15,176,73,176,1.0,exp_cycles_indvary3_step3_batch_yyy05.pl,f2
2336,73,15,176,73,176,1.0,exp_cycles_indvary3_step3_batch_yyy05.pl,u1
2337,70,15,170,70,170,1.0,exp_cycles_indvary3_step3_batch_yyy06.pl,c1
2338,73,15,176,73,176,1.0,exp_cycles_indvary3_step3_batch_yyy07.pl,f1
2339,73,15,176,73,176,1.0,exp_cycles_indvary3_step3_batch_yyy07.pl,v1
2340,73,15,176,73,176,1.0,exp_cycles_indvary3_step3_batch_yyy07.pl,s1
2341,73,15,176,73,176,1.0,exp_cycles_indvary3_step3_batch_yyy07.pl,a1
2342,73,15,176,73,176,1.0,exp_cycles_indvary3_step3_batch_yyy07.pl,r3
2343,73,15,176,73,176,1.0,exp_cycles_indvary3_step3_batch_yyy07.pl,b2
2344,73,15,176,73,176,1.0,exp_cycles_indvary3_step3_batch_yyy07.pl,s2
2345,66,15,162,66,162,1.0,exp_cycles_indvary3_step3_batch_yyy08.pl,b2
2346,66,15,162,66,162,1.0,exp_cycles_indvary3_step3_batch_yyy08.pl,b1
2347,66,15,162,66,162,1.0,exp_cycles_indvary3_step3_batch_yyy08.pl,v1
2348,66,15,162,66,162,1.0,exp_cycles_indvary3_step3_batch_yyy08.pl,d2
2349,65,15,160,65,160,1.0,exp_cycles_indvary3_step3_batch_yyy09.pl,e1
2350,65,15,160,65,160,1.0,exp_cycles_indvary3_step3_batch_yyy09.pl,z1
2351,65,15,160,65,160,1.0,exp_cycles_indvary3_step3_batch_yyy09.pl,x2
2352,75,15,180,75,180,1.0,exp_cycles_indvary3_step3_batch_yyy10.pl,a1
2353,75,15,180,75,180,1.0,exp_cycles_indvary3_step3_batch_yyy10.pl,q1
2354,75,15,180,75,180,1.0,exp_cycles_indvary3_step3_batch_yyy10.pl,f1
2355,65,15,160,65,160,1.0,exp_cycles_indvary3_step4_batch_yyy01.pl,r2
2356,65,15,160,65,160,1.0,exp_cycles_indvary3_step4_batch_yyy01.pl,u1
2357,65,15,160,65,160,1.0,exp_cycles_indvary3_step4_batch_yyy01.pl,f1
2358,62,15,154,62,154,1.0,exp_cycles_indvary3_step4_batch_yyy02.pl,q4
2359,62,15,154,62,154,1.0,exp_cycles_indvary3_step4_batch_yyy02.pl,w1
2360,62,15,154,62,154,1.0,exp_cycles_indvary3_step4_batch_yyy02.pl,e2
2361,67,15,164,67,164,1.0,exp_cycles_indvary3_step4_batch_yyy03.pl,x3
2362,67,15,164,67,164,1.0,exp_cycles_indvary3_step4_batch_yyy03.pl,a1
2363,67,15,164,67,164,1.0,exp_cycles_indvary3_step4_batch_yyy03.pl,f2
2364,75,15,180,75,180,1.0,exp_cycles_indvary3_step4_batch_yyy04.pl,c3
2365,75,15,180,75,180,1.0,exp_cycles_indvary3_step4_batch_yyy04.pl,c1
2366,75,15,180,75,180,1.0,exp_cycles_indvary3_step4_batch_yyy04.pl,v3
2367,62,15,154,62,154,1.0,exp_cycles_indvary3_step4_batch_yyy05.pl,d2
2368,62,15,154,62,154,1.0,exp_cycles_indvary3_step4_batch_yyy05.pl,p2
2369,67,15,164,67,164,1.0,exp_cycles_indvary3_step4_batch_yyy06.pl,v1
2370,67,15,164,67,164,1.0,exp_cycles_indvary3_step4_batch_yyy06.pl,c1
2371,67,15,164,67,164,1.0,exp_cycles_indvary3_step4_batch_yyy06.pl,u3
2372,67,15,164,67,164,1.0,exp_cycles_indvary3_step4_batch_yyy06.pl,e2
2373,77,15,184,77,184,1.0,exp_cycles_indvary3_step4_batch_yyy07.pl,c3
2374,77,15,184,77,184,1.0,exp_cycles_indvary3_step4_batch_yyy07.pl,u2
2375,77,15,184,77,184,1.0,exp_cycles_indvary3_step4_batch_yyy07.pl,b3
2376,69,15,168,69,168,1.0,exp_cycles_indvary3_step4_batch_yyy08.pl,y3
2377,68,15,166,68,166,1.0,exp_cycles_indvary3_step4_batch_yyy09.pl,z2
2378,68,15,166,68,166,1.0,exp_cycles_indvary3_step4_batch_yyy09.pl,d1
2379,68,15,166,68,166,1.0,exp_cycles_indvary3_step4_batch_yyy09.pl,w3
2380,68,15,166,68,166,1.0,exp_cycles_indvary3_step4_batch_yyy09.pl,v1
2381,68,15,166,68,166,1.0,exp_cycles_indvary3_step4_batch_yyy09.pl,w1
2382,59,15,148,59,148,1.0,exp_cycles_indvary3_step4_batch_yyy10.pl,e1
2383,59,15,148,59,148,1.0,exp_cycles_indvary3_step4_batch_yyy10.pl,s1
2384,59,15,148,59,148,1.0,exp_cycles_indvary3_step4_batch_yyy10.pl,s3
2385,59,15,148,59,148,1.0,exp_cycles_indvary3_step4_batch_yyy10.pl,f1
2386,59,15,148,59,148,1.0,exp_cycles_indvary3_step4_batch_yyy10.pl,b1
2387,61,15,152,61,152,1.0,exp_cycles_indvary3_step5_batch_yyy01.pl,v1
2388,61,15,152,61,152,1.0,exp_cycles_indvary3_step5_batch_yyy01.pl,p2
2389,61,15,152,61,152,1.0,exp_cycles_indvary3_step5_batch_yyy01.pl,x3
2390,61,15,152,61,152,1.0,exp_cycles_indvary3_step5_batch_yyy01.pl,c2
2391,61,15,152,61,152,1.0,exp_cycles_indvary3_step5_batch_yyy01.pl,c1
2392,62,15,154,62,154,1.0,exp_cycles_indvary3_step5_batch_yyy02.pl,e1
2393,62,15,154,62,154,1.0,exp_cycles_indvary3_step5_batch_yyy02.pl,d1
2394,71,15,172,71,172,1.0,exp_cycles_indvary3_step5_batch_yyy03.pl,y3
2395,71,15,172,71,172,1.0,exp_cycles_indvary3_step5_batch_yyy03.pl,v1
2396,71,15,172,71,172,1.0,exp_cycles_indvary3_step5_batch_yyy03.pl,t2
2397,71,15,172,71,172,1.0,exp_cycles_indvary3_step5_batch_yyy03.pl,r2
2398,72,15,174,72,174,1.0,exp_cycles_indvary3_step5_batch_yyy04.pl,t3
2399,72,15,174,72,174,1.0,exp_cycles_indvary3_step5_batch_yyy04.pl,w1
2400,79,15,188,79,188,1.0,exp_cycles_indvary3_step5_batch_yyy05.pl,u1
2401,79,15,188,79,188,1.0,exp_cycles_indvary3_step5_batch_yyy05.pl,u2
2402,70,15,170,70,170,1.0,exp_cycles_indvary3_step5_batch_yyy06.pl,c3
2403,70,15,170,70,170,1.0,exp_cycles_indvary3_step5_batch_yyy06.pl,b2
2404,70,15,170,70,170,1.0,exp_cycles_indvary3_step5_batch_yyy06.pl,z2
2405,70,15,170,70,170,1.0,exp_cycles_indvary3_step5_batch_yyy06.pl,a2
2406,70,15,170,70,170,1.0,exp_cycles_indvary3_step5_batch_yyy06.pl,w2
2407,70,15,170,70,170,1.0,exp_cycles_indvary3_step5_batch_yyy06.pl,u1
2408,82,15,194,82,194,1.0,exp_cycles_indvary3_step5_batch_yyy07.pl,p4
2409,82,15,194,82,194,1.0,exp_cycles_indvary3_step5_batch_yyy07.pl,t3
2410,82,15,194,82,194,1.0,exp_cycles_indvary3_step5_batch_yyy07.pl,z3
2411,74,15,178,74,178,1.0,exp_cycles_indvary3_step5_batch_yyy08.pl,c2
2412,74,15,178,74,178,1.0,exp_cycles_indvary3_step5_batch_yyy08.pl,a3
2413,74,15,178,74,178,1.0,exp_cycles_indvary3_step5_batch_yyy08.pl,a1
2414,74,15,178,74,178,1.0,exp_cycles_indvary3_step5_batch_yyy08.pl,v3
2415,77,15,184,77,184,1.0,exp_cycles_indvary3_step5_batch_yyy09.pl,p2
2416,77,15,184,77,184,1.0,exp_cycles_indvary3_step5_batch_yyy09.pl,r2
2417,80,15,190,80,190,1.0,exp_cycles_indvary3_step5_batch_yyy10.pl,v2
2418,80,15,190,80,190,1.0,exp_cycles_indvary3_step5_batch_yyy10.pl,r3
2419,80,15,190,80,190,1.0,exp_cycles_indvary3_step5_batch_yyy10.pl,d1
2420,65,15,160,65,160,1.0,exp_cycles_indvary3_step6_batch_yyy01.pl,f2
2421,68,15,166,68,166,1.0,exp_cycles_indvary3_step6_batch_yyy02.pl,p2
2422,68,15,166,68,166,1.0,exp_cycles_indvary3_step6_batch_yyy02.pl,a1
2423,68,15,166,68,166,1.0,exp_cycles_indvary3_step6_batch_yyy02.pl,f2
2424,77,15,184,77,184,1.0,exp_cycles_indvary3_step6_batch_yyy03.pl,q1
2425,77,15,184,77,184,1.0,exp_cycles_indvary3_step6_batch_yyy03.pl,z3
2426,73,15,176,73,176,1.0,exp_cycles_indvary3_step6_batch_yyy04.pl,b3
2427,73,15,176,73,176,1.0,exp_cycles_indvary3_step6_batch_yyy04.pl,w2
2428,73,15,176,73,176,1.0,exp_cycles_indvary3_step6_batch_yyy04.pl,b1
2429,75,15,180,75,180,1.0,exp_cycles_indvary3_step6_batch_yyy05.pl,f1
2430,75,15,180,75,180,1.0,exp_cycles_indvary3_step6_batch_yyy05.pl,q4
2431,72,15,174,72,174,1.0,exp_cycles_indvary3_step6_batch_yyy06.pl,t3
2432,72,15,174,72,174,1.0,exp_cycles_indvary3_step6_batch_yyy06.pl,p2
2433,72,15,174,72,174,1.0,exp_cycles_indvary3_step6_batch_yyy06.pl,a3
2434,72,15,174,72,174,1.0,exp_cycles_indvary3_step6_batch_yyy06.pl,e2
2435,61,15,152,61,152,1.0,exp_cycles_indvary3_step6_batch_yyy07.pl,b2
2436,61,15,152,61,152,1.0,exp_cycles_indvary3_step6_batch_yyy07.pl,p2
2437,61,15,152,61,152,1.0,exp_cycles_indvary3_step6_batch_yyy07.pl,x1
2438,61,15,152,61,152,1.0,exp_cycles_indvary3_step6_batch_yyy07.pl,f2
2439,81,15,192,81,192,1.0,exp_cycles_indvary3_step6_batch_yyy08.pl,a3
2440,81,15,192,81,192,1.0,exp_cycles_indvary3_step6_batch_yyy08.pl,w3
2441,81,15,192,81,192,1.0,exp_cycles_indvary3_step6_batch_yyy08.pl,c1
2442,81,15,192,81,192,1.0,exp_cycles_indvary3_step6_batch_yyy08.pl,z2
2443,74,15,178,74,178,1.0,exp_cycles_indvary3_step6_batch_yyy09.pl,v3
2444,74,15,178,74,178,1.0,exp_cycles_indvary3_step6_batch_yyy09.pl,a2
2445,74,15,178,74,178,1.0,exp_cycles_indvary3_step6_batch_yyy09.pl,s2
2446,74,15,178,74,178,1.0,exp_cycles_indvary3_step6_batch_yyy09.pl,z1
2447,61,15,152,61,152,1.0,exp_cycles_indvary3_step6_batch_yyy10.pl,a2
2448,61,15,152,61,152,1.0,exp_cycles_indvary3_step6_batch_yyy10.pl,f2
2449,61,15,152,61,152,1.0,exp_cycles_indvary3_step6_batch_yyy10.pl,r3
2450,61,15,152,61,152,1.0,exp_cycles_indvary3_step6_batch_yyy10.pl,d1
2451,61,15,152,61,152,1.0,exp_cycles_indvary3_step6_batch_yyy10.pl,t1
2452,66,15,162,66,162,1.0,exp_cycles_indvary3_step7_batch_yyy01.pl,c3
2453,66,15,162,66,162,1.0,exp_cycles_indvary3_step7_batch_yyy01.pl,c1
2454,66,15,162,66,162,1.0,exp_cycles_indvary3_step7_batch_yyy01.pl,r2
2455,66,15,162,66,162,1.0,exp_cycles_indvary3_step7_batch_yyy01.pl,x3
2456,66,15,162,66,162,1.0,exp_cycles_indvary3_step7_batch_yyy01.pl,d2
2457,69,15,168,69,168,1.0,exp_cycles_indvary3_step7_batch_yyy02.pl,w1
2458,69,15,168,69,168,1.0,exp_cycles_indvary3_step7_batch_yyy02.pl,w3
2459,71,15,172,71,172,1.0,exp_cycles_indvary3_step7_batch_yyy03.pl,b1
2460,71,15,172,71,172,1.0,exp_cycles_indvary3_step7_batch_yyy03.pl,y1
2461,71,15,172,71,172,1.0,exp_cycles_indvary3_step7_batch_yyy03.pl,w3
2462,74,15,178,74,178,1.0,exp_cycles_indvary3_step7_batch_yyy04.pl,p1
2463,74,15,178,74,178,1.0,exp_cycles_indvary3_step7_batch_yyy04.pl,q2
2464,74,15,178,74,178,1.0,exp_cycles_indvary3_step7_batch_yyy04.pl,e1
2465,74,15,178,74,178,1.0,exp_cycles_indvary3_step7_batch_yyy04.pl,x2
2466,74,15,178,74,178,1.0,exp_cycles_indvary3_step7_batch_yyy05.pl,b3
2467,74,15,178,74,178,1.0,exp_cycles_indvary3_step7_batch_yyy05.pl,f1
2468,74,15,178,74,178,1.0,exp_cycles_indvary3_step7_batch_yyy05.pl,z3
2469,74,15,178,74,178,1.0,exp_cycles_indvary3_step7_batch_yyy05.pl,q3
2470,74,15,178,74,178,1.0,exp_cycles_indvary3_step7_batch_yyy05.pl,e2
2471,74,15,178,74,178,1.0,exp_cycles_indvary3_step7_batch_yyy05.pl,s1
2472,74,15,178,74,178,1.0,exp_cycles_indvary3_step7_batch_yyy05.pl,d2
2473,65,15,160,65,160,1.0,exp_cycles_indvary3_step7_batch_yyy06.pl,q4
2474,65,15,160,65,160,1.0,exp_cycles_indvary3_step7_batch_yyy06.pl,y1
2475,65,15,160,65,160,1.0,exp_cycles_indvary3_step7_batch_yyy06.pl,s1
2476,65,15,160,65,160,1.0,exp_cycles_indvary3_step7_batch_yyy06.pl,r1
2477,72,15,174,72,174,1.0,exp_cycles_indvary3_step7_batch_yyy07.pl,p4
2478,72,15,174,72,174,1.0,exp_cycles_indvary3_step7_batch_yyy07.pl,u1
2479,72,15,174,72,174,1.0,exp_cycles_indvary3_step7_batch_yyy07.pl,b1
2480,72,15,174,72,174,1.0,exp_cycles_indvary3_step7_batch_yyy07.pl,v1
2481,72,15,174,72,174,1.0,exp_cycles_indvary3_step7_batch_yyy07.pl,v3
2482,72,15,174,72,174,1.0,exp_cycles_indvary3_step7_batch_yyy07.pl,d1
2483,72,15,174,72,174,1.0,exp_cycles_indvary3_step7_batch_yyy07.pl,f2
2484,70,15,170,70,170,1.0,exp_cycles_indvary3_step7_batch_yyy08.pl,c2
2485,70,15,170,70,170,1.0,exp_cycles_indvary3_step7_batch_yyy08.pl,z2
2486,70,15,170,70,170,1.0,exp_cycles_indvary3_step7_batch_yyy08.pl,u2
2487,70,15,170,70,170,1.0,exp_cycles_indvary3_step7_batch_yyy09.pl,q4
2488,70,15,170,70,170,1.0,exp_cycles_indvary3_step7_batch_yyy09.pl,y3
2489,70,15,170,70,170,1.0,exp_cycles_indvary3_step7_batch_yyy09.pl,v3
2490,70,15,170,70,170,1.0,exp_cycles_indvary3_step7_batch_yyy09.pl,t1
2491,70,15,170,70,170,1.0,exp_cycles_indvary3_step7_batch_yyy09.pl,c1
2492,70,15,170,70,170,1.0,exp_cycles_indvary3_step7_batch_yyy10.pl,c3
2493,70,15,170,70,170,1.0,exp_cycles_indvary3_step8_batch_yyy01.pl,b3
2494,64,15,158,64,158,1.0,exp_cycles_indvary3_step8_batch_yyy02.pl,c3
2495,64,15,158,64,158,1.0,exp_cycles_indvary3_step8_batch_yyy02.pl,z1
2496,64,15,158,64,158,1.0,exp_cycles_indvary3_step8_batch_yyy02.pl,a3
2497,64,15,158,64,158,1.0,exp_cycles_indvary3_step8_batch_yyy02.pl,f2
2498,64,15,158,64,158,1.0,exp_cycles_indvary3_step8_batch_yyy02.pl,y1
2499,64,15,158,64,158,1.0,exp_cycles_indvary3_step8_batch_yyy02.pl,r1
2500,67,15,164,67,164,1.0,exp_cycles_indvary3_step8_batch_yyy03.pl,u2
2501,70,15,170,70,170,1.0,exp_cycles_indvary3_step8_batch_yyy04.pl,e1
2502,70,15,170,70,170,1.0,exp_cycles_indvary3_step8_batch_yyy04.pl,u3
2503,72,15,174,72,174,1.0,exp_cycles_indvary3_step8_batch_yyy05.pl,s3
2504,72,15,174,72,174,1.0,exp_cycles_indvary3_step8_batch_yyy05.pl,f1
2505,75,15,180,75,180,1.0,exp_cycles_indvary3_step8_batch_yyy06.pl,b2
2506,75,15,180,75,180,1.0,exp_cycles_indvary3_step8_batch_yyy06.pl,d1
2507,73,15,176,73,176,1.0,exp_cycles_indvary3_step8_batch_yyy07.pl,f1
2508,73,15,176,73,176,1.0,exp_cycles_indvary3_step8_batch_yyy07.pl,b1
2509,73,15,176,73,176,1.0,exp_cycles_indvary3_step8_batch_yyy07.pl,w1
2510,73,15,176,73,176,1.0,exp_cycles_indvary3_step8_batch_yyy07.pl,r3
2511,71,15,172,71,172,1.0,exp_cycles_indvary3_step8_batch_yyy08.pl,b2
2512,71,15,172,71,172,1.0,exp_cycles_indvary3_step8_batch_yyy08.pl,x3
2513,71,15,172,71,172,1.0,exp_cycles_indvary3_step8_batch_yyy08.pl,f1
2514,71,15,172,71,172,1.0,exp_cycles_indvary3_step8_batch_yyy08.pl,p3
2515,71,15,172,71,172,1.0,exp_cycles_indvary3_step8_batch_yyy08.pl,a2
2516,71,15,172,71,172,1.0,exp_cycles_indvary3_step8_batch_yyy08.pl,z2
2517,66,15,162,66,162,1.0,exp_cycles_indvary3_step8_batch_yyy09.pl,w2
2518,66,15,162,66,162,1.0,exp_cycles_indvary3_step8_batch_yyy09.pl,x1
2519,66,15,162,66,162,1.0,exp_cycles_indvary3_step8_batch_yyy09.pl,a1
2520,64,15,158,64,158,1.0,exp_cycles_indvary3_step8_batch_yyy10.pl,q4
2521,64,15,158,64,158,1.0,exp_cycles_indvary3_step8_batch_yyy10.pl,d2
2522,64,15,158,64,158,1.0,exp_cycles_indvary3_step8_batch_yyy10.pl,x1
2523,64,15,158,64,158,1.0,exp_cycles_indvary3_step8_batch_yyy10.pl,w3
