id,instance,goal,result,duration,correct_result,verdict,steps_obtained,constraints_no,constraints_max,constraints_min
1,exp_acyclic_depvary_step10_batch_yyy01.pl,w2,yes,0.93,yes,corr,None,None,None,None
2,exp_acyclic_depvary_step10_batch_yyy01.pl,w5,yes,0.86,yes,corr,None,None,None,None
3,exp_acyclic_depvary_step10_batch_yyy01.pl,q4,,600.0,no,TIMEOUT,,,,
4,exp_acyclic_depvary_step10_batch_yyy01.pl,x5,yes,2.31,yes,corr,None,None,None,None
5,exp_acyclic_depvary_step10_batch_yyy01.pl,z3,yes,35.47,yes,corr,None,None,None,None
6,exp_acyclic_depvary_step10_batch_yyy01.pl,u2,yes,0.89,yes,corr,None,None,None,None
7,exp_acyclic_depvary_step10_batch_yyy01.pl,t4,yes,0.82,yes,corr,None,None,None,None
8,exp_acyclic_depvary_step10_batch_yyy01.pl,c4,no,1.45,no,corr,None,None,None,None
9,exp_acyclic_depvary_step10_batch_yyy01.pl,u3,,600.0,no,TIMEOUT,,,,
10,exp_acyclic_depvary_step10_batch_yyy01.pl,v4,yes,14.03,yes,corr,None,None,None,None
11,exp_acyclic_depvary_step10_batch_yyy02.pl,p5,no,0.4,no,corr,None,None,None,None
12,exp_acyclic_depvary_step10_batch_yyy02.pl,c5,no,37.64,no,corr,None,None,None,None
13,exp_acyclic_depvary_step10_batch_yyy02.pl,q4,no,10.26,no,corr,None,None,None,None
14,exp_acyclic_depvary_step10_batch_yyy02.pl,a4,yes,8.06,yes,corr,None,None,None,None
15,exp_acyclic_depvary_step10_batch_yyy02.pl,r5,yes,0.92,yes,corr,None,None,None,None
16,exp_acyclic_depvary_step10_batch_yyy02.pl,w4,yes,0.82,yes,corr,None,None,None,None
17,exp_acyclic_depvary_step10_batch_yyy02.pl,b6,yes,0.75,yes,corr,None,None,None,None
18,exp_acyclic_depvary_step10_batch_yyy02.pl,p1,yes,0.89,yes,corr,None,None,None,None
19,exp_acyclic_depvary_step10_batch_yyy02.pl,u3,no,21.53,no,corr,None,None,None,None
20,exp_acyclic_depvary_step10_batch_yyy02.pl,e3,no,1.33,no,corr,None,None,None,None
21,exp_acyclic_depvary_step10_batch_yyy03.pl,s3,no,0.57,no,corr,None,None,None,None
22,exp_acyclic_depvary_step10_batch_yyy03.pl,y4,no,258.13,no,corr,None,None,None,None
23,exp_acyclic_depvary_step10_batch_yyy03.pl,x2,yes,0.99,yes,corr,None,None,None,None
24,exp_acyclic_depvary_step10_batch_yyy03.pl,e4,,600.0,no,TIMEOUT,,,,
25,exp_acyclic_depvary_step10_batch_yyy03.pl,f3,yes,1.11,yes,corr,None,None,None,None
26,exp_acyclic_depvary_step10_batch_yyy03.pl,u3,yes,1.44,yes,corr,None,None,None,None
27,exp_acyclic_depvary_step10_batch_yyy03.pl,f4,no,3.77,no,corr,None,None,None,None
28,exp_acyclic_depvary_step10_batch_yyy03.pl,w3,yes,1.29,yes,corr,None,None,None,None
29,exp_acyclic_depvary_step10_batch_yyy03.pl,v1,,600.0,no,TIMEOUT,,,,
30,exp_acyclic_depvary_step10_batch_yyy03.pl,p3,no,45.82,no,corr,None,None,None,None
31,exp_acyclic_depvary_step10_batch_yyy04.pl,t4,no,0.32,no,corr,None,None,None,None
32,exp_acyclic_depvary_step10_batch_yyy04.pl,s5,yes,15.17,yes,corr,None,None,None,None
33,exp_acyclic_depvary_step10_batch_yyy04.pl,q4,yes,30.84,yes,corr,None,None,None,None
34,exp_acyclic_depvary_step10_batch_yyy04.pl,e4,yes,1.13,yes,corr,None,None,None,None
35,exp_acyclic_depvary_step10_batch_yyy04.pl,w1,yes,1.1,yes,corr,None,None,None,None
36,exp_acyclic_depvary_step10_batch_yyy04.pl,y1,,600.0,no,TIMEOUT,,,,
37,exp_acyclic_depvary_step10_batch_yyy04.pl,p2,,600.0,no,TIMEOUT,,,,
38,exp_acyclic_depvary_step10_batch_yyy04.pl,r2,no,126.63,no,corr,None,None,None,None
39,exp_acyclic_depvary_step10_batch_yyy04.pl,a4,yes,185.52,yes,corr,None,None,None,None
40,exp_acyclic_depvary_step10_batch_yyy04.pl,x2,yes,0.95,yes,corr,None,None,None,None
41,exp_acyclic_depvary_step10_batch_yyy05.pl,c3,no,231.82,no,corr,None,None,None,None
42,exp_acyclic_depvary_step10_batch_yyy05.pl,e1,no,1.09,no,corr,None,None,None,None
43,exp_acyclic_depvary_step10_batch_yyy05.pl,f5,yes,0.74,yes,corr,None,None,None,None
44,exp_acyclic_depvary_step10_batch_yyy05.pl,y3,yes,1.34,yes,corr,None,None,None,None
45,exp_acyclic_depvary_step10_batch_yyy05.pl,r4,yes,21.83,yes,corr,None,None,None,None
46,exp_acyclic_depvary_step10_batch_yyy05.pl,p1,no,377.93,no,corr,None,None,None,None
47,exp_acyclic_depvary_step10_batch_yyy05.pl,c2,no,372.58,no,corr,None,None,None,None
48,exp_acyclic_depvary_step10_batch_yyy05.pl,b1,yes,21.75,yes,corr,None,None,None,None
49,exp_acyclic_depvary_step10_batch_yyy05.pl,u2,,600.0,no,TIMEOUT,,,,
50,exp_acyclic_depvary_step10_batch_yyy05.pl,t1,yes,1.13,yes,corr,None,None,None,None
51,exp_acyclic_depvary_step10_batch_yyy06.pl,y4,no,0.45,no,corr,None,None,None,None
52,exp_acyclic_depvary_step10_batch_yyy06.pl,t3,yes,1.22,yes,corr,None,None,None,None
53,exp_acyclic_depvary_step10_batch_yyy06.pl,a5,no,1.54,no,corr,None,None,None,None
54,exp_acyclic_depvary_step10_batch_yyy06.pl,q4,no,1.87,no,corr,None,None,None,None
55,exp_acyclic_depvary_step10_batch_yyy06.pl,f5,yes,1.05,yes,corr,None,None,None,None
56,exp_acyclic_depvary_step10_batch_yyy06.pl,z4,yes,0.97,yes,corr,None,None,None,None
57,exp_acyclic_depvary_step10_batch_yyy06.pl,c1,yes,1.15,yes,corr,None,None,None,None
58,exp_acyclic_depvary_step10_batch_yyy06.pl,r4,no,7.98,no,corr,None,None,None,None
59,exp_acyclic_depvary_step10_batch_yyy06.pl,y1,no,7.98,no,corr,None,None,None,None
60,exp_acyclic_depvary_step10_batch_yyy06.pl,p1,yes,3.03,yes,corr,None,None,None,None
61,exp_acyclic_depvary_step10_batch_yyy07.pl,d4,,600.0,no,TIMEOUT,,,,
62,exp_acyclic_depvary_step10_batch_yyy07.pl,u4,no,0.64,no,corr,None,None,None,None
63,exp_acyclic_depvary_step10_batch_yyy07.pl,b4,no,555.73,no,corr,None,None,None,None
64,exp_acyclic_depvary_step10_batch_yyy07.pl,z4,,600.0,no,TIMEOUT,,,,
65,exp_acyclic_depvary_step10_batch_yyy07.pl,y1,,600.0,no,TIMEOUT,,,,
66,exp_acyclic_depvary_step10_batch_yyy07.pl,r2,yes,73.06,yes,corr,None,None,None,None
67,exp_acyclic_depvary_step10_batch_yyy07.pl,u2,yes,0.77,yes,corr,None,None,None,None
68,exp_acyclic_depvary_step10_batch_yyy07.pl,a6,yes,0.74,yes,corr,None,None,None,None
69,exp_acyclic_depvary_step10_batch_yyy07.pl,b3,yes,0.54,yes,corr,None,None,None,None
70,exp_acyclic_depvary_step10_batch_yyy07.pl,y4,no,395.94,no,corr,None,None,None,None
71,exp_acyclic_depvary_step10_batch_yyy08.pl,c3,yes,19.84,yes,corr,None,None,None,None
72,exp_acyclic_depvary_step10_batch_yyy08.pl,e1,yes,1.07,yes,corr,None,None,None,None
73,exp_acyclic_depvary_step10_batch_yyy08.pl,v5,yes,14.08,yes,corr,None,None,None,None
74,exp_acyclic_depvary_step10_batch_yyy08.pl,a5,yes,5.21,yes,corr,None,None,None,None
75,exp_acyclic_depvary_step10_batch_yyy08.pl,a4,,600.0,no,TIMEOUT,,,,
76,exp_acyclic_depvary_step10_batch_yyy08.pl,z2,no,273.13,no,corr,None,None,None,None
77,exp_acyclic_depvary_step10_batch_yyy08.pl,q3,yes,1.1,yes,corr,None,None,None,None
78,exp_acyclic_depvary_step10_batch_yyy08.pl,t1,,600.0,no,TIMEOUT,,,,
79,exp_acyclic_depvary_step10_batch_yyy08.pl,z4,yes,20.7,yes,corr,None,None,None,None
80,exp_acyclic_depvary_step10_batch_yyy08.pl,r5,no,0.38,no,corr,None,None,None,None
81,exp_acyclic_depvary_step10_batch_yyy09.pl,b2,no,1.62,no,corr,None,None,None,None
82,exp_acyclic_depvary_step10_batch_yyy09.pl,y4,no,0.62,no,corr,None,None,None,None
83,exp_acyclic_depvary_step10_batch_yyy09.pl,t3,yes,1.08,yes,corr,None,None,None,None
84,exp_acyclic_depvary_step10_batch_yyy09.pl,z1,yes,0.92,yes,corr,None,None,None,None
85,exp_acyclic_depvary_step10_batch_yyy09.pl,f5,yes,0.37,yes,corr,None,None,None,None
86,exp_acyclic_depvary_step10_batch_yyy09.pl,z4,no,1.82,no,corr,None,None,None,None
87,exp_acyclic_depvary_step10_batch_yyy09.pl,e3,no,13.27,no,corr,None,None,None,None
88,exp_acyclic_depvary_step10_batch_yyy09.pl,y1,no,0.58,no,corr,None,None,None,None
89,exp_acyclic_depvary_step10_batch_yyy09.pl,a3,no,1.55,no,corr,None,None,None,None
90,exp_acyclic_depvary_step10_batch_yyy09.pl,q2,,600.0,no,TIMEOUT,,,,
91,exp_acyclic_depvary_step10_batch_yyy10.pl,d5,yes,14.05,yes,corr,None,None,None,None
92,exp_acyclic_depvary_step10_batch_yyy10.pl,a6,yes,1.19,yes,corr,None,None,None,None
93,exp_acyclic_depvary_step10_batch_yyy10.pl,v2,no,0.41,no,corr,None,None,None,None
94,exp_acyclic_depvary_step10_batch_yyy10.pl,x3,yes,0.93,yes,corr,None,None,None,None
95,exp_acyclic_depvary_step10_batch_yyy10.pl,x2,no,0.55,no,corr,None,None,None,None
96,exp_acyclic_depvary_step10_batch_yyy10.pl,y3,no,1.2,no,corr,None,None,None,None
97,exp_acyclic_depvary_step10_batch_yyy10.pl,b5,,600.0,no,TIMEOUT,,,,
98,exp_acyclic_depvary_step10_batch_yyy10.pl,e3,yes,1.23,yes,corr,None,None,None,None
99,exp_acyclic_depvary_step10_batch_yyy10.pl,x1,yes,5.14,yes,corr,None,None,None,None
100,exp_acyclic_depvary_step10_batch_yyy10.pl,r3,no,95.01,no,corr,None,None,None,None
101,exp_acyclic_depvary_step1_batch_yyy01.pl,u5,no,0.33,no,corr,None,None,None,None
102,exp_acyclic_depvary_step1_batch_yyy01.pl,s4,no,0.39,no,corr,None,None,None,None
103,exp_acyclic_depvary_step1_batch_yyy01.pl,d3,no,0.31,no,corr,None,None,None,None
104,exp_acyclic_depvary_step1_batch_yyy01.pl,q5,no,0.37,no,corr,None,None,None,None
105,exp_acyclic_depvary_step1_batch_yyy01.pl,z4,no,0.31,no,corr,None,None,None,None
106,exp_acyclic_depvary_step1_batch_yyy01.pl,s1,yes,0.34,yes,corr,None,None,None,None
107,exp_acyclic_depvary_step1_batch_yyy01.pl,z3,no,0.3,no,corr,None,None,None,None
108,exp_acyclic_depvary_step1_batch_yyy01.pl,u2,no,0.5,no,corr,None,None,None,None
109,exp_acyclic_depvary_step1_batch_yyy01.pl,c5,no,0.46,no,corr,None,None,None,None
110,exp_acyclic_depvary_step1_batch_yyy01.pl,b1,no,0.55,no,corr,None,None,None,None
111,exp_acyclic_depvary_step1_batch_yyy02.pl,y4,no,0.49,no,corr,None,None,None,None
112,exp_acyclic_depvary_step1_batch_yyy02.pl,z5,no,0.44,no,corr,None,None,None,None
113,exp_acyclic_depvary_step1_batch_yyy02.pl,x3,no,0.45,no,corr,None,None,None,None
114,exp_acyclic_depvary_step1_batch_yyy02.pl,q4,no,0.41,no,corr,None,None,None,None
115,exp_acyclic_depvary_step1_batch_yyy02.pl,x2,no,0.38,no,corr,None,None,None,None
116,exp_acyclic_depvary_step1_batch_yyy02.pl,c6,no,0.32,no,corr,None,None,None,None
117,exp_acyclic_depvary_step1_batch_yyy02.pl,d2,no,0.38,no,corr,None,None,None,None
118,exp_acyclic_depvary_step1_batch_yyy02.pl,y2,no,0.23,no,corr,None,None,None,None
119,exp_acyclic_depvary_step1_batch_yyy02.pl,e2,no,0.27,no,corr,None,None,None,None
120,exp_acyclic_depvary_step1_batch_yyy02.pl,q2,no,0.26,no,corr,None,None,None,None
121,exp_acyclic_depvary_step1_batch_yyy03.pl,u4,no,0.41,no,corr,None,None,None,None
122,exp_acyclic_depvary_step1_batch_yyy03.pl,b1,no,0.31,no,corr,None,None,None,None
123,exp_acyclic_depvary_step1_batch_yyy03.pl,x2,no,0.43,no,corr,None,None,None,None
124,exp_acyclic_depvary_step1_batch_yyy03.pl,r5,no,0.64,no,corr,None,None,None,None
125,exp_acyclic_depvary_step1_batch_yyy03.pl,x4,no,0.37,no,corr,None,None,None,None
126,exp_acyclic_depvary_step1_batch_yyy03.pl,q2,no,0.28,no,corr,None,None,None,None
127,exp_acyclic_depvary_step1_batch_yyy03.pl,c6,no,0.34,no,corr,None,None,None,None
128,exp_acyclic_depvary_step1_batch_yyy03.pl,z2,no,0.46,no,corr,None,None,None,None
129,exp_acyclic_depvary_step1_batch_yyy03.pl,v4,no,0.53,no,corr,None,None,None,None
130,exp_acyclic_depvary_step1_batch_yyy03.pl,e3,no,0.48,no,corr,None,None,None,None
131,exp_acyclic_depvary_step1_batch_yyy04.pl,u4,no,0.33,no,corr,None,None,None,None
132,exp_acyclic_depvary_step1_batch_yyy04.pl,p3,no,0.35,no,corr,None,None,None,None
133,exp_acyclic_depvary_step1_batch_yyy04.pl,v4,no,0.29,no,corr,None,None,None,None
134,exp_acyclic_depvary_step1_batch_yyy04.pl,r1,yes,0.45,yes,corr,None,None,None,None
135,exp_acyclic_depvary_step1_batch_yyy04.pl,a3,no,0.37,no,corr,None,None,None,None
136,exp_acyclic_depvary_step1_batch_yyy04.pl,p1,yes,0.55,yes,corr,None,None,None,None
137,exp_acyclic_depvary_step1_batch_yyy04.pl,p5,no,0.55,no,corr,None,None,None,None
138,exp_acyclic_depvary_step1_batch_yyy04.pl,x3,no,0.37,no,corr,None,None,None,None
139,exp_acyclic_depvary_step1_batch_yyy04.pl,r2,no,0.47,no,corr,None,None,None,None
140,exp_acyclic_depvary_step1_batch_yyy04.pl,b6,no,0.44,no,corr,None,None,None,None
141,exp_acyclic_depvary_step1_batch_yyy05.pl,v2,no,0.56,no,corr,None,None,None,None
142,exp_acyclic_depvary_step1_batch_yyy05.pl,x3,no,0.33,no,corr,None,None,None,None
143,exp_acyclic_depvary_step1_batch_yyy05.pl,f1,no,0.28,no,corr,None,None,None,None
144,exp_acyclic_depvary_step1_batch_yyy05.pl,q5,no,0.45,no,corr,None,None,None,None
145,exp_acyclic_depvary_step1_batch_yyy05.pl,w4,no,0.26,no,corr,None,None,None,None
146,exp_acyclic_depvary_step1_batch_yyy05.pl,x5,no,0.48,no,corr,None,None,None,None
147,exp_acyclic_depvary_step1_batch_yyy05.pl,y2,no,0.91,no,corr,None,None,None,None
148,exp_acyclic_depvary_step1_batch_yyy05.pl,q2,no,1.03,no,corr,None,None,None,None
149,exp_acyclic_depvary_step1_batch_yyy05.pl,v4,no,0.54,no,corr,None,None,None,None
150,exp_acyclic_depvary_step1_batch_yyy05.pl,e3,no,0.45,no,corr,None,None,None,None
151,exp_acyclic_depvary_step1_batch_yyy06.pl,b2,no,0.32,no,corr,None,None,None,None
152,exp_acyclic_depvary_step1_batch_yyy06.pl,w5,no,0.45,no,corr,None,None,None,None
153,exp_acyclic_depvary_step1_batch_yyy06.pl,s5,no,0.36,no,corr,None,None,None,None
154,exp_acyclic_depvary_step1_batch_yyy06.pl,q4,no,0.42,no,corr,None,None,None,None
155,exp_acyclic_depvary_step1_batch_yyy06.pl,w4,no,0.7,no,corr,None,None,None,None
156,exp_acyclic_depvary_step1_batch_yyy06.pl,r4,no,0.36,no,corr,None,None,None,None
157,exp_acyclic_depvary_step1_batch_yyy06.pl,b6,no,0.47,no,corr,None,None,None,None
158,exp_acyclic_depvary_step1_batch_yyy06.pl,d1,yes,0.36,yes,corr,None,None,None,None
159,exp_acyclic_depvary_step1_batch_yyy06.pl,z1,no,0.5,no,corr,None,None,None,None
160,exp_acyclic_depvary_step1_batch_yyy06.pl,b1,yes,0.31,yes,corr,None,None,None,None
161,exp_acyclic_depvary_step1_batch_yyy07.pl,c4,no,0.48,no,corr,None,None,None,None
162,exp_acyclic_depvary_step1_batch_yyy07.pl,v5,no,0.38,no,corr,None,None,None,None
163,exp_acyclic_depvary_step1_batch_yyy07.pl,z4,no,1.25,no,corr,None,None,None,None
164,exp_acyclic_depvary_step1_batch_yyy07.pl,s1,yes,1.11,yes,corr,None,None,None,None
165,exp_acyclic_depvary_step1_batch_yyy07.pl,q1,yes,0.5,yes,corr,None,None,None,None
166,exp_acyclic_depvary_step1_batch_yyy07.pl,x4,no,0.4,no,corr,None,None,None,None
167,exp_acyclic_depvary_step1_batch_yyy07.pl,f1,no,0.73,no,corr,None,None,None,None
168,exp_acyclic_depvary_step1_batch_yyy07.pl,e5,no,0.98,no,corr,None,None,None,None
169,exp_acyclic_depvary_step1_batch_yyy07.pl,t2,no,0.63,no,corr,None,None,None,None
170,exp_acyclic_depvary_step1_batch_yyy07.pl,z2,no,0.48,no,corr,None,None,None,None
171,exp_acyclic_depvary_step1_batch_yyy08.pl,t5,no,0.63,no,corr,None,None,None,None
172,exp_acyclic_depvary_step1_batch_yyy08.pl,y4,no,0.25,no,corr,None,None,None,None
173,exp_acyclic_depvary_step1_batch_yyy08.pl,w2,no,0.3,no,corr,None,None,None,None
174,exp_acyclic_depvary_step1_batch_yyy08.pl,f5,no,0.7,no,corr,None,None,None,None
175,exp_acyclic_depvary_step1_batch_yyy08.pl,e3,no,0.26,no,corr,None,None,None,None
176,exp_acyclic_depvary_step1_batch_yyy08.pl,d2,no,0.59,no,corr,None,None,None,None
177,exp_acyclic_depvary_step1_batch_yyy08.pl,v3,no,0.68,no,corr,None,None,None,None
178,exp_acyclic_depvary_step1_batch_yyy08.pl,f2,no,0.67,no,corr,None,None,None,None
179,exp_acyclic_depvary_step1_batch_yyy08.pl,f4,no,0.5,no,corr,None,None,None,None
180,exp_acyclic_depvary_step1_batch_yyy08.pl,a3,no,0.23,no,corr,None,None,None,None
181,exp_acyclic_depvary_step1_batch_yyy09.pl,t4,no,0.31,no,corr,None,None,None,None
182,exp_acyclic_depvary_step1_batch_yyy09.pl,b3,no,0.39,no,corr,None,None,None,None
183,exp_acyclic_depvary_step1_batch_yyy09.pl,d3,no,0.35,no,corr,None,None,None,None
184,exp_acyclic_depvary_step1_batch_yyy09.pl,x5,no,0.53,no,corr,None,None,None,None
185,exp_acyclic_depvary_step1_batch_yyy09.pl,r1,yes,0.48,yes,corr,None,None,None,None
186,exp_acyclic_depvary_step1_batch_yyy09.pl,q3,no,0.35,no,corr,None,None,None,None
187,exp_acyclic_depvary_step1_batch_yyy09.pl,e3,no,0.41,no,corr,None,None,None,None
188,exp_acyclic_depvary_step1_batch_yyy09.pl,r4,no,0.3,no,corr,None,None,None,None
189,exp_acyclic_depvary_step1_batch_yyy09.pl,e2,no,0.56,no,corr,None,None,None,None
190,exp_acyclic_depvary_step1_batch_yyy09.pl,r3,no,0.53,no,corr,None,None,None,None
191,exp_acyclic_depvary_step1_batch_yyy10.pl,c4,no,0.71,no,corr,None,None,None,None
192,exp_acyclic_depvary_step1_batch_yyy10.pl,d4,no,0.92,no,corr,None,None,None,None
193,exp_acyclic_depvary_step1_batch_yyy10.pl,b1,yes,0.6,yes,corr,None,None,None,None
194,exp_acyclic_depvary_step1_batch_yyy10.pl,a4,no,0.41,no,corr,None,None,None,None
195,exp_acyclic_depvary_step1_batch_yyy10.pl,y3,no,0.3,no,corr,None,None,None,None
196,exp_acyclic_depvary_step1_batch_yyy10.pl,e3,no,0.27,no,corr,None,None,None,None
197,exp_acyclic_depvary_step1_batch_yyy10.pl,r3,no,0.82,no,corr,None,None,None,None
198,exp_acyclic_depvary_step1_batch_yyy10.pl,f2,no,0.39,no,corr,None,None,None,None
199,exp_acyclic_depvary_step1_batch_yyy10.pl,q3,no,0.33,no,corr,None,None,None,None
200,exp_acyclic_depvary_step1_batch_yyy10.pl,y2,no,0.36,no,corr,None,None,None,None
201,exp_acyclic_depvary_step2_batch_yyy01.pl,b2,yes,0.73,no,inc,None,None,None,None
202,exp_acyclic_depvary_step2_batch_yyy01.pl,e1,yes,0.45,yes,corr,None,None,None,None
203,exp_acyclic_depvary_step2_batch_yyy01.pl,e5,no,0.71,no,corr,None,None,None,None
204,exp_acyclic_depvary_step2_batch_yyy01.pl,c5,no,0.48,no,corr,None,None,None,None
205,exp_acyclic_depvary_step2_batch_yyy01.pl,z4,no,0.41,no,corr,None,None,None,None
206,exp_acyclic_depvary_step2_batch_yyy01.pl,c1,no,0.37,no,corr,None,None,None,None
207,exp_acyclic_depvary_step2_batch_yyy01.pl,p1,no,0.65,no,corr,None,None,None,None
208,exp_acyclic_depvary_step2_batch_yyy01.pl,y5,no,0.38,no,corr,None,None,None,None
209,exp_acyclic_depvary_step2_batch_yyy01.pl,a6,no,0.56,no,corr,None,None,None,None
210,exp_acyclic_depvary_step2_batch_yyy01.pl,s4,no,0.79,no,corr,None,None,None,None
211,exp_acyclic_depvary_step2_batch_yyy02.pl,z5,no,0.49,no,corr,None,None,None,None
212,exp_acyclic_depvary_step2_batch_yyy02.pl,e5,no,0.45,no,corr,None,None,None,None
213,exp_acyclic_depvary_step2_batch_yyy02.pl,s5,no,0.5,no,corr,None,None,None,None
214,exp_acyclic_depvary_step2_batch_yyy02.pl,p2,yes,0.27,yes,corr,None,None,None,None
215,exp_acyclic_depvary_step2_batch_yyy02.pl,a1,no,0.46,no,corr,None,None,None,None
216,exp_acyclic_depvary_step2_batch_yyy02.pl,q2,no,1.03,no,corr,None,None,None,None
217,exp_acyclic_depvary_step2_batch_yyy02.pl,d3,no,0.4,no,corr,None,None,None,None
218,exp_acyclic_depvary_step2_batch_yyy02.pl,u4,no,0.3,no,corr,None,None,None,None
219,exp_acyclic_depvary_step2_batch_yyy02.pl,w1,no,1.28,no,corr,None,None,None,None
220,exp_acyclic_depvary_step2_batch_yyy02.pl,p3,no,0.24,no,corr,None,None,None,None
221,exp_acyclic_depvary_step2_batch_yyy03.pl,d5,no,0.39,no,corr,None,None,None,None
222,exp_acyclic_depvary_step2_batch_yyy03.pl,p5,no,0.27,no,corr,None,None,None,None
223,exp_acyclic_depvary_step2_batch_yyy03.pl,v5,no,0.3,no,corr,None,None,None,None
224,exp_acyclic_depvary_step2_batch_yyy03.pl,f5,no,0.96,no,corr,None,None,None,None
225,exp_acyclic_depvary_step2_batch_yyy03.pl,p3,no,0.89,no,corr,None,None,None,None
226,exp_acyclic_depvary_step2_batch_yyy03.pl,u3,no,0.59,no,corr,None,None,None,None
227,exp_acyclic_depvary_step2_batch_yyy03.pl,y2,no,0.52,no,corr,None,None,None,None
228,exp_acyclic_depvary_step2_batch_yyy03.pl,d1,yes,0.84,yes,corr,None,None,None,None
229,exp_acyclic_depvary_step2_batch_yyy03.pl,y3,no,0.34,no,corr,None,None,None,None
230,exp_acyclic_depvary_step2_batch_yyy03.pl,r5,no,0.67,no,corr,None,None,None,None
231,exp_acyclic_depvary_step2_batch_yyy04.pl,e1,no,1.28,no,corr,None,None,None,None
232,exp_acyclic_depvary_step2_batch_yyy04.pl,f1,yes,0.52,yes,corr,None,None,None,None
233,exp_acyclic_depvary_step2_batch_yyy04.pl,v5,no,0.38,no,corr,None,None,None,None
234,exp_acyclic_depvary_step2_batch_yyy04.pl,q5,no,0.37,no,corr,None,None,None,None
235,exp_acyclic_depvary_step2_batch_yyy04.pl,v1,yes,0.43,yes,corr,None,None,None,None
236,exp_acyclic_depvary_step2_batch_yyy04.pl,c6,no,0.42,no,corr,None,None,None,None
237,exp_acyclic_depvary_step2_batch_yyy04.pl,a6,no,0.65,no,corr,None,None,None,None
238,exp_acyclic_depvary_step2_batch_yyy04.pl,y4,no,1.03,no,corr,None,None,None,None
239,exp_acyclic_depvary_step2_batch_yyy04.pl,e2,no,0.37,no,corr,None,None,None,None
240,exp_acyclic_depvary_step2_batch_yyy04.pl,u2,no,0.49,no,corr,None,None,None,None
241,exp_acyclic_depvary_step2_batch_yyy05.pl,b2,no,0.62,no,corr,None,None,None,None
242,exp_acyclic_depvary_step2_batch_yyy05.pl,y4,no,0.35,no,corr,None,None,None,None
243,exp_acyclic_depvary_step2_batch_yyy05.pl,e1,yes,0.37,yes,corr,None,None,None,None
244,exp_acyclic_depvary_step2_batch_yyy05.pl,f1,yes,0.5,yes,corr,None,None,None,None
245,exp_acyclic_depvary_step2_batch_yyy05.pl,w5,no,0.66,no,corr,None,None,None,None
246,exp_acyclic_depvary_step2_batch_yyy05.pl,q4,no,0.61,no,corr,None,None,None,None
247,exp_acyclic_depvary_step2_batch_yyy05.pl,y3,no,0.28,no,corr,None,None,None,None
248,exp_acyclic_depvary_step2_batch_yyy05.pl,f4,no,0.49,no,corr,None,None,None,None
249,exp_acyclic_depvary_step2_batch_yyy05.pl,z1,yes,0.87,yes,corr,None,None,None,None
250,exp_acyclic_depvary_step2_batch_yyy05.pl,b1,yes,0.51,yes,corr,None,None,None,None
251,exp_acyclic_depvary_step2_batch_yyy06.pl,c3,no,0.63,no,corr,None,None,None,None
252,exp_acyclic_depvary_step2_batch_yyy06.pl,u1,yes,0.35,yes,corr,None,None,None,None
253,exp_acyclic_depvary_step2_batch_yyy06.pl,d3,no,0.28,no,corr,None,None,None,None
254,exp_acyclic_depvary_step2_batch_yyy06.pl,q4,no,0.53,no,corr,None,None,None,None
255,exp_acyclic_depvary_step2_batch_yyy06.pl,x2,no,0.3,no,corr,None,None,None,None
256,exp_acyclic_depvary_step2_batch_yyy06.pl,x5,no,0.38,no,corr,None,None,None,None
257,exp_acyclic_depvary_step2_batch_yyy06.pl,a1,yes,0.56,yes,corr,None,None,None,None
258,exp_acyclic_depvary_step2_batch_yyy06.pl,x4,no,0.91,no,corr,None,None,None,None
259,exp_acyclic_depvary_step2_batch_yyy06.pl,p5,no,0.79,no,corr,None,None,None,None
260,exp_acyclic_depvary_step2_batch_yyy06.pl,x3,no,0.48,no,corr,None,None,None,None
261,exp_acyclic_depvary_step2_batch_yyy07.pl,d5,no,0.52,no,corr,None,None,None,None
262,exp_acyclic_depvary_step2_batch_yyy07.pl,f1,yes,0.49,yes,corr,None,None,None,None
263,exp_acyclic_depvary_step2_batch_yyy07.pl,w5,no,0.35,no,corr,None,None,None,None
264,exp_acyclic_depvary_step2_batch_yyy07.pl,y3,no,0.28,no,corr,None,None,None,None
265,exp_acyclic_depvary_step2_batch_yyy07.pl,x1,yes,0.67,yes,corr,None,None,None,None
266,exp_acyclic_depvary_step2_batch_yyy07.pl,f2,no,0.7,no,corr,None,None,None,None
267,exp_acyclic_depvary_step2_batch_yyy07.pl,c5,no,1.06,no,corr,None,None,None,None
268,exp_acyclic_depvary_step2_batch_yyy07.pl,a5,no,0.44,no,corr,None,None,None,None
269,exp_acyclic_depvary_step2_batch_yyy07.pl,d1,no,0.8,no,corr,None,None,None,None
270,exp_acyclic_depvary_step2_batch_yyy07.pl,t1,yes,0.88,yes,corr,None,None,None,None
271,exp_acyclic_depvary_step2_batch_yyy08.pl,s3,no,0.47,no,corr,None,None,None,None
272,exp_acyclic_depvary_step2_batch_yyy08.pl,x3,no,0.74,no,corr,None,None,None,None
273,exp_acyclic_depvary_step2_batch_yyy08.pl,s5,no,0.55,no,corr,None,None,None,None
274,exp_acyclic_depvary_step2_batch_yyy08.pl,p3,no,0.38,no,corr,None,None,None,None
275,exp_acyclic_depvary_step2_batch_yyy08.pl,d2,no,0.43,no,corr,None,None,None,None
276,exp_acyclic_depvary_step2_batch_yyy08.pl,z3,no,0.5,no,corr,None,None,None,None
277,exp_acyclic_depvary_step2_batch_yyy08.pl,y2,no,0.31,no,corr,None,None,None,None
278,exp_acyclic_depvary_step2_batch_yyy08.pl,c6,no,0.3,no,corr,None,None,None,None
279,exp_acyclic_depvary_step2_batch_yyy08.pl,z2,no,0.28,no,corr,None,None,None,None
280,exp_acyclic_depvary_step2_batch_yyy08.pl,b5,no,0.53,no,corr,None,None,None,None
281,exp_acyclic_depvary_step2_batch_yyy09.pl,u5,no,0.36,no,corr,None,None,None,None
282,exp_acyclic_depvary_step2_batch_yyy09.pl,t4,no,0.4,no,corr,None,None,None,None
283,exp_acyclic_depvary_step2_batch_yyy09.pl,b2,no,0.81,no,corr,None,None,None,None
284,exp_acyclic_depvary_step2_batch_yyy09.pl,b3,no,1.21,no,corr,None,None,None,None
285,exp_acyclic_depvary_step2_batch_yyy09.pl,p4,no,0.48,no,corr,None,None,None,None
286,exp_acyclic_depvary_step2_batch_yyy09.pl,b4,no,0.31,no,corr,None,None,None,None
287,exp_acyclic_depvary_step2_batch_yyy09.pl,z1,no,0.63,no,corr,None,None,None,None
288,exp_acyclic_depvary_step2_batch_yyy09.pl,w4,no,0.98,no,corr,None,None,None,None
289,exp_acyclic_depvary_step2_batch_yyy09.pl,d1,yes,0.28,yes,corr,None,None,None,None
290,exp_acyclic_depvary_step2_batch_yyy09.pl,x4,no,0.82,no,corr,None,None,None,None
291,exp_acyclic_depvary_step2_batch_yyy10.pl,u5,no,0.5,no,corr,None,None,None,None
292,exp_acyclic_depvary_step2_batch_yyy10.pl,d4,no,0.48,no,corr,None,None,None,None
293,exp_acyclic_depvary_step2_batch_yyy10.pl,t3,no,0.35,no,corr,None,None,None,None
294,exp_acyclic_depvary_step2_batch_yyy10.pl,v4,no,0.39,no,corr,None,None,None,None
295,exp_acyclic_depvary_step2_batch_yyy10.pl,f4,no,0.38,no,corr,None,None,None,None
296,exp_acyclic_depvary_step2_batch_yyy10.pl,r2,yes,0.81,yes,corr,None,None,None,None
297,exp_acyclic_depvary_step2_batch_yyy10.pl,v2,no,0.27,no,corr,None,None,None,None
298,exp_acyclic_depvary_step2_batch_yyy10.pl,e1,no,1.1,no,corr,None,None,None,None
299,exp_acyclic_depvary_step2_batch_yyy10.pl,s1,yes,0.57,yes,corr,None,None,None,None
300,exp_acyclic_depvary_step2_batch_yyy10.pl,d2,no,0.29,no,corr,None,None,None,None
301,exp_acyclic_depvary_step3_batch_yyy01.pl,u1,yes,0.51,yes,corr,None,None,None,None
302,exp_acyclic_depvary_step3_batch_yyy01.pl,c2,no,1.04,no,corr,None,None,None,None
303,exp_acyclic_depvary_step3_batch_yyy01.pl,a4,no,0.41,no,corr,None,None,None,None
304,exp_acyclic_depvary_step3_batch_yyy01.pl,y1,yes,1.91,yes,corr,None,None,None,None
305,exp_acyclic_depvary_step3_batch_yyy01.pl,q1,yes,1.22,yes,corr,None,None,None,None
306,exp_acyclic_depvary_step3_batch_yyy01.pl,a2,no,0.96,no,corr,None,None,None,None
307,exp_acyclic_depvary_step3_batch_yyy01.pl,s5,no,0.33,no,corr,None,None,None,None
308,exp_acyclic_depvary_step3_batch_yyy01.pl,b4,no,0.35,no,corr,None,None,None,None
309,exp_acyclic_depvary_step3_batch_yyy01.pl,z3,no,0.31,no,corr,None,None,None,None
310,exp_acyclic_depvary_step3_batch_yyy01.pl,a3,no,0.45,no,corr,None,None,None,None
311,exp_acyclic_depvary_step3_batch_yyy02.pl,d5,no,0.65,no,corr,None,None,None,None
312,exp_acyclic_depvary_step3_batch_yyy02.pl,z5,no,0.51,no,corr,None,None,None,None
313,exp_acyclic_depvary_step3_batch_yyy02.pl,b4,no,0.31,no,corr,None,None,None,None
314,exp_acyclic_depvary_step3_batch_yyy02.pl,c2,yes,0.36,yes,corr,None,None,None,None
315,exp_acyclic_depvary_step3_batch_yyy02.pl,r5,no,0.43,no,corr,None,None,None,None
316,exp_acyclic_depvary_step3_batch_yyy02.pl,r1,yes,0.67,yes,corr,None,None,None,None
317,exp_acyclic_depvary_step3_batch_yyy02.pl,p2,yes,0.45,yes,corr,None,None,None,None
318,exp_acyclic_depvary_step3_batch_yyy02.pl,e2,yes,1.19,yes,corr,None,None,None,None
319,exp_acyclic_depvary_step3_batch_yyy02.pl,d1,yes,0.62,yes,corr,None,None,None,None
320,exp_acyclic_depvary_step3_batch_yyy02.pl,q1,no,0.82,no,corr,None,None,None,None
321,exp_acyclic_depvary_step3_batch_yyy03.pl,p4,no,0.57,no,corr,None,None,None,None
322,exp_acyclic_depvary_step3_batch_yyy03.pl,u4,no,0.41,no,corr,None,None,None,None
323,exp_acyclic_depvary_step3_batch_yyy03.pl,z1,no,0.3,no,corr,None,None,None,None
324,exp_acyclic_depvary_step3_batch_yyy03.pl,c6,no,0.56,no,corr,None,None,None,None
325,exp_acyclic_depvary_step3_batch_yyy03.pl,y1,no,0.3,no,corr,None,None,None,None
326,exp_acyclic_depvary_step3_batch_yyy03.pl,y2,no,0.53,no,corr,None,None,None,None
327,exp_acyclic_depvary_step3_batch_yyy03.pl,e2,no,0.47,no,corr,None,None,None,None
328,exp_acyclic_depvary_step3_batch_yyy03.pl,r3,no,0.42,no,corr,None,None,None,None
329,exp_acyclic_depvary_step3_batch_yyy03.pl,f2,no,0.73,no,corr,None,None,None,None
330,exp_acyclic_depvary_step3_batch_yyy03.pl,q2,no,1.51,no,corr,None,None,None,None
331,exp_acyclic_depvary_step3_batch_yyy04.pl,t5,no,0.58,no,corr,None,None,None,None
332,exp_acyclic_depvary_step3_batch_yyy04.pl,s4,no,0.65,no,corr,None,None,None,None
333,exp_acyclic_depvary_step3_batch_yyy04.pl,u4,no,0.74,no,corr,None,None,None,None
334,exp_acyclic_depvary_step3_batch_yyy04.pl,c5,no,0.37,no,corr,None,None,None,None
335,exp_acyclic_depvary_step3_batch_yyy04.pl,e4,no,0.34,no,corr,None,None,None,None
336,exp_acyclic_depvary_step3_batch_yyy04.pl,w1,no,0.65,no,corr,None,None,None,None
337,exp_acyclic_depvary_step3_batch_yyy04.pl,s1,yes,0.37,yes,corr,None,None,None,None
338,exp_acyclic_depvary_step3_batch_yyy04.pl,z3,no,0.44,no,corr,None,None,None,None
339,exp_acyclic_depvary_step3_batch_yyy04.pl,r3,no,0.34,no,corr,None,None,None,None
340,exp_acyclic_depvary_step3_batch_yyy04.pl,q2,yes,0.37,yes,corr,None,None,None,None
341,exp_acyclic_depvary_step3_batch_yyy05.pl,e1,yes,0.39,yes,corr,None,None,None,None
342,exp_acyclic_depvary_step3_batch_yyy05.pl,f1,yes,0.7,yes,corr,None,None,None,None
343,exp_acyclic_depvary_step3_batch_yyy05.pl,c5,no,0.36,no,corr,None,None,None,None
344,exp_acyclic_depvary_step3_batch_yyy05.pl,r4,no,0.37,no,corr,None,None,None,None
345,exp_acyclic_depvary_step3_batch_yyy05.pl,a3,no,0.46,no,corr,None,None,None,None
346,exp_acyclic_depvary_step3_batch_yyy05.pl,x1,yes,0.52,yes,corr,None,None,None,None
347,exp_acyclic_depvary_step3_batch_yyy05.pl,s5,no,0.31,no,corr,None,None,None,None
348,exp_acyclic_depvary_step3_batch_yyy05.pl,b4,no,0.43,no,corr,None,None,None,None
349,exp_acyclic_depvary_step3_batch_yyy05.pl,r5,no,0.4,no,corr,None,None,None,None
350,exp_acyclic_depvary_step3_batch_yyy05.pl,e4,no,0.25,no,corr,None,None,None,None
351,exp_acyclic_depvary_step3_batch_yyy06.pl,c4,no,0.57,no,corr,None,None,None,None
352,exp_acyclic_depvary_step3_batch_yyy06.pl,u4,no,0.45,no,corr,None,None,None,None
353,exp_acyclic_depvary_step3_batch_yyy06.pl,a1,no,7.82,no,corr,None,None,None,None
354,exp_acyclic_depvary_step3_batch_yyy06.pl,u2,no,0.95,no,corr,None,None,None,None
355,exp_acyclic_depvary_step3_batch_yyy06.pl,x4,no,0.76,no,corr,None,None,None,None
356,exp_acyclic_depvary_step3_batch_yyy06.pl,z5,no,0.43,no,corr,None,None,None,None
357,exp_acyclic_depvary_step3_batch_yyy06.pl,e1,yes,0.34,yes,corr,None,None,None,None
358,exp_acyclic_depvary_step3_batch_yyy06.pl,x5,no,0.33,no,corr,None,None,None,None
359,exp_acyclic_depvary_step3_batch_yyy06.pl,c6,no,0.34,no,corr,None,None,None,None
360,exp_acyclic_depvary_step3_batch_yyy06.pl,b5,no,0.29,no,corr,None,None,None,None
361,exp_acyclic_depvary_step3_batch_yyy07.pl,w2,no,0.59,no,corr,None,None,None,None
362,exp_acyclic_depvary_step3_batch_yyy07.pl,q5,no,0.5,no,corr,None,None,None,None
363,exp_acyclic_depvary_step3_batch_yyy07.pl,c2,yes,0.64,yes,corr,None,None,None,None
364,exp_acyclic_depvary_step3_batch_yyy07.pl,x2,yes,0.61,yes,corr,None,None,None,None
365,exp_acyclic_depvary_step3_batch_yyy07.pl,e4,no,0.41,no,corr,None,None,None,None
366,exp_acyclic_depvary_step3_batch_yyy07.pl,a1,yes,0.5,yes,corr,None,None,None,None
367,exp_acyclic_depvary_step3_batch_yyy07.pl,t4,no,0.7,no,corr,None,None,None,None
368,exp_acyclic_depvary_step3_batch_yyy07.pl,s3,no,0.36,no,corr,None,None,None,None
369,exp_acyclic_depvary_step3_batch_yyy07.pl,r3,no,0.49,no,corr,None,None,None,None
370,exp_acyclic_depvary_step3_batch_yyy07.pl,q1,no,0.25,no,corr,None,None,None,None
371,exp_acyclic_depvary_step3_batch_yyy08.pl,d4,no,0.45,no,corr,None,None,None,None
372,exp_acyclic_depvary_step3_batch_yyy08.pl,w2,yes,0.33,yes,corr,None,None,None,None
373,exp_acyclic_depvary_step3_batch_yyy08.pl,a5,no,0.56,no,corr,None,None,None,None
374,exp_acyclic_depvary_step3_batch_yyy08.pl,y3,no,0.73,no,corr,None,None,None,None
375,exp_acyclic_depvary_step3_batch_yyy08.pl,c6,no,0.52,no,corr,None,None,None,None
376,exp_acyclic_depvary_step3_batch_yyy08.pl,q3,no,0.51,no,corr,None,None,None,None
377,exp_acyclic_depvary_step3_batch_yyy08.pl,u2,no,0.49,no,corr,None,None,None,None
378,exp_acyclic_depvary_step3_batch_yyy08.pl,y5,no,0.27,no,corr,None,None,None,None
379,exp_acyclic_depvary_step3_batch_yyy08.pl,f4,no,0.37,no,corr,None,None,None,None
380,exp_acyclic_depvary_step3_batch_yyy08.pl,z3,no,0.93,no,corr,None,None,None,None
381,exp_acyclic_depvary_step3_batch_yyy09.pl,b3,no,0.55,no,corr,None,None,None,None
382,exp_acyclic_depvary_step3_batch_yyy09.pl,d4,no,0.46,no,corr,None,None,None,None
383,exp_acyclic_depvary_step3_batch_yyy09.pl,w5,no,0.3,no,corr,None,None,None,None
384,exp_acyclic_depvary_step3_batch_yyy09.pl,b1,no,0.95,no,corr,None,None,None,None
385,exp_acyclic_depvary_step3_batch_yyy09.pl,a4,no,0.84,no,corr,None,None,None,None
386,exp_acyclic_depvary_step3_batch_yyy09.pl,p3,no,0.33,no,corr,None,None,None,None
387,exp_acyclic_depvary_step3_batch_yyy09.pl,e3,no,0.55,no,corr,None,None,None,None
388,exp_acyclic_depvary_step3_batch_yyy09.pl,r1,yes,0.54,yes,corr,None,None,None,None
389,exp_acyclic_depvary_step3_batch_yyy09.pl,e2,yes,1.05,yes,corr,None,None,None,None
390,exp_acyclic_depvary_step3_batch_yyy09.pl,d1,yes,1.33,yes,corr,None,None,None,None
391,exp_acyclic_depvary_step3_batch_yyy10.pl,s3,no,0.62,no,corr,None,None,None,None
392,exp_acyclic_depvary_step3_batch_yyy10.pl,b3,no,0.83,no,corr,None,None,None,None
393,exp_acyclic_depvary_step3_batch_yyy10.pl,e1,yes,0.7,yes,corr,None,None,None,None
394,exp_acyclic_depvary_step3_batch_yyy10.pl,t2,no,2.27,no,corr,None,None,None,None
395,exp_acyclic_depvary_step3_batch_yyy10.pl,e3,no,0.89,no,corr,None,None,None,None
396,exp_acyclic_depvary_step3_batch_yyy10.pl,u5,no,0.7,no,corr,None,None,None,None
397,exp_acyclic_depvary_step3_batch_yyy10.pl,d5,no,1.07,no,corr,None,None,None,None
398,exp_acyclic_depvary_step3_batch_yyy10.pl,e2,no,0.9,no,corr,None,None,None,None
399,exp_acyclic_depvary_step3_batch_yyy10.pl,r3,no,0.46,no,corr,None,None,None,None
400,exp_acyclic_depvary_step3_batch_yyy10.pl,d1,no,2.73,no,corr,None,None,None,None
401,exp_acyclic_depvary_step4_batch_yyy01.pl,b3,yes,0.58,yes,corr,None,None,None,None
402,exp_acyclic_depvary_step4_batch_yyy01.pl,u1,no,1.23,no,corr,None,None,None,None
403,exp_acyclic_depvary_step4_batch_yyy01.pl,d3,no,0.98,no,corr,None,None,None,None
404,exp_acyclic_depvary_step4_batch_yyy01.pl,q5,no,0.86,no,corr,None,None,None,None
405,exp_acyclic_depvary_step4_batch_yyy01.pl,c2,yes,0.65,yes,corr,None,None,None,None
406,exp_acyclic_depvary_step4_batch_yyy01.pl,f5,no,0.75,no,corr,None,None,None,None
407,exp_acyclic_depvary_step4_batch_yyy01.pl,w1,no,0.43,no,corr,None,None,None,None
408,exp_acyclic_depvary_step4_batch_yyy01.pl,s1,yes,0.97,yes,corr,None,None,None,None
409,exp_acyclic_depvary_step4_batch_yyy01.pl,x1,no,2.9,no,corr,None,None,None,None
410,exp_acyclic_depvary_step4_batch_yyy01.pl,f2,yes,0.99,yes,corr,None,None,None,None
411,exp_acyclic_depvary_step4_batch_yyy02.pl,u1,yes,0.88,yes,corr,None,None,None,None
412,exp_acyclic_depvary_step4_batch_yyy02.pl,y3,no,0.85,no,corr,None,None,None,None
413,exp_acyclic_depvary_step4_batch_yyy02.pl,d2,yes,1.53,yes,corr,None,None,None,None
414,exp_acyclic_depvary_step4_batch_yyy02.pl,y5,no,1.01,no,corr,None,None,None,None
415,exp_acyclic_depvary_step4_batch_yyy02.pl,w3,no,1.05,no,corr,None,None,None,None
416,exp_acyclic_depvary_step4_batch_yyy02.pl,b3,yes,1.04,yes,corr,None,None,None,None
417,exp_acyclic_depvary_step4_batch_yyy02.pl,y4,no,0.84,no,corr,None,None,None,None
418,exp_acyclic_depvary_step4_batch_yyy02.pl,e2,yes,1.3,yes,corr,None,None,None,None
419,exp_acyclic_depvary_step4_batch_yyy02.pl,t1,no,1.13,no,corr,None,None,None,None
420,exp_acyclic_depvary_step4_batch_yyy02.pl,q1,yes,1.39,yes,corr,None,None,None,None
421,exp_acyclic_depvary_step4_batch_yyy03.pl,b2,yes,1.16,yes,corr,None,None,None,None
422,exp_acyclic_depvary_step4_batch_yyy03.pl,p5,no,0.4,no,corr,None,None,None,None
423,exp_acyclic_depvary_step4_batch_yyy03.pl,d3,no,0.29,no,corr,None,None,None,None
424,exp_acyclic_depvary_step4_batch_yyy03.pl,t3,no,0.47,no,corr,None,None,None,None
425,exp_acyclic_depvary_step4_batch_yyy03.pl,u3,no,0.26,no,corr,None,None,None,None
426,exp_acyclic_depvary_step4_batch_yyy03.pl,s1,no,0.45,no,corr,None,None,None,None
427,exp_acyclic_depvary_step4_batch_yyy03.pl,q3,yes,0.45,yes,corr,None,None,None,None
428,exp_acyclic_depvary_step4_batch_yyy03.pl,b6,no,0.47,no,corr,None,None,None,None
429,exp_acyclic_depvary_step4_batch_yyy03.pl,c3,no,0.71,no,corr,None,None,None,None
430,exp_acyclic_depvary_step4_batch_yyy03.pl,t4,no,0.89,no,corr,None,None,None,None
431,exp_acyclic_depvary_step4_batch_yyy04.pl,u5,no,0.72,no,corr,None,None,None,None
432,exp_acyclic_depvary_step4_batch_yyy04.pl,b2,yes,0.56,yes,corr,None,None,None,None
433,exp_acyclic_depvary_step4_batch_yyy04.pl,d4,no,0.84,no,corr,None,None,None,None
434,exp_acyclic_depvary_step4_batch_yyy04.pl,b4,no,0.99,no,corr,None,None,None,None
435,exp_acyclic_depvary_step4_batch_yyy04.pl,p3,no,280.6,no,corr,None,None,None,None
436,exp_acyclic_depvary_step4_batch_yyy04.pl,y1,no,10.1,no,corr,None,None,None,None
437,exp_acyclic_depvary_step4_batch_yyy04.pl,b6,no,0.28,no,corr,None,None,None,None
438,exp_acyclic_depvary_step4_batch_yyy04.pl,q1,no,20.4,no,corr,None,None,None,None
439,exp_acyclic_depvary_step4_batch_yyy04.pl,x2,yes,0.6,yes,corr,None,None,None,None
440,exp_acyclic_depvary_step4_batch_yyy04.pl,f5,no,0.31,no,corr,None,None,None,None
441,exp_acyclic_depvary_step4_batch_yyy05.pl,t4,no,0.42,no,corr,None,None,None,None
442,exp_acyclic_depvary_step4_batch_yyy05.pl,p5,no,0.51,no,corr,None,None,None,None
443,exp_acyclic_depvary_step4_batch_yyy05.pl,t3,no,0.34,no,corr,None,None,None,None
444,exp_acyclic_depvary_step4_batch_yyy05.pl,y1,no,1.01,no,corr,None,None,None,None
445,exp_acyclic_depvary_step4_batch_yyy05.pl,a3,no,0.49,no,corr,None,None,None,None
446,exp_acyclic_depvary_step4_batch_yyy05.pl,x4,no,0.46,no,corr,None,None,None,None
447,exp_acyclic_depvary_step4_batch_yyy05.pl,v5,no,0.29,no,corr,None,None,None,None
448,exp_acyclic_depvary_step4_batch_yyy05.pl,w5,no,0.27,no,corr,None,None,None,None
449,exp_acyclic_depvary_step4_batch_yyy05.pl,c6,no,0.39,no,corr,None,None,None,None
450,exp_acyclic_depvary_step4_batch_yyy05.pl,z2,yes,0.28,yes,corr,None,None,None,None
451,exp_acyclic_depvary_step4_batch_yyy06.pl,b3,no,0.54,no,corr,None,None,None,None
452,exp_acyclic_depvary_step4_batch_yyy06.pl,z5,no,0.34,no,corr,None,None,None,None
453,exp_acyclic_depvary_step4_batch_yyy06.pl,c2,yes,0.3,yes,corr,None,None,None,None
454,exp_acyclic_depvary_step4_batch_yyy06.pl,x2,no,1.54,no,corr,None,None,None,None
455,exp_acyclic_depvary_step4_batch_yyy06.pl,z4,no,0.47,no,corr,None,None,None,None
456,exp_acyclic_depvary_step4_batch_yyy06.pl,v4,no,0.59,no,corr,None,None,None,None
457,exp_acyclic_depvary_step4_batch_yyy06.pl,r3,no,1.09,no,corr,None,None,None,None
458,exp_acyclic_depvary_step4_batch_yyy06.pl,u2,no,0.37,no,corr,None,None,None,None
459,exp_acyclic_depvary_step4_batch_yyy06.pl,a2,yes,0.33,yes,corr,None,None,None,None
460,exp_acyclic_depvary_step4_batch_yyy06.pl,w3,no,0.31,no,corr,None,None,None,None
461,exp_acyclic_depvary_step4_batch_yyy07.pl,u5,no,0.31,no,corr,None,None,None,None
462,exp_acyclic_depvary_step4_batch_yyy07.pl,t5,no,0.44,no,corr,None,None,None,None
463,exp_acyclic_depvary_step4_batch_yyy07.pl,q4,no,0.6,no,corr,None,None,None,None
464,exp_acyclic_depvary_step4_batch_yyy07.pl,f3,no,0.28,no,corr,None,None,None,None
465,exp_acyclic_depvary_step4_batch_yyy07.pl,a1,yes,0.32,yes,corr,None,None,None,None
466,exp_acyclic_depvary_step4_batch_yyy07.pl,x4,no,0.35,no,corr,None,None,None,None
467,exp_acyclic_depvary_step4_batch_yyy07.pl,s1,yes,0.64,yes,corr,None,None,None,None
468,exp_acyclic_depvary_step4_batch_yyy07.pl,d2,yes,0.33,yes,corr,None,None,None,None
469,exp_acyclic_depvary_step4_batch_yyy07.pl,t1,no,0.36,no,corr,None,None,None,None
470,exp_acyclic_depvary_step4_batch_yyy07.pl,q1,no,0.39,no,corr,None,None,None,None
471,exp_acyclic_depvary_step4_batch_yyy08.pl,t5,no,0.43,no,corr,None,None,None,None
472,exp_acyclic_depvary_step4_batch_yyy08.pl,d4,no,0.28,no,corr,None,None,None,None
473,exp_acyclic_depvary_step4_batch_yyy08.pl,t3,no,0.38,no,corr,None,None,None,None
474,exp_acyclic_depvary_step4_batch_yyy08.pl,f3,no,0.35,no,corr,None,None,None,None
475,exp_acyclic_depvary_step4_batch_yyy08.pl,r1,no,2.76,no,corr,None,None,None,None
476,exp_acyclic_depvary_step4_batch_yyy08.pl,y2,yes,1.02,yes,corr,None,None,None,None
477,exp_acyclic_depvary_step4_batch_yyy08.pl,v3,no,0.5,no,corr,None,None,None,None
478,exp_acyclic_depvary_step4_batch_yyy08.pl,y5,no,0.26,no,corr,None,None,None,None
479,exp_acyclic_depvary_step4_batch_yyy08.pl,w3,no,0.28,no,corr,None,None,None,None
480,exp_acyclic_depvary_step4_batch_yyy08.pl,f2,no,1.52,no,corr,None,None,None,None
481,exp_acyclic_depvary_step4_batch_yyy09.pl,v2,no,1.52,no,corr,None,None,None,None
482,exp_acyclic_depvary_step4_batch_yyy09.pl,d3,no,0.52,no,corr,None,None,None,None
483,exp_acyclic_depvary_step4_batch_yyy09.pl,t3,no,0.34,no,corr,None,None,None,None
484,exp_acyclic_depvary_step4_batch_yyy09.pl,z4,no,0.37,no,corr,None,None,None,None
485,exp_acyclic_depvary_step4_batch_yyy09.pl,v1,no,2.33,no,corr,None,None,None,None
486,exp_acyclic_depvary_step4_batch_yyy09.pl,c1,yes,0.28,yes,corr,None,None,None,None
487,exp_acyclic_depvary_step4_batch_yyy09.pl,a6,no,0.35,no,corr,None,None,None,None
488,exp_acyclic_depvary_step4_batch_yyy09.pl,s4,no,0.38,no,corr,None,None,None,None
489,exp_acyclic_depvary_step4_batch_yyy09.pl,a4,no,0.51,no,corr,None,None,None,None
490,exp_acyclic_depvary_step4_batch_yyy09.pl,x2,no,0.6,no,corr,None,None,None,None
491,exp_acyclic_depvary_step4_batch_yyy10.pl,w5,no,0.43,no,corr,None,None,None,None
492,exp_acyclic_depvary_step4_batch_yyy10.pl,q4,no,0.58,no,corr,None,None,None,None
493,exp_acyclic_depvary_step4_batch_yyy10.pl,r5,no,0.29,no,corr,None,None,None,None
494,exp_acyclic_depvary_step4_batch_yyy10.pl,w4,no,0.26,no,corr,None,None,None,None
495,exp_acyclic_depvary_step4_batch_yyy10.pl,t2,no,0.85,no,corr,None,None,None,None
496,exp_acyclic_depvary_step4_batch_yyy10.pl,b6,no,0.65,no,corr,None,None,None,None
497,exp_acyclic_depvary_step4_batch_yyy10.pl,d1,yes,0.89,yes,corr,None,None,None,None
498,exp_acyclic_depvary_step4_batch_yyy10.pl,f2,no,0.59,no,corr,None,None,None,None
499,exp_acyclic_depvary_step4_batch_yyy10.pl,u5,no,0.49,no,corr,None,None,None,None
500,exp_acyclic_depvary_step4_batch_yyy10.pl,d5,no,0.25,no,corr,None,None,None,None
501,exp_acyclic_depvary_step5_batch_yyy01.pl,d5,no,0.39,no,corr,None,None,None,None
502,exp_acyclic_depvary_step5_batch_yyy01.pl,p5,no,0.28,no,corr,None,None,None,None
503,exp_acyclic_depvary_step5_batch_yyy01.pl,a4,no,0.39,no,corr,None,None,None,None
504,exp_acyclic_depvary_step5_batch_yyy01.pl,p2,no,4.7,no,corr,None,None,None,None
505,exp_acyclic_depvary_step5_batch_yyy01.pl,v2,yes,0.44,yes,corr,None,None,None,None
506,exp_acyclic_depvary_step5_batch_yyy01.pl,e1,yes,0.38,yes,corr,None,None,None,None
507,exp_acyclic_depvary_step5_batch_yyy01.pl,c5,no,0.28,no,corr,None,None,None,None
508,exp_acyclic_depvary_step5_batch_yyy01.pl,b1,yes,0.47,yes,corr,None,None,None,None
509,exp_acyclic_depvary_step5_batch_yyy01.pl,d1,no,2.29,no,corr,None,None,None,None
510,exp_acyclic_depvary_step5_batch_yyy01.pl,q1,yes,0.47,yes,corr,None,None,None,None
511,exp_acyclic_depvary_step5_batch_yyy02.pl,u5,no,0.42,no,corr,None,None,None,None
512,exp_acyclic_depvary_step5_batch_yyy02.pl,t4,no,0.41,no,corr,None,None,None,None
513,exp_acyclic_depvary_step5_batch_yyy02.pl,e1,yes,0.67,yes,corr,None,None,None,None
514,exp_acyclic_depvary_step5_batch_yyy02.pl,q4,no,0.29,no,corr,None,None,None,None
515,exp_acyclic_depvary_step5_batch_yyy02.pl,f5,no,0.39,no,corr,None,None,None,None
516,exp_acyclic_depvary_step5_batch_yyy02.pl,r5,no,0.27,no,corr,None,None,None,None
517,exp_acyclic_depvary_step5_batch_yyy02.pl,r1,no,3.9,no,corr,None,None,None,None
518,exp_acyclic_depvary_step5_batch_yyy02.pl,d1,yes,0.3,yes,corr,None,None,None,None
519,exp_acyclic_depvary_step5_batch_yyy02.pl,p4,no,0.34,no,corr,None,None,None,None
520,exp_acyclic_depvary_step5_batch_yyy02.pl,d4,no,0.29,no,corr,None,None,None,None
521,exp_acyclic_depvary_step5_batch_yyy03.pl,s4,no,0.37,no,corr,None,None,None,None
522,exp_acyclic_depvary_step5_batch_yyy03.pl,d4,no,0.3,no,corr,None,None,None,None
523,exp_acyclic_depvary_step5_batch_yyy03.pl,s2,yes,0.58,yes,corr,None,None,None,None
524,exp_acyclic_depvary_step5_batch_yyy03.pl,w1,no,0.3,no,corr,None,None,None,None
525,exp_acyclic_depvary_step5_batch_yyy03.pl,f3,no,16.71,no,corr,None,None,None,None
526,exp_acyclic_depvary_step5_batch_yyy03.pl,t2,yes,4.61,yes,corr,None,None,None,None
527,exp_acyclic_depvary_step5_batch_yyy03.pl,y1,no,0.57,no,corr,None,None,None,None
528,exp_acyclic_depvary_step5_batch_yyy03.pl,y5,no,0.44,no,corr,None,None,None,None
529,exp_acyclic_depvary_step5_batch_yyy03.pl,b6,no,0.26,no,corr,None,None,None,None
530,exp_acyclic_depvary_step5_batch_yyy03.pl,a1,no,16.77,no,corr,None,None,None,None
531,exp_acyclic_depvary_step5_batch_yyy04.pl,p5,no,0.47,no,corr,None,None,None,None
532,exp_acyclic_depvary_step5_batch_yyy04.pl,f1,yes,2.18,yes,corr,None,None,None,None
533,exp_acyclic_depvary_step5_batch_yyy04.pl,v5,no,0.36,no,corr,None,None,None,None
534,exp_acyclic_depvary_step5_batch_yyy04.pl,w1,no,81.54,no,corr,None,None,None,None
535,exp_acyclic_depvary_step5_batch_yyy04.pl,v4,no,0.41,no,corr,None,None,None,None
536,exp_acyclic_depvary_step5_batch_yyy04.pl,v3,no,28.32,no,corr,None,None,None,None
537,exp_acyclic_depvary_step5_batch_yyy04.pl,s5,no,0.71,no,corr,None,None,None,None
538,exp_acyclic_depvary_step5_batch_yyy04.pl,b4,no,0.71,no,corr,None,None,None,None
539,exp_acyclic_depvary_step5_batch_yyy04.pl,r3,yes,0.6,yes,corr,None,None,None,None
540,exp_acyclic_depvary_step5_batch_yyy04.pl,t1,no,137.62,no,corr,None,None,None,None
541,exp_acyclic_depvary_step5_batch_yyy05.pl,t5,no,0.89,no,corr,None,None,None,None
542,exp_acyclic_depvary_step5_batch_yyy05.pl,y4,no,0.36,no,corr,None,None,None,None
543,exp_acyclic_depvary_step5_batch_yyy05.pl,a5,no,0.41,no,corr,None,None,None,None
544,exp_acyclic_depvary_step5_batch_yyy05.pl,y3,no,0.65,no,corr,None,None,None,None
545,exp_acyclic_depvary_step5_batch_yyy05.pl,x5,no,0.43,no,corr,None,None,None,None
546,exp_acyclic_depvary_step5_batch_yyy05.pl,r4,no,0.69,no,corr,None,None,None,None
547,exp_acyclic_depvary_step5_batch_yyy05.pl,d2,yes,5.99,yes,corr,None,None,None,None
548,exp_acyclic_depvary_step5_batch_yyy05.pl,y2,yes,0.37,yes,corr,None,None,None,None
549,exp_acyclic_depvary_step5_batch_yyy05.pl,b4,no,0.32,no,corr,None,None,None,None
550,exp_acyclic_depvary_step5_batch_yyy05.pl,q5,no,0.39,no,corr,None,None,None,None
551,exp_acyclic_depvary_step5_batch_yyy06.pl,t5,no,0.46,no,corr,None,None,None,None
552,exp_acyclic_depvary_step5_batch_yyy06.pl,y4,no,0.32,no,corr,None,None,None,None
553,exp_acyclic_depvary_step5_batch_yyy06.pl,z5,no,0.38,no,corr,None,None,None,None
554,exp_acyclic_depvary_step5_batch_yyy06.pl,e3,yes,0.57,yes,corr,None,None,None,None
555,exp_acyclic_depvary_step5_batch_yyy06.pl,y1,no,0.32,no,corr,None,None,None,None
556,exp_acyclic_depvary_step5_batch_yyy06.pl,q3,no,315.06,no,corr,None,None,None,None
557,exp_acyclic_depvary_step5_batch_yyy06.pl,p1,no,1.38,no,corr,None,None,None,None
558,exp_acyclic_depvary_step5_batch_yyy06.pl,a2,yes,0.39,yes,corr,None,None,None,None
559,exp_acyclic_depvary_step5_batch_yyy06.pl,z4,no,0.45,no,corr,None,None,None,None
560,exp_acyclic_depvary_step5_batch_yyy06.pl,e4,no,0.6,no,corr,None,None,None,None
561,exp_acyclic_depvary_step5_batch_yyy07.pl,p5,no,0.61,no,corr,None,None,None,None
562,exp_acyclic_depvary_step5_batch_yyy07.pl,u1,no,2.24,no,corr,None,None,None,None
563,exp_acyclic_depvary_step5_batch_yyy07.pl,u4,no,0.44,no,corr,None,None,None,None
564,exp_acyclic_depvary_step5_batch_yyy07.pl,p3,no,0.49,no,corr,None,None,None,None
565,exp_acyclic_depvary_step5_batch_yyy07.pl,s1,yes,1.04,yes,corr,None,None,None,None
566,exp_acyclic_depvary_step5_batch_yyy07.pl,p2,no,0.79,no,corr,None,None,None,None
567,exp_acyclic_depvary_step5_batch_yyy07.pl,r3,no,2.14,no,corr,None,None,None,None
568,exp_acyclic_depvary_step5_batch_yyy07.pl,a2,no,2.23,no,corr,None,None,None,None
569,exp_acyclic_depvary_step5_batch_yyy07.pl,q3,no,2.25,no,corr,None,None,None,None
570,exp_acyclic_depvary_step5_batch_yyy07.pl,y2,no,4.08,no,corr,None,None,None,None
571,exp_acyclic_depvary_step5_batch_yyy08.pl,c4,no,0.52,no,corr,None,None,None,None
572,exp_acyclic_depvary_step5_batch_yyy08.pl,d4,no,0.56,no,corr,None,None,None,None
573,exp_acyclic_depvary_step5_batch_yyy08.pl,e5,no,0.43,no,corr,None,None,None,None
574,exp_acyclic_depvary_step5_batch_yyy08.pl,p3,no,0.5,no,corr,None,None,None,None
575,exp_acyclic_depvary_step5_batch_yyy08.pl,y2,no,1.33,no,corr,None,None,None,None
576,exp_acyclic_depvary_step5_batch_yyy08.pl,b6,no,0.87,no,corr,None,None,None,None
577,exp_acyclic_depvary_step5_batch_yyy08.pl,p1,yes,1.08,yes,corr,None,None,None,None
578,exp_acyclic_depvary_step5_batch_yyy08.pl,f2,no,1.14,no,corr,None,None,None,None
579,exp_acyclic_depvary_step5_batch_yyy08.pl,u3,no,0.66,no,corr,None,None,None,None
580,exp_acyclic_depvary_step5_batch_yyy08.pl,v4,no,0.72,no,corr,None,None,None,None
581,exp_acyclic_depvary_step5_batch_yyy09.pl,b3,no,1.06,no,corr,None,None,None,None
582,exp_acyclic_depvary_step5_batch_yyy09.pl,z1,yes,0.97,yes,corr,None,None,None,None
583,exp_acyclic_depvary_step5_batch_yyy09.pl,e4,no,0.27,no,corr,None,None,None,None
584,exp_acyclic_depvary_step5_batch_yyy09.pl,v1,no,5.85,no,corr,None,None,None,None
585,exp_acyclic_depvary_step5_batch_yyy09.pl,t2,no,0.39,no,corr,None,None,None,None
586,exp_acyclic_depvary_step5_batch_yyy09.pl,y1,no,1.01,no,corr,None,None,None,None
587,exp_acyclic_depvary_step5_batch_yyy09.pl,a3,yes,1.46,yes,corr,None,None,None,None
588,exp_acyclic_depvary_step5_batch_yyy09.pl,e2,no,7.13,no,corr,None,None,None,None
589,exp_acyclic_depvary_step5_batch_yyy09.pl,y2,yes,0.85,yes,corr,None,None,None,None
590,exp_acyclic_depvary_step5_batch_yyy09.pl,x1,no,0.62,no,corr,None,None,None,None
591,exp_acyclic_depvary_step5_batch_yyy10.pl,e1,no,0.69,no,corr,None,None,None,None
592,exp_acyclic_depvary_step5_batch_yyy10.pl,d4,no,0.46,no,corr,None,None,None,None
593,exp_acyclic_depvary_step5_batch_yyy10.pl,w4,no,0.43,no,corr,None,None,None,None
594,exp_acyclic_depvary_step5_batch_yyy10.pl,t2,yes,0.95,yes,corr,None,None,None,None
595,exp_acyclic_depvary_step5_batch_yyy10.pl,z3,no,0.56,no,corr,None,None,None,None
596,exp_acyclic_depvary_step5_batch_yyy10.pl,x4,no,0.6,no,corr,None,None,None,None
597,exp_acyclic_depvary_step5_batch_yyy10.pl,t5,no,0.7,no,corr,None,None,None,None
598,exp_acyclic_depvary_step5_batch_yyy10.pl,s3,yes,0.68,yes,corr,None,None,None,None
599,exp_acyclic_depvary_step5_batch_yyy10.pl,v4,no,0.61,no,corr,None,None,None,None
600,exp_acyclic_depvary_step5_batch_yyy10.pl,e3,no,0.71,no,corr,None,None,None,None
601,exp_acyclic_depvary_step6_batch_yyy01.pl,d5,no,0.28,no,corr,None,None,None,None
602,exp_acyclic_depvary_step6_batch_yyy01.pl,s3,yes,7.24,yes,corr,None,None,None,None
603,exp_acyclic_depvary_step6_batch_yyy01.pl,w5,no,0.42,no,corr,None,None,None,None
604,exp_acyclic_depvary_step6_batch_yyy01.pl,b4,no,380.06,no,corr,None,None,None,None
605,exp_acyclic_depvary_step6_batch_yyy01.pl,a5,no,0.47,no,corr,None,None,None,None
606,exp_acyclic_depvary_step6_batch_yyy01.pl,t2,no,46.03,no,corr,None,None,None,None
607,exp_acyclic_depvary_step6_batch_yyy01.pl,r4,no,0.44,no,corr,None,None,None,None
608,exp_acyclic_depvary_step6_batch_yyy01.pl,u2,no,0.29,no,corr,None,None,None,None
609,exp_acyclic_depvary_step6_batch_yyy01.pl,z4,no,0.38,no,corr,None,None,None,None
610,exp_acyclic_depvary_step6_batch_yyy01.pl,e4,no,0.43,no,corr,None,None,None,None
611,exp_acyclic_depvary_step6_batch_yyy02.pl,q4,no,5.31,no,corr,None,None,None,None
612,exp_acyclic_depvary_step6_batch_yyy02.pl,r5,no,0.5,no,corr,None,None,None,None
613,exp_acyclic_depvary_step6_batch_yyy02.pl,r4,no,0.41,no,corr,None,None,None,None
614,exp_acyclic_depvary_step6_batch_yyy02.pl,p2,yes,0.52,yes,corr,None,None,None,None
615,exp_acyclic_depvary_step6_batch_yyy02.pl,p5,no,0.36,no,corr,None,None,None,None
616,exp_acyclic_depvary_step6_batch_yyy02.pl,x3,yes,0.44,yes,corr,None,None,None,None
617,exp_acyclic_depvary_step6_batch_yyy02.pl,u1,no,0.29,no,corr,None,None,None,None
618,exp_acyclic_depvary_step6_batch_yyy02.pl,f1,yes,0.39,yes,corr,None,None,None,None
619,exp_acyclic_depvary_step6_batch_yyy02.pl,x5,no,0.4,no,corr,None,None,None,None
620,exp_acyclic_depvary_step6_batch_yyy02.pl,z2,yes,2.28,yes,corr,None,None,None,None
621,exp_acyclic_depvary_step6_batch_yyy03.pl,d5,no,0.52,no,corr,None,None,None,None
622,exp_acyclic_depvary_step6_batch_yyy03.pl,b2,yes,0.74,yes,corr,None,None,None,None
623,exp_acyclic_depvary_step6_batch_yyy03.pl,e1,no,2.96,no,corr,None,None,None,None
624,exp_acyclic_depvary_step6_batch_yyy03.pl,d4,no,0.71,no,corr,None,None,None,None
625,exp_acyclic_depvary_step6_batch_yyy03.pl,u1,yes,0.43,yes,corr,None,None,None,None
626,exp_acyclic_depvary_step6_batch_yyy03.pl,s1,no,0.36,no,corr,None,None,None,None
627,exp_acyclic_depvary_step6_batch_yyy03.pl,r3,no,0.26,no,corr,None,None,None,None
628,exp_acyclic_depvary_step6_batch_yyy03.pl,f2,yes,0.4,yes,corr,None,None,None,None
629,exp_acyclic_depvary_step6_batch_yyy03.pl,t4,no,0.41,no,corr,None,None,None,None
630,exp_acyclic_depvary_step6_batch_yyy03.pl,s3,yes,0.7,yes,corr,None,None,None,None
631,exp_acyclic_depvary_step6_batch_yyy04.pl,d5,no,0.5,no,corr,None,None,None,None
632,exp_acyclic_depvary_step6_batch_yyy04.pl,q5,no,0.45,no,corr,None,None,None,None
633,exp_acyclic_depvary_step6_batch_yyy04.pl,c2,yes,0.7,yes,corr,None,None,None,None
634,exp_acyclic_depvary_step6_batch_yyy04.pl,w1,no,13.99,no,corr,None,None,None,None
635,exp_acyclic_depvary_step6_batch_yyy04.pl,p2,no,0.98,no,corr,None,None,None,None
636,exp_acyclic_depvary_step6_batch_yyy04.pl,q2,no,2.08,no,corr,None,None,None,None
637,exp_acyclic_depvary_step6_batch_yyy04.pl,p4,yes,0.56,yes,corr,None,None,None,None
638,exp_acyclic_depvary_step6_batch_yyy04.pl,d4,no,0.3,no,corr,None,None,None,None
639,exp_acyclic_depvary_step6_batch_yyy04.pl,r2,yes,0.42,yes,corr,None,None,None,None
640,exp_acyclic_depvary_step6_batch_yyy04.pl,a1,no,19.3,no,corr,None,None,None,None
641,exp_acyclic_depvary_step6_batch_yyy05.pl,b2,yes,4.24,yes,corr,None,None,None,None
642,exp_acyclic_depvary_step6_batch_yyy05.pl,q5,no,0.84,no,corr,None,None,None,None
643,exp_acyclic_depvary_step6_batch_yyy05.pl,v1,yes,2.89,yes,corr,None,None,None,None
644,exp_acyclic_depvary_step6_batch_yyy05.pl,z2,no,0.45,no,corr,None,None,None,None
645,exp_acyclic_depvary_step6_batch_yyy05.pl,d2,no,6.96,no,corr,None,None,None,None
646,exp_acyclic_depvary_step6_batch_yyy05.pl,a3,no,5.26,no,corr,None,None,None,None
647,exp_acyclic_depvary_step6_batch_yyy05.pl,u3,no,154.13,no,corr,None,None,None,None
648,exp_acyclic_depvary_step6_batch_yyy05.pl,v4,no,0.47,no,corr,None,None,None,None
649,exp_acyclic_depvary_step6_batch_yyy05.pl,d1,yes,14.35,yes,corr,None,None,None,None
650,exp_acyclic_depvary_step6_batch_yyy05.pl,q1,yes,1.56,yes,corr,None,None,None,None
651,exp_acyclic_depvary_step6_batch_yyy06.pl,e5,no,0.5,no,corr,None,None,None,None
652,exp_acyclic_depvary_step6_batch_yyy06.pl,w5,no,0.44,no,corr,None,None,None,None
653,exp_acyclic_depvary_step6_batch_yyy06.pl,a5,no,0.62,no,corr,None,None,None,None
654,exp_acyclic_depvary_step6_batch_yyy06.pl,z4,no,0.43,no,corr,None,None,None,None
655,exp_acyclic_depvary_step6_batch_yyy06.pl,e3,yes,0.34,yes,corr,None,None,None,None
656,exp_acyclic_depvary_step6_batch_yyy06.pl,q3,no,31.73,no,corr,None,None,None,None
657,exp_acyclic_depvary_step6_batch_yyy06.pl,p1,yes,2.09,yes,corr,None,None,None,None
658,exp_acyclic_depvary_step6_batch_yyy06.pl,a2,yes,0.86,yes,corr,None,None,None,None
659,exp_acyclic_depvary_step6_batch_yyy06.pl,s5,no,0.5,no,corr,None,None,None,None
660,exp_acyclic_depvary_step6_batch_yyy06.pl,q5,no,0.71,no,corr,None,None,None,None
661,exp_acyclic_depvary_step6_batch_yyy07.pl,b2,no,4.67,no,corr,None,None,None,None
662,exp_acyclic_depvary_step6_batch_yyy07.pl,z5,no,0.43,no,corr,None,None,None,None
663,exp_acyclic_depvary_step6_batch_yyy07.pl,w2,yes,0.43,yes,corr,None,None,None,None
664,exp_acyclic_depvary_step6_batch_yyy07.pl,q5,no,0.7,no,corr,None,None,None,None
665,exp_acyclic_depvary_step6_batch_yyy07.pl,c2,yes,0.69,yes,corr,None,None,None,None
666,exp_acyclic_depvary_step6_batch_yyy07.pl,e4,no,0.98,no,corr,None,None,None,None
667,exp_acyclic_depvary_step6_batch_yyy07.pl,a3,no,1.08,no,corr,None,None,None,None
668,exp_acyclic_depvary_step6_batch_yyy07.pl,y2,yes,0.97,yes,corr,None,None,None,None
669,exp_acyclic_depvary_step6_batch_yyy07.pl,a2,yes,0.88,yes,corr,None,None,None,None
670,exp_acyclic_depvary_step6_batch_yyy07.pl,x4,no,0.6,no,corr,None,None,None,None
671,exp_acyclic_depvary_step6_batch_yyy08.pl,r5,no,0.73,no,corr,None,None,None,None
672,exp_acyclic_depvary_step6_batch_yyy08.pl,c1,no,44.43,no,corr,None,None,None,None
673,exp_acyclic_depvary_step6_batch_yyy08.pl,e3,no,3.4,no,corr,None,None,None,None
674,exp_acyclic_depvary_step6_batch_yyy08.pl,r1,yes,0.53,yes,corr,None,None,None,None
675,exp_acyclic_depvary_step6_batch_yyy08.pl,z3,no,0.33,no,corr,None,None,None,None
676,exp_acyclic_depvary_step6_batch_yyy08.pl,p1,no,92.82,no,corr,None,None,None,None
677,exp_acyclic_depvary_step6_batch_yyy08.pl,w1,yes,0.87,yes,corr,None,None,None,None
678,exp_acyclic_depvary_step6_batch_yyy08.pl,p3,yes,0.83,yes,corr,None,None,None,None
679,exp_acyclic_depvary_step6_batch_yyy08.pl,e2,no,0.83,no,corr,None,None,None,None
680,exp_acyclic_depvary_step6_batch_yyy08.pl,u2,no,206.23,no,corr,None,None,None,None
681,exp_acyclic_depvary_step6_batch_yyy09.pl,d5,no,0.44,no,corr,None,None,None,None
682,exp_acyclic_depvary_step6_batch_yyy09.pl,t5,no,0.29,no,corr,None,None,None,None
683,exp_acyclic_depvary_step6_batch_yyy09.pl,w5,no,0.43,no,corr,None,None,None,None
684,exp_acyclic_depvary_step6_batch_yyy09.pl,c5,no,0.51,no,corr,None,None,None,None
685,exp_acyclic_depvary_step6_batch_yyy09.pl,q4,yes,0.75,yes,corr,None,None,None,None
686,exp_acyclic_depvary_step6_batch_yyy09.pl,f3,yes,1.06,yes,corr,None,None,None,None
687,exp_acyclic_depvary_step6_batch_yyy09.pl,v4,no,0.83,no,corr,None,None,None,None
688,exp_acyclic_depvary_step6_batch_yyy09.pl,f2,no,1.84,no,corr,None,None,None,None
689,exp_acyclic_depvary_step6_batch_yyy09.pl,x2,yes,0.37,yes,corr,None,None,None,None
690,exp_acyclic_depvary_step6_batch_yyy09.pl,f5,no,0.39,no,corr,None,None,None,None
691,exp_acyclic_depvary_step6_batch_yyy10.pl,d5,no,0.6,no,corr,None,None,None,None
692,exp_acyclic_depvary_step6_batch_yyy10.pl,f1,yes,0.42,yes,corr,None,None,None,None
693,exp_acyclic_depvary_step6_batch_yyy10.pl,t3,no,0.46,no,corr,None,None,None,None
694,exp_acyclic_depvary_step6_batch_yyy10.pl,q4,no,1.21,no,corr,None,None,None,None
695,exp_acyclic_depvary_step6_batch_yyy10.pl,y3,yes,0.51,yes,corr,None,None,None,None
696,exp_acyclic_depvary_step6_batch_yyy10.pl,p3,yes,4.13,yes,corr,None,None,None,None
697,exp_acyclic_depvary_step6_batch_yyy10.pl,t4,no,0.35,no,corr,None,None,None,None
698,exp_acyclic_depvary_step6_batch_yyy10.pl,s3,no,15.17,no,corr,None,None,None,None
699,exp_acyclic_depvary_step6_batch_yyy10.pl,s2,yes,0.74,yes,corr,None,None,None,None
700,exp_acyclic_depvary_step6_batch_yyy10.pl,c5,no,0.35,no,corr,None,None,None,None
701,exp_acyclic_depvary_step7_batch_yyy01.pl,s4,yes,4.86,yes,corr,None,None,None,None
702,exp_acyclic_depvary_step7_batch_yyy01.pl,p5,no,0.47,no,corr,None,None,None,None
703,exp_acyclic_depvary_step7_batch_yyy01.pl,q4,no,38.82,no,corr,None,None,None,None
704,exp_acyclic_depvary_step7_batch_yyy01.pl,e3,yes,0.66,yes,corr,None,None,None,None
705,exp_acyclic_depvary_step7_batch_yyy01.pl,a3,yes,2.08,yes,corr,None,None,None,None
706,exp_acyclic_depvary_step7_batch_yyy01.pl,v3,no,277.32,no,corr,None,None,None,None
707,exp_acyclic_depvary_step7_batch_yyy01.pl,e2,yes,2.11,yes,corr,None,None,None,None
708,exp_acyclic_depvary_step7_batch_yyy01.pl,f2,no,35.83,no,corr,None,None,None,None
709,exp_acyclic_depvary_step7_batch_yyy01.pl,y1,yes,0.33,yes,corr,None,None,None,None
710,exp_acyclic_depvary_step7_batch_yyy01.pl,r1,no,16.74,no,corr,None,None,None,None
711,exp_acyclic_depvary_step7_batch_yyy02.pl,v2,no,1.66,no,corr,None,None,None,None
712,exp_acyclic_depvary_step7_batch_yyy02.pl,c5,no,0.63,no,corr,None,None,None,None
713,exp_acyclic_depvary_step7_batch_yyy02.pl,c1,yes,0.56,yes,corr,None,None,None,None
714,exp_acyclic_depvary_step7_batch_yyy02.pl,q3,yes,0.43,yes,corr,None,None,None,None
715,exp_acyclic_depvary_step7_batch_yyy02.pl,q2,no,0.51,no,corr,None,None,None,None
716,exp_acyclic_depvary_step7_batch_yyy02.pl,t4,no,1.5,no,corr,None,None,None,None
717,exp_acyclic_depvary_step7_batch_yyy02.pl,s3,no,1.68,no,corr,None,None,None,None
718,exp_acyclic_depvary_step7_batch_yyy02.pl,c4,yes,0.4,yes,corr,None,None,None,None
719,exp_acyclic_depvary_step7_batch_yyy02.pl,s5,no,0.29,no,corr,None,None,None,None
720,exp_acyclic_depvary_step7_batch_yyy02.pl,t3,yes,0.37,yes,corr,None,None,None,None
721,exp_acyclic_depvary_step7_batch_yyy03.pl,b2,yes,0.5,yes,corr,None,None,None,None
722,exp_acyclic_depvary_step7_batch_yyy03.pl,b3,no,0.57,no,corr,None,None,None,None
723,exp_acyclic_depvary_step7_batch_yyy03.pl,v2,yes,1.49,yes,corr,None,None,None,None
724,exp_acyclic_depvary_step7_batch_yyy03.pl,p4,no,1.05,no,corr,None,None,None,None
725,exp_acyclic_depvary_step7_batch_yyy03.pl,q5,no,0.21,no,corr,None,None,None,None
726,exp_acyclic_depvary_step7_batch_yyy03.pl,r5,no,0.47,no,corr,None,None,None,None
727,exp_acyclic_depvary_step7_batch_yyy03.pl,r1,no,0.26,no,corr,None,None,None,None
728,exp_acyclic_depvary_step7_batch_yyy03.pl,f4,no,47.45,no,corr,None,None,None,None
729,exp_acyclic_depvary_step7_batch_yyy03.pl,q3,yes,0.47,yes,corr,None,None,None,None
730,exp_acyclic_depvary_step7_batch_yyy03.pl,p1,yes,0.47,yes,corr,None,None,None,None
731,exp_acyclic_depvary_step7_batch_yyy04.pl,u5,no,0.3,no,corr,None,None,None,None
732,exp_acyclic_depvary_step7_batch_yyy04.pl,t4,,600.0,no,TIMEOUT,,,,
733,exp_acyclic_depvary_step7_batch_yyy04.pl,b2,yes,0.4,yes,corr,None,None,None,None
734,exp_acyclic_depvary_step7_batch_yyy04.pl,e5,no,0.45,no,corr,None,None,None,None
735,exp_acyclic_depvary_step7_batch_yyy04.pl,c2,,600.0,no,TIMEOUT,,,,
736,exp_acyclic_depvary_step7_batch_yyy04.pl,v1,no,61.09,no,corr,None,None,None,None
737,exp_acyclic_depvary_step7_batch_yyy04.pl,t2,,600.0,no,TIMEOUT,,,,
738,exp_acyclic_depvary_step7_batch_yyy04.pl,f4,no,104.67,no,corr,None,None,None,None
739,exp_acyclic_depvary_step7_batch_yyy04.pl,x2,no,157.77,no,corr,None,None,None,None
740,exp_acyclic_depvary_step7_batch_yyy04.pl,f5,no,0.6,no,corr,None,None,None,None
741,exp_acyclic_depvary_step7_batch_yyy05.pl,c4,no,1.8,no,corr,None,None,None,None
742,exp_acyclic_depvary_step7_batch_yyy05.pl,p4,no,39.53,no,corr,None,None,None,None
743,exp_acyclic_depvary_step7_batch_yyy05.pl,u1,no,0.32,no,corr,None,None,None,None
744,exp_acyclic_depvary_step7_batch_yyy05.pl,b4,yes,0.65,yes,corr,None,None,None,None
745,exp_acyclic_depvary_step7_batch_yyy05.pl,x2,yes,0.48,yes,corr,None,None,None,None
746,exp_acyclic_depvary_step7_batch_yyy05.pl,r5,no,0.46,no,corr,None,None,None,None
747,exp_acyclic_depvary_step7_batch_yyy05.pl,w4,no,0.37,no,corr,None,None,None,None
748,exp_acyclic_depvary_step7_batch_yyy05.pl,p2,yes,0.69,yes,corr,None,None,None,None
749,exp_acyclic_depvary_step7_batch_yyy05.pl,x1,yes,2.32,yes,corr,None,None,None,None
750,exp_acyclic_depvary_step7_batch_yyy05.pl,r2,no,0.74,no,corr,None,None,None,None
751,exp_acyclic_depvary_step7_batch_yyy06.pl,y4,no,0.38,no,corr,None,None,None,None
752,exp_acyclic_depvary_step7_batch_yyy06.pl,w2,yes,0.94,yes,corr,None,None,None,None
753,exp_acyclic_depvary_step7_batch_yyy06.pl,e4,yes,10.5,yes,corr,None,None,None,None
754,exp_acyclic_depvary_step7_batch_yyy06.pl,b5,no,0.58,no,corr,None,None,None,None
755,exp_acyclic_depvary_step7_batch_yyy06.pl,a3,no,0.52,no,corr,None,None,None,None
756,exp_acyclic_depvary_step7_batch_yyy06.pl,q3,yes,0.61,yes,corr,None,None,None,None
757,exp_acyclic_depvary_step7_batch_yyy06.pl,r2,yes,14.3,yes,corr,None,None,None,None
758,exp_acyclic_depvary_step7_batch_yyy06.pl,p1,yes,2.05,yes,corr,None,None,None,None
759,exp_acyclic_depvary_step7_batch_yyy06.pl,a2,yes,0.55,yes,corr,None,None,None,None
760,exp_acyclic_depvary_step7_batch_yyy06.pl,x4,no,0.46,no,corr,None,None,None,None
761,exp_acyclic_depvary_step7_batch_yyy07.pl,t5,no,0.55,no,corr,None,None,None,None
762,exp_acyclic_depvary_step7_batch_yyy07.pl,v2,no,0.4,no,corr,None,None,None,None
763,exp_acyclic_depvary_step7_batch_yyy07.pl,b4,no,37.18,no,corr,None,None,None,None
764,exp_acyclic_depvary_step7_batch_yyy07.pl,r5,no,0.68,no,corr,None,None,None,None
765,exp_acyclic_depvary_step7_batch_yyy07.pl,p3,yes,0.68,yes,corr,None,None,None,None
766,exp_acyclic_depvary_step7_batch_yyy07.pl,c1,yes,0.33,yes,corr,None,None,None,None
767,exp_acyclic_depvary_step7_batch_yyy07.pl,v4,no,4.75,no,corr,None,None,None,None
768,exp_acyclic_depvary_step7_batch_yyy07.pl,y5,no,0.46,no,corr,None,None,None,None
769,exp_acyclic_depvary_step7_batch_yyy07.pl,y2,yes,3.85,yes,corr,None,None,None,None
770,exp_acyclic_depvary_step7_batch_yyy07.pl,x1,yes,0.69,yes,corr,None,None,None,None
771,exp_acyclic_depvary_step7_batch_yyy08.pl,c3,no,243.62,no,corr,None,None,None,None
772,exp_acyclic_depvary_step7_batch_yyy08.pl,w5,no,0.62,no,corr,None,None,None,None
773,exp_acyclic_depvary_step7_batch_yyy08.pl,c5,no,0.36,no,corr,None,None,None,None
774,exp_acyclic_depvary_step7_batch_yyy08.pl,r5,no,0.45,no,corr,None,None,None,None
775,exp_acyclic_depvary_step7_batch_yyy08.pl,b5,no,1.12,no,corr,None,None,None,None
776,exp_acyclic_depvary_step7_batch_yyy08.pl,a1,no,76.59,no,corr,None,None,None,None
777,exp_acyclic_depvary_step7_batch_yyy08.pl,s4,no,75.86,no,corr,None,None,None,None
778,exp_acyclic_depvary_step7_batch_yyy08.pl,y4,no,0.4,no,corr,None,None,None,None
779,exp_acyclic_depvary_step7_batch_yyy08.pl,e2,yes,33.87,yes,corr,None,None,None,None
780,exp_acyclic_depvary_step7_batch_yyy08.pl,t1,yes,0.48,yes,corr,None,None,None,None
781,exp_acyclic_depvary_step7_batch_yyy09.pl,b2,yes,6.48,yes,corr,None,None,None,None
782,exp_acyclic_depvary_step7_batch_yyy09.pl,v2,no,3.63,no,corr,None,None,None,None
783,exp_acyclic_depvary_step7_batch_yyy09.pl,u1,yes,28.01,yes,corr,None,None,None,None
784,exp_acyclic_depvary_step7_batch_yyy09.pl,s5,no,0.91,no,corr,None,None,None,None
785,exp_acyclic_depvary_step7_batch_yyy09.pl,a5,no,0.4,no,corr,None,None,None,None
786,exp_acyclic_depvary_step7_batch_yyy09.pl,p2,yes,0.58,yes,corr,None,None,None,None
787,exp_acyclic_depvary_step7_batch_yyy09.pl,y2,yes,1.3,yes,corr,None,None,None,None
788,exp_acyclic_depvary_step7_batch_yyy09.pl,p1,no,0.51,no,corr,None,None,None,None
789,exp_acyclic_depvary_step7_batch_yyy09.pl,t1,no,88.94,no,corr,None,None,None,None
790,exp_acyclic_depvary_step7_batch_yyy09.pl,q1,,600.0,no,TIMEOUT,,,,
791,exp_acyclic_depvary_step7_batch_yyy10.pl,b2,yes,0.62,yes,corr,None,None,None,None
792,exp_acyclic_depvary_step7_batch_yyy10.pl,s4,no,0.36,no,corr,None,None,None,None
793,exp_acyclic_depvary_step7_batch_yyy10.pl,u1,no,23.36,no,corr,None,None,None,None
794,exp_acyclic_depvary_step7_batch_yyy10.pl,r5,no,0.36,no,corr,None,None,None,None
795,exp_acyclic_depvary_step7_batch_yyy10.pl,t2,no,0.74,no,corr,None,None,None,None
796,exp_acyclic_depvary_step7_batch_yyy10.pl,r4,no,0.78,no,corr,None,None,None,None
797,exp_acyclic_depvary_step7_batch_yyy10.pl,y1,yes,0.59,yes,corr,None,None,None,None
798,exp_acyclic_depvary_step7_batch_yyy10.pl,f2,yes,0.73,yes,corr,None,None,None,None
799,exp_acyclic_depvary_step7_batch_yyy10.pl,s2,yes,0.79,yes,corr,None,None,None,None
800,exp_acyclic_depvary_step7_batch_yyy10.pl,z1,no,2.79,no,corr,None,None,None,None
801,exp_acyclic_depvary_step8_batch_yyy01.pl,t4,no,141.48,no,corr,None,None,None,None
802,exp_acyclic_depvary_step8_batch_yyy01.pl,x2,yes,5.14,yes,corr,None,None,None,None
803,exp_acyclic_depvary_step8_batch_yyy01.pl,r5,no,0.32,no,corr,None,None,None,None
804,exp_acyclic_depvary_step8_batch_yyy01.pl,v1,no,0.42,no,corr,None,None,None,None
805,exp_acyclic_depvary_step8_batch_yyy01.pl,p2,yes,0.83,yes,corr,None,None,None,None
806,exp_acyclic_depvary_step8_batch_yyy01.pl,a3,no,6.03,no,corr,None,None,None,None
807,exp_acyclic_depvary_step8_batch_yyy01.pl,c2,no,28.42,no,corr,None,None,None,None
808,exp_acyclic_depvary_step8_batch_yyy01.pl,b1,,600.0,no,TIMEOUT,,,,
809,exp_acyclic_depvary_step8_batch_yyy01.pl,x4,no,86.24,no,corr,None,None,None,None
810,exp_acyclic_depvary_step8_batch_yyy01.pl,w3,no,3.56,no,corr,None,None,None,None
811,exp_acyclic_depvary_step8_batch_yyy02.pl,s3,no,65.33,no,corr,None,None,None,None
812,exp_acyclic_depvary_step8_batch_yyy02.pl,y4,yes,0.55,yes,corr,None,None,None,None
813,exp_acyclic_depvary_step8_batch_yyy02.pl,p5,no,0.81,no,corr,None,None,None,None
814,exp_acyclic_depvary_step8_batch_yyy02.pl,d3,,600.0,no,TIMEOUT,,,,
815,exp_acyclic_depvary_step8_batch_yyy02.pl,w5,no,0.39,no,corr,None,None,None,None
816,exp_acyclic_depvary_step8_batch_yyy02.pl,s5,no,0.39,no,corr,None,None,None,None
817,exp_acyclic_depvary_step8_batch_yyy02.pl,c5,no,0.8,no,corr,None,None,None,None
818,exp_acyclic_depvary_step8_batch_yyy02.pl,u3,no,77.05,no,corr,None,None,None,None
819,exp_acyclic_depvary_step8_batch_yyy02.pl,s1,yes,0.54,yes,corr,None,None,None,None
820,exp_acyclic_depvary_step8_batch_yyy02.pl,r1,yes,9.52,yes,corr,None,None,None,None
821,exp_acyclic_depvary_step8_batch_yyy03.pl,b2,no,1.18,no,corr,None,None,None,None
822,exp_acyclic_depvary_step8_batch_yyy03.pl,s4,yes,1.64,yes,corr,None,None,None,None
823,exp_acyclic_depvary_step8_batch_yyy03.pl,e1,no,0.97,no,corr,None,None,None,None
824,exp_acyclic_depvary_step8_batch_yyy03.pl,v5,no,0.33,no,corr,None,None,None,None
825,exp_acyclic_depvary_step8_batch_yyy03.pl,c5,yes,0.74,yes,corr,None,None,None,None
826,exp_acyclic_depvary_step8_batch_yyy03.pl,a4,yes,0.64,yes,corr,None,None,None,None
827,exp_acyclic_depvary_step8_batch_yyy03.pl,w1,no,0.55,no,corr,None,None,None,None
828,exp_acyclic_depvary_step8_batch_yyy03.pl,f3,no,0.39,no,corr,None,None,None,None
829,exp_acyclic_depvary_step8_batch_yyy03.pl,e3,no,106.31,no,corr,None,None,None,None
830,exp_acyclic_depvary_step8_batch_yyy03.pl,z3,no,66.59,no,corr,None,None,None,None
831,exp_acyclic_depvary_step8_batch_yyy04.pl,d5,no,0.44,no,corr,None,None,None,None
832,exp_acyclic_depvary_step8_batch_yyy04.pl,z5,no,0.85,no,corr,None,None,None,None
833,exp_acyclic_depvary_step8_batch_yyy04.pl,p5,yes,0.61,yes,corr,None,None,None,None
834,exp_acyclic_depvary_step8_batch_yyy04.pl,u4,yes,1.62,yes,corr,None,None,None,None
835,exp_acyclic_depvary_step8_batch_yyy04.pl,v5,no,0.69,no,corr,None,None,None,None
836,exp_acyclic_depvary_step8_batch_yyy04.pl,t2,no,0.56,no,corr,None,None,None,None
837,exp_acyclic_depvary_step8_batch_yyy04.pl,b6,no,0.39,no,corr,None,None,None,None
838,exp_acyclic_depvary_step8_batch_yyy04.pl,r3,yes,0.55,yes,corr,None,None,None,None
839,exp_acyclic_depvary_step8_batch_yyy04.pl,w1,yes,7.92,yes,corr,None,None,None,None
840,exp_acyclic_depvary_step8_batch_yyy04.pl,p3,yes,33.37,no,inc,None,None,None,None
841,exp_acyclic_depvary_step8_batch_yyy05.pl,v2,yes,1.53,yes,corr,None,None,None,None
842,exp_acyclic_depvary_step8_batch_yyy05.pl,s2,yes,1.03,yes,corr,None,None,None,None
843,exp_acyclic_depvary_step8_batch_yyy05.pl,q4,yes,0.56,yes,corr,None,None,None,None
844,exp_acyclic_depvary_step8_batch_yyy05.pl,v1,,600.0,no,TIMEOUT,,,,
845,exp_acyclic_depvary_step8_batch_yyy05.pl,f3,yes,0.83,yes,corr,None,None,None,None
846,exp_acyclic_depvary_step8_batch_yyy05.pl,t2,yes,0.7,yes,corr,None,None,None,None
847,exp_acyclic_depvary_step8_batch_yyy05.pl,b6,no,0.26,no,corr,None,None,None,None
848,exp_acyclic_depvary_step8_batch_yyy05.pl,q2,no,0.65,no,corr,None,None,None,None
849,exp_acyclic_depvary_step8_batch_yyy05.pl,t4,,600.0,no,TIMEOUT,,,,
850,exp_acyclic_depvary_step8_batch_yyy05.pl,t5,no,1.23,no,corr,None,None,None,None
851,exp_acyclic_depvary_step8_batch_yyy06.pl,t4,yes,5.83,yes,corr,None,None,None,None
852,exp_acyclic_depvary_step8_batch_yyy06.pl,t3,yes,0.6,yes,corr,None,None,None,None
853,exp_acyclic_depvary_step8_batch_yyy06.pl,p3,no,0.4,no,corr,None,None,None,None
854,exp_acyclic_depvary_step8_batch_yyy06.pl,w3,yes,5.68,yes,corr,None,None,None,None
855,exp_acyclic_depvary_step8_batch_yyy06.pl,b3,no,20.2,no,corr,None,None,None,None
856,exp_acyclic_depvary_step8_batch_yyy06.pl,y4,,600.0,no,TIMEOUT,,,,
857,exp_acyclic_depvary_step8_batch_yyy06.pl,s2,no,10.58,no,corr,None,None,None,None
858,exp_acyclic_depvary_step8_batch_yyy06.pl,c5,yes,29.84,yes,corr,None,None,None,None
859,exp_acyclic_depvary_step8_batch_yyy06.pl,x5,no,0.44,no,corr,None,None,None,None
860,exp_acyclic_depvary_step8_batch_yyy06.pl,t2,yes,12.62,yes,corr,None,None,None,None
861,exp_acyclic_depvary_step8_batch_yyy07.pl,s2,,600.0,no,TIMEOUT,,,,
862,exp_acyclic_depvary_step8_batch_yyy07.pl,c6,no,0.49,no,corr,None,None,None,None
863,exp_acyclic_depvary_step8_batch_yyy07.pl,f4,no,4.92,no,corr,None,None,None,None
864,exp_acyclic_depvary_step8_batch_yyy07.pl,a2,yes,0.72,yes,corr,None,None,None,None
865,exp_acyclic_depvary_step8_batch_yyy07.pl,z4,no,0.55,no,corr,None,None,None,None
866,exp_acyclic_depvary_step8_batch_yyy07.pl,e4,no,0.77,no,corr,None,None,None,None
867,exp_acyclic_depvary_step8_batch_yyy07.pl,r2,yes,0.68,yes,corr,None,None,None,None
868,exp_acyclic_depvary_step8_batch_yyy07.pl,a1,yes,0.87,yes,corr,None,None,None,None
869,exp_acyclic_depvary_step8_batch_yyy07.pl,r3,no,0.56,no,corr,None,None,None,None
870,exp_acyclic_depvary_step8_batch_yyy07.pl,u2,yes,0.91,yes,corr,None,None,None,None
871,exp_acyclic_depvary_step8_batch_yyy08.pl,a5,yes,1.82,yes,corr,None,None,None,None
872,exp_acyclic_depvary_step8_batch_yyy08.pl,v1,no,0.36,no,corr,None,None,None,None
873,exp_acyclic_depvary_step8_batch_yyy08.pl,t2,yes,0.86,yes,corr,None,None,None,None
874,exp_acyclic_depvary_step8_batch_yyy08.pl,r1,no,1.19,no,corr,None,None,None,None
875,exp_acyclic_depvary_step8_batch_yyy08.pl,f4,yes,1.19,yes,corr,None,None,None,None
876,exp_acyclic_depvary_step8_batch_yyy08.pl,r2,yes,0.69,yes,corr,None,None,None,None
877,exp_acyclic_depvary_step8_batch_yyy08.pl,s4,no,0.33,no,corr,None,None,None,None
878,exp_acyclic_depvary_step8_batch_yyy08.pl,b3,no,16.79,no,corr,None,None,None,None
879,exp_acyclic_depvary_step8_batch_yyy08.pl,d1,yes,0.35,yes,corr,None,None,None,None
880,exp_acyclic_depvary_step8_batch_yyy08.pl,q1,yes,0.61,yes,corr,None,None,None,None
881,exp_acyclic_depvary_step8_batch_yyy09.pl,a4,no,0.92,no,corr,None,None,None,None
882,exp_acyclic_depvary_step8_batch_yyy09.pl,p2,yes,5.09,yes,corr,None,None,None,None
883,exp_acyclic_depvary_step8_batch_yyy09.pl,y2,no,0.52,no,corr,None,None,None,None
884,exp_acyclic_depvary_step8_batch_yyy09.pl,v3,yes,8.2,yes,corr,None,None,None,None
885,exp_acyclic_depvary_step8_batch_yyy09.pl,q1,yes,0.69,yes,corr,None,None,None,None
886,exp_acyclic_depvary_step8_batch_yyy09.pl,f2,no,0.52,no,corr,None,None,None,None
887,exp_acyclic_depvary_step8_batch_yyy09.pl,c3,no,9.18,no,corr,None,None,None,None
888,exp_acyclic_depvary_step8_batch_yyy09.pl,c4,no,0.46,no,corr,None,None,None,None
889,exp_acyclic_depvary_step8_batch_yyy09.pl,p5,yes,0.75,yes,corr,None,None,None,None
890,exp_acyclic_depvary_step8_batch_yyy09.pl,x3,yes,0.81,yes,corr,None,None,None,None
891,exp_acyclic_depvary_step8_batch_yyy10.pl,b2,yes,0.33,yes,corr,None,None,None,None
892,exp_acyclic_depvary_step8_batch_yyy10.pl,x3,no,0.33,no,corr,None,None,None,None
893,exp_acyclic_depvary_step8_batch_yyy10.pl,f1,yes,0.54,yes,corr,None,None,None,None
894,exp_acyclic_depvary_step8_batch_yyy10.pl,s5,no,0.25,no,corr,None,None,None,None
895,exp_acyclic_depvary_step8_batch_yyy10.pl,f5,no,0.45,no,corr,None,None,None,None
896,exp_acyclic_depvary_step8_batch_yyy10.pl,r4,yes,1.37,yes,corr,None,None,None,None
897,exp_acyclic_depvary_step8_batch_yyy10.pl,w3,no,3.42,no,corr,None,None,None,None
898,exp_acyclic_depvary_step8_batch_yyy10.pl,f2,yes,22.55,yes,corr,None,None,None,None
899,exp_acyclic_depvary_step8_batch_yyy10.pl,t5,no,0.5,no,corr,None,None,None,None
900,exp_acyclic_depvary_step8_batch_yyy10.pl,s3,yes,1.34,yes,corr,None,None,None,None
901,exp_acyclic_depvary_step9_batch_yyy01.pl,a6,no,0.36,no,corr,None,None,None,None
902,exp_acyclic_depvary_step9_batch_yyy01.pl,p5,yes,3.6,yes,corr,None,None,None,None
903,exp_acyclic_depvary_step9_batch_yyy01.pl,v5,no,0.39,no,corr,None,None,None,None
904,exp_acyclic_depvary_step9_batch_yyy01.pl,q4,no,1.11,no,corr,None,None,None,None
905,exp_acyclic_depvary_step9_batch_yyy01.pl,z3,yes,0.74,yes,corr,None,None,None,None
906,exp_acyclic_depvary_step9_batch_yyy01.pl,w2,yes,3.7,yes,corr,None,None,None,None
907,exp_acyclic_depvary_step9_batch_yyy01.pl,e5,no,0.36,no,corr,None,None,None,None
908,exp_acyclic_depvary_step9_batch_yyy01.pl,a4,yes,0.38,yes,corr,None,None,None,None
909,exp_acyclic_depvary_step9_batch_yyy01.pl,x2,yes,0.91,yes,corr,None,None,None,None
910,exp_acyclic_depvary_step9_batch_yyy01.pl,f5,no,0.45,no,corr,None,None,None,None
911,exp_acyclic_depvary_step9_batch_yyy02.pl,u5,,600.0,no,TIMEOUT,,,,
912,exp_acyclic_depvary_step9_batch_yyy02.pl,s3,yes,6.55,yes,corr,None,None,None,None
913,exp_acyclic_depvary_step9_batch_yyy02.pl,v2,yes,0.75,yes,corr,None,None,None,None
914,exp_acyclic_depvary_step9_batch_yyy02.pl,r4,,600.0,no,TIMEOUT,,,,
915,exp_acyclic_depvary_step9_batch_yyy02.pl,u2,yes,1.09,yes,corr,None,None,None,None
916,exp_acyclic_depvary_step9_batch_yyy02.pl,q2,,600.0,no,TIMEOUT,,,,
917,exp_acyclic_depvary_step9_batch_yyy02.pl,w2,no,0.27,no,corr,None,None,None,None
918,exp_acyclic_depvary_step9_batch_yyy02.pl,e5,,600.0,no,TIMEOUT,,,,
919,exp_acyclic_depvary_step9_batch_yyy02.pl,s1,,600.0,no,TIMEOUT,,,,
920,exp_acyclic_depvary_step9_batch_yyy02.pl,d2,yes,0.95,yes,corr,None,None,None,None
921,exp_acyclic_depvary_step9_batch_yyy03.pl,u5,yes,0.69,yes,corr,None,None,None,None
922,exp_acyclic_depvary_step9_batch_yyy03.pl,x3,no,4.79,no,corr,None,None,None,None
923,exp_acyclic_depvary_step9_batch_yyy03.pl,q5,no,0.32,no,corr,None,None,None,None
924,exp_acyclic_depvary_step9_batch_yyy03.pl,q4,yes,20.15,yes,corr,None,None,None,None
925,exp_acyclic_depvary_step9_batch_yyy03.pl,z4,no,0.38,no,corr,None,None,None,None
926,exp_acyclic_depvary_step9_batch_yyy03.pl,p2,yes,9.96,yes,corr,None,None,None,None
927,exp_acyclic_depvary_step9_batch_yyy03.pl,x1,yes,26.88,yes,corr,None,None,None,None
928,exp_acyclic_depvary_step9_batch_yyy03.pl,a1,no,7.59,no,corr,None,None,None,None
929,exp_acyclic_depvary_step9_batch_yyy03.pl,s4,no,0.35,no,corr,None,None,None,None
930,exp_acyclic_depvary_step9_batch_yyy03.pl,y4,yes,26.81,yes,corr,None,None,None,None
931,exp_acyclic_depvary_step9_batch_yyy04.pl,a6,no,0.52,no,corr,None,None,None,None
932,exp_acyclic_depvary_step9_batch_yyy04.pl,v2,no,0.36,no,corr,None,None,None,None
933,exp_acyclic_depvary_step9_batch_yyy04.pl,p5,yes,0.74,yes,corr,None,None,None,None
934,exp_acyclic_depvary_step9_batch_yyy04.pl,b1,no,1.19,no,corr,None,None,None,None
935,exp_acyclic_depvary_step9_batch_yyy04.pl,p3,no,8.94,no,corr,None,None,None,None
936,exp_acyclic_depvary_step9_batch_yyy04.pl,v4,no,0.37,no,corr,None,None,None,None
937,exp_acyclic_depvary_step9_batch_yyy04.pl,c6,no,0.33,no,corr,None,None,None,None
938,exp_acyclic_depvary_step9_batch_yyy04.pl,b5,yes,1.88,yes,corr,None,None,None,None
939,exp_acyclic_depvary_step9_batch_yyy04.pl,e2,no,25.45,no,corr,None,None,None,None
940,exp_acyclic_depvary_step9_batch_yyy04.pl,d1,no,8.78,no,corr,None,None,None,None
941,exp_acyclic_depvary_step9_batch_yyy05.pl,t5,yes,0.77,yes,corr,None,None,None,None
942,exp_acyclic_depvary_step9_batch_yyy05.pl,p5,yes,0.83,yes,corr,None,None,None,None
943,exp_acyclic_depvary_step9_batch_yyy05.pl,w5,no,0.49,no,corr,None,None,None,None
944,exp_acyclic_depvary_step9_batch_yyy05.pl,b4,yes,0.78,yes,corr,None,None,None,None
945,exp_acyclic_depvary_step9_batch_yyy05.pl,w1,no,9.14,no,corr,None,None,None,None
946,exp_acyclic_depvary_step9_batch_yyy05.pl,d1,yes,0.96,yes,corr,None,None,None,None
947,exp_acyclic_depvary_step9_batch_yyy05.pl,r5,yes,0.8,yes,corr,None,None,None,None
948,exp_acyclic_depvary_step9_batch_yyy05.pl,e4,no,385.17,no,corr,None,None,None,None
949,exp_acyclic_depvary_step9_batch_yyy05.pl,q3,no,13.71,no,corr,None,None,None,None
950,exp_acyclic_depvary_step9_batch_yyy05.pl,y2,yes,0.7,yes,corr,None,None,None,None
951,exp_acyclic_depvary_step9_batch_yyy06.pl,u4,yes,0.79,yes,corr,None,None,None,None
952,exp_acyclic_depvary_step9_batch_yyy06.pl,q5,no,0.33,no,corr,None,None,None,None
953,exp_acyclic_depvary_step9_batch_yyy06.pl,c5,no,1.24,no,corr,None,None,None,None
954,exp_acyclic_depvary_step9_batch_yyy06.pl,f4,no,5.44,no,corr,None,None,None,None
955,exp_acyclic_depvary_step9_batch_yyy06.pl,r2,,600.0,no,TIMEOUT,,,,
956,exp_acyclic_depvary_step9_batch_yyy06.pl,t1,no,48.01,no,corr,None,None,None,None
957,exp_acyclic_depvary_step9_batch_yyy06.pl,s3,,600.0,no,TIMEOUT,,,,
958,exp_acyclic_depvary_step9_batch_yyy06.pl,c4,no,1.12,no,corr,None,None,None,None
959,exp_acyclic_depvary_step9_batch_yyy06.pl,c1,no,1.29,no,corr,None,None,None,None
960,exp_acyclic_depvary_step9_batch_yyy06.pl,b5,yes,0.24,yes,corr,None,None,None,None
961,exp_acyclic_depvary_step9_batch_yyy07.pl,t4,yes,0.7,yes,corr,None,None,None,None
962,exp_acyclic_depvary_step9_batch_yyy07.pl,v2,no,0.27,no,corr,None,None,None,None
963,exp_acyclic_depvary_step9_batch_yyy07.pl,d4,,600.0,no,TIMEOUT,,,,
964,exp_acyclic_depvary_step9_batch_yyy07.pl,w2,,600.0,no,TIMEOUT,,,,
965,exp_acyclic_depvary_step9_batch_yyy07.pl,z1,yes,67.69,yes,corr,None,None,None,None
966,exp_acyclic_depvary_step9_batch_yyy07.pl,t2,no,0.3,no,corr,None,None,None,None
967,exp_acyclic_depvary_step9_batch_yyy07.pl,v4,yes,29.12,yes,corr,None,None,None,None
968,exp_acyclic_depvary_step9_batch_yyy07.pl,f4,,600.0,no,TIMEOUT,,,,
969,exp_acyclic_depvary_step9_batch_yyy07.pl,a6,no,0.86,no,corr,None,None,None,None
970,exp_acyclic_depvary_step9_batch_yyy07.pl,y4,no,0.49,no,corr,None,None,None,None
971,exp_acyclic_depvary_step9_batch_yyy08.pl,d5,yes,4.04,yes,corr,None,None,None,None
972,exp_acyclic_depvary_step9_batch_yyy08.pl,t5,no,0.62,no,corr,None,None,None,None
973,exp_acyclic_depvary_step9_batch_yyy08.pl,b4,yes,0.43,yes,corr,None,None,None,None
974,exp_acyclic_depvary_step9_batch_yyy08.pl,b1,no,1.26,no,corr,None,None,None,None
975,exp_acyclic_depvary_step9_batch_yyy08.pl,y3,no,0.36,no,corr,None,None,None,None
976,exp_acyclic_depvary_step9_batch_yyy08.pl,f3,no,8.56,no,corr,None,None,None,None
977,exp_acyclic_depvary_step9_batch_yyy08.pl,q3,no,0.35,no,corr,None,None,None,None
978,exp_acyclic_depvary_step9_batch_yyy08.pl,a1,yes,1.93,yes,corr,None,None,None,None
979,exp_acyclic_depvary_step9_batch_yyy08.pl,p1,,600.0,no,TIMEOUT,,,,
980,exp_acyclic_depvary_step9_batch_yyy08.pl,f2,no,0.47,no,corr,None,None,None,None
981,exp_acyclic_depvary_step9_batch_yyy09.pl,u2,no,9.11,no,corr,None,None,None,None
982,exp_acyclic_depvary_step9_batch_yyy09.pl,w3,yes,38.89,yes,corr,None,None,None,None
983,exp_acyclic_depvary_step9_batch_yyy09.pl,q2,yes,0.89,yes,corr,None,None,None,None
984,exp_acyclic_depvary_step9_batch_yyy09.pl,a6,no,0.4,no,corr,None,None,None,None
985,exp_acyclic_depvary_step9_batch_yyy09.pl,s4,yes,11.41,yes,corr,None,None,None,None
986,exp_acyclic_depvary_step9_batch_yyy09.pl,y4,,600.0,no,TIMEOUT,,,,
987,exp_acyclic_depvary_step9_batch_yyy09.pl,a5,,600.0,no,TIMEOUT,,,,
988,exp_acyclic_depvary_step9_batch_yyy09.pl,b1,no,19.49,no,corr,None,None,None,None
989,exp_acyclic_depvary_step9_batch_yyy09.pl,f4,,600.0,no,TIMEOUT,,,,
990,exp_acyclic_depvary_step9_batch_yyy09.pl,z3,no,0.39,no,corr,None,None,None,None
991,exp_acyclic_depvary_step9_batch_yyy10.pl,u5,yes,0.74,yes,corr,None,None,None,None
992,exp_acyclic_depvary_step9_batch_yyy10.pl,x3,yes,0.72,yes,corr,None,None,None,None
993,exp_acyclic_depvary_step9_batch_yyy10.pl,w5,no,0.31,no,corr,None,None,None,None
994,exp_acyclic_depvary_step9_batch_yyy10.pl,c6,no,0.52,no,corr,None,None,None,None
995,exp_acyclic_depvary_step9_batch_yyy10.pl,u3,no,8.28,no,corr,None,None,None,None
996,exp_acyclic_depvary_step9_batch_yyy10.pl,q2,no,1.19,no,corr,None,None,None,None
997,exp_acyclic_depvary_step9_batch_yyy10.pl,b4,no,0.42,no,corr,None,None,None,None
998,exp_acyclic_depvary_step9_batch_yyy10.pl,q5,no,5.05,no,corr,None,None,None,None
999,exp_acyclic_depvary_step9_batch_yyy10.pl,d1,yes,0.42,yes,corr,None,None,None,None
1000,exp_acyclic_depvary_step9_batch_yyy10.pl,q1,yes,0.73,yes,corr,None,None,None,None
1001,exp_acyclic_indvary1_step1_batch_yyy01.pl,u1,no,0.39,no,corr,None,None,None,None
1002,exp_acyclic_indvary1_step1_batch_yyy01.pl,v5,no,0.43,no,corr,None,None,None,None
1003,exp_acyclic_indvary1_step1_batch_yyy01.pl,a5,no,0.38,no,corr,None,None,None,None
1004,exp_acyclic_indvary1_step1_batch_yyy01.pl,y3,no,0.48,no,corr,None,None,None,None
1005,exp_acyclic_indvary1_step1_batch_yyy01.pl,w1,no,0.22,no,corr,None,None,None,None
1006,exp_acyclic_indvary1_step1_batch_yyy01.pl,r4,no,0.31,no,corr,None,None,None,None
1007,exp_acyclic_indvary1_step1_batch_yyy01.pl,d2,yes,0.42,yes,corr,None,None,None,None
1008,exp_acyclic_indvary1_step1_batch_yyy01.pl,y5,no,0.53,no,corr,None,None,None,None
1009,exp_acyclic_indvary1_step1_batch_yyy01.pl,c3,no,0.46,no,corr,None,None,None,None
1010,exp_acyclic_indvary1_step1_batch_yyy01.pl,t4,no,0.28,no,corr,None,None,None,None
1011,exp_acyclic_indvary1_step1_batch_yyy02.pl,b2,no,0.55,no,corr,None,None,None,None
1012,exp_acyclic_indvary1_step1_batch_yyy02.pl,b3,yes,0.65,yes,corr,None,None,None,None
1013,exp_acyclic_indvary1_step1_batch_yyy02.pl,e1,yes,0.45,yes,corr,None,None,None,None
1014,exp_acyclic_indvary1_step1_batch_yyy02.pl,p5,no,0.3,no,corr,None,None,None,None
1015,exp_acyclic_indvary1_step1_batch_yyy02.pl,b5,no,0.38,no,corr,None,None,None,None
1016,exp_acyclic_indvary1_step1_batch_yyy02.pl,d2,no,0.93,no,corr,None,None,None,None
1017,exp_acyclic_indvary1_step1_batch_yyy02.pl,p1,yes,0.31,yes,corr,None,None,None,None
1018,exp_acyclic_indvary1_step1_batch_yyy02.pl,c5,no,0.52,no,corr,None,None,None,None
1019,exp_acyclic_indvary1_step1_batch_yyy02.pl,c2,yes,0.5,yes,corr,None,None,None,None
1020,exp_acyclic_indvary1_step1_batch_yyy02.pl,b1,no,0.58,no,corr,None,None,None,None
1021,exp_acyclic_indvary1_step1_batch_yyy03.pl,b2,yes,0.48,yes,corr,None,None,None,None
1022,exp_acyclic_indvary1_step1_batch_yyy03.pl,y4,no,0.3,no,corr,None,None,None,None
1023,exp_acyclic_indvary1_step1_batch_yyy03.pl,z5,no,0.33,no,corr,None,None,None,None
1024,exp_acyclic_indvary1_step1_batch_yyy03.pl,e5,no,0.36,no,corr,None,None,None,None
1025,exp_acyclic_indvary1_step1_batch_yyy03.pl,z4,no,0.32,no,corr,None,None,None,None
1026,exp_acyclic_indvary1_step1_batch_yyy03.pl,v4,no,0.37,no,corr,None,None,None,None
1027,exp_acyclic_indvary1_step1_batch_yyy03.pl,d2,yes,0.43,yes,corr,None,None,None,None
1028,exp_acyclic_indvary1_step1_batch_yyy03.pl,a1,yes,0.44,yes,corr,None,None,None,None
1029,exp_acyclic_indvary1_step1_batch_yyy03.pl,v3,no,0.37,no,corr,None,None,None,None
1030,exp_acyclic_indvary1_step1_batch_yyy03.pl,q1,yes,0.7,yes,corr,None,None,None,None
1031,exp_acyclic_indvary1_step1_batch_yyy04.pl,b3,no,0.51,no,corr,None,None,None,None
1032,exp_acyclic_indvary1_step1_batch_yyy04.pl,u4,no,0.36,no,corr,None,None,None,None
1033,exp_acyclic_indvary1_step1_batch_yyy04.pl,s2,no,0.39,no,corr,None,None,None,None
1034,exp_acyclic_indvary1_step1_batch_yyy04.pl,v1,no,0.32,no,corr,None,None,None,None
1035,exp_acyclic_indvary1_step1_batch_yyy04.pl,r4,no,0.27,no,corr,None,None,None,None
1036,exp_acyclic_indvary1_step1_batch_yyy04.pl,d2,yes,0.28,yes,corr,None,None,None,None
1037,exp_acyclic_indvary1_step1_batch_yyy04.pl,z3,no,0.3,no,corr,None,None,None,None
1038,exp_acyclic_indvary1_step1_batch_yyy04.pl,x4,no,0.3,no,corr,None,None,None,None
1039,exp_acyclic_indvary1_step1_batch_yyy04.pl,c1,yes,0.68,yes,corr,None,None,None,None
1040,exp_acyclic_indvary1_step1_batch_yyy04.pl,t2,no,0.53,no,corr,None,None,None,None
1041,exp_acyclic_indvary1_step1_batch_yyy05.pl,b1,yes,0.61,yes,corr,None,None,None,None
1042,exp_acyclic_indvary1_step1_batch_yyy05.pl,x2,no,0.3,no,corr,None,None,None,None
1043,exp_acyclic_indvary1_step1_batch_yyy05.pl,r5,no,0.26,no,corr,None,None,None,None
1044,exp_acyclic_indvary1_step1_batch_yyy05.pl,f3,no,0.29,no,corr,None,None,None,None
1045,exp_acyclic_indvary1_step1_batch_yyy05.pl,a3,no,1.09,no,corr,None,None,None,None
1046,exp_acyclic_indvary1_step1_batch_yyy05.pl,a2,yes,0.59,yes,corr,None,None,None,None
1047,exp_acyclic_indvary1_step1_batch_yyy05.pl,t4,no,0.67,no,corr,None,None,None,None
1048,exp_acyclic_indvary1_step1_batch_yyy05.pl,c4,no,0.34,no,corr,None,None,None,None
1049,exp_acyclic_indvary1_step1_batch_yyy05.pl,t2,no,0.38,no,corr,None,None,None,None
1050,exp_acyclic_indvary1_step1_batch_yyy05.pl,z2,no,0.24,no,corr,None,None,None,None
1051,exp_acyclic_indvary1_step1_batch_yyy06.pl,t4,no,0.36,no,corr,None,None,None,None
1052,exp_acyclic_indvary1_step1_batch_yyy06.pl,p4,no,0.36,no,corr,None,None,None,None
1053,exp_acyclic_indvary1_step1_batch_yyy06.pl,u1,no,0.37,no,corr,None,None,None,None
1054,exp_acyclic_indvary1_step1_batch_yyy06.pl,t3,no,0.29,no,corr,None,None,None,None
1055,exp_acyclic_indvary1_step1_batch_yyy06.pl,q4,no,0.37,no,corr,None,None,None,None
1056,exp_acyclic_indvary1_step1_batch_yyy06.pl,r3,no,0.37,no,corr,None,None,None,None
1057,exp_acyclic_indvary1_step1_batch_yyy06.pl,z1,no,0.61,no,corr,None,None,None,None
1058,exp_acyclic_indvary1_step1_batch_yyy06.pl,b1,yes,0.52,yes,corr,None,None,None,None
1059,exp_acyclic_indvary1_step1_batch_yyy06.pl,u3,no,0.5,no,corr,None,None,None,None
1060,exp_acyclic_indvary1_step1_batch_yyy06.pl,r4,no,0.39,no,corr,None,None,None,None
1061,exp_acyclic_indvary1_step1_batch_yyy07.pl,w2,no,0.46,no,corr,None,None,None,None
1062,exp_acyclic_indvary1_step1_batch_yyy07.pl,u4,no,0.4,no,corr,None,None,None,None
1063,exp_acyclic_indvary1_step1_batch_yyy07.pl,c2,no,0.33,no,corr,None,None,None,None
1064,exp_acyclic_indvary1_step1_batch_yyy07.pl,z4,no,0.3,no,corr,None,None,None,None
1065,exp_acyclic_indvary1_step1_batch_yyy07.pl,f3,no,0.41,no,corr,None,None,None,None
1066,exp_acyclic_indvary1_step1_batch_yyy07.pl,e3,no,0.43,no,corr,None,None,None,None
1067,exp_acyclic_indvary1_step1_batch_yyy07.pl,y1,no,0.25,no,corr,None,None,None,None
1068,exp_acyclic_indvary1_step1_batch_yyy07.pl,w3,no,0.6,no,corr,None,None,None,None
1069,exp_acyclic_indvary1_step1_batch_yyy07.pl,e2,no,0.45,no,corr,None,None,None,None
1070,exp_acyclic_indvary1_step1_batch_yyy07.pl,d1,yes,0.51,yes,corr,None,None,None,None
1071,exp_acyclic_indvary1_step1_batch_yyy08.pl,y4,no,0.42,no,corr,None,None,None,None
1072,exp_acyclic_indvary1_step1_batch_yyy08.pl,z5,no,0.26,no,corr,None,None,None,None
1073,exp_acyclic_indvary1_step1_batch_yyy08.pl,w5,no,0.24,no,corr,None,None,None,None
1074,exp_acyclic_indvary1_step1_batch_yyy08.pl,f5,no,0.27,no,corr,None,None,None,None
1075,exp_acyclic_indvary1_step1_batch_yyy08.pl,z4,no,0.35,no,corr,None,None,None,None
1076,exp_acyclic_indvary1_step1_batch_yyy08.pl,x5,no,0.49,no,corr,None,None,None,None
1077,exp_acyclic_indvary1_step1_batch_yyy08.pl,f4,no,0.28,no,corr,None,None,None,None
1078,exp_acyclic_indvary1_step1_batch_yyy08.pl,y5,no,0.32,no,corr,None,None,None,None
1079,exp_acyclic_indvary1_step1_batch_yyy08.pl,s2,no,0.54,no,corr,None,None,None,None
1080,exp_acyclic_indvary1_step1_batch_yyy08.pl,b1,no,0.28,no,corr,None,None,None,None
1081,exp_acyclic_indvary1_step1_batch_yyy09.pl,s3,no,0.35,no,corr,None,None,None,None
1082,exp_acyclic_indvary1_step1_batch_yyy09.pl,z5,no,0.33,no,corr,None,None,None,None
1083,exp_acyclic_indvary1_step1_batch_yyy09.pl,s5,no,0.3,no,corr,None,None,None,None
1084,exp_acyclic_indvary1_step1_batch_yyy09.pl,x2,no,0.28,no,corr,None,None,None,None
1085,exp_acyclic_indvary1_step1_batch_yyy09.pl,e4,no,0.35,no,corr,None,None,None,None
1086,exp_acyclic_indvary1_step1_batch_yyy09.pl,u2,no,0.28,no,corr,None,None,None,None
1087,exp_acyclic_indvary1_step1_batch_yyy09.pl,p1,yes,0.5,yes,corr,None,None,None,None
1088,exp_acyclic_indvary1_step1_batch_yyy09.pl,a2,no,0.43,no,corr,None,None,None,None
1089,exp_acyclic_indvary1_step1_batch_yyy09.pl,s2,no,0.39,no,corr,None,None,None,None
1090,exp_acyclic_indvary1_step1_batch_yyy09.pl,z1,no,0.39,no,corr,None,None,None,None
1091,exp_acyclic_indvary1_step1_batch_yyy10.pl,d5,no,0.41,no,corr,None,None,None,None
1092,exp_acyclic_indvary1_step1_batch_yyy10.pl,v2,no,0.26,no,corr,None,None,None,None
1093,exp_acyclic_indvary1_step1_batch_yyy10.pl,p5,no,0.3,no,corr,None,None,None,None
1094,exp_acyclic_indvary1_step1_batch_yyy10.pl,v5,no,0.29,no,corr,None,None,None,None
1095,exp_acyclic_indvary1_step1_batch_yyy10.pl,a4,no,0.32,no,corr,None,None,None,None
1096,exp_acyclic_indvary1_step1_batch_yyy10.pl,p3,no,0.31,no,corr,None,None,None,None
1097,exp_acyclic_indvary1_step1_batch_yyy10.pl,d2,yes,0.33,yes,corr,None,None,None,None
1098,exp_acyclic_indvary1_step1_batch_yyy10.pl,u2,no,0.29,no,corr,None,None,None,None
1099,exp_acyclic_indvary1_step1_batch_yyy10.pl,b6,no,0.28,no,corr,None,None,None,None
1100,exp_acyclic_indvary1_step1_batch_yyy10.pl,a1,no,0.48,no,corr,None,None,None,None
1101,exp_acyclic_indvary1_step2_batch_yyy01.pl,d5,no,0.34,no,corr,None,None,None,None
1102,exp_acyclic_indvary1_step2_batch_yyy01.pl,z5,no,0.34,no,corr,None,None,None,None
1103,exp_acyclic_indvary1_step2_batch_yyy01.pl,p4,no,0.39,no,corr,None,None,None,None
1104,exp_acyclic_indvary1_step2_batch_yyy01.pl,z4,no,0.44,no,corr,None,None,None,None
1105,exp_acyclic_indvary1_step2_batch_yyy01.pl,u3,no,0.4,no,corr,None,None,None,None
1106,exp_acyclic_indvary1_step2_batch_yyy01.pl,r1,yes,0.32,yes,corr,None,None,None,None
1107,exp_acyclic_indvary1_step2_batch_yyy01.pl,a1,yes,0.42,yes,corr,None,None,None,None
1108,exp_acyclic_indvary1_step2_batch_yyy01.pl,v3,no,0.37,no,corr,None,None,None,None
1109,exp_acyclic_indvary1_step2_batch_yyy01.pl,d1,no,0.51,no,corr,None,None,None,None
1110,exp_acyclic_indvary1_step2_batch_yyy01.pl,u2,no,0.39,no,corr,None,None,None,None
1111,exp_acyclic_indvary1_step2_batch_yyy02.pl,w2,no,0.57,no,corr,None,None,None,None
1112,exp_acyclic_indvary1_step2_batch_yyy02.pl,a5,no,0.65,no,corr,None,None,None,None
1113,exp_acyclic_indvary1_step2_batch_yyy02.pl,y3,no,0.45,no,corr,None,None,None,None
1114,exp_acyclic_indvary1_step2_batch_yyy02.pl,w4,no,0.32,no,corr,None,None,None,None
1115,exp_acyclic_indvary1_step2_batch_yyy02.pl,p2,yes,0.44,yes,corr,None,None,None,None
1116,exp_acyclic_indvary1_step2_batch_yyy02.pl,a3,yes,0.47,yes,corr,None,None,None,None
1117,exp_acyclic_indvary1_step2_batch_yyy02.pl,x5,no,0.46,no,corr,None,None,None,None
1118,exp_acyclic_indvary1_step2_batch_yyy02.pl,t2,no,0.28,no,corr,None,None,None,None
1119,exp_acyclic_indvary1_step2_batch_yyy02.pl,u3,no,0.26,no,corr,None,None,None,None
1120,exp_acyclic_indvary1_step2_batch_yyy02.pl,e3,no,0.45,no,corr,None,None,None,None
1121,exp_acyclic_indvary1_step2_batch_yyy03.pl,v2,no,0.49,no,corr,None,None,None,None
1122,exp_acyclic_indvary1_step2_batch_yyy03.pl,c5,no,0.51,no,corr,None,None,None,None
1123,exp_acyclic_indvary1_step2_batch_yyy03.pl,b5,no,0.45,no,corr,None,None,None,None
1124,exp_acyclic_indvary1_step2_batch_yyy03.pl,v4,no,0.33,no,corr,None,None,None,None
1125,exp_acyclic_indvary1_step2_batch_yyy03.pl,a3,no,0.42,no,corr,None,None,None,None
1126,exp_acyclic_indvary1_step2_batch_yyy03.pl,x1,yes,0.38,yes,corr,None,None,None,None
1127,exp_acyclic_indvary1_step2_batch_yyy03.pl,y5,no,0.46,no,corr,None,None,None,None
1128,exp_acyclic_indvary1_step2_batch_yyy03.pl,t4,no,0.68,no,corr,None,None,None,None
1129,exp_acyclic_indvary1_step2_batch_yyy03.pl,t5,no,0.21,no,corr,None,None,None,None
1130,exp_acyclic_indvary1_step2_batch_yyy03.pl,s3,no,0.52,no,corr,None,None,None,None
1131,exp_acyclic_indvary1_step2_batch_yyy04.pl,u5,no,0.33,no,corr,None,None,None,None
1132,exp_acyclic_indvary1_step2_batch_yyy04.pl,s3,no,0.31,no,corr,None,None,None,None
1133,exp_acyclic_indvary1_step2_batch_yyy04.pl,u1,yes,0.31,yes,corr,None,None,None,None
1134,exp_acyclic_indvary1_step2_batch_yyy04.pl,d3,no,0.3,no,corr,None,None,None,None
1135,exp_acyclic_indvary1_step2_batch_yyy04.pl,w5,no,0.44,no,corr,None,None,None,None
1136,exp_acyclic_indvary1_step2_batch_yyy04.pl,c5,no,0.43,no,corr,None,None,None,None
1137,exp_acyclic_indvary1_step2_batch_yyy04.pl,v4,no,0.44,no,corr,None,None,None,None
1138,exp_acyclic_indvary1_step2_batch_yyy04.pl,p2,yes,1.35,yes,corr,None,None,None,None
1139,exp_acyclic_indvary1_step2_batch_yyy04.pl,a1,yes,0.33,yes,corr,None,None,None,None
1140,exp_acyclic_indvary1_step2_batch_yyy04.pl,d1,no,4.76,no,corr,None,None,None,None
1141,exp_acyclic_indvary1_step2_batch_yyy05.pl,p5,no,0.6,no,corr,None,None,None,None
1142,exp_acyclic_indvary1_step2_batch_yyy05.pl,w2,no,0.26,no,corr,None,None,None,None
1143,exp_acyclic_indvary1_step2_batch_yyy05.pl,s5,no,0.32,no,corr,None,None,None,None
1144,exp_acyclic_indvary1_step2_batch_yyy05.pl,d2,no,4.15,no,corr,None,None,None,None
1145,exp_acyclic_indvary1_step2_batch_yyy05.pl,v3,no,0.68,no,corr,None,None,None,None
1146,exp_acyclic_indvary1_step2_batch_yyy05.pl,u2,no,0.36,no,corr,None,None,None,None
1147,exp_acyclic_indvary1_step2_batch_yyy05.pl,u5,no,0.34,no,corr,None,None,None,None
1148,exp_acyclic_indvary1_step2_batch_yyy05.pl,d5,no,0.28,no,corr,None,None,None,None
1149,exp_acyclic_indvary1_step2_batch_yyy05.pl,a4,no,0.6,no,corr,None,None,None,None
1150,exp_acyclic_indvary1_step2_batch_yyy05.pl,f5,no,0.36,no,corr,None,None,None,None
1151,exp_acyclic_indvary1_step2_batch_yyy06.pl,q4,no,0.36,no,corr,None,None,None,None
1152,exp_acyclic_indvary1_step2_batch_yyy06.pl,z4,no,0.46,no,corr,None,None,None,None
1153,exp_acyclic_indvary1_step2_batch_yyy06.pl,v1,yes,0.35,yes,corr,None,None,None,None
1154,exp_acyclic_indvary1_step2_batch_yyy06.pl,x5,no,0.4,no,corr,None,None,None,None
1155,exp_acyclic_indvary1_step2_batch_yyy06.pl,s1,yes,0.33,yes,corr,None,None,None,None
1156,exp_acyclic_indvary1_step2_batch_yyy06.pl,v3,no,0.37,no,corr,None,None,None,None
1157,exp_acyclic_indvary1_step2_batch_yyy06.pl,w3,no,0.27,no,corr,None,None,None,None
1158,exp_acyclic_indvary1_step2_batch_yyy06.pl,q2,yes,1.69,yes,corr,None,None,None,None
1159,exp_acyclic_indvary1_step2_batch_yyy06.pl,w2,no,0.37,no,corr,None,None,None,None
1160,exp_acyclic_indvary1_step2_batch_yyy06.pl,e5,no,0.46,no,corr,None,None,None,None
1161,exp_acyclic_indvary1_step2_batch_yyy07.pl,a6,no,0.3,no,corr,None,None,None,None
1162,exp_acyclic_indvary1_step2_batch_yyy07.pl,e5,no,0.48,no,corr,None,None,None,None
1163,exp_acyclic_indvary1_step2_batch_yyy07.pl,d3,no,0.4,no,corr,None,None,None,None
1164,exp_acyclic_indvary1_step2_batch_yyy07.pl,q5,no,0.33,no,corr,None,None,None,None
1165,exp_acyclic_indvary1_step2_batch_yyy07.pl,s1,yes,0.52,yes,corr,None,None,None,None
1166,exp_acyclic_indvary1_step2_batch_yyy07.pl,p2,no,1.1,no,corr,None,None,None,None
1167,exp_acyclic_indvary1_step2_batch_yyy07.pl,c3,no,7.4,no,corr,None,None,None,None
1168,exp_acyclic_indvary1_step2_batch_yyy07.pl,s3,no,0.44,no,corr,None,None,None,None
1169,exp_acyclic_indvary1_step2_batch_yyy07.pl,a2,no,0.36,no,corr,None,None,None,None
1170,exp_acyclic_indvary1_step2_batch_yyy07.pl,x4,no,0.21,no,corr,None,None,None,None
1171,exp_acyclic_indvary1_step2_batch_yyy08.pl,d5,no,0.4,no,corr,None,None,None,None
1172,exp_acyclic_indvary1_step2_batch_yyy08.pl,s3,no,0.3,no,corr,None,None,None,None
1173,exp_acyclic_indvary1_step2_batch_yyy08.pl,b2,yes,2.33,yes,corr,None,None,None,None
1174,exp_acyclic_indvary1_step2_batch_yyy08.pl,u1,no,2.15,no,corr,None,None,None,None
1175,exp_acyclic_indvary1_step2_batch_yyy08.pl,d2,yes,0.26,yes,corr,None,None,None,None
1176,exp_acyclic_indvary1_step2_batch_yyy08.pl,b6,no,0.27,no,corr,None,None,None,None
1177,exp_acyclic_indvary1_step2_batch_yyy08.pl,d1,no,1.21,no,corr,None,None,None,None
1178,exp_acyclic_indvary1_step2_batch_yyy08.pl,y5,no,0.55,no,corr,None,None,None,None
1179,exp_acyclic_indvary1_step2_batch_yyy08.pl,x5,no,0.36,no,corr,None,None,None,None
1180,exp_acyclic_indvary1_step2_batch_yyy08.pl,z2,no,0.28,no,corr,None,None,None,None
1181,exp_acyclic_indvary1_step2_batch_yyy09.pl,a6,no,0.4,no,corr,None,None,None,None
1182,exp_acyclic_indvary1_step2_batch_yyy09.pl,p4,no,0.37,no,corr,None,None,None,None
1183,exp_acyclic_indvary1_step2_batch_yyy09.pl,f1,yes,0.54,yes,corr,None,None,None,None
1184,exp_acyclic_indvary1_step2_batch_yyy09.pl,z1,yes,0.35,yes,corr,None,None,None,None
1185,exp_acyclic_indvary1_step2_batch_yyy09.pl,a4,no,0.36,no,corr,None,None,None,None
1186,exp_acyclic_indvary1_step2_batch_yyy09.pl,t1,yes,0.34,yes,corr,None,None,None,None
1187,exp_acyclic_indvary1_step2_batch_yyy09.pl,a2,yes,0.37,yes,corr,None,None,None,None
1188,exp_acyclic_indvary1_step2_batch_yyy09.pl,q2,no,0.44,no,corr,None,None,None,None
1189,exp_acyclic_indvary1_step2_batch_yyy09.pl,t2,no,0.47,no,corr,None,None,None,None
1190,exp_acyclic_indvary1_step2_batch_yyy09.pl,c6,no,0.32,no,corr,None,None,None,None
1191,exp_acyclic_indvary1_step2_batch_yyy10.pl,u5,no,0.27,no,corr,None,None,None,None
1192,exp_acyclic_indvary1_step2_batch_yyy10.pl,e5,no,0.29,no,corr,None,None,None,None
1193,exp_acyclic_indvary1_step2_batch_yyy10.pl,z1,yes,0.29,yes,corr,None,None,None,None
1194,exp_acyclic_indvary1_step2_batch_yyy10.pl,x5,no,0.29,no,corr,None,None,None,None
1195,exp_acyclic_indvary1_step2_batch_yyy10.pl,a3,yes,0.36,yes,corr,None,None,None,None
1196,exp_acyclic_indvary1_step2_batch_yyy10.pl,r2,yes,0.54,yes,corr,None,None,None,None
1197,exp_acyclic_indvary1_step2_batch_yyy10.pl,v3,no,0.46,no,corr,None,None,None,None
1198,exp_acyclic_indvary1_step2_batch_yyy10.pl,q1,no,0.83,no,corr,None,None,None,None
1199,exp_acyclic_indvary1_step2_batch_yyy10.pl,v5,no,0.34,no,corr,None,None,None,None
1200,exp_acyclic_indvary1_step2_batch_yyy10.pl,w5,no,0.36,no,corr,None,None,None,None
1201,exp_acyclic_indvary1_step3_batch_yyy01.pl,p5,no,0.48,no,corr,None,None,None,None
1202,exp_acyclic_indvary1_step3_batch_yyy01.pl,w5,no,0.33,no,corr,None,None,None,None
1203,exp_acyclic_indvary1_step3_batch_yyy01.pl,q5,no,0.35,no,corr,None,None,None,None
1204,exp_acyclic_indvary1_step3_batch_yyy01.pl,v1,no,0.35,no,corr,None,None,None,None
1205,exp_acyclic_indvary1_step3_batch_yyy01.pl,z2,yes,0.62,yes,corr,None,None,None,None
1206,exp_acyclic_indvary1_step3_batch_yyy01.pl,v3,no,0.27,no,corr,None,None,None,None
1207,exp_acyclic_indvary1_step3_batch_yyy01.pl,a6,no,0.37,no,corr,None,None,None,None
1208,exp_acyclic_indvary1_step3_batch_yyy01.pl,y4,no,0.4,no,corr,None,None,None,None
1209,exp_acyclic_indvary1_step3_batch_yyy01.pl,w2,no,16.57,no,corr,None,None,None,None
1210,exp_acyclic_indvary1_step3_batch_yyy01.pl,u1,no,9.65,no,corr,None,None,None,None
1211,exp_acyclic_indvary1_step3_batch_yyy02.pl,t3,no,0.54,no,corr,None,None,None,None
1212,exp_acyclic_indvary1_step3_batch_yyy02.pl,f3,no,0.34,no,corr,None,None,None,None
1213,exp_acyclic_indvary1_step3_batch_yyy02.pl,e3,no,0.31,no,corr,None,None,None,None
1214,exp_acyclic_indvary1_step3_batch_yyy02.pl,y1,yes,2.58,yes,corr,None,None,None,None
1215,exp_acyclic_indvary1_step3_batch_yyy02.pl,y2,yes,0.42,yes,corr,None,None,None,None
1216,exp_acyclic_indvary1_step3_batch_yyy02.pl,f2,no,0.58,no,corr,None,None,None,None
1217,exp_acyclic_indvary1_step3_batch_yyy02.pl,c2,yes,0.21,yes,corr,None,None,None,None
1218,exp_acyclic_indvary1_step3_batch_yyy02.pl,b1,no,0.57,no,corr,None,None,None,None
1219,exp_acyclic_indvary1_step3_batch_yyy02.pl,d1,no,0.79,no,corr,None,None,None,None
1220,exp_acyclic_indvary1_step3_batch_yyy02.pl,t1,yes,0.37,yes,corr,None,None,None,None
1221,exp_acyclic_indvary1_step3_batch_yyy03.pl,y4,no,0.36,no,corr,None,None,None,None
1222,exp_acyclic_indvary1_step3_batch_yyy03.pl,c6,no,0.32,no,corr,None,None,None,None
1223,exp_acyclic_indvary1_step3_batch_yyy03.pl,d2,yes,0.47,yes,corr,None,None,None,None
1224,exp_acyclic_indvary1_step3_batch_yyy03.pl,w3,no,0.37,no,corr,None,None,None,None
1225,exp_acyclic_indvary1_step3_batch_yyy03.pl,t4,no,0.35,no,corr,None,None,None,None
1226,exp_acyclic_indvary1_step3_batch_yyy03.pl,t5,no,0.46,no,corr,None,None,None,None
1227,exp_acyclic_indvary1_step3_batch_yyy03.pl,s5,no,0.38,no,corr,None,None,None,None
1228,exp_acyclic_indvary1_step3_batch_yyy03.pl,q5,no,0.34,no,corr,None,None,None,None
1229,exp_acyclic_indvary1_step3_batch_yyy03.pl,a4,no,0.35,no,corr,None,None,None,None
1230,exp_acyclic_indvary1_step3_batch_yyy03.pl,x2,no,2.89,no,corr,None,None,None,None
1231,exp_acyclic_indvary1_step3_batch_yyy04.pl,t4,no,0.45,no,corr,None,None,None,None
1232,exp_acyclic_indvary1_step3_batch_yyy04.pl,p5,no,0.5,no,corr,None,None,None,None
1233,exp_acyclic_indvary1_step3_batch_yyy04.pl,t3,no,0.47,no,corr,None,None,None,None
1234,exp_acyclic_indvary1_step3_batch_yyy04.pl,s2,yes,0.33,yes,corr,None,None,None,None
1235,exp_acyclic_indvary1_step3_batch_yyy04.pl,q4,no,0.53,no,corr,None,None,None,None
1236,exp_acyclic_indvary1_step3_batch_yyy04.pl,z3,no,0.4,no,corr,None,None,None,None
1237,exp_acyclic_indvary1_step3_batch_yyy04.pl,d3,no,0.29,no,corr,None,None,None,None
1238,exp_acyclic_indvary1_step3_batch_yyy04.pl,u4,no,0.41,no,corr,None,None,None,None
1239,exp_acyclic_indvary1_step3_batch_yyy04.pl,v4,no,0.55,no,corr,None,None,None,None
1240,exp_acyclic_indvary1_step3_batch_yyy04.pl,e3,no,0.53,no,corr,None,None,None,None
1241,exp_acyclic_indvary1_step3_batch_yyy05.pl,u5,no,0.31,no,corr,None,None,None,None
1242,exp_acyclic_indvary1_step3_batch_yyy05.pl,t4,no,0.26,no,corr,None,None,None,None
1243,exp_acyclic_indvary1_step3_batch_yyy05.pl,v2,yes,0.51,yes,corr,None,None,None,None
1244,exp_acyclic_indvary1_step3_batch_yyy05.pl,d4,no,0.32,no,corr,None,None,None,None
1245,exp_acyclic_indvary1_step3_batch_yyy05.pl,u4,no,0.37,no,corr,None,None,None,None
1246,exp_acyclic_indvary1_step3_batch_yyy05.pl,v5,no,0.38,no,corr,None,None,None,None
1247,exp_acyclic_indvary1_step3_batch_yyy05.pl,q4,no,0.38,no,corr,None,None,None,None
1248,exp_acyclic_indvary1_step3_batch_yyy05.pl,p3,no,1.51,no,corr,None,None,None,None
1249,exp_acyclic_indvary1_step3_batch_yyy05.pl,y5,no,0.45,no,corr,None,None,None,None
1250,exp_acyclic_indvary1_step3_batch_yyy05.pl,q2,no,2.6,no,corr,None,None,None,None
1251,exp_acyclic_indvary1_step3_batch_yyy06.pl,c3,yes,0.68,yes,corr,None,None,None,None
1252,exp_acyclic_indvary1_step3_batch_yyy06.pl,e5,no,0.25,no,corr,None,None,None,None
1253,exp_acyclic_indvary1_step3_batch_yyy06.pl,s5,no,0.37,no,corr,None,None,None,None
1254,exp_acyclic_indvary1_step3_batch_yyy06.pl,s2,yes,0.53,yes,corr,None,None,None,None
1255,exp_acyclic_indvary1_step3_batch_yyy06.pl,f3,no,0.37,no,corr,None,None,None,None
1256,exp_acyclic_indvary1_step3_batch_yyy06.pl,r4,no,0.34,no,corr,None,None,None,None
1257,exp_acyclic_indvary1_step3_batch_yyy06.pl,z3,no,0.78,no,corr,None,None,None,None
1258,exp_acyclic_indvary1_step3_batch_yyy06.pl,r2,no,0.33,no,corr,None,None,None,None
1259,exp_acyclic_indvary1_step3_batch_yyy06.pl,x4,no,0.3,no,corr,None,None,None,None
1260,exp_acyclic_indvary1_step3_batch_yyy06.pl,q2,yes,0.29,yes,corr,None,None,None,None
1261,exp_acyclic_indvary1_step3_batch_yyy07.pl,c4,no,0.31,no,corr,None,None,None,None
1262,exp_acyclic_indvary1_step3_batch_yyy07.pl,u4,no,0.35,no,corr,None,None,None,None
1263,exp_acyclic_indvary1_step3_batch_yyy07.pl,e4,no,0.34,no,corr,None,None,None,None
1264,exp_acyclic_indvary1_step3_batch_yyy07.pl,r4,no,0.29,no,corr,None,None,None,None
1265,exp_acyclic_indvary1_step3_batch_yyy07.pl,p2,no,7.95,no,corr,None,None,None,None
1266,exp_acyclic_indvary1_step3_batch_yyy07.pl,f4,no,0.41,no,corr,None,None,None,None
1267,exp_acyclic_indvary1_step3_batch_yyy07.pl,q1,yes,0.77,yes,corr,None,None,None,None
1268,exp_acyclic_indvary1_step3_batch_yyy07.pl,a2,yes,0.36,yes,corr,None,None,None,None
1269,exp_acyclic_indvary1_step3_batch_yyy07.pl,c2,no,0.44,no,corr,None,None,None,None
1270,exp_acyclic_indvary1_step3_batch_yyy07.pl,a5,no,0.36,no,corr,None,None,None,None
1271,exp_acyclic_indvary1_step3_batch_yyy08.pl,u1,yes,0.54,yes,corr,None,None,None,None
1272,exp_acyclic_indvary1_step3_batch_yyy08.pl,q4,no,0.33,no,corr,None,None,None,None
1273,exp_acyclic_indvary1_step3_batch_yyy08.pl,e4,no,0.25,no,corr,None,None,None,None
1274,exp_acyclic_indvary1_step3_batch_yyy08.pl,w1,no,0.48,no,corr,None,None,None,None
1275,exp_acyclic_indvary1_step3_batch_yyy08.pl,v4,no,0.61,no,corr,None,None,None,None
1276,exp_acyclic_indvary1_step3_batch_yyy08.pl,f2,no,0.4,no,corr,None,None,None,None
1277,exp_acyclic_indvary1_step3_batch_yyy08.pl,b4,no,0.41,no,corr,None,None,None,None
1278,exp_acyclic_indvary1_step3_batch_yyy08.pl,q5,no,0.4,no,corr,None,None,None,None
1279,exp_acyclic_indvary1_step3_batch_yyy08.pl,c2,yes,0.61,yes,corr,None,None,None,None
1280,exp_acyclic_indvary1_step3_batch_yyy08.pl,b1,no,0.37,no,corr,None,None,None,None
1281,exp_acyclic_indvary1_step3_batch_yyy09.pl,b3,yes,0.62,yes,corr,None,None,None,None
1282,exp_acyclic_indvary1_step3_batch_yyy09.pl,d4,no,0.4,no,corr,None,None,None,None
1283,exp_acyclic_indvary1_step3_batch_yyy09.pl,u1,no,1.52,no,corr,None,None,None,None
1284,exp_acyclic_indvary1_step3_batch_yyy09.pl,t3,no,0.41,no,corr,None,None,None,None
1285,exp_acyclic_indvary1_step3_batch_yyy09.pl,q4,no,0.31,no,corr,None,None,None,None
1286,exp_acyclic_indvary1_step3_batch_yyy09.pl,v1,no,2.11,no,corr,None,None,None,None
1287,exp_acyclic_indvary1_step3_batch_yyy09.pl,q1,no,0.46,no,corr,None,None,None,None
1288,exp_acyclic_indvary1_step3_batch_yyy09.pl,c1,no,0.51,no,corr,None,None,None,None
1289,exp_acyclic_indvary1_step3_batch_yyy09.pl,t2,no,1.02,no,corr,None,None,None,None
1290,exp_acyclic_indvary1_step3_batch_yyy09.pl,c6,no,0.32,no,corr,None,None,None,None
1291,exp_acyclic_indvary1_step3_batch_yyy10.pl,e1,yes,0.41,yes,corr,None,None,None,None
1292,exp_acyclic_indvary1_step3_batch_yyy10.pl,w5,no,0.4,no,corr,None,None,None,None
1293,exp_acyclic_indvary1_step3_batch_yyy10.pl,z1,yes,0.42,yes,corr,None,None,None,None
1294,exp_acyclic_indvary1_step3_batch_yyy10.pl,a4,no,0.24,no,corr,None,None,None,None
1295,exp_acyclic_indvary1_step3_batch_yyy10.pl,p3,no,2.89,no,corr,None,None,None,None
1296,exp_acyclic_indvary1_step3_batch_yyy10.pl,b6,no,0.37,no,corr,None,None,None,None
1297,exp_acyclic_indvary1_step3_batch_yyy10.pl,d1,no,0.5,no,corr,None,None,None,None
1298,exp_acyclic_indvary1_step3_batch_yyy10.pl,c3,no,0.25,no,corr,None,None,None,None
1299,exp_acyclic_indvary1_step3_batch_yyy10.pl,t5,no,0.34,no,corr,None,None,None,None
1300,exp_acyclic_indvary1_step3_batch_yyy10.pl,s3,no,0.43,no,corr,None,None,None,None
1301,exp_acyclic_indvary1_step4_batch_yyy01.pl,u1,yes,1.66,yes,corr,None,None,None,None
1302,exp_acyclic_indvary1_step4_batch_yyy01.pl,a5,no,0.28,no,corr,None,None,None,None
1303,exp_acyclic_indvary1_step4_batch_yyy01.pl,e4,no,0.33,no,corr,None,None,None,None
1304,exp_acyclic_indvary1_step4_batch_yyy01.pl,v4,no,0.48,no,corr,None,None,None,None
1305,exp_acyclic_indvary1_step4_batch_yyy01.pl,v3,yes,0.9,yes,corr,None,None,None,None
1306,exp_acyclic_indvary1_step4_batch_yyy01.pl,e2,no,1.21,no,corr,None,None,None,None
1307,exp_acyclic_indvary1_step4_batch_yyy01.pl,s5,no,0.35,no,corr,None,None,None,None
1308,exp_acyclic_indvary1_step4_batch_yyy01.pl,q5,no,0.43,no,corr,None,None,None,None
1309,exp_acyclic_indvary1_step4_batch_yyy01.pl,y2,yes,0.43,yes,corr,None,None,None,None
1310,exp_acyclic_indvary1_step4_batch_yyy01.pl,x1,no,0.45,no,corr,None,None,None,None
1311,exp_acyclic_indvary1_step4_batch_yyy02.pl,s3,yes,0.43,yes,corr,None,None,None,None
1312,exp_acyclic_indvary1_step4_batch_yyy02.pl,b1,no,0.27,no,corr,None,None,None,None
1313,exp_acyclic_indvary1_step4_batch_yyy02.pl,w4,no,0.36,no,corr,None,None,None,None
1314,exp_acyclic_indvary1_step4_batch_yyy02.pl,a3,yes,0.33,yes,corr,None,None,None,None
1315,exp_acyclic_indvary1_step4_batch_yyy02.pl,x1,no,0.35,no,corr,None,None,None,None
1316,exp_acyclic_indvary1_step4_batch_yyy02.pl,a1,yes,0.41,yes,corr,None,None,None,None
1317,exp_acyclic_indvary1_step4_batch_yyy02.pl,r3,no,1.27,no,corr,None,None,None,None
1318,exp_acyclic_indvary1_step4_batch_yyy02.pl,f2,yes,0.31,yes,corr,None,None,None,None
1319,exp_acyclic_indvary1_step4_batch_yyy02.pl,b3,yes,1.42,yes,corr,None,None,None,None
1320,exp_acyclic_indvary1_step4_batch_yyy02.pl,y4,no,0.28,no,corr,None,None,None,None
1321,exp_acyclic_indvary1_step4_batch_yyy03.pl,u5,no,0.3,no,corr,None,None,None,None
1322,exp_acyclic_indvary1_step4_batch_yyy03.pl,q4,no,7.95,no,corr,None,None,None,None
1323,exp_acyclic_indvary1_step4_batch_yyy03.pl,z4,no,0.53,no,corr,None,None,None,None
1324,exp_acyclic_indvary1_step4_batch_yyy03.pl,y2,no,0.41,no,corr,None,None,None,None
1325,exp_acyclic_indvary1_step4_batch_yyy03.pl,r2,yes,0.47,yes,corr,None,None,None,None
1326,exp_acyclic_indvary1_step4_batch_yyy03.pl,v3,no,0.3,no,corr,None,None,None,None
1327,exp_acyclic_indvary1_step4_batch_yyy03.pl,t4,no,0.23,no,corr,None,None,None,None
1328,exp_acyclic_indvary1_step4_batch_yyy03.pl,c4,no,0.41,no,corr,None,None,None,None
1329,exp_acyclic_indvary1_step4_batch_yyy03.pl,p5,no,0.35,no,corr,None,None,None,None
1330,exp_acyclic_indvary1_step4_batch_yyy03.pl,x3,yes,0.37,yes,corr,None,None,None,None
1331,exp_acyclic_indvary1_step4_batch_yyy04.pl,a6,no,0.26,no,corr,None,None,None,None
1332,exp_acyclic_indvary1_step4_batch_yyy04.pl,z5,no,0.26,no,corr,None,None,None,None
1333,exp_acyclic_indvary1_step4_batch_yyy04.pl,p2,yes,0.25,yes,corr,None,None,None,None
1334,exp_acyclic_indvary1_step4_batch_yyy04.pl,a3,yes,0.2,yes,corr,None,None,None,None
1335,exp_acyclic_indvary1_step4_batch_yyy04.pl,w3,no,5.29,no,corr,None,None,None,None
1336,exp_acyclic_indvary1_step4_batch_yyy04.pl,f2,no,0.27,no,corr,None,None,None,None
1337,exp_acyclic_indvary1_step4_batch_yyy04.pl,c2,yes,0.34,yes,corr,None,None,None,None
1338,exp_acyclic_indvary1_step4_batch_yyy04.pl,b1,yes,0.38,yes,corr,None,None,None,None
1339,exp_acyclic_indvary1_step4_batch_yyy04.pl,e3,no,0.39,no,corr,None,None,None,None
1340,exp_acyclic_indvary1_step4_batch_yyy04.pl,r4,no,0.45,no,corr,None,None,None,None
1341,exp_acyclic_indvary1_step4_batch_yyy05.pl,v2,no,0.47,no,corr,None,None,None,None
1342,exp_acyclic_indvary1_step4_batch_yyy05.pl,w5,no,0.38,no,corr,None,None,None,None
1343,exp_acyclic_indvary1_step4_batch_yyy05.pl,b4,no,0.37,no,corr,None,None,None,None
1344,exp_acyclic_indvary1_step4_batch_yyy05.pl,c5,no,0.33,no,corr,None,None,None,None
1345,exp_acyclic_indvary1_step4_batch_yyy05.pl,q4,yes,0.59,yes,corr,None,None,None,None
1346,exp_acyclic_indvary1_step4_batch_yyy05.pl,y3,no,1.83,no,corr,None,None,None,None
1347,exp_acyclic_indvary1_step4_batch_yyy05.pl,w4,no,0.31,no,corr,None,None,None,None
1348,exp_acyclic_indvary1_step4_batch_yyy05.pl,v4,no,0.41,no,corr,None,None,None,None
1349,exp_acyclic_indvary1_step4_batch_yyy05.pl,x1,yes,0.45,yes,corr,None,None,None,None
1350,exp_acyclic_indvary1_step4_batch_yyy05.pl,a2,no,0.49,no,corr,None,None,None,None
1351,exp_acyclic_indvary1_step4_batch_yyy06.pl,a6,no,0.42,no,corr,None,None,None,None
1352,exp_acyclic_indvary1_step4_batch_yyy06.pl,p5,no,0.37,no,corr,None,None,None,None
1353,exp_acyclic_indvary1_step4_batch_yyy06.pl,d3,no,0.37,no,corr,None,None,None,None
1354,exp_acyclic_indvary1_step4_batch_yyy06.pl,t3,no,0.43,no,corr,None,None,None,None
1355,exp_acyclic_indvary1_step4_batch_yyy06.pl,a4,no,0.29,no,corr,None,None,None,None
1356,exp_acyclic_indvary1_step4_batch_yyy06.pl,d2,no,1.76,no,corr,None,None,None,None
1357,exp_acyclic_indvary1_step4_batch_yyy06.pl,q1,yes,0.4,yes,corr,None,None,None,None
1358,exp_acyclic_indvary1_step4_batch_yyy06.pl,p1,no,0.33,no,corr,None,None,None,None
1359,exp_acyclic_indvary1_step4_batch_yyy06.pl,b6,no,0.33,no,corr,None,None,None,None
1360,exp_acyclic_indvary1_step4_batch_yyy06.pl,a1,yes,0.62,yes,corr,None,None,None,None
1361,exp_acyclic_indvary1_step4_batch_yyy07.pl,s3,yes,0.45,yes,corr,None,None,None,None
1362,exp_acyclic_indvary1_step4_batch_yyy07.pl,w2,no,0.33,no,corr,None,None,None,None
1363,exp_acyclic_indvary1_step4_batch_yyy07.pl,d3,no,0.24,no,corr,None,None,None,None
1364,exp_acyclic_indvary1_step4_batch_yyy07.pl,b4,no,0.4,no,corr,None,None,None,None
1365,exp_acyclic_indvary1_step4_batch_yyy07.pl,z1,no,0.46,no,corr,None,None,None,None
1366,exp_acyclic_indvary1_step4_batch_yyy07.pl,q4,yes,0.54,yes,corr,None,None,None,None
1367,exp_acyclic_indvary1_step4_batch_yyy07.pl,p3,yes,0.48,yes,corr,None,None,None,None
1368,exp_acyclic_indvary1_step4_batch_yyy07.pl,y1,no,0.54,no,corr,None,None,None,None
1369,exp_acyclic_indvary1_step4_batch_yyy07.pl,p1,yes,0.38,yes,corr,None,None,None,None
1370,exp_acyclic_indvary1_step4_batch_yyy07.pl,a2,yes,0.5,yes,corr,None,None,None,None
1371,exp_acyclic_indvary1_step4_batch_yyy08.pl,u5,no,0.36,no,corr,None,None,None,None
1372,exp_acyclic_indvary1_step4_batch_yyy08.pl,v2,no,0.33,no,corr,None,None,None,None
1373,exp_acyclic_indvary1_step4_batch_yyy08.pl,f1,no,0.38,no,corr,None,None,None,None
1374,exp_acyclic_indvary1_step4_batch_yyy08.pl,f3,no,0.34,no,corr,None,None,None,None
1375,exp_acyclic_indvary1_step4_batch_yyy08.pl,b6,no,0.25,no,corr,None,None,None,None
1376,exp_acyclic_indvary1_step4_batch_yyy08.pl,x4,no,0.3,no,corr,None,None,None,None
1377,exp_acyclic_indvary1_step4_batch_yyy08.pl,s4,no,0.34,no,corr,None,None,None,None
1378,exp_acyclic_indvary1_step4_batch_yyy08.pl,b3,no,0.37,no,corr,None,None,None,None
1379,exp_acyclic_indvary1_step4_batch_yyy08.pl,z4,no,0.24,no,corr,None,None,None,None
1380,exp_acyclic_indvary1_step4_batch_yyy08.pl,y3,no,0.22,no,corr,None,None,None,None
1381,exp_acyclic_indvary1_step4_batch_yyy09.pl,c3,yes,0.52,yes,corr,None,None,None,None
1382,exp_acyclic_indvary1_step4_batch_yyy09.pl,f5,no,0.45,no,corr,None,None,None,None
1383,exp_acyclic_indvary1_step4_batch_yyy09.pl,c1,yes,0.55,yes,corr,None,None,None,None
1384,exp_acyclic_indvary1_step4_batch_yyy09.pl,p2,no,1.79,no,corr,None,None,None,None
1385,exp_acyclic_indvary1_step4_batch_yyy09.pl,q3,no,0.69,no,corr,None,None,None,None
1386,exp_acyclic_indvary1_step4_batch_yyy09.pl,y2,no,0.8,no,corr,None,None,None,None
1387,exp_acyclic_indvary1_step4_batch_yyy09.pl,r2,yes,0.35,yes,corr,None,None,None,None
1388,exp_acyclic_indvary1_step4_batch_yyy09.pl,a1,yes,2.22,yes,corr,None,None,None,None
1389,exp_acyclic_indvary1_step4_batch_yyy09.pl,u2,no,0.36,no,corr,None,None,None,None
1390,exp_acyclic_indvary1_step4_batch_yyy09.pl,q1,no,3.29,no,corr,None,None,None,None
1391,exp_acyclic_indvary1_step4_batch_yyy10.pl,b2,yes,0.26,yes,corr,None,None,None,None
1392,exp_acyclic_indvary1_step4_batch_yyy10.pl,p5,no,0.26,no,corr,None,None,None,None
1393,exp_acyclic_indvary1_step4_batch_yyy10.pl,w5,no,0.41,no,corr,None,None,None,None
1394,exp_acyclic_indvary1_step4_batch_yyy10.pl,w4,no,0.37,no,corr,None,None,None,None
1395,exp_acyclic_indvary1_step4_batch_yyy10.pl,x5,no,0.26,no,corr,None,None,None,None
1396,exp_acyclic_indvary1_step4_batch_yyy10.pl,e3,no,0.35,no,corr,None,None,None,None
1397,exp_acyclic_indvary1_step4_batch_yyy10.pl,f4,no,0.34,no,corr,None,None,None,None
1398,exp_acyclic_indvary1_step4_batch_yyy10.pl,q3,yes,0.61,yes,corr,None,None,None,None
1399,exp_acyclic_indvary1_step4_batch_yyy10.pl,w2,yes,0.29,yes,corr,None,None,None,None
1400,exp_acyclic_indvary1_step4_batch_yyy10.pl,f1,yes,0.45,yes,corr,None,None,None,None
1401,exp_acyclic_indvary1_step5_batch_yyy01.pl,z5,no,0.4,no,corr,None,None,None,None
1402,exp_acyclic_indvary1_step5_batch_yyy01.pl,u1,no,0.24,no,corr,None,None,None,None
1403,exp_acyclic_indvary1_step5_batch_yyy01.pl,q5,no,0.4,no,corr,None,None,None,None
1404,exp_acyclic_indvary1_step5_batch_yyy01.pl,w4,no,0.6,no,corr,None,None,None,None
1405,exp_acyclic_indvary1_step5_batch_yyy01.pl,f4,no,0.3,no,corr,None,None,None,None
1406,exp_acyclic_indvary1_step5_batch_yyy01.pl,a2,yes,0.34,yes,corr,None,None,None,None
1407,exp_acyclic_indvary1_step5_batch_yyy01.pl,t4,no,0.29,no,corr,None,None,None,None
1408,exp_acyclic_indvary1_step5_batch_yyy01.pl,t5,no,0.26,no,corr,None,None,None,None
1409,exp_acyclic_indvary1_step5_batch_yyy01.pl,c6,no,0.42,no,corr,None,None,None,None
1410,exp_acyclic_indvary1_step5_batch_yyy01.pl,z2,yes,0.73,yes,corr,None,None,None,None
1411,exp_acyclic_indvary1_step5_batch_yyy02.pl,d5,no,0.47,no,corr,None,None,None,None
1412,exp_acyclic_indvary1_step5_batch_yyy02.pl,z5,no,0.32,no,corr,None,None,None,None
1413,exp_acyclic_indvary1_step5_batch_yyy02.pl,p4,yes,0.4,yes,corr,None,None,None,None
1414,exp_acyclic_indvary1_step5_batch_yyy02.pl,y3,no,0.45,no,corr,None,None,None,None
1415,exp_acyclic_indvary1_step5_batch_yyy02.pl,x4,yes,3.01,yes,corr,None,None,None,None
1416,exp_acyclic_indvary1_step5_batch_yyy02.pl,f2,no,0.98,no,corr,None,None,None,None
1417,exp_acyclic_indvary1_step5_batch_yyy02.pl,y1,no,1.02,no,corr,None,None,None,None
1418,exp_acyclic_indvary1_step5_batch_yyy02.pl,r1,no,4.25,no,corr,None,None,None,None
1419,exp_acyclic_indvary1_step5_batch_yyy02.pl,t1,no,0.27,no,corr,None,None,None,None
1420,exp_acyclic_indvary1_step5_batch_yyy02.pl,q1,no,0.28,no,corr,None,None,None,None
1421,exp_acyclic_indvary1_step5_batch_yyy03.pl,s3,no,0.35,no,corr,None,None,None,None
1422,exp_acyclic_indvary1_step5_batch_yyy03.pl,z5,no,0.35,no,corr,None,None,None,None
1423,exp_acyclic_indvary1_step5_batch_yyy03.pl,p4,no,0.46,no,corr,None,None,None,None
1424,exp_acyclic_indvary1_step5_batch_yyy03.pl,e5,no,0.32,no,corr,None,None,None,None
1425,exp_acyclic_indvary1_step5_batch_yyy03.pl,t3,yes,0.45,yes,corr,None,None,None,None
1426,exp_acyclic_indvary1_step5_batch_yyy03.pl,e4,no,0.46,no,corr,None,None,None,None
1427,exp_acyclic_indvary1_step5_batch_yyy03.pl,x1,no,0.36,no,corr,None,None,None,None
1428,exp_acyclic_indvary1_step5_batch_yyy03.pl,b6,no,0.38,no,corr,None,None,None,None
1429,exp_acyclic_indvary1_step5_batch_yyy03.pl,s4,yes,0.39,yes,corr,None,None,None,None
1430,exp_acyclic_indvary1_step5_batch_yyy03.pl,b3,no,0.39,no,corr,None,None,None,None
1431,exp_acyclic_indvary1_step5_batch_yyy04.pl,e1,yes,0.4,yes,corr,None,None,None,None
1432,exp_acyclic_indvary1_step5_batch_yyy04.pl,p4,yes,0.43,yes,corr,None,None,None,None
1433,exp_acyclic_indvary1_step5_batch_yyy04.pl,f1,no,0.41,no,corr,None,None,None,None
1434,exp_acyclic_indvary1_step5_batch_yyy04.pl,q4,yes,0.45,yes,corr,None,None,None,None
1435,exp_acyclic_indvary1_step5_batch_yyy04.pl,r5,no,0.46,no,corr,None,None,None,None
1436,exp_acyclic_indvary1_step5_batch_yyy04.pl,x5,no,0.46,no,corr,None,None,None,None
1437,exp_acyclic_indvary1_step5_batch_yyy04.pl,a3,no,0.37,no,corr,None,None,None,None
1438,exp_acyclic_indvary1_step5_batch_yyy04.pl,y2,no,0.73,no,corr,None,None,None,None
1439,exp_acyclic_indvary1_step5_batch_yyy04.pl,a1,no,0.52,no,corr,None,None,None,None
1440,exp_acyclic_indvary1_step5_batch_yyy04.pl,p1,no,0.36,no,corr,None,None,None,None
1441,exp_acyclic_indvary1_step5_batch_yyy05.pl,t5,no,0.4,no,corr,None,None,None,None
1442,exp_acyclic_indvary1_step5_batch_yyy05.pl,e1,yes,0.33,yes,corr,None,None,None,None
1443,exp_acyclic_indvary1_step5_batch_yyy05.pl,z1,no,0.46,no,corr,None,None,None,None
1444,exp_acyclic_indvary1_step5_batch_yyy05.pl,f5,no,0.4,no,corr,None,None,None,None
1445,exp_acyclic_indvary1_step5_batch_yyy05.pl,c1,yes,0.39,yes,corr,None,None,None,None
1446,exp_acyclic_indvary1_step5_batch_yyy05.pl,u3,yes,0.5,yes,corr,None,None,None,None
1447,exp_acyclic_indvary1_step5_batch_yyy05.pl,r2,no,0.23,no,corr,None,None,None,None
1448,exp_acyclic_indvary1_step5_batch_yyy05.pl,w3,no,0.46,no,corr,None,None,None,None
1449,exp_acyclic_indvary1_step5_batch_yyy05.pl,p4,yes,0.4,yes,corr,None,None,None,None
1450,exp_acyclic_indvary1_step5_batch_yyy05.pl,x3,no,0.31,no,corr,None,None,None,None
1451,exp_acyclic_indvary1_step5_batch_yyy06.pl,d3,no,0.26,no,corr,None,None,None,None
1452,exp_acyclic_indvary1_step5_batch_yyy06.pl,v1,yes,0.4,yes,corr,None,None,None,None
1453,exp_acyclic_indvary1_step5_batch_yyy06.pl,s1,no,0.31,no,corr,None,None,None,None
1454,exp_acyclic_indvary1_step5_batch_yyy06.pl,p2,yes,3.28,yes,corr,None,None,None,None
1455,exp_acyclic_indvary1_step5_batch_yyy06.pl,x4,yes,0.39,yes,corr,None,None,None,None
1456,exp_acyclic_indvary1_step5_batch_yyy06.pl,t5,no,0.42,no,corr,None,None,None,None
1457,exp_acyclic_indvary1_step5_batch_yyy06.pl,s3,yes,0.44,yes,corr,None,None,None,None
1458,exp_acyclic_indvary1_step5_batch_yyy06.pl,c4,no,0.41,no,corr,None,None,None,None
1459,exp_acyclic_indvary1_step5_batch_yyy06.pl,e3,no,0.62,no,corr,None,None,None,None
1460,exp_acyclic_indvary1_step5_batch_yyy06.pl,r4,no,3.05,no,corr,None,None,None,None
1461,exp_acyclic_indvary1_step5_batch_yyy07.pl,b2,yes,0.79,yes,corr,None,None,None,None
1462,exp_acyclic_indvary1_step5_batch_yyy07.pl,p4,no,5.48,no,corr,None,None,None,None
1463,exp_acyclic_indvary1_step5_batch_yyy07.pl,w5,no,0.28,no,corr,None,None,None,None
1464,exp_acyclic_indvary1_step5_batch_yyy07.pl,b1,yes,0.56,yes,corr,None,None,None,None
1465,exp_acyclic_indvary1_step5_batch_yyy07.pl,e3,no,0.28,no,corr,None,None,None,None
1466,exp_acyclic_indvary1_step5_batch_yyy07.pl,s1,no,0.52,no,corr,None,None,None,None
1467,exp_acyclic_indvary1_step5_batch_yyy07.pl,q3,no,0.3,no,corr,None,None,None,None
1468,exp_acyclic_indvary1_step5_batch_yyy07.pl,p1,yes,0.29,yes,corr,None,None,None,None
1469,exp_acyclic_indvary1_step5_batch_yyy07.pl,v1,no,0.33,no,corr,None,None,None,None
1470,exp_acyclic_indvary1_step5_batch_yyy07.pl,w1,yes,0.36,yes,corr,None,None,None,None
1471,exp_acyclic_indvary1_step5_batch_yyy08.pl,d4,no,0.34,no,corr,None,None,None,None
1472,exp_acyclic_indvary1_step5_batch_yyy08.pl,u1,no,0.31,no,corr,None,None,None,None
1473,exp_acyclic_indvary1_step5_batch_yyy08.pl,v5,no,0.48,no,corr,None,None,None,None
1474,exp_acyclic_indvary1_step5_batch_yyy08.pl,a4,no,0.39,no,corr,None,None,None,None
1475,exp_acyclic_indvary1_step5_batch_yyy08.pl,r5,no,0.37,no,corr,None,None,None,None
1476,exp_acyclic_indvary1_step5_batch_yyy08.pl,f3,no,0.28,no,corr,None,None,None,None
1477,exp_acyclic_indvary1_step5_batch_yyy08.pl,c6,no,0.36,no,corr,None,None,None,None
1478,exp_acyclic_indvary1_step5_batch_yyy08.pl,e3,no,0.28,no,corr,None,None,None,None
1479,exp_acyclic_indvary1_step5_batch_yyy08.pl,y2,no,0.31,no,corr,None,None,None,None
1480,exp_acyclic_indvary1_step5_batch_yyy08.pl,x1,yes,0.46,yes,corr,None,None,None,None
1481,exp_acyclic_indvary1_step5_batch_yyy09.pl,c4,no,0.51,no,corr,None,None,None,None
1482,exp_acyclic_indvary1_step5_batch_yyy09.pl,b2,yes,0.23,yes,corr,None,None,None,None
1483,exp_acyclic_indvary1_step5_batch_yyy09.pl,w5,no,0.38,no,corr,None,None,None,None
1484,exp_acyclic_indvary1_step5_batch_yyy09.pl,a5,no,0.27,no,corr,None,None,None,None
1485,exp_acyclic_indvary1_step5_batch_yyy09.pl,x2,no,0.36,no,corr,None,None,None,None
1486,exp_acyclic_indvary1_step5_batch_yyy09.pl,r5,no,0.42,no,corr,None,None,None,None
1487,exp_acyclic_indvary1_step5_batch_yyy09.pl,w1,yes,0.83,yes,corr,None,None,None,None
1488,exp_acyclic_indvary1_step5_batch_yyy09.pl,c1,no,0.35,no,corr,None,None,None,None
1489,exp_acyclic_indvary1_step5_batch_yyy09.pl,d2,no,0.56,no,corr,None,None,None,None
1490,exp_acyclic_indvary1_step5_batch_yyy09.pl,y2,yes,0.39,yes,corr,None,None,None,None
1491,exp_acyclic_indvary1_step5_batch_yyy10.pl,b3,no,0.38,no,corr,None,None,None,None
1492,exp_acyclic_indvary1_step5_batch_yyy10.pl,u4,yes,0.36,yes,corr,None,None,None,None
1493,exp_acyclic_indvary1_step5_batch_yyy10.pl,a5,no,0.3,no,corr,None,None,None,None
1494,exp_acyclic_indvary1_step5_batch_yyy10.pl,w1,no,0.29,no,corr,None,None,None,None
1495,exp_acyclic_indvary1_step5_batch_yyy10.pl,y1,yes,0.37,yes,corr,None,None,None,None
1496,exp_acyclic_indvary1_step5_batch_yyy10.pl,a3,yes,0.42,yes,corr,None,None,None,None
1497,exp_acyclic_indvary1_step5_batch_yyy10.pl,t1,yes,0.76,yes,corr,None,None,None,None
1498,exp_acyclic_indvary1_step5_batch_yyy10.pl,q2,no,0.39,no,corr,None,None,None,None
1499,exp_acyclic_indvary1_step5_batch_yyy10.pl,e3,no,0.57,no,corr,None,None,None,None
1500,exp_acyclic_indvary1_step5_batch_yyy10.pl,r4,no,0.33,no,corr,None,None,None,None
1501,exp_acyclic_indvary1_step6_batch_yyy01.pl,d5,no,0.35,no,corr,None,None,None,None
1502,exp_acyclic_indvary1_step6_batch_yyy01.pl,v2,no,0.32,no,corr,None,None,None,None
1503,exp_acyclic_indvary1_step6_batch_yyy01.pl,f1,no,0.29,no,corr,None,None,None,None
1504,exp_acyclic_indvary1_step6_batch_yyy01.pl,t3,no,0.39,no,corr,None,None,None,None
1505,exp_acyclic_indvary1_step6_batch_yyy01.pl,s2,no,0.27,no,corr,None,None,None,None
1506,exp_acyclic_indvary1_step6_batch_yyy01.pl,f3,no,0.32,no,corr,None,None,None,None
1507,exp_acyclic_indvary1_step6_batch_yyy01.pl,x5,no,0.42,no,corr,None,None,None,None
1508,exp_acyclic_indvary1_step6_batch_yyy01.pl,f4,no,0.4,no,corr,None,None,None,None
1509,exp_acyclic_indvary1_step6_batch_yyy01.pl,y2,no,0.4,no,corr,None,None,None,None
1510,exp_acyclic_indvary1_step6_batch_yyy01.pl,x4,yes,1.85,yes,corr,None,None,None,None
1511,exp_acyclic_indvary1_step6_batch_yyy02.pl,y4,no,0.28,no,corr,None,None,None,None
1512,exp_acyclic_indvary1_step6_batch_yyy02.pl,e5,no,0.33,no,corr,None,None,None,None
1513,exp_acyclic_indvary1_step6_batch_yyy02.pl,v5,no,0.78,no,corr,None,None,None,None
1514,exp_acyclic_indvary1_step6_batch_yyy02.pl,b1,yes,0.58,yes,corr,None,None,None,None
1515,exp_acyclic_indvary1_step6_batch_yyy02.pl,f5,no,0.3,no,corr,None,None,None,None
1516,exp_acyclic_indvary1_step6_batch_yyy02.pl,f3,no,0.3,no,corr,None,None,None,None
1517,exp_acyclic_indvary1_step6_batch_yyy02.pl,b5,no,0.26,no,corr,None,None,None,None
1518,exp_acyclic_indvary1_step6_batch_yyy02.pl,e3,no,0.46,no,corr,None,None,None,None
1519,exp_acyclic_indvary1_step6_batch_yyy02.pl,x4,no,0.39,no,corr,None,None,None,None
1520,exp_acyclic_indvary1_step6_batch_yyy02.pl,f2,no,0.46,no,corr,None,None,None,None
1521,exp_acyclic_indvary1_step6_batch_yyy03.pl,v2,no,0.35,no,corr,None,None,None,None
1522,exp_acyclic_indvary1_step6_batch_yyy03.pl,p5,no,0.44,no,corr,None,None,None,None
1523,exp_acyclic_indvary1_step6_batch_yyy03.pl,a5,no,0.36,no,corr,None,None,None,None
1524,exp_acyclic_indvary1_step6_batch_yyy03.pl,r5,no,0.38,no,corr,None,None,None,None
1525,exp_acyclic_indvary1_step6_batch_yyy03.pl,v1,no,0.48,no,corr,None,None,None,None
1526,exp_acyclic_indvary1_step6_batch_yyy03.pl,r4,no,0.53,no,corr,None,None,None,None
1527,exp_acyclic_indvary1_step6_batch_yyy03.pl,z3,no,0.37,no,corr,None,None,None,None
1528,exp_acyclic_indvary1_step6_batch_yyy03.pl,x1,no,1.13,no,corr,None,None,None,None
1529,exp_acyclic_indvary1_step6_batch_yyy03.pl,e2,yes,0.34,yes,corr,None,None,None,None
1530,exp_acyclic_indvary1_step6_batch_yyy03.pl,p1,no,0.24,no,corr,None,None,None,None
1531,exp_acyclic_indvary1_step6_batch_yyy04.pl,s3,no,0.53,no,corr,None,None,None,None
1532,exp_acyclic_indvary1_step6_batch_yyy04.pl,b2,yes,0.41,yes,corr,None,None,None,None
1533,exp_acyclic_indvary1_step6_batch_yyy04.pl,e1,no,0.48,no,corr,None,None,None,None
1534,exp_acyclic_indvary1_step6_batch_yyy04.pl,p5,yes,1.43,yes,corr,None,None,None,None
1535,exp_acyclic_indvary1_step6_batch_yyy04.pl,a5,no,0.66,no,corr,None,None,None,None
1536,exp_acyclic_indvary1_step6_batch_yyy04.pl,x2,no,0.37,no,corr,None,None,None,None
1537,exp_acyclic_indvary1_step6_batch_yyy04.pl,v1,no,0.32,no,corr,None,None,None,None
1538,exp_acyclic_indvary1_step6_batch_yyy04.pl,a3,yes,0.54,yes,corr,None,None,None,None
1539,exp_acyclic_indvary1_step6_batch_yyy04.pl,d1,yes,0.36,yes,corr,None,None,None,None
1540,exp_acyclic_indvary1_step6_batch_yyy04.pl,u2,yes,0.83,yes,corr,None,None,None,None
1541,exp_acyclic_indvary1_step6_batch_yyy05.pl,a6,no,0.26,no,corr,None,None,None,None
1542,exp_acyclic_indvary1_step6_batch_yyy05.pl,p5,no,0.33,no,corr,None,None,None,None
1543,exp_acyclic_indvary1_step6_batch_yyy05.pl,z4,no,0.33,no,corr,None,None,None,None
1544,exp_acyclic_indvary1_step6_batch_yyy05.pl,z2,no,1.95,no,corr,None,None,None,None
1545,exp_acyclic_indvary1_step6_batch_yyy05.pl,r4,no,0.46,no,corr,None,None,None,None
1546,exp_acyclic_indvary1_step6_batch_yyy05.pl,t4,yes,0.9,yes,corr,None,None,None,None
1547,exp_acyclic_indvary1_step6_batch_yyy05.pl,s3,no,0.53,no,corr,None,None,None,None
1548,exp_acyclic_indvary1_step6_batch_yyy05.pl,c4,no,0.55,no,corr,None,None,None,None
1549,exp_acyclic_indvary1_step6_batch_yyy05.pl,f4,no,0.33,no,corr,None,None,None,None
1550,exp_acyclic_indvary1_step6_batch_yyy05.pl,z3,no,0.35,no,corr,None,None,None,None
1551,exp_acyclic_indvary1_step6_batch_yyy06.pl,t5,yes,0.35,yes,corr,None,None,None,None
1552,exp_acyclic_indvary1_step6_batch_yyy06.pl,w2,yes,0.52,yes,corr,None,None,None,None
1553,exp_acyclic_indvary1_step6_batch_yyy06.pl,t3,no,0.59,no,corr,None,None,None,None
1554,exp_acyclic_indvary1_step6_batch_yyy06.pl,e4,no,0.34,no,corr,None,None,None,None
1555,exp_acyclic_indvary1_step6_batch_yyy06.pl,v1,no,0.43,no,corr,None,None,None,None
1556,exp_acyclic_indvary1_step6_batch_yyy06.pl,b5,no,0.41,no,corr,None,None,None,None
1557,exp_acyclic_indvary1_step6_batch_yyy06.pl,v4,no,0.26,no,corr,None,None,None,None
1558,exp_acyclic_indvary1_step6_batch_yyy06.pl,e3,no,0.24,no,corr,None,None,None,None
1559,exp_acyclic_indvary1_step6_batch_yyy06.pl,d1,yes,0.31,yes,corr,None,None,None,None
1560,exp_acyclic_indvary1_step6_batch_yyy06.pl,u2,no,0.29,no,corr,None,None,None,None
1561,exp_acyclic_indvary1_step6_batch_yyy07.pl,t5,no,0.29,no,corr,None,None,None,None
1562,exp_acyclic_indvary1_step6_batch_yyy07.pl,x3,no,0.5,no,corr,None,None,None,None
1563,exp_acyclic_indvary1_step6_batch_yyy07.pl,f1,yes,0.5,yes,corr,None,None,None,None
1564,exp_acyclic_indvary1_step6_batch_yyy07.pl,z4,no,0.36,no,corr,None,None,None,None
1565,exp_acyclic_indvary1_step6_batch_yyy07.pl,u3,no,0.42,no,corr,None,None,None,None
1566,exp_acyclic_indvary1_step6_batch_yyy07.pl,r2,no,0.33,no,corr,None,None,None,None
1567,exp_acyclic_indvary1_step6_batch_yyy07.pl,t1,no,0.32,no,corr,None,None,None,None
1568,exp_acyclic_indvary1_step6_batch_yyy07.pl,y5,no,1.36,no,corr,None,None,None,None
1569,exp_acyclic_indvary1_step6_batch_yyy07.pl,a2,yes,1.26,yes,corr,None,None,None,None
1570,exp_acyclic_indvary1_step6_batch_yyy07.pl,w3,no,5.31,no,corr,None,None,None,None
1571,exp_acyclic_indvary1_step6_batch_yyy08.pl,w5,yes,0.36,yes,corr,None,None,None,None
1572,exp_acyclic_indvary1_step6_batch_yyy08.pl,q5,yes,0.36,yes,corr,None,None,None,None
1573,exp_acyclic_indvary1_step6_batch_yyy08.pl,z4,no,0.33,no,corr,None,None,None,None
1574,exp_acyclic_indvary1_step6_batch_yyy08.pl,p3,yes,0.55,yes,corr,None,None,None,None
1575,exp_acyclic_indvary1_step6_batch_yyy08.pl,b5,no,0.32,no,corr,None,None,None,None
1576,exp_acyclic_indvary1_step6_batch_yyy08.pl,q2,yes,0.31,yes,corr,None,None,None,None
1577,exp_acyclic_indvary1_step6_batch_yyy08.pl,s4,no,0.23,no,corr,None,None,None,None
1578,exp_acyclic_indvary1_step6_batch_yyy08.pl,b3,yes,0.33,yes,corr,None,None,None,None
1579,exp_acyclic_indvary1_step6_batch_yyy08.pl,u3,no,0.29,no,corr,None,None,None,None
1580,exp_acyclic_indvary1_step6_batch_yyy08.pl,r4,no,0.87,no,corr,None,None,None,None
1581,exp_acyclic_indvary1_step6_batch_yyy09.pl,s4,yes,0.46,yes,corr,None,None,None,None
1582,exp_acyclic_indvary1_step6_batch_yyy09.pl,p4,no,0.43,no,corr,None,None,None,None
1583,exp_acyclic_indvary1_step6_batch_yyy09.pl,a4,no,0.33,no,corr,None,None,None,None
1584,exp_acyclic_indvary1_step6_batch_yyy09.pl,v1,yes,0.41,yes,corr,None,None,None,None
1585,exp_acyclic_indvary1_step6_batch_yyy09.pl,t2,no,0.25,no,corr,None,None,None,None
1586,exp_acyclic_indvary1_step6_batch_yyy09.pl,q2,no,0.36,no,corr,None,None,None,None
1587,exp_acyclic_indvary1_step6_batch_yyy09.pl,y1,no,1.44,no,corr,None,None,None,None
1588,exp_acyclic_indvary1_step6_batch_yyy09.pl,r1,no,0.33,no,corr,None,None,None,None
1589,exp_acyclic_indvary1_step6_batch_yyy09.pl,d1,yes,0.55,yes,corr,None,None,None,None
1590,exp_acyclic_indvary1_step6_batch_yyy09.pl,u2,no,0.33,no,corr,None,None,None,None
1591,exp_acyclic_indvary1_step6_batch_yyy10.pl,d5,no,0.49,no,corr,None,None,None,None
1592,exp_acyclic_indvary1_step6_batch_yyy10.pl,v5,yes,0.81,yes,corr,None,None,None,None
1593,exp_acyclic_indvary1_step6_batch_yyy10.pl,p3,no,0.25,no,corr,None,None,None,None
1594,exp_acyclic_indvary1_step6_batch_yyy10.pl,z2,no,0.41,no,corr,None,None,None,None
1595,exp_acyclic_indvary1_step6_batch_yyy10.pl,r3,no,0.37,no,corr,None,None,None,None
1596,exp_acyclic_indvary1_step6_batch_yyy10.pl,y5,no,0.31,no,corr,None,None,None,None
1597,exp_acyclic_indvary1_step6_batch_yyy10.pl,a2,yes,0.58,yes,corr,None,None,None,None
1598,exp_acyclic_indvary1_step6_batch_yyy10.pl,u3,no,0.36,no,corr,None,None,None,None
1599,exp_acyclic_indvary1_step6_batch_yyy10.pl,v4,no,0.28,no,corr,None,None,None,None
1600,exp_acyclic_indvary1_step6_batch_yyy10.pl,r4,yes,0.42,yes,corr,None,None,None,None
1601,exp_acyclic_indvary1_step7_batch_yyy01.pl,c4,no,0.34,no,corr,None,None,None,None
1602,exp_acyclic_indvary1_step7_batch_yyy01.pl,u1,no,0.27,no,corr,None,None,None,None
1603,exp_acyclic_indvary1_step7_batch_yyy01.pl,a5,no,0.35,no,corr,None,None,None,None
1604,exp_acyclic_indvary1_step7_batch_yyy01.pl,q4,no,0.25,no,corr,None,None,None,None
1605,exp_acyclic_indvary1_step7_batch_yyy01.pl,w4,no,0.75,no,corr,None,None,None,None
1606,exp_acyclic_indvary1_step7_batch_yyy01.pl,b5,no,0.26,no,corr,None,None,None,None
1607,exp_acyclic_indvary1_step7_batch_yyy01.pl,p2,no,0.32,no,corr,None,None,None,None
1608,exp_acyclic_indvary1_step7_batch_yyy01.pl,p1,no,0.33,no,corr,None,None,None,None
1609,exp_acyclic_indvary1_step7_batch_yyy01.pl,a2,yes,0.22,yes,corr,None,None,None,None
1610,exp_acyclic_indvary1_step7_batch_yyy01.pl,f2,no,0.39,no,corr,None,None,None,None
1611,exp_acyclic_indvary1_step7_batch_yyy02.pl,u6,no,0.38,no,corr,None,None,None,None
1612,exp_acyclic_indvary1_step7_batch_yyy02.pl,d4,no,0.48,no,corr,None,None,None,None
1613,exp_acyclic_indvary1_step7_batch_yyy02.pl,u1,no,0.34,no,corr,None,None,None,None
1614,exp_acyclic_indvary1_step7_batch_yyy02.pl,p1,no,4.15,no,corr,None,None,None,None
1615,exp_acyclic_indvary1_step7_batch_yyy02.pl,x4,no,0.37,no,corr,None,None,None,None
1616,exp_acyclic_indvary1_step7_batch_yyy02.pl,p6,no,0.32,no,corr,None,None,None,None
1617,exp_acyclic_indvary1_step7_batch_yyy02.pl,a6,no,0.24,no,corr,None,None,None,None
1618,exp_acyclic_indvary1_step7_batch_yyy02.pl,s4,no,0.27,no,corr,None,None,None,None
1619,exp_acyclic_indvary1_step7_batch_yyy02.pl,w4,no,0.49,no,corr,None,None,None,None
1620,exp_acyclic_indvary1_step7_batch_yyy02.pl,f3,no,0.34,no,corr,None,None,None,None
1621,exp_acyclic_indvary1_step7_batch_yyy03.pl,t4,no,0.43,no,corr,None,None,None,None
1622,exp_acyclic_indvary1_step7_batch_yyy03.pl,p5,no,0.33,no,corr,None,None,None,None
1623,exp_acyclic_indvary1_step7_batch_yyy03.pl,w6,no,1.62,no,corr,None,None,None,None
1624,exp_acyclic_indvary1_step7_batch_yyy03.pl,s6,no,1.33,no,corr,None,None,None,None
1625,exp_acyclic_indvary1_step7_batch_yyy03.pl,r1,no,0.38,no,corr,None,None,None,None
1626,exp_acyclic_indvary1_step7_batch_yyy03.pl,v3,yes,0.35,yes,corr,None,None,None,None
1627,exp_acyclic_indvary1_step7_batch_yyy03.pl,z5,no,0.43,no,corr,None,None,None,None
1628,exp_acyclic_indvary1_step7_batch_yyy03.pl,v2,no,0.37,no,corr,None,None,None,None
1629,exp_acyclic_indvary1_step7_batch_yyy03.pl,t6,no,0.3,no,corr,None,None,None,None
1630,exp_acyclic_indvary1_step7_batch_yyy03.pl,a5,no,0.64,no,corr,None,None,None,None
1631,exp_acyclic_indvary1_step7_batch_yyy04.pl,d4,no,0.57,no,corr,None,None,None,None
1632,exp_acyclic_indvary1_step7_batch_yyy04.pl,f1,yes,0.58,yes,corr,None,None,None,None
1633,exp_acyclic_indvary1_step7_batch_yyy04.pl,w5,no,0.4,no,corr,None,None,None,None
1634,exp_acyclic_indvary1_step7_batch_yyy04.pl,z1,no,0.43,no,corr,None,None,None,None
1635,exp_acyclic_indvary1_step7_batch_yyy04.pl,x2,no,0.36,no,corr,None,None,None,None
1636,exp_acyclic_indvary1_step7_batch_yyy04.pl,f3,no,0.27,no,corr,None,None,None,None
1637,exp_acyclic_indvary1_step7_batch_yyy04.pl,r1,no,0.48,no,corr,None,None,None,None
1638,exp_acyclic_indvary1_step7_batch_yyy04.pl,a3,no,1.35,no,corr,None,None,None,None
1639,exp_acyclic_indvary1_step7_batch_yyy04.pl,b6,no,0.43,no,corr,None,None,None,None
1640,exp_acyclic_indvary1_step7_batch_yyy04.pl,p6,yes,0.47,yes,corr,None,None,None,None
1641,exp_acyclic_indvary1_step7_batch_yyy05.pl,d4,no,0.38,no,corr,None,None,None,None
1642,exp_acyclic_indvary1_step7_batch_yyy05.pl,y3,no,0.37,no,corr,None,None,None,None
1643,exp_acyclic_indvary1_step7_batch_yyy05.pl,s6,no,0.69,no,corr,None,None,None,None
1644,exp_acyclic_indvary1_step7_batch_yyy05.pl,u3,no,0.53,no,corr,None,None,None,None
1645,exp_acyclic_indvary1_step7_batch_yyy05.pl,f4,no,0.43,no,corr,None,None,None,None
1646,exp_acyclic_indvary1_step7_batch_yyy05.pl,e2,no,0.52,no,corr,None,None,None,None
1647,exp_acyclic_indvary1_step7_batch_yyy05.pl,w3,no,0.46,no,corr,None,None,None,None
1648,exp_acyclic_indvary1_step7_batch_yyy05.pl,q2,no,0.39,no,corr,None,None,None,None
1649,exp_acyclic_indvary1_step7_batch_yyy05.pl,c5,no,0.37,no,corr,None,None,None,None
1650,exp_acyclic_indvary1_step7_batch_yyy05.pl,a5,no,0.41,no,corr,None,None,None,None
1651,exp_acyclic_indvary1_step7_batch_yyy06.pl,d5,no,0.4,no,corr,None,None,None,None
1652,exp_acyclic_indvary1_step7_batch_yyy06.pl,t4,no,0.32,no,corr,None,None,None,None
1653,exp_acyclic_indvary1_step7_batch_yyy06.pl,e1,no,0.57,no,corr,None,None,None,None
1654,exp_acyclic_indvary1_step7_batch_yyy06.pl,x3,no,0.36,no,corr,None,None,None,None
1655,exp_acyclic_indvary1_step7_batch_yyy06.pl,u4,no,0.3,no,corr,None,None,None,None
1656,exp_acyclic_indvary1_step7_batch_yyy06.pl,r1,no,0.27,no,corr,None,None,None,None
1657,exp_acyclic_indvary1_step7_batch_yyy06.pl,b6,no,0.3,no,corr,None,None,None,None
1658,exp_acyclic_indvary1_step7_batch_yyy06.pl,v3,yes,0.46,yes,corr,None,None,None,None
1659,exp_acyclic_indvary1_step7_batch_yyy06.pl,y6,no,0.28,no,corr,None,None,None,None
1660,exp_acyclic_indvary1_step7_batch_yyy06.pl,x4,no,0.58,no,corr,None,None,None,None
1661,exp_acyclic_indvary1_step7_batch_yyy07.pl,p4,no,0.45,no,corr,None,None,None,None
1662,exp_acyclic_indvary1_step7_batch_yyy07.pl,z1,no,0.36,no,corr,None,None,None,None
1663,exp_acyclic_indvary1_step7_batch_yyy07.pl,z4,yes,0.43,yes,corr,None,None,None,None
1664,exp_acyclic_indvary1_step7_batch_yyy07.pl,p2,no,0.36,no,corr,None,None,None,None
1665,exp_acyclic_indvary1_step7_batch_yyy07.pl,y2,no,0.43,no,corr,None,None,None,None
1666,exp_acyclic_indvary1_step7_batch_yyy07.pl,b5,no,0.45,no,corr,None,None,None,None
1667,exp_acyclic_indvary1_step7_batch_yyy07.pl,z2,no,0.27,no,corr,None,None,None,None
1668,exp_acyclic_indvary1_step7_batch_yyy07.pl,s6,no,0.27,no,corr,None,None,None,None
1669,exp_acyclic_indvary1_step7_batch_yyy07.pl,v4,no,0.4,no,corr,None,None,None,None
1670,exp_acyclic_indvary1_step7_batch_yyy07.pl,r4,no,0.3,no,corr,None,None,None,None
1671,exp_acyclic_indvary1_step7_batch_yyy08.pl,c4,no,0.35,no,corr,None,None,None,None
1672,exp_acyclic_indvary1_step7_batch_yyy08.pl,y4,no,0.28,no,corr,None,None,None,None
1673,exp_acyclic_indvary1_step7_batch_yyy08.pl,w5,no,0.52,no,corr,None,None,None,None
1674,exp_acyclic_indvary1_step7_batch_yyy08.pl,q5,no,0.41,no,corr,None,None,None,None
1675,exp_acyclic_indvary1_step7_batch_yyy08.pl,a5,no,0.35,no,corr,None,None,None,None
1676,exp_acyclic_indvary1_step7_batch_yyy08.pl,p3,no,0.28,no,corr,None,None,None,None
1677,exp_acyclic_indvary1_step7_batch_yyy08.pl,c1,no,0.57,no,corr,None,None,None,None
1678,exp_acyclic_indvary1_step7_batch_yyy08.pl,a3,yes,0.45,yes,corr,None,None,None,None
1679,exp_acyclic_indvary1_step7_batch_yyy08.pl,y5,no,0.29,no,corr,None,None,None,None
1680,exp_acyclic_indvary1_step7_batch_yyy08.pl,y6,no,0.91,no,corr,None,None,None,None
1681,exp_acyclic_indvary1_step7_batch_yyy09.pl,e1,no,0.51,no,corr,None,None,None,None
1682,exp_acyclic_indvary1_step7_batch_yyy09.pl,p2,no,0.66,no,corr,None,None,None,None
1683,exp_acyclic_indvary1_step7_batch_yyy09.pl,a1,yes,0.48,yes,corr,None,None,None,None
1684,exp_acyclic_indvary1_step7_batch_yyy09.pl,q2,yes,0.55,yes,corr,None,None,None,None
1685,exp_acyclic_indvary1_step7_batch_yyy09.pl,s2,no,0.24,no,corr,None,None,None,None
1686,exp_acyclic_indvary1_step7_batch_yyy09.pl,z1,no,0.33,no,corr,None,None,None,None
1687,exp_acyclic_indvary1_step7_batch_yyy09.pl,f4,no,0.68,no,corr,None,None,None,None
1688,exp_acyclic_indvary1_step7_batch_yyy09.pl,a3,yes,0.27,yes,corr,None,None,None,None
1689,exp_acyclic_indvary1_step7_batch_yyy09.pl,r3,yes,0.44,yes,corr,None,None,None,None
1690,exp_acyclic_indvary1_step7_batch_yyy09.pl,t1,no,0.56,no,corr,None,None,None,None
1691,exp_acyclic_indvary1_step7_batch_yyy10.pl,e5,no,0.49,no,corr,None,None,None,None
1692,exp_acyclic_indvary1_step7_batch_yyy10.pl,c2,yes,0.5,yes,corr,None,None,None,None
1693,exp_acyclic_indvary1_step7_batch_yyy10.pl,v1,no,0.26,no,corr,None,None,None,None
1694,exp_acyclic_indvary1_step7_batch_yyy10.pl,r2,no,0.27,no,corr,None,None,None,None
1695,exp_acyclic_indvary1_step7_batch_yyy10.pl,y5,no,0.33,no,corr,None,None,None,None
1696,exp_acyclic_indvary1_step7_batch_yyy10.pl,q2,no,0.84,no,corr,None,None,None,None
1697,exp_acyclic_indvary1_step7_batch_yyy10.pl,a4,no,0.44,no,corr,None,None,None,None
1698,exp_acyclic_indvary1_step7_batch_yyy10.pl,f5,no,0.29,no,corr,None,None,None,None
1699,exp_acyclic_indvary1_step7_batch_yyy10.pl,y1,yes,0.35,yes,corr,None,None,None,None
1700,exp_acyclic_indvary1_step7_batch_yyy10.pl,s1,no,0.43,no,corr,None,None,None,None
1701,exp_acyclic_indvary1_step8_batch_yyy01.pl,u5,no,0.4,no,corr,None,None,None,None
1702,exp_acyclic_indvary1_step8_batch_yyy01.pl,b3,yes,0.4,yes,corr,None,None,None,None
1703,exp_acyclic_indvary1_step8_batch_yyy01.pl,z2,no,0.28,no,corr,None,None,None,None
1704,exp_acyclic_indvary1_step8_batch_yyy01.pl,y6,no,0.39,no,corr,None,None,None,None
1705,exp_acyclic_indvary1_step8_batch_yyy01.pl,a2,yes,0.28,yes,corr,None,None,None,None
1706,exp_acyclic_indvary1_step8_batch_yyy01.pl,z1,yes,0.28,yes,corr,None,None,None,None
1707,exp_acyclic_indvary1_step8_batch_yyy01.pl,t6,no,0.55,no,corr,None,None,None,None
1708,exp_acyclic_indvary1_step8_batch_yyy01.pl,d1,yes,0.36,yes,corr,None,None,None,None
1709,exp_acyclic_indvary1_step8_batch_yyy01.pl,u2,no,0.4,no,corr,None,None,None,None
1710,exp_acyclic_indvary1_step8_batch_yyy01.pl,t1,no,0.35,no,corr,None,None,None,None
1711,exp_acyclic_indvary1_step8_batch_yyy02.pl,t4,yes,0.78,yes,corr,None,None,None,None
1712,exp_acyclic_indvary1_step8_batch_yyy02.pl,z5,yes,0.51,yes,corr,None,None,None,None
1713,exp_acyclic_indvary1_step8_batch_yyy02.pl,w2,no,0.22,no,corr,None,None,None,None
1714,exp_acyclic_indvary1_step8_batch_yyy02.pl,s2,yes,0.7,yes,corr,None,None,None,None
1715,exp_acyclic_indvary1_step8_batch_yyy02.pl,v4,yes,0.36,yes,corr,None,None,None,None
1716,exp_acyclic_indvary1_step8_batch_yyy02.pl,z3,no,0.25,no,corr,None,None,None,None
1717,exp_acyclic_indvary1_step8_batch_yyy02.pl,q1,no,0.37,no,corr,None,None,None,None
1718,exp_acyclic_indvary1_step8_batch_yyy02.pl,f2,no,0.38,no,corr,None,None,None,None
1719,exp_acyclic_indvary1_step8_batch_yyy02.pl,s4,no,0.31,no,corr,None,None,None,None
1720,exp_acyclic_indvary1_step8_batch_yyy02.pl,y4,no,0.33,no,corr,None,None,None,None
1721,exp_acyclic_indvary1_step8_batch_yyy03.pl,x7,no,0.32,no,corr,None,None,None,None
1722,exp_acyclic_indvary1_step8_batch_yyy03.pl,a4,no,0.36,no,corr,None,None,None,None
1723,exp_acyclic_indvary1_step8_batch_yyy03.pl,w1,yes,0.46,yes,corr,None,None,None,None
1724,exp_acyclic_indvary1_step8_batch_yyy03.pl,u3,yes,0.69,yes,corr,None,None,None,None
1725,exp_acyclic_indvary1_step8_batch_yyy03.pl,r1,no,0.29,no,corr,None,None,None,None
1726,exp_acyclic_indvary1_step8_batch_yyy03.pl,x4,no,0.27,no,corr,None,None,None,None
1727,exp_acyclic_indvary1_step8_batch_yyy03.pl,f2,yes,0.27,yes,corr,None,None,None,None
1728,exp_acyclic_indvary1_step8_batch_yyy03.pl,c1,yes,0.36,yes,corr,None,None,None,None
1729,exp_acyclic_indvary1_step8_batch_yyy03.pl,s6,no,0.49,no,corr,None,None,None,None
1730,exp_acyclic_indvary1_step8_batch_yyy03.pl,b5,no,0.29,no,corr,None,None,None,None
1731,exp_acyclic_indvary1_step8_batch_yyy04.pl,t5,no,0.39,no,corr,None,None,None,None
1732,exp_acyclic_indvary1_step8_batch_yyy04.pl,f1,yes,0.57,yes,corr,None,None,None,None
1733,exp_acyclic_indvary1_step8_batch_yyy04.pl,t3,no,0.32,no,corr,None,None,None,None
1734,exp_acyclic_indvary1_step8_batch_yyy04.pl,s2,no,0.33,no,corr,None,None,None,None
1735,exp_acyclic_indvary1_step8_batch_yyy04.pl,c6,no,0.36,no,corr,None,None,None,None
1736,exp_acyclic_indvary1_step8_batch_yyy04.pl,y6,no,0.44,no,corr,None,None,None,None
1737,exp_acyclic_indvary1_step8_batch_yyy04.pl,v2,no,0.49,no,corr,None,None,None,None
1738,exp_acyclic_indvary1_step8_batch_yyy04.pl,q6,yes,0.32,yes,corr,None,None,None,None
1739,exp_acyclic_indvary1_step8_batch_yyy04.pl,a4,no,0.36,no,corr,None,None,None,None
1740,exp_acyclic_indvary1_step8_batch_yyy04.pl,w6,no,0.44,no,corr,None,None,None,None
1741,exp_acyclic_indvary1_step8_batch_yyy05.pl,u5,no,0.46,no,corr,None,None,None,None
1742,exp_acyclic_indvary1_step8_batch_yyy05.pl,x2,no,0.31,no,corr,None,None,None,None
1743,exp_acyclic_indvary1_step8_batch_yyy05.pl,x1,no,0.47,no,corr,None,None,None,None
1744,exp_acyclic_indvary1_step8_batch_yyy05.pl,r2,no,0.4,no,corr,None,None,None,None
1745,exp_acyclic_indvary1_step8_batch_yyy05.pl,s4,no,0.49,no,corr,None,None,None,None
1746,exp_acyclic_indvary1_step8_batch_yyy05.pl,w7,yes,0.36,yes,corr,None,None,None,None
1747,exp_acyclic_indvary1_step8_batch_yyy05.pl,z4,no,0.23,no,corr,None,None,None,None
1748,exp_acyclic_indvary1_step8_batch_yyy05.pl,r5,no,0.22,no,corr,None,None,None,None
1749,exp_acyclic_indvary1_step8_batch_yyy05.pl,t7,no,0.24,no,corr,None,None,None,None
1750,exp_acyclic_indvary1_step8_batch_yyy05.pl,c6,no,0.26,no,corr,None,None,None,None
1751,exp_acyclic_indvary1_step8_batch_yyy06.pl,c3,yes,0.22,yes,corr,None,None,None,None
1752,exp_acyclic_indvary1_step8_batch_yyy06.pl,v6,no,0.32,no,corr,None,None,None,None
1753,exp_acyclic_indvary1_step8_batch_yyy06.pl,w5,no,0.27,no,corr,None,None,None,None
1754,exp_acyclic_indvary1_step8_batch_yyy06.pl,x2,yes,0.58,yes,corr,None,None,None,None
1755,exp_acyclic_indvary1_step8_batch_yyy06.pl,x6,no,0.35,no,corr,None,None,None,None
1756,exp_acyclic_indvary1_step8_batch_yyy06.pl,v3,no,0.37,no,corr,None,None,None,None
1757,exp_acyclic_indvary1_step8_batch_yyy06.pl,d1,no,0.83,no,corr,None,None,None,None
1758,exp_acyclic_indvary1_step8_batch_yyy06.pl,q7,no,0.35,no,corr,None,None,None,None
1759,exp_acyclic_indvary1_step8_batch_yyy06.pl,z5,no,0.27,no,corr,None,None,None,None
1760,exp_acyclic_indvary1_step8_batch_yyy06.pl,v2,no,0.33,no,corr,None,None,None,None
1761,exp_acyclic_indvary1_step8_batch_yyy07.pl,p5,no,0.4,no,corr,None,None,None,None
1762,exp_acyclic_indvary1_step8_batch_yyy07.pl,r6,yes,0.51,yes,corr,None,None,None,None
1763,exp_acyclic_indvary1_step8_batch_yyy07.pl,s2,yes,0.28,yes,corr,None,None,None,None
1764,exp_acyclic_indvary1_step8_batch_yyy07.pl,v1,no,0.37,no,corr,None,None,None,None
1765,exp_acyclic_indvary1_step8_batch_yyy07.pl,f3,no,0.34,no,corr,None,None,None,None
1766,exp_acyclic_indvary1_step8_batch_yyy07.pl,e3,no,0.33,no,corr,None,None,None,None
1767,exp_acyclic_indvary1_step8_batch_yyy07.pl,q7,no,0.46,no,corr,None,None,None,None
1768,exp_acyclic_indvary1_step8_batch_yyy07.pl,f2,yes,0.44,yes,corr,None,None,None,None
1769,exp_acyclic_indvary1_step8_batch_yyy07.pl,c3,yes,0.33,yes,corr,None,None,None,None
1770,exp_acyclic_indvary1_step8_batch_yyy07.pl,c4,no,0.34,no,corr,None,None,None,None
1771,exp_acyclic_indvary1_step8_batch_yyy08.pl,e5,no,0.46,no,corr,None,None,None,None
1772,exp_acyclic_indvary1_step8_batch_yyy08.pl,u4,no,0.55,no,corr,None,None,None,None
1773,exp_acyclic_indvary1_step8_batch_yyy08.pl,w5,no,0.24,no,corr,None,None,None,None
1774,exp_acyclic_indvary1_step8_batch_yyy08.pl,c2,yes,0.51,yes,corr,None,None,None,None
1775,exp_acyclic_indvary1_step8_batch_yyy08.pl,q4,no,0.31,no,corr,None,None,None,None
1776,exp_acyclic_indvary1_step8_batch_yyy08.pl,f5,no,0.27,no,corr,None,None,None,None
1777,exp_acyclic_indvary1_step8_batch_yyy08.pl,r4,yes,0.63,yes,corr,None,None,None,None
1778,exp_acyclic_indvary1_step8_batch_yyy08.pl,z3,no,0.23,no,corr,None,None,None,None
1779,exp_acyclic_indvary1_step8_batch_yyy08.pl,y2,no,1.23,no,corr,None,None,None,None
1780,exp_acyclic_indvary1_step8_batch_yyy08.pl,q1,no,0.34,no,corr,None,None,None,None
1781,exp_acyclic_indvary1_step8_batch_yyy09.pl,c4,no,0.31,no,corr,None,None,None,None
1782,exp_acyclic_indvary1_step8_batch_yyy09.pl,s4,no,0.41,no,corr,None,None,None,None
1783,exp_acyclic_indvary1_step8_batch_yyy09.pl,e1,yes,0.33,yes,corr,None,None,None,None
1784,exp_acyclic_indvary1_step8_batch_yyy09.pl,e5,no,0.55,no,corr,None,None,None,None
1785,exp_acyclic_indvary1_step8_batch_yyy09.pl,d3,no,0.26,no,corr,None,None,None,None
1786,exp_acyclic_indvary1_step8_batch_yyy09.pl,a4,no,0.39,no,corr,None,None,None,None
1787,exp_acyclic_indvary1_step8_batch_yyy09.pl,x5,no,0.27,no,corr,None,None,None,None
1788,exp_acyclic_indvary1_step8_batch_yyy09.pl,w3,no,0.38,no,corr,None,None,None,None
1789,exp_acyclic_indvary1_step8_batch_yyy09.pl,s2,no,0.34,no,corr,None,None,None,None
1790,exp_acyclic_indvary1_step8_batch_yyy09.pl,z1,no,1.84,no,corr,None,None,None,None
1791,exp_acyclic_indvary1_step8_batch_yyy10.pl,p4,no,0.46,no,corr,None,None,None,None
1792,exp_acyclic_indvary1_step8_batch_yyy10.pl,b4,no,0.25,no,corr,None,None,None,None
1793,exp_acyclic_indvary1_step8_batch_yyy10.pl,c5,no,0.39,no,corr,None,None,None,None
1794,exp_acyclic_indvary1_step8_batch_yyy10.pl,t2,no,4.03,no,corr,None,None,None,None
1795,exp_acyclic_indvary1_step8_batch_yyy10.pl,u3,yes,1.5,yes,corr,None,None,None,None
1796,exp_acyclic_indvary1_step8_batch_yyy10.pl,r7,no,0.44,no,corr,None,None,None,None
1797,exp_acyclic_indvary1_step8_batch_yyy10.pl,q7,no,0.32,no,corr,None,None,None,None
1798,exp_acyclic_indvary1_step8_batch_yyy10.pl,a2,yes,0.35,yes,corr,None,None,None,None
1799,exp_acyclic_indvary1_step8_batch_yyy10.pl,u5,no,0.4,no,corr,None,None,None,None
1800,exp_acyclic_indvary1_step8_batch_yyy10.pl,d5,no,0.53,no,corr,None,None,None,None
1801,exp_acyclic_indvary2_step1_batch_yyy01.pl,d5,no,0.42,no,corr,None,None,None,None
1802,exp_acyclic_indvary2_step1_batch_yyy01.pl,c4,no,0.33,no,corr,None,None,None,None
1803,exp_acyclic_indvary2_step1_batch_yyy01.pl,t3,no,0.32,no,corr,None,None,None,None
1804,exp_acyclic_indvary2_step1_batch_yyy01.pl,t6,no,0.26,no,corr,None,None,None,None
1805,exp_acyclic_indvary2_step1_batch_yyy01.pl,p1,yes,0.89,yes,corr,None,None,None,None
1806,exp_acyclic_indvary2_step1_batch_yyy01.pl,x4,no,0.38,no,corr,None,None,None,None
1807,exp_acyclic_indvary2_step1_batch_yyy01.pl,p4,no,0.3,no,corr,None,None,None,None
1808,exp_acyclic_indvary2_step1_batch_yyy01.pl,x3,no,0.4,no,corr,None,None,None,None
1809,exp_acyclic_indvary2_step1_batch_yyy01.pl,t2,yes,0.73,yes,corr,None,None,None,None
1810,exp_acyclic_indvary2_step1_batch_yyy01.pl,b5,no,0.24,no,corr,None,None,None,None
1811,exp_acyclic_indvary2_step1_batch_yyy02.pl,d5,no,0.24,no,corr,None,None,None,None
1812,exp_acyclic_indvary2_step1_batch_yyy02.pl,s3,no,0.31,no,corr,None,None,None,None
1813,exp_acyclic_indvary2_step1_batch_yyy02.pl,b3,no,2.03,no,corr,None,None,None,None
1814,exp_acyclic_indvary2_step1_batch_yyy02.pl,p5,no,0.23,no,corr,None,None,None,None
1815,exp_acyclic_indvary2_step1_batch_yyy02.pl,x7,no,0.44,no,corr,None,None,None,None
1816,exp_acyclic_indvary2_step1_batch_yyy02.pl,r4,no,0.39,no,corr,None,None,None,None
1817,exp_acyclic_indvary2_step1_batch_yyy02.pl,z3,no,0.25,no,corr,None,None,None,None
1818,exp_acyclic_indvary2_step1_batch_yyy02.pl,w3,no,0.24,no,corr,None,None,None,None
1819,exp_acyclic_indvary2_step1_batch_yyy02.pl,u2,yes,0.41,yes,corr,None,None,None,None
1820,exp_acyclic_indvary2_step1_batch_yyy02.pl,t1,yes,2.59,yes,corr,None,None,None,None
1821,exp_acyclic_indvary2_step1_batch_yyy03.pl,u6,no,0.37,no,corr,None,None,None,None
1822,exp_acyclic_indvary2_step1_batch_yyy03.pl,t5,no,0.28,no,corr,None,None,None,None
1823,exp_acyclic_indvary2_step1_batch_yyy03.pl,y4,no,0.34,no,corr,None,None,None,None
1824,exp_acyclic_indvary2_step1_batch_yyy03.pl,s5,no,0.33,no,corr,None,None,None,None
1825,exp_acyclic_indvary2_step1_batch_yyy03.pl,c5,no,0.25,no,corr,None,None,None,None
1826,exp_acyclic_indvary2_step1_batch_yyy03.pl,e4,no,0.29,no,corr,None,None,None,None
1827,exp_acyclic_indvary2_step1_batch_yyy03.pl,v4,no,0.33,no,corr,None,None,None,None
1828,exp_acyclic_indvary2_step1_batch_yyy03.pl,v6,no,0.26,no,corr,None,None,None,None
1829,exp_acyclic_indvary2_step1_batch_yyy03.pl,u1,no,0.27,no,corr,None,None,None,None
1830,exp_acyclic_indvary2_step1_batch_yyy03.pl,f1,yes,0.37,yes,corr,None,None,None,None
1831,exp_acyclic_indvary2_step1_batch_yyy04.pl,c3,no,0.41,no,corr,None,None,None,None
1832,exp_acyclic_indvary2_step1_batch_yyy04.pl,q6,no,0.32,no,corr,None,None,None,None
1833,exp_acyclic_indvary2_step1_batch_yyy04.pl,x3,no,0.29,no,corr,None,None,None,None
1834,exp_acyclic_indvary2_step1_batch_yyy04.pl,c5,no,0.42,no,corr,None,None,None,None
1835,exp_acyclic_indvary2_step1_batch_yyy04.pl,q4,no,0.4,no,corr,None,None,None,None
1836,exp_acyclic_indvary2_step1_batch_yyy04.pl,v4,no,0.26,no,corr,None,None,None,None
1837,exp_acyclic_indvary2_step1_batch_yyy04.pl,y2,no,0.4,no,corr,None,None,None,None
1838,exp_acyclic_indvary2_step1_batch_yyy04.pl,r7,no,0.32,no,corr,None,None,None,None
1839,exp_acyclic_indvary2_step1_batch_yyy04.pl,q7,no,0.28,no,corr,None,None,None,None
1840,exp_acyclic_indvary2_step1_batch_yyy04.pl,x4,no,0.23,no,corr,None,None,None,None
1841,exp_acyclic_indvary2_step1_batch_yyy05.pl,s3,no,0.27,no,corr,None,None,None,None
1842,exp_acyclic_indvary2_step1_batch_yyy05.pl,y4,no,0.22,no,corr,None,None,None,None
1843,exp_acyclic_indvary2_step1_batch_yyy05.pl,v2,yes,0.35,yes,corr,None,None,None,None
1844,exp_acyclic_indvary2_step1_batch_yyy05.pl,u7,no,0.4,no,corr,None,None,None,None
1845,exp_acyclic_indvary2_step1_batch_yyy05.pl,x7,no,0.38,no,corr,None,None,None,None
1846,exp_acyclic_indvary2_step1_batch_yyy05.pl,x2,yes,0.32,yes,corr,None,None,None,None
1847,exp_acyclic_indvary2_step1_batch_yyy05.pl,r5,no,0.38,no,corr,None,None,None,None
1848,exp_acyclic_indvary2_step1_batch_yyy05.pl,a2,no,0.32,no,corr,None,None,None,None
1849,exp_acyclic_indvary2_step1_batch_yyy05.pl,s2,no,3.26,no,corr,None,None,None,None
1850,exp_acyclic_indvary2_step1_batch_yyy05.pl,b1,no,1.52,no,corr,None,None,None,None
1851,exp_acyclic_indvary2_step1_batch_yyy06.pl,q5,no,0.28,no,corr,None,None,None,None
1852,exp_acyclic_indvary2_step1_batch_yyy06.pl,c2,yes,1.43,yes,corr,None,None,None,None
1853,exp_acyclic_indvary2_step1_batch_yyy06.pl,y3,no,0.29,no,corr,None,None,None,None
1854,exp_acyclic_indvary2_step1_batch_yyy06.pl,t2,no,1.91,no,corr,None,None,None,None
1855,exp_acyclic_indvary2_step1_batch_yyy06.pl,u3,no,0.24,no,corr,None,None,None,None
1856,exp_acyclic_indvary2_step1_batch_yyy06.pl,s1,yes,0.37,yes,corr,None,None,None,None
1857,exp_acyclic_indvary2_step1_batch_yyy06.pl,z3,no,0.27,no,corr,None,None,None,None
1858,exp_acyclic_indvary2_step1_batch_yyy06.pl,r7,no,0.34,no,corr,None,None,None,None
1859,exp_acyclic_indvary2_step1_batch_yyy06.pl,y4,no,0.31,no,corr,None,None,None,None
1860,exp_acyclic_indvary2_step1_batch_yyy06.pl,v7,no,0.48,no,corr,None,None,None,None
1861,exp_acyclic_indvary2_step1_batch_yyy07.pl,d5,no,0.31,no,corr,None,None,None,None
1862,exp_acyclic_indvary2_step1_batch_yyy07.pl,a6,no,0.27,no,corr,None,None,None,None
1863,exp_acyclic_indvary2_step1_batch_yyy07.pl,e1,yes,0.28,yes,corr,None,None,None,None
1864,exp_acyclic_indvary2_step1_batch_yyy07.pl,c5,no,0.25,no,corr,None,None,None,None
1865,exp_acyclic_indvary2_step1_batch_yyy07.pl,y3,no,0.29,no,corr,None,None,None,None
1866,exp_acyclic_indvary2_step1_batch_yyy07.pl,w4,no,0.27,no,corr,None,None,None,None
1867,exp_acyclic_indvary2_step1_batch_yyy07.pl,q1,no,0.41,no,corr,None,None,None,None
1868,exp_acyclic_indvary2_step1_batch_yyy07.pl,w3,no,0.38,no,corr,None,None,None,None
1869,exp_acyclic_indvary2_step1_batch_yyy07.pl,c3,yes,0.69,yes,corr,None,None,None,None
1870,exp_acyclic_indvary2_step1_batch_yyy07.pl,t4,no,0.34,no,corr,None,None,None,None
1871,exp_acyclic_indvary2_step1_batch_yyy08.pl,w2,no,8.29,no,corr,None,None,None,None
1872,exp_acyclic_indvary2_step1_batch_yyy08.pl,s2,yes,0.33,yes,corr,None,None,None,None
1873,exp_acyclic_indvary2_step1_batch_yyy08.pl,y5,no,0.37,no,corr,None,None,None,None
1874,exp_acyclic_indvary2_step1_batch_yyy08.pl,a6,no,0.46,no,corr,None,None,None,None
1875,exp_acyclic_indvary2_step1_batch_yyy08.pl,b3,yes,0.97,yes,corr,None,None,None,None
1876,exp_acyclic_indvary2_step1_batch_yyy08.pl,y4,no,0.19,no,corr,None,None,None,None
1877,exp_acyclic_indvary2_step1_batch_yyy08.pl,z4,no,0.28,no,corr,None,None,None,None
1878,exp_acyclic_indvary2_step1_batch_yyy08.pl,r5,no,0.3,no,corr,None,None,None,None
1879,exp_acyclic_indvary2_step1_batch_yyy08.pl,r2,yes,0.27,yes,corr,None,None,None,None
1880,exp_acyclic_indvary2_step1_batch_yyy08.pl,a1,yes,0.51,yes,corr,None,None,None,None
1881,exp_acyclic_indvary2_step1_batch_yyy09.pl,z6,no,0.31,no,corr,None,None,None,None
1882,exp_acyclic_indvary2_step1_batch_yyy09.pl,t3,no,0.24,no,corr,None,None,None,None
1883,exp_acyclic_indvary2_step1_batch_yyy09.pl,u5,no,0.22,no,corr,None,None,None,None
1884,exp_acyclic_indvary2_step1_batch_yyy09.pl,d5,no,0.42,no,corr,None,None,None,None
1885,exp_acyclic_indvary2_step1_batch_yyy09.pl,w2,no,0.22,no,corr,None,None,None,None
1886,exp_acyclic_indvary2_step1_batch_yyy09.pl,e5,no,0.36,no,corr,None,None,None,None
1887,exp_acyclic_indvary2_step1_batch_yyy09.pl,b6,no,0.19,no,corr,None,None,None,None
1888,exp_acyclic_indvary2_step1_batch_yyy09.pl,a1,yes,0.4,yes,corr,None,None,None,None
1889,exp_acyclic_indvary2_step1_batch_yyy09.pl,u2,yes,0.24,yes,corr,None,None,None,None
1890,exp_acyclic_indvary2_step1_batch_yyy09.pl,q1,no,0.5,no,corr,None,None,None,None
1891,exp_acyclic_indvary2_step1_batch_yyy10.pl,w7,no,0.32,no,corr,None,None,None,None
1892,exp_acyclic_indvary2_step1_batch_yyy10.pl,f1,yes,0.94,yes,corr,None,None,None,None
1893,exp_acyclic_indvary2_step1_batch_yyy10.pl,d3,no,0.26,no,corr,None,None,None,None
1894,exp_acyclic_indvary2_step1_batch_yyy10.pl,u7,no,0.33,no,corr,None,None,None,None
1895,exp_acyclic_indvary2_step1_batch_yyy10.pl,x2,yes,0.27,yes,corr,None,None,None,None
1896,exp_acyclic_indvary2_step1_batch_yyy10.pl,u3,no,0.27,no,corr,None,None,None,None
1897,exp_acyclic_indvary2_step1_batch_yyy10.pl,r7,no,0.26,no,corr,None,None,None,None
1898,exp_acyclic_indvary2_step1_batch_yyy10.pl,y5,no,0.24,no,corr,None,None,None,None
1899,exp_acyclic_indvary2_step1_batch_yyy10.pl,c1,yes,0.34,yes,corr,None,None,None,None
1900,exp_acyclic_indvary2_step1_batch_yyy10.pl,z2,yes,0.33,yes,corr,None,None,None,None
1901,exp_acyclic_indvary2_step2_batch_yyy01.pl,u6,no,0.28,no,corr,None,None,None,None
1902,exp_acyclic_indvary2_step2_batch_yyy01.pl,t4,no,0.28,no,corr,None,None,None,None
1903,exp_acyclic_indvary2_step2_batch_yyy01.pl,b2,yes,0.22,yes,corr,None,None,None,None
1904,exp_acyclic_indvary2_step2_batch_yyy01.pl,y4,no,0.54,no,corr,None,None,None,None
1905,exp_acyclic_indvary2_step2_batch_yyy01.pl,p3,no,0.27,no,corr,None,None,None,None
1906,exp_acyclic_indvary2_step2_batch_yyy01.pl,f3,no,0.3,no,corr,None,None,None,None
1907,exp_acyclic_indvary2_step2_batch_yyy01.pl,u2,no,0.49,no,corr,None,None,None,None
1908,exp_acyclic_indvary2_step2_batch_yyy01.pl,r2,yes,0.69,yes,corr,None,None,None,None
1909,exp_acyclic_indvary2_step2_batch_yyy01.pl,r7,no,0.21,no,corr,None,None,None,None
1910,exp_acyclic_indvary2_step2_batch_yyy01.pl,a1,yes,1.19,yes,corr,None,None,None,None
1911,exp_acyclic_indvary2_step2_batch_yyy02.pl,v2,yes,0.36,yes,corr,None,None,None,None
1912,exp_acyclic_indvary2_step2_batch_yyy02.pl,x7,no,0.36,no,corr,None,None,None,None
1913,exp_acyclic_indvary2_step2_batch_yyy02.pl,z4,no,0.38,no,corr,None,None,None,None
1914,exp_acyclic_indvary2_step2_batch_yyy02.pl,q1,yes,0.4,yes,corr,None,None,None,None
1915,exp_acyclic_indvary2_step2_batch_yyy02.pl,p4,no,0.29,no,corr,None,None,None,None
1916,exp_acyclic_indvary2_step2_batch_yyy02.pl,x3,no,0.33,no,corr,None,None,None,None
1917,exp_acyclic_indvary2_step2_batch_yyy02.pl,v6,no,0.46,no,corr,None,None,None,None
1918,exp_acyclic_indvary2_step2_batch_yyy02.pl,f1,no,0.35,no,corr,None,None,None,None
1919,exp_acyclic_indvary2_step2_batch_yyy02.pl,x4,no,0.27,no,corr,None,None,None,None
1920,exp_acyclic_indvary2_step2_batch_yyy02.pl,w3,no,0.25,no,corr,None,None,None,None
1921,exp_acyclic_indvary2_step2_batch_yyy03.pl,d5,no,0.25,no,corr,None,None,None,None
1922,exp_acyclic_indvary2_step2_batch_yyy03.pl,y4,no,0.26,no,corr,None,None,None,None
1923,exp_acyclic_indvary2_step2_batch_yyy03.pl,p4,no,0.21,no,corr,None,None,None,None
1924,exp_acyclic_indvary2_step2_batch_yyy03.pl,z1,yes,0.31,yes,corr,None,None,None,None
1925,exp_acyclic_indvary2_step2_batch_yyy03.pl,w6,no,0.27,no,corr,None,None,None,None
1926,exp_acyclic_indvary2_step2_batch_yyy03.pl,c6,no,0.32,no,corr,None,None,None,None
1927,exp_acyclic_indvary2_step2_batch_yyy03.pl,f4,no,0.25,no,corr,None,None,None,None
1928,exp_acyclic_indvary2_step2_batch_yyy03.pl,r3,yes,0.34,yes,corr,None,None,None,None
1929,exp_acyclic_indvary2_step2_batch_yyy03.pl,q7,no,0.3,no,corr,None,None,None,None
1930,exp_acyclic_indvary2_step2_batch_yyy03.pl,f2,no,1.66,no,corr,None,None,None,None
1931,exp_acyclic_indvary2_step2_batch_yyy04.pl,t4,no,0.25,no,corr,None,None,None,None
1932,exp_acyclic_indvary2_step2_batch_yyy04.pl,b2,no,7.9,no,corr,None,None,None,None
1933,exp_acyclic_indvary2_step2_batch_yyy04.pl,y4,no,0.27,no,corr,None,None,None,None
1934,exp_acyclic_indvary2_step2_batch_yyy04.pl,f1,yes,5.66,yes,corr,None,None,None,None
1935,exp_acyclic_indvary2_step2_batch_yyy04.pl,v5,no,0.25,no,corr,None,None,None,None
1936,exp_acyclic_indvary2_step2_batch_yyy04.pl,c2,no,0.35,no,corr,None,None,None,None
1937,exp_acyclic_indvary2_step2_batch_yyy04.pl,e4,no,0.35,no,corr,None,None,None,None
1938,exp_acyclic_indvary2_step2_batch_yyy04.pl,t7,no,0.35,no,corr,None,None,None,None
1939,exp_acyclic_indvary2_step2_batch_yyy04.pl,p2,no,0.27,no,corr,None,None,None,None
1940,exp_acyclic_indvary2_step2_batch_yyy04.pl,a3,yes,12.38,yes,corr,None,None,None,None
1941,exp_acyclic_indvary2_step2_batch_yyy05.pl,t4,no,0.3,no,corr,None,None,None,None
1942,exp_acyclic_indvary2_step2_batch_yyy05.pl,z6,no,0.24,no,corr,None,None,None,None
1943,exp_acyclic_indvary2_step2_batch_yyy05.pl,f1,yes,0.32,yes,corr,None,None,None,None
1944,exp_acyclic_indvary2_step2_batch_yyy05.pl,v5,no,0.2,no,corr,None,None,None,None
1945,exp_acyclic_indvary2_step2_batch_yyy05.pl,w1,no,0.19,no,corr,None,None,None,None
1946,exp_acyclic_indvary2_step2_batch_yyy05.pl,e3,no,0.3,no,corr,None,None,None,None
1947,exp_acyclic_indvary2_step2_batch_yyy05.pl,e2,no,1.43,no,corr,None,None,None,None
1948,exp_acyclic_indvary2_step2_batch_yyy05.pl,q7,no,0.17,no,corr,None,None,None,None
1949,exp_acyclic_indvary2_step2_batch_yyy05.pl,b3,yes,0.35,yes,corr,None,None,None,None
1950,exp_acyclic_indvary2_step2_batch_yyy05.pl,v7,no,0.44,no,corr,None,None,None,None
1951,exp_acyclic_indvary2_step2_batch_yyy06.pl,c3,no,0.48,no,corr,None,None,None,None
1952,exp_acyclic_indvary2_step2_batch_yyy06.pl,y4,no,0.28,no,corr,None,None,None,None
1953,exp_acyclic_indvary2_step2_batch_yyy06.pl,v6,no,0.21,no,corr,None,None,None,None
1954,exp_acyclic_indvary2_step2_batch_yyy06.pl,w1,yes,0.28,yes,corr,None,None,None,None
1955,exp_acyclic_indvary2_step2_batch_yyy06.pl,b5,no,0.2,no,corr,None,None,None,None
1956,exp_acyclic_indvary2_step2_batch_yyy06.pl,z3,no,0.19,no,corr,None,None,None,None
1957,exp_acyclic_indvary2_step2_batch_yyy06.pl,p7,no,0.21,no,corr,None,None,None,None
1958,exp_acyclic_indvary2_step2_batch_yyy06.pl,p5,no,0.27,no,corr,None,None,None,None
1959,exp_acyclic_indvary2_step2_batch_yyy06.pl,e2,no,3.45,no,corr,None,None,None,None
1960,exp_acyclic_indvary2_step2_batch_yyy06.pl,r3,no,3.58,no,corr,None,None,None,None
1961,exp_acyclic_indvary2_step2_batch_yyy07.pl,t5,no,0.43,no,corr,None,None,None,None
1962,exp_acyclic_indvary2_step2_batch_yyy07.pl,y4,no,0.36,no,corr,None,None,None,None
1963,exp_acyclic_indvary2_step2_batch_yyy07.pl,v5,no,0.31,no,corr,None,None,None,None
1964,exp_acyclic_indvary2_step2_batch_yyy07.pl,a4,no,0.31,no,corr,None,None,None,None
1965,exp_acyclic_indvary2_step2_batch_yyy07.pl,z4,no,0.23,no,corr,None,None,None,None
1966,exp_acyclic_indvary2_step2_batch_yyy07.pl,u3,no,0.29,no,corr,None,None,None,None
1967,exp_acyclic_indvary2_step2_batch_yyy07.pl,t1,yes,0.43,yes,corr,None,None,None,None
1968,exp_acyclic_indvary2_step2_batch_yyy07.pl,p6,no,0.27,no,corr,None,None,None,None
1969,exp_acyclic_indvary2_step2_batch_yyy07.pl,r2,yes,0.53,yes,corr,None,None,None,None
1970,exp_acyclic_indvary2_step2_batch_yyy07.pl,a1,no,0.22,no,corr,None,None,None,None
1971,exp_acyclic_indvary2_step2_batch_yyy08.pl,d5,no,0.3,no,corr,None,None,None,None
1972,exp_acyclic_indvary2_step2_batch_yyy08.pl,v7,no,0.31,no,corr,None,None,None,None
1973,exp_acyclic_indvary2_step2_batch_yyy08.pl,u1,yes,0.49,yes,corr,None,None,None,None
1974,exp_acyclic_indvary2_step2_batch_yyy08.pl,c5,no,0.22,no,corr,None,None,None,None
1975,exp_acyclic_indvary2_step2_batch_yyy08.pl,x2,no,0.21,no,corr,None,None,None,None
1976,exp_acyclic_indvary2_step2_batch_yyy08.pl,a3,no,0.32,no,corr,None,None,None,None
1977,exp_acyclic_indvary2_step2_batch_yyy08.pl,q7,no,0.28,no,corr,None,None,None,None
1978,exp_acyclic_indvary2_step2_batch_yyy08.pl,x5,no,0.16,no,corr,None,None,None,None
1979,exp_acyclic_indvary2_step2_batch_yyy08.pl,z2,yes,0.3,yes,corr,None,None,None,None
1980,exp_acyclic_indvary2_step2_batch_yyy08.pl,b5,no,0.25,no,corr,None,None,None,None
1981,exp_acyclic_indvary2_step2_batch_yyy09.pl,c3,yes,1.22,yes,corr,None,None,None,None
1982,exp_acyclic_indvary2_step2_batch_yyy09.pl,f1,no,5.98,no,corr,None,None,None,None
1983,exp_acyclic_indvary2_step2_batch_yyy09.pl,f3,no,0.31,no,corr,None,None,None,None
1984,exp_acyclic_indvary2_step2_batch_yyy09.pl,r1,yes,0.25,yes,corr,None,None,None,None
1985,exp_acyclic_indvary2_step2_batch_yyy09.pl,q3,yes,0.32,yes,corr,None,None,None,None
1986,exp_acyclic_indvary2_step2_batch_yyy09.pl,p1,yes,0.62,yes,corr,None,None,None,None
1987,exp_acyclic_indvary2_step2_batch_yyy09.pl,z4,no,0.29,no,corr,None,None,None,None
1988,exp_acyclic_indvary2_step2_batch_yyy09.pl,r5,no,0.34,no,corr,None,None,None,None
1989,exp_acyclic_indvary2_step2_batch_yyy09.pl,u3,no,0.26,no,corr,None,None,None,None
1990,exp_acyclic_indvary2_step2_batch_yyy09.pl,e3,no,0.17,no,corr,None,None,None,None
1991,exp_acyclic_indvary2_step2_batch_yyy10.pl,t5,no,0.31,no,corr,None,None,None,None
1992,exp_acyclic_indvary2_step2_batch_yyy10.pl,z6,no,0.23,no,corr,None,None,None,None
1993,exp_acyclic_indvary2_step2_batch_yyy10.pl,s4,no,0.19,no,corr,None,None,None,None
1994,exp_acyclic_indvary2_step2_batch_yyy10.pl,e1,yes,0.39,yes,corr,None,None,None,None
1995,exp_acyclic_indvary2_step2_batch_yyy10.pl,x3,no,0.27,no,corr,None,None,None,None
1996,exp_acyclic_indvary2_step2_batch_yyy10.pl,v6,no,0.27,no,corr,None,None,None,None
1997,exp_acyclic_indvary2_step2_batch_yyy10.pl,c5,no,0.31,no,corr,None,None,None,None
1998,exp_acyclic_indvary2_step2_batch_yyy10.pl,q4,no,0.38,no,corr,None,None,None,None
1999,exp_acyclic_indvary2_step2_batch_yyy10.pl,c1,no,0.36,no,corr,None,None,None,None
2000,exp_acyclic_indvary2_step2_batch_yyy10.pl,a3,yes,3.26,yes,corr,None,None,None,None
2001,exp_acyclic_indvary2_step3_batch_yyy01.pl,d5,no,0.4,no,corr,None,None,None,None
2002,exp_acyclic_indvary2_step3_batch_yyy01.pl,s3,no,0.33,no,corr,None,None,None,None
2003,exp_acyclic_indvary2_step3_batch_yyy01.pl,u7,no,0.25,no,corr,None,None,None,None
2004,exp_acyclic_indvary2_step3_batch_yyy01.pl,x7,no,0.23,no,corr,None,None,None,None
2005,exp_acyclic_indvary2_step3_batch_yyy01.pl,v1,no,6.58,no,corr,None,None,None,None
2006,exp_acyclic_indvary2_step3_batch_yyy01.pl,r2,no,0.28,no,corr,None,None,None,None
2007,exp_acyclic_indvary2_step3_batch_yyy01.pl,p7,no,0.28,no,corr,None,None,None,None
2008,exp_acyclic_indvary2_step3_batch_yyy01.pl,d4,no,0.21,no,corr,None,None,None,None
2009,exp_acyclic_indvary2_step3_batch_yyy01.pl,q7,no,0.29,no,corr,None,None,None,None
2010,exp_acyclic_indvary2_step3_batch_yyy01.pl,y5,no,0.26,no,corr,None,None,None,None
2011,exp_acyclic_indvary2_step3_batch_yyy02.pl,e1,yes,1.26,yes,corr,None,None,None,None
2012,exp_acyclic_indvary2_step3_batch_yyy02.pl,v5,no,0.21,no,corr,None,None,None,None
2013,exp_acyclic_indvary2_step3_batch_yyy02.pl,z4,no,0.23,no,corr,None,None,None,None
2014,exp_acyclic_indvary2_step3_batch_yyy02.pl,c1,yes,0.64,yes,corr,None,None,None,None
2015,exp_acyclic_indvary2_step3_batch_yyy02.pl,b6,no,0.32,no,corr,None,None,None,None
2016,exp_acyclic_indvary2_step3_batch_yyy02.pl,u2,yes,0.4,yes,corr,None,None,None,None
2017,exp_acyclic_indvary2_step3_batch_yyy02.pl,y5,no,0.5,no,corr,None,None,None,None
2018,exp_acyclic_indvary2_step3_batch_yyy02.pl,x4,no,0.17,no,corr,None,None,None,None
2019,exp_acyclic_indvary2_step3_batch_yyy02.pl,t4,no,0.37,no,corr,None,None,None,None
2020,exp_acyclic_indvary2_step3_batch_yyy02.pl,s3,no,0.48,no,corr,None,None,None,None
2021,exp_acyclic_indvary2_step3_batch_yyy03.pl,v2,yes,0.59,yes,corr,None,None,None,None
2022,exp_acyclic_indvary2_step3_batch_yyy03.pl,d4,no,0.32,no,corr,None,None,None,None
2023,exp_acyclic_indvary2_step3_batch_yyy03.pl,v1,no,1.24,no,corr,None,None,None,None
2024,exp_acyclic_indvary2_step3_batch_yyy03.pl,v4,no,0.21,no,corr,None,None,None,None
2025,exp_acyclic_indvary2_step3_batch_yyy03.pl,q2,yes,0.5,yes,corr,None,None,None,None
2026,exp_acyclic_indvary2_step3_batch_yyy03.pl,c5,no,0.3,no,corr,None,None,None,None
2027,exp_acyclic_indvary2_step3_batch_yyy03.pl,c2,no,0.48,no,corr,None,None,None,None
2028,exp_acyclic_indvary2_step3_batch_yyy03.pl,a5,no,0.48,no,corr,None,None,None,None
2029,exp_acyclic_indvary2_step3_batch_yyy03.pl,y1,no,0.3,no,corr,None,None,None,None
2030,exp_acyclic_indvary2_step3_batch_yyy03.pl,r1,no,1.99,no,corr,None,None,None,None
2031,exp_acyclic_indvary2_step3_batch_yyy04.pl,u5,no,0.29,no,corr,None,None,None,None
2032,exp_acyclic_indvary2_step3_batch_yyy04.pl,d4,no,0.22,no,corr,None,None,None,None
2033,exp_acyclic_indvary2_step3_batch_yyy04.pl,u7,no,0.3,no,corr,None,None,None,None
2034,exp_acyclic_indvary2_step3_batch_yyy04.pl,x7,no,0.33,no,corr,None,None,None,None
2035,exp_acyclic_indvary2_step3_batch_yyy04.pl,f5,no,0.26,no,corr,None,None,None,None
2036,exp_acyclic_indvary2_step3_batch_yyy04.pl,p3,yes,0.45,yes,corr,None,None,None,None
2037,exp_acyclic_indvary2_step3_batch_yyy04.pl,v4,no,0.24,no,corr,None,None,None,None
2038,exp_acyclic_indvary2_step3_batch_yyy04.pl,q3,no,0.24,no,corr,None,None,None,None
2039,exp_acyclic_indvary2_step3_batch_yyy04.pl,t1,yes,0.34,yes,corr,None,None,None,None
2040,exp_acyclic_indvary2_step3_batch_yyy04.pl,w3,no,0.24,no,corr,None,None,None,None
2041,exp_acyclic_indvary2_step3_batch_yyy05.pl,r6,no,0.28,no,corr,None,None,None,None
2042,exp_acyclic_indvary2_step3_batch_yyy05.pl,b1,yes,0.41,yes,corr,None,None,None,None
2043,exp_acyclic_indvary2_step3_batch_yyy05.pl,w1,yes,0.34,yes,corr,None,None,None,None
2044,exp_acyclic_indvary2_step3_batch_yyy05.pl,q7,no,0.27,no,corr,None,None,None,None
2045,exp_acyclic_indvary2_step3_batch_yyy05.pl,z6,no,0.27,no,corr,None,None,None,None
2046,exp_acyclic_indvary2_step3_batch_yyy05.pl,b2,no,2.02,no,corr,None,None,None,None
2047,exp_acyclic_indvary2_step3_batch_yyy05.pl,v4,no,0.2,no,corr,None,None,None,None
2048,exp_acyclic_indvary2_step3_batch_yyy05.pl,e3,no,0.2,no,corr,None,None,None,None
2049,exp_acyclic_indvary2_step3_batch_yyy05.pl,a2,no,0.4,no,corr,None,None,None,None
2050,exp_acyclic_indvary2_step3_batch_yyy05.pl,w3,no,0.25,no,corr,None,None,None,None
2051,exp_acyclic_indvary2_step3_batch_yyy06.pl,t4,no,0.31,no,corr,None,None,None,None
2052,exp_acyclic_indvary2_step3_batch_yyy06.pl,x3,no,0.39,no,corr,None,None,None,None
2053,exp_acyclic_indvary2_step3_batch_yyy06.pl,t3,no,0.62,no,corr,None,None,None,None
2054,exp_acyclic_indvary2_step3_batch_yyy06.pl,a5,no,0.24,no,corr,None,None,None,None
2055,exp_acyclic_indvary2_step3_batch_yyy06.pl,w1,yes,0.32,yes,corr,None,None,None,None
2056,exp_acyclic_indvary2_step3_batch_yyy06.pl,b5,no,0.29,no,corr,None,None,None,None
2057,exp_acyclic_indvary2_step3_batch_yyy06.pl,z3,no,0.3,no,corr,None,None,None,None
2058,exp_acyclic_indvary2_step3_batch_yyy06.pl,r3,no,2.96,no,corr,None,None,None,None
2059,exp_acyclic_indvary2_step3_batch_yyy06.pl,q7,no,0.2,no,corr,None,None,None,None
2060,exp_acyclic_indvary2_step3_batch_yyy06.pl,q2,yes,0.36,yes,corr,None,None,None,None
2061,exp_acyclic_indvary2_step3_batch_yyy07.pl,y4,no,0.31,no,corr,None,None,None,None
2062,exp_acyclic_indvary2_step3_batch_yyy07.pl,q5,no,0.32,no,corr,None,None,None,None
2063,exp_acyclic_indvary2_step3_batch_yyy07.pl,w1,yes,0.34,yes,corr,None,None,None,None
2064,exp_acyclic_indvary2_step3_batch_yyy07.pl,f3,no,0.21,no,corr,None,None,None,None
2065,exp_acyclic_indvary2_step3_batch_yyy07.pl,r4,no,0.27,no,corr,None,None,None,None
2066,exp_acyclic_indvary2_step3_batch_yyy07.pl,q1,yes,0.33,yes,corr,None,None,None,None
2067,exp_acyclic_indvary2_step3_batch_yyy07.pl,z5,no,0.39,no,corr,None,None,None,None
2068,exp_acyclic_indvary2_step3_batch_yyy07.pl,v2,no,0.21,no,corr,None,None,None,None
2069,exp_acyclic_indvary2_step3_batch_yyy07.pl,a4,no,0.35,no,corr,None,None,None,None
2070,exp_acyclic_indvary2_step3_batch_yyy07.pl,w6,no,0.45,no,corr,None,None,None,None
2071,exp_acyclic_indvary2_step3_batch_yyy08.pl,d5,no,0.45,no,corr,None,None,None,None
2072,exp_acyclic_indvary2_step3_batch_yyy08.pl,t5,no,0.19,no,corr,None,None,None,None
2073,exp_acyclic_indvary2_step3_batch_yyy08.pl,w7,no,0.23,no,corr,None,None,None,None
2074,exp_acyclic_indvary2_step3_batch_yyy08.pl,a4,no,0.29,no,corr,None,None,None,None
2075,exp_acyclic_indvary2_step3_batch_yyy08.pl,r5,no,0.22,no,corr,None,None,None,None
2076,exp_acyclic_indvary2_step3_batch_yyy08.pl,u3,no,0.25,no,corr,None,None,None,None
2077,exp_acyclic_indvary2_step3_batch_yyy08.pl,r2,no,2.03,no,corr,None,None,None,None
2078,exp_acyclic_indvary2_step3_batch_yyy08.pl,y6,no,0.24,no,corr,None,None,None,None
2079,exp_acyclic_indvary2_step3_batch_yyy08.pl,p4,no,0.27,no,corr,None,None,None,None
2080,exp_acyclic_indvary2_step3_batch_yyy08.pl,x3,no,0.32,no,corr,None,None,None,None
2081,exp_acyclic_indvary2_step3_batch_yyy09.pl,b1,no,0.53,no,corr,None,None,None,None
2082,exp_acyclic_indvary2_step3_batch_yyy09.pl,r5,no,0.29,no,corr,None,None,None,None
2083,exp_acyclic_indvary2_step3_batch_yyy09.pl,a3,yes,0.31,yes,corr,None,None,None,None
2084,exp_acyclic_indvary2_step3_batch_yyy09.pl,a1,yes,0.21,yes,corr,None,None,None,None
2085,exp_acyclic_indvary2_step3_batch_yyy09.pl,f2,no,0.39,no,corr,None,None,None,None
2086,exp_acyclic_indvary2_step3_batch_yyy09.pl,v1,yes,0.38,yes,corr,None,None,None,None
2087,exp_acyclic_indvary2_step3_batch_yyy09.pl,p3,no,2.75,no,corr,None,None,None,None
2088,exp_acyclic_indvary2_step3_batch_yyy09.pl,c1,no,0.79,no,corr,None,None,None,None
2089,exp_acyclic_indvary2_step3_batch_yyy09.pl,c6,no,0.29,no,corr,None,None,None,None
2090,exp_acyclic_indvary2_step3_batch_yyy09.pl,z2,no,0.24,no,corr,None,None,None,None
2091,exp_acyclic_indvary2_step3_batch_yyy10.pl,w2,yes,0.44,yes,corr,None,None,None,None
2092,exp_acyclic_indvary2_step3_batch_yyy10.pl,u3,no,0.35,no,corr,None,None,None,None
2093,exp_acyclic_indvary2_step3_batch_yyy10.pl,p1,yes,0.52,yes,corr,None,None,None,None
2094,exp_acyclic_indvary2_step3_batch_yyy10.pl,p7,no,0.23,no,corr,None,None,None,None
2095,exp_acyclic_indvary2_step3_batch_yyy10.pl,p5,no,0.28,no,corr,None,None,None,None
2096,exp_acyclic_indvary2_step3_batch_yyy10.pl,c2,no,1.83,no,corr,None,None,None,None
2097,exp_acyclic_indvary2_step3_batch_yyy10.pl,t6,no,0.21,no,corr,None,None,None,None
2098,exp_acyclic_indvary2_step3_batch_yyy10.pl,d1,no,2.69,no,corr,None,None,None,None
2099,exp_acyclic_indvary2_step3_batch_yyy10.pl,u2,yes,0.38,yes,corr,None,None,None,None
2100,exp_acyclic_indvary2_step3_batch_yyy10.pl,t1,yes,0.39,yes,corr,None,None,None,None
2101,exp_acyclic_indvary2_step4_batch_yyy01.pl,p4,no,0.28,no,corr,None,None,None,None
2102,exp_acyclic_indvary2_step4_batch_yyy01.pl,e5,no,0.31,no,corr,None,None,None,None
2103,exp_acyclic_indvary2_step4_batch_yyy01.pl,d3,no,0.26,no,corr,None,None,None,None
2104,exp_acyclic_indvary2_step4_batch_yyy01.pl,s1,yes,0.43,yes,corr,None,None,None,None
2105,exp_acyclic_indvary2_step4_batch_yyy01.pl,t5,no,0.44,no,corr,None,None,None,None
2106,exp_acyclic_indvary2_step4_batch_yyy01.pl,s3,no,0.27,no,corr,None,None,None,None
2107,exp_acyclic_indvary2_step4_batch_yyy01.pl,r3,no,0.26,no,corr,None,None,None,None
2108,exp_acyclic_indvary2_step4_batch_yyy01.pl,d1,no,0.56,no,corr,None,None,None,None
2109,exp_acyclic_indvary2_step4_batch_yyy01.pl,x4,no,0.2,no,corr,None,None,None,None
2110,exp_acyclic_indvary2_step4_batch_yyy01.pl,w3,no,0.24,no,corr,None,None,None,None
2111,exp_acyclic_indvary2_step4_batch_yyy02.pl,u5,no,0.35,no,corr,None,None,None,None
2112,exp_acyclic_indvary2_step4_batch_yyy02.pl,c3,no,2.35,no,corr,None,None,None,None
2113,exp_acyclic_indvary2_step4_batch_yyy02.pl,z6,no,0.3,no,corr,None,None,None,None
2114,exp_acyclic_indvary2_step4_batch_yyy02.pl,p7,no,0.3,no,corr,None,None,None,None
2115,exp_acyclic_indvary2_step4_batch_yyy02.pl,w5,no,0.22,no,corr,None,None,None,None
2116,exp_acyclic_indvary2_step4_batch_yyy02.pl,r3,yes,0.41,yes,corr,None,None,None,None
2117,exp_acyclic_indvary2_step4_batch_yyy02.pl,p1,yes,0.33,yes,corr,None,None,None,None
2118,exp_acyclic_indvary2_step4_batch_yyy02.pl,a2,yes,0.4,yes,corr,None,None,None,None
2119,exp_acyclic_indvary2_step4_batch_yyy02.pl,u3,no,0.34,no,corr,None,None,None,None
2120,exp_acyclic_indvary2_step4_batch_yyy02.pl,r4,no,0.23,no,corr,None,None,None,None
2121,exp_acyclic_indvary2_step4_batch_yyy03.pl,b2,yes,0.43,yes,corr,None,None,None,None
2122,exp_acyclic_indvary2_step4_batch_yyy03.pl,d3,no,0.24,no,corr,None,None,None,None
2123,exp_acyclic_indvary2_step4_batch_yyy03.pl,w6,no,0.21,no,corr,None,None,None,None
2124,exp_acyclic_indvary2_step4_batch_yyy03.pl,c1,no,2.47,no,corr,None,None,None,None
2125,exp_acyclic_indvary2_step4_batch_yyy03.pl,s1,yes,0.35,yes,corr,None,None,None,None
2126,exp_acyclic_indvary2_step4_batch_yyy03.pl,q3,yes,0.37,yes,corr,None,None,None,None
2127,exp_acyclic_indvary2_step4_batch_yyy03.pl,b6,no,0.28,no,corr,None,None,None,None
2128,exp_acyclic_indvary2_step4_batch_yyy03.pl,y5,no,0.23,no,corr,None,None,None,None
2129,exp_acyclic_indvary2_step4_batch_yyy03.pl,a2,yes,0.23,yes,corr,None,None,None,None
2130,exp_acyclic_indvary2_step4_batch_yyy03.pl,w3,no,0.31,no,corr,None,None,None,None
2131,exp_acyclic_indvary2_step4_batch_yyy04.pl,t5,no,0.3,no,corr,None,None,None,None
2132,exp_acyclic_indvary2_step4_batch_yyy04.pl,a6,no,0.18,no,corr,None,None,None,None
2133,exp_acyclic_indvary2_step4_batch_yyy04.pl,r5,no,0.26,no,corr,None,None,None,None
2134,exp_acyclic_indvary2_step4_batch_yyy04.pl,v1,yes,0.35,yes,corr,None,None,None,None
2135,exp_acyclic_indvary2_step4_batch_yyy04.pl,x6,no,0.37,no,corr,None,None,None,None
2136,exp_acyclic_indvary2_step4_batch_yyy04.pl,q1,yes,0.29,yes,corr,None,None,None,None
2137,exp_acyclic_indvary2_step4_batch_yyy04.pl,w2,yes,0.32,yes,corr,None,None,None,None
2138,exp_acyclic_indvary2_step4_batch_yyy04.pl,u1,yes,0.36,yes,corr,None,None,None,None
2139,exp_acyclic_indvary2_step4_batch_yyy04.pl,a2,yes,0.42,yes,corr,None,None,None,None
2140,exp_acyclic_indvary2_step4_batch_yyy04.pl,x4,no,0.45,no,corr,None,None,None,None
2141,exp_acyclic_indvary2_step4_batch_yyy05.pl,p5,no,0.39,no,corr,None,None,None,None
2142,exp_acyclic_indvary2_step4_batch_yyy05.pl,t3,no,0.32,no,corr,None,None,None,None
2143,exp_acyclic_indvary2_step4_batch_yyy05.pl,t6,no,0.28,no,corr,None,None,None,None
2144,exp_acyclic_indvary2_step4_batch_yyy05.pl,a4,no,0.3,no,corr,None,None,None,None
2145,exp_acyclic_indvary2_step4_batch_yyy05.pl,v4,no,0.34,no,corr,None,None,None,None
2146,exp_acyclic_indvary2_step4_batch_yyy05.pl,f4,no,0.24,no,corr,None,None,None,None
2147,exp_acyclic_indvary2_step4_batch_yyy05.pl,x6,no,0.25,no,corr,None,None,None,None
2148,exp_acyclic_indvary2_step4_batch_yyy05.pl,p1,yes,0.31,yes,corr,None,None,None,None
2149,exp_acyclic_indvary2_step4_batch_yyy05.pl,a6,no,0.3,no,corr,None,None,None,None
2150,exp_acyclic_indvary2_step4_batch_yyy05.pl,w7,no,0.26,no,corr,None,None,None,None
2151,exp_acyclic_indvary2_step4_batch_yyy06.pl,d5,no,0.24,no,corr,None,None,None,None
2152,exp_acyclic_indvary2_step4_batch_yyy06.pl,p7,no,0.24,no,corr,None,None,None,None
2153,exp_acyclic_indvary2_step4_batch_yyy06.pl,v5,no,0.19,no,corr,None,None,None,None
2154,exp_acyclic_indvary2_step4_batch_yyy06.pl,b1,yes,0.47,yes,corr,None,None,None,None
2155,exp_acyclic_indvary2_step4_batch_yyy06.pl,p3,yes,0.39,yes,corr,None,None,None,None
2156,exp_acyclic_indvary2_step4_batch_yyy06.pl,f3,no,0.3,no,corr,None,None,None,None
2157,exp_acyclic_indvary2_step4_batch_yyy06.pl,e3,no,0.33,no,corr,None,None,None,None
2158,exp_acyclic_indvary2_step4_batch_yyy06.pl,a3,yes,0.22,yes,corr,None,None,None,None
2159,exp_acyclic_indvary2_step4_batch_yyy06.pl,r7,no,0.37,no,corr,None,None,None,None
2160,exp_acyclic_indvary2_step4_batch_yyy06.pl,d1,yes,0.4,yes,corr,None,None,None,None
2161,exp_acyclic_indvary2_step4_batch_yyy07.pl,w2,yes,0.74,yes,corr,None,None,None,None
2162,exp_acyclic_indvary2_step4_batch_yyy07.pl,u4,no,0.25,no,corr,None,None,None,None
2163,exp_acyclic_indvary2_step4_batch_yyy07.pl,z1,no,0.24,no,corr,None,None,None,None
2164,exp_acyclic_indvary2_step4_batch_yyy07.pl,v1,no,0.41,no,corr,None,None,None,None
2165,exp_acyclic_indvary2_step4_batch_yyy07.pl,s1,yes,0.76,yes,corr,None,None,None,None
2166,exp_acyclic_indvary2_step4_batch_yyy07.pl,z3,no,0.34,no,corr,None,None,None,None
2167,exp_acyclic_indvary2_step4_batch_yyy07.pl,s4,no,0.19,no,corr,None,None,None,None
2168,exp_acyclic_indvary2_step4_batch_yyy07.pl,y4,no,0.26,no,corr,None,None,None,None
2169,exp_acyclic_indvary2_step4_batch_yyy07.pl,t2,no,0.33,no,corr,None,None,None,None
2170,exp_acyclic_indvary2_step4_batch_yyy07.pl,t7,no,0.29,no,corr,None,None,None,None
2171,exp_acyclic_indvary2_step4_batch_yyy08.pl,u6,no,0.38,no,corr,None,None,None,None
2172,exp_acyclic_indvary2_step4_batch_yyy08.pl,f5,no,0.22,no,corr,None,None,None,None
2173,exp_acyclic_indvary2_step4_batch_yyy08.pl,f3,no,0.27,no,corr,None,None,None,None
2174,exp_acyclic_indvary2_step4_batch_yyy08.pl,t7,no,0.32,no,corr,None,None,None,None
2175,exp_acyclic_indvary2_step4_batch_yyy08.pl,v4,no,0.32,no,corr,None,None,None,None
2176,exp_acyclic_indvary2_step4_batch_yyy08.pl,s7,no,0.29,no,corr,None,None,None,None
2177,exp_acyclic_indvary2_step4_batch_yyy08.pl,y2,yes,3.38,yes,corr,None,None,None,None
2178,exp_acyclic_indvary2_step4_batch_yyy08.pl,x6,no,0.27,no,corr,None,None,None,None
2179,exp_acyclic_indvary2_step4_batch_yyy08.pl,r3,yes,0.67,yes,corr,None,None,None,None
2180,exp_acyclic_indvary2_step4_batch_yyy08.pl,t1,yes,0.56,yes,corr,None,None,None,None
2181,exp_acyclic_indvary2_step4_batch_yyy09.pl,e1,no,0.52,no,corr,None,None,None,None
2182,exp_acyclic_indvary2_step4_batch_yyy09.pl,s5,no,0.39,no,corr,None,None,None,None
2183,exp_acyclic_indvary2_step4_batch_yyy09.pl,c5,no,0.32,no,corr,None,None,None,None
2184,exp_acyclic_indvary2_step4_batch_yyy09.pl,x7,no,0.19,no,corr,None,None,None,None
2185,exp_acyclic_indvary2_step4_batch_yyy09.pl,e3,no,0.29,no,corr,None,None,None,None
2186,exp_acyclic_indvary2_step4_batch_yyy09.pl,p2,yes,0.33,yes,corr,None,None,None,None
2187,exp_acyclic_indvary2_step4_batch_yyy09.pl,y2,yes,0.52,yes,corr,None,None,None,None
2188,exp_acyclic_indvary2_step4_batch_yyy09.pl,r2,yes,0.4,yes,corr,None,None,None,None
2189,exp_acyclic_indvary2_step4_batch_yyy09.pl,b6,no,0.39,no,corr,None,None,None,None
2190,exp_acyclic_indvary2_step4_batch_yyy09.pl,a1,yes,2.01,yes,corr,None,None,None,None
2191,exp_acyclic_indvary2_step4_batch_yyy10.pl,t5,no,0.3,no,corr,None,None,None,None
2192,exp_acyclic_indvary2_step4_batch_yyy10.pl,z6,no,0.42,no,corr,None,None,None,None
2193,exp_acyclic_indvary2_step4_batch_yyy10.pl,p7,no,0.35,no,corr,None,None,None,None
2194,exp_acyclic_indvary2_step4_batch_yyy10.pl,z4,no,0.2,no,corr,None,None,None,None
2195,exp_acyclic_indvary2_step4_batch_yyy10.pl,c1,no,0.26,no,corr,None,None,None,None
2196,exp_acyclic_indvary2_step4_batch_yyy10.pl,r7,no,0.32,no,corr,None,None,None,None
2197,exp_acyclic_indvary2_step4_batch_yyy10.pl,u2,yes,0.42,yes,corr,None,None,None,None
2198,exp_acyclic_indvary2_step4_batch_yyy10.pl,x4,no,0.26,no,corr,None,None,None,None
2199,exp_acyclic_indvary2_step4_batch_yyy10.pl,y2,yes,0.37,yes,corr,None,None,None,None
2200,exp_acyclic_indvary2_step4_batch_yyy10.pl,x1,yes,0.37,yes,corr,None,None,None,None
2201,exp_acyclic_indvary2_step5_batch_yyy01.pl,d3,no,0.27,no,corr,None,None,None,None
2202,exp_acyclic_indvary2_step5_batch_yyy01.pl,u7,no,0.26,no,corr,None,None,None,None
2203,exp_acyclic_indvary2_step5_batch_yyy01.pl,e4,no,0.29,no,corr,None,None,None,None
2204,exp_acyclic_indvary2_step5_batch_yyy01.pl,f3,no,0.4,no,corr,None,None,None,None
2205,exp_acyclic_indvary2_step5_batch_yyy01.pl,t2,no,0.24,no,corr,None,None,None,None
2206,exp_acyclic_indvary2_step5_batch_yyy01.pl,v4,no,0.28,no,corr,None,None,None,None
2207,exp_acyclic_indvary2_step5_batch_yyy01.pl,a3,no,6.11,no,corr,None,None,None,None
2208,exp_acyclic_indvary2_step5_batch_yyy01.pl,y6,no,0.31,no,corr,None,None,None,None
2209,exp_acyclic_indvary2_step5_batch_yyy01.pl,s2,yes,0.41,yes,corr,None,None,None,None
2210,exp_acyclic_indvary2_step5_batch_yyy01.pl,z1,yes,0.41,yes,corr,None,None,None,None
2211,exp_acyclic_indvary2_step5_batch_yyy02.pl,s3,no,0.25,no,corr,None,None,None,None
2212,exp_acyclic_indvary2_step5_batch_yyy02.pl,v7,no,0.3,no,corr,None,None,None,None
2213,exp_acyclic_indvary2_step5_batch_yyy02.pl,v2,yes,0.76,yes,corr,None,None,None,None
2214,exp_acyclic_indvary2_step5_batch_yyy02.pl,w1,yes,0.62,yes,corr,None,None,None,None
2215,exp_acyclic_indvary2_step5_batch_yyy02.pl,r4,no,0.3,no,corr,None,None,None,None
2216,exp_acyclic_indvary2_step5_batch_yyy02.pl,p2,no,0.22,no,corr,None,None,None,None
2217,exp_acyclic_indvary2_step5_batch_yyy02.pl,d1,yes,0.4,yes,corr,None,None,None,None
2218,exp_acyclic_indvary2_step5_batch_yyy02.pl,q2,yes,0.92,yes,corr,None,None,None,None
2219,exp_acyclic_indvary2_step5_batch_yyy02.pl,b6,no,0.36,no,corr,None,None,None,None
2220,exp_acyclic_indvary2_step5_batch_yyy02.pl,a1,no,0.58,no,corr,None,None,None,None
2221,exp_acyclic_indvary2_step5_batch_yyy03.pl,u6,no,0.42,no,corr,None,None,None,None
2222,exp_acyclic_indvary2_step5_batch_yyy03.pl,p5,no,0.44,no,corr,None,None,None,None
2223,exp_acyclic_indvary2_step5_batch_yyy03.pl,r6,no,0.26,no,corr,None,None,None,None
2224,exp_acyclic_indvary2_step5_batch_yyy03.pl,v5,no,0.43,no,corr,None,None,None,None
2225,exp_acyclic_indvary2_step5_batch_yyy03.pl,u3,no,0.24,no,corr,None,None,None,None
2226,exp_acyclic_indvary2_step5_batch_yyy03.pl,p2,no,0.36,no,corr,None,None,None,None
2227,exp_acyclic_indvary2_step5_batch_yyy03.pl,r7,no,0.18,no,corr,None,None,None,None
2228,exp_acyclic_indvary2_step5_batch_yyy03.pl,e2,no,5.98,no,corr,None,None,None,None
2229,exp_acyclic_indvary2_step5_batch_yyy03.pl,c6,no,0.26,no,corr,None,None,None,None
2230,exp_acyclic_indvary2_step5_batch_yyy03.pl,b5,no,0.42,no,corr,None,None,None,None
2231,exp_acyclic_indvary2_step5_batch_yyy04.pl,c4,no,0.3,no,corr,None,None,None,None
2232,exp_acyclic_indvary2_step5_batch_yyy04.pl,s4,no,0.36,no,corr,None,None,None,None
2233,exp_acyclic_indvary2_step5_batch_yyy04.pl,v2,yes,0.59,yes,corr,None,None,None,None
2234,exp_acyclic_indvary2_step5_batch_yyy04.pl,x2,yes,0.35,yes,corr,None,None,None,None
2235,exp_acyclic_indvary2_step5_batch_yyy04.pl,y2,yes,0.36,yes,corr,None,None,None,None
2236,exp_acyclic_indvary2_step5_batch_yyy04.pl,x5,no,0.24,no,corr,None,None,None,None
2237,exp_acyclic_indvary2_step5_batch_yyy04.pl,c1,yes,0.43,yes,corr,None,None,None,None
2238,exp_acyclic_indvary2_step5_batch_yyy04.pl,t7,no,0.22,no,corr,None,None,None,None
2239,exp_acyclic_indvary2_step5_batch_yyy04.pl,x4,no,0.28,no,corr,None,None,None,None
2240,exp_acyclic_indvary2_step5_batch_yyy04.pl,w3,no,0.24,no,corr,None,None,None,None
2241,exp_acyclic_indvary2_step5_batch_yyy05.pl,z6,no,0.46,no,corr,None,None,None,None
2242,exp_acyclic_indvary2_step5_batch_yyy05.pl,p5,no,0.32,no,corr,None,None,None,None
2243,exp_acyclic_indvary2_step5_batch_yyy05.pl,w2,yes,2.56,yes,corr,None,None,None,None
2244,exp_acyclic_indvary2_step5_batch_yyy05.pl,w5,no,0.34,no,corr,None,None,None,None
2245,exp_acyclic_indvary2_step5_batch_yyy05.pl,z2,yes,0.39,yes,corr,None,None,None,None
2246,exp_acyclic_indvary2_step5_batch_yyy05.pl,d2,no,4.19,no,corr,None,None,None,None
2247,exp_acyclic_indvary2_step5_batch_yyy05.pl,u2,yes,0.5,yes,corr,None,None,None,None
2248,exp_acyclic_indvary2_step5_batch_yyy05.pl,x4,no,0.37,no,corr,None,None,None,None
2249,exp_acyclic_indvary2_step5_batch_yyy05.pl,c3,no,0.93,no,corr,None,None,None,None
2250,exp_acyclic_indvary2_step5_batch_yyy05.pl,t5,no,0.39,no,corr,None,None,None,None
2251,exp_acyclic_indvary2_step5_batch_yyy06.pl,y4,no,0.35,no,corr,None,None,None,None
2252,exp_acyclic_indvary2_step5_batch_yyy06.pl,t3,no,0.62,no,corr,None,None,None,None
2253,exp_acyclic_indvary2_step5_batch_yyy06.pl,x7,no,0.42,no,corr,None,None,None,None
2254,exp_acyclic_indvary2_step5_batch_yyy06.pl,a4,no,0.34,no,corr,None,None,None,None
2255,exp_acyclic_indvary2_step5_batch_yyy06.pl,w4,no,0.25,no,corr,None,None,None,None
2256,exp_acyclic_indvary2_step5_batch_yyy06.pl,t7,no,0.39,no,corr,None,None,None,None
2257,exp_acyclic_indvary2_step5_batch_yyy06.pl,q3,yes,0.51,yes,corr,None,None,None,None
2258,exp_acyclic_indvary2_step5_batch_yyy06.pl,v3,no,0.23,no,corr,None,None,None,None
2259,exp_acyclic_indvary2_step5_batch_yyy06.pl,r3,yes,0.45,yes,corr,None,None,None,None
2260,exp_acyclic_indvary2_step5_batch_yyy06.pl,w3,no,0.24,no,corr,None,None,None,None
2261,exp_acyclic_indvary2_step5_batch_yyy07.pl,u6,no,0.23,no,corr,None,None,None,None
2262,exp_acyclic_indvary2_step5_batch_yyy07.pl,x3,no,0.28,no,corr,None,None,None,None
2263,exp_acyclic_indvary2_step5_batch_yyy07.pl,e5,no,0.49,no,corr,None,None,None,None
2264,exp_acyclic_indvary2_step5_batch_yyy07.pl,a5,no,0.26,no,corr,None,None,None,None
2265,exp_acyclic_indvary2_step5_batch_yyy07.pl,r5,no,0.32,no,corr,None,None,None,None
2266,exp_acyclic_indvary2_step5_batch_yyy07.pl,y6,no,0.3,no,corr,None,None,None,None
2267,exp_acyclic_indvary2_step5_batch_yyy07.pl,c3,no,0.63,no,corr,None,None,None,None
2268,exp_acyclic_indvary2_step5_batch_yyy07.pl,t5,no,0.28,no,corr,None,None,None,None
2269,exp_acyclic_indvary2_step5_batch_yyy07.pl,b3,no,0.99,no,corr,None,None,None,None
2270,exp_acyclic_indvary2_step5_batch_yyy07.pl,w7,no,0.33,no,corr,None,None,None,None
2271,exp_acyclic_indvary2_step5_batch_yyy08.pl,d5,no,0.37,no,corr,None,None,None,None
2272,exp_acyclic_indvary2_step5_batch_yyy08.pl,c3,no,4.47,no,corr,None,None,None,None
2273,exp_acyclic_indvary2_step5_batch_yyy08.pl,q6,no,0.26,no,corr,None,None,None,None
2274,exp_acyclic_indvary2_step5_batch_yyy08.pl,e5,no,0.3,no,corr,None,None,None,None
2275,exp_acyclic_indvary2_step5_batch_yyy08.pl,c5,no,0.33,no,corr,None,None,None,None
2276,exp_acyclic_indvary2_step5_batch_yyy08.pl,e4,no,0.45,no,corr,None,None,None,None
2277,exp_acyclic_indvary2_step5_batch_yyy08.pl,w4,no,0.5,no,corr,None,None,None,None
2278,exp_acyclic_indvary2_step5_batch_yyy08.pl,v4,no,0.32,no,corr,None,None,None,None
2279,exp_acyclic_indvary2_step5_batch_yyy08.pl,s7,no,0.32,no,corr,None,None,None,None
2280,exp_acyclic_indvary2_step5_batch_yyy08.pl,p1,yes,0.38,yes,corr,None,None,None,None
2281,exp_acyclic_indvary2_step5_batch_yyy09.pl,a6,no,0.23,no,corr,None,None,None,None
2282,exp_acyclic_indvary2_step5_batch_yyy09.pl,d4,no,0.22,no,corr,None,None,None,None
2283,exp_acyclic_indvary2_step5_batch_yyy09.pl,u7,no,0.3,no,corr,None,None,None,None
2284,exp_acyclic_indvary2_step5_batch_yyy09.pl,c5,no,0.41,no,corr,None,None,None,None
2285,exp_acyclic_indvary2_step5_batch_yyy09.pl,a4,no,0.24,no,corr,None,None,None,None
2286,exp_acyclic_indvary2_step5_batch_yyy09.pl,x5,no,0.27,no,corr,None,None,None,None
2287,exp_acyclic_indvary2_step5_batch_yyy09.pl,a3,no,7.99,no,corr,None,None,None,None
2288,exp_acyclic_indvary2_step5_batch_yyy09.pl,y2,no,0.28,no,corr,None,None,None,None
2289,exp_acyclic_indvary2_step5_batch_yyy09.pl,v1,yes,0.47,yes,corr,None,None,None,None
2290,exp_acyclic_indvary2_step5_batch_yyy09.pl,p3,yes,0.43,yes,corr,None,None,None,None
2291,exp_acyclic_indvary2_step5_batch_yyy10.pl,v7,no,0.33,no,corr,None,None,None,None
2292,exp_acyclic_indvary2_step5_batch_yyy10.pl,v2,yes,0.44,yes,corr,None,None,None,None
2293,exp_acyclic_indvary2_step5_batch_yyy10.pl,u1,yes,0.36,yes,corr,None,None,None,None
2294,exp_acyclic_indvary2_step5_batch_yyy10.pl,d3,no,0.2,no,corr,None,None,None,None
2295,exp_acyclic_indvary2_step5_batch_yyy10.pl,z1,yes,0.35,yes,corr,None,None,None,None
2296,exp_acyclic_indvary2_step5_batch_yyy10.pl,q4,no,0.46,no,corr,None,None,None,None
2297,exp_acyclic_indvary2_step5_batch_yyy10.pl,v1,yes,0.41,yes,corr,None,None,None,None
2298,exp_acyclic_indvary2_step5_batch_yyy10.pl,t2,yes,0.38,yes,corr,None,None,None,None
2299,exp_acyclic_indvary2_step5_batch_yyy10.pl,s7,no,0.26,no,corr,None,None,None,None
2300,exp_acyclic_indvary2_step5_batch_yyy10.pl,w3,no,0.2,no,corr,None,None,None,None
2301,exp_acyclic_indvary2_step6_batch_yyy01.pl,v2,no,0.26,no,corr,None,None,None,None
2302,exp_acyclic_indvary2_step6_batch_yyy01.pl,u4,no,0.25,no,corr,None,None,None,None
2303,exp_acyclic_indvary2_step6_batch_yyy01.pl,w5,no,0.25,no,corr,None,None,None,None
2304,exp_acyclic_indvary2_step6_batch_yyy01.pl,t7,no,0.41,no,corr,None,None,None,None
2305,exp_acyclic_indvary2_step6_batch_yyy01.pl,x6,no,0.27,no,corr,None,None,None,None
2306,exp_acyclic_indvary2_step6_batch_yyy01.pl,r2,no,0.27,no,corr,None,None,None,None
2307,exp_acyclic_indvary2_step6_batch_yyy01.pl,a6,no,0.3,no,corr,None,None,None,None
2308,exp_acyclic_indvary2_step6_batch_yyy01.pl,s4,no,0.32,no,corr,None,None,None,None
2309,exp_acyclic_indvary2_step6_batch_yyy01.pl,f1,no,3.19,no,corr,None,None,None,None
2310,exp_acyclic_indvary2_step6_batch_yyy01.pl,e5,no,0.23,no,corr,None,None,None,None
2311,exp_acyclic_indvary2_step6_batch_yyy02.pl,z6,no,0.32,no,corr,None,None,None,None
2312,exp_acyclic_indvary2_step6_batch_yyy02.pl,x3,no,0.27,no,corr,None,None,None,None
2313,exp_acyclic_indvary2_step6_batch_yyy02.pl,v5,no,0.22,no,corr,None,None,None,None
2314,exp_acyclic_indvary2_step6_batch_yyy02.pl,s5,no,0.33,no,corr,None,None,None,None
2315,exp_acyclic_indvary2_step6_batch_yyy02.pl,a5,no,0.28,no,corr,None,None,None,None
2316,exp_acyclic_indvary2_step6_batch_yyy02.pl,t2,yes,0.36,yes,corr,None,None,None,None
2317,exp_acyclic_indvary2_step6_batch_yyy02.pl,d1,yes,1.59,yes,corr,None,None,None,None
2318,exp_acyclic_indvary2_step6_batch_yyy02.pl,q2,yes,0.34,yes,corr,None,None,None,None
2319,exp_acyclic_indvary2_step6_batch_yyy02.pl,w7,no,0.32,no,corr,None,None,None,None
2320,exp_acyclic_indvary2_step6_batch_yyy02.pl,v7,no,0.21,no,corr,None,None,None,None
2321,exp_acyclic_indvary2_step6_batch_yyy03.pl,v7,no,0.29,no,corr,None,None,None,None
2322,exp_acyclic_indvary2_step6_batch_yyy03.pl,x3,no,0.32,no,corr,None,None,None,None
2323,exp_acyclic_indvary2_step6_batch_yyy03.pl,f1,no,0.51,no,corr,None,None,None,None
2324,exp_acyclic_indvary2_step6_batch_yyy03.pl,s2,no,0.29,no,corr,None,None,None,None
2325,exp_acyclic_indvary2_step6_batch_yyy03.pl,c1,no,0.6,no,corr,None,None,None,None
2326,exp_acyclic_indvary2_step6_batch_yyy03.pl,s1,yes,0.46,yes,corr,None,None,None,None
2327,exp_acyclic_indvary2_step6_batch_yyy03.pl,a1,no,0.55,no,corr,None,None,None,None
2328,exp_acyclic_indvary2_step6_batch_yyy03.pl,u3,no,0.24,no,corr,None,None,None,None
2329,exp_acyclic_indvary2_step6_batch_yyy03.pl,e3,no,0.29,no,corr,None,None,None,None
2330,exp_acyclic_indvary2_step6_batch_yyy03.pl,r4,no,0.19,no,corr,None,None,None,None
2331,exp_acyclic_indvary2_step6_batch_yyy04.pl,a6,no,0.3,no,corr,None,None,None,None
2332,exp_acyclic_indvary2_step6_batch_yyy04.pl,u4,no,0.3,no,corr,None,None,None,None
2333,exp_acyclic_indvary2_step6_batch_yyy04.pl,w5,no,0.18,no,corr,None,None,None,None
2334,exp_acyclic_indvary2_step6_batch_yyy04.pl,c2,no,0.54,no,corr,None,None,None,None
2335,exp_acyclic_indvary2_step6_batch_yyy04.pl,e4,no,0.22,no,corr,None,None,None,None
2336,exp_acyclic_indvary2_step6_batch_yyy04.pl,c6,no,0.22,no,corr,None,None,None,None
2337,exp_acyclic_indvary2_step6_batch_yyy04.pl,a3,no,0.53,no,corr,None,None,None,None
2338,exp_acyclic_indvary2_step6_batch_yyy04.pl,y6,no,0.29,no,corr,None,None,None,None
2339,exp_acyclic_indvary2_step6_batch_yyy04.pl,y1,yes,0.4,yes,corr,None,None,None,None
2340,exp_acyclic_indvary2_step6_batch_yyy04.pl,r1,no,0.26,no,corr,None,None,None,None
2341,exp_acyclic_indvary2_step6_batch_yyy05.pl,e1,no,3.34,no,corr,None,None,None,None
2342,exp_acyclic_indvary2_step6_batch_yyy05.pl,c2,no,0.58,no,corr,None,None,None,None
2343,exp_acyclic_indvary2_step6_batch_yyy05.pl,x7,no,0.16,no,corr,None,None,None,None
2344,exp_acyclic_indvary2_step6_batch_yyy05.pl,w6,no,0.16,no,corr,None,None,None,None
2345,exp_acyclic_indvary2_step6_batch_yyy05.pl,e4,no,0.25,no,corr,None,None,None,None
2346,exp_acyclic_indvary2_step6_batch_yyy05.pl,f2,no,0.19,no,corr,None,None,None,None
2347,exp_acyclic_indvary2_step6_batch_yyy05.pl,y1,yes,0.41,yes,corr,None,None,None,None
2348,exp_acyclic_indvary2_step6_batch_yyy05.pl,s1,yes,0.46,yes,corr,None,None,None,None
2349,exp_acyclic_indvary2_step6_batch_yyy05.pl,y2,yes,0.74,yes,corr,None,None,None,None
2350,exp_acyclic_indvary2_step6_batch_yyy05.pl,x6,no,0.29,no,corr,None,None,None,None
2351,exp_acyclic_indvary2_step6_batch_yyy06.pl,t5,no,0.4,no,corr,None,None,None,None
2352,exp_acyclic_indvary2_step6_batch_yyy06.pl,z5,no,0.28,no,corr,None,None,None,None
2353,exp_acyclic_indvary2_step6_batch_yyy06.pl,e5,no,0.35,no,corr,None,None,None,None
2354,exp_acyclic_indvary2_step6_batch_yyy06.pl,s2,yes,0.47,yes,corr,None,None,None,None
2355,exp_acyclic_indvary2_step6_batch_yyy06.pl,z4,no,0.27,no,corr,None,None,None,None
2356,exp_acyclic_indvary2_step6_batch_yyy06.pl,v4,no,0.19,no,corr,None,None,None,None
2357,exp_acyclic_indvary2_step6_batch_yyy06.pl,a3,no,0.47,no,corr,None,None,None,None
2358,exp_acyclic_indvary2_step6_batch_yyy06.pl,x1,yes,0.37,yes,corr,None,None,None,None
2359,exp_acyclic_indvary2_step6_batch_yyy06.pl,s7,no,0.3,no,corr,None,None,None,None
2360,exp_acyclic_indvary2_step6_batch_yyy06.pl,f2,no,0.49,no,corr,None,None,None,None
2361,exp_acyclic_indvary2_step6_batch_yyy07.pl,u5,no,0.25,no,corr,None,None,None,None
2362,exp_acyclic_indvary2_step6_batch_yyy07.pl,u1,yes,0.4,yes,corr,None,None,None,None
2363,exp_acyclic_indvary2_step6_batch_yyy07.pl,v5,no,0.22,no,corr,None,None,None,None
2364,exp_acyclic_indvary2_step6_batch_yyy07.pl,s2,yes,0.43,yes,corr,None,None,None,None
2365,exp_acyclic_indvary2_step6_batch_yyy07.pl,e3,no,0.28,no,corr,None,None,None,None
2366,exp_acyclic_indvary2_step6_batch_yyy07.pl,d2,no,8.94,no,corr,None,None,None,None
2367,exp_acyclic_indvary2_step6_batch_yyy07.pl,v1,yes,0.4,yes,corr,None,None,None,None
2368,exp_acyclic_indvary2_step6_batch_yyy07.pl,p3,yes,0.35,yes,corr,None,None,None,None
2369,exp_acyclic_indvary2_step6_batch_yyy07.pl,t2,no,0.2,no,corr,None,None,None,None
2370,exp_acyclic_indvary2_step6_batch_yyy07.pl,s6,no,0.24,no,corr,None,None,None,None
2371,exp_acyclic_indvary2_step6_batch_yyy08.pl,u5,no,0.27,no,corr,None,None,None,None
2372,exp_acyclic_indvary2_step6_batch_yyy08.pl,b3,no,0.48,no,corr,None,None,None,None
2373,exp_acyclic_indvary2_step6_batch_yyy08.pl,t6,no,0.25,no,corr,None,None,None,None
2374,exp_acyclic_indvary2_step6_batch_yyy08.pl,d2,yes,0.47,yes,corr,None,None,None,None
2375,exp_acyclic_indvary2_step6_batch_yyy08.pl,x1,no,0.22,no,corr,None,None,None,None
2376,exp_acyclic_indvary2_step6_batch_yyy08.pl,s7,no,0.25,no,corr,None,None,None,None
2377,exp_acyclic_indvary2_step6_batch_yyy08.pl,e2,no,0.47,no,corr,None,None,None,None
2378,exp_acyclic_indvary2_step6_batch_yyy08.pl,q2,no,0.17,no,corr,None,None,None,None
2379,exp_acyclic_indvary2_step6_batch_yyy08.pl,w2,yes,0.35,yes,corr,None,None,None,None
2380,exp_acyclic_indvary2_step6_batch_yyy08.pl,e5,no,0.26,no,corr,None,None,None,None
2381,exp_acyclic_indvary2_step6_batch_yyy09.pl,u5,no,0.26,no,corr,None,None,None,None
2382,exp_acyclic_indvary2_step6_batch_yyy09.pl,t5,no,0.19,no,corr,None,None,None,None
2383,exp_acyclic_indvary2_step6_batch_yyy09.pl,b2,no,0.49,no,corr,None,None,None,None
2384,exp_acyclic_indvary2_step6_batch_yyy09.pl,p5,no,0.26,no,corr,None,None,None,None
2385,exp_acyclic_indvary2_step6_batch_yyy09.pl,e5,no,0.26,no,corr,None,None,None,None
2386,exp_acyclic_indvary2_step6_batch_yyy09.pl,t3,no,0.18,no,corr,None,None,None,None
2387,exp_acyclic_indvary2_step6_batch_yyy09.pl,b1,no,0.56,no,corr,None,None,None,None
2388,exp_acyclic_indvary2_step6_batch_yyy09.pl,b5,no,0.27,no,corr,None,None,None,None
2389,exp_acyclic_indvary2_step6_batch_yyy09.pl,d2,yes,0.34,yes,corr,None,None,None,None
2390,exp_acyclic_indvary2_step6_batch_yyy09.pl,e2,yes,0.38,yes,corr,None,None,None,None
2391,exp_acyclic_indvary2_step6_batch_yyy10.pl,z6,no,0.25,no,corr,None,None,None,None
2392,exp_acyclic_indvary2_step6_batch_yyy10.pl,p7,no,0.23,no,corr,None,None,None,None
2393,exp_acyclic_indvary2_step6_batch_yyy10.pl,x2,no,0.3,no,corr,None,None,None,None
2394,exp_acyclic_indvary2_step6_batch_yyy10.pl,c6,no,0.28,no,corr,None,None,None,None
2395,exp_acyclic_indvary2_step6_batch_yyy10.pl,x1,yes,0.56,yes,corr,None,None,None,None
2396,exp_acyclic_indvary2_step6_batch_yyy10.pl,r7,no,0.22,no,corr,None,None,None,None
2397,exp_acyclic_indvary2_step6_batch_yyy10.pl,e2,no,0.25,no,corr,None,None,None,None
2398,exp_acyclic_indvary2_step6_batch_yyy10.pl,q7,no,0.22,no,corr,None,None,None,None
2399,exp_acyclic_indvary2_step6_batch_yyy10.pl,c5,no,0.55,no,corr,None,None,None,None
2400,exp_acyclic_indvary2_step6_batch_yyy10.pl,c2,yes,0.55,yes,corr,None,None,None,None
2401,exp_acyclic_indvary2_step7_batch_yyy01.pl,t4,no,0.38,no,corr,None,None,None,None
2402,exp_acyclic_indvary2_step7_batch_yyy01.pl,b2,yes,0.22,yes,corr,None,None,None,None
2403,exp_acyclic_indvary2_step7_batch_yyy01.pl,p5,no,0.25,no,corr,None,None,None,None
2404,exp_acyclic_indvary2_step7_batch_yyy01.pl,r5,no,0.34,no,corr,None,None,None,None
2405,exp_acyclic_indvary2_step7_batch_yyy01.pl,z2,yes,4.24,yes,corr,None,None,None,None
2406,exp_acyclic_indvary2_step7_batch_yyy01.pl,b6,no,0.35,no,corr,None,None,None,None
2407,exp_acyclic_indvary2_step7_batch_yyy01.pl,r3,no,0.33,no,corr,None,None,None,None
2408,exp_acyclic_indvary2_step7_batch_yyy01.pl,w3,no,0.24,no,corr,None,None,None,None
2409,exp_acyclic_indvary2_step7_batch_yyy01.pl,r6,no,0.37,no,corr,None,None,None,None
2410,exp_acyclic_indvary2_step7_batch_yyy01.pl,e5,no,0.3,no,corr,None,None,None,None
2411,exp_acyclic_indvary2_step7_batch_yyy02.pl,s3,no,0.28,no,corr,None,None,None,None
2412,exp_acyclic_indvary2_step7_batch_yyy02.pl,z6,no,0.36,no,corr,None,None,None,None
2413,exp_acyclic_indvary2_step7_batch_yyy02.pl,e1,yes,0.42,yes,corr,None,None,None,None
2414,exp_acyclic_indvary2_step7_batch_yyy02.pl,v5,no,0.34,no,corr,None,None,None,None
2415,exp_acyclic_indvary2_step7_batch_yyy02.pl,q5,no,0.31,no,corr,None,None,None,None
2416,exp_acyclic_indvary2_step7_batch_yyy02.pl,c5,no,0.29,no,corr,None,None,None,None
2417,exp_acyclic_indvary2_step7_batch_yyy02.pl,f5,no,0.54,no,corr,None,None,None,None
2418,exp_acyclic_indvary2_step7_batch_yyy02.pl,p3,yes,0.36,yes,corr,None,None,None,None
2419,exp_acyclic_indvary2_step7_batch_yyy02.pl,z4,no,0.21,no,corr,None,None,None,None
2420,exp_acyclic_indvary2_step7_batch_yyy02.pl,r5,no,0.26,no,corr,None,None,None,None
2421,exp_acyclic_indvary2_step7_batch_yyy03.pl,z5,no,0.34,no,corr,None,None,None,None
2422,exp_acyclic_indvary2_step7_batch_yyy03.pl,x3,no,0.22,no,corr,None,None,None,None
2423,exp_acyclic_indvary2_step7_batch_yyy03.pl,w2,yes,0.47,yes,corr,None,None,None,None
2424,exp_acyclic_indvary2_step7_batch_yyy03.pl,u7,no,0.31,no,corr,None,None,None,None
2425,exp_acyclic_indvary2_step7_batch_yyy03.pl,s5,no,0.2,no,corr,None,None,None,None
2426,exp_acyclic_indvary2_step7_batch_yyy03.pl,c2,no,0.57,no,corr,None,None,None,None
2427,exp_acyclic_indvary2_step7_batch_yyy03.pl,b5,no,0.2,no,corr,None,None,None,None
2428,exp_acyclic_indvary2_step7_batch_yyy03.pl,u3,no,0.23,no,corr,None,None,None,None
2429,exp_acyclic_indvary2_step7_batch_yyy03.pl,r1,no,0.23,no,corr,None,None,None,None
2430,exp_acyclic_indvary2_step7_batch_yyy03.pl,r7,no,0.33,no,corr,None,None,None,None
2431,exp_acyclic_indvary2_step7_batch_yyy04.pl,t4,no,0.42,no,corr,None,None,None,None
2432,exp_acyclic_indvary2_step7_batch_yyy04.pl,u7,no,0.32,no,corr,None,None,None,None
2433,exp_acyclic_indvary2_step7_batch_yyy04.pl,t3,no,0.27,no,corr,None,None,None,None
2434,exp_acyclic_indvary2_step7_batch_yyy04.pl,c5,no,0.25,no,corr,None,None,None,None
2435,exp_acyclic_indvary2_step7_batch_yyy04.pl,d2,no,0.58,no,corr,None,None,None,None
2436,exp_acyclic_indvary2_step7_batch_yyy04.pl,t1,yes,0.34,yes,corr,None,None,None,None
2437,exp_acyclic_indvary2_step7_batch_yyy04.pl,q3,yes,0.59,yes,corr,None,None,None,None
2438,exp_acyclic_indvary2_step7_batch_yyy04.pl,y2,yes,0.4,yes,corr,None,None,None,None
2439,exp_acyclic_indvary2_step7_batch_yyy04.pl,y5,no,0.26,no,corr,None,None,None,None
2440,exp_acyclic_indvary2_step7_batch_yyy04.pl,y6,no,0.21,no,corr,None,None,None,None
2441,exp_acyclic_indvary2_step7_batch_yyy05.pl,u6,no,0.28,no,corr,None,None,None,None
2442,exp_acyclic_indvary2_step7_batch_yyy05.pl,c4,no,0.39,no,corr,None,None,None,None
2443,exp_acyclic_indvary2_step7_batch_yyy05.pl,s4,no,0.43,no,corr,None,None,None,None
2444,exp_acyclic_indvary2_step7_batch_yyy05.pl,c5,no,0.28,no,corr,None,None,None,None
2445,exp_acyclic_indvary2_step7_batch_yyy05.pl,q4,no,0.22,no,corr,None,None,None,None
2446,exp_acyclic_indvary2_step7_batch_yyy05.pl,f5,no,0.39,no,corr,None,None,None,None
2447,exp_acyclic_indvary2_step7_batch_yyy05.pl,w1,yes,0.4,yes,corr,None,None,None,None
2448,exp_acyclic_indvary2_step7_batch_yyy05.pl,e3,no,0.22,no,corr,None,None,None,None
2449,exp_acyclic_indvary2_step7_batch_yyy05.pl,y2,yes,0.44,yes,corr,None,None,None,None
2450,exp_acyclic_indvary2_step7_batch_yyy05.pl,q2,yes,0.49,yes,corr,None,None,None,None
2451,exp_acyclic_indvary2_step7_batch_yyy06.pl,s4,no,0.6,no,corr,None,None,None,None
2452,exp_acyclic_indvary2_step7_batch_yyy06.pl,w2,yes,0.8,yes,corr,None,None,None,None
2453,exp_acyclic_indvary2_step7_batch_yyy06.pl,w4,no,0.21,no,corr,None,None,None,None
2454,exp_acyclic_indvary2_step7_batch_yyy06.pl,f4,no,0.25,no,corr,None,None,None,None
2455,exp_acyclic_indvary2_step7_batch_yyy06.pl,x1,yes,0.56,yes,corr,None,None,None,None
2456,exp_acyclic_indvary2_step7_batch_yyy06.pl,r7,no,0.25,no,corr,None,None,None,None
2457,exp_acyclic_indvary2_step7_batch_yyy06.pl,p1,yes,0.5,yes,corr,None,None,None,None
2458,exp_acyclic_indvary2_step7_batch_yyy06.pl,a2,yes,0.48,yes,corr,None,None,None,None
2459,exp_acyclic_indvary2_step7_batch_yyy06.pl,p6,no,0.39,no,corr,None,None,None,None
2460,exp_acyclic_indvary2_step7_batch_yyy06.pl,q2,yes,0.8,yes,corr,None,None,None,None
2461,exp_acyclic_indvary2_step7_batch_yyy07.pl,u6,no,0.32,no,corr,None,None,None,None
2462,exp_acyclic_indvary2_step7_batch_yyy07.pl,b2,yes,0.44,yes,corr,None,None,None,None
2463,exp_acyclic_indvary2_step7_batch_yyy07.pl,v7,no,0.21,no,corr,None,None,None,None
2464,exp_acyclic_indvary2_step7_batch_yyy07.pl,z5,no,0.21,no,corr,None,None,None,None
2465,exp_acyclic_indvary2_step7_batch_yyy07.pl,s1,yes,0.37,yes,corr,None,None,None,None
2466,exp_acyclic_indvary2_step7_batch_yyy07.pl,f4,no,0.21,no,corr,None,None,None,None
2467,exp_acyclic_indvary2_step7_batch_yyy07.pl,y2,yes,0.39,yes,corr,None,None,None,None
2468,exp_acyclic_indvary2_step7_batch_yyy07.pl,r7,no,0.34,no,corr,None,None,None,None
2469,exp_acyclic_indvary2_step7_batch_yyy07.pl,z4,no,0.26,no,corr,None,None,None,None
2470,exp_acyclic_indvary2_step7_batch_yyy07.pl,r5,no,0.21,no,corr,None,None,None,None
2471,exp_acyclic_indvary2_step7_batch_yyy08.pl,q6,no,0.35,no,corr,None,None,None,None
2472,exp_acyclic_indvary2_step7_batch_yyy08.pl,d3,no,0.3,no,corr,None,None,None,None
2473,exp_acyclic_indvary2_step7_batch_yyy08.pl,v5,no,0.39,no,corr,None,None,None,None
2474,exp_acyclic_indvary2_step7_batch_yyy08.pl,w6,no,0.26,no,corr,None,None,None,None
2475,exp_acyclic_indvary2_step7_batch_yyy08.pl,r5,no,0.21,no,corr,None,None,None,None
2476,exp_acyclic_indvary2_step7_batch_yyy08.pl,u2,yes,0.47,yes,corr,None,None,None,None
2477,exp_acyclic_indvary2_step7_batch_yyy08.pl,s4,no,0.32,no,corr,None,None,None,None
2478,exp_acyclic_indvary2_step7_batch_yyy08.pl,v7,no,0.25,no,corr,None,None,None,None
2479,exp_acyclic_indvary2_step7_batch_yyy08.pl,y2,yes,0.36,yes,corr,None,None,None,None
2480,exp_acyclic_indvary2_step7_batch_yyy08.pl,x6,no,0.44,no,corr,None,None,None,None
2481,exp_acyclic_indvary2_step7_batch_yyy09.pl,a6,no,0.22,no,corr,None,None,None,None
2482,exp_acyclic_indvary2_step7_batch_yyy09.pl,e1,no,0.24,no,corr,None,None,None,None
2483,exp_acyclic_indvary2_step7_batch_yyy09.pl,d4,no,0.23,no,corr,None,None,None,None
2484,exp_acyclic_indvary2_step7_batch_yyy09.pl,b4,no,0.21,no,corr,None,None,None,None
2485,exp_acyclic_indvary2_step7_batch_yyy09.pl,a4,no,0.31,no,corr,None,None,None,None
2486,exp_acyclic_indvary2_step7_batch_yyy09.pl,z4,no,0.25,no,corr,None,None,None,None
2487,exp_acyclic_indvary2_step7_batch_yyy09.pl,v1,yes,0.57,yes,corr,None,None,None,None
2488,exp_acyclic_indvary2_step7_batch_yyy09.pl,b5,no,0.26,no,corr,None,None,None,None
2489,exp_acyclic_indvary2_step7_batch_yyy09.pl,y2,no,0.24,no,corr,None,None,None,None
2490,exp_acyclic_indvary2_step7_batch_yyy09.pl,q7,no,0.16,no,corr,None,None,None,None
2491,exp_acyclic_indvary2_step7_batch_yyy10.pl,t5,no,0.24,no,corr,None,None,None,None
2492,exp_acyclic_indvary2_step7_batch_yyy10.pl,z6,no,0.32,no,corr,None,None,None,None
2493,exp_acyclic_indvary2_step7_batch_yyy10.pl,e1,no,6.97,no,corr,None,None,None,None
2494,exp_acyclic_indvary2_step7_batch_yyy10.pl,s5,no,0.21,no,corr,None,None,None,None
2495,exp_acyclic_indvary2_step7_batch_yyy10.pl,x1,yes,0.36,yes,corr,None,None,None,None
2496,exp_acyclic_indvary2_step7_batch_yyy10.pl,p6,no,0.27,no,corr,None,None,None,None
2497,exp_acyclic_indvary2_step7_batch_yyy10.pl,s4,no,0.22,no,corr,None,None,None,None
2498,exp_acyclic_indvary2_step7_batch_yyy10.pl,w7,no,0.16,no,corr,None,None,None,None
2499,exp_acyclic_indvary2_step7_batch_yyy10.pl,c1,no,6.89,no,corr,None,None,None,None
2500,exp_acyclic_indvary2_step7_batch_yyy10.pl,s6,no,0.32,no,corr,None,None,None,None
2501,exp_acyclic_indvary2_step8_batch_yyy01.pl,q6,no,0.39,no,corr,None,None,None,None
2502,exp_acyclic_indvary2_step8_batch_yyy01.pl,c5,no,0.27,no,corr,None,None,None,None
2503,exp_acyclic_indvary2_step8_batch_yyy01.pl,v4,no,0.3,no,corr,None,None,None,None
2504,exp_acyclic_indvary2_step8_batch_yyy01.pl,d2,yes,0.41,yes,corr,None,None,None,None
2505,exp_acyclic_indvary2_step8_batch_yyy01.pl,p2,yes,0.48,yes,corr,None,None,None,None
2506,exp_acyclic_indvary2_step8_batch_yyy01.pl,r7,no,0.24,no,corr,None,None,None,None
2507,exp_acyclic_indvary2_step8_batch_yyy01.pl,w3,no,0.25,no,corr,None,None,None,None
2508,exp_acyclic_indvary2_step8_batch_yyy01.pl,x5,no,0.3,no,corr,None,None,None,None
2509,exp_acyclic_indvary2_step8_batch_yyy01.pl,t2,yes,0.42,yes,corr,None,None,None,None
2510,exp_acyclic_indvary2_step8_batch_yyy01.pl,s6,no,0.23,no,corr,None,None,None,None
2511,exp_acyclic_indvary2_step8_batch_yyy02.pl,f1,yes,0.29,yes,corr,None,None,None,None
2512,exp_acyclic_indvary2_step8_batch_yyy02.pl,r5,no,0.22,no,corr,None,None,None,None
2513,exp_acyclic_indvary2_step8_batch_yyy02.pl,v3,no,0.26,no,corr,None,None,None,None
2514,exp_acyclic_indvary2_step8_batch_yyy02.pl,d1,yes,0.48,yes,corr,None,None,None,None
2515,exp_acyclic_indvary2_step8_batch_yyy02.pl,y5,no,0.27,no,corr,None,None,None,None
2516,exp_acyclic_indvary2_step8_batch_yyy02.pl,f2,yes,0.22,yes,corr,None,None,None,None
2517,exp_acyclic_indvary2_step8_batch_yyy02.pl,v2,no,0.3,no,corr,None,None,None,None
2518,exp_acyclic_indvary2_step8_batch_yyy02.pl,q6,no,0.19,no,corr,None,None,None,None
2519,exp_acyclic_indvary2_step8_batch_yyy02.pl,v5,no,0.38,no,corr,None,None,None,None
2520,exp_acyclic_indvary2_step8_batch_yyy02.pl,w5,no,0.3,no,corr,None,None,None,None
2521,exp_acyclic_indvary2_step8_batch_yyy03.pl,d5,no,0.29,no,corr,None,None,None,None
2522,exp_acyclic_indvary2_step8_batch_yyy03.pl,v7,no,0.29,no,corr,None,None,None,None
2523,exp_acyclic_indvary2_step8_batch_yyy03.pl,d3,no,0.35,no,corr,None,None,None,None
2524,exp_acyclic_indvary2_step8_batch_yyy03.pl,t6,no,0.22,no,corr,None,None,None,None
2525,exp_acyclic_indvary2_step8_batch_yyy03.pl,f5,no,0.22,no,corr,None,None,None,None
2526,exp_acyclic_indvary2_step8_batch_yyy03.pl,z3,no,0.31,no,corr,None,None,None,None
2527,exp_acyclic_indvary2_step8_batch_yyy03.pl,d1,yes,0.44,yes,corr,None,None,None,None
2528,exp_acyclic_indvary2_step8_batch_yyy03.pl,q7,no,0.3,no,corr,None,None,None,None
2529,exp_acyclic_indvary2_step8_batch_yyy03.pl,r2,yes,0.51,yes,corr,None,None,None,None
2530,exp_acyclic_indvary2_step8_batch_yyy03.pl,r7,no,0.24,no,corr,None,None,None,None
2531,exp_acyclic_indvary2_step8_batch_yyy04.pl,p4,no,0.34,no,corr,None,None,None,None
2532,exp_acyclic_indvary2_step8_batch_yyy04.pl,q5,no,0.42,no,corr,None,None,None,None
2533,exp_acyclic_indvary2_step8_batch_yyy04.pl,x5,no,0.25,no,corr,None,None,None,None
2534,exp_acyclic_indvary2_step8_batch_yyy04.pl,p2,no,0.39,no,corr,None,None,None,None
2535,exp_acyclic_indvary2_step8_batch_yyy04.pl,f1,yes,1.01,yes,corr,None,None,None,None
2536,exp_acyclic_indvary2_step8_batch_yyy04.pl,e5,no,0.25,no,corr,None,None,None,None
2537,exp_acyclic_indvary2_step8_batch_yyy04.pl,w5,no,0.36,no,corr,None,None,None,None
2538,exp_acyclic_indvary2_step8_batch_yyy04.pl,u7,no,0.24,no,corr,None,None,None,None
2539,exp_acyclic_indvary2_step8_batch_yyy04.pl,e2,no,0.74,no,corr,None,None,None,None
2540,exp_acyclic_indvary2_step8_batch_yyy04.pl,t1,yes,0.51,yes,corr,None,None,None,None
2541,exp_acyclic_indvary2_step8_batch_yyy05.pl,p4,no,0.46,no,corr,None,None,None,None
2542,exp_acyclic_indvary2_step8_batch_yyy05.pl,w2,yes,0.49,yes,corr,None,None,None,None
2543,exp_acyclic_indvary2_step8_batch_yyy05.pl,b1,yes,0.24,yes,corr,None,None,None,None
2544,exp_acyclic_indvary2_step8_batch_yyy05.pl,x2,yes,0.45,yes,corr,None,None,None,None
2545,exp_acyclic_indvary2_step8_batch_yyy05.pl,t2,yes,0.54,yes,corr,None,None,None,None
2546,exp_acyclic_indvary2_step8_batch_yyy05.pl,y2,yes,0.42,yes,corr,None,None,None,None
2547,exp_acyclic_indvary2_step8_batch_yyy05.pl,b6,no,0.23,no,corr,None,None,None,None
2548,exp_acyclic_indvary2_step8_batch_yyy05.pl,a2,no,7.68,no,corr,None,None,None,None
2549,exp_acyclic_indvary2_step8_batch_yyy05.pl,b4,no,0.2,no,corr,None,None,None,None
2550,exp_acyclic_indvary2_step8_batch_yyy05.pl,t3,no,0.28,no,corr,None,None,None,None
2551,exp_acyclic_indvary2_step8_batch_yyy06.pl,v6,no,0.37,no,corr,None,None,None,None
2552,exp_acyclic_indvary2_step8_batch_yyy06.pl,w5,no,0.19,no,corr,None,None,None,None
2553,exp_acyclic_indvary2_step8_batch_yyy06.pl,f3,no,0.25,no,corr,None,None,None,None
2554,exp_acyclic_indvary2_step8_batch_yyy06.pl,e3,no,0.21,no,corr,None,None,None,None
2555,exp_acyclic_indvary2_step8_batch_yyy06.pl,r1,yes,0.57,yes,corr,None,None,None,None
2556,exp_acyclic_indvary2_step8_batch_yyy06.pl,b6,no,0.29,no,corr,None,None,None,None
2557,exp_acyclic_indvary2_step8_batch_yyy06.pl,p1,yes,1.05,yes,corr,None,None,None,None
2558,exp_acyclic_indvary2_step8_batch_yyy06.pl,q2,no,0.25,no,corr,None,None,None,None
2559,exp_acyclic_indvary2_step8_batch_yyy06.pl,c5,no,0.2,no,corr,None,None,None,None
2560,exp_acyclic_indvary2_step8_batch_yyy06.pl,b1,no,3.66,no,corr,None,None,None,None
2561,exp_acyclic_indvary2_step8_batch_yyy07.pl,u5,no,0.29,no,corr,None,None,None,None
2562,exp_acyclic_indvary2_step8_batch_yyy07.pl,z5,no,0.38,no,corr,None,None,None,None
2563,exp_acyclic_indvary2_step8_batch_yyy07.pl,b4,no,0.31,no,corr,None,None,None,None
2564,exp_acyclic_indvary2_step8_batch_yyy07.pl,w1,yes,0.43,yes,corr,None,None,None,None
2565,exp_acyclic_indvary2_step8_batch_yyy07.pl,x5,no,0.31,no,corr,None,None,None,None
2566,exp_acyclic_indvary2_step8_batch_yyy07.pl,u3,no,0.21,no,corr,None,None,None,None
2567,exp_acyclic_indvary2_step8_batch_yyy07.pl,s2,yes,0.34,yes,corr,None,None,None,None
2568,exp_acyclic_indvary2_step8_batch_yyy07.pl,a5,no,0.35,no,corr,None,None,None,None
2569,exp_acyclic_indvary2_step8_batch_yyy07.pl,y1,yes,0.37,yes,corr,None,None,None,None
2570,exp_acyclic_indvary2_step8_batch_yyy07.pl,r1,yes,0.57,yes,corr,None,None,None,None
2571,exp_acyclic_indvary2_step8_batch_yyy08.pl,z6,no,0.35,no,corr,None,None,None,None
2572,exp_acyclic_indvary2_step8_batch_yyy08.pl,v2,yes,0.62,yes,corr,None,None,None,None
2573,exp_acyclic_indvary2_step8_batch_yyy08.pl,c5,no,0.36,no,corr,None,None,None,None
2574,exp_acyclic_indvary2_step8_batch_yyy08.pl,w6,no,0.35,no,corr,None,None,None,None
2575,exp_acyclic_indvary2_step8_batch_yyy08.pl,z4,no,0.31,no,corr,None,None,None,None
2576,exp_acyclic_indvary2_step8_batch_yyy08.pl,s1,yes,0.5,yes,corr,None,None,None,None
2577,exp_acyclic_indvary2_step8_batch_yyy08.pl,a3,yes,0.53,yes,corr,None,None,None,None
2578,exp_acyclic_indvary2_step8_batch_yyy08.pl,q7,no,0.27,no,corr,None,None,None,None
2579,exp_acyclic_indvary2_step8_batch_yyy08.pl,x5,no,0.32,no,corr,None,None,None,None
2580,exp_acyclic_indvary2_step8_batch_yyy08.pl,b5,no,0.3,no,corr,None,None,None,None
2581,exp_acyclic_indvary2_step8_batch_yyy09.pl,q6,no,0.29,no,corr,None,None,None,None
2582,exp_acyclic_indvary2_step8_batch_yyy09.pl,t6,no,0.16,no,corr,None,None,None,None
2583,exp_acyclic_indvary2_step8_batch_yyy09.pl,e3,no,0.61,no,corr,None,None,None,None
2584,exp_acyclic_indvary2_step8_batch_yyy09.pl,r1,no,0.3,no,corr,None,None,None,None
2585,exp_acyclic_indvary2_step8_batch_yyy09.pl,d4,no,0.36,no,corr,None,None,None,None
2586,exp_acyclic_indvary2_step8_batch_yyy09.pl,x3,no,0.62,no,corr,None,None,None,None
2587,exp_acyclic_indvary2_step8_batch_yyy09.pl,f1,no,5.63,no,corr,None,None,None,None
2588,exp_acyclic_indvary2_step8_batch_yyy09.pl,e5,no,0.31,no,corr,None,None,None,None
2589,exp_acyclic_indvary2_step8_batch_yyy09.pl,f4,no,0.3,no,corr,None,None,None,None
2590,exp_acyclic_indvary2_step8_batch_yyy09.pl,a3,no,5.69,no,corr,None,None,None,None
2591,exp_acyclic_indvary2_step8_batch_yyy10.pl,c3,no,0.69,no,corr,None,None,None,None
2592,exp_acyclic_indvary2_step8_batch_yyy10.pl,v7,no,0.51,no,corr,None,None,None,None
2593,exp_acyclic_indvary2_step8_batch_yyy10.pl,v6,no,0.4,no,corr,None,None,None,None
2594,exp_acyclic_indvary2_step8_batch_yyy10.pl,b4,no,0.2,no,corr,None,None,None,None
2595,exp_acyclic_indvary2_step8_batch_yyy10.pl,t6,no,0.46,no,corr,None,None,None,None
2596,exp_acyclic_indvary2_step8_batch_yyy10.pl,e3,no,0.23,no,corr,None,None,None,None
2597,exp_acyclic_indvary2_step8_batch_yyy10.pl,a3,yes,0.68,yes,corr,None,None,None,None
2598,exp_acyclic_indvary2_step8_batch_yyy10.pl,d1,no,0.65,no,corr,None,None,None,None
2599,exp_acyclic_indvary2_step8_batch_yyy10.pl,w6,no,0.18,no,corr,None,None,None,None
2600,exp_acyclic_indvary2_step8_batch_yyy10.pl,x2,yes,0.46,yes,corr,None,None,None,None
2601,exp_acyclic_indvary3_step1_batch_yyy01.pl,t3,no,0.31,no,corr,None,None,None,None
2602,exp_acyclic_indvary3_step1_batch_yyy01.pl,a5,no,0.36,no,corr,None,None,None,None
2603,exp_acyclic_indvary3_step1_batch_yyy01.pl,p3,yes,0.2,yes,corr,None,None,None,None
2604,exp_acyclic_indvary3_step1_batch_yyy01.pl,c1,no,0.26,no,corr,None,None,None,None
2605,exp_acyclic_indvary3_step1_batch_yyy01.pl,e3,no,0.51,no,corr,None,None,None,None
2606,exp_acyclic_indvary3_step1_batch_yyy01.pl,q3,yes,0.51,yes,corr,None,None,None,None
2607,exp_acyclic_indvary3_step1_batch_yyy01.pl,r7,no,0.42,no,corr,None,None,None,None
2608,exp_acyclic_indvary3_step1_batch_yyy01.pl,u2,yes,0.33,yes,corr,None,None,None,None
2609,exp_acyclic_indvary3_step1_batch_yyy01.pl,r1,no,0.41,no,corr,None,None,None,None
2610,exp_acyclic_indvary3_step1_batch_yyy01.pl,d2,yes,0.23,yes,corr,None,None,None,None
2611,exp_acyclic_indvary3_step1_batch_yyy02.pl,u6,no,0.33,no,corr,None,None,None,None
2612,exp_acyclic_indvary3_step1_batch_yyy02.pl,z5,no,0.23,no,corr,None,None,None,None
2613,exp_acyclic_indvary3_step1_batch_yyy02.pl,f1,no,0.38,no,corr,None,None,None,None
2614,exp_acyclic_indvary3_step1_batch_yyy02.pl,v5,no,0.22,no,corr,None,None,None,None
2615,exp_acyclic_indvary3_step1_batch_yyy02.pl,c2,yes,0.37,yes,corr,None,None,None,None
2616,exp_acyclic_indvary3_step1_batch_yyy02.pl,x7,no,0.3,no,corr,None,None,None,None
2617,exp_acyclic_indvary3_step1_batch_yyy02.pl,f5,no,0.39,no,corr,None,None,None,None
2618,exp_acyclic_indvary3_step1_batch_yyy02.pl,v1,yes,0.41,yes,corr,None,None,None,None
2619,exp_acyclic_indvary3_step1_batch_yyy02.pl,t7,no,0.18,no,corr,None,None,None,None
2620,exp_acyclic_indvary3_step1_batch_yyy02.pl,y5,no,0.26,no,corr,None,None,None,None
2621,exp_acyclic_indvary3_step1_batch_yyy03.pl,q6,no,0.28,no,corr,None,None,None,None
2622,exp_acyclic_indvary3_step1_batch_yyy03.pl,u1,no,0.32,no,corr,None,None,None,None
2623,exp_acyclic_indvary3_step1_batch_yyy03.pl,c5,no,0.24,no,corr,None,None,None,None
2624,exp_acyclic_indvary3_step1_batch_yyy03.pl,t7,no,0.54,no,corr,None,None,None,None
2625,exp_acyclic_indvary3_step1_batch_yyy03.pl,y2,no,0.65,no,corr,None,None,None,None
2626,exp_acyclic_indvary3_step1_batch_yyy03.pl,e2,yes,0.49,yes,corr,None,None,None,None
2627,exp_acyclic_indvary3_step1_batch_yyy03.pl,e3,no,0.17,no,corr,None,None,None,None
2628,exp_acyclic_indvary3_step1_batch_yyy03.pl,r4,no,0.33,no,corr,None,None,None,None
2629,exp_acyclic_indvary3_step1_batch_yyy03.pl,y1,yes,0.39,yes,corr,None,None,None,None
2630,exp_acyclic_indvary3_step1_batch_yyy03.pl,s1,no,0.45,no,corr,None,None,None,None
2631,exp_acyclic_indvary3_step1_batch_yyy04.pl,z5,no,0.41,no,corr,None,None,None,None
2632,exp_acyclic_indvary3_step1_batch_yyy04.pl,d4,no,0.35,no,corr,None,None,None,None
2633,exp_acyclic_indvary3_step1_batch_yyy04.pl,u4,no,0.46,no,corr,None,None,None,None
2634,exp_acyclic_indvary3_step1_batch_yyy04.pl,b1,yes,0.34,yes,corr,None,None,None,None
2635,exp_acyclic_indvary3_step1_batch_yyy04.pl,x7,no,0.39,no,corr,None,None,None,None
2636,exp_acyclic_indvary3_step1_batch_yyy04.pl,s6,no,0.31,no,corr,None,None,None,None
2637,exp_acyclic_indvary3_step1_batch_yyy04.pl,d2,no,0.53,no,corr,None,None,None,None
2638,exp_acyclic_indvary3_step1_batch_yyy04.pl,r2,no,0.53,no,corr,None,None,None,None
2639,exp_acyclic_indvary3_step1_batch_yyy04.pl,c3,yes,1.71,yes,corr,None,None,None,None
2640,exp_acyclic_indvary3_step1_batch_yyy04.pl,s3,yes,0.44,yes,corr,None,None,None,None
2641,exp_acyclic_indvary3_step1_batch_yyy05.pl,z6,no,0.38,no,corr,None,None,None,None
2642,exp_acyclic_indvary3_step1_batch_yyy05.pl,b3,no,1.11,no,corr,None,None,None,None
2643,exp_acyclic_indvary3_step1_batch_yyy05.pl,v2,no,0.37,no,corr,None,None,None,None
2644,exp_acyclic_indvary3_step1_batch_yyy05.pl,x3,yes,0.42,yes,corr,None,None,None,None
2645,exp_acyclic_indvary3_step1_batch_yyy05.pl,t3,yes,0.5,yes,corr,None,None,None,None
2646,exp_acyclic_indvary3_step1_batch_yyy05.pl,w4,no,0.68,no,corr,None,None,None,None
2647,exp_acyclic_indvary3_step1_batch_yyy05.pl,t2,yes,0.66,yes,corr,None,None,None,None
2648,exp_acyclic_indvary3_step1_batch_yyy05.pl,r2,no,0.28,no,corr,None,None,None,None
2649,exp_acyclic_indvary3_step1_batch_yyy05.pl,s1,yes,0.42,yes,corr,None,None,None,None
2650,exp_acyclic_indvary3_step1_batch_yyy05.pl,d2,yes,0.21,yes,corr,None,None,None,None
2651,exp_acyclic_indvary3_step1_batch_yyy06.pl,u6,no,0.48,no,corr,None,None,None,None
2652,exp_acyclic_indvary3_step1_batch_yyy06.pl,d3,no,0.29,no,corr,None,None,None,None
2653,exp_acyclic_indvary3_step1_batch_yyy06.pl,w5,no,0.38,no,corr,None,None,None,None
2654,exp_acyclic_indvary3_step1_batch_yyy06.pl,b4,no,0.35,no,corr,None,None,None,None
2655,exp_acyclic_indvary3_step1_batch_yyy06.pl,v1,yes,0.68,yes,corr,None,None,None,None
2656,exp_acyclic_indvary3_step1_batch_yyy06.pl,t7,no,0.36,no,corr,None,None,None,None
2657,exp_acyclic_indvary3_step1_batch_yyy06.pl,p2,no,0.29,no,corr,None,None,None,None
2658,exp_acyclic_indvary3_step1_batch_yyy06.pl,q3,yes,0.32,yes,corr,None,None,None,None
2659,exp_acyclic_indvary3_step1_batch_yyy06.pl,v3,no,0.27,no,corr,None,None,None,None
2660,exp_acyclic_indvary3_step1_batch_yyy06.pl,a2,no,0.57,no,corr,None,None,None,None
2661,exp_acyclic_indvary3_step1_batch_yyy07.pl,b2,yes,0.4,yes,corr,None,None,None,None
2662,exp_acyclic_indvary3_step1_batch_yyy07.pl,c2,no,0.5,no,corr,None,None,None,None
2663,exp_acyclic_indvary3_step1_batch_yyy07.pl,u3,no,0.34,no,corr,None,None,None,None
2664,exp_acyclic_indvary3_step1_batch_yyy07.pl,y1,no,0.56,no,corr,None,None,None,None
2665,exp_acyclic_indvary3_step1_batch_yyy07.pl,r2,no,0.49,no,corr,None,None,None,None
2666,exp_acyclic_indvary3_step1_batch_yyy07.pl,u2,no,0.35,no,corr,None,None,None,None
2667,exp_acyclic_indvary3_step1_batch_yyy07.pl,q7,no,0.23,no,corr,None,None,None,None
2668,exp_acyclic_indvary3_step1_batch_yyy07.pl,y5,no,0.39,no,corr,None,None,None,None
2669,exp_acyclic_indvary3_step1_batch_yyy07.pl,p6,no,0.51,no,corr,None,None,None,None
2670,exp_acyclic_indvary3_step1_batch_yyy07.pl,q2,no,0.26,no,corr,None,None,None,None
2671,exp_acyclic_indvary3_step1_batch_yyy08.pl,s3,no,0.3,no,corr,None,None,None,None
2672,exp_acyclic_indvary3_step1_batch_yyy08.pl,s4,no,0.35,no,corr,None,None,None,None
2673,exp_acyclic_indvary3_step1_batch_yyy08.pl,x3,yes,0.6,yes,corr,None,None,None,None
2674,exp_acyclic_indvary3_step1_batch_yyy08.pl,f1,no,0.43,no,corr,None,None,None,None
2675,exp_acyclic_indvary3_step1_batch_yyy08.pl,q1,yes,0.51,yes,corr,None,None,None,None
2676,exp_acyclic_indvary3_step1_batch_yyy08.pl,p6,no,0.41,no,corr,None,None,None,None
2677,exp_acyclic_indvary3_step1_batch_yyy08.pl,z5,no,0.31,no,corr,None,None,None,None
2678,exp_acyclic_indvary3_step1_batch_yyy08.pl,v2,yes,0.33,yes,corr,None,None,None,None
2679,exp_acyclic_indvary3_step1_batch_yyy08.pl,q3,no,1.13,no,corr,None,None,None,None
2680,exp_acyclic_indvary3_step1_batch_yyy08.pl,x6,no,0.37,no,corr,None,None,None,None
2681,exp_acyclic_indvary3_step1_batch_yyy09.pl,v6,no,0.36,no,corr,None,None,None,None
2682,exp_acyclic_indvary3_step1_batch_yyy09.pl,v5,no,0.32,no,corr,None,None,None,None
2683,exp_acyclic_indvary3_step1_batch_yyy09.pl,c3,no,0.55,no,corr,None,None,None,None
2684,exp_acyclic_indvary3_step1_batch_yyy09.pl,t5,no,0.58,no,corr,None,None,None,None
2685,exp_acyclic_indvary3_step1_batch_yyy09.pl,d3,no,0.3,no,corr,None,None,None,None
2686,exp_acyclic_indvary3_step1_batch_yyy09.pl,u4,no,0.28,no,corr,None,None,None,None
2687,exp_acyclic_indvary3_step1_batch_yyy09.pl,s2,yes,0.26,yes,corr,None,None,None,None
2688,exp_acyclic_indvary3_step1_batch_yyy09.pl,c2,yes,0.32,yes,corr,None,None,None,None
2689,exp_acyclic_indvary3_step1_batch_yyy09.pl,y3,yes,0.34,yes,corr,None,None,None,None
2690,exp_acyclic_indvary3_step1_batch_yyy09.pl,r5,no,0.7,no,corr,None,None,None,None
2691,exp_acyclic_indvary3_step1_batch_yyy10.pl,d5,no,0.52,no,corr,None,None,None,None
2692,exp_acyclic_indvary3_step1_batch_yyy10.pl,w7,no,0.4,no,corr,None,None,None,None
2693,exp_acyclic_indvary3_step1_batch_yyy10.pl,e5,no,0.36,no,corr,None,None,None,None
2694,exp_acyclic_indvary3_step1_batch_yyy10.pl,c5,no,0.44,no,corr,None,None,None,None
2695,exp_acyclic_indvary3_step1_batch_yyy10.pl,p3,yes,0.71,yes,corr,None,None,None,None
2696,exp_acyclic_indvary3_step1_batch_yyy10.pl,c1,yes,0.24,yes,corr,None,None,None,None
2697,exp_acyclic_indvary3_step1_batch_yyy10.pl,r1,no,0.29,no,corr,None,None,None,None
2698,exp_acyclic_indvary3_step1_batch_yyy10.pl,b6,no,0.36,no,corr,None,None,None,None
2699,exp_acyclic_indvary3_step1_batch_yyy10.pl,v3,no,0.3,no,corr,None,None,None,None
2700,exp_acyclic_indvary3_step1_batch_yyy10.pl,e2,yes,0.35,yes,corr,None,None,None,None
2701,exp_acyclic_indvary3_step2_batch_yyy01.pl,u6,no,0.53,no,corr,None,None,None,None
2702,exp_acyclic_indvary3_step2_batch_yyy01.pl,q6,no,0.31,no,corr,None,None,None,None
2703,exp_acyclic_indvary3_step2_batch_yyy01.pl,p4,yes,1.98,yes,corr,None,None,None,None
2704,exp_acyclic_indvary3_step2_batch_yyy01.pl,e5,no,0.36,no,corr,None,None,None,None
2705,exp_acyclic_indvary3_step2_batch_yyy01.pl,x7,no,0.42,no,corr,None,None,None,None
2706,exp_acyclic_indvary3_step2_batch_yyy01.pl,z4,no,0.39,no,corr,None,None,None,None
2707,exp_acyclic_indvary3_step2_batch_yyy01.pl,r4,no,0.43,no,corr,None,None,None,None
2708,exp_acyclic_indvary3_step2_batch_yyy01.pl,x1,no,1.38,no,corr,None,None,None,None
2709,exp_acyclic_indvary3_step2_batch_yyy01.pl,q7,no,0.67,no,corr,None,None,None,None
2710,exp_acyclic_indvary3_step2_batch_yyy01.pl,a2,no,0.34,no,corr,None,None,None,None
2711,exp_acyclic_indvary3_step2_batch_yyy02.pl,d5,no,0.36,no,corr,None,None,None,None
2712,exp_acyclic_indvary3_step2_batch_yyy02.pl,c4,no,0.37,no,corr,None,None,None,None
2713,exp_acyclic_indvary3_step2_batch_yyy02.pl,w7,no,0.48,no,corr,None,None,None,None
2714,exp_acyclic_indvary3_step2_batch_yyy02.pl,x3,no,0.37,no,corr,None,None,None,None
2715,exp_acyclic_indvary3_step2_batch_yyy02.pl,u4,no,0.33,no,corr,None,None,None,None
2716,exp_acyclic_indvary3_step2_batch_yyy02.pl,a4,no,0.37,no,corr,None,None,None,None
2717,exp_acyclic_indvary3_step2_batch_yyy02.pl,e4,no,0.38,no,corr,None,None,None,None
2718,exp_acyclic_indvary3_step2_batch_yyy02.pl,u3,no,0.34,no,corr,None,None,None,None
2719,exp_acyclic_indvary3_step2_batch_yyy02.pl,q3,no,1.2,no,corr,None,None,None,None
2720,exp_acyclic_indvary3_step2_batch_yyy02.pl,v3,no,21.28,no,corr,None,None,None,None
2721,exp_acyclic_indvary3_step2_batch_yyy03.pl,v7,no,0.36,no,corr,None,None,None,None
2722,exp_acyclic_indvary3_step2_batch_yyy03.pl,v6,no,0.43,no,corr,None,None,None,None
2723,exp_acyclic_indvary3_step2_batch_yyy03.pl,u4,no,0.46,no,corr,None,None,None,None
2724,exp_acyclic_indvary3_step2_batch_yyy03.pl,v5,no,0.36,no,corr,None,None,None,None
2725,exp_acyclic_indvary3_step2_batch_yyy03.pl,t7,no,0.24,no,corr,None,None,None,None
2726,exp_acyclic_indvary3_step2_batch_yyy03.pl,s1,no,0.26,no,corr,None,None,None,None
2727,exp_acyclic_indvary3_step2_batch_yyy03.pl,v1,no,0.34,no,corr,None,None,None,None
2728,exp_acyclic_indvary3_step2_batch_yyy03.pl,w1,,600.0,no,TIMEOUT,,,,
2729,exp_acyclic_indvary3_step2_batch_yyy03.pl,p6,no,0.44,no,corr,None,None,None,None
2730,exp_acyclic_indvary3_step2_batch_yyy03.pl,q2,no,0.21,no,corr,None,None,None,None
2731,exp_acyclic_indvary3_step2_batch_yyy04.pl,t5,no,0.31,no,corr,None,None,None,None
2732,exp_acyclic_indvary3_step2_batch_yyy04.pl,w7,no,0.3,no,corr,None,None,None,None
2733,exp_acyclic_indvary3_step2_batch_yyy04.pl,v6,no,0.41,no,corr,None,None,None,None
2734,exp_acyclic_indvary3_step2_batch_yyy04.pl,s5,no,0.34,no,corr,None,None,None,None
2735,exp_acyclic_indvary3_step2_batch_yyy04.pl,s2,no,0.51,no,corr,None,None,None,None
2736,exp_acyclic_indvary3_step2_batch_yyy04.pl,x2,no,0.33,no,corr,None,None,None,None
2737,exp_acyclic_indvary3_step2_batch_yyy04.pl,y3,no,174.16,no,corr,None,None,None,None
2738,exp_acyclic_indvary3_step2_batch_yyy04.pl,u2,yes,0.83,yes,corr,None,None,None,None
2739,exp_acyclic_indvary3_step2_batch_yyy04.pl,y6,no,0.31,no,corr,None,None,None,None
2740,exp_acyclic_indvary3_step2_batch_yyy04.pl,p6,no,0.27,no,corr,None,None,None,None
2741,exp_acyclic_indvary3_step2_batch_yyy05.pl,b2,yes,0.54,yes,corr,None,None,None,None
2742,exp_acyclic_indvary3_step2_batch_yyy05.pl,z5,no,0.45,no,corr,None,None,None,None
2743,exp_acyclic_indvary3_step2_batch_yyy05.pl,e4,no,0.34,no,corr,None,None,None,None
2744,exp_acyclic_indvary3_step2_batch_yyy05.pl,v1,yes,0.45,yes,corr,None,None,None,None
2745,exp_acyclic_indvary3_step2_batch_yyy05.pl,y2,yes,2.1,yes,corr,None,None,None,None
2746,exp_acyclic_indvary3_step2_batch_yyy05.pl,x4,no,0.44,no,corr,None,None,None,None
2747,exp_acyclic_indvary3_step2_batch_yyy05.pl,c1,yes,1.88,yes,corr,None,None,None,None
2748,exp_acyclic_indvary3_step2_batch_yyy05.pl,b5,no,0.26,no,corr,None,None,None,None
2749,exp_acyclic_indvary3_step2_batch_yyy05.pl,f4,no,0.31,no,corr,None,None,None,None
2750,exp_acyclic_indvary3_step2_batch_yyy05.pl,z3,no,288.49,no,corr,None,None,None,None
2751,exp_acyclic_indvary3_step2_batch_yyy06.pl,z6,no,0.46,no,corr,None,None,None,None
2752,exp_acyclic_indvary3_step2_batch_yyy06.pl,s4,no,0.26,no,corr,None,None,None,None
2753,exp_acyclic_indvary3_step2_batch_yyy06.pl,v2,no,25.34,no,corr,None,None,None,None
2754,exp_acyclic_indvary3_step2_batch_yyy06.pl,d3,no,0.59,no,corr,None,None,None,None
2755,exp_acyclic_indvary3_step2_batch_yyy06.pl,a5,no,0.4,no,corr,None,None,None,None
2756,exp_acyclic_indvary3_step2_batch_yyy06.pl,x4,no,0.57,no,corr,None,None,None,None
2757,exp_acyclic_indvary3_step2_batch_yyy06.pl,q5,no,0.5,no,corr,None,None,None,None
2758,exp_acyclic_indvary3_step2_batch_yyy06.pl,t3,no,0.58,no,corr,None,None,None,None
2759,exp_acyclic_indvary3_step2_batch_yyy06.pl,b6,no,0.4,no,corr,None,None,None,None
2760,exp_acyclic_indvary3_step2_batch_yyy06.pl,a1,yes,0.6,yes,corr,None,None,None,None
2761,exp_acyclic_indvary3_step2_batch_yyy07.pl,s4,no,0.55,no,corr,None,None,None,None
2762,exp_acyclic_indvary3_step2_batch_yyy07.pl,p4,no,0.26,no,corr,None,None,None,None
2763,exp_acyclic_indvary3_step2_batch_yyy07.pl,a4,no,0.48,no,corr,None,None,None,None
2764,exp_acyclic_indvary3_step2_batch_yyy07.pl,r5,no,0.28,no,corr,None,None,None,None
2765,exp_acyclic_indvary3_step2_batch_yyy07.pl,v4,no,0.31,no,corr,None,None,None,None
2766,exp_acyclic_indvary3_step2_batch_yyy07.pl,f4,no,0.39,no,corr,None,None,None,None
2767,exp_acyclic_indvary3_step2_batch_yyy07.pl,x6,no,0.4,no,corr,None,None,None,None
2768,exp_acyclic_indvary3_step2_batch_yyy07.pl,r7,no,0.35,no,corr,None,None,None,None
2769,exp_acyclic_indvary3_step2_batch_yyy07.pl,x5,no,0.3,no,corr,None,None,None,None
2770,exp_acyclic_indvary3_step2_batch_yyy07.pl,c1,yes,0.37,yes,corr,None,None,None,None
2771,exp_acyclic_indvary3_step2_batch_yyy08.pl,u5,no,0.42,no,corr,None,None,None,None
2772,exp_acyclic_indvary3_step2_batch_yyy08.pl,r6,no,0.41,no,corr,None,None,None,None
2773,exp_acyclic_indvary3_step2_batch_yyy08.pl,a4,no,0.43,no,corr,None,None,None,None
2774,exp_acyclic_indvary3_step2_batch_yyy08.pl,a3,yes,0.68,yes,corr,None,None,None,None
2775,exp_acyclic_indvary3_step2_batch_yyy08.pl,b6,no,0.33,no,corr,None,None,None,None
2776,exp_acyclic_indvary3_step2_batch_yyy08.pl,q2,no,6.62,no,corr,None,None,None,None
2777,exp_acyclic_indvary3_step2_batch_yyy08.pl,s2,no,0.52,no,corr,None,None,None,None
2778,exp_acyclic_indvary3_step2_batch_yyy08.pl,b1,yes,0.48,yes,corr,None,None,None,None
2779,exp_acyclic_indvary3_step2_batch_yyy08.pl,c1,no,9.12,no,corr,None,None,None,None
2780,exp_acyclic_indvary3_step2_batch_yyy08.pl,t2,no,148.26,no,corr,None,None,None,None
2781,exp_acyclic_indvary3_step2_batch_yyy09.pl,z5,no,0.44,no,corr,None,None,None,None
2782,exp_acyclic_indvary3_step2_batch_yyy09.pl,u7,no,0.29,no,corr,None,None,None,None
2783,exp_acyclic_indvary3_step2_batch_yyy09.pl,v1,no,0.4,no,corr,None,None,None,None
2784,exp_acyclic_indvary3_step2_batch_yyy09.pl,y2,no,0.45,no,corr,None,None,None,None
2785,exp_acyclic_indvary3_step2_batch_yyy09.pl,b6,no,0.53,no,corr,None,None,None,None
2786,exp_acyclic_indvary3_step2_batch_yyy09.pl,a6,no,0.3,no,corr,None,None,None,None
2787,exp_acyclic_indvary3_step2_batch_yyy09.pl,v7,no,0.44,no,corr,None,None,None,None
2788,exp_acyclic_indvary3_step2_batch_yyy09.pl,z4,no,0.27,no,corr,None,None,None,None
2789,exp_acyclic_indvary3_step2_batch_yyy09.pl,r5,no,0.42,no,corr,None,None,None,None
2790,exp_acyclic_indvary3_step2_batch_yyy09.pl,e4,no,0.31,no,corr,None,None,None,None
2791,exp_acyclic_indvary3_step2_batch_yyy10.pl,f5,no,0.33,no,corr,None,None,None,None
2792,exp_acyclic_indvary3_step2_batch_yyy10.pl,z4,no,0.35,no,corr,None,None,None,None
2793,exp_acyclic_indvary3_step2_batch_yyy10.pl,x5,no,0.37,no,corr,None,None,None,None
2794,exp_acyclic_indvary3_step2_batch_yyy10.pl,y1,no,0.39,no,corr,None,None,None,None
2795,exp_acyclic_indvary3_step2_batch_yyy10.pl,x6,no,0.36,no,corr,None,None,None,None
2796,exp_acyclic_indvary3_step2_batch_yyy10.pl,d1,yes,0.63,yes,corr,None,None,None,None
2797,exp_acyclic_indvary3_step2_batch_yyy10.pl,a6,no,0.44,no,corr,None,None,None,None
2798,exp_acyclic_indvary3_step2_batch_yyy10.pl,b3,yes,0.38,yes,corr,None,None,None,None
2799,exp_acyclic_indvary3_step2_batch_yyy10.pl,z1,no,3.43,no,corr,None,None,None,None
2800,exp_acyclic_indvary3_step2_batch_yyy10.pl,b1,no,0.49,no,corr,None,None,None,None
2801,exp_acyclic_indvary3_step3_batch_yyy01.pl,u5,no,0.58,no,corr,None,None,None,None
2802,exp_acyclic_indvary3_step3_batch_yyy01.pl,t4,no,0.31,no,corr,None,None,None,None
2803,exp_acyclic_indvary3_step3_batch_yyy01.pl,b3,yes,0.36,yes,corr,None,None,None,None
2804,exp_acyclic_indvary3_step3_batch_yyy01.pl,t3,yes,2.5,yes,corr,None,None,None,None
2805,exp_acyclic_indvary3_step3_batch_yyy01.pl,c1,yes,0.39,yes,corr,None,None,None,None
2806,exp_acyclic_indvary3_step3_batch_yyy01.pl,s1,no,0.46,no,corr,None,None,None,None
2807,exp_acyclic_indvary3_step3_batch_yyy01.pl,a3,no,7.78,no,corr,None,None,None,None
2808,exp_acyclic_indvary3_step3_batch_yyy01.pl,x4,no,0.52,no,corr,None,None,None,None
2809,exp_acyclic_indvary3_step3_batch_yyy01.pl,d1,yes,0.43,yes,corr,None,None,None,None
2810,exp_acyclic_indvary3_step3_batch_yyy01.pl,t1,no,7.56,no,corr,None,None,None,None
2811,exp_acyclic_indvary3_step3_batch_yyy02.pl,z6,no,0.43,no,corr,None,None,None,None
2812,exp_acyclic_indvary3_step3_batch_yyy02.pl,p4,no,0.29,no,corr,None,None,None,None
2813,exp_acyclic_indvary3_step3_batch_yyy02.pl,w2,no,3.27,no,corr,None,None,None,None
2814,exp_acyclic_indvary3_step3_batch_yyy02.pl,x2,no,9.34,no,corr,None,None,None,None
2815,exp_acyclic_indvary3_step3_batch_yyy02.pl,w4,no,0.34,no,corr,None,None,None,None
2816,exp_acyclic_indvary3_step3_batch_yyy02.pl,p2,no,0.52,no,corr,None,None,None,None
2817,exp_acyclic_indvary3_step3_batch_yyy02.pl,s4,no,0.49,no,corr,None,None,None,None
2818,exp_acyclic_indvary3_step3_batch_yyy02.pl,y4,no,0.29,no,corr,None,None,None,None
2819,exp_acyclic_indvary3_step3_batch_yyy02.pl,q7,no,0.47,no,corr,None,None,None,None
2820,exp_acyclic_indvary3_step3_batch_yyy02.pl,y5,no,0.28,no,corr,None,None,None,None
2821,exp_acyclic_indvary3_step3_batch_yyy03.pl,z5,no,0.38,no,corr,None,None,None,None
2822,exp_acyclic_indvary3_step3_batch_yyy03.pl,p5,no,0.43,no,corr,None,None,None,None
2823,exp_acyclic_indvary3_step3_batch_yyy03.pl,u7,no,0.48,no,corr,None,None,None,None
2824,exp_acyclic_indvary3_step3_batch_yyy03.pl,q5,no,0.6,no,corr,None,None,None,None
2825,exp_acyclic_indvary3_step3_batch_yyy03.pl,c2,no,0.38,no,corr,None,None,None,None
2826,exp_acyclic_indvary3_step3_batch_yyy03.pl,f3,no,0.62,no,corr,None,None,None,None
2827,exp_acyclic_indvary3_step3_batch_yyy03.pl,z2,no,18.67,no,corr,None,None,None,None
2828,exp_acyclic_indvary3_step3_batch_yyy03.pl,x1,no,0.51,no,corr,None,None,None,None
2829,exp_acyclic_indvary3_step3_batch_yyy03.pl,r3,no,0.51,no,corr,None,None,None,None
2830,exp_acyclic_indvary3_step3_batch_yyy03.pl,y6,no,0.33,no,corr,None,None,None,None
2831,exp_acyclic_indvary3_step3_batch_yyy04.pl,s3,no,11.08,no,corr,None,None,None,None
2832,exp_acyclic_indvary3_step3_batch_yyy04.pl,c2,yes,0.88,yes,corr,None,None,None,None
2833,exp_acyclic_indvary3_step3_batch_yyy04.pl,t7,no,0.28,no,corr,None,None,None,None
2834,exp_acyclic_indvary3_step3_batch_yyy04.pl,z3,no,0.43,no,corr,None,None,None,None
2835,exp_acyclic_indvary3_step3_batch_yyy04.pl,b6,no,0.36,no,corr,None,None,None,None
2836,exp_acyclic_indvary3_step3_batch_yyy04.pl,u2,no,0.27,no,corr,None,None,None,None
2837,exp_acyclic_indvary3_step3_batch_yyy04.pl,y6,no,0.31,no,corr,None,None,None,None
2838,exp_acyclic_indvary3_step3_batch_yyy04.pl,p6,no,0.32,no,corr,None,None,None,None
2839,exp_acyclic_indvary3_step3_batch_yyy04.pl,u5,no,0.37,no,corr,None,None,None,None
2840,exp_acyclic_indvary3_step3_batch_yyy04.pl,d5,no,0.5,no,corr,None,None,None,None
2841,exp_acyclic_indvary3_step3_batch_yyy05.pl,b3,yes,0.54,yes,corr,None,None,None,None
2842,exp_acyclic_indvary3_step3_batch_yyy05.pl,w5,no,0.31,no,corr,None,None,None,None
2843,exp_acyclic_indvary3_step3_batch_yyy05.pl,s5,no,0.23,no,corr,None,None,None,None
2844,exp_acyclic_indvary3_step3_batch_yyy05.pl,r5,no,0.5,no,corr,None,None,None,None
2845,exp_acyclic_indvary3_step3_batch_yyy05.pl,w4,no,0.3,no,corr,None,None,None,None
2846,exp_acyclic_indvary3_step3_batch_yyy05.pl,t1,no,1.3,no,corr,None,None,None,None
2847,exp_acyclic_indvary3_step3_batch_yyy05.pl,q2,no,6.1,no,corr,None,None,None,None
2848,exp_acyclic_indvary3_step3_batch_yyy05.pl,w2,no,3.66,no,corr,None,None,None,None
2849,exp_acyclic_indvary3_step3_batch_yyy05.pl,r6,no,0.44,no,corr,None,None,None,None
2850,exp_acyclic_indvary3_step3_batch_yyy05.pl,f1,yes,0.33,yes,corr,None,None,None,None
2851,exp_acyclic_indvary3_step3_batch_yyy06.pl,u6,no,0.34,no,corr,None,None,None,None
2852,exp_acyclic_indvary3_step3_batch_yyy06.pl,x3,no,0.31,no,corr,None,None,None,None
2853,exp_acyclic_indvary3_step3_batch_yyy06.pl,s5,no,0.36,no,corr,None,None,None,None
2854,exp_acyclic_indvary3_step3_batch_yyy06.pl,q4,no,8.12,no,corr,None,None,None,None
2855,exp_acyclic_indvary3_step3_batch_yyy06.pl,f3,no,0.56,no,corr,None,None,None,None
2856,exp_acyclic_indvary3_step3_batch_yyy06.pl,r7,no,0.36,no,corr,None,None,None,None
2857,exp_acyclic_indvary3_step3_batch_yyy06.pl,t4,no,0.36,no,corr,None,None,None,None
2858,exp_acyclic_indvary3_step3_batch_yyy06.pl,t5,no,0.36,no,corr,None,None,None,None
2859,exp_acyclic_indvary3_step3_batch_yyy06.pl,y2,no,8.68,no,corr,None,None,None,None
2860,exp_acyclic_indvary3_step3_batch_yyy06.pl,x6,no,0.4,no,corr,None,None,None,None
2861,exp_acyclic_indvary3_step3_batch_yyy07.pl,f1,yes,0.62,yes,corr,None,None,None,None
2862,exp_acyclic_indvary3_step3_batch_yyy07.pl,v5,no,0.28,no,corr,None,None,None,None
2863,exp_acyclic_indvary3_step3_batch_yyy07.pl,x7,no,0.32,no,corr,None,None,None,None
2864,exp_acyclic_indvary3_step3_batch_yyy07.pl,f3,no,0.31,no,corr,None,None,None,None
2865,exp_acyclic_indvary3_step3_batch_yyy07.pl,r4,no,0.39,no,corr,None,None,None,None
2866,exp_acyclic_indvary3_step3_batch_yyy07.pl,d2,yes,0.48,yes,corr,None,None,None,None
2867,exp_acyclic_indvary3_step3_batch_yyy07.pl,x6,no,0.34,no,corr,None,None,None,None
2868,exp_acyclic_indvary3_step3_batch_yyy07.pl,x1,no,0.32,no,corr,None,None,None,None
2869,exp_acyclic_indvary3_step3_batch_yyy07.pl,r2,no,0.43,no,corr,None,None,None,None
2870,exp_acyclic_indvary3_step3_batch_yyy07.pl,r7,no,0.38,no,corr,None,None,None,None
2871,exp_acyclic_indvary3_step3_batch_yyy08.pl,d5,no,0.48,no,corr,None,None,None,None
2872,exp_acyclic_indvary3_step3_batch_yyy08.pl,c3,yes,0.8,yes,corr,None,None,None,None
2873,exp_acyclic_indvary3_step3_batch_yyy08.pl,z6,no,0.25,no,corr,None,None,None,None
2874,exp_acyclic_indvary3_step3_batch_yyy08.pl,v7,no,0.28,no,corr,None,None,None,None
2875,exp_acyclic_indvary3_step3_batch_yyy08.pl,p7,no,0.33,no,corr,None,None,None,None
2876,exp_acyclic_indvary3_step3_batch_yyy08.pl,b4,no,0.24,no,corr,None,None,None,None
2877,exp_acyclic_indvary3_step3_batch_yyy08.pl,p3,no,46.4,no,corr,None,None,None,None
2878,exp_acyclic_indvary3_step3_batch_yyy08.pl,p6,no,0.3,no,corr,None,None,None,None
2879,exp_acyclic_indvary3_step3_batch_yyy08.pl,r1,no,373.59,no,corr,None,None,None,None
2880,exp_acyclic_indvary3_step3_batch_yyy08.pl,d2,,600.0,no,TIMEOUT,,,,
2881,exp_acyclic_indvary3_step3_batch_yyy09.pl,v7,no,0.4,no,corr,None,None,None,None
2882,exp_acyclic_indvary3_step3_batch_yyy09.pl,q6,no,0.34,no,corr,None,None,None,None
2883,exp_acyclic_indvary3_step3_batch_yyy09.pl,w2,no,0.5,no,corr,None,None,None,None
2884,exp_acyclic_indvary3_step3_batch_yyy09.pl,v5,no,0.36,no,corr,None,None,None,None
2885,exp_acyclic_indvary3_step3_batch_yyy09.pl,v1,no,5.92,no,corr,None,None,None,None
2886,exp_acyclic_indvary3_step3_batch_yyy09.pl,u3,no,0.37,no,corr,None,None,None,None
2887,exp_acyclic_indvary3_step3_batch_yyy09.pl,a1,yes,0.44,yes,corr,None,None,None,None
2888,exp_acyclic_indvary3_step3_batch_yyy09.pl,q7,no,0.36,no,corr,None,None,None,None
2889,exp_acyclic_indvary3_step3_batch_yyy09.pl,c1,no,0.32,no,corr,None,None,None,None
2890,exp_acyclic_indvary3_step3_batch_yyy09.pl,b5,no,0.33,no,corr,None,None,None,None
2891,exp_acyclic_indvary3_step3_batch_yyy10.pl,c3,yes,0.43,yes,corr,None,None,None,None
2892,exp_acyclic_indvary3_step3_batch_yyy10.pl,v7,no,0.35,no,corr,None,None,None,None
2893,exp_acyclic_indvary3_step3_batch_yyy10.pl,d3,no,0.41,no,corr,None,None,None,None
2894,exp_acyclic_indvary3_step3_batch_yyy10.pl,q5,no,0.31,no,corr,None,None,None,None
2895,exp_acyclic_indvary3_step3_batch_yyy10.pl,x7,no,0.48,no,corr,None,None,None,None
2896,exp_acyclic_indvary3_step3_batch_yyy10.pl,a4,no,0.52,no,corr,None,None,None,None
2897,exp_acyclic_indvary3_step3_batch_yyy10.pl,d2,yes,0.45,yes,corr,None,None,None,None
2898,exp_acyclic_indvary3_step3_batch_yyy10.pl,a3,no,1.81,no,corr,None,None,None,None
2899,exp_acyclic_indvary3_step3_batch_yyy10.pl,t1,no,0.47,no,corr,None,None,None,None
2900,exp_acyclic_indvary3_step3_batch_yyy10.pl,y6,no,0.47,no,corr,None,None,None,None
2901,exp_acyclic_indvary3_step4_batch_yyy01.pl,z6,no,0.34,no,corr,None,None,None,None
2902,exp_acyclic_indvary3_step4_batch_yyy01.pl,p7,no,0.56,no,corr,None,None,None,None
2903,exp_acyclic_indvary3_step4_batch_yyy01.pl,v1,no,23.02,no,corr,None,None,None,None
2904,exp_acyclic_indvary3_step4_batch_yyy01.pl,p1,no,0.33,no,corr,None,None,None,None
2905,exp_acyclic_indvary3_step4_batch_yyy01.pl,s4,no,0.37,no,corr,None,None,None,None
2906,exp_acyclic_indvary3_step4_batch_yyy01.pl,v7,no,0.51,no,corr,None,None,None,None
2907,exp_acyclic_indvary3_step4_batch_yyy01.pl,c5,no,0.52,no,corr,None,None,None,None
2908,exp_acyclic_indvary3_step4_batch_yyy01.pl,t6,no,0.48,no,corr,None,None,None,None
2909,exp_acyclic_indvary3_step4_batch_yyy01.pl,u2,no,0.38,no,corr,None,None,None,None
2910,exp_acyclic_indvary3_step4_batch_yyy01.pl,t1,no,5.37,no,corr,None,None,None,None
2911,exp_acyclic_indvary3_step4_batch_yyy02.pl,d5,no,0.51,no,corr,None,None,None,None
2912,exp_acyclic_indvary3_step4_batch_yyy02.pl,v5,no,0.21,no,corr,None,None,None,None
2913,exp_acyclic_indvary3_step4_batch_yyy02.pl,c5,no,0.49,no,corr,None,None,None,None
2914,exp_acyclic_indvary3_step4_batch_yyy02.pl,y3,no,3.08,no,corr,None,None,None,None
2915,exp_acyclic_indvary3_step4_batch_yyy02.pl,t2,no,1.72,no,corr,None,None,None,None
2916,exp_acyclic_indvary3_step4_batch_yyy02.pl,u3,no,0.57,no,corr,None,None,None,None
2917,exp_acyclic_indvary3_step4_batch_yyy02.pl,t5,no,0.25,no,corr,None,None,None,None
2918,exp_acyclic_indvary3_step4_batch_yyy02.pl,c4,no,0.28,no,corr,None,None,None,None
2919,exp_acyclic_indvary3_step4_batch_yyy02.pl,z5,no,0.38,no,corr,None,None,None,None
2920,exp_acyclic_indvary3_step4_batch_yyy02.pl,v2,no,4.44,no,corr,None,None,None,None
2921,exp_acyclic_indvary3_step4_batch_yyy03.pl,b3,yes,0.65,yes,corr,None,None,None,None
2922,exp_acyclic_indvary3_step4_batch_yyy03.pl,q5,no,0.54,no,corr,None,None,None,None
2923,exp_acyclic_indvary3_step4_batch_yyy03.pl,x7,no,0.2,no,corr,None,None,None,None
2924,exp_acyclic_indvary3_step4_batch_yyy03.pl,f3,no,0.42,no,corr,None,None,None,None
2925,exp_acyclic_indvary3_step4_batch_yyy03.pl,x5,no,0.4,no,corr,None,None,None,None
2926,exp_acyclic_indvary3_step4_batch_yyy03.pl,u3,no,0.51,no,corr,None,None,None,None
2927,exp_acyclic_indvary3_step4_batch_yyy03.pl,r3,no,0.56,no,corr,None,None,None,None
2928,exp_acyclic_indvary3_step4_batch_yyy03.pl,x4,no,0.4,no,corr,None,None,None,None
2929,exp_acyclic_indvary3_step4_batch_yyy03.pl,s1,no,0.33,no,corr,None,None,None,None
2930,exp_acyclic_indvary3_step4_batch_yyy03.pl,d2,yes,0.51,yes,corr,None,None,None,None
2931,exp_acyclic_indvary3_step4_batch_yyy04.pl,z5,no,0.44,no,corr,None,None,None,None
2932,exp_acyclic_indvary3_step4_batch_yyy04.pl,p7,no,0.65,no,corr,None,None,None,None
2933,exp_acyclic_indvary3_step4_batch_yyy04.pl,f1,yes,0.42,yes,corr,None,None,None,None
2934,exp_acyclic_indvary3_step4_batch_yyy04.pl,u7,no,0.44,no,corr,None,None,None,None
2935,exp_acyclic_indvary3_step4_batch_yyy04.pl,r5,no,0.38,no,corr,None,None,None,None
2936,exp_acyclic_indvary3_step4_batch_yyy04.pl,z3,no,0.25,no,corr,None,None,None,None
2937,exp_acyclic_indvary3_step4_batch_yyy04.pl,a1,no,0.37,no,corr,None,None,None,None
2938,exp_acyclic_indvary3_step4_batch_yyy04.pl,f2,yes,0.31,yes,corr,None,None,None,None
2939,exp_acyclic_indvary3_step4_batch_yyy04.pl,b3,yes,0.32,yes,corr,None,None,None,None
2940,exp_acyclic_indvary3_step4_batch_yyy04.pl,w7,no,0.46,no,corr,None,None,None,None
2941,exp_acyclic_indvary3_step4_batch_yyy05.pl,d5,no,0.41,no,corr,None,None,None,None
2942,exp_acyclic_indvary3_step4_batch_yyy05.pl,b4,no,0.32,no,corr,None,None,None,None
2943,exp_acyclic_indvary3_step4_batch_yyy05.pl,t6,no,0.37,no,corr,None,None,None,None
2944,exp_acyclic_indvary3_step4_batch_yyy05.pl,w1,no,1.7,no,corr,None,None,None,None
2945,exp_acyclic_indvary3_step4_batch_yyy05.pl,t2,no,0.24,no,corr,None,None,None,None
2946,exp_acyclic_indvary3_step4_batch_yyy05.pl,x6,no,0.37,no,corr,None,None,None,None
2947,exp_acyclic_indvary3_step4_batch_yyy05.pl,v3,no,0.26,no,corr,None,None,None,None
2948,exp_acyclic_indvary3_step4_batch_yyy05.pl,w3,no,12.4,no,corr,None,None,None,None
2949,exp_acyclic_indvary3_step4_batch_yyy05.pl,u3,no,5.24,no,corr,None,None,None,None
2950,exp_acyclic_indvary3_step4_batch_yyy05.pl,r4,no,0.29,no,corr,None,None,None,None
2951,exp_acyclic_indvary3_step4_batch_yyy06.pl,d3,no,0.69,no,corr,None,None,None,None
2952,exp_acyclic_indvary3_step4_batch_yyy06.pl,z1,no,0.41,no,corr,None,None,None,None
2953,exp_acyclic_indvary3_step4_batch_yyy06.pl,s1,no,0.3,no,corr,None,None,None,None
2954,exp_acyclic_indvary3_step4_batch_yyy06.pl,x6,no,0.39,no,corr,None,None,None,None
2955,exp_acyclic_indvary3_step4_batch_yyy06.pl,b3,no,0.46,no,corr,None,None,None,None
2956,exp_acyclic_indvary3_step4_batch_yyy06.pl,w7,no,0.4,no,corr,None,None,None,None
2957,exp_acyclic_indvary3_step4_batch_yyy06.pl,z4,no,0.38,no,corr,None,None,None,None
2958,exp_acyclic_indvary3_step4_batch_yyy06.pl,y3,no,0.34,no,corr,None,None,None,None
2959,exp_acyclic_indvary3_step4_batch_yyy06.pl,q7,no,0.25,no,corr,None,None,None,None
2960,exp_acyclic_indvary3_step4_batch_yyy06.pl,y6,no,0.37,no,corr,None,None,None,None
2961,exp_acyclic_indvary3_step4_batch_yyy07.pl,q6,no,0.57,no,corr,None,None,None,None
2962,exp_acyclic_indvary3_step4_batch_yyy07.pl,p5,no,0.33,no,corr,None,None,None,None
2963,exp_acyclic_indvary3_step4_batch_yyy07.pl,d3,no,0.29,no,corr,None,None,None,None
2964,exp_acyclic_indvary3_step4_batch_yyy07.pl,r5,no,0.47,no,corr,None,None,None,None
2965,exp_acyclic_indvary3_step4_batch_yyy07.pl,p3,no,0.24,no,corr,None,None,None,None
2966,exp_acyclic_indvary3_step4_batch_yyy07.pl,s6,no,0.28,no,corr,None,None,None,None
2967,exp_acyclic_indvary3_step4_batch_yyy07.pl,e2,yes,0.29,yes,corr,None,None,None,None
2968,exp_acyclic_indvary3_step4_batch_yyy07.pl,a2,no,0.5,no,corr,None,None,None,None
2969,exp_acyclic_indvary3_step4_batch_yyy07.pl,u3,no,0.73,no,corr,None,None,None,None
2970,exp_acyclic_indvary3_step4_batch_yyy07.pl,r4,no,0.25,no,corr,None,None,None,None
2971,exp_acyclic_indvary3_step4_batch_yyy08.pl,b3,yes,0.54,yes,corr,None,None,None,None
2972,exp_acyclic_indvary3_step4_batch_yyy08.pl,z5,no,0.44,no,corr,None,None,None,None
2973,exp_acyclic_indvary3_step4_batch_yyy08.pl,a4,no,0.26,no,corr,None,None,None,None
2974,exp_acyclic_indvary3_step4_batch_yyy08.pl,v3,no,0.38,no,corr,None,None,None,None
2975,exp_acyclic_indvary3_step4_batch_yyy08.pl,p4,no,0.37,no,corr,None,None,None,None
2976,exp_acyclic_indvary3_step4_batch_yyy08.pl,p5,no,0.32,no,corr,None,None,None,None
2977,exp_acyclic_indvary3_step4_batch_yyy08.pl,u2,no,33.84,no,corr,None,None,None,None
2978,exp_acyclic_indvary3_step4_batch_yyy08.pl,t1,no,0.38,no,corr,None,None,None,None
2979,exp_acyclic_indvary3_step4_batch_yyy08.pl,x4,no,0.38,no,corr,None,None,None,None
2980,exp_acyclic_indvary3_step4_batch_yyy08.pl,w3,no,0.32,no,corr,None,None,None,None
2981,exp_acyclic_indvary3_step4_batch_yyy09.pl,u5,no,0.43,no,corr,None,None,None,None
2982,exp_acyclic_indvary3_step4_batch_yyy09.pl,q6,no,0.7,no,corr,None,None,None,None
2983,exp_acyclic_indvary3_step4_batch_yyy09.pl,f1,yes,0.66,yes,corr,None,None,None,None
2984,exp_acyclic_indvary3_step4_batch_yyy09.pl,f3,no,0.38,no,corr,None,None,None,None
2985,exp_acyclic_indvary3_step4_batch_yyy09.pl,s6,no,0.35,no,corr,None,None,None,None
2986,exp_acyclic_indvary3_step4_batch_yyy09.pl,r4,no,0.48,no,corr,None,None,None,None
2987,exp_acyclic_indvary3_step4_batch_yyy09.pl,r1,no,0.43,no,corr,None,None,None,None
2988,exp_acyclic_indvary3_step4_batch_yyy09.pl,r2,no,68.73,no,corr,None,None,None,None
2989,exp_acyclic_indvary3_step4_batch_yyy09.pl,y6,no,0.47,no,corr,None,None,None,None
2990,exp_acyclic_indvary3_step4_batch_yyy09.pl,q2,no,0.52,no,corr,None,None,None,None
2991,exp_acyclic_indvary3_step4_batch_yyy10.pl,u5,no,0.43,no,corr,None,None,None,None
2992,exp_acyclic_indvary3_step4_batch_yyy10.pl,b2,no,0.45,no,corr,None,None,None,None
2993,exp_acyclic_indvary3_step4_batch_yyy10.pl,d3,no,0.47,no,corr,None,None,None,None
2994,exp_acyclic_indvary3_step4_batch_yyy10.pl,f3,no,0.38,no,corr,None,None,None,None
2995,exp_acyclic_indvary3_step4_batch_yyy10.pl,e3,no,0.48,no,corr,None,None,None,None
2996,exp_acyclic_indvary3_step4_batch_yyy10.pl,r7,no,0.48,no,corr,None,None,None,None
2997,exp_acyclic_indvary3_step4_batch_yyy10.pl,c3,yes,0.33,yes,corr,None,None,None,None
2998,exp_acyclic_indvary3_step4_batch_yyy10.pl,t5,no,0.56,no,corr,None,None,None,None
2999,exp_acyclic_indvary3_step4_batch_yyy10.pl,s5,no,0.35,no,corr,None,None,None,None
3000,exp_acyclic_indvary3_step4_batch_yyy10.pl,b4,no,0.43,no,corr,None,None,None,None
3001,exp_acyclic_indvary3_step5_batch_yyy01.pl,s4,no,0.33,no,corr,None,None,None,None
3002,exp_acyclic_indvary3_step5_batch_yyy01.pl,w5,no,0.56,no,corr,None,None,None,None
3003,exp_acyclic_indvary3_step5_batch_yyy01.pl,b1,no,0.68,no,corr,None,None,None,None
3004,exp_acyclic_indvary3_step5_batch_yyy01.pl,t2,no,0.39,no,corr,None,None,None,None
3005,exp_acyclic_indvary3_step5_batch_yyy01.pl,y1,no,0.55,no,corr,None,None,None,None
3006,exp_acyclic_indvary3_step5_batch_yyy01.pl,p1,no,0.66,no,corr,None,None,None,None
3007,exp_acyclic_indvary3_step5_batch_yyy01.pl,y5,no,0.38,no,corr,None,None,None,None
3008,exp_acyclic_indvary3_step5_batch_yyy01.pl,s5,no,0.34,no,corr,None,None,None,None
3009,exp_acyclic_indvary3_step5_batch_yyy01.pl,b4,no,0.25,no,corr,None,None,None,None
3010,exp_acyclic_indvary3_step5_batch_yyy01.pl,q5,no,0.41,no,corr,None,None,None,None
3011,exp_acyclic_indvary3_step5_batch_yyy02.pl,z6,no,0.29,no,corr,None,None,None,None
3012,exp_acyclic_indvary3_step5_batch_yyy02.pl,z5,no,0.35,no,corr,None,None,None,None
3013,exp_acyclic_indvary3_step5_batch_yyy02.pl,v6,no,0.51,no,corr,None,None,None,None
3014,exp_acyclic_indvary3_step5_batch_yyy02.pl,z2,no,0.39,no,corr,None,None,None,None
3015,exp_acyclic_indvary3_step5_batch_yyy02.pl,x1,no,0.55,no,corr,None,None,None,None
3016,exp_acyclic_indvary3_step5_batch_yyy02.pl,a1,yes,0.56,yes,corr,None,None,None,None
3017,exp_acyclic_indvary3_step5_batch_yyy02.pl,u2,,600.0,no,TIMEOUT,,,,
3018,exp_acyclic_indvary3_step5_batch_yyy02.pl,p6,no,0.53,no,corr,None,None,None,None
3019,exp_acyclic_indvary3_step5_batch_yyy02.pl,x2,no,0.3,no,corr,None,None,None,None
3020,exp_acyclic_indvary3_step5_batch_yyy02.pl,f5,no,0.37,no,corr,None,None,None,None
3021,exp_acyclic_indvary3_step5_batch_yyy03.pl,q6,no,0.41,no,corr,None,None,None,None
3022,exp_acyclic_indvary3_step5_batch_yyy03.pl,p4,no,0.37,no,corr,None,None,None,None
3023,exp_acyclic_indvary3_step5_batch_yyy03.pl,v6,no,0.27,no,corr,None,None,None,None
3024,exp_acyclic_indvary3_step5_batch_yyy03.pl,u7,no,0.39,no,corr,None,None,None,None
3025,exp_acyclic_indvary3_step5_batch_yyy03.pl,t3,no,153.94,no,corr,None,None,None,None
3026,exp_acyclic_indvary3_step5_batch_yyy03.pl,y2,no,0.36,no,corr,None,None,None,None
3027,exp_acyclic_indvary3_step5_batch_yyy03.pl,c6,no,0.49,no,corr,None,None,None,None
3028,exp_acyclic_indvary3_step5_batch_yyy03.pl,b5,no,0.31,no,corr,None,None,None,None
3029,exp_acyclic_indvary3_step5_batch_yyy03.pl,q7,no,0.26,no,corr,None,None,None,None
3030,exp_acyclic_indvary3_step5_batch_yyy03.pl,y6,no,0.29,no,corr,None,None,None,None
3031,exp_acyclic_indvary3_step5_batch_yyy04.pl,a6,no,0.56,no,corr,None,None,None,None
3032,exp_acyclic_indvary3_step5_batch_yyy04.pl,v2,no,11.38,no,corr,None,None,None,None
3033,exp_acyclic_indvary3_step5_batch_yyy04.pl,f1,yes,0.46,yes,corr,None,None,None,None
3034,exp_acyclic_indvary3_step5_batch_yyy04.pl,d3,no,0.43,no,corr,None,None,None,None
3035,exp_acyclic_indvary3_step5_batch_yyy04.pl,u7,no,0.39,no,corr,None,None,None,None
3036,exp_acyclic_indvary3_step5_batch_yyy04.pl,s5,no,0.35,no,corr,None,None,None,None
3037,exp_acyclic_indvary3_step5_batch_yyy04.pl,a5,no,0.44,no,corr,None,None,None,None
3038,exp_acyclic_indvary3_step5_batch_yyy04.pl,v1,no,0.64,no,corr,None,None,None,None
3039,exp_acyclic_indvary3_step5_batch_yyy04.pl,s7,no,0.43,no,corr,None,None,None,None
3040,exp_acyclic_indvary3_step5_batch_yyy04.pl,e2,yes,0.39,yes,corr,None,None,None,None
3041,exp_acyclic_indvary3_step5_batch_yyy05.pl,u6,no,0.44,no,corr,None,None,None,None
3042,exp_acyclic_indvary3_step5_batch_yyy05.pl,b2,yes,0.55,yes,corr,None,None,None,None
3043,exp_acyclic_indvary3_step5_batch_yyy05.pl,y2,no,8.27,no,corr,None,None,None,None
3044,exp_acyclic_indvary3_step5_batch_yyy05.pl,p1,no,0.47,no,corr,None,None,None,None
3045,exp_acyclic_indvary3_step5_batch_yyy05.pl,a6,no,0.48,no,corr,None,None,None,None
3046,exp_acyclic_indvary3_step5_batch_yyy05.pl,s4,no,0.31,no,corr,None,None,None,None
3047,exp_acyclic_indvary3_step5_batch_yyy05.pl,s2,no,0.32,no,corr,None,None,None,None
3048,exp_acyclic_indvary3_step5_batch_yyy05.pl,t6,no,0.37,no,corr,None,None,None,None
3049,exp_acyclic_indvary3_step5_batch_yyy05.pl,r1,no,4.85,no,corr,None,None,None,None
3050,exp_acyclic_indvary3_step5_batch_yyy05.pl,d2,no,1.89,no,corr,None,None,None,None
3051,exp_acyclic_indvary3_step5_batch_yyy06.pl,z5,no,0.31,no,corr,None,None,None,None
3052,exp_acyclic_indvary3_step5_batch_yyy06.pl,u7,no,0.39,no,corr,None,None,None,None
3053,exp_acyclic_indvary3_step5_batch_yyy06.pl,f5,no,0.35,no,corr,None,None,None,None
3054,exp_acyclic_indvary3_step5_batch_yyy06.pl,a3,yes,0.25,yes,corr,None,None,None,None
3055,exp_acyclic_indvary3_step5_batch_yyy06.pl,u2,no,0.37,no,corr,None,None,None,None
3056,exp_acyclic_indvary3_step5_batch_yyy06.pl,a2,no,0.33,no,corr,None,None,None,None
3057,exp_acyclic_indvary3_step5_batch_yyy06.pl,w2,no,39.47,no,corr,None,None,None,None
3058,exp_acyclic_indvary3_step5_batch_yyy06.pl,f1,yes,0.51,yes,corr,None,None,None,None
3059,exp_acyclic_indvary3_step5_batch_yyy06.pl,d3,no,0.55,no,corr,None,None,None,None
3060,exp_acyclic_indvary3_step5_batch_yyy06.pl,u4,no,0.26,no,corr,None,None,None,None
3061,exp_acyclic_indvary3_step5_batch_yyy07.pl,p5,no,0.41,no,corr,None,None,None,None
3062,exp_acyclic_indvary3_step5_batch_yyy07.pl,u7,no,0.38,no,corr,None,None,None,None
3063,exp_acyclic_indvary3_step5_batch_yyy07.pl,q3,no,32.19,no,corr,None,None,None,None
3064,exp_acyclic_indvary3_step5_batch_yyy07.pl,r7,no,0.48,no,corr,None,None,None,None
3065,exp_acyclic_indvary3_step5_batch_yyy07.pl,a2,yes,0.35,yes,corr,None,None,None,None
3066,exp_acyclic_indvary3_step5_batch_yyy07.pl,p6,no,0.37,no,corr,None,None,None,None
3067,exp_acyclic_indvary3_step5_batch_yyy07.pl,t7,no,0.35,no,corr,None,None,None,None
3068,exp_acyclic_indvary3_step5_batch_yyy07.pl,z2,no,32.0,no,corr,None,None,None,None
3069,exp_acyclic_indvary3_step5_batch_yyy07.pl,r3,no,9.6,no,corr,None,None,None,None
3070,exp_acyclic_indvary3_step5_batch_yyy07.pl,q1,,600.0,no,TIMEOUT,,,,
3071,exp_acyclic_indvary3_step5_batch_yyy08.pl,v2,no,0.48,no,corr,None,None,None,None
3072,exp_acyclic_indvary3_step5_batch_yyy08.pl,p5,no,0.39,no,corr,None,None,None,None
3073,exp_acyclic_indvary3_step5_batch_yyy08.pl,f1,yes,0.6,yes,corr,None,None,None,None
3074,exp_acyclic_indvary3_step5_batch_yyy08.pl,r7,no,0.28,no,corr,None,None,None,None
3075,exp_acyclic_indvary3_step5_batch_yyy08.pl,p1,no,5.26,no,corr,None,None,None,None
3076,exp_acyclic_indvary3_step5_batch_yyy08.pl,u3,no,0.31,no,corr,None,None,None,None
3077,exp_acyclic_indvary3_step5_batch_yyy08.pl,v4,no,0.32,no,corr,None,None,None,None
3078,exp_acyclic_indvary3_step5_batch_yyy08.pl,e3,no,0.54,no,corr,None,None,None,None
3079,exp_acyclic_indvary3_step5_batch_yyy08.pl,y1,no,5.0,no,corr,None,None,None,None
3080,exp_acyclic_indvary3_step5_batch_yyy08.pl,s1,no,0.35,no,corr,None,None,None,None
3081,exp_acyclic_indvary3_step5_batch_yyy09.pl,f1,no,0.51,no,corr,None,None,None,None
3082,exp_acyclic_indvary3_step5_batch_yyy09.pl,b4,no,0.46,no,corr,None,None,None,None
3083,exp_acyclic_indvary3_step5_batch_yyy09.pl,v1,no,0.46,no,corr,None,None,None,None
3084,exp_acyclic_indvary3_step5_batch_yyy09.pl,t2,no,25.7,no,corr,None,None,None,None
3085,exp_acyclic_indvary3_step5_batch_yyy09.pl,r1,no,0.4,no,corr,None,None,None,None
3086,exp_acyclic_indvary3_step5_batch_yyy09.pl,w3,no,0.28,no,corr,None,None,None,None
3087,exp_acyclic_indvary3_step5_batch_yyy09.pl,t5,no,0.41,no,corr,None,None,None,None
3088,exp_acyclic_indvary3_step5_batch_yyy09.pl,c4,no,0.26,no,corr,None,None,None,None
3089,exp_acyclic_indvary3_step5_batch_yyy09.pl,f2,yes,0.28,yes,corr,None,None,None,None
3090,exp_acyclic_indvary3_step5_batch_yyy09.pl,q2,no,0.43,no,corr,None,None,None,None
3091,exp_acyclic_indvary3_step5_batch_yyy10.pl,a6,no,0.65,no,corr,None,None,None,None
3092,exp_acyclic_indvary3_step5_batch_yyy10.pl,v2,no,24.37,no,corr,None,None,None,None
3093,exp_acyclic_indvary3_step5_batch_yyy10.pl,w2,no,7.33,no,corr,None,None,None,None
3094,exp_acyclic_indvary3_step5_batch_yyy10.pl,d3,no,0.52,no,corr,None,None,None,None
3095,exp_acyclic_indvary3_step5_batch_yyy10.pl,e4,no,0.45,no,corr,None,None,None,None
3096,exp_acyclic_indvary3_step5_batch_yyy10.pl,a3,yes,0.34,yes,corr,None,None,None,None
3097,exp_acyclic_indvary3_step5_batch_yyy10.pl,u3,no,0.3,no,corr,None,None,None,None
3098,exp_acyclic_indvary3_step5_batch_yyy10.pl,e3,no,0.36,no,corr,None,None,None,None
3099,exp_acyclic_indvary3_step5_batch_yyy10.pl,r3,no,0.44,no,corr,None,None,None,None
3100,exp_acyclic_indvary3_step5_batch_yyy10.pl,u2,no,0.45,no,corr,None,None,None,None
3101,exp_acyclic_indvary3_step6_batch_yyy01.pl,q6,no,0.37,no,corr,None,None,None,None
3102,exp_acyclic_indvary3_step6_batch_yyy01.pl,w4,no,0.33,no,corr,None,None,None,None
3103,exp_acyclic_indvary3_step6_batch_yyy01.pl,d2,yes,0.4,yes,corr,None,None,None,None
3104,exp_acyclic_indvary3_step6_batch_yyy01.pl,x1,no,0.31,no,corr,None,None,None,None
3105,exp_acyclic_indvary3_step6_batch_yyy01.pl,y4,no,0.36,no,corr,None,None,None,None
3106,exp_acyclic_indvary3_step6_batch_yyy01.pl,v7,no,0.34,no,corr,None,None,None,None
3107,exp_acyclic_indvary3_step6_batch_yyy01.pl,p7,no,0.4,no,corr,None,None,None,None
3108,exp_acyclic_indvary3_step6_batch_yyy01.pl,x3,no,0.31,no,corr,None,None,None,None
3109,exp_acyclic_indvary3_step6_batch_yyy01.pl,e2,yes,0.48,yes,corr,None,None,None,None
3110,exp_acyclic_indvary3_step6_batch_yyy01.pl,t1,no,0.62,no,corr,None,None,None,None
3111,exp_acyclic_indvary3_step6_batch_yyy02.pl,z6,no,0.46,no,corr,None,None,None,None
3112,exp_acyclic_indvary3_step6_batch_yyy02.pl,p7,no,0.57,no,corr,None,None,None,None
3113,exp_acyclic_indvary3_step6_batch_yyy02.pl,v6,no,0.48,no,corr,None,None,None,None
3114,exp_acyclic_indvary3_step6_batch_yyy02.pl,c5,no,0.42,no,corr,None,None,None,None
3115,exp_acyclic_indvary3_step6_batch_yyy02.pl,q4,no,0.74,no,corr,None,None,None,None
3116,exp_acyclic_indvary3_step6_batch_yyy02.pl,f3,no,0.55,no,corr,None,None,None,None
3117,exp_acyclic_indvary3_step6_batch_yyy02.pl,u3,no,0.57,no,corr,None,None,None,None
3118,exp_acyclic_indvary3_step6_batch_yyy02.pl,y5,no,0.46,no,corr,None,None,None,None
3119,exp_acyclic_indvary3_step6_batch_yyy02.pl,s7,no,0.52,no,corr,None,None,None,None
3120,exp_acyclic_indvary3_step6_batch_yyy02.pl,a1,yes,0.52,yes,corr,None,None,None,None
3121,exp_acyclic_indvary3_step6_batch_yyy03.pl,u5,no,0.34,no,corr,None,None,None,None
3122,exp_acyclic_indvary3_step6_batch_yyy03.pl,q4,no,2.03,no,corr,None,None,None,None
3123,exp_acyclic_indvary3_step6_batch_yyy03.pl,y3,no,0.58,no,corr,None,None,None,None
3124,exp_acyclic_indvary3_step6_batch_yyy03.pl,b5,no,0.42,no,corr,None,None,None,None
3125,exp_acyclic_indvary3_step6_batch_yyy03.pl,e3,no,0.47,no,corr,None,None,None,None
3126,exp_acyclic_indvary3_step6_batch_yyy03.pl,p2,no,195.91,no,corr,None,None,None,None
3127,exp_acyclic_indvary3_step6_batch_yyy03.pl,r3,no,0.37,no,corr,None,None,None,None
3128,exp_acyclic_indvary3_step6_batch_yyy03.pl,y6,no,0.41,no,corr,None,None,None,None
3129,exp_acyclic_indvary3_step6_batch_yyy03.pl,f1,no,203.63,no,corr,None,None,None,None
3130,exp_acyclic_indvary3_step6_batch_yyy03.pl,e5,no,0.62,no,corr,None,None,None,None
3131,exp_acyclic_indvary3_step6_batch_yyy04.pl,v7,no,0.38,no,corr,None,None,None,None
3132,exp_acyclic_indvary3_step6_batch_yyy04.pl,q6,no,0.31,no,corr,None,None,None,None
3133,exp_acyclic_indvary3_step6_batch_yyy04.pl,d3,no,0.39,no,corr,None,None,None,None
3134,exp_acyclic_indvary3_step6_batch_yyy04.pl,y2,no,0.44,no,corr,None,None,None,None
3135,exp_acyclic_indvary3_step6_batch_yyy04.pl,y5,no,0.24,no,corr,None,None,None,None
3136,exp_acyclic_indvary3_step6_batch_yyy04.pl,s2,no,332.76,no,corr,None,None,None,None
3137,exp_acyclic_indvary3_step6_batch_yyy04.pl,a5,no,0.29,no,corr,None,None,None,None
3138,exp_acyclic_indvary3_step6_batch_yyy04.pl,e2,yes,0.45,yes,corr,None,None,None,None
3139,exp_acyclic_indvary3_step6_batch_yyy04.pl,d1,yes,0.26,yes,corr,None,None,None,None
3140,exp_acyclic_indvary3_step6_batch_yyy04.pl,u2,no,6.14,no,corr,None,None,None,None
3141,exp_acyclic_indvary3_step6_batch_yyy05.pl,d5,no,0.4,no,corr,None,None,None,None
3142,exp_acyclic_indvary3_step6_batch_yyy05.pl,e1,yes,0.27,yes,corr,None,None,None,None
3143,exp_acyclic_indvary3_step6_batch_yyy05.pl,b4,no,0.19,no,corr,None,None,None,None
3144,exp_acyclic_indvary3_step6_batch_yyy05.pl,x7,no,0.3,no,corr,None,None,None,None
3145,exp_acyclic_indvary3_step6_batch_yyy05.pl,d2,yes,0.6,yes,corr,None,None,None,None
3146,exp_acyclic_indvary3_step6_batch_yyy05.pl,p2,no,0.5,no,corr,None,None,None,None
3147,exp_acyclic_indvary3_step6_batch_yyy05.pl,a3,yes,0.29,yes,corr,None,None,None,None
3148,exp_acyclic_indvary3_step6_batch_yyy05.pl,q3,no,48.92,no,corr,None,None,None,None
3149,exp_acyclic_indvary3_step6_batch_yyy05.pl,a1,no,0.42,no,corr,None,None,None,None
3150,exp_acyclic_indvary3_step6_batch_yyy05.pl,e2,yes,0.23,yes,corr,None,None,None,None
3151,exp_acyclic_indvary3_step6_batch_yyy06.pl,y4,no,0.58,no,corr,None,None,None,None
3152,exp_acyclic_indvary3_step6_batch_yyy06.pl,u7,no,0.6,no,corr,None,None,None,None
3153,exp_acyclic_indvary3_step6_batch_yyy06.pl,c5,no,0.43,no,corr,None,None,None,None
3154,exp_acyclic_indvary3_step6_batch_yyy06.pl,r5,no,0.39,no,corr,None,None,None,None
3155,exp_acyclic_indvary3_step6_batch_yyy06.pl,f3,no,0.39,no,corr,None,None,None,None
3156,exp_acyclic_indvary3_step6_batch_yyy06.pl,s6,no,0.35,no,corr,None,None,None,None
3157,exp_acyclic_indvary3_step6_batch_yyy06.pl,u2,no,5.94,no,corr,None,None,None,None
3158,exp_acyclic_indvary3_step6_batch_yyy06.pl,a2,yes,0.59,yes,corr,None,None,None,None
3159,exp_acyclic_indvary3_step6_batch_yyy06.pl,v1,no,10.71,no,corr,None,None,None,None
3160,exp_acyclic_indvary3_step6_batch_yyy06.pl,p3,no,3.8,no,corr,None,None,None,None
3161,exp_acyclic_indvary3_step6_batch_yyy07.pl,t4,no,0.48,no,corr,None,None,None,None
3162,exp_acyclic_indvary3_step6_batch_yyy07.pl,s4,no,0.47,no,corr,None,None,None,None
3163,exp_acyclic_indvary3_step6_batch_yyy07.pl,u1,no,0.36,no,corr,None,None,None,None
3164,exp_acyclic_indvary3_step6_batch_yyy07.pl,w5,no,0.36,no,corr,None,None,None,None
3165,exp_acyclic_indvary3_step6_batch_yyy07.pl,z1,no,4.73,no,corr,None,None,None,None
3166,exp_acyclic_indvary3_step6_batch_yyy07.pl,t7,no,0.59,no,corr,None,None,None,None
3167,exp_acyclic_indvary3_step6_batch_yyy07.pl,q3,no,5.24,no,corr,None,None,None,None
3168,exp_acyclic_indvary3_step6_batch_yyy07.pl,r2,no,0.59,no,corr,None,None,None,None
3169,exp_acyclic_indvary3_step6_batch_yyy07.pl,t1,no,1.97,no,corr,None,None,None,None
3170,exp_acyclic_indvary3_step6_batch_yyy07.pl,w3,no,0.54,no,corr,None,None,None,None
3171,exp_acyclic_indvary3_step6_batch_yyy08.pl,w5,no,0.41,no,corr,None,None,None,None
3172,exp_acyclic_indvary3_step6_batch_yyy08.pl,x2,no,1.43,no,corr,None,None,None,None
3173,exp_acyclic_indvary3_step6_batch_yyy08.pl,s7,no,0.41,no,corr,None,None,None,None
3174,exp_acyclic_indvary3_step6_batch_yyy08.pl,p7,no,0.32,no,corr,None,None,None,None
3175,exp_acyclic_indvary3_step6_batch_yyy08.pl,d4,no,0.31,no,corr,None,None,None,None
3176,exp_acyclic_indvary3_step6_batch_yyy08.pl,r6,no,0.36,no,corr,None,None,None,None
3177,exp_acyclic_indvary3_step6_batch_yyy08.pl,f1,yes,0.34,yes,corr,None,None,None,None
3178,exp_acyclic_indvary3_step6_batch_yyy08.pl,c5,no,0.39,no,corr,None,None,None,None
3179,exp_acyclic_indvary3_step6_batch_yyy08.pl,c2,yes,0.42,yes,corr,None,None,None,None
3180,exp_acyclic_indvary3_step6_batch_yyy08.pl,b1,yes,0.42,yes,corr,None,None,None,None
3181,exp_acyclic_indvary3_step6_batch_yyy09.pl,u5,no,0.38,no,corr,None,None,None,None
3182,exp_acyclic_indvary3_step6_batch_yyy09.pl,t5,no,0.39,no,corr,None,None,None,None
3183,exp_acyclic_indvary3_step6_batch_yyy09.pl,u1,no,0.29,no,corr,None,None,None,None
3184,exp_acyclic_indvary3_step6_batch_yyy09.pl,t6,no,0.35,no,corr,None,None,None,None
3185,exp_acyclic_indvary3_step6_batch_yyy09.pl,x7,no,0.34,no,corr,None,None,None,None
3186,exp_acyclic_indvary3_step6_batch_yyy09.pl,c1,no,13.8,no,corr,None,None,None,None
3187,exp_acyclic_indvary3_step6_batch_yyy09.pl,a1,yes,0.44,yes,corr,None,None,None,None
3188,exp_acyclic_indvary3_step6_batch_yyy09.pl,u2,no,36.38,no,corr,None,None,None,None
3189,exp_acyclic_indvary3_step6_batch_yyy09.pl,w4,no,0.45,no,corr,None,None,None,None
3190,exp_acyclic_indvary3_step6_batch_yyy09.pl,f3,no,0.23,no,corr,None,None,None,None
3191,exp_acyclic_indvary3_step6_batch_yyy10.pl,w7,no,0.61,no,corr,None,None,None,None
3192,exp_acyclic_indvary3_step6_batch_yyy10.pl,p7,no,0.35,no,corr,None,None,None,None
3193,exp_acyclic_indvary3_step6_batch_yyy10.pl,e5,no,0.33,no,corr,None,None,None,None
3194,exp_acyclic_indvary3_step6_batch_yyy10.pl,a5,no,0.35,no,corr,None,None,None,None
3195,exp_acyclic_indvary3_step6_batch_yyy10.pl,w6,no,0.41,no,corr,None,None,None,None
3196,exp_acyclic_indvary3_step6_batch_yyy10.pl,z4,no,0.32,no,corr,None,None,None,None
3197,exp_acyclic_indvary3_step6_batch_yyy10.pl,w1,no,0.42,no,corr,None,None,None,None
3198,exp_acyclic_indvary3_step6_batch_yyy10.pl,v3,no,0.53,no,corr,None,None,None,None
3199,exp_acyclic_indvary3_step6_batch_yyy10.pl,q1,no,3.79,no,corr,None,None,None,None
3200,exp_acyclic_indvary3_step6_batch_yyy10.pl,p6,no,0.38,no,corr,None,None,None,None
3201,exp_acyclic_indvary3_step7_batch_yyy01.pl,y4,no,0.48,no,corr,None,None,None,None
3202,exp_acyclic_indvary3_step7_batch_yyy01.pl,x2,no,0.34,no,corr,None,None,None,None
3203,exp_acyclic_indvary3_step7_batch_yyy01.pl,x5,no,0.52,no,corr,None,None,None,None
3204,exp_acyclic_indvary3_step7_batch_yyy01.pl,a3,yes,0.54,yes,corr,None,None,None,None
3205,exp_acyclic_indvary3_step7_batch_yyy01.pl,r2,no,0.3,no,corr,None,None,None,None
3206,exp_acyclic_indvary3_step7_batch_yyy01.pl,q1,no,0.31,no,corr,None,None,None,None
3207,exp_acyclic_indvary3_step7_batch_yyy01.pl,q2,no,18.41,no,corr,None,None,None,None
3208,exp_acyclic_indvary3_step7_batch_yyy01.pl,c5,no,0.35,no,corr,None,None,None,None
3209,exp_acyclic_indvary3_step7_batch_yyy01.pl,c2,yes,0.69,yes,corr,None,None,None,None
3210,exp_acyclic_indvary3_step7_batch_yyy01.pl,b1,no,9.28,no,corr,None,None,None,None
3211,exp_acyclic_indvary3_step7_batch_yyy02.pl,c4,no,0.64,no,corr,None,None,None,None
3212,exp_acyclic_indvary3_step7_batch_yyy02.pl,x3,no,0.66,no,corr,None,None,None,None
3213,exp_acyclic_indvary3_step7_batch_yyy02.pl,w5,no,0.51,no,corr,None,None,None,None
3214,exp_acyclic_indvary3_step7_batch_yyy02.pl,b4,no,0.41,no,corr,None,None,None,None
3215,exp_acyclic_indvary3_step7_batch_yyy02.pl,c1,yes,0.4,yes,corr,None,None,None,None
3216,exp_acyclic_indvary3_step7_batch_yyy02.pl,r1,no,1.51,no,corr,None,None,None,None
3217,exp_acyclic_indvary3_step7_batch_yyy02.pl,s2,no,0.59,no,corr,None,None,None,None
3218,exp_acyclic_indvary3_step7_batch_yyy02.pl,c5,no,0.63,no,corr,None,None,None,None
3219,exp_acyclic_indvary3_step7_batch_yyy02.pl,x6,no,0.8,no,corr,None,None,None,None
3220,exp_acyclic_indvary3_step7_batch_yyy02.pl,x1,no,0.25,no,corr,None,None,None,None
3221,exp_acyclic_indvary3_step7_batch_yyy03.pl,v2,no,0.72,no,corr,None,None,None,None
3222,exp_acyclic_indvary3_step7_batch_yyy03.pl,p7,no,0.3,no,corr,None,None,None,None
3223,exp_acyclic_indvary3_step7_batch_yyy03.pl,v5,no,0.3,no,corr,None,None,None,None
3224,exp_acyclic_indvary3_step7_batch_yyy03.pl,b4,no,0.5,no,corr,None,None,None,None
3225,exp_acyclic_indvary3_step7_batch_yyy03.pl,w1,no,1.32,no,corr,None,None,None,None
3226,exp_acyclic_indvary3_step7_batch_yyy03.pl,t2,no,0.45,no,corr,None,None,None,None
3227,exp_acyclic_indvary3_step7_batch_yyy03.pl,s4,no,0.32,no,corr,None,None,None,None
3228,exp_acyclic_indvary3_step7_batch_yyy03.pl,v7,no,0.44,no,corr,None,None,None,None
3229,exp_acyclic_indvary3_step7_batch_yyy03.pl,r7,no,0.52,no,corr,None,None,None,None
3230,exp_acyclic_indvary3_step7_batch_yyy03.pl,b6,no,0.34,no,corr,None,None,None,None
3231,exp_acyclic_indvary3_step7_batch_yyy04.pl,s4,no,0.38,no,corr,None,None,None,None
3232,exp_acyclic_indvary3_step7_batch_yyy04.pl,a5,no,0.36,no,corr,None,None,None,None
3233,exp_acyclic_indvary3_step7_batch_yyy04.pl,r5,no,0.38,no,corr,None,None,None,None
3234,exp_acyclic_indvary3_step7_batch_yyy04.pl,w4,no,0.42,no,corr,None,None,None,None
3235,exp_acyclic_indvary3_step7_batch_yyy04.pl,c1,yes,0.52,yes,corr,None,None,None,None
3236,exp_acyclic_indvary3_step7_batch_yyy04.pl,z3,no,18.32,no,corr,None,None,None,None
3237,exp_acyclic_indvary3_step7_batch_yyy04.pl,b6,no,0.33,no,corr,None,None,None,None
3238,exp_acyclic_indvary3_step7_batch_yyy04.pl,y5,no,0.36,no,corr,None,None,None,None
3239,exp_acyclic_indvary3_step7_batch_yyy04.pl,v6,no,0.45,no,corr,None,None,None,None
3240,exp_acyclic_indvary3_step7_batch_yyy04.pl,f1,yes,0.45,yes,corr,None,None,None,None
3241,exp_acyclic_indvary3_step7_batch_yyy05.pl,d5,no,0.31,no,corr,None,None,None,None
3242,exp_acyclic_indvary3_step7_batch_yyy05.pl,s3,no,0.33,no,corr,None,None,None,None
3243,exp_acyclic_indvary3_step7_batch_yyy05.pl,x3,no,6.72,no,corr,None,None,None,None
3244,exp_acyclic_indvary3_step7_batch_yyy05.pl,d3,no,0.39,no,corr,None,None,None,None
3245,exp_acyclic_indvary3_step7_batch_yyy05.pl,a4,no,0.67,no,corr,None,None,None,None
3246,exp_acyclic_indvary3_step7_batch_yyy05.pl,x5,no,0.6,no,corr,None,None,None,None
3247,exp_acyclic_indvary3_step7_batch_yyy05.pl,r3,no,0.89,no,corr,None,None,None,None
3248,exp_acyclic_indvary3_step7_batch_yyy05.pl,q6,no,0.45,no,corr,None,None,None,None
3249,exp_acyclic_indvary3_step7_batch_yyy05.pl,z5,no,0.31,no,corr,None,None,None,None
3250,exp_acyclic_indvary3_step7_batch_yyy05.pl,v2,no,0.32,no,corr,None,None,None,None
3251,exp_acyclic_indvary3_step7_batch_yyy06.pl,z1,no,0.45,no,corr,None,None,None,None
3252,exp_acyclic_indvary3_step7_batch_yyy06.pl,r1,no,0.58,no,corr,None,None,None,None
3253,exp_acyclic_indvary3_step7_batch_yyy06.pl,z3,no,0.51,no,corr,None,None,None,None
3254,exp_acyclic_indvary3_step7_batch_yyy06.pl,b4,no,0.6,no,corr,None,None,None,None
3255,exp_acyclic_indvary3_step7_batch_yyy06.pl,t3,no,2.63,no,corr,None,None,None,None
3256,exp_acyclic_indvary3_step7_batch_yyy06.pl,q3,no,4.56,no,corr,None,None,None,None
3257,exp_acyclic_indvary3_step7_batch_yyy06.pl,x6,no,0.49,no,corr,None,None,None,None
3258,exp_acyclic_indvary3_step7_batch_yyy06.pl,e2,yes,0.41,yes,corr,None,None,None,None
3259,exp_acyclic_indvary3_step7_batch_yyy06.pl,d1,yes,0.42,yes,corr,None,None,None,None
3260,exp_acyclic_indvary3_step7_batch_yyy06.pl,t1,no,0.32,no,corr,None,None,None,None
3261,exp_acyclic_indvary3_step7_batch_yyy07.pl,u5,no,0.33,no,corr,None,None,None,None
3262,exp_acyclic_indvary3_step7_batch_yyy07.pl,t4,no,0.34,no,corr,None,None,None,None
3263,exp_acyclic_indvary3_step7_batch_yyy07.pl,a6,no,0.31,no,corr,None,None,None,None
3264,exp_acyclic_indvary3_step7_batch_yyy07.pl,e1,yes,0.83,yes,corr,None,None,None,None
3265,exp_acyclic_indvary3_step7_batch_yyy07.pl,z1,no,0.97,no,corr,None,None,None,None
3266,exp_acyclic_indvary3_step7_batch_yyy07.pl,r4,no,0.53,no,corr,None,None,None,None
3267,exp_acyclic_indvary3_step7_batch_yyy07.pl,q7,no,0.46,no,corr,None,None,None,None
3268,exp_acyclic_indvary3_step7_batch_yyy07.pl,w3,no,2.43,no,corr,None,None,None,None
3269,exp_acyclic_indvary3_step7_batch_yyy07.pl,z4,no,0.56,no,corr,None,None,None,None
3270,exp_acyclic_indvary3_step7_batch_yyy07.pl,e4,no,0.31,no,corr,None,None,None,None
3271,exp_acyclic_indvary3_step7_batch_yyy08.pl,t4,no,0.41,no,corr,None,None,None,None
3272,exp_acyclic_indvary3_step7_batch_yyy08.pl,v2,no,0.38,no,corr,None,None,None,None
3273,exp_acyclic_indvary3_step7_batch_yyy08.pl,w2,no,0.36,no,corr,None,None,None,None
3274,exp_acyclic_indvary3_step7_batch_yyy08.pl,z4,no,0.45,no,corr,None,None,None,None
3275,exp_acyclic_indvary3_step7_batch_yyy08.pl,y6,no,0.3,no,corr,None,None,None,None
3276,exp_acyclic_indvary3_step7_batch_yyy08.pl,a2,no,0.53,no,corr,None,None,None,None
3277,exp_acyclic_indvary3_step7_batch_yyy08.pl,z1,no,0.57,no,corr,None,None,None,None
3278,exp_acyclic_indvary3_step7_batch_yyy08.pl,c2,no,0.45,no,corr,None,None,None,None
3279,exp_acyclic_indvary3_step7_batch_yyy08.pl,r3,no,2.56,no,corr,None,None,None,None
3280,exp_acyclic_indvary3_step7_batch_yyy08.pl,d1,yes,0.47,yes,corr,None,None,None,None
3281,exp_acyclic_indvary3_step7_batch_yyy09.pl,u6,no,0.26,no,corr,None,None,None,None
3282,exp_acyclic_indvary3_step7_batch_yyy09.pl,v7,no,0.3,no,corr,None,None,None,None
3283,exp_acyclic_indvary3_step7_batch_yyy09.pl,p4,no,9.35,no,corr,None,None,None,None
3284,exp_acyclic_indvary3_step7_batch_yyy09.pl,p3,no,2.63,no,corr,None,None,None,None
3285,exp_acyclic_indvary3_step7_batch_yyy09.pl,d2,no,13.87,no,corr,None,None,None,None
3286,exp_acyclic_indvary3_step7_batch_yyy09.pl,r3,no,0.59,no,corr,None,None,None,None
3287,exp_acyclic_indvary3_step7_batch_yyy09.pl,w3,no,0.66,no,corr,None,None,None,None
3288,exp_acyclic_indvary3_step7_batch_yyy09.pl,q2,no,0.5,no,corr,None,None,None,None
3289,exp_acyclic_indvary3_step7_batch_yyy09.pl,t7,no,0.69,no,corr,None,None,None,None
3290,exp_acyclic_indvary3_step7_batch_yyy09.pl,b5,no,0.4,no,corr,None,None,None,None
3291,exp_acyclic_indvary3_step7_batch_yyy10.pl,c4,no,0.44,no,corr,None,None,None,None
3292,exp_acyclic_indvary3_step7_batch_yyy10.pl,x3,no,8.87,no,corr,None,None,None,None
3293,exp_acyclic_indvary3_step7_batch_yyy10.pl,s2,no,9.36,no,corr,None,None,None,None
3294,exp_acyclic_indvary3_step7_batch_yyy10.pl,f3,no,0.41,no,corr,None,None,None,None
3295,exp_acyclic_indvary3_step7_batch_yyy10.pl,t7,no,0.42,no,corr,None,None,None,None
3296,exp_acyclic_indvary3_step7_batch_yyy10.pl,q1,no,1.41,no,corr,None,None,None,None
3297,exp_acyclic_indvary3_step7_batch_yyy10.pl,y6,no,0.42,no,corr,None,None,None,None
3298,exp_acyclic_indvary3_step7_batch_yyy10.pl,a2,yes,0.31,yes,corr,None,None,None,None
3299,exp_acyclic_indvary3_step7_batch_yyy10.pl,s7,no,0.41,no,corr,None,None,None,None
3300,exp_acyclic_indvary3_step7_batch_yyy10.pl,b6,no,0.39,no,corr,None,None,None,None
3301,exp_acyclic_indvary3_step8_batch_yyy01.pl,v7,no,0.49,no,corr,None,None,None,None
3302,exp_acyclic_indvary3_step8_batch_yyy01.pl,u1,no,0.73,no,corr,None,None,None,None
3303,exp_acyclic_indvary3_step8_batch_yyy01.pl,t3,no,0.37,no,corr,None,None,None,None
3304,exp_acyclic_indvary3_step8_batch_yyy01.pl,s2,no,0.79,no,corr,None,None,None,None
3305,exp_acyclic_indvary3_step8_batch_yyy01.pl,r4,no,0.45,no,corr,None,None,None,None
3306,exp_acyclic_indvary3_step8_batch_yyy01.pl,r2,no,0.5,no,corr,None,None,None,None
3307,exp_acyclic_indvary3_step8_batch_yyy01.pl,p1,no,5.08,no,corr,None,None,None,None
3308,exp_acyclic_indvary3_step8_batch_yyy01.pl,f2,yes,0.52,yes,corr,None,None,None,None
3309,exp_acyclic_indvary3_step8_batch_yyy01.pl,v1,no,0.3,no,corr,None,None,None,None
3310,exp_acyclic_indvary3_step8_batch_yyy01.pl,p3,no,0.5,no,corr,None,None,None,None
3311,exp_acyclic_indvary3_step8_batch_yyy02.pl,a6,no,0.35,no,corr,None,None,None,None
3312,exp_acyclic_indvary3_step8_batch_yyy02.pl,q5,no,0.3,no,corr,None,None,None,None
3313,exp_acyclic_indvary3_step8_batch_yyy02.pl,z1,no,15.08,no,corr,None,None,None,None
3314,exp_acyclic_indvary3_step8_batch_yyy02.pl,w6,no,0.42,no,corr,None,None,None,None
3315,exp_acyclic_indvary3_step8_batch_yyy02.pl,p3,no,0.98,no,corr,None,None,None,None
3316,exp_acyclic_indvary3_step8_batch_yyy02.pl,y2,no,0.8,no,corr,None,None,None,None
3317,exp_acyclic_indvary3_step8_batch_yyy02.pl,y6,no,0.31,no,corr,None,None,None,None
3318,exp_acyclic_indvary3_step8_batch_yyy02.pl,q2,no,0.51,no,corr,None,None,None,None
3319,exp_acyclic_indvary3_step8_batch_yyy02.pl,t2,no,0.7,no,corr,None,None,None,None
3320,exp_acyclic_indvary3_step8_batch_yyy02.pl,z2,no,7.02,no,corr,None,None,None,None
3321,exp_acyclic_indvary3_step8_batch_yyy03.pl,d5,no,0.5,no,corr,None,None,None,None
3322,exp_acyclic_indvary3_step8_batch_yyy03.pl,z5,no,0.43,no,corr,None,None,None,None
3323,exp_acyclic_indvary3_step8_batch_yyy03.pl,p5,no,0.48,no,corr,None,None,None,None
3324,exp_acyclic_indvary3_step8_batch_yyy03.pl,q4,no,0.63,no,corr,None,None,None,None
3325,exp_acyclic_indvary3_step8_batch_yyy03.pl,p3,no,1.54,no,corr,None,None,None,None
3326,exp_acyclic_indvary3_step8_batch_yyy03.pl,f3,no,0.34,no,corr,None,None,None,None
3327,exp_acyclic_indvary3_step8_batch_yyy03.pl,r1,no,0.31,no,corr,None,None,None,None
3328,exp_acyclic_indvary3_step8_batch_yyy03.pl,p1,no,0.42,no,corr,None,None,None,None
3329,exp_acyclic_indvary3_step8_batch_yyy03.pl,z1,no,1.52,no,corr,None,None,None,None
3330,exp_acyclic_indvary3_step8_batch_yyy03.pl,c5,no,0.33,no,corr,None,None,None,None
3331,exp_acyclic_indvary3_step8_batch_yyy04.pl,t5,no,0.69,no,corr,None,None,None,None
3332,exp_acyclic_indvary3_step8_batch_yyy04.pl,z5,no,0.47,no,corr,None,None,None,None
3333,exp_acyclic_indvary3_step8_batch_yyy04.pl,e5,no,0.29,no,corr,None,None,None,None
3334,exp_acyclic_indvary3_step8_batch_yyy04.pl,c5,no,0.37,no,corr,None,None,None,None
3335,exp_acyclic_indvary3_step8_batch_yyy04.pl,w1,no,0.65,no,corr,None,None,None,None
3336,exp_acyclic_indvary3_step8_batch_yyy04.pl,c6,no,0.4,no,corr,None,None,None,None
3337,exp_acyclic_indvary3_step8_batch_yyy04.pl,r7,no,0.53,no,corr,None,None,None,None
3338,exp_acyclic_indvary3_step8_batch_yyy04.pl,p1,no,0.63,no,corr,None,None,None,None
3339,exp_acyclic_indvary3_step8_batch_yyy04.pl,a6,no,0.45,no,corr,None,None,None,None
3340,exp_acyclic_indvary3_step8_batch_yyy04.pl,s4,no,0.38,no,corr,None,None,None,None
3341,exp_acyclic_indvary3_step8_batch_yyy05.pl,w7,no,0.33,no,corr,None,None,None,None
3342,exp_acyclic_indvary3_step8_batch_yyy05.pl,d3,no,0.47,no,corr,None,None,None,None
3343,exp_acyclic_indvary3_step8_batch_yyy05.pl,v5,no,0.24,no,corr,None,None,None,None
3344,exp_acyclic_indvary3_step8_batch_yyy05.pl,c2,no,0.51,no,corr,None,None,None,None
3345,exp_acyclic_indvary3_step8_batch_yyy05.pl,r2,no,0.46,no,corr,None,None,None,None
3346,exp_acyclic_indvary3_step8_batch_yyy05.pl,r3,no,0.66,no,corr,None,None,None,None
3347,exp_acyclic_indvary3_step8_batch_yyy05.pl,e1,yes,0.38,yes,corr,None,None,None,None
3348,exp_acyclic_indvary3_step8_batch_yyy05.pl,q6,no,0.4,no,corr,None,None,None,None
3349,exp_acyclic_indvary3_step8_batch_yyy05.pl,a4,no,0.32,no,corr,None,None,None,None
3350,exp_acyclic_indvary3_step8_batch_yyy05.pl,x2,no,0.35,no,corr,None,None,None,None
3351,exp_acyclic_indvary3_step8_batch_yyy06.pl,a6,no,0.56,no,corr,None,None,None,None
3352,exp_acyclic_indvary3_step8_batch_yyy06.pl,v2,no,0.36,no,corr,None,None,None,None
3353,exp_acyclic_indvary3_step8_batch_yyy06.pl,p4,no,22.28,no,corr,None,None,None,None
3354,exp_acyclic_indvary3_step8_batch_yyy06.pl,y3,no,0.62,no,corr,None,None,None,None
3355,exp_acyclic_indvary3_step8_batch_yyy06.pl,q7,no,0.46,no,corr,None,None,None,None
3356,exp_acyclic_indvary3_step8_batch_yyy06.pl,p6,no,0.47,no,corr,None,None,None,None
3357,exp_acyclic_indvary3_step8_batch_yyy06.pl,t4,no,0.47,no,corr,None,None,None,None
3358,exp_acyclic_indvary3_step8_batch_yyy06.pl,t5,no,0.44,no,corr,None,None,None,None
3359,exp_acyclic_indvary3_step8_batch_yyy06.pl,s5,no,0.28,no,corr,None,None,None,None
3360,exp_acyclic_indvary3_step8_batch_yyy06.pl,b4,no,0.36,no,corr,None,None,None,None
3361,exp_acyclic_indvary3_step8_batch_yyy07.pl,p7,no,0.37,no,corr,None,None,None,None
3362,exp_acyclic_indvary3_step8_batch_yyy07.pl,v6,no,0.46,no,corr,None,None,None,None
3363,exp_acyclic_indvary3_step8_batch_yyy07.pl,f5,no,0.43,no,corr,None,None,None,None
3364,exp_acyclic_indvary3_step8_batch_yyy07.pl,y1,no,0.46,no,corr,None,None,None,None
3365,exp_acyclic_indvary3_step8_batch_yyy07.pl,w3,no,0.51,no,corr,None,None,None,None
3366,exp_acyclic_indvary3_step8_batch_yyy07.pl,p6,no,0.64,no,corr,None,None,None,None
3367,exp_acyclic_indvary3_step8_batch_yyy07.pl,b4,no,0.41,no,corr,None,None,None,None
3368,exp_acyclic_indvary3_step8_batch_yyy07.pl,t3,no,2.79,no,corr,None,None,None,None
3369,exp_acyclic_indvary3_step8_batch_yyy07.pl,e2,no,2.89,no,corr,None,None,None,None
3370,exp_acyclic_indvary3_step8_batch_yyy07.pl,r3,no,2.96,no,corr,None,None,None,None
3371,exp_acyclic_indvary3_step8_batch_yyy08.pl,y4,no,0.42,no,corr,None,None,None,None
3372,exp_acyclic_indvary3_step8_batch_yyy08.pl,u1,no,0.65,no,corr,None,None,None,None
3373,exp_acyclic_indvary3_step8_batch_yyy08.pl,x7,no,0.46,no,corr,None,None,None,None
3374,exp_acyclic_indvary3_step8_batch_yyy08.pl,a4,no,0.59,no,corr,None,None,None,None
3375,exp_acyclic_indvary3_step8_batch_yyy08.pl,a1,yes,1.14,yes,corr,None,None,None,None
3376,exp_acyclic_indvary3_step8_batch_yyy08.pl,r3,no,7.36,no,corr,None,None,None,None
3377,exp_acyclic_indvary3_step8_batch_yyy08.pl,z4,no,0.37,no,corr,None,None,None,None
3378,exp_acyclic_indvary3_step8_batch_yyy08.pl,y3,no,0.31,no,corr,None,None,None,None
3379,exp_acyclic_indvary3_step8_batch_yyy08.pl,u3,no,0.38,no,corr,None,None,None,None
3380,exp_acyclic_indvary3_step8_batch_yyy08.pl,v4,no,0.51,no,corr,None,None,None,None
3381,exp_acyclic_indvary3_step8_batch_yyy09.pl,u6,no,0.32,no,corr,None,None,None,None
3382,exp_acyclic_indvary3_step8_batch_yyy09.pl,a6,no,0.31,no,corr,None,None,None,None
3383,exp_acyclic_indvary3_step8_batch_yyy09.pl,w5,no,0.44,no,corr,None,None,None,None
3384,exp_acyclic_indvary3_step8_batch_yyy09.pl,c2,yes,0.44,yes,corr,None,None,None,None
3385,exp_acyclic_indvary3_step8_batch_yyy09.pl,z4,no,0.56,no,corr,None,None,None,None
3386,exp_acyclic_indvary3_step8_batch_yyy09.pl,t2,no,1.78,no,corr,None,None,None,None
3387,exp_acyclic_indvary3_step8_batch_yyy09.pl,p2,no,15.65,no,corr,None,None,None,None
3388,exp_acyclic_indvary3_step8_batch_yyy09.pl,u2,no,7.54,no,corr,None,None,None,None
3389,exp_acyclic_indvary3_step8_batch_yyy09.pl,z5,no,0.33,no,corr,None,None,None,None
3390,exp_acyclic_indvary3_step8_batch_yyy09.pl,q6,no,0.44,no,corr,None,None,None,None
3391,exp_acyclic_indvary3_step8_batch_yyy10.pl,b3,yes,0.54,yes,corr,None,None,None,None
3392,exp_acyclic_indvary3_step8_batch_yyy10.pl,p4,no,0.67,no,corr,None,None,None,None
3393,exp_acyclic_indvary3_step8_batch_yyy10.pl,u1,no,1.38,no,corr,None,None,None,None
3394,exp_acyclic_indvary3_step8_batch_yyy10.pl,b4,no,0.38,no,corr,None,None,None,None
3395,exp_acyclic_indvary3_step8_batch_yyy10.pl,t7,no,0.3,no,corr,None,None,None,None
3396,exp_acyclic_indvary3_step8_batch_yyy10.pl,z3,no,0.73,no,corr,None,None,None,None
3397,exp_acyclic_indvary3_step8_batch_yyy10.pl,s7,no,0.4,no,corr,None,None,None,None
3398,exp_acyclic_indvary3_step8_batch_yyy10.pl,d1,no,0.6,no,corr,None,None,None,None
3399,exp_acyclic_indvary3_step8_batch_yyy10.pl,w6,no,0.32,no,corr,None,None,None,None
3400,exp_acyclic_indvary3_step8_batch_yyy10.pl,f5,no,0.44,no,corr,None,None,None,None
3401,exp_cycles_depvary_step10_batch_yyy01.pl,u6,no,0.43,no,corr,None,None,None,None
3402,exp_cycles_depvary_step10_batch_yyy01.pl,b3,,600.0,no,TIMEOUT,,,,
3403,exp_cycles_depvary_step10_batch_yyy01.pl,v2,no,0.58,no,corr,None,None,None,None
3404,exp_cycles_depvary_step10_batch_yyy01.pl,s5,no,0.35,no,corr,None,None,None,None
3405,exp_cycles_depvary_step10_batch_yyy01.pl,r3,no,0.39,no,corr,None,None,None,None
3406,exp_cycles_depvary_step10_batch_yyy01.pl,f2,yes,49.72,yes,corr,None,None,None,None
3407,exp_cycles_depvary_step10_batch_yyy01.pl,z4,yes,8.75,yes,corr,None,None,None,None
3408,exp_cycles_depvary_step10_batch_yyy01.pl,y3,yes,132.27,yes,corr,None,None,None,None
3409,exp_cycles_depvary_step10_batch_yyy01.pl,c1,,600.0,no,TIMEOUT,,,,
3410,exp_cycles_depvary_step10_batch_yyy01.pl,c6,,600.0,no,TIMEOUT,,,,
3411,exp_cycles_depvary_step10_batch_yyy02.pl,v2,no,0.46,no,corr,None,None,None,None
3412,exp_cycles_depvary_step10_batch_yyy02.pl,d3,yes,49.2,yes,corr,None,None,None,None
3413,exp_cycles_depvary_step10_batch_yyy02.pl,z4,yes,14.53,yes,corr,None,None,None,None
3414,exp_cycles_depvary_step10_batch_yyy02.pl,a3,,600.0,no,TIMEOUT,,,,
3415,exp_cycles_depvary_step10_batch_yyy02.pl,q1,,600.0,no,TIMEOUT,,,,
3416,exp_cycles_depvary_step10_batch_yyy02.pl,u6,no,0.57,no,corr,None,None,None,None
3417,exp_cycles_depvary_step10_batch_yyy02.pl,d5,yes,8.24,yes,corr,None,None,None,None
3418,exp_cycles_depvary_step10_batch_yyy02.pl,w2,yes,1.51,yes,corr,None,None,None,None
3419,exp_cycles_depvary_step10_batch_yyy02.pl,v6,no,0.36,no,corr,None,None,None,None
3420,exp_cycles_depvary_step10_batch_yyy02.pl,f1,yes,0.59,yes,corr,None,None,None,None
3421,exp_cycles_depvary_step10_batch_yyy03.pl,a6,no,2.14,no,corr,None,None,None,None
3422,exp_cycles_depvary_step10_batch_yyy03.pl,p4,no,77.62,no,corr,None,None,None,None
3423,exp_cycles_depvary_step10_batch_yyy03.pl,u1,no,0.41,no,corr,None,None,None,None
3424,exp_cycles_depvary_step10_batch_yyy03.pl,x2,yes,1.29,yes,corr,None,None,None,None
3425,exp_cycles_depvary_step10_batch_yyy03.pl,b5,yes,4.1,yes,corr,None,None,None,None
3426,exp_cycles_depvary_step10_batch_yyy03.pl,y2,yes,1.42,yes,corr,None,None,None,None
3427,exp_cycles_depvary_step10_batch_yyy03.pl,v4,no,0.49,no,corr,None,None,None,None
3428,exp_cycles_depvary_step10_batch_yyy03.pl,r4,no,0.57,no,corr,None,None,None,None
3429,exp_cycles_depvary_step10_batch_yyy03.pl,s7,no,0.49,no,corr,None,None,None,None
3430,exp_cycles_depvary_step10_batch_yyy03.pl,a1,yes,1.23,yes,corr,None,None,None,None
3431,exp_cycles_depvary_step10_batch_yyy04.pl,z1,,600.0,no,TIMEOUT,,,,
3432,exp_cycles_depvary_step10_batch_yyy04.pl,r5,yes,14.73,yes,corr,None,None,None,None
3433,exp_cycles_depvary_step10_batch_yyy04.pl,f3,,600.0,no,TIMEOUT,,,,
3434,exp_cycles_depvary_step10_batch_yyy04.pl,u3,,600.0,no,TIMEOUT,,,,
3435,exp_cycles_depvary_step10_batch_yyy04.pl,a3,yes,1.28,yes,corr,None,None,None,None
3436,exp_cycles_depvary_step10_batch_yyy04.pl,r7,no,0.45,no,corr,None,None,None,None
3437,exp_cycles_depvary_step10_batch_yyy04.pl,f2,no,2.07,no,corr,None,None,None,None
3438,exp_cycles_depvary_step10_batch_yyy04.pl,c1,,600.0,no,TIMEOUT,,,,
3439,exp_cycles_depvary_step10_batch_yyy04.pl,t2,yes,1.24,yes,corr,None,None,None,None
3440,exp_cycles_depvary_step10_batch_yyy04.pl,c6,yes,0.36,yes,corr,None,None,None,None
3441,exp_cycles_depvary_step10_batch_yyy05.pl,t5,yes,1.38,yes,corr,None,None,None,None
3442,exp_cycles_depvary_step10_batch_yyy05.pl,b2,yes,0.53,yes,corr,None,None,None,None
3443,exp_cycles_depvary_step10_batch_yyy05.pl,w5,yes,1.43,yes,corr,None,None,None,None
3444,exp_cycles_depvary_step10_batch_yyy05.pl,s2,yes,1.46,yes,corr,None,None,None,None
3445,exp_cycles_depvary_step10_batch_yyy05.pl,f5,no,2.34,no,corr,None,None,None,None
3446,exp_cycles_depvary_step10_batch_yyy05.pl,y3,no,0.4,no,corr,None,None,None,None
3447,exp_cycles_depvary_step10_batch_yyy05.pl,t2,no,0.39,no,corr,None,None,None,None
3448,exp_cycles_depvary_step10_batch_yyy05.pl,r1,no,20.83,no,corr,None,None,None,None
3449,exp_cycles_depvary_step10_batch_yyy05.pl,r2,no,0.45,no,corr,None,None,None,None
3450,exp_cycles_depvary_step10_batch_yyy05.pl,u2,,600.0,no,TIMEOUT,,,,
3451,exp_cycles_depvary_step10_batch_yyy06.pl,u5,,600.0,no,TIMEOUT,,,,
3452,exp_cycles_depvary_step10_batch_yyy06.pl,z5,,600.0,no,TIMEOUT,,,,
3453,exp_cycles_depvary_step10_batch_yyy06.pl,w2,,600.0,no,TIMEOUT,,,,
3454,exp_cycles_depvary_step10_batch_yyy06.pl,d3,yes,1.22,yes,corr,None,None,None,None
3455,exp_cycles_depvary_step10_batch_yyy06.pl,u3,no,0.4,no,corr,None,None,None,None
3456,exp_cycles_depvary_step10_batch_yyy06.pl,y2,no,2.08,no,corr,None,None,None,None
3457,exp_cycles_depvary_step10_batch_yyy06.pl,s7,no,0.31,no,corr,None,None,None,None
3458,exp_cycles_depvary_step10_batch_yyy06.pl,r3,yes,1.15,yes,corr,None,None,None,None
3459,exp_cycles_depvary_step10_batch_yyy06.pl,c2,yes,1.23,yes,corr,None,None,None,None
3460,exp_cycles_depvary_step10_batch_yyy06.pl,b1,no,17.43,no,corr,None,None,None,None
3461,exp_cycles_depvary_step10_batch_yyy07.pl,a6,yes,0.36,yes,corr,None,None,None,None
3462,exp_cycles_depvary_step10_batch_yyy07.pl,e1,no,1.86,no,corr,None,None,None,None
3463,exp_cycles_depvary_step10_batch_yyy07.pl,u4,yes,1.29,yes,corr,None,None,None,None
3464,exp_cycles_depvary_step10_batch_yyy07.pl,c6,no,0.41,no,corr,None,None,None,None
3465,exp_cycles_depvary_step10_batch_yyy07.pl,r4,no,0.43,no,corr,None,None,None,None
3466,exp_cycles_depvary_step10_batch_yyy07.pl,p2,yes,1.28,yes,corr,None,None,None,None
3467,exp_cycles_depvary_step10_batch_yyy07.pl,s7,no,0.67,no,corr,None,None,None,None
3468,exp_cycles_depvary_step10_batch_yyy07.pl,p1,,600.0,no,TIMEOUT,,,,
3469,exp_cycles_depvary_step10_batch_yyy07.pl,x4,no,0.57,no,corr,None,None,None,None
3470,exp_cycles_depvary_step10_batch_yyy07.pl,p6,no,0.43,no,corr,None,None,None,None
3471,exp_cycles_depvary_step10_batch_yyy08.pl,c4,,600.0,no,TIMEOUT,,,,
3472,exp_cycles_depvary_step10_batch_yyy08.pl,v5,yes,1.68,yes,corr,None,None,None,None
3473,exp_cycles_depvary_step10_batch_yyy08.pl,b4,yes,0.5,yes,corr,None,None,None,None
3474,exp_cycles_depvary_step10_batch_yyy08.pl,x2,,600.0,no,TIMEOUT,,,,
3475,exp_cycles_depvary_step10_batch_yyy08.pl,r5,,600.0,no,TIMEOUT,,,,
3476,exp_cycles_depvary_step10_batch_yyy08.pl,v4,,600.0,no,TIMEOUT,,,,
3477,exp_cycles_depvary_step10_batch_yyy08.pl,y1,,600.0,no,TIMEOUT,,,,
3478,exp_cycles_depvary_step10_batch_yyy08.pl,q3,yes,1.25,yes,corr,None,None,None,None
3479,exp_cycles_depvary_step10_batch_yyy08.pl,r6,no,0.39,no,corr,None,None,None,None
3480,exp_cycles_depvary_step10_batch_yyy08.pl,e5,,600.0,no,TIMEOUT,,,,
3481,exp_cycles_depvary_step10_batch_yyy09.pl,d5,yes,1.53,yes,corr,None,None,None,None
3482,exp_cycles_depvary_step10_batch_yyy09.pl,z5,yes,1.38,yes,corr,None,None,None,None
3483,exp_cycles_depvary_step10_batch_yyy09.pl,x7,no,0.42,no,corr,None,None,None,None
3484,exp_cycles_depvary_step10_batch_yyy09.pl,e4,yes,1.25,yes,corr,None,None,None,None
3485,exp_cycles_depvary_step10_batch_yyy09.pl,v1,yes,1.38,yes,corr,None,None,None,None
3486,exp_cycles_depvary_step10_batch_yyy09.pl,x5,yes,1.4,yes,corr,None,None,None,None
3487,exp_cycles_depvary_step10_batch_yyy09.pl,p2,yes,1.17,yes,corr,None,None,None,None
3488,exp_cycles_depvary_step10_batch_yyy09.pl,q1,no,0.43,no,corr,None,None,None,None
3489,exp_cycles_depvary_step10_batch_yyy09.pl,s4,yes,14.53,yes,corr,None,None,None,None
3490,exp_cycles_depvary_step10_batch_yyy09.pl,v7,no,0.73,no,corr,None,None,None,None
3491,exp_cycles_depvary_step10_batch_yyy10.pl,w7,no,0.61,no,corr,None,None,None,None
3492,exp_cycles_depvary_step10_batch_yyy10.pl,f1,,600.0,no,TIMEOUT,,,,
3493,exp_cycles_depvary_step10_batch_yyy10.pl,v5,no,0.47,no,corr,None,None,None,None
3494,exp_cycles_depvary_step10_batch_yyy10.pl,w6,no,0.38,no,corr,None,None,None,None
3495,exp_cycles_depvary_step10_batch_yyy10.pl,r1,yes,213.49,yes,corr,None,None,None,None
3496,exp_cycles_depvary_step10_batch_yyy10.pl,s7,no,0.56,no,corr,None,None,None,None
3497,exp_cycles_depvary_step10_batch_yyy10.pl,d1,yes,0.35,yes,corr,None,None,None,None
3498,exp_cycles_depvary_step10_batch_yyy10.pl,f2,yes,0.38,yes,corr,None,None,None,None
3499,exp_cycles_depvary_step10_batch_yyy10.pl,q7,no,0.58,no,corr,None,None,None,None
3500,exp_cycles_depvary_step10_batch_yyy10.pl,y6,no,0.53,no,corr,None,None,None,None
3501,exp_cycles_depvary_step1_batch_yyy01.pl,b3,no,0.28,no,corr,None,None,None,None
3502,exp_cycles_depvary_step1_batch_yyy01.pl,e1,no,0.42,no,corr,None,None,None,None
3503,exp_cycles_depvary_step1_batch_yyy01.pl,a4,no,0.43,no,corr,None,None,None,None
3504,exp_cycles_depvary_step1_batch_yyy01.pl,y3,no,0.41,no,corr,None,None,None,None
3505,exp_cycles_depvary_step1_batch_yyy01.pl,w4,no,0.34,no,corr,None,None,None,None
3506,exp_cycles_depvary_step1_batch_yyy01.pl,a3,no,0.28,no,corr,None,None,None,None
3507,exp_cycles_depvary_step1_batch_yyy01.pl,a1,no,0.4,no,corr,None,None,None,None
3508,exp_cycles_depvary_step1_batch_yyy01.pl,y5,no,0.53,no,corr,None,None,None,None
3509,exp_cycles_depvary_step1_batch_yyy01.pl,x5,no,0.42,no,corr,None,None,None,None
3510,exp_cycles_depvary_step1_batch_yyy01.pl,c6,no,0.38,no,corr,None,None,None,None
3511,exp_cycles_depvary_step1_batch_yyy02.pl,d5,no,0.55,no,corr,None,None,None,None
3512,exp_cycles_depvary_step1_batch_yyy02.pl,s4,no,0.71,no,corr,None,None,None,None
3513,exp_cycles_depvary_step1_batch_yyy02.pl,e5,no,0.33,no,corr,None,None,None,None
3514,exp_cycles_depvary_step1_batch_yyy02.pl,u4,no,0.38,no,corr,None,None,None,None
3515,exp_cycles_depvary_step1_batch_yyy02.pl,t3,no,0.44,no,corr,None,None,None,None
3516,exp_cycles_depvary_step1_batch_yyy02.pl,r5,no,0.58,no,corr,None,None,None,None
3517,exp_cycles_depvary_step1_batch_yyy02.pl,f3,no,0.34,no,corr,None,None,None,None
3518,exp_cycles_depvary_step1_batch_yyy02.pl,y2,no,0.36,no,corr,None,None,None,None
3519,exp_cycles_depvary_step1_batch_yyy02.pl,z6,no,0.55,no,corr,None,None,None,None
3520,exp_cycles_depvary_step1_batch_yyy02.pl,b2,no,0.43,no,corr,None,None,None,None
3521,exp_cycles_depvary_step1_batch_yyy03.pl,c4,no,0.45,no,corr,None,None,None,None
3522,exp_cycles_depvary_step1_batch_yyy03.pl,t6,no,0.27,no,corr,None,None,None,None
3523,exp_cycles_depvary_step1_batch_yyy03.pl,z4,no,0.49,no,corr,None,None,None,None
3524,exp_cycles_depvary_step1_batch_yyy03.pl,w4,no,0.4,no,corr,None,None,None,None
3525,exp_cycles_depvary_step1_batch_yyy03.pl,u3,no,0.33,no,corr,None,None,None,None
3526,exp_cycles_depvary_step1_batch_yyy03.pl,r2,no,0.52,no,corr,None,None,None,None
3527,exp_cycles_depvary_step1_batch_yyy03.pl,v3,no,0.47,no,corr,None,None,None,None
3528,exp_cycles_depvary_step1_batch_yyy03.pl,u2,no,0.35,no,corr,None,None,None,None
3529,exp_cycles_depvary_step1_batch_yyy03.pl,p4,no,0.41,no,corr,None,None,None,None
3530,exp_cycles_depvary_step1_batch_yyy03.pl,x3,no,0.47,no,corr,None,None,None,None
3531,exp_cycles_depvary_step1_batch_yyy04.pl,w7,no,0.41,no,corr,None,None,None,None
3532,exp_cycles_depvary_step1_batch_yyy04.pl,v2,no,0.36,no,corr,None,None,None,None
3533,exp_cycles_depvary_step1_batch_yyy04.pl,u7,no,0.49,no,corr,None,None,None,None
3534,exp_cycles_depvary_step1_batch_yyy04.pl,a4,no,0.23,no,corr,None,None,None,None
3535,exp_cycles_depvary_step1_batch_yyy04.pl,z4,no,0.47,no,corr,None,None,None,None
3536,exp_cycles_depvary_step1_batch_yyy04.pl,p3,no,0.54,no,corr,None,None,None,None
3537,exp_cycles_depvary_step1_batch_yyy04.pl,v4,no,0.32,no,corr,None,None,None,None
3538,exp_cycles_depvary_step1_batch_yyy04.pl,x1,yes,0.53,yes,corr,None,None,None,None
3539,exp_cycles_depvary_step1_batch_yyy04.pl,r2,no,0.41,no,corr,None,None,None,None
3540,exp_cycles_depvary_step1_batch_yyy04.pl,d1,no,0.64,no,corr,None,None,None,None
3541,exp_cycles_depvary_step1_batch_yyy05.pl,u7,no,0.37,no,corr,None,None,None,None
3542,exp_cycles_depvary_step1_batch_yyy05.pl,q5,no,0.38,no,corr,None,None,None,None
3543,exp_cycles_depvary_step1_batch_yyy05.pl,b1,yes,0.34,yes,corr,None,None,None,None
3544,exp_cycles_depvary_step1_batch_yyy05.pl,f5,no,0.34,no,corr,None,None,None,None
3545,exp_cycles_depvary_step1_batch_yyy05.pl,a1,yes,0.53,yes,corr,None,None,None,None
3546,exp_cycles_depvary_step1_batch_yyy05.pl,d1,no,0.52,no,corr,None,None,None,None
3547,exp_cycles_depvary_step1_batch_yyy05.pl,z6,no,0.49,no,corr,None,None,None,None
3548,exp_cycles_depvary_step1_batch_yyy05.pl,b2,no,0.29,no,corr,None,None,None,None
3549,exp_cycles_depvary_step1_batch_yyy05.pl,y3,no,0.51,no,corr,None,None,None,None
3550,exp_cycles_depvary_step1_batch_yyy05.pl,r5,no,0.53,no,corr,None,None,None,None
3551,exp_cycles_depvary_step1_batch_yyy06.pl,u1,no,0.48,no,corr,None,None,None,None
3552,exp_cycles_depvary_step1_batch_yyy06.pl,c2,no,0.43,no,corr,None,None,None,None
3553,exp_cycles_depvary_step1_batch_yyy06.pl,v1,no,0.68,no,corr,None,None,None,None
3554,exp_cycles_depvary_step1_batch_yyy06.pl,r7,no,0.36,no,corr,None,None,None,None
3555,exp_cycles_depvary_step1_batch_yyy06.pl,p1,yes,0.52,yes,corr,None,None,None,None
3556,exp_cycles_depvary_step1_batch_yyy06.pl,y5,no,0.5,no,corr,None,None,None,None
3557,exp_cycles_depvary_step1_batch_yyy06.pl,s3,no,0.57,no,corr,None,None,None,None
3558,exp_cycles_depvary_step1_batch_yyy06.pl,c4,no,0.36,no,corr,None,None,None,None
3559,exp_cycles_depvary_step1_batch_yyy06.pl,a6,no,0.39,no,corr,None,None,None,None
3560,exp_cycles_depvary_step1_batch_yyy06.pl,v7,no,0.37,no,corr,None,None,None,None
3561,exp_cycles_depvary_step1_batch_yyy07.pl,w7,no,0.47,no,corr,None,None,None,None
3562,exp_cycles_depvary_step1_batch_yyy07.pl,d4,no,0.42,no,corr,None,None,None,None
3563,exp_cycles_depvary_step1_batch_yyy07.pl,w2,no,0.39,no,corr,None,None,None,None
3564,exp_cycles_depvary_step1_batch_yyy07.pl,w4,no,0.4,no,corr,None,None,None,None
3565,exp_cycles_depvary_step1_batch_yyy07.pl,t2,no,0.53,no,corr,None,None,None,None
3566,exp_cycles_depvary_step1_batch_yyy07.pl,d2,no,0.51,no,corr,None,None,None,None
3567,exp_cycles_depvary_step1_batch_yyy07.pl,y6,no,0.5,no,corr,None,None,None,None
3568,exp_cycles_depvary_step1_batch_yyy07.pl,x4,no,0.38,no,corr,None,None,None,None
3569,exp_cycles_depvary_step1_batch_yyy07.pl,s5,no,0.36,no,corr,None,None,None,None
3570,exp_cycles_depvary_step1_batch_yyy07.pl,t3,no,0.57,no,corr,None,None,None,None
3571,exp_cycles_depvary_step1_batch_yyy08.pl,c4,no,0.66,no,corr,None,None,None,None
3572,exp_cycles_depvary_step1_batch_yyy08.pl,u7,no,0.43,no,corr,None,None,None,None
3573,exp_cycles_depvary_step1_batch_yyy08.pl,t3,no,0.6,no,corr,None,None,None,None
3574,exp_cycles_depvary_step1_batch_yyy08.pl,t6,no,0.53,no,corr,None,None,None,None
3575,exp_cycles_depvary_step1_batch_yyy08.pl,w1,yes,0.47,yes,corr,None,None,None,None
3576,exp_cycles_depvary_step1_batch_yyy08.pl,y5,no,0.46,no,corr,None,None,None,None
3577,exp_cycles_depvary_step1_batch_yyy08.pl,y3,no,0.41,no,corr,None,None,None,None
3578,exp_cycles_depvary_step1_batch_yyy08.pl,e4,no,0.44,no,corr,None,None,None,None
3579,exp_cycles_depvary_step1_batch_yyy08.pl,r2,no,0.41,no,corr,None,None,None,None
3580,exp_cycles_depvary_step1_batch_yyy08.pl,a1,no,0.52,no,corr,None,None,None,None
3581,exp_cycles_depvary_step1_batch_yyy09.pl,y4,no,0.41,no,corr,None,None,None,None
3582,exp_cycles_depvary_step1_batch_yyy09.pl,p4,no,0.34,no,corr,None,None,None,None
3583,exp_cycles_depvary_step1_batch_yyy09.pl,v5,no,0.45,no,corr,None,None,None,None
3584,exp_cycles_depvary_step1_batch_yyy09.pl,t6,no,0.39,no,corr,None,None,None,None
3585,exp_cycles_depvary_step1_batch_yyy09.pl,q4,no,0.28,no,corr,None,None,None,None
3586,exp_cycles_depvary_step1_batch_yyy09.pl,v1,no,0.43,no,corr,None,None,None,None
3587,exp_cycles_depvary_step1_batch_yyy09.pl,f3,no,0.37,no,corr,None,None,None,None
3588,exp_cycles_depvary_step1_batch_yyy09.pl,q7,no,0.48,no,corr,None,None,None,None
3589,exp_cycles_depvary_step1_batch_yyy09.pl,r3,no,0.39,no,corr,None,None,None,None
3590,exp_cycles_depvary_step1_batch_yyy09.pl,u2,no,0.32,no,corr,None,None,None,None
3591,exp_cycles_depvary_step1_batch_yyy10.pl,u5,no,0.4,no,corr,None,None,None,None
3592,exp_cycles_depvary_step1_batch_yyy10.pl,r4,no,0.36,no,corr,None,None,None,None
3593,exp_cycles_depvary_step1_batch_yyy10.pl,a3,no,0.44,no,corr,None,None,None,None
3594,exp_cycles_depvary_step1_batch_yyy10.pl,d1,no,0.54,no,corr,None,None,None,None
3595,exp_cycles_depvary_step1_batch_yyy10.pl,y6,no,0.42,no,corr,None,None,None,None
3596,exp_cycles_depvary_step1_batch_yyy10.pl,a2,no,0.63,no,corr,None,None,None,None
3597,exp_cycles_depvary_step1_batch_yyy10.pl,a6,no,0.49,no,corr,None,None,None,None
3598,exp_cycles_depvary_step1_batch_yyy10.pl,v7,no,0.38,no,corr,None,None,None,None
3599,exp_cycles_depvary_step1_batch_yyy10.pl,z5,no,0.45,no,corr,None,None,None,None
3600,exp_cycles_depvary_step1_batch_yyy10.pl,e1,no,0.43,no,corr,None,None,None,None
3601,exp_cycles_depvary_step2_batch_yyy01.pl,d3,no,0.4,no,corr,None,None,None,None
3602,exp_cycles_depvary_step2_batch_yyy01.pl,t6,no,0.54,no,corr,None,None,None,None
3603,exp_cycles_depvary_step2_batch_yyy01.pl,a4,no,0.44,no,corr,None,None,None,None
3604,exp_cycles_depvary_step2_batch_yyy01.pl,b5,no,0.51,no,corr,None,None,None,None
3605,exp_cycles_depvary_step2_batch_yyy01.pl,c3,no,0.35,no,corr,None,None,None,None
3606,exp_cycles_depvary_step2_batch_yyy01.pl,t5,no,0.48,no,corr,None,None,None,None
3607,exp_cycles_depvary_step2_batch_yyy01.pl,v1,yes,0.72,no,inc,None,None,None,None
3608,exp_cycles_depvary_step2_batch_yyy01.pl,p3,no,0.53,no,corr,None,None,None,None
3609,exp_cycles_depvary_step2_batch_yyy01.pl,d1,no,0.92,no,corr,None,None,None,None
3610,exp_cycles_depvary_step2_batch_yyy01.pl,u2,no,0.42,no,corr,None,None,None,None
3611,exp_cycles_depvary_step2_batch_yyy02.pl,u5,no,0.45,no,corr,None,None,None,None
3612,exp_cycles_depvary_step2_batch_yyy02.pl,y4,no,0.61,no,corr,None,None,None,None
3613,exp_cycles_depvary_step2_batch_yyy02.pl,p5,no,0.37,no,corr,None,None,None,None
3614,exp_cycles_depvary_step2_batch_yyy02.pl,b4,no,0.48,no,corr,None,None,None,None
3615,exp_cycles_depvary_step2_batch_yyy02.pl,x7,no,0.41,no,corr,None,None,None,None
3616,exp_cycles_depvary_step2_batch_yyy02.pl,w1,no,0.44,no,corr,None,None,None,None
3617,exp_cycles_depvary_step2_batch_yyy02.pl,r2,no,0.61,no,corr,None,None,None,None
3618,exp_cycles_depvary_step2_batch_yyy02.pl,e2,no,0.31,no,corr,None,None,None,None
3619,exp_cycles_depvary_step2_batch_yyy02.pl,y6,no,0.46,no,corr,None,None,None,None
3620,exp_cycles_depvary_step2_batch_yyy02.pl,w3,no,0.44,no,corr,None,None,None,None
3621,exp_cycles_depvary_step2_batch_yyy03.pl,t4,no,0.32,no,corr,None,None,None,None
3622,exp_cycles_depvary_step2_batch_yyy03.pl,w7,no,0.51,no,corr,None,None,None,None
3623,exp_cycles_depvary_step2_batch_yyy03.pl,d4,no,0.3,no,corr,None,None,None,None
3624,exp_cycles_depvary_step2_batch_yyy03.pl,v6,no,0.34,no,corr,None,None,None,None
3625,exp_cycles_depvary_step2_batch_yyy03.pl,s2,yes,0.64,yes,corr,None,None,None,None
3626,exp_cycles_depvary_step2_batch_yyy03.pl,t2,no,0.25,no,corr,None,None,None,None
3627,exp_cycles_depvary_step2_batch_yyy03.pl,s1,no,0.34,no,corr,None,None,None,None
3628,exp_cycles_depvary_step2_batch_yyy03.pl,a1,yes,0.44,yes,corr,None,None,None,None
3629,exp_cycles_depvary_step2_batch_yyy03.pl,p1,yes,0.58,yes,corr,None,None,None,None
3630,exp_cycles_depvary_step2_batch_yyy03.pl,p6,no,0.43,no,corr,None,None,None,None
3631,exp_cycles_depvary_step2_batch_yyy04.pl,v2,no,0.31,no,corr,None,None,None,None
3632,exp_cycles_depvary_step2_batch_yyy04.pl,t3,no,0.37,no,corr,None,None,None,None
3633,exp_cycles_depvary_step2_batch_yyy04.pl,a4,no,0.39,no,corr,None,None,None,None
3634,exp_cycles_depvary_step2_batch_yyy04.pl,c6,no,0.35,no,corr,None,None,None,None
3635,exp_cycles_depvary_step2_batch_yyy04.pl,d1,yes,0.49,yes,corr,None,None,None,None
3636,exp_cycles_depvary_step2_batch_yyy04.pl,z1,no,0.98,no,corr,None,None,None,None
3637,exp_cycles_depvary_step2_batch_yyy04.pl,a5,no,0.43,no,corr,None,None,None,None
3638,exp_cycles_depvary_step2_batch_yyy04.pl,q3,no,0.53,no,corr,None,None,None,None
3639,exp_cycles_depvary_step2_batch_yyy04.pl,y2,no,0.31,no,corr,None,None,None,None
3640,exp_cycles_depvary_step2_batch_yyy04.pl,x1,yes,0.41,yes,corr,None,None,None,None
3641,exp_cycles_depvary_step2_batch_yyy05.pl,z1,yes,0.51,yes,corr,None,None,None,None
3642,exp_cycles_depvary_step2_batch_yyy05.pl,q4,no,0.36,no,corr,None,None,None,None
3643,exp_cycles_depvary_step2_batch_yyy05.pl,v1,yes,0.31,yes,corr,None,None,None,None
3644,exp_cycles_depvary_step2_batch_yyy05.pl,r4,no,0.64,no,corr,None,None,None,None
3645,exp_cycles_depvary_step2_batch_yyy05.pl,p2,no,0.49,no,corr,None,None,None,None
3646,exp_cycles_depvary_step2_batch_yyy05.pl,a3,no,0.45,no,corr,None,None,None,None
3647,exp_cycles_depvary_step2_batch_yyy05.pl,v3,no,0.65,no,corr,None,None,None,None
3648,exp_cycles_depvary_step2_batch_yyy05.pl,q1,yes,0.35,yes,corr,None,None,None,None
3649,exp_cycles_depvary_step2_batch_yyy05.pl,p5,no,0.33,no,corr,None,None,None,None
3650,exp_cycles_depvary_step2_batch_yyy05.pl,d4,no,0.27,no,corr,None,None,None,None
3651,exp_cycles_depvary_step2_batch_yyy06.pl,t4,no,0.5,no,corr,None,None,None,None
3652,exp_cycles_depvary_step2_batch_yyy06.pl,z5,no,0.35,no,corr,None,None,None,None
3653,exp_cycles_depvary_step2_batch_yyy06.pl,w5,no,0.33,no,corr,None,None,None,None
3654,exp_cycles_depvary_step2_batch_yyy06.pl,x7,no,0.47,no,corr,None,None,None,None
3655,exp_cycles_depvary_step2_batch_yyy06.pl,f3,no,0.53,no,corr,None,None,None,None
3656,exp_cycles_depvary_step2_batch_yyy06.pl,d2,no,0.42,no,corr,None,None,None,None
3657,exp_cycles_depvary_step2_batch_yyy06.pl,f4,no,0.51,no,corr,None,None,None,None
3658,exp_cycles_depvary_step2_batch_yyy06.pl,p1,yes,0.42,yes,corr,None,None,None,None
3659,exp_cycles_depvary_step2_batch_yyy06.pl,u1,yes,0.67,yes,corr,None,None,None,None
3660,exp_cycles_depvary_step2_batch_yyy06.pl,r6,no,0.37,no,corr,None,None,None,None
3661,exp_cycles_depvary_step2_batch_yyy07.pl,t4,no,0.34,no,corr,None,None,None,None
3662,exp_cycles_depvary_step2_batch_yyy07.pl,v2,no,0.51,no,corr,None,None,None,None
3663,exp_cycles_depvary_step2_batch_yyy07.pl,x3,no,0.33,no,corr,None,None,None,None
3664,exp_cycles_depvary_step2_batch_yyy07.pl,y3,no,0.36,no,corr,None,None,None,None
3665,exp_cycles_depvary_step2_batch_yyy07.pl,z2,no,0.34,no,corr,None,None,None,None
3666,exp_cycles_depvary_step2_batch_yyy07.pl,r4,no,0.4,no,corr,None,None,None,None
3667,exp_cycles_depvary_step2_batch_yyy07.pl,s1,yes,0.39,yes,corr,None,None,None,None
3668,exp_cycles_depvary_step2_batch_yyy07.pl,r7,no,0.31,no,corr,None,None,None,None
3669,exp_cycles_depvary_step2_batch_yyy07.pl,f4,no,0.41,no,corr,None,None,None,None
3670,exp_cycles_depvary_step2_batch_yyy07.pl,a3,no,0.49,no,corr,None,None,None,None
3671,exp_cycles_depvary_step2_batch_yyy08.pl,u6,no,0.35,no,corr,None,None,None,None
3672,exp_cycles_depvary_step2_batch_yyy08.pl,p5,no,0.36,no,corr,None,None,None,None
3673,exp_cycles_depvary_step2_batch_yyy08.pl,d3,no,0.39,no,corr,None,None,None,None
3674,exp_cycles_depvary_step2_batch_yyy08.pl,v5,no,0.44,no,corr,None,None,None,None
3675,exp_cycles_depvary_step2_batch_yyy08.pl,s5,no,0.22,no,corr,None,None,None,None
3676,exp_cycles_depvary_step2_batch_yyy08.pl,w4,no,0.34,no,corr,None,None,None,None
3677,exp_cycles_depvary_step2_batch_yyy08.pl,t7,no,0.37,no,corr,None,None,None,None
3678,exp_cycles_depvary_step2_batch_yyy08.pl,f2,no,0.31,no,corr,None,None,None,None
3679,exp_cycles_depvary_step2_batch_yyy08.pl,z4,no,0.46,no,corr,None,None,None,None
3680,exp_cycles_depvary_step2_batch_yyy08.pl,e4,no,0.33,no,corr,None,None,None,None
3681,exp_cycles_depvary_step2_batch_yyy09.pl,c4,no,0.44,no,corr,None,None,None,None
3682,exp_cycles_depvary_step2_batch_yyy09.pl,z5,no,0.57,no,corr,None,None,None,None
3683,exp_cycles_depvary_step2_batch_yyy09.pl,p7,no,0.44,no,corr,None,None,None,None
3684,exp_cycles_depvary_step2_batch_yyy09.pl,v5,no,0.3,no,corr,None,None,None,None
3685,exp_cycles_depvary_step2_batch_yyy09.pl,b4,no,0.43,no,corr,None,None,None,None
3686,exp_cycles_depvary_step2_batch_yyy09.pl,z1,yes,0.5,yes,corr,None,None,None,None
3687,exp_cycles_depvary_step2_batch_yyy09.pl,u3,no,0.5,no,corr,None,None,None,None
3688,exp_cycles_depvary_step2_batch_yyy09.pl,y2,no,0.35,no,corr,None,None,None,None
3689,exp_cycles_depvary_step2_batch_yyy09.pl,v3,no,0.37,no,corr,None,None,None,None
3690,exp_cycles_depvary_step2_batch_yyy09.pl,u2,no,0.28,no,corr,None,None,None,None
3691,exp_cycles_depvary_step2_batch_yyy10.pl,t4,no,0.3,no,corr,None,None,None,None
3692,exp_cycles_depvary_step2_batch_yyy10.pl,e1,yes,0.32,yes,corr,None,None,None,None
3693,exp_cycles_depvary_step2_batch_yyy10.pl,t3,no,0.28,no,corr,None,None,None,None
3694,exp_cycles_depvary_step2_batch_yyy10.pl,z1,yes,0.5,yes,corr,None,None,None,None
3695,exp_cycles_depvary_step2_batch_yyy10.pl,x7,no,0.33,no,corr,None,None,None,None
3696,exp_cycles_depvary_step2_batch_yyy10.pl,x5,no,0.3,no,corr,None,None,None,None
3697,exp_cycles_depvary_step2_batch_yyy10.pl,s7,no,0.41,no,corr,None,None,None,None
3698,exp_cycles_depvary_step2_batch_yyy10.pl,p1,yes,0.36,yes,corr,None,None,None,None
3699,exp_cycles_depvary_step2_batch_yyy10.pl,y1,no,1.41,no,corr,None,None,None,None
3700,exp_cycles_depvary_step2_batch_yyy10.pl,s1,yes,0.34,yes,corr,None,None,None,None
3701,exp_cycles_depvary_step3_batch_yyy01.pl,z5,no,0.28,no,corr,None,None,None,None
3702,exp_cycles_depvary_step3_batch_yyy01.pl,u7,no,0.32,no,corr,None,None,None,None
3703,exp_cycles_depvary_step3_batch_yyy01.pl,e4,no,0.47,no,corr,None,None,None,None
3704,exp_cycles_depvary_step3_batch_yyy01.pl,b5,no,0.4,no,corr,None,None,None,None
3705,exp_cycles_depvary_step3_batch_yyy01.pl,d2,yes,0.34,yes,corr,None,None,None,None
3706,exp_cycles_depvary_step3_batch_yyy01.pl,v3,no,0.35,no,corr,None,None,None,None
3707,exp_cycles_depvary_step3_batch_yyy01.pl,y6,no,0.53,no,corr,None,None,None,None
3708,exp_cycles_depvary_step3_batch_yyy01.pl,w3,no,0.42,no,corr,None,None,None,None
3709,exp_cycles_depvary_step3_batch_yyy01.pl,u6,no,0.42,no,corr,None,None,None,None
3710,exp_cycles_depvary_step3_batch_yyy01.pl,d5,no,0.44,no,corr,None,None,None,None
3711,exp_cycles_depvary_step3_batch_yyy02.pl,z5,no,0.47,no,corr,None,None,None,None
3712,exp_cycles_depvary_step3_batch_yyy02.pl,b4,no,0.4,no,corr,None,None,None,None
3713,exp_cycles_depvary_step3_batch_yyy02.pl,c2,yes,2.08,yes,corr,None,None,None,None
3714,exp_cycles_depvary_step3_batch_yyy02.pl,w6,no,0.34,no,corr,None,None,None,None
3715,exp_cycles_depvary_step3_batch_yyy02.pl,v1,no,5.13,no,corr,None,None,None,None
3716,exp_cycles_depvary_step3_batch_yyy02.pl,s6,no,0.49,no,corr,None,None,None,None
3717,exp_cycles_depvary_step3_batch_yyy02.pl,r4,no,0.34,no,corr,None,None,None,None
3718,exp_cycles_depvary_step3_batch_yyy02.pl,q3,no,0.45,no,corr,None,None,None,None
3719,exp_cycles_depvary_step3_batch_yyy02.pl,u6,no,0.29,no,corr,None,None,None,None
3720,exp_cycles_depvary_step3_batch_yyy02.pl,d5,no,0.57,no,corr,None,None,None,None
3721,exp_cycles_depvary_step3_batch_yyy03.pl,z6,no,0.54,no,corr,None,None,None,None
3722,exp_cycles_depvary_step3_batch_yyy03.pl,x3,no,0.52,no,corr,None,None,None,None
3723,exp_cycles_depvary_step3_batch_yyy03.pl,e5,no,0.29,no,corr,None,None,None,None
3724,exp_cycles_depvary_step3_batch_yyy03.pl,t3,no,0.31,no,corr,None,None,None,None
3725,exp_cycles_depvary_step3_batch_yyy03.pl,c2,no,0.39,no,corr,None,None,None,None
3726,exp_cycles_depvary_step3_batch_yyy03.pl,z4,no,0.38,no,corr,None,None,None,None
3727,exp_cycles_depvary_step3_batch_yyy03.pl,w1,yes,0.51,yes,corr,None,None,None,None
3728,exp_cycles_depvary_step3_batch_yyy03.pl,t7,no,0.35,no,corr,None,None,None,None
3729,exp_cycles_depvary_step3_batch_yyy03.pl,y2,no,0.5,no,corr,None,None,None,None
3730,exp_cycles_depvary_step3_batch_yyy03.pl,d1,no,11.08,no,corr,None,None,None,None
3731,exp_cycles_depvary_step3_batch_yyy04.pl,v6,no,0.35,no,corr,None,None,None,None
3732,exp_cycles_depvary_step3_batch_yyy04.pl,u7,no,0.28,no,corr,None,None,None,None
3733,exp_cycles_depvary_step3_batch_yyy04.pl,x7,no,0.26,no,corr,None,None,None,None
3734,exp_cycles_depvary_step3_batch_yyy04.pl,y3,no,0.32,no,corr,None,None,None,None
3735,exp_cycles_depvary_step3_batch_yyy04.pl,s1,no,0.43,no,corr,None,None,None,None
3736,exp_cycles_depvary_step3_batch_yyy04.pl,y6,no,0.36,no,corr,None,None,None,None
3737,exp_cycles_depvary_step3_batch_yyy04.pl,z1,no,1.2,no,corr,None,None,None,None
3738,exp_cycles_depvary_step3_batch_yyy04.pl,t6,no,0.29,no,corr,None,None,None,None
3739,exp_cycles_depvary_step3_batch_yyy04.pl,u2,no,0.35,no,corr,None,None,None,None
3740,exp_cycles_depvary_step3_batch_yyy04.pl,q1,yes,1.06,yes,corr,None,None,None,None
3741,exp_cycles_depvary_step3_batch_yyy05.pl,p5,no,0.36,no,corr,None,None,None,None
3742,exp_cycles_depvary_step3_batch_yyy05.pl,u1,yes,0.6,yes,corr,None,None,None,None
3743,exp_cycles_depvary_step3_batch_yyy05.pl,c2,no,0.64,no,corr,None,None,None,None
3744,exp_cycles_depvary_step3_batch_yyy05.pl,x7,no,0.28,no,corr,None,None,None,None
3745,exp_cycles_depvary_step3_batch_yyy05.pl,x2,yes,0.68,yes,corr,None,None,None,None
3746,exp_cycles_depvary_step3_batch_yyy05.pl,p3,no,0.36,no,corr,None,None,None,None
3747,exp_cycles_depvary_step3_batch_yyy05.pl,z2,no,0.32,no,corr,None,None,None,None
3748,exp_cycles_depvary_step3_batch_yyy05.pl,w3,no,0.45,no,corr,None,None,None,None
3749,exp_cycles_depvary_step3_batch_yyy05.pl,y3,no,0.27,no,corr,None,None,None,None
3750,exp_cycles_depvary_step3_batch_yyy05.pl,e4,no,0.44,no,corr,None,None,None,None
3751,exp_cycles_depvary_step3_batch_yyy06.pl,s3,no,0.53,no,corr,None,None,None,None
3752,exp_cycles_depvary_step3_batch_yyy06.pl,z5,no,0.46,no,corr,None,None,None,None
3753,exp_cycles_depvary_step3_batch_yyy06.pl,p5,no,0.45,no,corr,None,None,None,None
3754,exp_cycles_depvary_step3_batch_yyy06.pl,r6,no,0.52,no,corr,None,None,None,None
3755,exp_cycles_depvary_step3_batch_yyy06.pl,w5,no,0.36,no,corr,None,None,None,None
3756,exp_cycles_depvary_step3_batch_yyy06.pl,t3,no,0.43,no,corr,None,None,None,None
3757,exp_cycles_depvary_step3_batch_yyy06.pl,t6,no,0.49,no,corr,None,None,None,None
3758,exp_cycles_depvary_step3_batch_yyy06.pl,r7,no,0.38,no,corr,None,None,None,None
3759,exp_cycles_depvary_step3_batch_yyy06.pl,d1,no,0.76,no,corr,None,None,None,None
3760,exp_cycles_depvary_step3_batch_yyy06.pl,u2,no,1.36,no,corr,None,None,None,None
3761,exp_cycles_depvary_step3_batch_yyy07.pl,t5,no,0.49,no,corr,None,None,None,None
3762,exp_cycles_depvary_step3_batch_yyy07.pl,y4,no,0.34,no,corr,None,None,None,None
3763,exp_cycles_depvary_step3_batch_yyy07.pl,u4,no,0.4,no,corr,None,None,None,None
3764,exp_cycles_depvary_step3_batch_yyy07.pl,a4,no,0.46,no,corr,None,None,None,None
3765,exp_cycles_depvary_step3_batch_yyy07.pl,d2,yes,0.43,yes,corr,None,None,None,None
3766,exp_cycles_depvary_step3_batch_yyy07.pl,q3,no,0.34,no,corr,None,None,None,None
3767,exp_cycles_depvary_step3_batch_yyy07.pl,t1,yes,0.49,yes,corr,None,None,None,None
3768,exp_cycles_depvary_step3_batch_yyy07.pl,y5,no,0.4,no,corr,None,None,None,None
3769,exp_cycles_depvary_step3_batch_yyy07.pl,c5,no,0.32,no,corr,None,None,None,None
3770,exp_cycles_depvary_step3_batch_yyy07.pl,t6,no,0.38,no,corr,None,None,None,None
3771,exp_cycles_depvary_step3_batch_yyy08.pl,e1,no,0.36,no,corr,None,None,None,None
3772,exp_cycles_depvary_step3_batch_yyy08.pl,t3,no,0.47,no,corr,None,None,None,None
3773,exp_cycles_depvary_step3_batch_yyy08.pl,p3,no,0.51,no,corr,None,None,None,None
3774,exp_cycles_depvary_step3_batch_yyy08.pl,t7,no,0.56,no,corr,None,None,None,None
3775,exp_cycles_depvary_step3_batch_yyy08.pl,e3,no,0.27,no,corr,None,None,None,None
3776,exp_cycles_depvary_step3_batch_yyy08.pl,x1,yes,0.4,yes,corr,None,None,None,None
3777,exp_cycles_depvary_step3_batch_yyy08.pl,v3,no,0.49,no,corr,None,None,None,None
3778,exp_cycles_depvary_step3_batch_yyy08.pl,p6,no,0.39,no,corr,None,None,None,None
3779,exp_cycles_depvary_step3_batch_yyy08.pl,y1,yes,0.36,yes,corr,None,None,None,None
3780,exp_cycles_depvary_step3_batch_yyy08.pl,s1,yes,1.13,yes,corr,None,None,None,None
3781,exp_cycles_depvary_step3_batch_yyy09.pl,d5,no,0.24,no,corr,None,None,None,None
3782,exp_cycles_depvary_step3_batch_yyy09.pl,a6,no,0.56,no,corr,None,None,None,None
3783,exp_cycles_depvary_step3_batch_yyy09.pl,d4,no,0.28,no,corr,None,None,None,None
3784,exp_cycles_depvary_step3_batch_yyy09.pl,u1,yes,0.41,yes,corr,None,None,None,None
3785,exp_cycles_depvary_step3_batch_yyy09.pl,t3,no,0.55,no,corr,None,None,None,None
3786,exp_cycles_depvary_step3_batch_yyy09.pl,c2,no,1.45,no,corr,None,None,None,None
3787,exp_cycles_depvary_step3_batch_yyy09.pl,t2,no,6.23,no,corr,None,None,None,None
3788,exp_cycles_depvary_step3_batch_yyy09.pl,a3,no,0.31,no,corr,None,None,None,None
3789,exp_cycles_depvary_step3_batch_yyy09.pl,r2,yes,0.32,yes,corr,None,None,None,None
3790,exp_cycles_depvary_step3_batch_yyy09.pl,a1,yes,0.56,yes,corr,None,None,None,None
3791,exp_cycles_depvary_step3_batch_yyy10.pl,d5,no,0.51,no,corr,None,None,None,None
3792,exp_cycles_depvary_step3_batch_yyy10.pl,b2,no,0.67,no,corr,None,None,None,None
3793,exp_cycles_depvary_step3_batch_yyy10.pl,w7,no,0.63,no,corr,None,None,None,None
3794,exp_cycles_depvary_step3_batch_yyy10.pl,w2,yes,0.59,yes,corr,None,None,None,None
3795,exp_cycles_depvary_step3_batch_yyy10.pl,b4,no,0.55,no,corr,None,None,None,None
3796,exp_cycles_depvary_step3_batch_yyy10.pl,s2,no,4.1,no,corr,None,None,None,None
3797,exp_cycles_depvary_step3_batch_yyy10.pl,t1,no,0.28,no,corr,None,None,None,None
3798,exp_cycles_depvary_step3_batch_yyy10.pl,p1,yes,0.72,yes,corr,None,None,None,None
3799,exp_cycles_depvary_step3_batch_yyy10.pl,w3,no,0.39,no,corr,None,None,None,None
3800,exp_cycles_depvary_step3_batch_yyy10.pl,q2,no,0.31,no,corr,None,None,None,None
3801,exp_cycles_depvary_step4_batch_yyy01.pl,s4,no,0.52,no,corr,None,None,None,None
3802,exp_cycles_depvary_step4_batch_yyy01.pl,u1,yes,1.44,yes,corr,None,None,None,None
3803,exp_cycles_depvary_step4_batch_yyy01.pl,u4,no,0.33,no,corr,None,None,None,None
3804,exp_cycles_depvary_step4_batch_yyy01.pl,q4,no,0.44,no,corr,None,None,None,None
3805,exp_cycles_depvary_step4_batch_yyy01.pl,v1,no,0.33,no,corr,None,None,None,None
3806,exp_cycles_depvary_step4_batch_yyy01.pl,z2,no,16.68,no,corr,None,None,None,None
3807,exp_cycles_depvary_step4_batch_yyy01.pl,y1,no,0.5,no,corr,None,None,None,None
3808,exp_cycles_depvary_step4_batch_yyy01.pl,y5,no,0.3,no,corr,None,None,None,None
3809,exp_cycles_depvary_step4_batch_yyy01.pl,f2,no,7.83,no,corr,None,None,None,None
3810,exp_cycles_depvary_step4_batch_yyy01.pl,q2,no,18.65,no,corr,None,None,None,None
3811,exp_cycles_depvary_step4_batch_yyy02.pl,r6,no,0.4,no,corr,None,None,None,None
3812,exp_cycles_depvary_step4_batch_yyy02.pl,c5,no,0.47,no,corr,None,None,None,None
3813,exp_cycles_depvary_step4_batch_yyy02.pl,q4,no,0.31,no,corr,None,None,None,None
3814,exp_cycles_depvary_step4_batch_yyy02.pl,v1,yes,2.26,yes,corr,None,None,None,None
3815,exp_cycles_depvary_step4_batch_yyy02.pl,w4,no,0.28,no,corr,None,None,None,None
3816,exp_cycles_depvary_step4_batch_yyy02.pl,u2,no,0.25,no,corr,None,None,None,None
3817,exp_cycles_depvary_step4_batch_yyy02.pl,a6,no,0.72,no,corr,None,None,None,None
3818,exp_cycles_depvary_step4_batch_yyy02.pl,y4,no,0.29,no,corr,None,None,None,None
3819,exp_cycles_depvary_step4_batch_yyy02.pl,z4,no,0.37,no,corr,None,None,None,None
3820,exp_cycles_depvary_step4_batch_yyy02.pl,r5,no,0.5,no,corr,None,None,None,None
3821,exp_cycles_depvary_step4_batch_yyy03.pl,u1,yes,0.35,yes,corr,None,None,None,None
3822,exp_cycles_depvary_step4_batch_yyy03.pl,t3,no,0.24,no,corr,None,None,None,None
3823,exp_cycles_depvary_step4_batch_yyy03.pl,x5,no,0.38,no,corr,None,None,None,None
3824,exp_cycles_depvary_step4_batch_yyy03.pl,s1,no,11.35,no,corr,None,None,None,None
3825,exp_cycles_depvary_step4_batch_yyy03.pl,b6,no,0.31,no,corr,None,None,None,None
3826,exp_cycles_depvary_step4_batch_yyy03.pl,q1,no,1.79,no,corr,None,None,None,None
3827,exp_cycles_depvary_step4_batch_yyy03.pl,t5,no,0.27,no,corr,None,None,None,None
3828,exp_cycles_depvary_step4_batch_yyy03.pl,s3,no,0.46,no,corr,None,None,None,None
3829,exp_cycles_depvary_step4_batch_yyy03.pl,s4,no,0.49,no,corr,None,None,None,None
3830,exp_cycles_depvary_step4_batch_yyy03.pl,v7,no,0.4,no,corr,None,None,None,None
3831,exp_cycles_depvary_step4_batch_yyy04.pl,b3,yes,0.5,yes,corr,None,None,None,None
3832,exp_cycles_depvary_step4_batch_yyy04.pl,z5,no,0.45,no,corr,None,None,None,None
3833,exp_cycles_depvary_step4_batch_yyy04.pl,w6,no,0.41,no,corr,None,None,None,None
3834,exp_cycles_depvary_step4_batch_yyy04.pl,v1,yes,0.46,yes,corr,None,None,None,None
3835,exp_cycles_depvary_step4_batch_yyy04.pl,u3,no,0.31,no,corr,None,None,None,None
3836,exp_cycles_depvary_step4_batch_yyy04.pl,z3,no,0.35,no,corr,None,None,None,None
3837,exp_cycles_depvary_step4_batch_yyy04.pl,e2,yes,0.83,yes,corr,None,None,None,None
3838,exp_cycles_depvary_step4_batch_yyy04.pl,d1,no,0.68,no,corr,None,None,None,None
3839,exp_cycles_depvary_step4_batch_yyy04.pl,u2,yes,0.45,yes,corr,None,None,None,None
3840,exp_cycles_depvary_step4_batch_yyy04.pl,t1,no,0.3,no,corr,None,None,None,None
3841,exp_cycles_depvary_step4_batch_yyy05.pl,z6,no,0.42,no,corr,None,None,None,None
3842,exp_cycles_depvary_step4_batch_yyy05.pl,w5,no,0.4,no,corr,None,None,None,None
3843,exp_cycles_depvary_step4_batch_yyy05.pl,y3,no,0.35,no,corr,None,None,None,None
3844,exp_cycles_depvary_step4_batch_yyy05.pl,s4,no,0.37,no,corr,None,None,None,None
3845,exp_cycles_depvary_step4_batch_yyy05.pl,y4,no,0.61,no,corr,None,None,None,None
3846,exp_cycles_depvary_step4_batch_yyy05.pl,p4,no,0.39,no,corr,None,None,None,None
3847,exp_cycles_depvary_step4_batch_yyy05.pl,p5,no,0.33,no,corr,None,None,None,None
3848,exp_cycles_depvary_step4_batch_yyy05.pl,d4,no,0.4,no,corr,None,None,None,None
3849,exp_cycles_depvary_step4_batch_yyy05.pl,x5,no,0.44,no,corr,None,None,None,None
3850,exp_cycles_depvary_step4_batch_yyy05.pl,t7,no,0.49,no,corr,None,None,None,None
3851,exp_cycles_depvary_step4_batch_yyy06.pl,q6,no,0.3,no,corr,None,None,None,None
3852,exp_cycles_depvary_step4_batch_yyy06.pl,u1,yes,0.36,yes,corr,None,None,None,None
3853,exp_cycles_depvary_step4_batch_yyy06.pl,u7,no,0.4,no,corr,None,None,None,None
3854,exp_cycles_depvary_step4_batch_yyy06.pl,t3,no,0.56,no,corr,None,None,None,None
3855,exp_cycles_depvary_step4_batch_yyy06.pl,f5,no,0.28,no,corr,None,None,None,None
3856,exp_cycles_depvary_step4_batch_yyy06.pl,x6,no,0.38,no,corr,None,None,None,None
3857,exp_cycles_depvary_step4_batch_yyy06.pl,r7,no,0.64,no,corr,None,None,None,None
3858,exp_cycles_depvary_step4_batch_yyy06.pl,q2,yes,0.55,yes,corr,None,None,None,None
3859,exp_cycles_depvary_step4_batch_yyy06.pl,z1,yes,0.58,yes,corr,None,None,None,None
3860,exp_cycles_depvary_step4_batch_yyy06.pl,c2,no,3.29,no,corr,None,None,None,None
3861,exp_cycles_depvary_step4_batch_yyy07.pl,x3,no,0.35,no,corr,None,None,None,None
3862,exp_cycles_depvary_step4_batch_yyy07.pl,t3,no,0.44,no,corr,None,None,None,None
3863,exp_cycles_depvary_step4_batch_yyy07.pl,c2,yes,6.3,yes,corr,None,None,None,None
3864,exp_cycles_depvary_step4_batch_yyy07.pl,x2,yes,0.4,yes,corr,None,None,None,None
3865,exp_cycles_depvary_step4_batch_yyy07.pl,p3,no,0.37,no,corr,None,None,None,None
3866,exp_cycles_depvary_step4_batch_yyy07.pl,t2,yes,0.47,yes,corr,None,None,None,None
3867,exp_cycles_depvary_step4_batch_yyy07.pl,z3,no,0.23,no,corr,None,None,None,None
3868,exp_cycles_depvary_step4_batch_yyy07.pl,q1,yes,4.81,yes,corr,None,None,None,None
3869,exp_cycles_depvary_step4_batch_yyy07.pl,x4,no,0.31,no,corr,None,None,None,None
3870,exp_cycles_depvary_step4_batch_yyy07.pl,w3,no,0.32,no,corr,None,None,None,None
3871,exp_cycles_depvary_step4_batch_yyy08.pl,x2,yes,0.43,yes,corr,None,None,None,None
3872,exp_cycles_depvary_step4_batch_yyy08.pl,e4,no,0.45,no,corr,None,None,None,None
3873,exp_cycles_depvary_step4_batch_yyy08.pl,b5,no,0.35,no,corr,None,None,None,None
3874,exp_cycles_depvary_step4_batch_yyy08.pl,f4,no,0.51,no,corr,None,None,None,None
3875,exp_cycles_depvary_step4_batch_yyy08.pl,u2,yes,0.51,yes,corr,None,None,None,None
3876,exp_cycles_depvary_step4_batch_yyy08.pl,a2,no,0.94,no,corr,None,None,None,None
3877,exp_cycles_depvary_step4_batch_yyy08.pl,s4,no,0.3,no,corr,None,None,None,None
3878,exp_cycles_depvary_step4_batch_yyy08.pl,v7,no,0.3,no,corr,None,None,None,None
3879,exp_cycles_depvary_step4_batch_yyy08.pl,c2,no,1.49,no,corr,None,None,None,None
3880,exp_cycles_depvary_step4_batch_yyy08.pl,t6,no,0.32,no,corr,None,None,None,None
3881,exp_cycles_depvary_step4_batch_yyy09.pl,t5,no,0.46,no,corr,None,None,None,None
3882,exp_cycles_depvary_step4_batch_yyy09.pl,e4,no,0.31,no,corr,None,None,None,None
3883,exp_cycles_depvary_step4_batch_yyy09.pl,x5,no,0.6,no,corr,None,None,None,None
3884,exp_cycles_depvary_step4_batch_yyy09.pl,y5,no,0.28,no,corr,None,None,None,None
3885,exp_cycles_depvary_step4_batch_yyy09.pl,w3,no,0.28,no,corr,None,None,None,None
3886,exp_cycles_depvary_step4_batch_yyy09.pl,p4,no,0.44,no,corr,None,None,None,None
3887,exp_cycles_depvary_step4_batch_yyy09.pl,p7,no,0.33,no,corr,None,None,None,None
3888,exp_cycles_depvary_step4_batch_yyy09.pl,p5,no,0.35,no,corr,None,None,None,None
3889,exp_cycles_depvary_step4_batch_yyy09.pl,w6,no,0.47,no,corr,None,None,None,None
3890,exp_cycles_depvary_step4_batch_yyy09.pl,f5,no,0.4,no,corr,None,None,None,None
3891,exp_cycles_depvary_step4_batch_yyy10.pl,c3,no,18.86,no,corr,None,None,None,None
3892,exp_cycles_depvary_step4_batch_yyy10.pl,u7,no,0.47,no,corr,None,None,None,None
3893,exp_cycles_depvary_step4_batch_yyy10.pl,z4,no,0.35,no,corr,None,None,None,None
3894,exp_cycles_depvary_step4_batch_yyy10.pl,p3,yes,0.58,yes,corr,None,None,None,None
3895,exp_cycles_depvary_step4_batch_yyy10.pl,x5,no,0.42,no,corr,None,None,None,None
3896,exp_cycles_depvary_step4_batch_yyy10.pl,u3,no,0.35,no,corr,None,None,None,None
3897,exp_cycles_depvary_step4_batch_yyy10.pl,f4,no,0.33,no,corr,None,None,None,None
3898,exp_cycles_depvary_step4_batch_yyy10.pl,a2,no,19.87,no,corr,None,None,None,None
3899,exp_cycles_depvary_step4_batch_yyy10.pl,p7,no,0.35,no,corr,None,None,None,None
3900,exp_cycles_depvary_step4_batch_yyy10.pl,x3,no,0.7,no,corr,None,None,None,None
3901,exp_cycles_depvary_step5_batch_yyy01.pl,u5,no,0.3,no,corr,None,None,None,None
3902,exp_cycles_depvary_step5_batch_yyy01.pl,c4,no,0.28,no,corr,None,None,None,None
3903,exp_cycles_depvary_step5_batch_yyy01.pl,d4,no,0.57,no,corr,None,None,None,None
3904,exp_cycles_depvary_step5_batch_yyy01.pl,u4,no,0.48,no,corr,None,None,None,None
3905,exp_cycles_depvary_step5_batch_yyy01.pl,s2,no,40.96,no,corr,None,None,None,None
3906,exp_cycles_depvary_step5_batch_yyy01.pl,w4,no,0.6,no,corr,None,None,None,None
3907,exp_cycles_depvary_step5_batch_yyy01.pl,s7,no,0.47,no,corr,None,None,None,None
3908,exp_cycles_depvary_step5_batch_yyy01.pl,e2,yes,3.76,yes,corr,None,None,None,None
3909,exp_cycles_depvary_step5_batch_yyy01.pl,e1,no,0.67,no,corr,None,None,None,None
3910,exp_cycles_depvary_step5_batch_yyy01.pl,q6,no,0.4,no,corr,None,None,None,None
3911,exp_cycles_depvary_step5_batch_yyy02.pl,c4,no,0.41,no,corr,None,None,None,None
3912,exp_cycles_depvary_step5_batch_yyy02.pl,p7,no,0.31,no,corr,None,None,None,None
3913,exp_cycles_depvary_step5_batch_yyy02.pl,w2,no,1.91,no,corr,None,None,None,None
3914,exp_cycles_depvary_step5_batch_yyy02.pl,b4,no,0.39,no,corr,None,None,None,None
3915,exp_cycles_depvary_step5_batch_yyy02.pl,e4,no,0.32,no,corr,None,None,None,None
3916,exp_cycles_depvary_step5_batch_yyy02.pl,z2,yes,0.67,yes,corr,None,None,None,None
3917,exp_cycles_depvary_step5_batch_yyy02.pl,v3,,600.0,no,TIMEOUT,,,,
3918,exp_cycles_depvary_step5_batch_yyy02.pl,q7,no,0.71,no,corr,None,None,None,None
3919,exp_cycles_depvary_step5_batch_yyy02.pl,u3,yes,0.73,yes,corr,None,None,None,None
3920,exp_cycles_depvary_step5_batch_yyy02.pl,r4,no,0.56,no,corr,None,None,None,None
3921,exp_cycles_depvary_step5_batch_yyy03.pl,a6,no,0.44,no,corr,None,None,None,None
3922,exp_cycles_depvary_step5_batch_yyy03.pl,f1,no,0.59,no,corr,None,None,None,None
3923,exp_cycles_depvary_step5_batch_yyy03.pl,v5,no,0.38,no,corr,None,None,None,None
3924,exp_cycles_depvary_step5_batch_yyy03.pl,s2,no,0.36,no,corr,None,None,None,None
3925,exp_cycles_depvary_step5_batch_yyy03.pl,f5,no,0.33,no,corr,None,None,None,None
3926,exp_cycles_depvary_step5_batch_yyy03.pl,r7,no,0.64,no,corr,None,None,None,None
3927,exp_cycles_depvary_step5_batch_yyy03.pl,q1,no,28.43,no,corr,None,None,None,None
3928,exp_cycles_depvary_step5_batch_yyy03.pl,q7,no,0.29,no,corr,None,None,None,None
3929,exp_cycles_depvary_step5_batch_yyy03.pl,z5,no,0.6,no,corr,None,None,None,None
3930,exp_cycles_depvary_step5_batch_yyy03.pl,v2,yes,0.51,yes,corr,None,None,None,None
3931,exp_cycles_depvary_step5_batch_yyy04.pl,s3,,600.0,no,TIMEOUT,,,,
3932,exp_cycles_depvary_step5_batch_yyy04.pl,a6,no,0.41,no,corr,None,None,None,None
3933,exp_cycles_depvary_step5_batch_yyy04.pl,v5,no,0.55,no,corr,None,None,None,None
3934,exp_cycles_depvary_step5_batch_yyy04.pl,w6,no,0.4,no,corr,None,None,None,None
3935,exp_cycles_depvary_step5_batch_yyy04.pl,y3,no,0.35,no,corr,None,None,None,None
3936,exp_cycles_depvary_step5_batch_yyy04.pl,z2,yes,0.4,yes,corr,None,None,None,None
3937,exp_cycles_depvary_step5_batch_yyy04.pl,f2,no,37.11,no,corr,None,None,None,None
3938,exp_cycles_depvary_step5_batch_yyy04.pl,v6,no,0.29,no,corr,None,None,None,None
3939,exp_cycles_depvary_step5_batch_yyy04.pl,r6,no,0.32,no,corr,None,None,None,None
3940,exp_cycles_depvary_step5_batch_yyy04.pl,e5,no,0.36,no,corr,None,None,None,None
3941,exp_cycles_depvary_step5_batch_yyy05.pl,v2,no,22.94,no,corr,None,None,None,None
3942,exp_cycles_depvary_step5_batch_yyy05.pl,r5,no,0.48,no,corr,None,None,None,None
3943,exp_cycles_depvary_step5_batch_yyy05.pl,y6,no,0.5,no,corr,None,None,None,None
3944,exp_cycles_depvary_step5_batch_yyy05.pl,c2,yes,0.39,yes,corr,None,None,None,None
3945,exp_cycles_depvary_step5_batch_yyy05.pl,a5,no,0.39,no,corr,None,None,None,None
3946,exp_cycles_depvary_step5_batch_yyy05.pl,b1,no,29.24,no,corr,None,None,None,None
3947,exp_cycles_depvary_step5_batch_yyy05.pl,t2,yes,0.59,yes,corr,None,None,None,None
3948,exp_cycles_depvary_step5_batch_yyy05.pl,z2,yes,0.48,yes,corr,None,None,None,None
3949,exp_cycles_depvary_step5_batch_yyy05.pl,q3,no,4.05,no,corr,None,None,None,None
3950,exp_cycles_depvary_step5_batch_yyy05.pl,y2,no,21.67,no,corr,None,None,None,None
3951,exp_cycles_depvary_step5_batch_yyy06.pl,u5,no,1.2,no,corr,None,None,None,None
3952,exp_cycles_depvary_step5_batch_yyy06.pl,t5,no,0.44,no,corr,None,None,None,None
3953,exp_cycles_depvary_step5_batch_yyy06.pl,y4,no,0.29,no,corr,None,None,None,None
3954,exp_cycles_depvary_step5_batch_yyy06.pl,v6,no,0.36,no,corr,None,None,None,None
3955,exp_cycles_depvary_step5_batch_yyy06.pl,s5,no,0.44,no,corr,None,None,None,None
3956,exp_cycles_depvary_step5_batch_yyy06.pl,c2,no,0.44,no,corr,None,None,None,None
3957,exp_cycles_depvary_step5_batch_yyy06.pl,p3,yes,1.51,yes,corr,None,None,None,None
3958,exp_cycles_depvary_step5_batch_yyy06.pl,c6,no,0.28,no,corr,None,None,None,None
3959,exp_cycles_depvary_step5_batch_yyy06.pl,d2,yes,1.32,yes,corr,None,None,None,None
3960,exp_cycles_depvary_step5_batch_yyy06.pl,a3,no,26.13,no,corr,None,None,None,None
3961,exp_cycles_depvary_step5_batch_yyy07.pl,u6,no,0.55,no,corr,None,None,None,None
3962,exp_cycles_depvary_step5_batch_yyy07.pl,q6,no,0.79,no,corr,None,None,None,None
3963,exp_cycles_depvary_step5_batch_yyy07.pl,d3,yes,0.41,yes,corr,None,None,None,None
3964,exp_cycles_depvary_step5_batch_yyy07.pl,z4,no,0.5,no,corr,None,None,None,None
3965,exp_cycles_depvary_step5_batch_yyy07.pl,f3,yes,0.82,yes,corr,None,None,None,None
3966,exp_cycles_depvary_step5_batch_yyy07.pl,p2,no,0.42,no,corr,None,None,None,None
3967,exp_cycles_depvary_step5_batch_yyy07.pl,f4,no,0.46,no,corr,None,None,None,None
3968,exp_cycles_depvary_step5_batch_yyy07.pl,e2,no,14.99,no,corr,None,None,None,None
3969,exp_cycles_depvary_step5_batch_yyy07.pl,p6,no,0.5,no,corr,None,None,None,None
3970,exp_cycles_depvary_step5_batch_yyy07.pl,f2,no,0.51,no,corr,None,None,None,None
3971,exp_cycles_depvary_step5_batch_yyy08.pl,v2,yes,1.25,yes,corr,None,None,None,None
3972,exp_cycles_depvary_step5_batch_yyy08.pl,d4,no,0.4,no,corr,None,None,None,None
3973,exp_cycles_depvary_step5_batch_yyy08.pl,u1,yes,0.43,yes,corr,None,None,None,None
3974,exp_cycles_depvary_step5_batch_yyy08.pl,d3,yes,10.32,yes,corr,None,None,None,None
3975,exp_cycles_depvary_step5_batch_yyy08.pl,f5,no,0.42,no,corr,None,None,None,None
3976,exp_cycles_depvary_step5_batch_yyy08.pl,y1,yes,0.45,yes,corr,None,None,None,None
3977,exp_cycles_depvary_step5_batch_yyy08.pl,y6,no,0.57,no,corr,None,None,None,None
3978,exp_cycles_depvary_step5_batch_yyy08.pl,c3,yes,0.42,yes,corr,None,None,None,None
3979,exp_cycles_depvary_step5_batch_yyy08.pl,t5,no,0.35,no,corr,None,None,None,None
3980,exp_cycles_depvary_step5_batch_yyy08.pl,s3,yes,0.4,yes,corr,None,None,None,None
3981,exp_cycles_depvary_step5_batch_yyy09.pl,w5,no,0.5,no,corr,None,None,None,None
3982,exp_cycles_depvary_step5_batch_yyy09.pl,c2,no,0.52,no,corr,None,None,None,None
3983,exp_cycles_depvary_step5_batch_yyy09.pl,v3,no,75.08,no,corr,None,None,None,None
3984,exp_cycles_depvary_step5_batch_yyy09.pl,q7,no,0.42,no,corr,None,None,None,None
3985,exp_cycles_depvary_step5_batch_yyy09.pl,p6,no,0.39,no,corr,None,None,None,None
3986,exp_cycles_depvary_step5_batch_yyy09.pl,s4,no,0.42,no,corr,None,None,None,None
3987,exp_cycles_depvary_step5_batch_yyy09.pl,y4,no,0.35,no,corr,None,None,None,None
3988,exp_cycles_depvary_step5_batch_yyy09.pl,x5,no,0.38,no,corr,None,None,None,None
3989,exp_cycles_depvary_step5_batch_yyy09.pl,c1,no,0.71,no,corr,None,None,None,None
3990,exp_cycles_depvary_step5_batch_yyy09.pl,z2,yes,3.84,yes,corr,None,None,None,None
3991,exp_cycles_depvary_step5_batch_yyy10.pl,p4,no,0.34,no,corr,None,None,None,None
3992,exp_cycles_depvary_step5_batch_yyy10.pl,u1,no,0.33,no,corr,None,None,None,None
3993,exp_cycles_depvary_step5_batch_yyy10.pl,t3,yes,0.45,yes,corr,None,None,None,None
3994,exp_cycles_depvary_step5_batch_yyy10.pl,x2,no,0.38,no,corr,None,None,None,None
3995,exp_cycles_depvary_step5_batch_yyy10.pl,x5,no,0.37,no,corr,None,None,None,None
3996,exp_cycles_depvary_step5_batch_yyy10.pl,v3,yes,0.73,yes,corr,None,None,None,None
3997,exp_cycles_depvary_step5_batch_yyy10.pl,s4,no,0.52,no,corr,None,None,None,None
3998,exp_cycles_depvary_step5_batch_yyy10.pl,y4,no,0.4,no,corr,None,None,None,None
3999,exp_cycles_depvary_step5_batch_yyy10.pl,y2,yes,0.6,yes,corr,None,None,None,None
4000,exp_cycles_depvary_step5_batch_yyy10.pl,x1,no,0.41,no,corr,None,None,None,None
4001,exp_cycles_depvary_step6_batch_yyy01.pl,z5,no,0.41,no,corr,None,None,None,None
4002,exp_cycles_depvary_step6_batch_yyy01.pl,d3,yes,1.01,yes,corr,None,None,None,None
4003,exp_cycles_depvary_step6_batch_yyy01.pl,s5,no,0.51,no,corr,None,None,None,None
4004,exp_cycles_depvary_step6_batch_yyy01.pl,z3,yes,0.53,yes,corr,None,None,None,None
4005,exp_cycles_depvary_step6_batch_yyy01.pl,y5,no,0.49,no,corr,None,None,None,None
4006,exp_cycles_depvary_step6_batch_yyy01.pl,q2,no,2.69,no,corr,None,None,None,None
4007,exp_cycles_depvary_step6_batch_yyy01.pl,t5,no,0.4,no,corr,None,None,None,None
4008,exp_cycles_depvary_step6_batch_yyy01.pl,s3,yes,5.05,yes,corr,None,None,None,None
4009,exp_cycles_depvary_step6_batch_yyy01.pl,a6,no,0.68,no,corr,None,None,None,None
4010,exp_cycles_depvary_step6_batch_yyy01.pl,s4,no,0.4,no,corr,None,None,None,None
4011,exp_cycles_depvary_step6_batch_yyy02.pl,y4,no,0.41,no,corr,None,None,None,None
4012,exp_cycles_depvary_step6_batch_yyy02.pl,t3,,600.0,no,TIMEOUT,,,,
4013,exp_cycles_depvary_step6_batch_yyy02.pl,z1,no,43.01,no,corr,None,None,None,None
4014,exp_cycles_depvary_step6_batch_yyy02.pl,x2,no,0.5,no,corr,None,None,None,None
4015,exp_cycles_depvary_step6_batch_yyy02.pl,u3,,600.0,no,TIMEOUT,,,,
4016,exp_cycles_depvary_step6_batch_yyy02.pl,d1,yes,3.14,yes,corr,None,None,None,None
4017,exp_cycles_depvary_step6_batch_yyy02.pl,p7,no,0.33,no,corr,None,None,None,None
4018,exp_cycles_depvary_step6_batch_yyy02.pl,p5,no,0.35,no,corr,None,None,None,None
4019,exp_cycles_depvary_step6_batch_yyy02.pl,w2,no,109.04,no,corr,None,None,None,None
4020,exp_cycles_depvary_step6_batch_yyy02.pl,u1,no,0.59,no,corr,None,None,None,None
4021,exp_cycles_depvary_step6_batch_yyy03.pl,d3,yes,0.36,yes,corr,None,None,None,None
4022,exp_cycles_depvary_step6_batch_yyy03.pl,a5,no,0.27,no,corr,None,None,None,None
4023,exp_cycles_depvary_step6_batch_yyy03.pl,z4,no,0.25,no,corr,None,None,None,None
4024,exp_cycles_depvary_step6_batch_yyy03.pl,c1,,600.0,no,TIMEOUT,,,,
4025,exp_cycles_depvary_step6_batch_yyy03.pl,a3,yes,2.21,yes,corr,None,None,None,None
4026,exp_cycles_depvary_step6_batch_yyy03.pl,r2,yes,0.73,yes,corr,None,None,None,None
4027,exp_cycles_depvary_step6_batch_yyy03.pl,x4,no,0.61,no,corr,None,None,None,None
4028,exp_cycles_depvary_step6_batch_yyy03.pl,p6,no,0.37,no,corr,None,None,None,None
4029,exp_cycles_depvary_step6_batch_yyy03.pl,y2,yes,0.66,yes,corr,None,None,None,None
4030,exp_cycles_depvary_step6_batch_yyy03.pl,x6,no,0.34,no,corr,None,None,None,None
4031,exp_cycles_depvary_step6_batch_yyy04.pl,z6,no,0.38,no,corr,None,None,None,None
4032,exp_cycles_depvary_step6_batch_yyy04.pl,b3,no,90.77,no,corr,None,None,None,None
4033,exp_cycles_depvary_step6_batch_yyy04.pl,c5,no,0.61,no,corr,None,None,None,None
4034,exp_cycles_depvary_step6_batch_yyy04.pl,e3,yes,0.54,yes,corr,None,None,None,None
4035,exp_cycles_depvary_step6_batch_yyy04.pl,y2,yes,0.67,yes,corr,None,None,None,None
4036,exp_cycles_depvary_step6_batch_yyy04.pl,y5,no,0.56,no,corr,None,None,None,None
4037,exp_cycles_depvary_step6_batch_yyy04.pl,t4,no,0.53,no,corr,None,None,None,None
4038,exp_cycles_depvary_step6_batch_yyy04.pl,s3,no,0.56,no,corr,None,None,None,None
4039,exp_cycles_depvary_step6_batch_yyy04.pl,d4,no,0.37,no,corr,None,None,None,None
4040,exp_cycles_depvary_step6_batch_yyy04.pl,x3,yes,0.59,yes,corr,None,None,None,None
4041,exp_cycles_depvary_step6_batch_yyy05.pl,u6,no,0.41,no,corr,None,None,None,None
4042,exp_cycles_depvary_step6_batch_yyy05.pl,s3,no,0.54,no,corr,None,None,None,None
4043,exp_cycles_depvary_step6_batch_yyy05.pl,b2,,600.0,no,TIMEOUT,,,,
4044,exp_cycles_depvary_step6_batch_yyy05.pl,w7,no,1.22,no,corr,None,None,None,None
4045,exp_cycles_depvary_step6_batch_yyy05.pl,q6,no,0.4,no,corr,None,None,None,None
4046,exp_cycles_depvary_step6_batch_yyy05.pl,x3,yes,0.72,yes,corr,None,None,None,None
4047,exp_cycles_depvary_step6_batch_yyy05.pl,v6,no,0.4,no,corr,None,None,None,None
4048,exp_cycles_depvary_step6_batch_yyy05.pl,v5,no,0.55,no,corr,None,None,None,None
4049,exp_cycles_depvary_step6_batch_yyy05.pl,a5,no,0.32,no,corr,None,None,None,None
4050,exp_cycles_depvary_step6_batch_yyy05.pl,f2,,600.0,no,TIMEOUT,,,,
4051,exp_cycles_depvary_step6_batch_yyy06.pl,u5,no,0.61,no,corr,None,None,None,None
4052,exp_cycles_depvary_step6_batch_yyy06.pl,w7,no,0.32,no,corr,None,None,None,None
4053,exp_cycles_depvary_step6_batch_yyy06.pl,z5,no,0.4,no,corr,None,None,None,None
4054,exp_cycles_depvary_step6_batch_yyy06.pl,y3,no,0.73,no,corr,None,None,None,None
4055,exp_cycles_depvary_step6_batch_yyy06.pl,v1,no,30.92,no,corr,None,None,None,None
4056,exp_cycles_depvary_step6_batch_yyy06.pl,x5,no,0.41,no,corr,None,None,None,None
4057,exp_cycles_depvary_step6_batch_yyy06.pl,u2,yes,3.74,yes,corr,None,None,None,None
4058,exp_cycles_depvary_step6_batch_yyy06.pl,a2,yes,0.49,yes,corr,None,None,None,None
4059,exp_cycles_depvary_step6_batch_yyy06.pl,a5,no,0.34,no,corr,None,None,None,None
4060,exp_cycles_depvary_step6_batch_yyy06.pl,b1,yes,0.71,yes,corr,None,None,None,None
4061,exp_cycles_depvary_step6_batch_yyy07.pl,t5,no,0.48,no,corr,None,None,None,None
4062,exp_cycles_depvary_step6_batch_yyy07.pl,s4,no,0.51,no,corr,None,None,None,None
4063,exp_cycles_depvary_step6_batch_yyy07.pl,b4,no,22.37,no,corr,None,None,None,None
4064,exp_cycles_depvary_step6_batch_yyy07.pl,z1,yes,12.11,yes,corr,None,None,None,None
4065,exp_cycles_depvary_step6_batch_yyy07.pl,a4,yes,0.54,yes,corr,None,None,None,None
4066,exp_cycles_depvary_step6_batch_yyy07.pl,s1,yes,0.78,yes,corr,None,None,None,None
4067,exp_cycles_depvary_step6_batch_yyy07.pl,a2,no,1.14,no,corr,None,None,None,None
4068,exp_cycles_depvary_step6_batch_yyy07.pl,p6,no,0.54,no,corr,None,None,None,None
4069,exp_cycles_depvary_step6_batch_yyy07.pl,w1,yes,0.66,yes,corr,None,None,None,None
4070,exp_cycles_depvary_step6_batch_yyy07.pl,p3,yes,0.63,yes,corr,None,None,None,None
4071,exp_cycles_depvary_step6_batch_yyy08.pl,b3,,600.0,no,TIMEOUT,,,,
4072,exp_cycles_depvary_step6_batch_yyy08.pl,p4,,600.0,no,TIMEOUT,,,,
4073,exp_cycles_depvary_step6_batch_yyy08.pl,e5,no,0.5,no,corr,None,None,None,None
4074,exp_cycles_depvary_step6_batch_yyy08.pl,q5,no,0.25,no,corr,None,None,None,None
4075,exp_cycles_depvary_step6_batch_yyy08.pl,b1,no,0.72,no,corr,None,None,None,None
4076,exp_cycles_depvary_step6_batch_yyy08.pl,f5,no,0.5,no,corr,None,None,None,None
4077,exp_cycles_depvary_step6_batch_yyy08.pl,e2,yes,12.74,yes,corr,None,None,None,None
4078,exp_cycles_depvary_step6_batch_yyy08.pl,p1,yes,0.63,yes,corr,None,None,None,None
4079,exp_cycles_depvary_step6_batch_yyy08.pl,b6,no,0.46,no,corr,None,None,None,None
4080,exp_cycles_depvary_step6_batch_yyy08.pl,a1,,600.0,no,TIMEOUT,,,,
4081,exp_cycles_depvary_step6_batch_yyy09.pl,p7,no,0.57,no,corr,None,None,None,None
4082,exp_cycles_depvary_step6_batch_yyy09.pl,q5,no,0.39,no,corr,None,None,None,None
4083,exp_cycles_depvary_step6_batch_yyy09.pl,w6,no,0.4,no,corr,None,None,None,None
4084,exp_cycles_depvary_step6_batch_yyy09.pl,e4,no,0.29,no,corr,None,None,None,None
4085,exp_cycles_depvary_step6_batch_yyy09.pl,x5,no,0.34,no,corr,None,None,None,None
4086,exp_cycles_depvary_step6_batch_yyy09.pl,r4,no,0.23,no,corr,None,None,None,None
4087,exp_cycles_depvary_step6_batch_yyy09.pl,y2,no,0.31,no,corr,None,None,None,None
4088,exp_cycles_depvary_step6_batch_yyy09.pl,q1,yes,1.12,yes,corr,None,None,None,None
4089,exp_cycles_depvary_step6_batch_yyy09.pl,y6,no,0.39,no,corr,None,None,None,None
4090,exp_cycles_depvary_step6_batch_yyy09.pl,q2,no,0.47,no,corr,None,None,None,None
4091,exp_cycles_depvary_step6_batch_yyy10.pl,y4,no,0.3,no,corr,None,None,None,None
4092,exp_cycles_depvary_step6_batch_yyy10.pl,v6,no,0.25,no,corr,None,None,None,None
4093,exp_cycles_depvary_step6_batch_yyy10.pl,c6,no,0.26,no,corr,None,None,None,None
4094,exp_cycles_depvary_step6_batch_yyy10.pl,x1,no,0.34,no,corr,None,None,None,None
4095,exp_cycles_depvary_step6_batch_yyy10.pl,c3,yes,0.67,yes,corr,None,None,None,None
4096,exp_cycles_depvary_step6_batch_yyy10.pl,t5,no,0.41,no,corr,None,None,None,None
4097,exp_cycles_depvary_step6_batch_yyy10.pl,c5,no,0.42,no,corr,None,None,None,None
4098,exp_cycles_depvary_step6_batch_yyy10.pl,b1,no,43.55,no,corr,None,None,None,None
4099,exp_cycles_depvary_step6_batch_yyy10.pl,v4,no,0.39,no,corr,None,None,None,None
4100,exp_cycles_depvary_step6_batch_yyy10.pl,r4,no,0.42,no,corr,None,None,None,None
4101,exp_cycles_depvary_step7_batch_yyy01.pl,d5,no,0.41,no,corr,None,None,None,None
4102,exp_cycles_depvary_step7_batch_yyy01.pl,b2,no,0.87,no,corr,None,None,None,None
4103,exp_cycles_depvary_step7_batch_yyy01.pl,d4,yes,8.34,yes,corr,None,None,None,None
4104,exp_cycles_depvary_step7_batch_yyy01.pl,f1,yes,5.32,yes,corr,None,None,None,None
4105,exp_cycles_depvary_step7_batch_yyy01.pl,u7,no,0.47,no,corr,None,None,None,None
4106,exp_cycles_depvary_step7_batch_yyy01.pl,q5,no,0.56,no,corr,None,None,None,None
4107,exp_cycles_depvary_step7_batch_yyy01.pl,p3,no,0.48,no,corr,None,None,None,None
4108,exp_cycles_depvary_step7_batch_yyy01.pl,q3,no,0.97,no,corr,None,None,None,None
4109,exp_cycles_depvary_step7_batch_yyy01.pl,t5,no,0.47,no,corr,None,None,None,None
4110,exp_cycles_depvary_step7_batch_yyy01.pl,s3,,600.0,no,TIMEOUT,,,,
4111,exp_cycles_depvary_step7_batch_yyy02.pl,u6,no,0.68,no,corr,None,None,None,None
4112,exp_cycles_depvary_step7_batch_yyy02.pl,b3,no,342.79,no,corr,None,None,None,None
4113,exp_cycles_depvary_step7_batch_yyy02.pl,z5,no,0.81,no,corr,None,None,None,None
4114,exp_cycles_depvary_step7_batch_yyy02.pl,w5,no,0.43,no,corr,None,None,None,None
4115,exp_cycles_depvary_step7_batch_yyy02.pl,q5,no,0.42,no,corr,None,None,None,None
4116,exp_cycles_depvary_step7_batch_yyy02.pl,s2,no,0.35,no,corr,None,None,None,None
4117,exp_cycles_depvary_step7_batch_yyy02.pl,r1,,600.0,no,TIMEOUT,,,,
4118,exp_cycles_depvary_step7_batch_yyy02.pl,y5,no,0.55,no,corr,None,None,None,None
4119,exp_cycles_depvary_step7_batch_yyy02.pl,x7,no,0.41,no,corr,None,None,None,None
4120,exp_cycles_depvary_step7_batch_yyy02.pl,q4,yes,3.59,yes,corr,None,None,None,None
4121,exp_cycles_depvary_step7_batch_yyy03.pl,w2,yes,0.7,yes,corr,None,None,None,None
4122,exp_cycles_depvary_step7_batch_yyy03.pl,b4,,600.0,no,TIMEOUT,,,,
4123,exp_cycles_depvary_step7_batch_yyy03.pl,z1,,600.0,no,TIMEOUT,,,,
4124,exp_cycles_depvary_step7_batch_yyy03.pl,e4,,600.0,no,TIMEOUT,,,,
4125,exp_cycles_depvary_step7_batch_yyy03.pl,p3,no,0.7,no,corr,None,None,None,None
4126,exp_cycles_depvary_step7_batch_yyy03.pl,w4,no,0.42,no,corr,None,None,None,None
4127,exp_cycles_depvary_step7_batch_yyy03.pl,c6,no,0.54,no,corr,None,None,None,None
4128,exp_cycles_depvary_step7_batch_yyy03.pl,v4,yes,0.74,yes,corr,None,None,None,None
4129,exp_cycles_depvary_step7_batch_yyy03.pl,a1,,600.0,no,TIMEOUT,,,,
4130,exp_cycles_depvary_step7_batch_yyy03.pl,y6,no,0.83,no,corr,None,None,None,None
4131,exp_cycles_depvary_step7_batch_yyy04.pl,u5,no,0.28,no,corr,None,None,None,None
4132,exp_cycles_depvary_step7_batch_yyy04.pl,z5,no,0.32,no,corr,None,None,None,None
4133,exp_cycles_depvary_step7_batch_yyy04.pl,q5,no,0.4,no,corr,None,None,None,None
4134,exp_cycles_depvary_step7_batch_yyy04.pl,x7,no,0.41,no,corr,None,None,None,None
4135,exp_cycles_depvary_step7_batch_yyy04.pl,v1,no,0.23,no,corr,None,None,None,None
4136,exp_cycles_depvary_step7_batch_yyy04.pl,f3,yes,2.65,yes,corr,None,None,None,None
4137,exp_cycles_depvary_step7_batch_yyy04.pl,f4,yes,0.19,yes,corr,None,None,None,None
4138,exp_cycles_depvary_step7_batch_yyy04.pl,x1,yes,0.39,yes,corr,None,None,None,None
4139,exp_cycles_depvary_step7_batch_yyy04.pl,p4,no,25.09,no,corr,None,None,None,None
4140,exp_cycles_depvary_step7_batch_yyy04.pl,d4,yes,11.34,yes,corr,None,None,None,None
4141,exp_cycles_depvary_step7_batch_yyy05.pl,z6,no,0.45,no,corr,None,None,None,None
4142,exp_cycles_depvary_step7_batch_yyy05.pl,w1,no,1.96,no,corr,None,None,None,None
4143,exp_cycles_depvary_step7_batch_yyy05.pl,r4,no,0.42,no,corr,None,None,None,None
4144,exp_cycles_depvary_step7_batch_yyy05.pl,y2,no,73.44,no,corr,None,None,None,None
4145,exp_cycles_depvary_step7_batch_yyy05.pl,v3,no,8.26,no,corr,None,None,None,None
4146,exp_cycles_depvary_step7_batch_yyy05.pl,y5,no,0.32,no,corr,None,None,None,None
4147,exp_cycles_depvary_step7_batch_yyy05.pl,p4,yes,0.6,yes,corr,None,None,None,None
4148,exp_cycles_depvary_step7_batch_yyy05.pl,p5,no,0.47,no,corr,None,None,None,None
4149,exp_cycles_depvary_step7_batch_yyy05.pl,s2,no,48.85,no,corr,None,None,None,None
4150,exp_cycles_depvary_step7_batch_yyy05.pl,a5,no,0.51,no,corr,None,None,None,None
4151,exp_cycles_depvary_step7_batch_yyy06.pl,t4,yes,0.93,yes,corr,None,None,None,None
4152,exp_cycles_depvary_step7_batch_yyy06.pl,p5,no,0.33,no,corr,None,None,None,None
4153,exp_cycles_depvary_step7_batch_yyy06.pl,f1,no,163.06,no,corr,None,None,None,None
4154,exp_cycles_depvary_step7_batch_yyy06.pl,c5,no,0.41,no,corr,None,None,None,None
4155,exp_cycles_depvary_step7_batch_yyy06.pl,t2,yes,0.93,yes,corr,None,None,None,None
4156,exp_cycles_depvary_step7_batch_yyy06.pl,e3,yes,0.37,yes,corr,None,None,None,None
4157,exp_cycles_depvary_step7_batch_yyy06.pl,y4,no,0.37,no,corr,None,None,None,None
4158,exp_cycles_depvary_step7_batch_yyy06.pl,v7,no,0.53,no,corr,None,None,None,None
4159,exp_cycles_depvary_step7_batch_yyy06.pl,y2,yes,0.72,yes,corr,None,None,None,None
4160,exp_cycles_depvary_step7_batch_yyy06.pl,x6,no,0.57,no,corr,None,None,None,None
4161,exp_cycles_depvary_step7_batch_yyy07.pl,u5,no,0.56,no,corr,None,None,None,None
4162,exp_cycles_depvary_step7_batch_yyy07.pl,p4,yes,0.74,yes,corr,None,None,None,None
4163,exp_cycles_depvary_step7_batch_yyy07.pl,f1,no,2.19,no,corr,None,None,None,None
4164,exp_cycles_depvary_step7_batch_yyy07.pl,q4,yes,0.8,yes,corr,None,None,None,None
4165,exp_cycles_depvary_step7_batch_yyy07.pl,a4,no,45.26,no,corr,None,None,None,None
4166,exp_cycles_depvary_step7_batch_yyy07.pl,r1,yes,0.78,yes,corr,None,None,None,None
4167,exp_cycles_depvary_step7_batch_yyy07.pl,a3,no,56.49,no,corr,None,None,None,None
4168,exp_cycles_depvary_step7_batch_yyy07.pl,r2,yes,0.81,yes,corr,None,None,None,None
4169,exp_cycles_depvary_step7_batch_yyy07.pl,y4,no,0.78,no,corr,None,None,None,None
4170,exp_cycles_depvary_step7_batch_yyy07.pl,v7,no,0.48,no,corr,None,None,None,None
4171,exp_cycles_depvary_step7_batch_yyy08.pl,v2,yes,1.74,yes,corr,None,None,None,None
4172,exp_cycles_depvary_step7_batch_yyy08.pl,t3,yes,0.51,yes,corr,None,None,None,None
4173,exp_cycles_depvary_step7_batch_yyy08.pl,x7,no,0.48,no,corr,None,None,None,None
4174,exp_cycles_depvary_step7_batch_yyy08.pl,a4,no,1.2,no,corr,None,None,None,None
4175,exp_cycles_depvary_step7_batch_yyy08.pl,e4,yes,1.79,yes,corr,None,None,None,None
4176,exp_cycles_depvary_step7_batch_yyy08.pl,f3,yes,2.96,yes,corr,None,None,None,None
4177,exp_cycles_depvary_step7_batch_yyy08.pl,x5,no,0.4,no,corr,None,None,None,None
4178,exp_cycles_depvary_step7_batch_yyy08.pl,r7,no,0.31,no,corr,None,None,None,None
4179,exp_cycles_depvary_step7_batch_yyy08.pl,r3,yes,0.91,yes,corr,None,None,None,None
4180,exp_cycles_depvary_step7_batch_yyy08.pl,x4,no,0.42,no,corr,None,None,None,None
4181,exp_cycles_depvary_step7_batch_yyy09.pl,t4,yes,0.91,yes,corr,None,None,None,None
4182,exp_cycles_depvary_step7_batch_yyy09.pl,d3,no,55.24,no,corr,None,None,None,None
4183,exp_cycles_depvary_step7_batch_yyy09.pl,c2,yes,0.39,yes,corr,None,None,None,None
4184,exp_cycles_depvary_step7_batch_yyy09.pl,w1,yes,7.71,yes,corr,None,None,None,None
4185,exp_cycles_depvary_step7_batch_yyy09.pl,f3,no,0.26,no,corr,None,None,None,None
4186,exp_cycles_depvary_step7_batch_yyy09.pl,w3,yes,5.04,yes,corr,None,None,None,None
4187,exp_cycles_depvary_step7_batch_yyy09.pl,a4,no,1.08,no,corr,None,None,None,None
4188,exp_cycles_depvary_step7_batch_yyy09.pl,w6,no,0.46,no,corr,None,None,None,None
4189,exp_cycles_depvary_step7_batch_yyy09.pl,y1,yes,0.99,yes,corr,None,None,None,None
4190,exp_cycles_depvary_step7_batch_yyy09.pl,d2,yes,5.01,yes,corr,None,None,None,None
4191,exp_cycles_depvary_step7_batch_yyy10.pl,b2,yes,3.06,yes,corr,None,None,None,None
4192,exp_cycles_depvary_step7_batch_yyy10.pl,d4,no,11.41,no,corr,None,None,None,None
4193,exp_cycles_depvary_step7_batch_yyy10.pl,u1,no,39.81,no,corr,None,None,None,None
4194,exp_cycles_depvary_step7_batch_yyy10.pl,v5,no,0.5,no,corr,None,None,None,None
4195,exp_cycles_depvary_step7_batch_yyy10.pl,q5,no,0.31,no,corr,None,None,None,None
4196,exp_cycles_depvary_step7_batch_yyy10.pl,p3,no,0.37,no,corr,None,None,None,None
4197,exp_cycles_depvary_step7_batch_yyy10.pl,c1,yes,1.72,yes,corr,None,None,None,None
4198,exp_cycles_depvary_step7_batch_yyy10.pl,z3,yes,0.65,yes,corr,None,None,None,None
4199,exp_cycles_depvary_step7_batch_yyy10.pl,r3,yes,0.66,yes,corr,None,None,None,None
4200,exp_cycles_depvary_step7_batch_yyy10.pl,w3,no,0.8,no,corr,None,None,None,None
4201,exp_cycles_depvary_step8_batch_yyy01.pl,u5,no,0.76,no,corr,None,None,None,None
4202,exp_cycles_depvary_step8_batch_yyy01.pl,t5,no,0.37,no,corr,None,None,None,None
4203,exp_cycles_depvary_step8_batch_yyy01.pl,x3,,600.0,no,TIMEOUT,,,,
4204,exp_cycles_depvary_step8_batch_yyy01.pl,x7,no,1.69,no,corr,None,None,None,None
4205,exp_cycles_depvary_step8_batch_yyy01.pl,a3,no,0.66,no,corr,None,None,None,None
4206,exp_cycles_depvary_step8_batch_yyy01.pl,r3,yes,1.08,yes,corr,None,None,None,None
4207,exp_cycles_depvary_step8_batch_yyy01.pl,y6,no,0.55,no,corr,None,None,None,None
4208,exp_cycles_depvary_step8_batch_yyy01.pl,q2,,600.0,no,TIMEOUT,,,,
4209,exp_cycles_depvary_step8_batch_yyy01.pl,c2,yes,0.79,yes,corr,None,None,None,None
4210,exp_cycles_depvary_step8_batch_yyy01.pl,b1,no,5.42,no,corr,None,None,None,None
4211,exp_cycles_depvary_step8_batch_yyy02.pl,t4,yes,0.99,yes,corr,None,None,None,None
4212,exp_cycles_depvary_step8_batch_yyy02.pl,z5,no,0.63,no,corr,None,None,None,None
4213,exp_cycles_depvary_step8_batch_yyy02.pl,u1,,600.0,no,TIMEOUT,,,,
4214,exp_cycles_depvary_step8_batch_yyy02.pl,q5,no,1.39,no,corr,None,None,None,None
4215,exp_cycles_depvary_step8_batch_yyy02.pl,c1,,600.0,no,TIMEOUT,,,,
4216,exp_cycles_depvary_step8_batch_yyy02.pl,u3,yes,1.7,yes,corr,None,None,None,None
4217,exp_cycles_depvary_step8_batch_yyy02.pl,y1,yes,1.07,yes,corr,None,None,None,None
4218,exp_cycles_depvary_step8_batch_yyy02.pl,a2,,600.0,no,TIMEOUT,,,,
4219,exp_cycles_depvary_step8_batch_yyy02.pl,r7,no,0.56,no,corr,None,None,None,None
4220,exp_cycles_depvary_step8_batch_yyy02.pl,b6,no,0.63,no,corr,None,None,None,None
4221,exp_cycles_depvary_step8_batch_yyy03.pl,c4,,600.0,no,TIMEOUT,,,,
4222,exp_cycles_depvary_step8_batch_yyy03.pl,p7,no,0.75,no,corr,None,None,None,None
4223,exp_cycles_depvary_step8_batch_yyy03.pl,d3,yes,8.51,yes,corr,None,None,None,None
4224,exp_cycles_depvary_step8_batch_yyy03.pl,w6,no,0.77,no,corr,None,None,None,None
4225,exp_cycles_depvary_step8_batch_yyy03.pl,r5,no,0.79,no,corr,None,None,None,None
4226,exp_cycles_depvary_step8_batch_yyy03.pl,b5,,600.0,no,TIMEOUT,,,,
4227,exp_cycles_depvary_step8_batch_yyy03.pl,x1,yes,1.02,yes,corr,None,None,None,None
4228,exp_cycles_depvary_step8_batch_yyy03.pl,p1,,600.0,no,TIMEOUT,,,,
4229,exp_cycles_depvary_step8_batch_yyy03.pl,c2,no,16.91,no,corr,None,None,None,None
4230,exp_cycles_depvary_step8_batch_yyy03.pl,a5,,600.0,no,TIMEOUT,,,,
4231,exp_cycles_depvary_step8_batch_yyy04.pl,s3,yes,65.4,yes,corr,None,None,None,None
4232,exp_cycles_depvary_step8_batch_yyy04.pl,b2,,600.0,no,TIMEOUT,,,,
4233,exp_cycles_depvary_step8_batch_yyy04.pl,v7,no,1.25,no,corr,None,None,None,None
4234,exp_cycles_depvary_step8_batch_yyy04.pl,x3,no,492.41,no,corr,None,None,None,None
4235,exp_cycles_depvary_step8_batch_yyy04.pl,u7,no,0.76,no,corr,None,None,None,None
4236,exp_cycles_depvary_step8_batch_yyy04.pl,b1,yes,0.83,yes,corr,None,None,None,None
4237,exp_cycles_depvary_step8_batch_yyy04.pl,w6,no,0.5,no,corr,None,None,None,None
4238,exp_cycles_depvary_step8_batch_yyy04.pl,p1,yes,67.17,yes,corr,None,None,None,None
4239,exp_cycles_depvary_step8_batch_yyy04.pl,c1,,600.0,no,TIMEOUT,,,,
4240,exp_cycles_depvary_step8_batch_yyy04.pl,z2,yes,2.22,yes,corr,None,None,None,None
4241,exp_cycles_depvary_step8_batch_yyy05.pl,q6,no,0.39,no,corr,None,None,None,None
4242,exp_cycles_depvary_step8_batch_yyy05.pl,v5,no,0.31,no,corr,None,None,None,None
4243,exp_cycles_depvary_step8_batch_yyy05.pl,v1,yes,0.78,yes,corr,None,None,None,None
4244,exp_cycles_depvary_step8_batch_yyy05.pl,r4,yes,0.91,yes,corr,None,None,None,None
4245,exp_cycles_depvary_step8_batch_yyy05.pl,r1,no,13.62,no,corr,None,None,None,None
4246,exp_cycles_depvary_step8_batch_yyy05.pl,z3,yes,2.07,yes,corr,None,None,None,None
4247,exp_cycles_depvary_step8_batch_yyy05.pl,r3,no,418.0,no,corr,None,None,None,None
4248,exp_cycles_depvary_step8_batch_yyy05.pl,y5,no,0.74,no,corr,None,None,None,None
4249,exp_cycles_depvary_step8_batch_yyy05.pl,x5,no,0.59,no,corr,None,None,None,None
4250,exp_cycles_depvary_step8_batch_yyy05.pl,t2,no,153.79,no,corr,None,None,None,None
4251,exp_cycles_depvary_step8_batch_yyy06.pl,x3,no,7.34,no,corr,None,None,None,None
4252,exp_cycles_depvary_step8_batch_yyy06.pl,b1,no,4.24,no,corr,None,None,None,None
4253,exp_cycles_depvary_step8_batch_yyy06.pl,y3,,600.0,no,TIMEOUT,,,,
4254,exp_cycles_depvary_step8_batch_yyy06.pl,w1,no,11.63,no,corr,None,None,None,None
4255,exp_cycles_depvary_step8_batch_yyy06.pl,e1,no,0.99,no,corr,None,None,None,None
4256,exp_cycles_depvary_step8_batch_yyy06.pl,q6,no,0.5,no,corr,None,None,None,None
4257,exp_cycles_depvary_step8_batch_yyy06.pl,x2,no,0.4,no,corr,None,None,None,None
4258,exp_cycles_depvary_step8_batch_yyy06.pl,f5,no,0.49,no,corr,None,None,None,None
4259,exp_cycles_depvary_step8_batch_yyy06.pl,c1,yes,0.61,yes,corr,None,None,None,None
4260,exp_cycles_depvary_step8_batch_yyy06.pl,s6,no,0.35,no,corr,None,None,None,None
4261,exp_cycles_depvary_step8_batch_yyy07.pl,w5,no,0.46,no,corr,None,None,None,None
4262,exp_cycles_depvary_step8_batch_yyy07.pl,s2,yes,0.9,yes,corr,None,None,None,None
4263,exp_cycles_depvary_step8_batch_yyy07.pl,q4,yes,0.76,yes,corr,None,None,None,None
4264,exp_cycles_depvary_step8_batch_yyy07.pl,s7,no,0.41,no,corr,None,None,None,None
4265,exp_cycles_depvary_step8_batch_yyy07.pl,y6,no,0.49,no,corr,None,None,None,None
4266,exp_cycles_depvary_step8_batch_yyy07.pl,a2,yes,0.89,yes,corr,None,None,None,None
4267,exp_cycles_depvary_step8_batch_yyy07.pl,u1,yes,13.39,yes,corr,None,None,None,None
4268,exp_cycles_depvary_step8_batch_yyy07.pl,f1,no,117.59,no,corr,None,None,None,None
4269,exp_cycles_depvary_step8_batch_yyy07.pl,c1,yes,0.42,yes,corr,None,None,None,None
4270,exp_cycles_depvary_step8_batch_yyy07.pl,b5,no,1.3,no,corr,None,None,None,None
4271,exp_cycles_depvary_step8_batch_yyy08.pl,z6,no,0.36,no,corr,None,None,None,None
4272,exp_cycles_depvary_step8_batch_yyy08.pl,w2,yes,0.88,yes,corr,None,None,None,None
4273,exp_cycles_depvary_step8_batch_yyy08.pl,v5,no,0.8,no,corr,None,None,None,None
4274,exp_cycles_depvary_step8_batch_yyy08.pl,z1,no,176.59,no,corr,None,None,None,None
4275,exp_cycles_depvary_step8_batch_yyy08.pl,q4,no,1.35,no,corr,None,None,None,None
4276,exp_cycles_depvary_step8_batch_yyy08.pl,w4,no,227.86,no,corr,None,None,None,None
4277,exp_cycles_depvary_step8_batch_yyy08.pl,r1,yes,1.0,yes,corr,None,None,None,None
4278,exp_cycles_depvary_step8_batch_yyy08.pl,a1,no,16.18,no,corr,None,None,None,None
4279,exp_cycles_depvary_step8_batch_yyy08.pl,u2,yes,0.75,yes,corr,None,None,None,None
4280,exp_cycles_depvary_step8_batch_yyy08.pl,w3,yes,1.07,yes,corr,None,None,None,None
4281,exp_cycles_depvary_step8_batch_yyy09.pl,d5,no,0.62,no,corr,None,None,None,None
4282,exp_cycles_depvary_step8_batch_yyy09.pl,u4,no,0.39,no,corr,None,None,None,None
4283,exp_cycles_depvary_step8_batch_yyy09.pl,f5,no,0.68,no,corr,None,None,None,None
4284,exp_cycles_depvary_step8_batch_yyy09.pl,w1,no,22.29,no,corr,None,None,None,None
4285,exp_cycles_depvary_step8_batch_yyy09.pl,y2,yes,0.93,yes,corr,None,None,None,None
4286,exp_cycles_depvary_step8_batch_yyy09.pl,r2,yes,1.06,yes,corr,None,None,None,None
4287,exp_cycles_depvary_step8_batch_yyy09.pl,r3,no,0.63,no,corr,None,None,None,None
4288,exp_cycles_depvary_step8_batch_yyy09.pl,s2,,600.0,no,TIMEOUT,,,,
4289,exp_cycles_depvary_step8_batch_yyy09.pl,z1,,600.0,no,TIMEOUT,,,,
4290,exp_cycles_depvary_step8_batch_yyy09.pl,c5,no,16.15,no,corr,None,None,None,None
4291,exp_cycles_depvary_step8_batch_yyy10.pl,u5,no,0.31,no,corr,None,None,None,None
4292,exp_cycles_depvary_step8_batch_yyy10.pl,s3,no,0.45,no,corr,None,None,None,None
4293,exp_cycles_depvary_step8_batch_yyy10.pl,y4,yes,0.98,yes,corr,None,None,None,None
4294,exp_cycles_depvary_step8_batch_yyy10.pl,f1,no,0.42,no,corr,None,None,None,None
4295,exp_cycles_depvary_step8_batch_yyy10.pl,d3,no,15.22,no,corr,None,None,None,None
4296,exp_cycles_depvary_step8_batch_yyy10.pl,w6,no,0.32,no,corr,None,None,None,None
4297,exp_cycles_depvary_step8_batch_yyy10.pl,x5,no,0.3,no,corr,None,None,None,None
4298,exp_cycles_depvary_step8_batch_yyy10.pl,f4,,600.0,no,TIMEOUT,,,,
4299,exp_cycles_depvary_step8_batch_yyy10.pl,x6,no,1.02,no,corr,None,None,None,None
4300,exp_cycles_depvary_step8_batch_yyy10.pl,r3,,600.0,no,TIMEOUT,,,,
4301,exp_cycles_depvary_step9_batch_yyy01.pl,e1,yes,10.56,no,inc,None,None,None,None
4302,exp_cycles_depvary_step9_batch_yyy01.pl,p5,no,1.49,no,corr,None,None,None,None
4303,exp_cycles_depvary_step9_batch_yyy01.pl,v6,no,0.32,no,corr,None,None,None,None
4304,exp_cycles_depvary_step9_batch_yyy01.pl,w6,no,0.34,no,corr,None,None,None,None
4305,exp_cycles_depvary_step9_batch_yyy01.pl,p3,yes,1.07,yes,corr,None,None,None,None
4306,exp_cycles_depvary_step9_batch_yyy01.pl,t7,no,0.4,no,corr,None,None,None,None
4307,exp_cycles_depvary_step9_batch_yyy01.pl,x6,no,0.38,no,corr,None,None,None,None
4308,exp_cycles_depvary_step9_batch_yyy01.pl,s7,no,0.24,no,corr,None,None,None,None
4309,exp_cycles_depvary_step9_batch_yyy01.pl,a6,no,0.31,no,corr,None,None,None,None
4310,exp_cycles_depvary_step9_batch_yyy01.pl,w7,no,0.45,no,corr,None,None,None,None
4311,exp_cycles_depvary_step9_batch_yyy02.pl,f1,yes,1.01,yes,corr,None,None,None,None
4312,exp_cycles_depvary_step9_batch_yyy02.pl,c5,,600.0,no,TIMEOUT,,,,
4313,exp_cycles_depvary_step9_batch_yyy02.pl,s1,yes,1.51,yes,corr,None,None,None,None
4314,exp_cycles_depvary_step9_batch_yyy02.pl,x4,yes,1.09,yes,corr,None,None,None,None
4315,exp_cycles_depvary_step9_batch_yyy02.pl,c3,yes,1.11,yes,corr,None,None,None,None
4316,exp_cycles_depvary_step9_batch_yyy02.pl,t5,no,0.34,no,corr,None,None,None,None
4317,exp_cycles_depvary_step9_batch_yyy02.pl,t2,,600.0,no,TIMEOUT,,,,
4318,exp_cycles_depvary_step9_batch_yyy02.pl,z2,yes,1.64,yes,corr,None,None,None,None
4319,exp_cycles_depvary_step9_batch_yyy02.pl,r2,,600.0,no,TIMEOUT,,,,
4320,exp_cycles_depvary_step9_batch_yyy02.pl,r7,no,0.32,no,corr,None,None,None,None
4321,exp_cycles_depvary_step9_batch_yyy03.pl,c3,no,1.58,no,corr,None,None,None,None
4322,exp_cycles_depvary_step9_batch_yyy03.pl,d4,yes,17.14,yes,corr,None,None,None,None
4323,exp_cycles_depvary_step9_batch_yyy03.pl,b4,no,1.75,no,corr,None,None,None,None
4324,exp_cycles_depvary_step9_batch_yyy03.pl,c5,no,465.53,no,corr,None,None,None,None
4325,exp_cycles_depvary_step9_batch_yyy03.pl,x7,no,0.51,no,corr,None,None,None,None
4326,exp_cycles_depvary_step9_batch_yyy03.pl,p1,,600.0,no,TIMEOUT,,,,
4327,exp_cycles_depvary_step9_batch_yyy03.pl,w4,,600.0,no,TIMEOUT,,,,
4328,exp_cycles_depvary_step9_batch_yyy03.pl,f3,no,1.97,no,corr,None,None,None,None
4329,exp_cycles_depvary_step9_batch_yyy03.pl,p6,no,0.47,no,corr,None,None,None,None
4330,exp_cycles_depvary_step9_batch_yyy03.pl,q2,,600.0,no,TIMEOUT,,,,
4331,exp_cycles_depvary_step9_batch_yyy04.pl,p4,,600.0,no,TIMEOUT,,,,
4332,exp_cycles_depvary_step9_batch_yyy04.pl,w2,,600.0,no,TIMEOUT,,,,
4333,exp_cycles_depvary_step9_batch_yyy04.pl,w5,no,0.78,no,corr,None,None,None,None
4334,exp_cycles_depvary_step9_batch_yyy04.pl,x7,no,0.48,no,corr,None,None,None,None
4335,exp_cycles_depvary_step9_batch_yyy04.pl,p3,,600.0,no,TIMEOUT,,,,
4336,exp_cycles_depvary_step9_batch_yyy04.pl,w4,no,0.39,no,corr,None,None,None,None
4337,exp_cycles_depvary_step9_batch_yyy04.pl,r4,,600.0,no,TIMEOUT,,,,
4338,exp_cycles_depvary_step9_batch_yyy04.pl,s7,no,0.64,no,corr,None,None,None,None
4339,exp_cycles_depvary_step9_batch_yyy04.pl,q7,no,0.58,no,corr,None,None,None,None
4340,exp_cycles_depvary_step9_batch_yyy04.pl,w3,,600.0,no,TIMEOUT,,,,
4341,exp_cycles_depvary_step9_batch_yyy05.pl,b2,,600.0,no,TIMEOUT,,,,
4342,exp_cycles_depvary_step9_batch_yyy05.pl,a5,yes,1.32,yes,corr,None,None,None,None
4343,exp_cycles_depvary_step9_batch_yyy05.pl,e4,,600.0,no,TIMEOUT,,,,
4344,exp_cycles_depvary_step9_batch_yyy05.pl,w1,yes,33.38,yes,corr,None,None,None,None
4345,exp_cycles_depvary_step9_batch_yyy05.pl,t2,yes,1.0,yes,corr,None,None,None,None
4346,exp_cycles_depvary_step9_batch_yyy05.pl,v4,yes,1.05,yes,corr,None,None,None,None
4347,exp_cycles_depvary_step9_batch_yyy05.pl,s7,no,0.41,no,corr,None,None,None,None
4348,exp_cycles_depvary_step9_batch_yyy05.pl,v3,,600.0,no,TIMEOUT,,,,
4349,exp_cycles_depvary_step9_batch_yyy05.pl,q1,yes,1.09,yes,corr,None,None,None,None
4350,exp_cycles_depvary_step9_batch_yyy05.pl,p1,,600.0,no,TIMEOUT,,,,
4351,exp_cycles_depvary_step9_batch_yyy06.pl,v7,no,1.04,no,corr,None,None,None,None
4352,exp_cycles_depvary_step9_batch_yyy06.pl,z5,no,0.37,no,corr,None,None,None,None
4353,exp_cycles_depvary_step9_batch_yyy06.pl,w2,yes,27.1,yes,corr,None,None,None,None
4354,exp_cycles_depvary_step9_batch_yyy06.pl,p2,yes,1.07,yes,corr,None,None,None,None
4355,exp_cycles_depvary_step9_batch_yyy06.pl,x6,no,0.39,no,corr,None,None,None,None
4356,exp_cycles_depvary_step9_batch_yyy06.pl,r7,no,0.41,no,corr,None,None,None,None
4357,exp_cycles_depvary_step9_batch_yyy06.pl,t1,no,0.35,no,corr,None,None,None,None
4358,exp_cycles_depvary_step9_batch_yyy06.pl,z1,no,0.46,no,corr,None,None,None,None
4359,exp_cycles_depvary_step9_batch_yyy06.pl,t6,no,0.4,no,corr,None,None,None,None
4360,exp_cycles_depvary_step9_batch_yyy06.pl,a5,no,4.2,no,corr,None,None,None,None
4361,exp_cycles_depvary_step9_batch_yyy07.pl,v7,no,0.31,no,corr,None,None,None,None
4362,exp_cycles_depvary_step9_batch_yyy07.pl,a5,,600.0,no,TIMEOUT,,,,
4363,exp_cycles_depvary_step9_batch_yyy07.pl,q4,yes,0.9,yes,corr,None,None,None,None
4364,exp_cycles_depvary_step9_batch_yyy07.pl,w1,yes,150.67,yes,corr,None,None,None,None
4365,exp_cycles_depvary_step9_batch_yyy07.pl,v4,,600.0,no,TIMEOUT,,,,
4366,exp_cycles_depvary_step9_batch_yyy07.pl,s1,,600.0,no,TIMEOUT,,,,
4367,exp_cycles_depvary_step9_batch_yyy07.pl,y6,no,0.9,no,corr,None,None,None,None
4368,exp_cycles_depvary_step9_batch_yyy07.pl,w3,no,0.39,no,corr,None,None,None,None
4369,exp_cycles_depvary_step9_batch_yyy07.pl,t4,yes,0.65,yes,corr,None,None,None,None
4370,exp_cycles_depvary_step9_batch_yyy07.pl,s3,no,14.04,no,corr,None,None,None,None
4371,exp_cycles_depvary_step9_batch_yyy08.pl,b2,yes,0.89,yes,corr,None,None,None,None
4372,exp_cycles_depvary_step9_batch_yyy08.pl,z5,no,0.41,no,corr,None,None,None,None
4373,exp_cycles_depvary_step9_batch_yyy08.pl,e4,no,167.35,no,corr,None,None,None,None
4374,exp_cycles_depvary_step9_batch_yyy08.pl,t7,no,0.58,no,corr,None,None,None,None
4375,exp_cycles_depvary_step9_batch_yyy08.pl,r7,no,0.3,no,corr,None,None,None,None
4376,exp_cycles_depvary_step9_batch_yyy08.pl,v3,yes,1.54,yes,corr,None,None,None,None
4377,exp_cycles_depvary_step9_batch_yyy08.pl,w2,yes,0.55,yes,corr,None,None,None,None
4378,exp_cycles_depvary_step9_batch_yyy08.pl,f1,no,0.27,no,corr,None,None,None,None
4379,exp_cycles_depvary_step9_batch_yyy08.pl,v1,yes,0.6,yes,corr,None,None,None,None
4380,exp_cycles_depvary_step9_batch_yyy08.pl,p3,yes,0.53,yes,corr,None,None,None,None
4381,exp_cycles_depvary_step9_batch_yyy09.pl,d5,yes,0.62,yes,corr,None,None,None,None
4382,exp_cycles_depvary_step9_batch_yyy09.pl,d4,,600.0,no,TIMEOUT,,,,
4383,exp_cycles_depvary_step9_batch_yyy09.pl,c2,yes,34.93,yes,corr,None,None,None,None
4384,exp_cycles_depvary_step9_batch_yyy09.pl,x2,no,0.33,no,corr,None,None,None,None
4385,exp_cycles_depvary_step9_batch_yyy09.pl,w1,no,0.46,no,corr,None,None,None,None
4386,exp_cycles_depvary_step9_batch_yyy09.pl,y5,no,0.47,no,corr,None,None,None,None
4387,exp_cycles_depvary_step9_batch_yyy09.pl,w2,,600.0,no,TIMEOUT,,,,
4388,exp_cycles_depvary_step9_batch_yyy09.pl,e5,yes,3.06,yes,corr,None,None,None,None
4389,exp_cycles_depvary_step9_batch_yyy09.pl,f4,no,1.62,no,corr,None,None,None,None
4390,exp_cycles_depvary_step9_batch_yyy09.pl,z3,yes,1.05,yes,corr,None,None,None,None
4391,exp_cycles_depvary_step9_batch_yyy10.pl,t5,no,0.44,no,corr,None,None,None,None
4392,exp_cycles_depvary_step9_batch_yyy10.pl,c5,yes,12.05,yes,corr,None,None,None,None
4393,exp_cycles_depvary_step9_batch_yyy10.pl,q4,no,432.78,no,corr,None,None,None,None
4394,exp_cycles_depvary_step9_batch_yyy10.pl,r5,,600.0,no,TIMEOUT,,,,
4395,exp_cycles_depvary_step9_batch_yyy10.pl,v1,yes,2.7,yes,corr,None,None,None,None
4396,exp_cycles_depvary_step9_batch_yyy10.pl,w4,,600.0,no,TIMEOUT,,,,
4397,exp_cycles_depvary_step9_batch_yyy10.pl,z3,yes,6.74,yes,corr,None,None,None,None
4398,exp_cycles_depvary_step9_batch_yyy10.pl,y2,yes,19.03,yes,corr,None,None,None,None
4399,exp_cycles_depvary_step9_batch_yyy10.pl,w5,no,0.58,no,corr,None,None,None,None
4400,exp_cycles_depvary_step9_batch_yyy10.pl,u7,no,0.51,no,corr,None,None,None,None
4401,exp_cycles_indvary1_step1_batch_yyy01.pl,c3,yes,1.0,yes,corr,None,None,None,None
4402,exp_cycles_indvary1_step1_batch_yyy01.pl,a6,no,0.44,no,corr,None,None,None,None
4403,exp_cycles_indvary1_step1_batch_yyy01.pl,u4,no,0.47,no,corr,None,None,None,None
4404,exp_cycles_indvary1_step1_batch_yyy01.pl,t6,no,0.5,no,corr,None,None,None,None
4405,exp_cycles_indvary1_step1_batch_yyy01.pl,w6,no,0.61,no,corr,None,None,None,None
4406,exp_cycles_indvary1_step1_batch_yyy01.pl,y1,no,0.34,no,corr,None,None,None,None
4407,exp_cycles_indvary1_step1_batch_yyy01.pl,t1,no,4.35,no,corr,None,None,None,None
4408,exp_cycles_indvary1_step1_batch_yyy01.pl,x4,no,0.51,no,corr,None,None,None,None
4409,exp_cycles_indvary1_step1_batch_yyy01.pl,b6,no,0.78,no,corr,None,None,None,None
4410,exp_cycles_indvary1_step1_batch_yyy01.pl,a1,yes,0.56,yes,corr,None,None,None,None
4411,exp_cycles_indvary1_step1_batch_yyy02.pl,t5,no,0.43,no,corr,None,None,None,None
4412,exp_cycles_indvary1_step1_batch_yyy02.pl,v7,no,0.36,no,corr,None,None,None,None
4413,exp_cycles_indvary1_step1_batch_yyy02.pl,x3,no,0.4,no,corr,None,None,None,None
4414,exp_cycles_indvary1_step1_batch_yyy02.pl,f3,no,0.23,no,corr,None,None,None,None
4415,exp_cycles_indvary1_step1_batch_yyy02.pl,s1,yes,0.47,yes,corr,None,None,None,None
4416,exp_cycles_indvary1_step1_batch_yyy02.pl,a3,no,0.38,no,corr,None,None,None,None
4417,exp_cycles_indvary1_step1_batch_yyy02.pl,w2,no,0.35,no,corr,None,None,None,None
4418,exp_cycles_indvary1_step1_batch_yyy02.pl,e5,no,0.3,no,corr,None,None,None,None
4419,exp_cycles_indvary1_step1_batch_yyy02.pl,x5,no,0.3,no,corr,None,None,None,None
4420,exp_cycles_indvary1_step1_batch_yyy02.pl,c1,no,0.32,no,corr,None,None,None,None
4421,exp_cycles_indvary1_step1_batch_yyy03.pl,z6,no,0.33,no,corr,None,None,None,None
4422,exp_cycles_indvary1_step1_batch_yyy03.pl,x2,no,0.3,no,corr,None,None,None,None
4423,exp_cycles_indvary1_step1_batch_yyy03.pl,a3,yes,1.06,yes,corr,None,None,None,None
4424,exp_cycles_indvary1_step1_batch_yyy03.pl,q3,no,0.43,no,corr,None,None,None,None
4425,exp_cycles_indvary1_step1_batch_yyy03.pl,a1,yes,0.76,yes,corr,None,None,None,None
4426,exp_cycles_indvary1_step1_batch_yyy03.pl,v3,no,0.34,no,corr,None,None,None,None
4427,exp_cycles_indvary1_step1_batch_yyy03.pl,u2,no,0.48,no,corr,None,None,None,None
4428,exp_cycles_indvary1_step1_batch_yyy03.pl,w3,no,0.34,no,corr,None,None,None,None
4429,exp_cycles_indvary1_step1_batch_yyy03.pl,s5,no,0.38,no,corr,None,None,None,None
4430,exp_cycles_indvary1_step1_batch_yyy03.pl,t3,no,0.6,no,corr,None,None,None,None
4431,exp_cycles_indvary1_step1_batch_yyy04.pl,x3,no,0.74,no,corr,None,None,None,None
4432,exp_cycles_indvary1_step1_batch_yyy04.pl,u4,no,0.54,no,corr,None,None,None,None
4433,exp_cycles_indvary1_step1_batch_yyy04.pl,u7,no,0.44,no,corr,None,None,None,None
4434,exp_cycles_indvary1_step1_batch_yyy04.pl,q5,no,0.54,no,corr,None,None,None,None
4435,exp_cycles_indvary1_step1_batch_yyy04.pl,a4,no,0.29,no,corr,None,None,None,None
4436,exp_cycles_indvary1_step1_batch_yyy04.pl,s1,yes,0.48,yes,corr,None,None,None,None
4437,exp_cycles_indvary1_step1_batch_yyy04.pl,s7,no,0.56,no,corr,None,None,None,None
4438,exp_cycles_indvary1_step1_batch_yyy04.pl,y6,no,0.49,no,corr,None,None,None,None
4439,exp_cycles_indvary1_step1_batch_yyy04.pl,u2,no,0.69,no,corr,None,None,None,None
4440,exp_cycles_indvary1_step1_batch_yyy04.pl,q1,no,0.73,no,corr,None,None,None,None
4441,exp_cycles_indvary1_step1_batch_yyy05.pl,d3,no,0.68,no,corr,None,None,None,None
4442,exp_cycles_indvary1_step1_batch_yyy05.pl,s2,no,0.46,no,corr,None,None,None,None
4443,exp_cycles_indvary1_step1_batch_yyy05.pl,x7,no,0.41,no,corr,None,None,None,None
4444,exp_cycles_indvary1_step1_batch_yyy05.pl,x2,no,0.49,no,corr,None,None,None,None
4445,exp_cycles_indvary1_step1_batch_yyy05.pl,v1,no,0.55,no,corr,None,None,None,None
4446,exp_cycles_indvary1_step1_batch_yyy05.pl,v4,no,0.51,no,corr,None,None,None,None
4447,exp_cycles_indvary1_step1_batch_yyy05.pl,d2,yes,0.39,yes,corr,None,None,None,None
4448,exp_cycles_indvary1_step1_batch_yyy05.pl,x6,no,0.36,no,corr,None,None,None,None
4449,exp_cycles_indvary1_step1_batch_yyy05.pl,b6,no,0.41,no,corr,None,None,None,None
4450,exp_cycles_indvary1_step1_batch_yyy05.pl,v3,no,0.43,no,corr,None,None,None,None
4451,exp_cycles_indvary1_step1_batch_yyy06.pl,d3,no,0.33,no,corr,None,None,None,None
4452,exp_cycles_indvary1_step1_batch_yyy06.pl,x2,no,0.42,no,corr,None,None,None,None
4453,exp_cycles_indvary1_step1_batch_yyy06.pl,p2,no,0.45,no,corr,None,None,None,None
4454,exp_cycles_indvary1_step1_batch_yyy06.pl,b6,no,0.46,no,corr,None,None,None,None
4455,exp_cycles_indvary1_step1_batch_yyy06.pl,q1,yes,0.53,yes,corr,None,None,None,None
4456,exp_cycles_indvary1_step1_batch_yyy06.pl,c5,no,0.36,no,corr,None,None,None,None
4457,exp_cycles_indvary1_step1_batch_yyy06.pl,a5,no,0.56,no,corr,None,None,None,None
4458,exp_cycles_indvary1_step1_batch_yyy06.pl,b1,yes,0.69,yes,corr,None,None,None,None
4459,exp_cycles_indvary1_step1_batch_yyy06.pl,x5,no,0.37,no,corr,None,None,None,None
4460,exp_cycles_indvary1_step1_batch_yyy06.pl,c6,no,0.29,no,corr,None,None,None,None
4461,exp_cycles_indvary1_step1_batch_yyy07.pl,f4,no,0.46,no,corr,None,None,None,None
4462,exp_cycles_indvary1_step1_batch_yyy07.pl,b6,no,0.59,no,corr,None,None,None,None
4463,exp_cycles_indvary1_step1_batch_yyy07.pl,w7,no,0.61,no,corr,None,None,None,None
4464,exp_cycles_indvary1_step1_batch_yyy07.pl,v7,no,0.31,no,corr,None,None,None,None
4465,exp_cycles_indvary1_step1_batch_yyy07.pl,v2,no,0.56,no,corr,None,None,None,None
4466,exp_cycles_indvary1_step1_batch_yyy07.pl,q6,no,0.53,no,corr,None,None,None,None
4467,exp_cycles_indvary1_step1_batch_yyy07.pl,w2,no,0.45,no,corr,None,None,None,None
4468,exp_cycles_indvary1_step1_batch_yyy07.pl,u1,no,0.55,no,corr,None,None,None,None
4469,exp_cycles_indvary1_step1_batch_yyy07.pl,t7,no,0.49,no,corr,None,None,None,None
4470,exp_cycles_indvary1_step1_batch_yyy07.pl,z2,no,0.5,no,corr,None,None,None,None
4471,exp_cycles_indvary1_step1_batch_yyy08.pl,a6,no,0.58,no,corr,None,None,None,None
4472,exp_cycles_indvary1_step1_batch_yyy08.pl,d3,no,0.66,no,corr,None,None,None,None
4473,exp_cycles_indvary1_step1_batch_yyy08.pl,v5,no,0.38,no,corr,None,None,None,None
4474,exp_cycles_indvary1_step1_batch_yyy08.pl,c5,no,0.58,no,corr,None,None,None,None
4475,exp_cycles_indvary1_step1_batch_yyy08.pl,a4,no,0.58,no,corr,None,None,None,None
4476,exp_cycles_indvary1_step1_batch_yyy08.pl,q7,no,0.34,no,corr,None,None,None,None
4477,exp_cycles_indvary1_step1_batch_yyy08.pl,x5,no,0.53,no,corr,None,None,None,None
4478,exp_cycles_indvary1_step1_batch_yyy08.pl,c6,no,0.26,no,corr,None,None,None,None
4479,exp_cycles_indvary1_step1_batch_yyy08.pl,y1,no,0.62,no,corr,None,None,None,None
4480,exp_cycles_indvary1_step1_batch_yyy08.pl,d2,yes,0.95,yes,corr,None,None,None,None
4481,exp_cycles_indvary1_step1_batch_yyy09.pl,c4,no,0.44,no,corr,None,None,None,None
4482,exp_cycles_indvary1_step1_batch_yyy09.pl,w7,no,0.29,no,corr,None,None,None,None
4483,exp_cycles_indvary1_step1_batch_yyy09.pl,c5,no,0.46,no,corr,None,None,None,None
4484,exp_cycles_indvary1_step1_batch_yyy09.pl,a4,no,0.6,no,corr,None,None,None,None
4485,exp_cycles_indvary1_step1_batch_yyy09.pl,r1,yes,0.69,yes,corr,None,None,None,None
4486,exp_cycles_indvary1_step1_batch_yyy09.pl,x1,no,0.6,no,corr,None,None,None,None
4487,exp_cycles_indvary1_step1_batch_yyy09.pl,x4,no,0.38,no,corr,None,None,None,None
4488,exp_cycles_indvary1_step1_batch_yyy09.pl,q2,no,0.46,no,corr,None,None,None,None
4489,exp_cycles_indvary1_step1_batch_yyy09.pl,w5,no,0.46,no,corr,None,None,None,None
4490,exp_cycles_indvary1_step1_batch_yyy09.pl,u7,no,0.55,no,corr,None,None,None,None
4491,exp_cycles_indvary1_step1_batch_yyy10.pl,s4,no,0.63,no,corr,None,None,None,None
4492,exp_cycles_indvary1_step1_batch_yyy10.pl,v2,no,0.48,no,corr,None,None,None,None
4493,exp_cycles_indvary1_step1_batch_yyy10.pl,d4,no,0.41,no,corr,None,None,None,None
4494,exp_cycles_indvary1_step1_batch_yyy10.pl,r6,no,0.55,no,corr,None,None,None,None
4495,exp_cycles_indvary1_step1_batch_yyy10.pl,w5,no,0.32,no,corr,None,None,None,None
4496,exp_cycles_indvary1_step1_batch_yyy10.pl,p3,no,0.39,no,corr,None,None,None,None
4497,exp_cycles_indvary1_step1_batch_yyy10.pl,r4,no,0.3,no,corr,None,None,None,None
4498,exp_cycles_indvary1_step1_batch_yyy10.pl,r1,yes,0.31,yes,corr,None,None,None,None
4499,exp_cycles_indvary1_step1_batch_yyy10.pl,r3,no,0.33,no,corr,None,None,None,None
4500,exp_cycles_indvary1_step1_batch_yyy10.pl,u2,no,0.68,no,corr,None,None,None,None
4501,exp_cycles_indvary1_step2_batch_yyy01.pl,w1,yes,0.55,yes,corr,None,None,None,None
4502,exp_cycles_indvary1_step2_batch_yyy01.pl,x5,no,0.27,no,corr,None,None,None,None
4503,exp_cycles_indvary1_step2_batch_yyy01.pl,r4,no,0.45,no,corr,None,None,None,None
4504,exp_cycles_indvary1_step2_batch_yyy01.pl,y6,no,0.5,no,corr,None,None,None,None
4505,exp_cycles_indvary1_step2_batch_yyy01.pl,q2,no,4.49,no,corr,None,None,None,None
4506,exp_cycles_indvary1_step2_batch_yyy01.pl,y3,no,0.51,no,corr,None,None,None,None
4507,exp_cycles_indvary1_step2_batch_yyy01.pl,r5,no,0.48,no,corr,None,None,None,None
4508,exp_cycles_indvary1_step2_batch_yyy01.pl,d1,no,19.35,no,corr,None,None,None,None
4509,exp_cycles_indvary1_step2_batch_yyy01.pl,u2,no,0.44,no,corr,None,None,None,None
4510,exp_cycles_indvary1_step2_batch_yyy01.pl,t1,yes,0.72,yes,corr,None,None,None,None
4511,exp_cycles_indvary1_step2_batch_yyy02.pl,d4,no,0.32,no,corr,None,None,None,None
4512,exp_cycles_indvary1_step2_batch_yyy02.pl,x2,no,0.7,no,corr,None,None,None,None
4513,exp_cycles_indvary1_step2_batch_yyy02.pl,t7,no,0.52,no,corr,None,None,None,None
4514,exp_cycles_indvary1_step2_batch_yyy02.pl,d2,no,4.53,no,corr,None,None,None,None
4515,exp_cycles_indvary1_step2_batch_yyy02.pl,z3,no,0.57,no,corr,None,None,None,None
4516,exp_cycles_indvary1_step2_batch_yyy02.pl,q7,no,0.42,no,corr,None,None,None,None
4517,exp_cycles_indvary1_step2_batch_yyy02.pl,a6,no,0.55,no,corr,None,None,None,None
4518,exp_cycles_indvary1_step2_batch_yyy02.pl,s4,no,0.64,no,corr,None,None,None,None
4519,exp_cycles_indvary1_step2_batch_yyy02.pl,r6,no,0.71,no,corr,None,None,None,None
4520,exp_cycles_indvary1_step2_batch_yyy02.pl,e5,no,0.55,no,corr,None,None,None,None
4521,exp_cycles_indvary1_step2_batch_yyy03.pl,c4,no,0.61,no,corr,None,None,None,None
4522,exp_cycles_indvary1_step2_batch_yyy03.pl,v2,no,0.4,no,corr,None,None,None,None
4523,exp_cycles_indvary1_step2_batch_yyy03.pl,d3,no,0.46,no,corr,None,None,None,None
4524,exp_cycles_indvary1_step2_batch_yyy03.pl,w5,no,0.42,no,corr,None,None,None,None
4525,exp_cycles_indvary1_step2_batch_yyy03.pl,s5,no,0.56,no,corr,None,None,None,None
4526,exp_cycles_indvary1_step2_batch_yyy03.pl,b1,yes,1.8,yes,corr,None,None,None,None
4527,exp_cycles_indvary1_step2_batch_yyy03.pl,x7,no,0.81,no,corr,None,None,None,None
4528,exp_cycles_indvary1_step2_batch_yyy03.pl,e4,no,0.61,no,corr,None,None,None,None
4529,exp_cycles_indvary1_step2_batch_yyy03.pl,c6,no,0.45,no,corr,None,None,None,None
4530,exp_cycles_indvary1_step2_batch_yyy03.pl,f2,yes,0.48,yes,corr,None,None,None,None
4531,exp_cycles_indvary1_step2_batch_yyy04.pl,u5,no,0.51,no,corr,None,None,None,None
4532,exp_cycles_indvary1_step2_batch_yyy04.pl,d4,no,0.44,no,corr,None,None,None,None
4533,exp_cycles_indvary1_step2_batch_yyy04.pl,z1,yes,0.64,yes,corr,None,None,None,None
4534,exp_cycles_indvary1_step2_batch_yyy04.pl,x6,no,0.41,no,corr,None,None,None,None
4535,exp_cycles_indvary1_step2_batch_yyy04.pl,a1,no,0.59,no,corr,None,None,None,None
4536,exp_cycles_indvary1_step2_batch_yyy04.pl,p6,no,0.31,no,corr,None,None,None,None
4537,exp_cycles_indvary1_step2_batch_yyy04.pl,t4,no,0.45,no,corr,None,None,None,None
4538,exp_cycles_indvary1_step2_batch_yyy04.pl,t5,no,0.51,no,corr,None,None,None,None
4539,exp_cycles_indvary1_step2_batch_yyy04.pl,a6,no,0.56,no,corr,None,None,None,None
4540,exp_cycles_indvary1_step2_batch_yyy04.pl,v7,no,0.37,no,corr,None,None,None,None
4541,exp_cycles_indvary1_step2_batch_yyy05.pl,u6,no,0.45,no,corr,None,None,None,None
4542,exp_cycles_indvary1_step2_batch_yyy05.pl,v7,no,0.45,no,corr,None,None,None,None
4543,exp_cycles_indvary1_step2_batch_yyy05.pl,q5,no,0.45,no,corr,None,None,None,None
4544,exp_cycles_indvary1_step2_batch_yyy05.pl,b1,no,0.76,no,corr,None,None,None,None
4545,exp_cycles_indvary1_step2_batch_yyy05.pl,c6,no,0.51,no,corr,None,None,None,None
4546,exp_cycles_indvary1_step2_batch_yyy05.pl,r4,no,0.34,no,corr,None,None,None,None
4547,exp_cycles_indvary1_step2_batch_yyy05.pl,u2,no,0.47,no,corr,None,None,None,None
4548,exp_cycles_indvary1_step2_batch_yyy05.pl,p1,yes,0.56,yes,corr,None,None,None,None
4549,exp_cycles_indvary1_step2_batch_yyy05.pl,v2,no,0.65,no,corr,None,None,None,None
4550,exp_cycles_indvary1_step2_batch_yyy05.pl,e1,no,0.6,no,corr,None,None,None,None
4551,exp_cycles_indvary1_step2_batch_yyy06.pl,w7,no,0.59,no,corr,None,None,None,None
4552,exp_cycles_indvary1_step2_batch_yyy06.pl,e1,no,0.48,no,corr,None,None,None,None
4553,exp_cycles_indvary1_step2_batch_yyy06.pl,v5,no,0.5,no,corr,None,None,None,None
4554,exp_cycles_indvary1_step2_batch_yyy06.pl,t6,no,0.56,no,corr,None,None,None,None
4555,exp_cycles_indvary1_step2_batch_yyy06.pl,f5,no,0.7,no,corr,None,None,None,None
4556,exp_cycles_indvary1_step2_batch_yyy06.pl,u3,no,0.6,no,corr,None,None,None,None
4557,exp_cycles_indvary1_step2_batch_yyy06.pl,d1,yes,4.6,no,inc,None,None,None,None
4558,exp_cycles_indvary1_step2_batch_yyy06.pl,x4,no,0.27,no,corr,None,None,None,None
4559,exp_cycles_indvary1_step2_batch_yyy06.pl,u1,yes,0.42,yes,corr,None,None,None,None
4560,exp_cycles_indvary1_step2_batch_yyy06.pl,e5,no,0.5,no,corr,None,None,None,None
4561,exp_cycles_indvary1_step2_batch_yyy07.pl,u6,no,0.57,no,corr,None,None,None,None
4562,exp_cycles_indvary1_step2_batch_yyy07.pl,w7,no,0.36,no,corr,None,None,None,None
4563,exp_cycles_indvary1_step2_batch_yyy07.pl,s5,no,0.53,no,corr,None,None,None,None
4564,exp_cycles_indvary1_step2_batch_yyy07.pl,s6,no,0.41,no,corr,None,None,None,None
4565,exp_cycles_indvary1_step2_batch_yyy07.pl,z3,no,0.45,no,corr,None,None,None,None
4566,exp_cycles_indvary1_step2_batch_yyy07.pl,q3,no,0.37,no,corr,None,None,None,None
4567,exp_cycles_indvary1_step2_batch_yyy07.pl,a4,no,0.55,no,corr,None,None,None,None
4568,exp_cycles_indvary1_step2_batch_yyy07.pl,w6,no,0.44,no,corr,None,None,None,None
4569,exp_cycles_indvary1_step2_batch_yyy07.pl,v1,yes,0.39,yes,corr,None,None,None,None
4570,exp_cycles_indvary1_step2_batch_yyy07.pl,p3,no,0.57,no,corr,None,None,None,None
4571,exp_cycles_indvary1_step2_batch_yyy08.pl,p4,no,0.39,no,corr,None,None,None,None
4572,exp_cycles_indvary1_step2_batch_yyy08.pl,v5,no,0.41,no,corr,None,None,None,None
4573,exp_cycles_indvary1_step2_batch_yyy08.pl,r5,no,0.51,no,corr,None,None,None,None
4574,exp_cycles_indvary1_step2_batch_yyy08.pl,t2,no,0.62,no,corr,None,None,None,None
4575,exp_cycles_indvary1_step2_batch_yyy08.pl,v4,no,0.31,no,corr,None,None,None,None
4576,exp_cycles_indvary1_step2_batch_yyy08.pl,v3,no,0.42,no,corr,None,None,None,None
4577,exp_cycles_indvary1_step2_batch_yyy08.pl,e2,yes,0.45,yes,corr,None,None,None,None
4578,exp_cycles_indvary1_step2_batch_yyy08.pl,q2,yes,0.92,yes,corr,None,None,None,None
4579,exp_cycles_indvary1_step2_batch_yyy08.pl,s5,no,0.35,no,corr,None,None,None,None
4580,exp_cycles_indvary1_step2_batch_yyy08.pl,t3,no,0.4,no,corr,None,None,None,None
4581,exp_cycles_indvary1_step2_batch_yyy09.pl,z6,no,0.52,no,corr,None,None,None,None
4582,exp_cycles_indvary1_step2_batch_yyy09.pl,u4,no,0.43,no,corr,None,None,None,None
4583,exp_cycles_indvary1_step2_batch_yyy09.pl,c5,no,0.4,no,corr,None,None,None,None
4584,exp_cycles_indvary1_step2_batch_yyy09.pl,x7,no,0.24,no,corr,None,None,None,None
4585,exp_cycles_indvary1_step2_batch_yyy09.pl,e4,no,0.5,no,corr,None,None,None,None
4586,exp_cycles_indvary1_step2_batch_yyy09.pl,t7,no,0.68,no,corr,None,None,None,None
4587,exp_cycles_indvary1_step2_batch_yyy09.pl,p1,no,27.03,no,corr,None,None,None,None
4588,exp_cycles_indvary1_step2_batch_yyy09.pl,a2,no,11.47,no,corr,None,None,None,None
4589,exp_cycles_indvary1_step2_batch_yyy09.pl,u3,no,0.36,no,corr,None,None,None,None
4590,exp_cycles_indvary1_step2_batch_yyy09.pl,e3,no,0.4,no,corr,None,None,None,None
4591,exp_cycles_indvary1_step2_batch_yyy10.pl,d5,no,0.59,no,corr,None,None,None,None
4592,exp_cycles_indvary1_step2_batch_yyy10.pl,b3,no,2.13,no,corr,None,None,None,None
4593,exp_cycles_indvary1_step2_batch_yyy10.pl,r6,no,0.48,no,corr,None,None,None,None
4594,exp_cycles_indvary1_step2_batch_yyy10.pl,w5,no,0.7,no,corr,None,None,None,None
4595,exp_cycles_indvary1_step2_batch_yyy10.pl,s5,no,0.58,no,corr,None,None,None,None
4596,exp_cycles_indvary1_step2_batch_yyy10.pl,a4,no,0.23,no,corr,None,None,None,None
4597,exp_cycles_indvary1_step2_batch_yyy10.pl,x1,yes,0.35,yes,corr,None,None,None,None
4598,exp_cycles_indvary1_step2_batch_yyy10.pl,q1,yes,0.45,yes,corr,None,None,None,None
4599,exp_cycles_indvary1_step2_batch_yyy10.pl,t2,no,0.32,no,corr,None,None,None,None
4600,exp_cycles_indvary1_step2_batch_yyy10.pl,c6,no,0.71,no,corr,None,None,None,None
4601,exp_cycles_indvary1_step3_batch_yyy01.pl,d4,no,0.35,no,corr,None,None,None,None
4602,exp_cycles_indvary1_step3_batch_yyy01.pl,c5,no,0.23,no,corr,None,None,None,None
4603,exp_cycles_indvary1_step3_batch_yyy01.pl,x2,no,0.35,no,corr,None,None,None,None
4604,exp_cycles_indvary1_step3_batch_yyy01.pl,r4,no,0.48,no,corr,None,None,None,None
4605,exp_cycles_indvary1_step3_batch_yyy01.pl,r1,no,0.47,no,corr,None,None,None,None
4606,exp_cycles_indvary1_step3_batch_yyy01.pl,x6,no,0.31,no,corr,None,None,None,None
4607,exp_cycles_indvary1_step3_batch_yyy01.pl,r2,yes,0.39,yes,corr,None,None,None,None
4608,exp_cycles_indvary1_step3_batch_yyy01.pl,q7,no,0.36,no,corr,None,None,None,None
4609,exp_cycles_indvary1_step3_batch_yyy01.pl,e2,no,5.82,no,corr,None,None,None,None
4610,exp_cycles_indvary1_step3_batch_yyy01.pl,r3,no,0.43,no,corr,None,None,None,None
4611,exp_cycles_indvary1_step3_batch_yyy02.pl,v7,no,0.38,no,corr,None,None,None,None
4612,exp_cycles_indvary1_step3_batch_yyy02.pl,p5,no,0.5,no,corr,None,None,None,None
4613,exp_cycles_indvary1_step3_batch_yyy02.pl,u4,no,0.41,no,corr,None,None,None,None
4614,exp_cycles_indvary1_step3_batch_yyy02.pl,r5,no,0.47,no,corr,None,None,None,None
4615,exp_cycles_indvary1_step3_batch_yyy02.pl,p3,no,6.45,no,corr,None,None,None,None
4616,exp_cycles_indvary1_step3_batch_yyy02.pl,r4,no,0.4,no,corr,None,None,None,None
4617,exp_cycles_indvary1_step3_batch_yyy02.pl,y2,no,0.7,no,corr,None,None,None,None
4618,exp_cycles_indvary1_step3_batch_yyy02.pl,f2,no,5.96,no,corr,None,None,None,None
4619,exp_cycles_indvary1_step3_batch_yyy02.pl,t2,no,1.69,no,corr,None,None,None,None
4620,exp_cycles_indvary1_step3_batch_yyy02.pl,s6,no,0.48,no,corr,None,None,None,None
4621,exp_cycles_indvary1_step3_batch_yyy03.pl,s3,no,0.66,no,corr,None,None,None,None
4622,exp_cycles_indvary1_step3_batch_yyy03.pl,d4,no,0.36,no,corr,None,None,None,None
4623,exp_cycles_indvary1_step3_batch_yyy03.pl,r6,no,0.51,no,corr,None,None,None,None
4624,exp_cycles_indvary1_step3_batch_yyy03.pl,b1,no,12.45,no,corr,None,None,None,None
4625,exp_cycles_indvary1_step3_batch_yyy03.pl,t7,no,0.45,no,corr,None,None,None,None
4626,exp_cycles_indvary1_step3_batch_yyy03.pl,u3,no,0.24,no,corr,None,None,None,None
4627,exp_cycles_indvary1_step3_batch_yyy03.pl,a1,yes,6.29,yes,corr,None,None,None,None
4628,exp_cycles_indvary1_step3_batch_yyy03.pl,t1,yes,10.55,yes,corr,None,None,None,None
4629,exp_cycles_indvary1_step3_batch_yyy03.pl,y6,no,0.56,no,corr,None,None,None,None
4630,exp_cycles_indvary1_step3_batch_yyy03.pl,w3,no,0.41,no,corr,None,None,None,None
4631,exp_cycles_indvary1_step3_batch_yyy04.pl,u5,no,0.44,no,corr,None,None,None,None
4632,exp_cycles_indvary1_step3_batch_yyy04.pl,y4,no,0.41,no,corr,None,None,None,None
4633,exp_cycles_indvary1_step3_batch_yyy04.pl,s5,no,0.33,no,corr,None,None,None,None
4634,exp_cycles_indvary1_step3_batch_yyy04.pl,s2,no,1.28,no,corr,None,None,None,None
4635,exp_cycles_indvary1_step3_batch_yyy04.pl,e4,no,0.51,no,corr,None,None,None,None
4636,exp_cycles_indvary1_step3_batch_yyy04.pl,u3,no,0.3,no,corr,None,None,None,None
4637,exp_cycles_indvary1_step3_batch_yyy04.pl,y1,no,19.41,no,corr,None,None,None,None
4638,exp_cycles_indvary1_step3_batch_yyy04.pl,f4,no,0.4,no,corr,None,None,None,None
4639,exp_cycles_indvary1_step3_batch_yyy04.pl,y2,yes,1.29,yes,corr,None,None,None,None
4640,exp_cycles_indvary1_step3_batch_yyy04.pl,a1,yes,1.27,yes,corr,None,None,None,None
4641,exp_cycles_indvary1_step3_batch_yyy05.pl,u6,no,0.62,no,corr,None,None,None,None
4642,exp_cycles_indvary1_step3_batch_yyy05.pl,t5,no,0.63,no,corr,None,None,None,None
4643,exp_cycles_indvary1_step3_batch_yyy05.pl,b3,yes,0.52,yes,corr,None,None,None,None
4644,exp_cycles_indvary1_step3_batch_yyy05.pl,p5,no,0.56,no,corr,None,None,None,None
4645,exp_cycles_indvary1_step3_batch_yyy05.pl,v5,no,0.34,no,corr,None,None,None,None
4646,exp_cycles_indvary1_step3_batch_yyy05.pl,s5,no,0.65,no,corr,None,None,None,None
4647,exp_cycles_indvary1_step3_batch_yyy05.pl,s2,no,9.6,no,corr,None,None,None,None
4648,exp_cycles_indvary1_step3_batch_yyy05.pl,e3,no,0.26,no,corr,None,None,None,None
4649,exp_cycles_indvary1_step3_batch_yyy05.pl,p6,no,0.38,no,corr,None,None,None,None
4650,exp_cycles_indvary1_step3_batch_yyy05.pl,f2,yes,6.08,no,inc,None,None,None,None
4651,exp_cycles_indvary1_step3_batch_yyy06.pl,d5,no,0.49,no,corr,None,None,None,None
4652,exp_cycles_indvary1_step3_batch_yyy06.pl,v2,yes,0.46,yes,corr,None,None,None,None
4653,exp_cycles_indvary1_step3_batch_yyy06.pl,x3,no,0.5,no,corr,None,None,None,None
4654,exp_cycles_indvary1_step3_batch_yyy06.pl,d3,no,0.25,no,corr,None,None,None,None
4655,exp_cycles_indvary1_step3_batch_yyy06.pl,b4,no,0.36,no,corr,None,None,None,None
4656,exp_cycles_indvary1_step3_batch_yyy06.pl,a5,no,0.31,no,corr,None,None,None,None
4657,exp_cycles_indvary1_step3_batch_yyy06.pl,x2,yes,8.39,yes,corr,None,None,None,None
4658,exp_cycles_indvary1_step3_batch_yyy06.pl,z4,no,0.32,no,corr,None,None,None,None
4659,exp_cycles_indvary1_step3_batch_yyy06.pl,v1,yes,8.52,yes,corr,None,None,None,None
4660,exp_cycles_indvary1_step3_batch_yyy06.pl,d2,yes,0.82,yes,corr,None,None,None,None
4661,exp_cycles_indvary1_step3_batch_yyy07.pl,d4,no,0.46,no,corr,None,None,None,None
4662,exp_cycles_indvary1_step3_batch_yyy07.pl,u1,yes,0.71,yes,corr,None,None,None,None
4663,exp_cycles_indvary1_step3_batch_yyy07.pl,d3,no,0.51,no,corr,None,None,None,None
4664,exp_cycles_indvary1_step3_batch_yyy07.pl,f5,no,0.42,no,corr,None,None,None,None
4665,exp_cycles_indvary1_step3_batch_yyy07.pl,e4,no,0.5,no,corr,None,None,None,None
4666,exp_cycles_indvary1_step3_batch_yyy07.pl,s6,no,0.58,no,corr,None,None,None,None
4667,exp_cycles_indvary1_step3_batch_yyy07.pl,r1,no,0.55,no,corr,None,None,None,None
4668,exp_cycles_indvary1_step3_batch_yyy07.pl,y2,yes,0.73,yes,corr,None,None,None,None
4669,exp_cycles_indvary1_step3_batch_yyy07.pl,s4,no,0.38,no,corr,None,None,None,None
4670,exp_cycles_indvary1_step3_batch_yyy07.pl,v7,no,0.35,no,corr,None,None,None,None
4671,exp_cycles_indvary1_step3_batch_yyy08.pl,t4,no,0.57,no,corr,None,None,None,None
4672,exp_cycles_indvary1_step3_batch_yyy08.pl,y4,no,0.43,no,corr,None,None,None,None
4673,exp_cycles_indvary1_step3_batch_yyy08.pl,w2,yes,0.53,yes,corr,None,None,None,None
4674,exp_cycles_indvary1_step3_batch_yyy08.pl,t6,no,0.51,no,corr,None,None,None,None
4675,exp_cycles_indvary1_step3_batch_yyy08.pl,e4,no,0.45,no,corr,None,None,None,None
4676,exp_cycles_indvary1_step3_batch_yyy08.pl,v1,no,6.61,no,corr,None,None,None,None
4677,exp_cycles_indvary1_step3_batch_yyy08.pl,u3,no,0.47,no,corr,None,None,None,None
4678,exp_cycles_indvary1_step3_batch_yyy08.pl,r7,no,0.61,no,corr,None,None,None,None
4679,exp_cycles_indvary1_step3_batch_yyy08.pl,t2,yes,1.59,yes,corr,None,None,None,None
4680,exp_cycles_indvary1_step3_batch_yyy08.pl,b5,no,0.58,no,corr,None,None,None,None
4681,exp_cycles_indvary1_step3_batch_yyy09.pl,z6,no,0.27,no,corr,None,None,None,None
4682,exp_cycles_indvary1_step3_batch_yyy09.pl,y4,no,0.5,no,corr,None,None,None,None
4683,exp_cycles_indvary1_step3_batch_yyy09.pl,d4,no,0.23,no,corr,None,None,None,None
4684,exp_cycles_indvary1_step3_batch_yyy09.pl,c2,no,0.54,no,corr,None,None,None,None
4685,exp_cycles_indvary1_step3_batch_yyy09.pl,z2,no,0.53,no,corr,None,None,None,None
4686,exp_cycles_indvary1_step3_batch_yyy09.pl,r1,yes,0.48,yes,corr,None,None,None,None
4687,exp_cycles_indvary1_step3_batch_yyy09.pl,r2,yes,1.01,yes,corr,None,None,None,None
4688,exp_cycles_indvary1_step3_batch_yyy09.pl,p6,no,0.45,no,corr,None,None,None,None
4689,exp_cycles_indvary1_step3_batch_yyy09.pl,y2,yes,0.89,yes,corr,None,None,None,None
4690,exp_cycles_indvary1_step3_batch_yyy09.pl,x6,no,0.59,no,corr,None,None,None,None
4691,exp_cycles_indvary1_step3_batch_yyy10.pl,t5,no,0.47,no,corr,None,None,None,None
4692,exp_cycles_indvary1_step3_batch_yyy10.pl,v7,no,0.44,no,corr,None,None,None,None
4693,exp_cycles_indvary1_step3_batch_yyy10.pl,z5,no,0.34,no,corr,None,None,None,None
4694,exp_cycles_indvary1_step3_batch_yyy10.pl,u4,no,0.59,no,corr,None,None,None,None
4695,exp_cycles_indvary1_step3_batch_yyy10.pl,v1,no,0.37,no,corr,None,None,None,None
4696,exp_cycles_indvary1_step3_batch_yyy10.pl,z2,yes,3.42,yes,corr,None,None,None,None
4697,exp_cycles_indvary1_step3_batch_yyy10.pl,r3,no,0.43,no,corr,None,None,None,None
4698,exp_cycles_indvary1_step3_batch_yyy10.pl,z1,yes,0.77,yes,corr,None,None,None,None
4699,exp_cycles_indvary1_step3_batch_yyy10.pl,c5,no,0.51,no,corr,None,None,None,None
4700,exp_cycles_indvary1_step3_batch_yyy10.pl,b1,yes,3.16,yes,corr,None,None,None,None
4701,exp_cycles_indvary1_step4_batch_yyy01.pl,v7,no,0.4,no,corr,None,None,None,None
4702,exp_cycles_indvary1_step4_batch_yyy01.pl,z5,no,0.34,no,corr,None,None,None,None
4703,exp_cycles_indvary1_step4_batch_yyy01.pl,x3,no,0.5,no,corr,None,None,None,None
4704,exp_cycles_indvary1_step4_batch_yyy01.pl,y3,yes,0.37,yes,corr,None,None,None,None
4705,exp_cycles_indvary1_step4_batch_yyy01.pl,p3,no,0.44,no,corr,None,None,None,None
4706,exp_cycles_indvary1_step4_batch_yyy01.pl,u3,no,1.12,no,corr,None,None,None,None
4707,exp_cycles_indvary1_step4_batch_yyy01.pl,y2,yes,0.46,yes,corr,None,None,None,None
4708,exp_cycles_indvary1_step4_batch_yyy01.pl,r3,yes,0.52,yes,corr,None,None,None,None
4709,exp_cycles_indvary1_step4_batch_yyy01.pl,s3,no,0.59,no,corr,None,None,None,None
4710,exp_cycles_indvary1_step4_batch_yyy01.pl,c4,no,0.52,no,corr,None,None,None,None
4711,exp_cycles_indvary1_step4_batch_yyy02.pl,p4,no,0.4,no,corr,None,None,None,None
4712,exp_cycles_indvary1_step4_batch_yyy02.pl,u1,yes,0.4,yes,corr,None,None,None,None
4713,exp_cycles_indvary1_step4_batch_yyy02.pl,q5,no,0.34,no,corr,None,None,None,None
4714,exp_cycles_indvary1_step4_batch_yyy02.pl,z1,no,0.42,no,corr,None,None,None,None
4715,exp_cycles_indvary1_step4_batch_yyy02.pl,p2,no,1.34,no,corr,None,None,None,None
4716,exp_cycles_indvary1_step4_batch_yyy02.pl,u2,yes,0.46,yes,corr,None,None,None,None
4717,exp_cycles_indvary1_step4_batch_yyy02.pl,y4,no,0.42,no,corr,None,None,None,None
4718,exp_cycles_indvary1_step4_batch_yyy02.pl,v7,no,0.58,no,corr,None,None,None,None
4719,exp_cycles_indvary1_step4_batch_yyy02.pl,c1,no,0.69,no,corr,None,None,None,None
4720,exp_cycles_indvary1_step4_batch_yyy02.pl,z2,no,0.53,no,corr,None,None,None,None
4721,exp_cycles_indvary1_step4_batch_yyy03.pl,s3,no,0.43,no,corr,None,None,None,None
4722,exp_cycles_indvary1_step4_batch_yyy03.pl,b3,no,0.52,no,corr,None,None,None,None
4723,exp_cycles_indvary1_step4_batch_yyy03.pl,q5,no,0.61,no,corr,None,None,None,None
4724,exp_cycles_indvary1_step4_batch_yyy03.pl,f3,no,0.55,no,corr,None,None,None,None
4725,exp_cycles_indvary1_step4_batch_yyy03.pl,x5,no,0.39,no,corr,None,None,None,None
4726,exp_cycles_indvary1_step4_batch_yyy03.pl,v4,no,0.26,no,corr,None,None,None,None
4727,exp_cycles_indvary1_step4_batch_yyy03.pl,q1,no,0.28,no,corr,None,None,None,None
4728,exp_cycles_indvary1_step4_batch_yyy03.pl,w3,no,3.16,no,corr,None,None,None,None
4729,exp_cycles_indvary1_step4_batch_yyy03.pl,w2,no,0.62,no,corr,None,None,None,None
4730,exp_cycles_indvary1_step4_batch_yyy03.pl,r6,no,0.42,no,corr,None,None,None,None
4731,exp_cycles_indvary1_step4_batch_yyy04.pl,c4,no,0.46,no,corr,None,None,None,None
4732,exp_cycles_indvary1_step4_batch_yyy04.pl,s4,no,0.36,no,corr,None,None,None,None
4733,exp_cycles_indvary1_step4_batch_yyy04.pl,q6,no,0.44,no,corr,None,None,None,None
4734,exp_cycles_indvary1_step4_batch_yyy04.pl,f1,no,0.87,no,corr,None,None,None,None
4735,exp_cycles_indvary1_step4_batch_yyy04.pl,x2,yes,0.58,yes,corr,None,None,None,None
4736,exp_cycles_indvary1_step4_batch_yyy04.pl,y3,yes,0.59,yes,corr,None,None,None,None
4737,exp_cycles_indvary1_step4_batch_yyy04.pl,t7,no,0.44,no,corr,None,None,None,None
4738,exp_cycles_indvary1_step4_batch_yyy04.pl,r1,no,0.5,no,corr,None,None,None,None
4739,exp_cycles_indvary1_step4_batch_yyy04.pl,a2,no,0.68,no,corr,None,None,None,None
4740,exp_cycles_indvary1_step4_batch_yyy04.pl,f2,yes,0.44,yes,corr,None,None,None,None
4741,exp_cycles_indvary1_step4_batch_yyy05.pl,y4,no,0.55,no,corr,None,None,None,None
4742,exp_cycles_indvary1_step4_batch_yyy05.pl,v2,no,0.48,no,corr,None,None,None,None
4743,exp_cycles_indvary1_step4_batch_yyy05.pl,w5,no,0.37,no,corr,None,None,None,None
4744,exp_cycles_indvary1_step4_batch_yyy05.pl,x2,yes,0.7,yes,corr,None,None,None,None
4745,exp_cycles_indvary1_step4_batch_yyy05.pl,s7,no,0.46,no,corr,None,None,None,None
4746,exp_cycles_indvary1_step4_batch_yyy05.pl,d1,no,0.57,no,corr,None,None,None,None
4747,exp_cycles_indvary1_step4_batch_yyy05.pl,t6,no,0.21,no,corr,None,None,None,None
4748,exp_cycles_indvary1_step4_batch_yyy05.pl,a5,no,0.41,no,corr,None,None,None,None
4749,exp_cycles_indvary1_step4_batch_yyy05.pl,r5,no,0.34,no,corr,None,None,None,None
4750,exp_cycles_indvary1_step4_batch_yyy05.pl,e4,no,0.37,no,corr,None,None,None,None
4751,exp_cycles_indvary1_step4_batch_yyy06.pl,p5,no,0.4,no,corr,None,None,None,None
4752,exp_cycles_indvary1_step4_batch_yyy06.pl,s5,no,0.58,no,corr,None,None,None,None
4753,exp_cycles_indvary1_step4_batch_yyy06.pl,t6,no,0.68,no,corr,None,None,None,None
4754,exp_cycles_indvary1_step4_batch_yyy06.pl,c6,no,0.51,no,corr,None,None,None,None
4755,exp_cycles_indvary1_step4_batch_yyy06.pl,p2,yes,0.94,yes,corr,None,None,None,None
4756,exp_cycles_indvary1_step4_batch_yyy06.pl,w3,no,0.43,no,corr,None,None,None,None
4757,exp_cycles_indvary1_step4_batch_yyy06.pl,a6,no,0.54,no,corr,None,None,None,None
4758,exp_cycles_indvary1_step4_batch_yyy06.pl,b3,yes,0.4,yes,corr,None,None,None,None
4759,exp_cycles_indvary1_step4_batch_yyy06.pl,r7,no,0.48,no,corr,None,None,None,None
4760,exp_cycles_indvary1_step4_batch_yyy06.pl,b6,no,0.72,no,corr,None,None,None,None
4761,exp_cycles_indvary1_step4_batch_yyy07.pl,a6,no,0.54,no,corr,None,None,None,None
4762,exp_cycles_indvary1_step4_batch_yyy07.pl,v6,no,0.66,no,corr,None,None,None,None
4763,exp_cycles_indvary1_step4_batch_yyy07.pl,c5,no,0.57,no,corr,None,None,None,None
4764,exp_cycles_indvary1_step4_batch_yyy07.pl,w1,yes,0.74,yes,corr,None,None,None,None
4765,exp_cycles_indvary1_step4_batch_yyy07.pl,r7,no,0.48,no,corr,None,None,None,None
4766,exp_cycles_indvary1_step4_batch_yyy07.pl,y5,no,0.29,no,corr,None,None,None,None
4767,exp_cycles_indvary1_step4_batch_yyy07.pl,x4,no,0.36,no,corr,None,None,None,None
4768,exp_cycles_indvary1_step4_batch_yyy07.pl,f2,no,0.55,no,corr,None,None,None,None
4769,exp_cycles_indvary1_step4_batch_yyy07.pl,e2,yes,0.46,yes,corr,None,None,None,None
4770,exp_cycles_indvary1_step4_batch_yyy07.pl,t1,yes,0.47,yes,corr,None,None,None,None
4771,exp_cycles_indvary1_step4_batch_yyy08.pl,e5,no,0.42,no,corr,None,None,None,None
4772,exp_cycles_indvary1_step4_batch_yyy08.pl,u4,no,0.63,no,corr,None,None,None,None
4773,exp_cycles_indvary1_step4_batch_yyy08.pl,v5,no,0.57,no,corr,None,None,None,None
4774,exp_cycles_indvary1_step4_batch_yyy08.pl,t3,yes,0.53,yes,corr,None,None,None,None
4775,exp_cycles_indvary1_step4_batch_yyy08.pl,x7,no,0.33,no,corr,None,None,None,None
4776,exp_cycles_indvary1_step4_batch_yyy08.pl,w6,no,0.29,no,corr,None,None,None,None
4777,exp_cycles_indvary1_step4_batch_yyy08.pl,t2,yes,0.42,yes,corr,None,None,None,None
4778,exp_cycles_indvary1_step4_batch_yyy08.pl,f4,no,0.32,no,corr,None,None,None,None
4779,exp_cycles_indvary1_step4_batch_yyy08.pl,r2,no,0.43,no,corr,None,None,None,None
4780,exp_cycles_indvary1_step4_batch_yyy08.pl,b6,no,0.41,no,corr,None,None,None,None
4781,exp_cycles_indvary1_step4_batch_yyy09.pl,w7,no,0.43,no,corr,None,None,None,None
4782,exp_cycles_indvary1_step4_batch_yyy09.pl,e1,yes,1.45,yes,corr,None,None,None,None
4783,exp_cycles_indvary1_step4_batch_yyy09.pl,v6,no,0.55,no,corr,None,None,None,None
4784,exp_cycles_indvary1_step4_batch_yyy09.pl,c2,yes,1.29,yes,corr,None,None,None,None
4785,exp_cycles_indvary1_step4_batch_yyy09.pl,e3,no,0.4,no,corr,None,None,None,None
4786,exp_cycles_indvary1_step4_batch_yyy09.pl,a3,yes,1.21,yes,corr,None,None,None,None
4787,exp_cycles_indvary1_step4_batch_yyy09.pl,q1,no,5.21,no,corr,None,None,None,None
4788,exp_cycles_indvary1_step4_batch_yyy09.pl,a2,yes,0.4,yes,corr,None,None,None,None
4789,exp_cycles_indvary1_step4_batch_yyy09.pl,a4,no,0.42,no,corr,None,None,None,None
4790,exp_cycles_indvary1_step4_batch_yyy09.pl,x2,yes,0.83,yes,corr,None,None,None,None
4791,exp_cycles_indvary1_step4_batch_yyy10.pl,v7,no,0.72,no,corr,None,None,None,None
4792,exp_cycles_indvary1_step4_batch_yyy10.pl,u1,no,0.43,no,corr,None,None,None,None
4793,exp_cycles_indvary1_step4_batch_yyy10.pl,b5,no,0.61,no,corr,None,None,None,None
4794,exp_cycles_indvary1_step4_batch_yyy10.pl,a1,no,0.33,no,corr,None,None,None,None
4795,exp_cycles_indvary1_step4_batch_yyy10.pl,y6,no,0.22,no,corr,None,None,None,None
4796,exp_cycles_indvary1_step4_batch_yyy10.pl,a4,no,0.65,no,corr,None,None,None,None
4797,exp_cycles_indvary1_step4_batch_yyy10.pl,x2,no,0.56,no,corr,None,None,None,None
4798,exp_cycles_indvary1_step4_batch_yyy10.pl,f5,no,0.49,no,corr,None,None,None,None
4799,exp_cycles_indvary1_step4_batch_yyy10.pl,r3,yes,0.69,yes,corr,None,None,None,None
4800,exp_cycles_indvary1_step4_batch_yyy10.pl,q1,no,0.48,no,corr,None,None,None,None
4801,exp_cycles_indvary1_step5_batch_yyy01.pl,p7,no,0.69,no,corr,None,None,None,None
4802,exp_cycles_indvary1_step5_batch_yyy01.pl,q5,no,0.41,no,corr,None,None,None,None
4803,exp_cycles_indvary1_step5_batch_yyy01.pl,q4,no,0.34,no,corr,None,None,None,None
4804,exp_cycles_indvary1_step5_batch_yyy01.pl,x2,no,0.28,no,corr,None,None,None,None
4805,exp_cycles_indvary1_step5_batch_yyy01.pl,c1,no,0.46,no,corr,None,None,None,None
4806,exp_cycles_indvary1_step5_batch_yyy01.pl,p2,no,70.28,no,corr,None,None,None,None
4807,exp_cycles_indvary1_step5_batch_yyy01.pl,s4,no,0.55,no,corr,None,None,None,None
4808,exp_cycles_indvary1_step5_batch_yyy01.pl,v7,no,0.36,no,corr,None,None,None,None
4809,exp_cycles_indvary1_step5_batch_yyy01.pl,x4,yes,3.61,yes,corr,None,None,None,None
4810,exp_cycles_indvary1_step5_batch_yyy01.pl,w3,yes,0.57,yes,corr,None,None,None,None
4811,exp_cycles_indvary1_step5_batch_yyy02.pl,z5,no,0.62,no,corr,None,None,None,None
4812,exp_cycles_indvary1_step5_batch_yyy02.pl,f1,no,1.28,no,corr,None,None,None,None
4813,exp_cycles_indvary1_step5_batch_yyy02.pl,x7,no,0.58,no,corr,None,None,None,None
4814,exp_cycles_indvary1_step5_batch_yyy02.pl,u3,yes,0.84,yes,corr,None,None,None,None
4815,exp_cycles_indvary1_step5_batch_yyy02.pl,y1,yes,0.58,yes,corr,None,None,None,None
4816,exp_cycles_indvary1_step5_batch_yyy02.pl,p2,no,0.42,no,corr,None,None,None,None
4817,exp_cycles_indvary1_step5_batch_yyy02.pl,c2,yes,0.71,yes,corr,None,None,None,None
4818,exp_cycles_indvary1_step5_batch_yyy02.pl,a5,no,0.47,no,corr,None,None,None,None
4819,exp_cycles_indvary1_step5_batch_yyy02.pl,x5,no,0.52,no,corr,None,None,None,None
4820,exp_cycles_indvary1_step5_batch_yyy02.pl,s6,no,0.61,no,corr,None,None,None,None
4821,exp_cycles_indvary1_step5_batch_yyy03.pl,u4,no,0.82,no,corr,None,None,None,None
4822,exp_cycles_indvary1_step5_batch_yyy03.pl,q4,no,0.43,no,corr,None,None,None,None
4823,exp_cycles_indvary1_step5_batch_yyy03.pl,z2,no,0.44,no,corr,None,None,None,None
4824,exp_cycles_indvary1_step5_batch_yyy03.pl,u3,no,0.51,no,corr,None,None,None,None
4825,exp_cycles_indvary1_step5_batch_yyy03.pl,y1,yes,0.69,yes,corr,None,None,None,None
4826,exp_cycles_indvary1_step5_batch_yyy03.pl,y6,no,0.5,no,corr,None,None,None,None
4827,exp_cycles_indvary1_step5_batch_yyy03.pl,a2,yes,0.53,yes,corr,None,None,None,None
4828,exp_cycles_indvary1_step5_batch_yyy03.pl,q2,no,0.79,no,corr,None,None,None,None
4829,exp_cycles_indvary1_step5_batch_yyy03.pl,p7,no,0.62,no,corr,None,None,None,None
4830,exp_cycles_indvary1_step5_batch_yyy03.pl,x3,no,0.44,no,corr,None,None,None,None
4831,exp_cycles_indvary1_step5_batch_yyy04.pl,s4,no,1.25,no,corr,None,None,None,None
4832,exp_cycles_indvary1_step5_batch_yyy04.pl,v2,no,0.85,no,corr,None,None,None,None
4833,exp_cycles_indvary1_step5_batch_yyy04.pl,p7,no,0.46,no,corr,None,None,None,None
4834,exp_cycles_indvary1_step5_batch_yyy04.pl,u1,yes,0.51,yes,corr,None,None,None,None
4835,exp_cycles_indvary1_step5_batch_yyy04.pl,a4,no,0.65,no,corr,None,None,None,None
4836,exp_cycles_indvary1_step5_batch_yyy04.pl,q1,no,0.31,no,corr,None,None,None,None
4837,exp_cycles_indvary1_step5_batch_yyy04.pl,b4,no,0.25,no,corr,None,None,None,None
4838,exp_cycles_indvary1_step5_batch_yyy04.pl,q5,no,0.28,no,corr,None,None,None,None
4839,exp_cycles_indvary1_step5_batch_yyy04.pl,t2,no,0.39,no,corr,None,None,None,None
4840,exp_cycles_indvary1_step5_batch_yyy04.pl,c6,no,0.53,no,corr,None,None,None,None
4841,exp_cycles_indvary1_step5_batch_yyy05.pl,e1,yes,0.52,yes,corr,None,None,None,None
4842,exp_cycles_indvary1_step5_batch_yyy05.pl,d3,no,0.56,no,corr,None,None,None,None
4843,exp_cycles_indvary1_step5_batch_yyy05.pl,v5,no,0.42,no,corr,None,None,None,None
4844,exp_cycles_indvary1_step5_batch_yyy05.pl,b4,no,0.48,no,corr,None,None,None,None
4845,exp_cycles_indvary1_step5_batch_yyy05.pl,w1,no,0.68,no,corr,None,None,None,None
4846,exp_cycles_indvary1_step5_batch_yyy05.pl,e3,no,0.34,no,corr,None,None,None,None
4847,exp_cycles_indvary1_step5_batch_yyy05.pl,p2,no,3.7,no,corr,None,None,None,None
4848,exp_cycles_indvary1_step5_batch_yyy05.pl,q3,no,0.85,no,corr,None,None,None,None
4849,exp_cycles_indvary1_step5_batch_yyy05.pl,s7,no,0.45,no,corr,None,None,None,None
4850,exp_cycles_indvary1_step5_batch_yyy05.pl,y5,no,0.78,no,corr,None,None,None,None
4851,exp_cycles_indvary1_step5_batch_yyy06.pl,u4,no,1.44,no,corr,None,None,None,None
4852,exp_cycles_indvary1_step5_batch_yyy06.pl,w5,no,0.27,no,corr,None,None,None,None
4853,exp_cycles_indvary1_step5_batch_yyy06.pl,s2,no,1.5,no,corr,None,None,None,None
4854,exp_cycles_indvary1_step5_batch_yyy06.pl,f5,no,0.93,no,corr,None,None,None,None
4855,exp_cycles_indvary1_step5_batch_yyy06.pl,r5,no,0.45,no,corr,None,None,None,None
4856,exp_cycles_indvary1_step5_batch_yyy06.pl,v4,no,0.5,no,corr,None,None,None,None
4857,exp_cycles_indvary1_step5_batch_yyy06.pl,s5,no,0.43,no,corr,None,None,None,None
4858,exp_cycles_indvary1_step5_batch_yyy06.pl,t3,no,0.32,no,corr,None,None,None,None
4859,exp_cycles_indvary1_step5_batch_yyy06.pl,e2,no,0.38,no,corr,None,None,None,None
4860,exp_cycles_indvary1_step5_batch_yyy06.pl,r3,yes,0.42,yes,corr,None,None,None,None
4861,exp_cycles_indvary1_step5_batch_yyy07.pl,u5,no,0.35,no,corr,None,None,None,None
4862,exp_cycles_indvary1_step5_batch_yyy07.pl,y4,no,0.37,no,corr,None,None,None,None
4863,exp_cycles_indvary1_step5_batch_yyy07.pl,v2,no,0.35,no,corr,None,None,None,None
4864,exp_cycles_indvary1_step5_batch_yyy07.pl,p4,yes,0.52,yes,corr,None,None,None,None
4865,exp_cycles_indvary1_step5_batch_yyy07.pl,w2,no,0.47,no,corr,None,None,None,None
4866,exp_cycles_indvary1_step5_batch_yyy07.pl,c5,no,0.55,no,corr,None,None,None,None
4867,exp_cycles_indvary1_step5_batch_yyy07.pl,r5,no,0.51,no,corr,None,None,None,None
4868,exp_cycles_indvary1_step5_batch_yyy07.pl,s6,no,0.72,no,corr,None,None,None,None
4869,exp_cycles_indvary1_step5_batch_yyy07.pl,r7,no,0.72,no,corr,None,None,None,None
4870,exp_cycles_indvary1_step5_batch_yyy07.pl,a2,yes,0.69,yes,corr,None,None,None,None
4871,exp_cycles_indvary1_step5_batch_yyy08.pl,u6,no,0.53,no,corr,None,None,None,None
4872,exp_cycles_indvary1_step5_batch_yyy08.pl,t4,yes,1.47,yes,corr,None,None,None,None
4873,exp_cycles_indvary1_step5_batch_yyy08.pl,a6,no,0.47,no,corr,None,None,None,None
4874,exp_cycles_indvary1_step5_batch_yyy08.pl,d3,no,0.26,no,corr,None,None,None,None
4875,exp_cycles_indvary1_step5_batch_yyy08.pl,t3,yes,0.57,yes,corr,None,None,None,None
4876,exp_cycles_indvary1_step5_batch_yyy08.pl,a5,no,0.38,no,corr,None,None,None,None
4877,exp_cycles_indvary1_step5_batch_yyy08.pl,v1,no,0.23,no,corr,None,None,None,None
4878,exp_cycles_indvary1_step5_batch_yyy08.pl,r3,no,2.66,no,corr,None,None,None,None
4879,exp_cycles_indvary1_step5_batch_yyy08.pl,y6,no,0.78,no,corr,None,None,None,None
4880,exp_cycles_indvary1_step5_batch_yyy08.pl,q2,no,0.59,no,corr,None,None,None,None
4881,exp_cycles_indvary1_step5_batch_yyy09.pl,x3,no,0.4,no,corr,None,None,None,None
4882,exp_cycles_indvary1_step5_batch_yyy09.pl,z1,no,0.25,no,corr,None,None,None,None
4883,exp_cycles_indvary1_step5_batch_yyy09.pl,p3,no,10.82,no,corr,None,None,None,None
4884,exp_cycles_indvary1_step5_batch_yyy09.pl,y2,no,0.47,no,corr,None,None,None,None
4885,exp_cycles_indvary1_step5_batch_yyy09.pl,s7,no,0.62,no,corr,None,None,None,None
4886,exp_cycles_indvary1_step5_batch_yyy09.pl,p6,no,0.5,no,corr,None,None,None,None
4887,exp_cycles_indvary1_step5_batch_yyy09.pl,q5,no,0.55,no,corr,None,None,None,None
4888,exp_cycles_indvary1_step5_batch_yyy09.pl,t3,no,0.44,no,corr,None,None,None,None
4889,exp_cycles_indvary1_step5_batch_yyy09.pl,x5,no,0.37,no,corr,None,None,None,None
4890,exp_cycles_indvary1_step5_batch_yyy09.pl,c6,no,0.26,no,corr,None,None,None,None
4891,exp_cycles_indvary1_step5_batch_yyy10.pl,v2,no,8.38,no,corr,None,None,None,None
4892,exp_cycles_indvary1_step5_batch_yyy10.pl,e5,no,0.41,no,corr,None,None,None,None
4893,exp_cycles_indvary1_step5_batch_yyy10.pl,x7,no,0.66,no,corr,None,None,None,None
4894,exp_cycles_indvary1_step5_batch_yyy10.pl,d2,yes,0.55,yes,corr,None,None,None,None
4895,exp_cycles_indvary1_step5_batch_yyy10.pl,p1,no,1.33,no,corr,None,None,None,None
4896,exp_cycles_indvary1_step5_batch_yyy10.pl,c2,yes,0.37,yes,corr,None,None,None,None
4897,exp_cycles_indvary1_step5_batch_yyy10.pl,a5,no,0.37,no,corr,None,None,None,None
4898,exp_cycles_indvary1_step5_batch_yyy10.pl,t2,no,0.42,no,corr,None,None,None,None
4899,exp_cycles_indvary1_step5_batch_yyy10.pl,s6,no,0.52,no,corr,None,None,None,None
4900,exp_cycles_indvary1_step5_batch_yyy10.pl,b5,no,0.58,no,corr,None,None,None,None
4901,exp_cycles_indvary1_step6_batch_yyy01.pl,u5,yes,1.66,yes,corr,None,None,None,None
4902,exp_cycles_indvary1_step6_batch_yyy01.pl,c3,yes,0.38,yes,corr,None,None,None,None
4903,exp_cycles_indvary1_step6_batch_yyy01.pl,z5,no,0.39,no,corr,None,None,None,None
4904,exp_cycles_indvary1_step6_batch_yyy01.pl,d4,no,0.63,no,corr,None,None,None,None
4905,exp_cycles_indvary1_step6_batch_yyy01.pl,w2,no,0.42,no,corr,None,None,None,None
4906,exp_cycles_indvary1_step6_batch_yyy01.pl,q4,no,0.45,no,corr,None,None,None,None
4907,exp_cycles_indvary1_step6_batch_yyy01.pl,x5,yes,0.73,yes,corr,None,None,None,None
4908,exp_cycles_indvary1_step6_batch_yyy01.pl,q3,no,6.36,no,corr,None,None,None,None
4909,exp_cycles_indvary1_step6_batch_yyy01.pl,r2,no,0.52,no,corr,None,None,None,None
4910,exp_cycles_indvary1_step6_batch_yyy01.pl,a2,yes,0.4,yes,corr,None,None,None,None
4911,exp_cycles_indvary1_step6_batch_yyy02.pl,s3,no,0.41,no,corr,None,None,None,None
4912,exp_cycles_indvary1_step6_batch_yyy02.pl,z5,yes,0.46,yes,corr,None,None,None,None
4913,exp_cycles_indvary1_step6_batch_yyy02.pl,e5,no,0.52,no,corr,None,None,None,None
4914,exp_cycles_indvary1_step6_batch_yyy02.pl,w6,no,0.66,no,corr,None,None,None,None
4915,exp_cycles_indvary1_step6_batch_yyy02.pl,x5,no,0.61,no,corr,None,None,None,None
4916,exp_cycles_indvary1_step6_batch_yyy02.pl,f4,no,0.44,no,corr,None,None,None,None
4917,exp_cycles_indvary1_step6_batch_yyy02.pl,r7,no,0.45,no,corr,None,None,None,None
4918,exp_cycles_indvary1_step6_batch_yyy02.pl,x4,no,0.44,no,corr,None,None,None,None
4919,exp_cycles_indvary1_step6_batch_yyy02.pl,c2,yes,0.52,yes,corr,None,None,None,None
4920,exp_cycles_indvary1_step6_batch_yyy02.pl,a5,no,0.66,no,corr,None,None,None,None
4921,exp_cycles_indvary1_step6_batch_yyy03.pl,t4,no,0.6,no,corr,None,None,None,None
4922,exp_cycles_indvary1_step6_batch_yyy03.pl,v7,no,0.31,no,corr,None,None,None,None
4923,exp_cycles_indvary1_step6_batch_yyy03.pl,x3,yes,0.83,yes,corr,None,None,None,None
4924,exp_cycles_indvary1_step6_batch_yyy03.pl,w6,no,0.45,no,corr,None,None,None,None
4925,exp_cycles_indvary1_step6_batch_yyy03.pl,e4,no,0.62,no,corr,None,None,None,None
4926,exp_cycles_indvary1_step6_batch_yyy03.pl,b5,no,0.35,no,corr,None,None,None,None
4927,exp_cycles_indvary1_step6_batch_yyy03.pl,r2,yes,0.76,yes,corr,None,None,None,None
4928,exp_cycles_indvary1_step6_batch_yyy03.pl,y5,no,0.43,no,corr,None,None,None,None
4929,exp_cycles_indvary1_step6_batch_yyy03.pl,v4,no,3.36,no,corr,None,None,None,None
4930,exp_cycles_indvary1_step6_batch_yyy03.pl,r4,no,0.7,no,corr,None,None,None,None
4931,exp_cycles_indvary1_step6_batch_yyy04.pl,f5,no,0.57,no,corr,None,None,None,None
4932,exp_cycles_indvary1_step6_batch_yyy04.pl,v1,no,0.54,no,corr,None,None,None,None
4933,exp_cycles_indvary1_step6_batch_yyy04.pl,x5,no,0.41,no,corr,None,None,None,None
4934,exp_cycles_indvary1_step6_batch_yyy04.pl,r2,yes,0.65,yes,corr,None,None,None,None
4935,exp_cycles_indvary1_step6_batch_yyy04.pl,v6,no,0.57,no,corr,None,None,None,None
4936,exp_cycles_indvary1_step6_batch_yyy04.pl,u1,yes,0.83,yes,corr,None,None,None,None
4937,exp_cycles_indvary1_step6_batch_yyy04.pl,w4,no,8.06,no,corr,None,None,None,None
4938,exp_cycles_indvary1_step6_batch_yyy04.pl,f3,no,0.66,no,corr,None,None,None,None
4939,exp_cycles_indvary1_step6_batch_yyy04.pl,d1,no,0.73,no,corr,None,None,None,None
4940,exp_cycles_indvary1_step6_batch_yyy04.pl,u2,no,0.42,no,corr,None,None,None,None
4941,exp_cycles_indvary1_step6_batch_yyy05.pl,c3,no,0.54,no,corr,None,None,None,None
4942,exp_cycles_indvary1_step6_batch_yyy05.pl,d3,no,0.75,no,corr,None,None,None,None
4943,exp_cycles_indvary1_step6_batch_yyy05.pl,v5,no,0.59,no,corr,None,None,None,None
4944,exp_cycles_indvary1_step6_batch_yyy05.pl,x7,no,0.62,no,corr,None,None,None,None
4945,exp_cycles_indvary1_step6_batch_yyy05.pl,a4,no,0.38,no,corr,None,None,None,None
4946,exp_cycles_indvary1_step6_batch_yyy05.pl,s1,no,0.34,no,corr,None,None,None,None
4947,exp_cycles_indvary1_step6_batch_yyy05.pl,a6,no,0.35,no,corr,None,None,None,None
4948,exp_cycles_indvary1_step6_batch_yyy05.pl,y4,yes,0.52,yes,corr,None,None,None,None
4949,exp_cycles_indvary1_step6_batch_yyy05.pl,q7,no,0.38,no,corr,None,None,None,None
4950,exp_cycles_indvary1_step6_batch_yyy05.pl,y5,no,0.54,no,corr,None,None,None,None
4951,exp_cycles_indvary1_step6_batch_yyy06.pl,u6,no,0.44,no,corr,None,None,None,None
4952,exp_cycles_indvary1_step6_batch_yyy06.pl,z6,no,0.51,no,corr,None,None,None,None
4953,exp_cycles_indvary1_step6_batch_yyy06.pl,y4,no,2.01,no,corr,None,None,None,None
4954,exp_cycles_indvary1_step6_batch_yyy06.pl,x2,no,0.28,no,corr,None,None,None,None
4955,exp_cycles_indvary1_step6_batch_yyy06.pl,f3,no,0.46,no,corr,None,None,None,None
4956,exp_cycles_indvary1_step6_batch_yyy06.pl,e3,no,0.37,no,corr,None,None,None,None
4957,exp_cycles_indvary1_step6_batch_yyy06.pl,p2,no,0.55,no,corr,None,None,None,None
4958,exp_cycles_indvary1_step6_batch_yyy06.pl,q6,no,0.58,no,corr,None,None,None,None
4959,exp_cycles_indvary1_step6_batch_yyy06.pl,z5,no,0.34,no,corr,None,None,None,None
4960,exp_cycles_indvary1_step6_batch_yyy06.pl,v2,no,0.32,no,corr,None,None,None,None
4961,exp_cycles_indvary1_step6_batch_yyy07.pl,u5,yes,0.46,yes,corr,None,None,None,None
4962,exp_cycles_indvary1_step6_batch_yyy07.pl,z6,no,0.52,no,corr,None,None,None,None
4963,exp_cycles_indvary1_step6_batch_yyy07.pl,p5,no,0.45,no,corr,None,None,None,None
4964,exp_cycles_indvary1_step6_batch_yyy07.pl,q4,no,0.59,no,corr,None,None,None,None
4965,exp_cycles_indvary1_step6_batch_yyy07.pl,b5,no,0.37,no,corr,None,None,None,None
4966,exp_cycles_indvary1_step6_batch_yyy07.pl,p2,no,0.33,no,corr,None,None,None,None
4967,exp_cycles_indvary1_step6_batch_yyy07.pl,y2,no,0.96,no,corr,None,None,None,None
4968,exp_cycles_indvary1_step6_batch_yyy07.pl,r2,yes,0.53,yes,corr,None,None,None,None
4969,exp_cycles_indvary1_step6_batch_yyy07.pl,w2,yes,1.08,yes,corr,None,None,None,None
4970,exp_cycles_indvary1_step6_batch_yyy07.pl,r6,no,0.56,no,corr,None,None,None,None
4971,exp_cycles_indvary1_step6_batch_yyy08.pl,z6,no,0.61,no,corr,None,None,None,None
4972,exp_cycles_indvary1_step6_batch_yyy08.pl,p4,yes,0.65,yes,corr,None,None,None,None
4973,exp_cycles_indvary1_step6_batch_yyy08.pl,w4,no,0.67,no,corr,None,None,None,None
4974,exp_cycles_indvary1_step6_batch_yyy08.pl,z2,no,0.44,no,corr,None,None,None,None
4975,exp_cycles_indvary1_step6_batch_yyy08.pl,e3,no,0.78,no,corr,None,None,None,None
4976,exp_cycles_indvary1_step6_batch_yyy08.pl,x1,yes,0.37,yes,corr,None,None,None,None
4977,exp_cycles_indvary1_step6_batch_yyy08.pl,p1,no,0.47,no,corr,None,None,None,None
4978,exp_cycles_indvary1_step6_batch_yyy08.pl,f2,no,0.33,no,corr,None,None,None,None
4979,exp_cycles_indvary1_step6_batch_yyy08.pl,z5,no,0.51,no,corr,None,None,None,None
4980,exp_cycles_indvary1_step6_batch_yyy08.pl,v2,no,2.68,no,corr,None,None,None,None
4981,exp_cycles_indvary1_step6_batch_yyy09.pl,s3,no,0.49,no,corr,None,None,None,None
4982,exp_cycles_indvary1_step6_batch_yyy09.pl,d4,no,0.41,no,corr,None,None,None,None
4983,exp_cycles_indvary1_step6_batch_yyy09.pl,v5,no,0.62,no,corr,None,None,None,None
4984,exp_cycles_indvary1_step6_batch_yyy09.pl,w6,no,0.58,no,corr,None,None,None,None
4985,exp_cycles_indvary1_step6_batch_yyy09.pl,s1,no,0.72,no,corr,None,None,None,None
4986,exp_cycles_indvary1_step6_batch_yyy09.pl,p2,no,0.39,no,corr,None,None,None,None
4987,exp_cycles_indvary1_step6_batch_yyy09.pl,z3,no,2.76,no,corr,None,None,None,None
4988,exp_cycles_indvary1_step6_batch_yyy09.pl,v3,no,0.41,no,corr,None,None,None,None
4989,exp_cycles_indvary1_step6_batch_yyy09.pl,c2,no,0.3,no,corr,None,None,None,None
4990,exp_cycles_indvary1_step6_batch_yyy09.pl,a5,no,0.36,no,corr,None,None,None,None
4991,exp_cycles_indvary1_step6_batch_yyy10.pl,a6,no,0.58,no,corr,None,None,None,None
4992,exp_cycles_indvary1_step6_batch_yyy10.pl,v2,no,12.16,no,corr,None,None,None,None
4993,exp_cycles_indvary1_step6_batch_yyy10.pl,t6,no,0.68,no,corr,None,None,None,None
4994,exp_cycles_indvary1_step6_batch_yyy10.pl,w1,no,19.6,no,corr,None,None,None,None
4995,exp_cycles_indvary1_step6_batch_yyy10.pl,e3,no,0.61,no,corr,None,None,None,None
4996,exp_cycles_indvary1_step6_batch_yyy10.pl,r1,no,0.53,no,corr,None,None,None,None
4997,exp_cycles_indvary1_step6_batch_yyy10.pl,z4,no,0.22,no,corr,None,None,None,None
4998,exp_cycles_indvary1_step6_batch_yyy10.pl,r5,no,9.93,no,corr,None,None,None,None
4999,exp_cycles_indvary1_step6_batch_yyy10.pl,u2,no,2.15,no,corr,None,None,None,None
5000,exp_cycles_indvary1_step6_batch_yyy10.pl,q1,no,0.6,no,corr,None,None,None,None
5001,exp_cycles_indvary1_step7_batch_yyy01.pl,c4,no,0.6,no,corr,None,None,None,None
5002,exp_cycles_indvary1_step7_batch_yyy01.pl,u4,yes,0.74,yes,corr,None,None,None,None
5003,exp_cycles_indvary1_step7_batch_yyy01.pl,s2,no,0.55,no,corr,None,None,None,None
5004,exp_cycles_indvary1_step7_batch_yyy01.pl,f5,no,0.33,no,corr,None,None,None,None
5005,exp_cycles_indvary1_step7_batch_yyy01.pl,r2,no,0.46,no,corr,None,None,None,None
5006,exp_cycles_indvary1_step7_batch_yyy01.pl,w3,no,0.31,no,corr,None,None,None,None
5007,exp_cycles_indvary1_step7_batch_yyy01.pl,f1,no,0.52,no,corr,None,None,None,None
5008,exp_cycles_indvary1_step7_batch_yyy01.pl,e5,no,0.36,no,corr,None,None,None,None
5009,exp_cycles_indvary1_step7_batch_yyy01.pl,s6,no,0.41,no,corr,None,None,None,None
5010,exp_cycles_indvary1_step7_batch_yyy01.pl,b5,no,0.29,no,corr,None,None,None,None
5011,exp_cycles_indvary1_step7_batch_yyy02.pl,w7,no,0.45,no,corr,None,None,None,None
5012,exp_cycles_indvary1_step7_batch_yyy02.pl,p7,no,0.42,no,corr,None,None,None,None
5013,exp_cycles_indvary1_step7_batch_yyy02.pl,w2,no,0.45,no,corr,None,None,None,None
5014,exp_cycles_indvary1_step7_batch_yyy02.pl,a5,no,0.62,no,corr,None,None,None,None
5015,exp_cycles_indvary1_step7_batch_yyy02.pl,a4,no,0.44,no,corr,None,None,None,None
5016,exp_cycles_indvary1_step7_batch_yyy02.pl,s6,no,0.66,no,corr,None,None,None,None
5017,exp_cycles_indvary1_step7_batch_yyy02.pl,r1,no,0.56,no,corr,None,None,None,None
5018,exp_cycles_indvary1_step7_batch_yyy02.pl,f2,yes,0.48,yes,corr,None,None,None,None
5019,exp_cycles_indvary1_step7_batch_yyy02.pl,y2,yes,0.47,yes,corr,None,None,None,None
5020,exp_cycles_indvary1_step7_batch_yyy02.pl,x6,no,0.65,no,corr,None,None,None,None
5021,exp_cycles_indvary1_step7_batch_yyy03.pl,u6,no,0.76,no,corr,None,None,None,None
5022,exp_cycles_indvary1_step7_batch_yyy03.pl,c4,no,0.77,no,corr,None,None,None,None
5023,exp_cycles_indvary1_step7_batch_yyy03.pl,v2,no,0.31,no,corr,None,None,None,None
5024,exp_cycles_indvary1_step7_batch_yyy03.pl,u1,no,1.3,no,corr,None,None,None,None
5025,exp_cycles_indvary1_step7_batch_yyy03.pl,d3,no,0.4,no,corr,None,None,None,None
5026,exp_cycles_indvary1_step7_batch_yyy03.pl,a5,no,0.51,no,corr,None,None,None,None
5027,exp_cycles_indvary1_step7_batch_yyy03.pl,d2,yes,0.61,yes,corr,None,None,None,None
5028,exp_cycles_indvary1_step7_batch_yyy03.pl,f4,no,0.47,no,corr,None,None,None,None
5029,exp_cycles_indvary1_step7_batch_yyy03.pl,w3,yes,0.43,yes,corr,None,None,None,None
5030,exp_cycles_indvary1_step7_batch_yyy03.pl,q2,no,1.58,no,corr,None,None,None,None
5031,exp_cycles_indvary1_step7_batch_yyy04.pl,z6,no,0.39,no,corr,None,None,None,None
5032,exp_cycles_indvary1_step7_batch_yyy04.pl,b5,no,0.47,no,corr,None,None,None,None
5033,exp_cycles_indvary1_step7_batch_yyy04.pl,r2,no,0.75,no,corr,None,None,None,None
5034,exp_cycles_indvary1_step7_batch_yyy04.pl,a2,no,0.69,no,corr,None,None,None,None
5035,exp_cycles_indvary1_step7_batch_yyy04.pl,r6,no,0.59,no,corr,None,None,None,None
5036,exp_cycles_indvary1_step7_batch_yyy04.pl,f1,no,0.58,no,corr,None,None,None,None
5037,exp_cycles_indvary1_step7_batch_yyy04.pl,t6,no,0.47,no,corr,None,None,None,None
5038,exp_cycles_indvary1_step7_batch_yyy04.pl,b1,yes,0.62,yes,corr,None,None,None,None
5039,exp_cycles_indvary1_step7_batch_yyy04.pl,e2,yes,0.68,yes,corr,None,None,None,None
5040,exp_cycles_indvary1_step7_batch_yyy04.pl,d1,yes,0.48,yes,corr,None,None,None,None
5041,exp_cycles_indvary1_step7_batch_yyy05.pl,d5,no,0.51,no,corr,None,None,None,None
5042,exp_cycles_indvary1_step7_batch_yyy05.pl,c3,yes,0.66,yes,corr,None,None,None,None
5043,exp_cycles_indvary1_step7_batch_yyy05.pl,e1,yes,0.41,yes,corr,None,None,None,None
5044,exp_cycles_indvary1_step7_batch_yyy05.pl,t3,no,0.67,no,corr,None,None,None,None
5045,exp_cycles_indvary1_step7_batch_yyy05.pl,c2,no,0.43,no,corr,None,None,None,None
5046,exp_cycles_indvary1_step7_batch_yyy05.pl,r5,no,2.56,no,corr,None,None,None,None
5047,exp_cycles_indvary1_step7_batch_yyy05.pl,s1,no,0.53,no,corr,None,None,None,None
5048,exp_cycles_indvary1_step7_batch_yyy05.pl,p6,no,1.78,no,corr,None,None,None,None
5049,exp_cycles_indvary1_step7_batch_yyy05.pl,d1,no,0.6,no,corr,None,None,None,None
5050,exp_cycles_indvary1_step7_batch_yyy05.pl,q1,no,0.41,no,corr,None,None,None,None
5051,exp_cycles_indvary1_step7_batch_yyy06.pl,y4,no,0.42,no,corr,None,None,None,None
5052,exp_cycles_indvary1_step7_batch_yyy06.pl,u7,no,0.37,no,corr,None,None,None,None
5053,exp_cycles_indvary1_step7_batch_yyy06.pl,q5,no,0.54,no,corr,None,None,None,None
5054,exp_cycles_indvary1_step7_batch_yyy06.pl,c2,no,0.61,no,corr,None,None,None,None
5055,exp_cycles_indvary1_step7_batch_yyy06.pl,a4,no,0.82,no,corr,None,None,None,None
5056,exp_cycles_indvary1_step7_batch_yyy06.pl,p3,yes,0.74,yes,corr,None,None,None,None
5057,exp_cycles_indvary1_step7_batch_yyy06.pl,f4,no,0.39,no,corr,None,None,None,None
5058,exp_cycles_indvary1_step7_batch_yyy06.pl,q3,no,1.16,no,corr,None,None,None,None
5059,exp_cycles_indvary1_step7_batch_yyy06.pl,p4,no,0.53,no,corr,None,None,None,None
5060,exp_cycles_indvary1_step7_batch_yyy06.pl,d4,no,0.62,no,corr,None,None,None,None
5061,exp_cycles_indvary1_step7_batch_yyy07.pl,d5,no,0.67,no,corr,None,None,None,None
5062,exp_cycles_indvary1_step7_batch_yyy07.pl,c4,no,0.6,no,corr,None,None,None,None
5063,exp_cycles_indvary1_step7_batch_yyy07.pl,z5,yes,0.43,yes,corr,None,None,None,None
5064,exp_cycles_indvary1_step7_batch_yyy07.pl,u7,no,0.31,no,corr,None,None,None,None
5065,exp_cycles_indvary1_step7_batch_yyy07.pl,w6,no,0.5,no,corr,None,None,None,None
5066,exp_cycles_indvary1_step7_batch_yyy07.pl,v4,no,0.56,no,corr,None,None,None,None
5067,exp_cycles_indvary1_step7_batch_yyy07.pl,r3,yes,0.64,yes,corr,None,None,None,None
5068,exp_cycles_indvary1_step7_batch_yyy07.pl,q7,no,0.54,no,corr,None,None,None,None
5069,exp_cycles_indvary1_step7_batch_yyy07.pl,s4,no,0.55,no,corr,None,None,None,None
5070,exp_cycles_indvary1_step7_batch_yyy07.pl,y4,no,0.34,no,corr,None,None,None,None
5071,exp_cycles_indvary1_step7_batch_yyy08.pl,t5,no,0.89,no,corr,None,None,None,None
5072,exp_cycles_indvary1_step7_batch_yyy08.pl,s4,no,0.36,no,corr,None,None,None,None
5073,exp_cycles_indvary1_step7_batch_yyy08.pl,b4,no,0.23,no,corr,None,None,None,None
5074,exp_cycles_indvary1_step7_batch_yyy08.pl,y3,no,0.39,no,corr,None,None,None,None
5075,exp_cycles_indvary1_step7_batch_yyy08.pl,y1,no,0.42,no,corr,None,None,None,None
5076,exp_cycles_indvary1_step7_batch_yyy08.pl,y6,no,3.22,no,corr,None,None,None,None
5077,exp_cycles_indvary1_step7_batch_yyy08.pl,p4,no,0.29,no,corr,None,None,None,None
5078,exp_cycles_indvary1_step7_batch_yyy08.pl,x3,no,0.64,no,corr,None,None,None,None
5079,exp_cycles_indvary1_step7_batch_yyy08.pl,q3,no,0.52,no,corr,None,None,None,None
5080,exp_cycles_indvary1_step7_batch_yyy08.pl,x1,no,0.35,no,corr,None,None,None,None
5081,exp_cycles_indvary1_step7_batch_yyy09.pl,e5,no,0.35,no,corr,None,None,None,None
5082,exp_cycles_indvary1_step7_batch_yyy09.pl,y3,no,0.52,no,corr,None,None,None,None
5083,exp_cycles_indvary1_step7_batch_yyy09.pl,t2,no,0.47,no,corr,None,None,None,None
5084,exp_cycles_indvary1_step7_batch_yyy09.pl,s1,no,0.51,no,corr,None,None,None,None
5085,exp_cycles_indvary1_step7_batch_yyy09.pl,u2,yes,3.18,yes,corr,None,None,None,None
5086,exp_cycles_indvary1_step7_batch_yyy09.pl,p6,no,0.26,no,corr,None,None,None,None
5087,exp_cycles_indvary1_step7_batch_yyy09.pl,x7,no,0.47,no,corr,None,None,None,None
5088,exp_cycles_indvary1_step7_batch_yyy09.pl,q4,no,0.28,no,corr,None,None,None,None
5089,exp_cycles_indvary1_step7_batch_yyy09.pl,v1,no,1.11,no,corr,None,None,None,None
5090,exp_cycles_indvary1_step7_batch_yyy09.pl,w1,yes,1.28,yes,corr,None,None,None,None
5091,exp_cycles_indvary1_step7_batch_yyy10.pl,t3,yes,0.67,yes,corr,None,None,None,None
5092,exp_cycles_indvary1_step7_batch_yyy10.pl,a4,no,0.24,no,corr,None,None,None,None
5093,exp_cycles_indvary1_step7_batch_yyy10.pl,v1,yes,0.31,yes,corr,None,None,None,None
5094,exp_cycles_indvary1_step7_batch_yyy10.pl,b5,no,0.53,no,corr,None,None,None,None
5095,exp_cycles_indvary1_step7_batch_yyy10.pl,p2,no,0.6,no,corr,None,None,None,None
5096,exp_cycles_indvary1_step7_batch_yyy10.pl,z3,no,0.6,no,corr,None,None,None,None
5097,exp_cycles_indvary1_step7_batch_yyy10.pl,v4,no,0.4,no,corr,None,None,None,None
5098,exp_cycles_indvary1_step7_batch_yyy10.pl,r4,no,0.58,no,corr,None,None,None,None
5099,exp_cycles_indvary1_step7_batch_yyy10.pl,s7,no,0.69,no,corr,None,None,None,None
5100,exp_cycles_indvary1_step7_batch_yyy10.pl,r7,no,0.45,no,corr,None,None,None,None
5101,exp_cycles_indvary1_step8_batch_yyy01.pl,a6,no,0.51,no,corr,None,None,None,None
5102,exp_cycles_indvary1_step8_batch_yyy01.pl,u4,no,0.33,no,corr,None,None,None,None
5103,exp_cycles_indvary1_step8_batch_yyy01.pl,t6,no,0.49,no,corr,None,None,None,None
5104,exp_cycles_indvary1_step8_batch_yyy01.pl,p3,no,0.54,no,corr,None,None,None,None
5105,exp_cycles_indvary1_step8_batch_yyy01.pl,b5,no,0.72,no,corr,None,None,None,None
5106,exp_cycles_indvary1_step8_batch_yyy01.pl,p2,no,0.74,no,corr,None,None,None,None
5107,exp_cycles_indvary1_step8_batch_yyy01.pl,v3,no,0.67,no,corr,None,None,None,None
5108,exp_cycles_indvary1_step8_batch_yyy01.pl,y5,no,0.53,no,corr,None,None,None,None
5109,exp_cycles_indvary1_step8_batch_yyy01.pl,y3,no,0.43,no,corr,None,None,None,None
5110,exp_cycles_indvary1_step8_batch_yyy01.pl,e4,no,0.59,no,corr,None,None,None,None
5111,exp_cycles_indvary1_step8_batch_yyy02.pl,s3,no,0.7,no,corr,None,None,None,None
5112,exp_cycles_indvary1_step8_batch_yyy02.pl,b2,yes,0.45,yes,corr,None,None,None,None
5113,exp_cycles_indvary1_step8_batch_yyy02.pl,y4,no,6.4,no,corr,None,None,None,None
5114,exp_cycles_indvary1_step8_batch_yyy02.pl,p5,no,0.4,no,corr,None,None,None,None
5115,exp_cycles_indvary1_step8_batch_yyy02.pl,f1,no,0.71,no,corr,None,None,None,None
5116,exp_cycles_indvary1_step8_batch_yyy02.pl,w1,no,0.83,no,corr,None,None,None,None
5117,exp_cycles_indvary1_step8_batch_yyy02.pl,a1,no,0.63,no,corr,None,None,None,None
5118,exp_cycles_indvary1_step8_batch_yyy02.pl,u2,no,0.49,no,corr,None,None,None,None
5119,exp_cycles_indvary1_step8_batch_yyy02.pl,z1,no,1.04,no,corr,None,None,None,None
5120,exp_cycles_indvary1_step8_batch_yyy02.pl,c2,yes,0.4,yes,corr,None,None,None,None
5121,exp_cycles_indvary1_step8_batch_yyy03.pl,u7,no,0.62,no,corr,None,None,None,None
5122,exp_cycles_indvary1_step8_batch_yyy03.pl,f5,no,0.33,no,corr,None,None,None,None
5123,exp_cycles_indvary1_step8_batch_yyy03.pl,e4,no,0.39,no,corr,None,None,None,None
5124,exp_cycles_indvary1_step8_batch_yyy03.pl,w4,yes,0.82,yes,corr,None,None,None,None
5125,exp_cycles_indvary1_step8_batch_yyy03.pl,r3,yes,0.43,yes,corr,None,None,None,None
5126,exp_cycles_indvary1_step8_batch_yyy03.pl,q2,no,0.4,no,corr,None,None,None,None
5127,exp_cycles_indvary1_step8_batch_yyy03.pl,v1,yes,0.65,yes,corr,None,None,None,None
5128,exp_cycles_indvary1_step8_batch_yyy03.pl,w1,no,0.47,no,corr,None,None,None,None
5129,exp_cycles_indvary1_step8_batch_yyy03.pl,t2,no,0.39,no,corr,None,None,None,None
5130,exp_cycles_indvary1_step8_batch_yyy03.pl,b5,no,0.43,no,corr,None,None,None,None
5131,exp_cycles_indvary1_step8_batch_yyy04.pl,s4,no,0.55,no,corr,None,None,None,None
5132,exp_cycles_indvary1_step8_batch_yyy04.pl,w5,no,0.55,no,corr,None,None,None,None
5133,exp_cycles_indvary1_step8_batch_yyy04.pl,w1,yes,3.6,yes,corr,None,None,None,None
5134,exp_cycles_indvary1_step8_batch_yyy04.pl,f3,no,0.82,no,corr,None,None,None,None
5135,exp_cycles_indvary1_step8_batch_yyy04.pl,u3,no,0.85,no,corr,None,None,None,None
5136,exp_cycles_indvary1_step8_batch_yyy04.pl,v3,no,0.41,no,corr,None,None,None,None
5137,exp_cycles_indvary1_step8_batch_yyy04.pl,w3,no,0.3,no,corr,None,None,None,None
5138,exp_cycles_indvary1_step8_batch_yyy04.pl,q2,no,0.37,no,corr,None,None,None,None
5139,exp_cycles_indvary1_step8_batch_yyy04.pl,s1,no,0.41,no,corr,None,None,None,None
5140,exp_cycles_indvary1_step8_batch_yyy04.pl,r1,no,1.75,no,corr,None,None,None,None
5141,exp_cycles_indvary1_step8_batch_yyy05.pl,a6,no,0.41,no,corr,None,None,None,None
5142,exp_cycles_indvary1_step8_batch_yyy05.pl,e1,yes,0.28,yes,corr,None,None,None,None
5143,exp_cycles_indvary1_step8_batch_yyy05.pl,p5,yes,0.62,yes,corr,None,None,None,None
5144,exp_cycles_indvary1_step8_batch_yyy05.pl,w2,no,0.41,no,corr,None,None,None,None
5145,exp_cycles_indvary1_step8_batch_yyy05.pl,t3,no,0.5,no,corr,None,None,None,None
5146,exp_cycles_indvary1_step8_batch_yyy05.pl,s1,no,0.37,no,corr,None,None,None,None
5147,exp_cycles_indvary1_step8_batch_yyy05.pl,f4,no,0.56,no,corr,None,None,None,None
5148,exp_cycles_indvary1_step8_batch_yyy05.pl,r3,no,0.41,no,corr,None,None,None,None
5149,exp_cycles_indvary1_step8_batch_yyy05.pl,t5,yes,0.55,yes,corr,None,None,None,None
5150,exp_cycles_indvary1_step8_batch_yyy05.pl,c4,no,0.44,no,corr,None,None,None,None
5151,exp_cycles_indvary1_step8_batch_yyy06.pl,u5,no,0.23,no,corr,None,None,None,None
5152,exp_cycles_indvary1_step8_batch_yyy06.pl,y4,no,0.39,no,corr,None,None,None,None
5153,exp_cycles_indvary1_step8_batch_yyy06.pl,d3,no,0.47,no,corr,None,None,None,None
5154,exp_cycles_indvary1_step8_batch_yyy06.pl,u7,no,5.55,no,corr,None,None,None,None
5155,exp_cycles_indvary1_step8_batch_yyy06.pl,e4,no,0.6,no,corr,None,None,None,None
5156,exp_cycles_indvary1_step8_batch_yyy06.pl,c6,no,0.53,no,corr,None,None,None,None
5157,exp_cycles_indvary1_step8_batch_yyy06.pl,v4,no,0.35,no,corr,None,None,None,None
5158,exp_cycles_indvary1_step8_batch_yyy06.pl,p2,no,0.6,no,corr,None,None,None,None
5159,exp_cycles_indvary1_step8_batch_yyy06.pl,x6,no,0.82,no,corr,None,None,None,None
5160,exp_cycles_indvary1_step8_batch_yyy06.pl,e2,yes,0.26,yes,corr,None,None,None,None
5161,exp_cycles_indvary1_step8_batch_yyy07.pl,w7,no,0.49,no,corr,None,None,None,None
5162,exp_cycles_indvary1_step8_batch_yyy07.pl,v2,no,0.52,no,corr,None,None,None,None
5163,exp_cycles_indvary1_step8_batch_yyy07.pl,u1,no,0.55,no,corr,None,None,None,None
5164,exp_cycles_indvary1_step8_batch_yyy07.pl,q4,no,0.53,no,corr,None,None,None,None
5165,exp_cycles_indvary1_step8_batch_yyy07.pl,e3,no,0.48,no,corr,None,None,None,None
5166,exp_cycles_indvary1_step8_batch_yyy07.pl,y1,no,0.4,no,corr,None,None,None,None
5167,exp_cycles_indvary1_step8_batch_yyy07.pl,y2,no,0.7,no,corr,None,None,None,None
5168,exp_cycles_indvary1_step8_batch_yyy07.pl,x1,no,0.59,no,corr,None,None,None,None
5169,exp_cycles_indvary1_step8_batch_yyy07.pl,b6,no,0.46,no,corr,None,None,None,None
5170,exp_cycles_indvary1_step8_batch_yyy07.pl,a1,yes,0.47,yes,corr,None,None,None,None
5171,exp_cycles_indvary1_step8_batch_yyy08.pl,w7,no,0.27,no,corr,None,None,None,None
5172,exp_cycles_indvary1_step8_batch_yyy08.pl,p4,no,0.41,no,corr,None,None,None,None
5173,exp_cycles_indvary1_step8_batch_yyy08.pl,e5,no,0.35,no,corr,None,None,None,None
5174,exp_cycles_indvary1_step8_batch_yyy08.pl,w5,no,0.3,no,corr,None,None,None,None
5175,exp_cycles_indvary1_step8_batch_yyy08.pl,z1,no,0.25,no,corr,None,None,None,None
5176,exp_cycles_indvary1_step8_batch_yyy08.pl,f5,no,0.64,no,corr,None,None,None,None
5177,exp_cycles_indvary1_step8_batch_yyy08.pl,y2,no,1.01,no,corr,None,None,None,None
5178,exp_cycles_indvary1_step8_batch_yyy08.pl,e2,yes,0.4,yes,corr,None,None,None,None
5179,exp_cycles_indvary1_step8_batch_yyy08.pl,q7,no,0.54,no,corr,None,None,None,None
5180,exp_cycles_indvary1_step8_batch_yyy08.pl,q2,no,0.41,no,corr,None,None,None,None
5181,exp_cycles_indvary1_step8_batch_yyy09.pl,b2,no,0.63,no,corr,None,None,None,None
5182,exp_cycles_indvary1_step8_batch_yyy09.pl,s5,no,0.49,no,corr,None,None,None,None
5183,exp_cycles_indvary1_step8_batch_yyy09.pl,a5,no,0.49,no,corr,None,None,None,None
5184,exp_cycles_indvary1_step8_batch_yyy09.pl,v1,no,0.46,no,corr,None,None,None,None
5185,exp_cycles_indvary1_step8_batch_yyy09.pl,p2,no,0.76,no,corr,None,None,None,None
5186,exp_cycles_indvary1_step8_batch_yyy09.pl,c3,yes,0.49,yes,corr,None,None,None,None
5187,exp_cycles_indvary1_step8_batch_yyy09.pl,t5,no,0.58,no,corr,None,None,None,None
5188,exp_cycles_indvary1_step8_batch_yyy09.pl,c1,yes,1.58,yes,corr,None,None,None,None
5189,exp_cycles_indvary1_step8_batch_yyy09.pl,t2,no,0.46,no,corr,None,None,None,None
5190,exp_cycles_indvary1_step8_batch_yyy09.pl,z2,no,0.77,no,corr,None,None,None,None
5191,exp_cycles_indvary1_step8_batch_yyy10.pl,a6,no,0.56,no,corr,None,None,None,None
5192,exp_cycles_indvary1_step8_batch_yyy10.pl,x7,yes,0.69,yes,corr,None,None,None,None
5193,exp_cycles_indvary1_step8_batch_yyy10.pl,a4,no,0.55,no,corr,None,None,None,None
5194,exp_cycles_indvary1_step8_batch_yyy10.pl,z4,no,0.73,no,corr,None,None,None,None
5195,exp_cycles_indvary1_step8_batch_yyy10.pl,x6,yes,0.55,yes,corr,None,None,None,None
5196,exp_cycles_indvary1_step8_batch_yyy10.pl,a1,yes,0.36,yes,corr,None,None,None,None
5197,exp_cycles_indvary1_step8_batch_yyy10.pl,d1,yes,0.38,yes,corr,None,None,None,None
5198,exp_cycles_indvary1_step8_batch_yyy10.pl,a2,yes,0.7,yes,corr,None,None,None,None
5199,exp_cycles_indvary1_step8_batch_yyy10.pl,f4,no,0.61,no,corr,None,None,None,None
5200,exp_cycles_indvary1_step8_batch_yyy10.pl,a3,no,0.36,no,corr,None,None,None,None
5201,exp_cycles_indvary2_step1_batch_yyy01.pl,b2,no,38.96,no,corr,None,None,None,None
5202,exp_cycles_indvary2_step1_batch_yyy01.pl,b3,no,28.96,no,corr,None,None,None,None
5203,exp_cycles_indvary2_step1_batch_yyy01.pl,z4,no,0.56,no,corr,None,None,None,None
5204,exp_cycles_indvary2_step1_batch_yyy01.pl,q7,no,0.4,no,corr,None,None,None,None
5205,exp_cycles_indvary2_step1_batch_yyy01.pl,p4,no,0.5,no,corr,None,None,None,None
5206,exp_cycles_indvary2_step1_batch_yyy01.pl,d4,no,0.47,no,corr,None,None,None,None
5207,exp_cycles_indvary2_step1_batch_yyy01.pl,c5,no,0.69,no,corr,None,None,None,None
5208,exp_cycles_indvary2_step1_batch_yyy01.pl,c2,no,0.62,no,corr,None,None,None,None
5209,exp_cycles_indvary2_step1_batch_yyy01.pl,s7,no,0.29,no,corr,None,None,None,None
5210,exp_cycles_indvary2_step1_batch_yyy01.pl,a1,yes,2.98,yes,corr,None,None,None,None
5211,exp_cycles_indvary2_step1_batch_yyy02.pl,s4,no,0.51,no,corr,None,None,None,None
5212,exp_cycles_indvary2_step1_batch_yyy02.pl,z5,no,0.35,no,corr,None,None,None,None
5213,exp_cycles_indvary2_step1_batch_yyy02.pl,w5,no,0.36,no,corr,None,None,None,None
5214,exp_cycles_indvary2_step1_batch_yyy02.pl,q4,no,0.37,no,corr,None,None,None,None
5215,exp_cycles_indvary2_step1_batch_yyy02.pl,a4,no,0.51,no,corr,None,None,None,None
5216,exp_cycles_indvary2_step1_batch_yyy02.pl,d2,no,0.81,no,corr,None,None,None,None
5217,exp_cycles_indvary2_step1_batch_yyy02.pl,p2,no,0.54,no,corr,None,None,None,None
5218,exp_cycles_indvary2_step1_batch_yyy02.pl,v3,no,0.52,no,corr,None,None,None,None
5219,exp_cycles_indvary2_step1_batch_yyy02.pl,r3,yes,0.5,yes,corr,None,None,None,None
5220,exp_cycles_indvary2_step1_batch_yyy02.pl,q2,yes,0.5,yes,corr,None,None,None,None
5221,exp_cycles_indvary2_step1_batch_yyy03.pl,u5,no,0.37,no,corr,None,None,None,None
5222,exp_cycles_indvary2_step1_batch_yyy03.pl,c3,yes,0.39,yes,corr,None,None,None,None
5223,exp_cycles_indvary2_step1_batch_yyy03.pl,b2,no,0.33,no,corr,None,None,None,None
5224,exp_cycles_indvary2_step1_batch_yyy03.pl,a6,no,0.45,no,corr,None,None,None,None
5225,exp_cycles_indvary2_step1_batch_yyy03.pl,r6,no,0.49,no,corr,None,None,None,None
5226,exp_cycles_indvary2_step1_batch_yyy03.pl,r5,no,0.43,no,corr,None,None,None,None
5227,exp_cycles_indvary2_step1_batch_yyy03.pl,w1,no,0.44,no,corr,None,None,None,None
5228,exp_cycles_indvary2_step1_batch_yyy03.pl,w4,no,0.26,no,corr,None,None,None,None
5229,exp_cycles_indvary2_step1_batch_yyy03.pl,v4,no,0.51,no,corr,None,None,None,None
5230,exp_cycles_indvary2_step1_batch_yyy03.pl,a1,no,0.62,no,corr,None,None,None,None
5231,exp_cycles_indvary2_step1_batch_yyy04.pl,z6,no,0.6,no,corr,None,None,None,None
5232,exp_cycles_indvary2_step1_batch_yyy04.pl,r6,no,0.32,no,corr,None,None,None,None
5233,exp_cycles_indvary2_step1_batch_yyy04.pl,x7,no,0.26,no,corr,None,None,None,None
5234,exp_cycles_indvary2_step1_batch_yyy04.pl,r1,yes,0.57,yes,corr,None,None,None,None
5235,exp_cycles_indvary2_step1_batch_yyy04.pl,a3,no,0.59,no,corr,None,None,None,None
5236,exp_cycles_indvary2_step1_batch_yyy04.pl,y2,no,0.37,no,corr,None,None,None,None
5237,exp_cycles_indvary2_step1_batch_yyy04.pl,q1,yes,0.65,yes,corr,None,None,None,None
5238,exp_cycles_indvary2_step1_batch_yyy04.pl,f2,no,0.6,no,corr,None,None,None,None
5239,exp_cycles_indvary2_step1_batch_yyy04.pl,w4,no,0.46,no,corr,None,None,None,None
5240,exp_cycles_indvary2_step1_batch_yyy04.pl,f3,no,0.32,no,corr,None,None,None,None
5241,exp_cycles_indvary2_step1_batch_yyy05.pl,y4,no,0.58,no,corr,None,None,None,None
5242,exp_cycles_indvary2_step1_batch_yyy05.pl,p4,no,0.25,no,corr,None,None,None,None
5243,exp_cycles_indvary2_step1_batch_yyy05.pl,e5,no,0.6,no,corr,None,None,None,None
5244,exp_cycles_indvary2_step1_batch_yyy05.pl,v5,no,0.6,no,corr,None,None,None,None
5245,exp_cycles_indvary2_step1_batch_yyy05.pl,q4,no,0.55,no,corr,None,None,None,None
5246,exp_cycles_indvary2_step1_batch_yyy05.pl,s1,no,0.38,no,corr,None,None,None,None
5247,exp_cycles_indvary2_step1_batch_yyy05.pl,p1,no,0.59,no,corr,None,None,None,None
5248,exp_cycles_indvary2_step1_batch_yyy05.pl,u3,no,0.35,no,corr,None,None,None,None
5249,exp_cycles_indvary2_step1_batch_yyy05.pl,v4,no,0.65,no,corr,None,None,None,None
5250,exp_cycles_indvary2_step1_batch_yyy05.pl,e3,no,0.25,no,corr,None,None,None,None
5251,exp_cycles_indvary2_step1_batch_yyy06.pl,t4,no,0.38,no,corr,None,None,None,None
5252,exp_cycles_indvary2_step1_batch_yyy06.pl,z5,no,0.43,no,corr,None,None,None,None
5253,exp_cycles_indvary2_step1_batch_yyy06.pl,p4,no,0.47,no,corr,None,None,None,None
5254,exp_cycles_indvary2_step1_batch_yyy06.pl,u4,no,0.43,no,corr,None,None,None,None
5255,exp_cycles_indvary2_step1_batch_yyy06.pl,w5,no,0.49,no,corr,None,None,None,None
5256,exp_cycles_indvary2_step1_batch_yyy06.pl,s5,no,0.64,no,corr,None,None,None,None
5257,exp_cycles_indvary2_step1_batch_yyy06.pl,x5,no,0.54,no,corr,None,None,None,None
5258,exp_cycles_indvary2_step1_batch_yyy06.pl,z3,no,0.28,no,corr,None,None,None,None
5259,exp_cycles_indvary2_step1_batch_yyy06.pl,y2,no,7.89,no,corr,None,None,None,None
5260,exp_cycles_indvary2_step1_batch_yyy06.pl,q7,no,0.35,no,corr,None,None,None,None
5261,exp_cycles_indvary2_step1_batch_yyy07.pl,b2,yes,0.24,yes,corr,None,None,None,None
5262,exp_cycles_indvary2_step1_batch_yyy07.pl,s4,no,0.28,no,corr,None,None,None,None
5263,exp_cycles_indvary2_step1_batch_yyy07.pl,d4,no,0.34,no,corr,None,None,None,None
5264,exp_cycles_indvary2_step1_batch_yyy07.pl,t3,no,0.36,no,corr,None,None,None,None
5265,exp_cycles_indvary2_step1_batch_yyy07.pl,p3,yes,0.39,yes,corr,None,None,None,None
5266,exp_cycles_indvary2_step1_batch_yyy07.pl,a3,no,0.5,no,corr,None,None,None,None
5267,exp_cycles_indvary2_step1_batch_yyy07.pl,x1,no,1.78,no,corr,None,None,None,None
5268,exp_cycles_indvary2_step1_batch_yyy07.pl,q7,no,0.69,no,corr,None,None,None,None
5269,exp_cycles_indvary2_step1_batch_yyy07.pl,u3,no,0.31,no,corr,None,None,None,None
5270,exp_cycles_indvary2_step1_batch_yyy07.pl,e3,no,0.34,no,corr,None,None,None,None
5271,exp_cycles_indvary2_step1_batch_yyy08.pl,u5,no,0.42,no,corr,None,None,None,None
5272,exp_cycles_indvary2_step1_batch_yyy08.pl,e1,yes,0.33,yes,corr,None,None,None,None
5273,exp_cycles_indvary2_step1_batch_yyy08.pl,w5,no,0.64,no,corr,None,None,None,None
5274,exp_cycles_indvary2_step1_batch_yyy08.pl,b4,no,0.43,no,corr,None,None,None,None
5275,exp_cycles_indvary2_step1_batch_yyy08.pl,z1,no,84.86,no,corr,None,None,None,None
5276,exp_cycles_indvary2_step1_batch_yyy08.pl,e4,no,0.84,no,corr,None,None,None,None
5277,exp_cycles_indvary2_step1_batch_yyy08.pl,t7,no,0.51,no,corr,None,None,None,None
5278,exp_cycles_indvary2_step1_batch_yyy08.pl,f4,no,0.62,no,corr,None,None,None,None
5279,exp_cycles_indvary2_step1_batch_yyy08.pl,q7,no,0.3,no,corr,None,None,None,None
5280,exp_cycles_indvary2_step1_batch_yyy08.pl,f2,no,58.31,no,corr,None,None,None,None
5281,exp_cycles_indvary2_step1_batch_yyy09.pl,u5,no,0.54,no,corr,None,None,None,None
5282,exp_cycles_indvary2_step1_batch_yyy09.pl,c3,no,7.38,no,corr,None,None,None,None
5283,exp_cycles_indvary2_step1_batch_yyy09.pl,s4,no,0.58,no,corr,None,None,None,None
5284,exp_cycles_indvary2_step1_batch_yyy09.pl,u7,no,0.29,no,corr,None,None,None,None
5285,exp_cycles_indvary2_step1_batch_yyy09.pl,z4,no,0.24,no,corr,None,None,None,None
5286,exp_cycles_indvary2_step1_batch_yyy09.pl,e3,no,0.44,no,corr,None,None,None,None
5287,exp_cycles_indvary2_step1_batch_yyy09.pl,r1,no,60.33,no,corr,None,None,None,None
5288,exp_cycles_indvary2_step1_batch_yyy09.pl,p2,no,28.24,no,corr,None,None,None,None
5289,exp_cycles_indvary2_step1_batch_yyy09.pl,z3,no,0.6,no,corr,None,None,None,None
5290,exp_cycles_indvary2_step1_batch_yyy09.pl,q3,no,19.02,no,corr,None,None,None,None
5291,exp_cycles_indvary2_step1_batch_yyy10.pl,w5,no,0.38,no,corr,None,None,None,None
5292,exp_cycles_indvary2_step1_batch_yyy10.pl,y1,no,27.03,no,corr,None,None,None,None
5293,exp_cycles_indvary2_step1_batch_yyy10.pl,r2,yes,0.42,yes,corr,None,None,None,None
5294,exp_cycles_indvary2_step1_batch_yyy10.pl,y6,no,0.56,no,corr,None,None,None,None
5295,exp_cycles_indvary2_step1_batch_yyy10.pl,a6,no,0.33,no,corr,None,None,None,None
5296,exp_cycles_indvary2_step1_batch_yyy10.pl,w7,no,0.28,no,corr,None,None,None,None
5297,exp_cycles_indvary2_step1_batch_yyy10.pl,t7,no,0.41,no,corr,None,None,None,None
5298,exp_cycles_indvary2_step1_batch_yyy10.pl,c6,no,0.4,no,corr,None,None,None,None
5299,exp_cycles_indvary2_step1_batch_yyy10.pl,f4,no,0.23,no,corr,None,None,None,None
5300,exp_cycles_indvary2_step1_batch_yyy10.pl,a3,yes,0.56,yes,corr,None,None,None,None
5301,exp_cycles_indvary2_step2_batch_yyy01.pl,t4,no,0.36,no,corr,None,None,None,None
5302,exp_cycles_indvary2_step2_batch_yyy01.pl,w7,no,0.34,no,corr,None,None,None,None
5303,exp_cycles_indvary2_step2_batch_yyy01.pl,x3,no,0.48,no,corr,None,None,None,None
5304,exp_cycles_indvary2_step2_batch_yyy01.pl,y3,no,0.87,no,corr,None,None,None,None
5305,exp_cycles_indvary2_step2_batch_yyy01.pl,a3,yes,2.63,yes,corr,None,None,None,None
5306,exp_cycles_indvary2_step2_batch_yyy01.pl,x1,yes,0.59,yes,corr,None,None,None,None
5307,exp_cycles_indvary2_step2_batch_yyy01.pl,s7,no,0.35,no,corr,None,None,None,None
5308,exp_cycles_indvary2_step2_batch_yyy01.pl,w3,no,0.32,no,corr,None,None,None,None
5309,exp_cycles_indvary2_step2_batch_yyy01.pl,w4,no,0.37,no,corr,None,None,None,None
5310,exp_cycles_indvary2_step2_batch_yyy01.pl,f3,no,0.48,no,corr,None,None,None,None
5311,exp_cycles_indvary2_step2_batch_yyy02.pl,f1,yes,0.47,yes,corr,None,None,None,None
5312,exp_cycles_indvary2_step2_batch_yyy02.pl,s2,no,0.43,no,corr,None,None,None,None
5313,exp_cycles_indvary2_step2_batch_yyy02.pl,q4,no,0.5,no,corr,None,None,None,None
5314,exp_cycles_indvary2_step2_batch_yyy02.pl,e3,no,0.36,no,corr,None,None,None,None
5315,exp_cycles_indvary2_step2_batch_yyy02.pl,a3,yes,0.41,yes,corr,None,None,None,None
5316,exp_cycles_indvary2_step2_batch_yyy02.pl,p1,yes,1.02,yes,corr,None,None,None,None
5317,exp_cycles_indvary2_step2_batch_yyy02.pl,x6,no,0.34,no,corr,None,None,None,None
5318,exp_cycles_indvary2_step2_batch_yyy02.pl,x1,no,0.26,no,corr,None,None,None,None
5319,exp_cycles_indvary2_step2_batch_yyy02.pl,q7,no,0.71,no,corr,None,None,None,None
5320,exp_cycles_indvary2_step2_batch_yyy02.pl,y5,no,0.49,no,corr,None,None,None,None
5321,exp_cycles_indvary2_step2_batch_yyy03.pl,c3,yes,0.54,yes,corr,None,None,None,None
5322,exp_cycles_indvary2_step2_batch_yyy03.pl,b3,no,0.88,no,corr,None,None,None,None
5323,exp_cycles_indvary2_step2_batch_yyy03.pl,e1,yes,0.46,yes,corr,None,None,None,None
5324,exp_cycles_indvary2_step2_batch_yyy03.pl,x3,no,0.6,no,corr,None,None,None,None
5325,exp_cycles_indvary2_step2_batch_yyy03.pl,u4,no,0.32,no,corr,None,None,None,None
5326,exp_cycles_indvary2_step2_batch_yyy03.pl,w1,yes,0.8,yes,corr,None,None,None,None
5327,exp_cycles_indvary2_step2_batch_yyy03.pl,b6,no,0.37,no,corr,None,None,None,None
5328,exp_cycles_indvary2_step2_batch_yyy03.pl,p1,yes,0.54,yes,corr,None,None,None,None
5329,exp_cycles_indvary2_step2_batch_yyy03.pl,r3,yes,1.04,yes,corr,None,None,None,None
5330,exp_cycles_indvary2_step2_batch_yyy03.pl,d1,no,7.8,no,corr,None,None,None,None
5331,exp_cycles_indvary2_step2_batch_yyy04.pl,c4,no,0.41,no,corr,None,None,None,None
5332,exp_cycles_indvary2_step2_batch_yyy04.pl,q6,no,0.31,no,corr,None,None,None,None
5333,exp_cycles_indvary2_step2_batch_yyy04.pl,f1,no,4.11,no,corr,None,None,None,None
5334,exp_cycles_indvary2_step2_batch_yyy04.pl,v5,no,0.51,no,corr,None,None,None,None
5335,exp_cycles_indvary2_step2_batch_yyy04.pl,d2,yes,2.81,yes,corr,None,None,None,None
5336,exp_cycles_indvary2_step2_batch_yyy04.pl,q3,no,0.38,no,corr,None,None,None,None
5337,exp_cycles_indvary2_step2_batch_yyy04.pl,q1,yes,0.62,yes,corr,None,None,None,None
5338,exp_cycles_indvary2_step2_batch_yyy04.pl,p1,yes,0.77,yes,corr,None,None,None,None
5339,exp_cycles_indvary2_step2_batch_yyy04.pl,x4,no,0.58,no,corr,None,None,None,None
5340,exp_cycles_indvary2_step2_batch_yyy04.pl,f2,no,0.59,no,corr,None,None,None,None
5341,exp_cycles_indvary2_step2_batch_yyy05.pl,p4,no,0.42,no,corr,None,None,None,None
5342,exp_cycles_indvary2_step2_batch_yyy05.pl,w5,no,0.6,no,corr,None,None,None,None
5343,exp_cycles_indvary2_step2_batch_yyy05.pl,r5,no,0.58,no,corr,None,None,None,None
5344,exp_cycles_indvary2_step2_batch_yyy05.pl,c1,no,0.74,no,corr,None,None,None,None
5345,exp_cycles_indvary2_step2_batch_yyy05.pl,f4,no,0.97,no,corr,None,None,None,None
5346,exp_cycles_indvary2_step2_batch_yyy05.pl,p1,yes,0.61,yes,corr,None,None,None,None
5347,exp_cycles_indvary2_step2_batch_yyy05.pl,y6,no,0.23,no,corr,None,None,None,None
5348,exp_cycles_indvary2_step2_batch_yyy05.pl,p6,no,0.3,no,corr,None,None,None,None
5349,exp_cycles_indvary2_step2_batch_yyy05.pl,s2,yes,0.6,yes,corr,None,None,None,None
5350,exp_cycles_indvary2_step2_batch_yyy05.pl,b1,yes,0.54,yes,corr,None,None,None,None
5351,exp_cycles_indvary2_step2_batch_yyy06.pl,b2,no,0.47,no,corr,None,None,None,None
5352,exp_cycles_indvary2_step2_batch_yyy06.pl,b3,yes,0.47,yes,corr,None,None,None,None
5353,exp_cycles_indvary2_step2_batch_yyy06.pl,f1,no,8.14,no,corr,None,None,None,None
5354,exp_cycles_indvary2_step2_batch_yyy06.pl,c5,no,0.5,no,corr,None,None,None,None
5355,exp_cycles_indvary2_step2_batch_yyy06.pl,f5,no,0.37,no,corr,None,None,None,None
5356,exp_cycles_indvary2_step2_batch_yyy06.pl,p3,yes,0.77,yes,corr,None,None,None,None
5357,exp_cycles_indvary2_step2_batch_yyy06.pl,f3,no,0.28,no,corr,None,None,None,None
5358,exp_cycles_indvary2_step2_batch_yyy06.pl,f4,no,0.31,no,corr,None,None,None,None
5359,exp_cycles_indvary2_step2_batch_yyy06.pl,t7,no,0.37,no,corr,None,None,None,None
5360,exp_cycles_indvary2_step2_batch_yyy06.pl,b5,no,0.72,no,corr,None,None,None,None
5361,exp_cycles_indvary2_step2_batch_yyy07.pl,s3,no,0.41,no,corr,None,None,None,None
5362,exp_cycles_indvary2_step2_batch_yyy07.pl,b1,no,0.7,no,corr,None,None,None,None
5363,exp_cycles_indvary2_step2_batch_yyy07.pl,t1,no,0.4,no,corr,None,None,None,None
5364,exp_cycles_indvary2_step2_batch_yyy07.pl,a2,no,0.51,no,corr,None,None,None,None
5365,exp_cycles_indvary2_step2_batch_yyy07.pl,f2,yes,0.36,yes,corr,None,None,None,None
5366,exp_cycles_indvary2_step2_batch_yyy07.pl,p4,no,0.41,no,corr,None,None,None,None
5367,exp_cycles_indvary2_step2_batch_yyy07.pl,p7,no,0.51,no,corr,None,None,None,None
5368,exp_cycles_indvary2_step2_batch_yyy07.pl,x3,no,0.35,no,corr,None,None,None,None
5369,exp_cycles_indvary2_step2_batch_yyy07.pl,r6,no,0.48,no,corr,None,None,None,None
5370,exp_cycles_indvary2_step2_batch_yyy07.pl,e5,no,0.63,no,corr,None,None,None,None
5371,exp_cycles_indvary2_step2_batch_yyy08.pl,b3,no,0.8,no,corr,None,None,None,None
5372,exp_cycles_indvary2_step2_batch_yyy08.pl,e1,no,9.24,no,corr,None,None,None,None
5373,exp_cycles_indvary2_step2_batch_yyy08.pl,p5,no,0.37,no,corr,None,None,None,None
5374,exp_cycles_indvary2_step2_batch_yyy08.pl,z2,no,0.38,no,corr,None,None,None,None
5375,exp_cycles_indvary2_step2_batch_yyy08.pl,v4,no,0.34,no,corr,None,None,None,None
5376,exp_cycles_indvary2_step2_batch_yyy08.pl,y1,no,0.38,no,corr,None,None,None,None
5377,exp_cycles_indvary2_step2_batch_yyy08.pl,p2,yes,0.52,yes,corr,None,None,None,None
5378,exp_cycles_indvary2_step2_batch_yyy08.pl,z3,no,0.34,no,corr,None,None,None,None
5379,exp_cycles_indvary2_step2_batch_yyy08.pl,y2,yes,0.91,yes,corr,None,None,None,None
5380,exp_cycles_indvary2_step2_batch_yyy08.pl,x6,no,0.46,no,corr,None,None,None,None
5381,exp_cycles_indvary2_step2_batch_yyy09.pl,c3,yes,0.49,yes,corr,None,None,None,None
5382,exp_cycles_indvary2_step2_batch_yyy09.pl,b2,yes,0.2,yes,corr,None,None,None,None
5383,exp_cycles_indvary2_step2_batch_yyy09.pl,z5,no,0.3,no,corr,None,None,None,None
5384,exp_cycles_indvary2_step2_batch_yyy09.pl,w5,no,0.4,no,corr,None,None,None,None
5385,exp_cycles_indvary2_step2_batch_yyy09.pl,b1,no,0.51,no,corr,None,None,None,None
5386,exp_cycles_indvary2_step2_batch_yyy09.pl,r5,no,0.51,no,corr,None,None,None,None
5387,exp_cycles_indvary2_step2_batch_yyy09.pl,p3,yes,1.32,yes,corr,None,None,None,None
5388,exp_cycles_indvary2_step2_batch_yyy09.pl,e3,no,0.34,no,corr,None,None,None,None
5389,exp_cycles_indvary2_step2_batch_yyy09.pl,y2,yes,0.89,yes,corr,None,None,None,None
5390,exp_cycles_indvary2_step2_batch_yyy09.pl,r3,no,0.4,no,corr,None,None,None,None
5391,exp_cycles_indvary2_step2_batch_yyy10.pl,t4,no,0.39,no,corr,None,None,None,None
5392,exp_cycles_indvary2_step2_batch_yyy10.pl,z6,no,0.42,no,corr,None,None,None,None
5393,exp_cycles_indvary2_step2_batch_yyy10.pl,s4,no,0.26,no,corr,None,None,None,None
5394,exp_cycles_indvary2_step2_batch_yyy10.pl,z5,no,0.36,no,corr,None,None,None,None
5395,exp_cycles_indvary2_step2_batch_yyy10.pl,q1,yes,14.86,yes,corr,None,None,None,None
5396,exp_cycles_indvary2_step2_batch_yyy10.pl,y6,no,0.61,no,corr,None,None,None,None
5397,exp_cycles_indvary2_step2_batch_yyy10.pl,w3,no,0.55,no,corr,None,None,None,None
5398,exp_cycles_indvary2_step2_batch_yyy10.pl,p6,no,0.89,no,corr,None,None,None,None
5399,exp_cycles_indvary2_step2_batch_yyy10.pl,y2,yes,1.66,yes,corr,None,None,None,None
5400,exp_cycles_indvary2_step2_batch_yyy10.pl,x1,yes,32.67,yes,corr,None,None,None,None
5401,exp_cycles_indvary2_step3_batch_yyy01.pl,a6,no,0.58,no,corr,None,None,None,None
5402,exp_cycles_indvary2_step3_batch_yyy01.pl,x7,no,0.46,no,corr,None,None,None,None
5403,exp_cycles_indvary2_step3_batch_yyy01.pl,w1,yes,0.65,yes,corr,None,None,None,None
5404,exp_cycles_indvary2_step3_batch_yyy01.pl,t7,no,0.54,no,corr,None,None,None,None
5405,exp_cycles_indvary2_step3_batch_yyy01.pl,e3,no,0.6,no,corr,None,None,None,None
5406,exp_cycles_indvary2_step3_batch_yyy01.pl,s1,yes,0.57,yes,corr,None,None,None,None
5407,exp_cycles_indvary2_step3_batch_yyy01.pl,y2,no,0.36,no,corr,None,None,None,None
5408,exp_cycles_indvary2_step3_batch_yyy01.pl,u2,no,0.5,no,corr,None,None,None,None
5409,exp_cycles_indvary2_step3_batch_yyy01.pl,p7,no,0.38,no,corr,None,None,None,None
5410,exp_cycles_indvary2_step3_batch_yyy01.pl,p5,no,0.5,no,corr,None,None,None,None
5411,exp_cycles_indvary2_step3_batch_yyy02.pl,e1,no,0.81,no,corr,None,None,None,None
5412,exp_cycles_indvary2_step3_batch_yyy02.pl,r6,no,0.44,no,corr,None,None,None,None
5413,exp_cycles_indvary2_step3_batch_yyy02.pl,c5,no,0.52,no,corr,None,None,None,None
5414,exp_cycles_indvary2_step3_batch_yyy02.pl,x7,no,0.41,no,corr,None,None,None,None
5415,exp_cycles_indvary2_step3_batch_yyy02.pl,w4,no,0.3,no,corr,None,None,None,None
5416,exp_cycles_indvary2_step3_batch_yyy02.pl,z2,yes,0.57,yes,corr,None,None,None,None
5417,exp_cycles_indvary2_step3_batch_yyy02.pl,p2,yes,0.49,yes,corr,None,None,None,None
5418,exp_cycles_indvary2_step3_batch_yyy02.pl,a3,no,0.66,no,corr,None,None,None,None
5419,exp_cycles_indvary2_step3_batch_yyy02.pl,y3,no,0.55,no,corr,None,None,None,None
5420,exp_cycles_indvary2_step3_batch_yyy02.pl,r5,no,0.35,no,corr,None,None,None,None
5421,exp_cycles_indvary2_step3_batch_yyy03.pl,u1,yes,0.8,yes,corr,None,None,None,None
5422,exp_cycles_indvary2_step3_batch_yyy03.pl,u7,no,0.44,no,corr,None,None,None,None
5423,exp_cycles_indvary2_step3_batch_yyy03.pl,s5,no,0.38,no,corr,None,None,None,None
5424,exp_cycles_indvary2_step3_batch_yyy03.pl,c2,yes,7.25,yes,corr,None,None,None,None
5425,exp_cycles_indvary2_step3_batch_yyy03.pl,p3,yes,3.4,yes,corr,None,None,None,None
5426,exp_cycles_indvary2_step3_batch_yyy03.pl,t2,no,72.23,no,corr,None,None,None,None
5427,exp_cycles_indvary2_step3_batch_yyy03.pl,p2,yes,0.78,yes,corr,None,None,None,None
5428,exp_cycles_indvary2_step3_batch_yyy03.pl,x1,yes,0.63,yes,corr,None,None,None,None
5429,exp_cycles_indvary2_step3_batch_yyy03.pl,r7,no,0.43,no,corr,None,None,None,None
5430,exp_cycles_indvary2_step3_batch_yyy03.pl,r3,yes,1.07,yes,corr,None,None,None,None
5431,exp_cycles_indvary2_step3_batch_yyy04.pl,s4,no,0.73,no,corr,None,None,None,None
5432,exp_cycles_indvary2_step3_batch_yyy04.pl,q6,no,0.62,no,corr,None,None,None,None
5433,exp_cycles_indvary2_step3_batch_yyy04.pl,p5,no,0.3,no,corr,None,None,None,None
5434,exp_cycles_indvary2_step3_batch_yyy04.pl,r6,no,0.37,no,corr,None,None,None,None
5435,exp_cycles_indvary2_step3_batch_yyy04.pl,z1,no,0.5,no,corr,None,None,None,None
5436,exp_cycles_indvary2_step3_batch_yyy04.pl,z3,no,0.39,no,corr,None,None,None,None
5437,exp_cycles_indvary2_step3_batch_yyy04.pl,t1,yes,0.56,yes,corr,None,None,None,None
5438,exp_cycles_indvary2_step3_batch_yyy04.pl,y6,no,0.57,no,corr,None,None,None,None
5439,exp_cycles_indvary2_step3_batch_yyy04.pl,u3,no,0.53,no,corr,None,None,None,None
5440,exp_cycles_indvary2_step3_batch_yyy04.pl,r4,no,0.27,no,corr,None,None,None,None
5441,exp_cycles_indvary2_step3_batch_yyy05.pl,v7,no,0.4,no,corr,None,None,None,None
5442,exp_cycles_indvary2_step3_batch_yyy05.pl,q5,no,0.56,no,corr,None,None,None,None
5443,exp_cycles_indvary2_step3_batch_yyy05.pl,x7,no,0.37,no,corr,None,None,None,None
5444,exp_cycles_indvary2_step3_batch_yyy05.pl,r5,no,0.73,no,corr,None,None,None,None
5445,exp_cycles_indvary2_step3_batch_yyy05.pl,d2,no,4.13,no,corr,None,None,None,None
5446,exp_cycles_indvary2_step3_batch_yyy05.pl,v3,no,0.61,no,corr,None,None,None,None
5447,exp_cycles_indvary2_step3_batch_yyy05.pl,w5,no,0.49,no,corr,None,None,None,None
5448,exp_cycles_indvary2_step3_batch_yyy05.pl,u7,no,0.39,no,corr,None,None,None,None
5449,exp_cycles_indvary2_step3_batch_yyy05.pl,c2,yes,1.36,yes,corr,None,None,None,None
5450,exp_cycles_indvary2_step3_batch_yyy05.pl,a5,no,0.41,no,corr,None,None,None,None
5451,exp_cycles_indvary2_step3_batch_yyy06.pl,c3,yes,2.18,yes,corr,None,None,None,None
5452,exp_cycles_indvary2_step3_batch_yyy06.pl,w2,no,0.51,no,corr,None,None,None,None
5453,exp_cycles_indvary2_step3_batch_yyy06.pl,a5,no,0.43,no,corr,None,None,None,None
5454,exp_cycles_indvary2_step3_batch_yyy06.pl,x2,yes,0.61,yes,corr,None,None,None,None
5455,exp_cycles_indvary2_step3_batch_yyy06.pl,x5,no,0.29,no,corr,None,None,None,None
5456,exp_cycles_indvary2_step3_batch_yyy06.pl,e3,no,0.44,no,corr,None,None,None,None
5457,exp_cycles_indvary2_step3_batch_yyy06.pl,y1,yes,0.63,yes,corr,None,None,None,None
5458,exp_cycles_indvary2_step3_batch_yyy06.pl,f4,no,0.52,no,corr,None,None,None,None
5459,exp_cycles_indvary2_step3_batch_yyy06.pl,q1,yes,0.78,yes,corr,None,None,None,None
5460,exp_cycles_indvary2_step3_batch_yyy06.pl,q2,no,0.4,no,corr,None,None,None,None
5461,exp_cycles_indvary2_step3_batch_yyy07.pl,d4,no,0.59,no,corr,None,None,None,None
5462,exp_cycles_indvary2_step3_batch_yyy07.pl,d3,no,0.65,no,corr,None,None,None,None
5463,exp_cycles_indvary2_step3_batch_yyy07.pl,b1,yes,0.65,yes,corr,None,None,None,None
5464,exp_cycles_indvary2_step3_batch_yyy07.pl,r5,no,0.57,no,corr,None,None,None,None
5465,exp_cycles_indvary2_step3_batch_yyy07.pl,d2,no,0.81,no,corr,None,None,None,None
5466,exp_cycles_indvary2_step3_batch_yyy07.pl,r2,no,0.35,no,corr,None,None,None,None
5467,exp_cycles_indvary2_step3_batch_yyy07.pl,x4,no,0.4,no,corr,None,None,None,None
5468,exp_cycles_indvary2_step3_batch_yyy07.pl,p6,no,0.62,no,corr,None,None,None,None
5469,exp_cycles_indvary2_step3_batch_yyy07.pl,u6,no,0.43,no,corr,None,None,None,None
5470,exp_cycles_indvary2_step3_batch_yyy07.pl,d5,no,0.62,no,corr,None,None,None,None
5471,exp_cycles_indvary2_step3_batch_yyy08.pl,b2,no,0.92,no,corr,None,None,None,None
5472,exp_cycles_indvary2_step3_batch_yyy08.pl,w7,no,0.39,no,corr,None,None,None,None
5473,exp_cycles_indvary2_step3_batch_yyy08.pl,a5,no,0.83,no,corr,None,None,None,None
5474,exp_cycles_indvary2_step3_batch_yyy08.pl,q4,no,0.58,no,corr,None,None,None,None
5475,exp_cycles_indvary2_step3_batch_yyy08.pl,t2,yes,1.04,yes,corr,None,None,None,None
5476,exp_cycles_indvary2_step3_batch_yyy08.pl,f4,no,0.35,no,corr,None,None,None,None
5477,exp_cycles_indvary2_step3_batch_yyy08.pl,e2,yes,0.72,yes,corr,None,None,None,None
5478,exp_cycles_indvary2_step3_batch_yyy08.pl,r2,yes,1.23,yes,corr,None,None,None,None
5479,exp_cycles_indvary2_step3_batch_yyy08.pl,r7,no,0.9,no,corr,None,None,None,None
5480,exp_cycles_indvary2_step3_batch_yyy08.pl,a1,no,1.64,no,corr,None,None,None,None
5481,exp_cycles_indvary2_step3_batch_yyy09.pl,t5,no,0.68,no,corr,None,None,None,None
5482,exp_cycles_indvary2_step3_batch_yyy09.pl,z6,no,0.59,no,corr,None,None,None,None
5483,exp_cycles_indvary2_step3_batch_yyy09.pl,v7,no,0.64,no,corr,None,None,None,None
5484,exp_cycles_indvary2_step3_batch_yyy09.pl,r6,no,0.51,no,corr,None,None,None,None
5485,exp_cycles_indvary2_step3_batch_yyy09.pl,s5,no,0.65,no,corr,None,None,None,None
5486,exp_cycles_indvary2_step3_batch_yyy09.pl,v4,no,0.45,no,corr,None,None,None,None
5487,exp_cycles_indvary2_step3_batch_yyy09.pl,y1,no,0.51,no,corr,None,None,None,None
5488,exp_cycles_indvary2_step3_batch_yyy09.pl,x6,no,0.41,no,corr,None,None,None,None
5489,exp_cycles_indvary2_step3_batch_yyy09.pl,r3,no,0.29,no,corr,None,None,None,None
5490,exp_cycles_indvary2_step3_batch_yyy09.pl,y5,no,0.42,no,corr,None,None,None,None
5491,exp_cycles_indvary2_step3_batch_yyy10.pl,c3,no,0.92,no,corr,None,None,None,None
5492,exp_cycles_indvary2_step3_batch_yyy10.pl,b3,no,0.59,no,corr,None,None,None,None
5493,exp_cycles_indvary2_step3_batch_yyy10.pl,w1,yes,0.48,yes,corr,None,None,None,None
5494,exp_cycles_indvary2_step3_batch_yyy10.pl,f2,no,0.73,no,corr,None,None,None,None
5495,exp_cycles_indvary2_step3_batch_yyy10.pl,p7,no,0.39,no,corr,None,None,None,None
5496,exp_cycles_indvary2_step3_batch_yyy10.pl,x3,no,0.5,no,corr,None,None,None,None
5497,exp_cycles_indvary2_step3_batch_yyy10.pl,s1,no,5.76,no,corr,None,None,None,None
5498,exp_cycles_indvary2_step3_batch_yyy10.pl,r1,yes,0.6,yes,corr,None,None,None,None
5499,exp_cycles_indvary2_step3_batch_yyy10.pl,s7,no,0.59,no,corr,None,None,None,None
5500,exp_cycles_indvary2_step3_batch_yyy10.pl,r7,no,0.42,no,corr,None,None,None,None
5501,exp_cycles_indvary2_step4_batch_yyy01.pl,p7,no,0.74,no,corr,None,None,None,None
5502,exp_cycles_indvary2_step4_batch_yyy01.pl,w2,yes,0.7,yes,corr,None,None,None,None
5503,exp_cycles_indvary2_step4_batch_yyy01.pl,w5,no,0.42,no,corr,None,None,None,None
5504,exp_cycles_indvary2_step4_batch_yyy01.pl,q5,no,0.44,no,corr,None,None,None,None
5505,exp_cycles_indvary2_step4_batch_yyy01.pl,c2,no,4.99,no,corr,None,None,None,None
5506,exp_cycles_indvary2_step4_batch_yyy01.pl,x7,no,0.67,no,corr,None,None,None,None
5507,exp_cycles_indvary2_step4_batch_yyy01.pl,e3,no,0.65,no,corr,None,None,None,None
5508,exp_cycles_indvary2_step4_batch_yyy01.pl,s1,yes,1.0,yes,corr,None,None,None,None
5509,exp_cycles_indvary2_step4_batch_yyy01.pl,a1,no,14.12,no,corr,None,None,None,None
5510,exp_cycles_indvary2_step4_batch_yyy01.pl,a2,no,7.57,no,corr,None,None,None,None
5511,exp_cycles_indvary2_step4_batch_yyy02.pl,p4,no,0.34,no,corr,None,None,None,None
5512,exp_cycles_indvary2_step4_batch_yyy02.pl,u7,no,0.54,no,corr,None,None,None,None
5513,exp_cycles_indvary2_step4_batch_yyy02.pl,q5,no,0.62,no,corr,None,None,None,None
5514,exp_cycles_indvary2_step4_batch_yyy02.pl,e4,no,0.56,no,corr,None,None,None,None
5515,exp_cycles_indvary2_step4_batch_yyy02.pl,p2,yes,0.59,yes,corr,None,None,None,None
5516,exp_cycles_indvary2_step4_batch_yyy02.pl,x6,no,0.62,no,corr,None,None,None,None
5517,exp_cycles_indvary2_step4_batch_yyy02.pl,u2,yes,0.77,yes,corr,None,None,None,None
5518,exp_cycles_indvary2_step4_batch_yyy02.pl,p1,yes,0.74,yes,corr,None,None,None,None
5519,exp_cycles_indvary2_step4_batch_yyy02.pl,u1,no,0.65,no,corr,None,None,None,None
5520,exp_cycles_indvary2_step4_batch_yyy02.pl,r6,no,0.59,no,corr,None,None,None,None
5521,exp_cycles_indvary2_step4_batch_yyy03.pl,w7,no,0.48,no,corr,None,None,None,None
5522,exp_cycles_indvary2_step4_batch_yyy03.pl,x3,no,0.42,no,corr,None,None,None,None
5523,exp_cycles_indvary2_step4_batch_yyy03.pl,u4,no,0.3,no,corr,None,None,None,None
5524,exp_cycles_indvary2_step4_batch_yyy03.pl,u7,no,0.51,no,corr,None,None,None,None
5525,exp_cycles_indvary2_step4_batch_yyy03.pl,y3,no,0.36,no,corr,None,None,None,None
5526,exp_cycles_indvary2_step4_batch_yyy03.pl,x1,yes,0.69,yes,corr,None,None,None,None
5527,exp_cycles_indvary2_step4_batch_yyy03.pl,t5,no,0.73,no,corr,None,None,None,None
5528,exp_cycles_indvary2_step4_batch_yyy03.pl,s3,no,0.64,no,corr,None,None,None,None
5529,exp_cycles_indvary2_step4_batch_yyy03.pl,v4,no,0.48,no,corr,None,None,None,None
5530,exp_cycles_indvary2_step4_batch_yyy03.pl,e3,no,0.54,no,corr,None,None,None,None
5531,exp_cycles_indvary2_step4_batch_yyy04.pl,d4,no,0.87,no,corr,None,None,None,None
5532,exp_cycles_indvary2_step4_batch_yyy04.pl,f5,no,0.44,no,corr,None,None,None,None
5533,exp_cycles_indvary2_step4_batch_yyy04.pl,e4,no,0.25,no,corr,None,None,None,None
5534,exp_cycles_indvary2_step4_batch_yyy04.pl,a3,no,0.89,no,corr,None,None,None,None
5535,exp_cycles_indvary2_step4_batch_yyy04.pl,x1,yes,0.65,yes,corr,None,None,None,None
5536,exp_cycles_indvary2_step4_batch_yyy04.pl,b6,no,0.44,no,corr,None,None,None,None
5537,exp_cycles_indvary2_step4_batch_yyy04.pl,u5,no,0.45,no,corr,None,None,None,None
5538,exp_cycles_indvary2_step4_batch_yyy04.pl,u6,no,0.61,no,corr,None,None,None,None
5539,exp_cycles_indvary2_step4_batch_yyy04.pl,t2,yes,0.98,yes,corr,None,None,None,None
5540,exp_cycles_indvary2_step4_batch_yyy04.pl,c6,no,0.51,no,corr,None,None,None,None
5541,exp_cycles_indvary2_step4_batch_yyy05.pl,a6,no,0.44,no,corr,None,None,None,None
5542,exp_cycles_indvary2_step4_batch_yyy05.pl,e1,no,1.01,no,corr,None,None,None,None
5543,exp_cycles_indvary2_step4_batch_yyy05.pl,p5,no,0.44,no,corr,None,None,None,None
5544,exp_cycles_indvary2_step4_batch_yyy05.pl,f1,yes,0.76,yes,corr,None,None,None,None
5545,exp_cycles_indvary2_step4_batch_yyy05.pl,w1,yes,0.71,yes,corr,None,None,None,None
5546,exp_cycles_indvary2_step4_batch_yyy05.pl,c6,no,0.44,no,corr,None,None,None,None
5547,exp_cycles_indvary2_step4_batch_yyy05.pl,v4,no,0.52,no,corr,None,None,None,None
5548,exp_cycles_indvary2_step4_batch_yyy05.pl,s7,no,0.41,no,corr,None,None,None,None
5549,exp_cycles_indvary2_step4_batch_yyy05.pl,v3,no,0.58,no,corr,None,None,None,None
5550,exp_cycles_indvary2_step4_batch_yyy05.pl,a2,yes,2.66,yes,corr,None,None,None,None
5551,exp_cycles_indvary2_step4_batch_yyy06.pl,t4,no,0.25,no,corr,None,None,None,None
5552,exp_cycles_indvary2_step4_batch_yyy06.pl,e1,no,0.79,no,corr,None,None,None,None
5553,exp_cycles_indvary2_step4_batch_yyy06.pl,p5,no,0.67,no,corr,None,None,None,None
5554,exp_cycles_indvary2_step4_batch_yyy06.pl,u7,no,0.41,no,corr,None,None,None,None
5555,exp_cycles_indvary2_step4_batch_yyy06.pl,s5,no,0.4,no,corr,None,None,None,None
5556,exp_cycles_indvary2_step4_batch_yyy06.pl,x7,no,0.45,no,corr,None,None,None,None
5557,exp_cycles_indvary2_step4_batch_yyy06.pl,q3,yes,0.82,yes,corr,None,None,None,None
5558,exp_cycles_indvary2_step4_batch_yyy06.pl,a1,no,0.97,no,corr,None,None,None,None
5559,exp_cycles_indvary2_step4_batch_yyy06.pl,d1,no,7.28,no,corr,None,None,None,None
5560,exp_cycles_indvary2_step4_batch_yyy06.pl,q7,no,0.4,no,corr,None,None,None,None
5561,exp_cycles_indvary2_step4_batch_yyy07.pl,c3,yes,12.36,yes,corr,None,None,None,None
5562,exp_cycles_indvary2_step4_batch_yyy07.pl,v2,yes,0.79,yes,corr,None,None,None,None
5563,exp_cycles_indvary2_step4_batch_yyy07.pl,p4,no,0.68,no,corr,None,None,None,None
5564,exp_cycles_indvary2_step4_batch_yyy07.pl,a5,no,0.56,no,corr,None,None,None,None
5565,exp_cycles_indvary2_step4_batch_yyy07.pl,e4,no,0.58,no,corr,None,None,None,None
5566,exp_cycles_indvary2_step4_batch_yyy07.pl,v1,yes,0.73,yes,corr,None,None,None,None
5567,exp_cycles_indvary2_step4_batch_yyy07.pl,e3,no,0.47,no,corr,None,None,None,None
5568,exp_cycles_indvary2_step4_batch_yyy07.pl,f4,no,0.48,no,corr,None,None,None,None
5569,exp_cycles_indvary2_step4_batch_yyy07.pl,u2,no,0.57,no,corr,None,None,None,None
5570,exp_cycles_indvary2_step4_batch_yyy07.pl,q7,no,0.4,no,corr,None,None,None,None
5571,exp_cycles_indvary2_step4_batch_yyy08.pl,y3,no,0.29,no,corr,None,None,None,None
5572,exp_cycles_indvary2_step4_batch_yyy08.pl,v1,yes,1.18,yes,corr,None,None,None,None
5573,exp_cycles_indvary2_step4_batch_yyy08.pl,d2,yes,0.32,yes,corr,None,None,None,None
5574,exp_cycles_indvary2_step4_batch_yyy08.pl,c1,no,0.31,no,corr,None,None,None,None
5575,exp_cycles_indvary2_step4_batch_yyy08.pl,c6,no,0.43,no,corr,None,None,None,None
5576,exp_cycles_indvary2_step4_batch_yyy08.pl,z2,no,0.34,no,corr,None,None,None,None
5577,exp_cycles_indvary2_step4_batch_yyy08.pl,e3,no,0.47,no,corr,None,None,None,None
5578,exp_cycles_indvary2_step4_batch_yyy08.pl,r4,no,0.62,no,corr,None,None,None,None
5579,exp_cycles_indvary2_step4_batch_yyy08.pl,e2,no,0.47,no,corr,None,None,None,None
5580,exp_cycles_indvary2_step4_batch_yyy08.pl,u2,yes,0.78,yes,corr,None,None,None,None
5581,exp_cycles_indvary2_step4_batch_yyy09.pl,d5,no,0.72,no,corr,None,None,None,None
5582,exp_cycles_indvary2_step4_batch_yyy09.pl,e1,no,10.45,no,corr,None,None,None,None
5583,exp_cycles_indvary2_step4_batch_yyy09.pl,x3,no,0.55,no,corr,None,None,None,None
5584,exp_cycles_indvary2_step4_batch_yyy09.pl,d3,no,0.38,no,corr,None,None,None,None
5585,exp_cycles_indvary2_step4_batch_yyy09.pl,v5,no,0.33,no,corr,None,None,None,None
5586,exp_cycles_indvary2_step4_batch_yyy09.pl,x5,no,0.43,no,corr,None,None,None,None
5587,exp_cycles_indvary2_step4_batch_yyy09.pl,r1,yes,1.33,yes,corr,None,None,None,None
5588,exp_cycles_indvary2_step4_batch_yyy09.pl,p2,yes,0.55,yes,corr,None,None,None,None
5589,exp_cycles_indvary2_step4_batch_yyy09.pl,a1,no,0.79,no,corr,None,None,None,None
5590,exp_cycles_indvary2_step4_batch_yyy09.pl,f2,no,0.78,no,corr,None,None,None,None
5591,exp_cycles_indvary2_step4_batch_yyy10.pl,q4,no,0.3,no,corr,None,None,None,None
5592,exp_cycles_indvary2_step4_batch_yyy10.pl,x2,no,0.29,no,corr,None,None,None,None
5593,exp_cycles_indvary2_step4_batch_yyy10.pl,a3,no,7.22,no,corr,None,None,None,None
5594,exp_cycles_indvary2_step4_batch_yyy10.pl,a1,no,4.82,no,corr,None,None,None,None
5595,exp_cycles_indvary2_step4_batch_yyy10.pl,t1,yes,0.59,yes,corr,None,None,None,None
5596,exp_cycles_indvary2_step4_batch_yyy10.pl,p1,yes,0.51,yes,corr,None,None,None,None
5597,exp_cycles_indvary2_step4_batch_yyy10.pl,f2,no,13.27,no,corr,None,None,None,None
5598,exp_cycles_indvary2_step4_batch_yyy10.pl,y1,yes,0.72,yes,corr,None,None,None,None
5599,exp_cycles_indvary2_step4_batch_yyy10.pl,s1,yes,1.29,yes,corr,None,None,None,None
5600,exp_cycles_indvary2_step4_batch_yyy10.pl,d2,yes,1.45,yes,corr,None,None,None,None
5601,exp_cycles_indvary2_step5_batch_yyy01.pl,x3,no,0.57,no,corr,None,None,None,None
5602,exp_cycles_indvary2_step5_batch_yyy01.pl,e5,no,0.65,no,corr,None,None,None,None
5603,exp_cycles_indvary2_step5_batch_yyy01.pl,q4,no,0.57,no,corr,None,None,None,None
5604,exp_cycles_indvary2_step5_batch_yyy01.pl,p3,yes,1.02,yes,corr,None,None,None,None
5605,exp_cycles_indvary2_step5_batch_yyy01.pl,b5,no,0.44,no,corr,None,None,None,None
5606,exp_cycles_indvary2_step5_batch_yyy01.pl,x1,yes,0.88,yes,corr,None,None,None,None
5607,exp_cycles_indvary2_step5_batch_yyy01.pl,r3,yes,0.86,yes,corr,None,None,None,None
5608,exp_cycles_indvary2_step5_batch_yyy01.pl,q2,yes,0.62,yes,corr,None,None,None,None
5609,exp_cycles_indvary2_step5_batch_yyy01.pl,s5,no,0.63,no,corr,None,None,None,None
5610,exp_cycles_indvary2_step5_batch_yyy01.pl,t3,no,0.58,no,corr,None,None,None,None
5611,exp_cycles_indvary2_step5_batch_yyy02.pl,u6,no,0.83,no,corr,None,None,None,None
5612,exp_cycles_indvary2_step5_batch_yyy02.pl,v2,yes,0.7,yes,corr,None,None,None,None
5613,exp_cycles_indvary2_step5_batch_yyy02.pl,f1,no,0.95,no,corr,None,None,None,None
5614,exp_cycles_indvary2_step5_batch_yyy02.pl,x2,yes,0.95,yes,corr,None,None,None,None
5615,exp_cycles_indvary2_step5_batch_yyy02.pl,r5,no,0.23,no,corr,None,None,None,None
5616,exp_cycles_indvary2_step5_batch_yyy02.pl,f3,no,0.38,no,corr,None,None,None,None
5617,exp_cycles_indvary2_step5_batch_yyy02.pl,u3,no,0.43,no,corr,None,None,None,None
5618,exp_cycles_indvary2_step5_batch_yyy02.pl,p2,no,0.32,no,corr,None,None,None,None
5619,exp_cycles_indvary2_step5_batch_yyy02.pl,x1,yes,0.77,yes,corr,None,None,None,None
5620,exp_cycles_indvary2_step5_batch_yyy02.pl,v3,no,0.46,no,corr,None,None,None,None
5621,exp_cycles_indvary2_step5_batch_yyy03.pl,f1,no,6.48,no,corr,None,None,None,None
5622,exp_cycles_indvary2_step5_batch_yyy03.pl,c2,no,1.1,no,corr,None,None,None,None
5623,exp_cycles_indvary2_step5_batch_yyy03.pl,x2,yes,0.86,yes,corr,None,None,None,None
5624,exp_cycles_indvary2_step5_batch_yyy03.pl,z2,yes,0.81,yes,corr,None,None,None,None
5625,exp_cycles_indvary2_step5_batch_yyy03.pl,y2,no,0.78,no,corr,None,None,None,None
5626,exp_cycles_indvary2_step5_batch_yyy03.pl,q1,no,0.62,no,corr,None,None,None,None
5627,exp_cycles_indvary2_step5_batch_yyy03.pl,p1,no,0.69,no,corr,None,None,None,None
5628,exp_cycles_indvary2_step5_batch_yyy03.pl,x4,no,0.71,no,corr,None,None,None,None
5629,exp_cycles_indvary2_step5_batch_yyy03.pl,s5,no,0.61,no,corr,None,None,None,None
5630,exp_cycles_indvary2_step5_batch_yyy03.pl,q5,no,0.77,no,corr,None,None,None,None
5631,exp_cycles_indvary2_step5_batch_yyy04.pl,d4,no,0.64,no,corr,None,None,None,None
5632,exp_cycles_indvary2_step5_batch_yyy04.pl,u4,no,0.41,no,corr,None,None,None,None
5633,exp_cycles_indvary2_step5_batch_yyy04.pl,b4,no,0.37,no,corr,None,None,None,None
5634,exp_cycles_indvary2_step5_batch_yyy04.pl,w1,no,0.33,no,corr,None,None,None,None
5635,exp_cycles_indvary2_step5_batch_yyy04.pl,r1,yes,1.71,yes,corr,None,None,None,None
5636,exp_cycles_indvary2_step5_batch_yyy04.pl,x1,yes,0.74,yes,corr,None,None,None,None
5637,exp_cycles_indvary2_step5_batch_yyy04.pl,s4,no,0.35,no,corr,None,None,None,None
5638,exp_cycles_indvary2_step5_batch_yyy04.pl,w7,no,0.46,no,corr,None,None,None,None
5639,exp_cycles_indvary2_step5_batch_yyy04.pl,t7,no,0.38,no,corr,None,None,None,None
5640,exp_cycles_indvary2_step5_batch_yyy04.pl,c6,no,0.48,no,corr,None,None,None,None
5641,exp_cycles_indvary2_step5_batch_yyy05.pl,d3,no,0.76,no,corr,None,None,None,None
5642,exp_cycles_indvary2_step5_batch_yyy05.pl,f3,no,0.53,no,corr,None,None,None,None
5643,exp_cycles_indvary2_step5_batch_yyy05.pl,u3,no,0.58,no,corr,None,None,None,None
5644,exp_cycles_indvary2_step5_batch_yyy05.pl,a1,yes,0.99,yes,corr,None,None,None,None
5645,exp_cycles_indvary2_step5_batch_yyy05.pl,u2,yes,0.74,yes,corr,None,None,None,None
5646,exp_cycles_indvary2_step5_batch_yyy05.pl,p4,no,0.47,no,corr,None,None,None,None
5647,exp_cycles_indvary2_step5_batch_yyy05.pl,d4,no,0.58,no,corr,None,None,None,None
5648,exp_cycles_indvary2_step5_batch_yyy05.pl,q3,yes,1.59,yes,corr,None,None,None,None
5649,exp_cycles_indvary2_step5_batch_yyy05.pl,y2,no,0.78,no,corr,None,None,None,None
5650,exp_cycles_indvary2_step5_batch_yyy05.pl,x6,no,0.58,no,corr,None,None,None,None
5651,exp_cycles_indvary2_step5_batch_yyy06.pl,b1,no,6.27,no,corr,None,None,None,None
5652,exp_cycles_indvary2_step5_batch_yyy06.pl,z4,no,0.39,no,corr,None,None,None,None
5653,exp_cycles_indvary2_step5_batch_yyy06.pl,t7,no,0.6,no,corr,None,None,None,None
5654,exp_cycles_indvary2_step5_batch_yyy06.pl,r4,no,0.53,no,corr,None,None,None,None
5655,exp_cycles_indvary2_step5_batch_yyy06.pl,d2,no,1.17,no,corr,None,None,None,None
5656,exp_cycles_indvary2_step5_batch_yyy06.pl,x6,no,0.79,no,corr,None,None,None,None
5657,exp_cycles_indvary2_step5_batch_yyy06.pl,t1,yes,0.79,yes,corr,None,None,None,None
5658,exp_cycles_indvary2_step5_batch_yyy06.pl,q2,no,0.59,no,corr,None,None,None,None
5659,exp_cycles_indvary2_step5_batch_yyy06.pl,r2,no,0.57,no,corr,None,None,None,None
5660,exp_cycles_indvary2_step5_batch_yyy06.pl,a1,no,1.32,no,corr,None,None,None,None
5661,exp_cycles_indvary2_step5_batch_yyy07.pl,c3,no,1.18,no,corr,None,None,None,None
5662,exp_cycles_indvary2_step5_batch_yyy07.pl,x3,no,0.54,no,corr,None,None,None,None
5663,exp_cycles_indvary2_step5_batch_yyy07.pl,s5,no,0.67,no,corr,None,None,None,None
5664,exp_cycles_indvary2_step5_batch_yyy07.pl,b1,no,0.49,no,corr,None,None,None,None
5665,exp_cycles_indvary2_step5_batch_yyy07.pl,q4,no,0.41,no,corr,None,None,None,None
5666,exp_cycles_indvary2_step5_batch_yyy07.pl,y3,no,0.59,no,corr,None,None,None,None
5667,exp_cycles_indvary2_step5_batch_yyy07.pl,q3,yes,0.79,yes,corr,None,None,None,None
5668,exp_cycles_indvary2_step5_batch_yyy07.pl,r2,yes,0.81,yes,corr,None,None,None,None
5669,exp_cycles_indvary2_step5_batch_yyy07.pl,v6,no,0.51,no,corr,None,None,None,None
5670,exp_cycles_indvary2_step5_batch_yyy07.pl,u1,yes,1.11,yes,corr,None,None,None,None
5671,exp_cycles_indvary2_step5_batch_yyy08.pl,v6,no,0.56,no,corr,None,None,None,None
5672,exp_cycles_indvary2_step5_batch_yyy08.pl,d3,no,0.3,no,corr,None,None,None,None
5673,exp_cycles_indvary2_step5_batch_yyy08.pl,c2,yes,0.77,yes,corr,None,None,None,None
5674,exp_cycles_indvary2_step5_batch_yyy08.pl,r5,no,0.66,no,corr,None,None,None,None
5675,exp_cycles_indvary2_step5_batch_yyy08.pl,p3,yes,0.85,yes,corr,None,None,None,None
5676,exp_cycles_indvary2_step5_batch_yyy08.pl,r4,no,0.53,no,corr,None,None,None,None
5677,exp_cycles_indvary2_step5_batch_yyy08.pl,y2,yes,1.55,yes,corr,None,None,None,None
5678,exp_cycles_indvary2_step5_batch_yyy08.pl,d1,no,0.78,no,corr,None,None,None,None
5679,exp_cycles_indvary2_step5_batch_yyy08.pl,c1,no,1.06,no,corr,None,None,None,None
5680,exp_cycles_indvary2_step5_batch_yyy08.pl,s6,no,0.5,no,corr,None,None,None,None
5681,exp_cycles_indvary2_step5_batch_yyy09.pl,w2,yes,0.89,yes,corr,None,None,None,None
5682,exp_cycles_indvary2_step5_batch_yyy09.pl,u4,no,0.54,no,corr,None,None,None,None
5683,exp_cycles_indvary2_step5_batch_yyy09.pl,e4,no,0.37,no,corr,None,None,None,None
5684,exp_cycles_indvary2_step5_batch_yyy09.pl,d2,yes,15.24,yes,corr,None,None,None,None
5685,exp_cycles_indvary2_step5_batch_yyy09.pl,b6,no,0.6,no,corr,None,None,None,None
5686,exp_cycles_indvary2_step5_batch_yyy09.pl,z6,no,0.51,no,corr,None,None,None,None
5687,exp_cycles_indvary2_step5_batch_yyy09.pl,b2,yes,0.65,yes,corr,None,None,None,None
5688,exp_cycles_indvary2_step5_batch_yyy09.pl,a6,no,0.59,no,corr,None,None,None,None
5689,exp_cycles_indvary2_step5_batch_yyy09.pl,w7,no,0.5,no,corr,None,None,None,None
5690,exp_cycles_indvary2_step5_batch_yyy09.pl,y4,no,0.48,no,corr,None,None,None,None
5691,exp_cycles_indvary2_step5_batch_yyy10.pl,c4,no,0.63,no,corr,None,None,None,None
5692,exp_cycles_indvary2_step5_batch_yyy10.pl,x3,no,0.55,no,corr,None,None,None,None
5693,exp_cycles_indvary2_step5_batch_yyy10.pl,r6,no,0.37,no,corr,None,None,None,None
5694,exp_cycles_indvary2_step5_batch_yyy10.pl,t3,no,0.39,no,corr,None,None,None,None
5695,exp_cycles_indvary2_step5_batch_yyy10.pl,w6,no,0.37,no,corr,None,None,None,None
5696,exp_cycles_indvary2_step5_batch_yyy10.pl,p2,no,0.52,no,corr,None,None,None,None
5697,exp_cycles_indvary2_step5_batch_yyy10.pl,r2,yes,0.63,yes,corr,None,None,None,None
5698,exp_cycles_indvary2_step5_batch_yyy10.pl,r3,yes,0.68,yes,corr,None,None,None,None
5699,exp_cycles_indvary2_step5_batch_yyy10.pl,v1,yes,0.75,yes,corr,None,None,None,None
5700,exp_cycles_indvary2_step5_batch_yyy10.pl,p3,yes,0.73,yes,corr,None,None,None,None
5701,exp_cycles_indvary2_step6_batch_yyy01.pl,y3,no,0.46,no,corr,None,None,None,None
5702,exp_cycles_indvary2_step6_batch_yyy01.pl,w1,yes,0.81,yes,corr,None,None,None,None
5703,exp_cycles_indvary2_step6_batch_yyy01.pl,b6,no,0.55,no,corr,None,None,None,None
5704,exp_cycles_indvary2_step6_batch_yyy01.pl,q2,yes,0.73,yes,corr,None,None,None,None
5705,exp_cycles_indvary2_step6_batch_yyy01.pl,c2,no,10.91,no,corr,None,None,None,None
5706,exp_cycles_indvary2_step6_batch_yyy01.pl,b1,yes,0.84,yes,corr,None,None,None,None
5707,exp_cycles_indvary2_step6_batch_yyy01.pl,c1,no,7.22,no,corr,None,None,None,None
5708,exp_cycles_indvary2_step6_batch_yyy01.pl,t7,no,0.37,no,corr,None,None,None,None
5709,exp_cycles_indvary2_step6_batch_yyy01.pl,z2,yes,0.89,yes,corr,None,None,None,None
5710,exp_cycles_indvary2_step6_batch_yyy01.pl,b5,no,0.53,no,corr,None,None,None,None
5711,exp_cycles_indvary2_step6_batch_yyy02.pl,d5,no,0.65,no,corr,None,None,None,None
5712,exp_cycles_indvary2_step6_batch_yyy02.pl,s4,no,0.6,no,corr,None,None,None,None
5713,exp_cycles_indvary2_step6_batch_yyy02.pl,x7,no,0.98,no,corr,None,None,None,None
5714,exp_cycles_indvary2_step6_batch_yyy02.pl,p3,yes,0.84,yes,corr,None,None,None,None
5715,exp_cycles_indvary2_step6_batch_yyy02.pl,e3,no,0.31,no,corr,None,None,None,None
5716,exp_cycles_indvary2_step6_batch_yyy02.pl,x1,yes,0.88,yes,corr,None,None,None,None
5717,exp_cycles_indvary2_step6_batch_yyy02.pl,s7,no,0.53,no,corr,None,None,None,None
5718,exp_cycles_indvary2_step6_batch_yyy02.pl,p1,yes,0.77,yes,corr,None,None,None,None
5719,exp_cycles_indvary2_step6_batch_yyy02.pl,s2,yes,0.87,yes,corr,None,None,None,None
5720,exp_cycles_indvary2_step6_batch_yyy02.pl,z1,yes,0.77,yes,corr,None,None,None,None
5721,exp_cycles_indvary2_step6_batch_yyy03.pl,f1,yes,0.5,yes,corr,None,None,None,None
5722,exp_cycles_indvary2_step6_batch_yyy03.pl,s2,yes,0.8,yes,corr,None,None,None,None
5723,exp_cycles_indvary2_step6_batch_yyy03.pl,y3,no,0.55,no,corr,None,None,None,None
5724,exp_cycles_indvary2_step6_batch_yyy03.pl,w1,yes,0.63,yes,corr,None,None,None,None
5725,exp_cycles_indvary2_step6_batch_yyy03.pl,x5,no,0.72,no,corr,None,None,None,None
5726,exp_cycles_indvary2_step6_batch_yyy03.pl,y1,yes,1.05,yes,corr,None,None,None,None
5727,exp_cycles_indvary2_step6_batch_yyy03.pl,y2,yes,1.03,yes,corr,None,None,None,None
5728,exp_cycles_indvary2_step6_batch_yyy03.pl,q1,yes,0.87,yes,corr,None,None,None,None
5729,exp_cycles_indvary2_step6_batch_yyy03.pl,d4,no,0.46,no,corr,None,None,None,None
5730,exp_cycles_indvary2_step6_batch_yyy03.pl,x3,no,0.56,no,corr,None,None,None,None
5731,exp_cycles_indvary2_step6_batch_yyy04.pl,u6,no,0.68,no,corr,None,None,None,None
5732,exp_cycles_indvary2_step6_batch_yyy04.pl,z5,no,0.46,no,corr,None,None,None,None
5733,exp_cycles_indvary2_step6_batch_yyy04.pl,w5,no,0.47,no,corr,None,None,None,None
5734,exp_cycles_indvary2_step6_batch_yyy04.pl,r5,no,0.59,no,corr,None,None,None,None
5735,exp_cycles_indvary2_step6_batch_yyy04.pl,f3,no,0.71,no,corr,None,None,None,None
5736,exp_cycles_indvary2_step6_batch_yyy04.pl,t1,yes,0.87,yes,corr,None,None,None,None
5737,exp_cycles_indvary2_step6_batch_yyy04.pl,y6,no,0.45,no,corr,None,None,None,None
5738,exp_cycles_indvary2_step6_batch_yyy04.pl,t2,yes,0.87,yes,corr,None,None,None,None
5739,exp_cycles_indvary2_step6_batch_yyy04.pl,t7,no,0.69,no,corr,None,None,None,None
5740,exp_cycles_indvary2_step6_batch_yyy04.pl,z2,no,0.83,no,corr,None,None,None,None
5741,exp_cycles_indvary2_step6_batch_yyy05.pl,y4,no,0.54,no,corr,None,None,None,None
5742,exp_cycles_indvary2_step6_batch_yyy05.pl,v5,no,0.43,no,corr,None,None,None,None
5743,exp_cycles_indvary2_step6_batch_yyy05.pl,r5,no,0.74,no,corr,None,None,None,None
5744,exp_cycles_indvary2_step6_batch_yyy05.pl,w1,yes,0.82,yes,corr,None,None,None,None
5745,exp_cycles_indvary2_step6_batch_yyy05.pl,y1,yes,0.96,yes,corr,None,None,None,None
5746,exp_cycles_indvary2_step6_batch_yyy05.pl,z3,no,0.37,no,corr,None,None,None,None
5747,exp_cycles_indvary2_step6_batch_yyy05.pl,r2,yes,0.87,yes,corr,None,None,None,None
5748,exp_cycles_indvary2_step6_batch_yyy05.pl,p1,yes,0.92,yes,corr,None,None,None,None
5749,exp_cycles_indvary2_step6_batch_yyy05.pl,t4,no,0.41,no,corr,None,None,None,None
5750,exp_cycles_indvary2_step6_batch_yyy05.pl,c4,no,0.54,no,corr,None,None,None,None
5751,exp_cycles_indvary2_step6_batch_yyy06.pl,t5,no,0.39,no,corr,None,None,None,None
5752,exp_cycles_indvary2_step6_batch_yyy06.pl,y4,no,0.55,no,corr,None,None,None,None
5753,exp_cycles_indvary2_step6_batch_yyy06.pl,v6,no,0.41,no,corr,None,None,None,None
5754,exp_cycles_indvary2_step6_batch_yyy06.pl,a4,no,0.52,no,corr,None,None,None,None
5755,exp_cycles_indvary2_step6_batch_yyy06.pl,p2,no,0.39,no,corr,None,None,None,None
5756,exp_cycles_indvary2_step6_batch_yyy06.pl,x6,no,0.55,no,corr,None,None,None,None
5757,exp_cycles_indvary2_step6_batch_yyy06.pl,t1,yes,0.98,yes,corr,None,None,None,None
5758,exp_cycles_indvary2_step6_batch_yyy06.pl,y5,no,0.72,no,corr,None,None,None,None
5759,exp_cycles_indvary2_step6_batch_yyy06.pl,p6,no,0.57,no,corr,None,None,None,None
5760,exp_cycles_indvary2_step6_batch_yyy06.pl,f2,yes,0.87,yes,corr,None,None,None,None
5761,exp_cycles_indvary2_step6_batch_yyy07.pl,u5,no,0.33,no,corr,None,None,None,None
5762,exp_cycles_indvary2_step6_batch_yyy07.pl,p7,no,0.57,no,corr,None,None,None,None
5763,exp_cycles_indvary2_step6_batch_yyy07.pl,z1,yes,1.07,yes,corr,None,None,None,None
5764,exp_cycles_indvary2_step6_batch_yyy07.pl,x7,no,0.69,no,corr,None,None,None,None
5765,exp_cycles_indvary2_step6_batch_yyy07.pl,p3,yes,0.88,yes,corr,None,None,None,None
5766,exp_cycles_indvary2_step6_batch_yyy07.pl,r3,yes,0.71,yes,corr,None,None,None,None
5767,exp_cycles_indvary2_step6_batch_yyy07.pl,c3,yes,0.9,yes,corr,None,None,None,None
5768,exp_cycles_indvary2_step6_batch_yyy07.pl,t4,no,0.56,no,corr,None,None,None,None
5769,exp_cycles_indvary2_step6_batch_yyy07.pl,x6,no,0.53,no,corr,None,None,None,None
5770,exp_cycles_indvary2_step6_batch_yyy07.pl,x1,yes,0.87,yes,corr,None,None,None,None
5771,exp_cycles_indvary2_step6_batch_yyy08.pl,d5,no,0.44,no,corr,None,None,None,None
5772,exp_cycles_indvary2_step6_batch_yyy08.pl,c3,yes,0.75,yes,corr,None,None,None,None
5773,exp_cycles_indvary2_step6_batch_yyy08.pl,w7,no,0.52,no,corr,None,None,None,None
5774,exp_cycles_indvary2_step6_batch_yyy08.pl,v6,no,0.34,no,corr,None,None,None,None
5775,exp_cycles_indvary2_step6_batch_yyy08.pl,v1,yes,0.91,yes,corr,None,None,None,None
5776,exp_cycles_indvary2_step6_batch_yyy08.pl,x6,no,0.54,no,corr,None,None,None,None
5777,exp_cycles_indvary2_step6_batch_yyy08.pl,r7,no,0.59,no,corr,None,None,None,None
5778,exp_cycles_indvary2_step6_batch_yyy08.pl,y5,no,0.4,no,corr,None,None,None,None
5779,exp_cycles_indvary2_step6_batch_yyy08.pl,d1,no,11.35,no,corr,None,None,None,None
5780,exp_cycles_indvary2_step6_batch_yyy08.pl,u2,yes,0.7,yes,corr,None,None,None,None
5781,exp_cycles_indvary2_step6_batch_yyy09.pl,z6,no,0.3,no,corr,None,None,None,None
5782,exp_cycles_indvary2_step6_batch_yyy09.pl,v7,no,0.44,no,corr,None,None,None,None
5783,exp_cycles_indvary2_step6_batch_yyy09.pl,s2,yes,0.87,yes,corr,None,None,None,None
5784,exp_cycles_indvary2_step6_batch_yyy09.pl,r5,no,0.52,no,corr,None,None,None,None
5785,exp_cycles_indvary2_step6_batch_yyy09.pl,z2,yes,1.93,yes,corr,None,None,None,None
5786,exp_cycles_indvary2_step6_batch_yyy09.pl,x6,no,0.35,no,corr,None,None,None,None
5787,exp_cycles_indvary2_step6_batch_yyy09.pl,u2,yes,0.85,yes,corr,None,None,None,None
5788,exp_cycles_indvary2_step6_batch_yyy09.pl,q7,no,0.54,no,corr,None,None,None,None
5789,exp_cycles_indvary2_step6_batch_yyy09.pl,r2,yes,0.88,yes,corr,None,None,None,None
5790,exp_cycles_indvary2_step6_batch_yyy09.pl,b6,no,0.86,no,corr,None,None,None,None
5791,exp_cycles_indvary2_step6_batch_yyy10.pl,q6,no,0.55,no,corr,None,None,None,None
5792,exp_cycles_indvary2_step6_batch_yyy10.pl,c2,no,15.26,no,corr,None,None,None,None
5793,exp_cycles_indvary2_step6_batch_yyy10.pl,z2,yes,1.0,yes,corr,None,None,None,None
5794,exp_cycles_indvary2_step6_batch_yyy10.pl,y1,yes,1.04,yes,corr,None,None,None,None
5795,exp_cycles_indvary2_step6_batch_yyy10.pl,z3,no,0.49,no,corr,None,None,None,None
5796,exp_cycles_indvary2_step6_batch_yyy10.pl,y2,yes,0.84,yes,corr,None,None,None,None
5797,exp_cycles_indvary2_step6_batch_yyy10.pl,q1,yes,0.67,yes,corr,None,None,None,None
5798,exp_cycles_indvary2_step6_batch_yyy10.pl,y6,no,0.49,no,corr,None,None,None,None
5799,exp_cycles_indvary2_step6_batch_yyy10.pl,a6,no,0.6,no,corr,None,None,None,None
5800,exp_cycles_indvary2_step6_batch_yyy10.pl,b3,no,15.42,no,corr,None,None,None,None
5801,exp_cycles_indvary2_step7_batch_yyy01.pl,d5,no,0.66,no,corr,None,None,None,None
5802,exp_cycles_indvary2_step7_batch_yyy01.pl,q5,no,0.59,no,corr,None,None,None,None
5803,exp_cycles_indvary2_step7_batch_yyy01.pl,w6,no,0.66,no,corr,None,None,None,None
5804,exp_cycles_indvary2_step7_batch_yyy01.pl,y3,no,0.39,no,corr,None,None,None,None
5805,exp_cycles_indvary2_step7_batch_yyy01.pl,v1,yes,0.94,yes,corr,None,None,None,None
5806,exp_cycles_indvary2_step7_batch_yyy01.pl,f3,no,0.72,no,corr,None,None,None,None
5807,exp_cycles_indvary2_step7_batch_yyy01.pl,t2,yes,0.94,yes,corr,None,None,None,None
5808,exp_cycles_indvary2_step7_batch_yyy01.pl,s1,no,0.63,no,corr,None,None,None,None
5809,exp_cycles_indvary2_step7_batch_yyy01.pl,r7,no,0.42,no,corr,None,None,None,None
5810,exp_cycles_indvary2_step7_batch_yyy01.pl,q2,no,0.71,no,corr,None,None,None,None
5811,exp_cycles_indvary2_step7_batch_yyy02.pl,u5,no,0.52,no,corr,None,None,None,None
5812,exp_cycles_indvary2_step7_batch_yyy02.pl,f1,no,8.71,no,corr,None,None,None,None
5813,exp_cycles_indvary2_step7_batch_yyy02.pl,c1,no,8.85,no,corr,None,None,None,None
5814,exp_cycles_indvary2_step7_batch_yyy02.pl,e3,no,0.65,no,corr,None,None,None,None
5815,exp_cycles_indvary2_step7_batch_yyy02.pl,d2,no,8.83,no,corr,None,None,None,None
5816,exp_cycles_indvary2_step7_batch_yyy02.pl,v3,no,0.82,no,corr,None,None,None,None
5817,exp_cycles_indvary2_step7_batch_yyy02.pl,s4,no,0.46,no,corr,None,None,None,None
5818,exp_cycles_indvary2_step7_batch_yyy02.pl,y4,no,0.46,no,corr,None,None,None,None
5819,exp_cycles_indvary2_step7_batch_yyy02.pl,r5,no,0.32,no,corr,None,None,None,None
5820,exp_cycles_indvary2_step7_batch_yyy02.pl,e4,no,0.47,no,corr,None,None,None,None
5821,exp_cycles_indvary2_step7_batch_yyy03.pl,w7,no,0.52,no,corr,None,None,None,None
5822,exp_cycles_indvary2_step7_batch_yyy03.pl,z5,no,0.4,no,corr,None,None,None,None
5823,exp_cycles_indvary2_step7_batch_yyy03.pl,u4,no,0.41,no,corr,None,None,None,None
5824,exp_cycles_indvary2_step7_batch_yyy03.pl,v5,no,0.69,no,corr,None,None,None,None
5825,exp_cycles_indvary2_step7_batch_yyy03.pl,c2,yes,2.23,yes,corr,None,None,None,None
5826,exp_cycles_indvary2_step7_batch_yyy03.pl,y2,yes,1.01,yes,corr,None,None,None,None
5827,exp_cycles_indvary2_step7_batch_yyy03.pl,x5,no,0.44,no,corr,None,None,None,None
5828,exp_cycles_indvary2_step7_batch_yyy03.pl,c6,no,0.74,no,corr,None,None,None,None
5829,exp_cycles_indvary2_step7_batch_yyy03.pl,q7,no,0.51,no,corr,None,None,None,None
5830,exp_cycles_indvary2_step7_batch_yyy03.pl,y5,no,0.58,no,corr,None,None,None,None
5831,exp_cycles_indvary2_step7_batch_yyy04.pl,x3,no,0.46,no,corr,None,None,None,None
5832,exp_cycles_indvary2_step7_batch_yyy04.pl,t3,no,0.57,no,corr,None,None,None,None
5833,exp_cycles_indvary2_step7_batch_yyy04.pl,f5,no,0.48,no,corr,None,None,None,None
5834,exp_cycles_indvary2_step7_batch_yyy04.pl,y3,no,0.42,no,corr,None,None,None,None
5835,exp_cycles_indvary2_step7_batch_yyy04.pl,w1,yes,0.84,yes,corr,None,None,None,None
5836,exp_cycles_indvary2_step7_batch_yyy04.pl,s6,no,0.72,no,corr,None,None,None,None
5837,exp_cycles_indvary2_step7_batch_yyy04.pl,e3,no,0.57,no,corr,None,None,None,None
5838,exp_cycles_indvary2_step7_batch_yyy04.pl,p6,no,0.7,no,corr,None,None,None,None
5839,exp_cycles_indvary2_step7_batch_yyy04.pl,t1,yes,0.83,yes,corr,None,None,None,None
5840,exp_cycles_indvary2_step7_batch_yyy04.pl,q1,yes,1.04,yes,corr,None,None,None,None
5841,exp_cycles_indvary2_step7_batch_yyy05.pl,d5,no,0.72,no,corr,None,None,None,None
5842,exp_cycles_indvary2_step7_batch_yyy05.pl,q6,no,0.59,no,corr,None,None,None,None
5843,exp_cycles_indvary2_step7_batch_yyy05.pl,p7,no,0.39,no,corr,None,None,None,None
5844,exp_cycles_indvary2_step7_batch_yyy05.pl,t3,no,0.86,no,corr,None,None,None,None
5845,exp_cycles_indvary2_step7_batch_yyy05.pl,x7,no,0.56,no,corr,None,None,None,None
5846,exp_cycles_indvary2_step7_batch_yyy05.pl,y2,yes,0.73,yes,corr,None,None,None,None
5847,exp_cycles_indvary2_step7_batch_yyy05.pl,a1,no,17.32,no,corr,None,None,None,None
5848,exp_cycles_indvary2_step7_batch_yyy05.pl,t1,no,0.59,no,corr,None,None,None,None
5849,exp_cycles_indvary2_step7_batch_yyy05.pl,b3,yes,0.33,yes,corr,None,None,None,None
5850,exp_cycles_indvary2_step7_batch_yyy05.pl,w7,no,0.31,no,corr,None,None,None,None
5851,exp_cycles_indvary2_step7_batch_yyy06.pl,d5,no,0.61,no,corr,None,None,None,None
5852,exp_cycles_indvary2_step7_batch_yyy06.pl,x3,no,0.68,no,corr,None,None,None,None
5853,exp_cycles_indvary2_step7_batch_yyy06.pl,r6,no,0.57,no,corr,None,None,None,None
5854,exp_cycles_indvary2_step7_batch_yyy06.pl,c2,no,1.27,no,corr,None,None,None,None
5855,exp_cycles_indvary2_step7_batch_yyy06.pl,s6,no,0.38,no,corr,None,None,None,None
5856,exp_cycles_indvary2_step7_batch_yyy06.pl,x6,no,0.54,no,corr,None,None,None,None
5857,exp_cycles_indvary2_step7_batch_yyy06.pl,r7,no,0.3,no,corr,None,None,None,None
5858,exp_cycles_indvary2_step7_batch_yyy06.pl,a1,no,1.34,no,corr,None,None,None,None
5859,exp_cycles_indvary2_step7_batch_yyy06.pl,r2,no,0.51,no,corr,None,None,None,None
5860,exp_cycles_indvary2_step7_batch_yyy06.pl,s7,no,0.57,no,corr,None,None,None,None
5861,exp_cycles_indvary2_step7_batch_yyy07.pl,d3,no,0.49,no,corr,None,None,None,None
5862,exp_cycles_indvary2_step7_batch_yyy07.pl,v5,no,0.53,no,corr,None,None,None,None
5863,exp_cycles_indvary2_step7_batch_yyy07.pl,q4,no,0.38,no,corr,None,None,None,None
5864,exp_cycles_indvary2_step7_batch_yyy07.pl,w4,no,0.4,no,corr,None,None,None,None
5865,exp_cycles_indvary2_step7_batch_yyy07.pl,c1,no,1.28,no,corr,None,None,None,None
5866,exp_cycles_indvary2_step7_batch_yyy07.pl,r4,no,0.79,no,corr,None,None,None,None
5867,exp_cycles_indvary2_step7_batch_yyy07.pl,b4,no,0.47,no,corr,None,None,None,None
5868,exp_cycles_indvary2_step7_batch_yyy07.pl,q5,no,0.37,no,corr,None,None,None,None
5869,exp_cycles_indvary2_step7_batch_yyy07.pl,c2,yes,0.84,yes,corr,None,None,None,None
5870,exp_cycles_indvary2_step7_batch_yyy07.pl,t6,no,0.41,no,corr,None,None,None,None
5871,exp_cycles_indvary2_step7_batch_yyy08.pl,q6,no,0.47,no,corr,None,None,None,None
5872,exp_cycles_indvary2_step7_batch_yyy08.pl,x3,no,0.79,no,corr,None,None,None,None
5873,exp_cycles_indvary2_step7_batch_yyy08.pl,w5,no,0.76,no,corr,None,None,None,None
5874,exp_cycles_indvary2_step7_batch_yyy08.pl,s5,no,0.69,no,corr,None,None,None,None
5875,exp_cycles_indvary2_step7_batch_yyy08.pl,b1,yes,4.53,yes,corr,None,None,None,None
5876,exp_cycles_indvary2_step7_batch_yyy08.pl,a4,no,0.43,no,corr,None,None,None,None
5877,exp_cycles_indvary2_step7_batch_yyy08.pl,c6,no,0.41,no,corr,None,None,None,None
5878,exp_cycles_indvary2_step7_batch_yyy08.pl,f4,no,0.46,no,corr,None,None,None,None
5879,exp_cycles_indvary2_step7_batch_yyy08.pl,p1,no,0.61,no,corr,None,None,None,None
5880,exp_cycles_indvary2_step7_batch_yyy08.pl,w3,no,0.41,no,corr,None,None,None,None
5881,exp_cycles_indvary2_step7_batch_yyy09.pl,t5,no,0.71,no,corr,None,None,None,None
5882,exp_cycles_indvary2_step7_batch_yyy09.pl,z6,no,0.48,no,corr,None,None,None,None
5883,exp_cycles_indvary2_step7_batch_yyy09.pl,s4,no,0.52,no,corr,None,None,None,None
5884,exp_cycles_indvary2_step7_batch_yyy09.pl,v2,yes,1.04,yes,corr,None,None,None,None
5885,exp_cycles_indvary2_step7_batch_yyy09.pl,x3,no,0.35,no,corr,None,None,None,None
5886,exp_cycles_indvary2_step7_batch_yyy09.pl,r6,no,0.39,no,corr,None,None,None,None
5887,exp_cycles_indvary2_step7_batch_yyy09.pl,t2,yes,1.17,yes,corr,None,None,None,None
5888,exp_cycles_indvary2_step7_batch_yyy09.pl,f4,no,0.71,no,corr,None,None,None,None
5889,exp_cycles_indvary2_step7_batch_yyy09.pl,q3,yes,0.9,yes,corr,None,None,None,None
5890,exp_cycles_indvary2_step7_batch_yyy09.pl,p6,no,0.42,no,corr,None,None,None,None
5891,exp_cycles_indvary2_step7_batch_yyy10.pl,c4,no,0.5,no,corr,None,None,None,None
5892,exp_cycles_indvary2_step7_batch_yyy10.pl,x3,no,0.47,no,corr,None,None,None,None
5893,exp_cycles_indvary2_step7_batch_yyy10.pl,s2,yes,0.91,yes,corr,None,None,None,None
5894,exp_cycles_indvary2_step7_batch_yyy10.pl,p1,yes,1.09,yes,corr,None,None,None,None
5895,exp_cycles_indvary2_step7_batch_yyy10.pl,v6,no,0.46,no,corr,None,None,None,None
5896,exp_cycles_indvary2_step7_batch_yyy10.pl,f1,no,12.84,no,corr,None,None,None,None
5897,exp_cycles_indvary2_step7_batch_yyy10.pl,a4,no,0.7,no,corr,None,None,None,None
5898,exp_cycles_indvary2_step7_batch_yyy10.pl,x2,no,0.52,no,corr,None,None,None,None
5899,exp_cycles_indvary2_step7_batch_yyy10.pl,a2,no,12.96,no,corr,None,None,None,None
5900,exp_cycles_indvary2_step7_batch_yyy10.pl,x4,no,0.38,no,corr,None,None,None,None
5901,exp_cycles_indvary2_step8_batch_yyy01.pl,s4,no,0.45,no,corr,None,None,None,None
5902,exp_cycles_indvary2_step8_batch_yyy01.pl,w2,yes,1.01,yes,corr,None,None,None,None
5903,exp_cycles_indvary2_step8_batch_yyy01.pl,x2,yes,1.03,yes,corr,None,None,None,None
5904,exp_cycles_indvary2_step8_batch_yyy01.pl,y3,no,0.68,no,corr,None,None,None,None
5905,exp_cycles_indvary2_step8_batch_yyy01.pl,u3,no,0.54,no,corr,None,None,None,None
5906,exp_cycles_indvary2_step8_batch_yyy01.pl,q3,yes,0.9,yes,corr,None,None,None,None
5907,exp_cycles_indvary2_step8_batch_yyy01.pl,e2,no,10.08,no,corr,None,None,None,None
5908,exp_cycles_indvary2_step8_batch_yyy01.pl,p6,no,0.53,no,corr,None,None,None,None
5909,exp_cycles_indvary2_step8_batch_yyy01.pl,p4,no,0.55,no,corr,None,None,None,None
5910,exp_cycles_indvary2_step8_batch_yyy01.pl,p7,no,0.79,no,corr,None,None,None,None
5911,exp_cycles_indvary2_step8_batch_yyy02.pl,r6,no,0.4,no,corr,None,None,None,None
5912,exp_cycles_indvary2_step8_batch_yyy02.pl,v5,no,0.53,no,corr,None,None,None,None
5913,exp_cycles_indvary2_step8_batch_yyy02.pl,t3,no,0.42,no,corr,None,None,None,None
5914,exp_cycles_indvary2_step8_batch_yyy02.pl,w4,no,0.55,no,corr,None,None,None,None
5915,exp_cycles_indvary2_step8_batch_yyy02.pl,y1,yes,1.01,yes,corr,None,None,None,None
5916,exp_cycles_indvary2_step8_batch_yyy02.pl,p2,no,0.58,no,corr,None,None,None,None
5917,exp_cycles_indvary2_step8_batch_yyy02.pl,v3,no,0.41,no,corr,None,None,None,None
5918,exp_cycles_indvary2_step8_batch_yyy02.pl,r3,yes,1.02,yes,corr,None,None,None,None
5919,exp_cycles_indvary2_step8_batch_yyy02.pl,u2,yes,1.02,yes,corr,None,None,None,None
5920,exp_cycles_indvary2_step8_batch_yyy02.pl,t1,no,0.33,no,corr,None,None,None,None
5921,exp_cycles_indvary2_step8_batch_yyy03.pl,v2,yes,0.93,yes,corr,None,None,None,None
5922,exp_cycles_indvary2_step8_batch_yyy03.pl,u1,no,0.48,no,corr,None,None,None,None
5923,exp_cycles_indvary2_step8_batch_yyy03.pl,t3,no,0.41,no,corr,None,None,None,None
5924,exp_cycles_indvary2_step8_batch_yyy03.pl,t6,no,0.39,no,corr,None,None,None,None
5925,exp_cycles_indvary2_step8_batch_yyy03.pl,x2,yes,0.95,yes,corr,None,None,None,None
5926,exp_cycles_indvary2_step8_batch_yyy03.pl,p3,no,0.66,no,corr,None,None,None,None
5927,exp_cycles_indvary2_step8_batch_yyy03.pl,x5,no,0.38,no,corr,None,None,None,None
5928,exp_cycles_indvary2_step8_batch_yyy03.pl,r2,yes,1.07,yes,corr,None,None,None,None
5929,exp_cycles_indvary2_step8_batch_yyy03.pl,u2,yes,0.93,yes,corr,None,None,None,None
5930,exp_cycles_indvary2_step8_batch_yyy03.pl,x4,no,0.49,no,corr,None,None,None,None
5931,exp_cycles_indvary2_step8_batch_yyy04.pl,v7,no,0.57,no,corr,None,None,None,None
5932,exp_cycles_indvary2_step8_batch_yyy04.pl,d4,no,0.67,no,corr,None,None,None,None
5933,exp_cycles_indvary2_step8_batch_yyy04.pl,s5,no,0.42,no,corr,None,None,None,None
5934,exp_cycles_indvary2_step8_batch_yyy04.pl,x7,no,0.4,no,corr,None,None,None,None
5935,exp_cycles_indvary2_step8_batch_yyy04.pl,p2,yes,0.9,yes,corr,None,None,None,None
5936,exp_cycles_indvary2_step8_batch_yyy04.pl,a3,no,10.19,no,corr,None,None,None,None
5937,exp_cycles_indvary2_step8_batch_yyy04.pl,x1,yes,0.95,yes,corr,None,None,None,None
5938,exp_cycles_indvary2_step8_batch_yyy04.pl,x4,no,0.43,no,corr,None,None,None,None
5939,exp_cycles_indvary2_step8_batch_yyy04.pl,v1,yes,1.03,yes,corr,None,None,None,None
5940,exp_cycles_indvary2_step8_batch_yyy04.pl,w1,yes,1.06,yes,corr,None,None,None,None
5941,exp_cycles_indvary2_step8_batch_yyy05.pl,d5,no,0.63,no,corr,None,None,None,None
5942,exp_cycles_indvary2_step8_batch_yyy05.pl,v2,yes,1.0,yes,corr,None,None,None,None
5943,exp_cycles_indvary2_step8_batch_yyy05.pl,d3,no,0.75,no,corr,None,None,None,None
5944,exp_cycles_indvary2_step8_batch_yyy05.pl,w5,no,0.41,no,corr,None,None,None,None
5945,exp_cycles_indvary2_step8_batch_yyy05.pl,c5,no,0.43,no,corr,None,None,None,None
5946,exp_cycles_indvary2_step8_batch_yyy05.pl,f5,no,0.66,no,corr,None,None,None,None
5947,exp_cycles_indvary2_step8_batch_yyy05.pl,w4,no,0.55,no,corr,None,None,None,None
5948,exp_cycles_indvary2_step8_batch_yyy05.pl,b5,no,0.59,no,corr,None,None,None,None
5949,exp_cycles_indvary2_step8_batch_yyy05.pl,x1,yes,0.92,yes,corr,None,None,None,None
5950,exp_cycles_indvary2_step8_batch_yyy05.pl,y6,no,0.38,no,corr,None,None,None,None
5951,exp_cycles_indvary2_step8_batch_yyy06.pl,u6,no,0.43,no,corr,None,None,None,None
5952,exp_cycles_indvary2_step8_batch_yyy06.pl,b4,no,0.32,no,corr,None,None,None,None
5953,exp_cycles_indvary2_step8_batch_yyy06.pl,s6,no,0.44,no,corr,None,None,None,None
5954,exp_cycles_indvary2_step8_batch_yyy06.pl,v4,no,0.54,no,corr,None,None,None,None
5955,exp_cycles_indvary2_step8_batch_yyy06.pl,a3,no,1.56,no,corr,None,None,None,None
5956,exp_cycles_indvary2_step8_batch_yyy06.pl,x1,yes,1.13,yes,corr,None,None,None,None
5957,exp_cycles_indvary2_step8_batch_yyy06.pl,s7,no,0.5,no,corr,None,None,None,None
5958,exp_cycles_indvary2_step8_batch_yyy06.pl,d1,no,1.28,no,corr,None,None,None,None
5959,exp_cycles_indvary2_step8_batch_yyy06.pl,u2,yes,0.93,yes,corr,None,None,None,None
5960,exp_cycles_indvary2_step8_batch_yyy06.pl,q1,yes,1.12,yes,corr,None,None,None,None
5961,exp_cycles_indvary2_step8_batch_yyy07.pl,r6,no,0.42,no,corr,None,None,None,None
5962,exp_cycles_indvary2_step8_batch_yyy07.pl,w6,no,0.37,no,corr,None,None,None,None
5963,exp_cycles_indvary2_step8_batch_yyy07.pl,s1,yes,0.88,yes,corr,None,None,None,None
5964,exp_cycles_indvary2_step8_batch_yyy07.pl,p2,yes,1.09,yes,corr,None,None,None,None
5965,exp_cycles_indvary2_step8_batch_yyy07.pl,z3,no,0.59,no,corr,None,None,None,None
5966,exp_cycles_indvary2_step8_batch_yyy07.pl,r3,no,0.47,no,corr,None,None,None,None
5967,exp_cycles_indvary2_step8_batch_yyy07.pl,p4,no,0.64,no,corr,None,None,None,None
5968,exp_cycles_indvary2_step8_batch_yyy07.pl,x3,no,0.73,no,corr,None,None,None,None
5969,exp_cycles_indvary2_step8_batch_yyy07.pl,t2,yes,1.1,yes,corr,None,None,None,None
5970,exp_cycles_indvary2_step8_batch_yyy07.pl,s6,no,0.33,no,corr,None,None,None,None
5971,exp_cycles_indvary2_step8_batch_yyy08.pl,p5,no,0.57,no,corr,None,None,None,None
5972,exp_cycles_indvary2_step8_batch_yyy08.pl,f1,no,28.74,no,corr,None,None,None,None
5973,exp_cycles_indvary2_step8_batch_yyy08.pl,u4,no,0.56,no,corr,None,None,None,None
5974,exp_cycles_indvary2_step8_batch_yyy08.pl,e4,no,0.6,no,corr,None,None,None,None
5975,exp_cycles_indvary2_step8_batch_yyy08.pl,f3,no,1.03,no,corr,None,None,None,None
5976,exp_cycles_indvary2_step8_batch_yyy08.pl,s7,no,0.71,no,corr,None,None,None,None
5977,exp_cycles_indvary2_step8_batch_yyy08.pl,q1,yes,1.27,yes,corr,None,None,None,None
5978,exp_cycles_indvary2_step8_batch_yyy08.pl,q7,no,0.73,no,corr,None,None,None,None
5979,exp_cycles_indvary2_step8_batch_yyy08.pl,w6,no,0.48,no,corr,None,None,None,None
5980,exp_cycles_indvary2_step8_batch_yyy08.pl,x2,yes,2.53,yes,corr,None,None,None,None
5981,exp_cycles_indvary2_step8_batch_yyy09.pl,x3,no,0.66,no,corr,None,None,None,None
5982,exp_cycles_indvary2_step8_batch_yyy09.pl,f1,yes,0.57,yes,corr,None,None,None,None
5983,exp_cycles_indvary2_step8_batch_yyy09.pl,z1,yes,1.03,yes,corr,None,None,None,None
5984,exp_cycles_indvary2_step8_batch_yyy09.pl,t7,no,0.56,no,corr,None,None,None,None
5985,exp_cycles_indvary2_step8_batch_yyy09.pl,r7,no,0.69,no,corr,None,None,None,None
5986,exp_cycles_indvary2_step8_batch_yyy09.pl,d1,no,10.49,no,corr,None,None,None,None
5987,exp_cycles_indvary2_step8_batch_yyy09.pl,y5,no,0.58,no,corr,None,None,None,None
5988,exp_cycles_indvary2_step8_batch_yyy09.pl,w3,no,0.54,no,corr,None,None,None,None
5989,exp_cycles_indvary2_step8_batch_yyy09.pl,s5,no,0.66,no,corr,None,None,None,None
5990,exp_cycles_indvary2_step8_batch_yyy09.pl,t3,no,0.41,no,corr,None,None,None,None
5991,exp_cycles_indvary2_step8_batch_yyy10.pl,s3,no,0.54,no,corr,None,None,None,None
5992,exp_cycles_indvary2_step8_batch_yyy10.pl,r6,no,0.42,no,corr,None,None,None,None
5993,exp_cycles_indvary2_step8_batch_yyy10.pl,v5,no,0.65,no,corr,None,None,None,None
5994,exp_cycles_indvary2_step8_batch_yyy10.pl,w6,no,0.72,no,corr,None,None,None,None
5995,exp_cycles_indvary2_step8_batch_yyy10.pl,f4,no,0.57,no,corr,None,None,None,None
5996,exp_cycles_indvary2_step8_batch_yyy10.pl,q3,yes,2.61,yes,corr,None,None,None,None
5997,exp_cycles_indvary2_step8_batch_yyy10.pl,u5,no,0.44,no,corr,None,None,None,None
5998,exp_cycles_indvary2_step8_batch_yyy10.pl,d5,no,0.49,no,corr,None,None,None,None
5999,exp_cycles_indvary2_step8_batch_yyy10.pl,d4,no,0.46,no,corr,None,None,None,None
6000,exp_cycles_indvary2_step8_batch_yyy10.pl,x3,no,0.34,no,corr,None,None,None,None
6001,exp_cycles_indvary3_step1_batch_yyy01.pl,t5,no,0.46,no,corr,None,None,None,None
6002,exp_cycles_indvary3_step1_batch_yyy01.pl,s4,no,0.54,no,corr,None,None,None,None
6003,exp_cycles_indvary3_step1_batch_yyy01.pl,u4,no,0.45,no,corr,None,None,None,None
6004,exp_cycles_indvary3_step1_batch_yyy01.pl,w5,no,0.39,no,corr,None,None,None,None
6005,exp_cycles_indvary3_step1_batch_yyy01.pl,y3,yes,0.39,yes,corr,None,None,None,None
6006,exp_cycles_indvary3_step1_batch_yyy01.pl,b5,no,0.5,no,corr,None,None,None,None
6007,exp_cycles_indvary3_step1_batch_yyy01.pl,d1,yes,0.26,yes,corr,None,None,None,None
6008,exp_cycles_indvary3_step1_batch_yyy01.pl,a2,no,1.11,no,corr,None,None,None,None
6009,exp_cycles_indvary3_step1_batch_yyy01.pl,r2,yes,0.43,yes,corr,None,None,None,None
6010,exp_cycles_indvary3_step1_batch_yyy01.pl,r7,no,0.39,no,corr,None,None,None,None
6011,exp_cycles_indvary3_step1_batch_yyy02.pl,r6,no,0.49,no,corr,None,None,None,None
6012,exp_cycles_indvary3_step1_batch_yyy02.pl,p2,yes,0.77,yes,corr,None,None,None,None
6013,exp_cycles_indvary3_step1_batch_yyy02.pl,x1,no,0.52,no,corr,None,None,None,None
6014,exp_cycles_indvary3_step1_batch_yyy02.pl,b6,no,0.41,no,corr,None,None,None,None
6015,exp_cycles_indvary3_step1_batch_yyy02.pl,r3,no,0.58,no,corr,None,None,None,None
6016,exp_cycles_indvary3_step1_batch_yyy02.pl,f2,yes,0.46,yes,corr,None,None,None,None
6017,exp_cycles_indvary3_step1_batch_yyy02.pl,c3,yes,0.56,yes,corr,None,None,None,None
6018,exp_cycles_indvary3_step1_batch_yyy02.pl,t4,no,0.58,no,corr,None,None,None,None
6019,exp_cycles_indvary3_step1_batch_yyy02.pl,x5,no,0.51,no,corr,None,None,None,None
6020,exp_cycles_indvary3_step1_batch_yyy02.pl,b5,no,0.52,no,corr,None,None,None,None
6021,exp_cycles_indvary3_step1_batch_yyy03.pl,u6,no,0.51,no,corr,None,None,None,None
6022,exp_cycles_indvary3_step1_batch_yyy03.pl,t4,no,0.29,no,corr,None,None,None,None
6023,exp_cycles_indvary3_step1_batch_yyy03.pl,p3,yes,0.38,yes,corr,None,None,None,None
6024,exp_cycles_indvary3_step1_batch_yyy03.pl,r1,no,0.34,no,corr,None,None,None,None
6025,exp_cycles_indvary3_step1_batch_yyy03.pl,q3,yes,0.4,yes,corr,None,None,None,None
6026,exp_cycles_indvary3_step1_batch_yyy03.pl,r7,no,0.35,no,corr,None,None,None,None
6027,exp_cycles_indvary3_step1_batch_yyy03.pl,q1,no,2.85,no,corr,None,None,None,None
6028,exp_cycles_indvary3_step1_batch_yyy03.pl,y6,no,0.36,no,corr,None,None,None,None
6029,exp_cycles_indvary3_step1_batch_yyy03.pl,b3,yes,0.28,yes,corr,None,None,None,None
6030,exp_cycles_indvary3_step1_batch_yyy03.pl,v7,no,0.34,no,corr,None,None,None,None
6031,exp_cycles_indvary3_step1_batch_yyy04.pl,v2,no,2.38,no,corr,None,None,None,None
6032,exp_cycles_indvary3_step1_batch_yyy04.pl,d3,no,0.28,no,corr,None,None,None,None
6033,exp_cycles_indvary3_step1_batch_yyy04.pl,f3,no,0.48,no,corr,None,None,None,None
6034,exp_cycles_indvary3_step1_batch_yyy04.pl,p2,no,0.33,no,corr,None,None,None,None
6035,exp_cycles_indvary3_step1_batch_yyy04.pl,y2,yes,2.32,yes,corr,None,None,None,None
6036,exp_cycles_indvary3_step1_batch_yyy04.pl,s7,no,0.56,no,corr,None,None,None,None
6037,exp_cycles_indvary3_step1_batch_yyy04.pl,q7,no,0.49,no,corr,None,None,None,None
6038,exp_cycles_indvary3_step1_batch_yyy04.pl,q2,yes,2.27,yes,corr,None,None,None,None
6039,exp_cycles_indvary3_step1_batch_yyy04.pl,c1,no,0.46,no,corr,None,None,None,None
6040,exp_cycles_indvary3_step1_batch_yyy04.pl,t2,yes,0.84,yes,corr,None,None,None,None
6041,exp_cycles_indvary3_step1_batch_yyy05.pl,u5,no,0.52,no,corr,None,None,None,None
6042,exp_cycles_indvary3_step1_batch_yyy05.pl,a6,no,0.47,no,corr,None,None,None,None
6043,exp_cycles_indvary3_step1_batch_yyy05.pl,x3,no,0.41,no,corr,None,None,None,None
6044,exp_cycles_indvary3_step1_batch_yyy05.pl,v6,no,0.28,no,corr,None,None,None,None
6045,exp_cycles_indvary3_step1_batch_yyy05.pl,d3,no,0.56,no,corr,None,None,None,None
6046,exp_cycles_indvary3_step1_batch_yyy05.pl,w5,no,0.33,no,corr,None,None,None,None
6047,exp_cycles_indvary3_step1_batch_yyy05.pl,b1,yes,0.33,yes,corr,None,None,None,None
6048,exp_cycles_indvary3_step1_batch_yyy05.pl,t7,no,0.48,no,corr,None,None,None,None
6049,exp_cycles_indvary3_step1_batch_yyy05.pl,u3,yes,0.55,yes,corr,None,None,None,None
6050,exp_cycles_indvary3_step1_batch_yyy05.pl,r4,no,0.52,no,corr,None,None,None,None
6051,exp_cycles_indvary3_step1_batch_yyy06.pl,z6,no,0.75,no,corr,None,None,None,None
6052,exp_cycles_indvary3_step1_batch_yyy06.pl,d4,no,0.37,no,corr,None,None,None,None
6053,exp_cycles_indvary3_step1_batch_yyy06.pl,u3,yes,0.73,yes,corr,None,None,None,None
6054,exp_cycles_indvary3_step1_batch_yyy06.pl,p2,no,0.61,no,corr,None,None,None,None
6055,exp_cycles_indvary3_step1_batch_yyy06.pl,y2,yes,0.8,yes,corr,None,None,None,None
6056,exp_cycles_indvary3_step1_batch_yyy06.pl,v3,yes,0.31,yes,corr,None,None,None,None
6057,exp_cycles_indvary3_step1_batch_yyy06.pl,x4,no,0.22,no,corr,None,None,None,None
6058,exp_cycles_indvary3_step1_batch_yyy06.pl,c2,no,0.71,no,corr,None,None,None,None
6059,exp_cycles_indvary3_step1_batch_yyy06.pl,a5,no,0.41,no,corr,None,None,None,None
6060,exp_cycles_indvary3_step1_batch_yyy06.pl,b1,yes,0.38,yes,corr,None,None,None,None
6061,exp_cycles_indvary3_step1_batch_yyy07.pl,u6,no,0.38,no,corr,None,None,None,None
6062,exp_cycles_indvary3_step1_batch_yyy07.pl,z5,no,0.73,no,corr,None,None,None,None
6063,exp_cycles_indvary3_step1_batch_yyy07.pl,v6,no,0.35,no,corr,None,None,None,None
6064,exp_cycles_indvary3_step1_batch_yyy07.pl,u4,no,0.47,no,corr,None,None,None,None
6065,exp_cycles_indvary3_step1_batch_yyy07.pl,b4,no,0.29,no,corr,None,None,None,None
6066,exp_cycles_indvary3_step1_batch_yyy07.pl,v4,no,0.27,no,corr,None,None,None,None
6067,exp_cycles_indvary3_step1_batch_yyy07.pl,r1,yes,0.38,yes,corr,None,None,None,None
6068,exp_cycles_indvary3_step1_batch_yyy07.pl,p2,no,0.28,no,corr,None,None,None,None
6069,exp_cycles_indvary3_step1_batch_yyy07.pl,s2,yes,0.49,yes,corr,None,None,None,None
6070,exp_cycles_indvary3_step1_batch_yyy07.pl,c2,yes,0.37,yes,corr,None,None,None,None
6071,exp_cycles_indvary3_step1_batch_yyy08.pl,v2,no,0.29,no,corr,None,None,None,None
6072,exp_cycles_indvary3_step1_batch_yyy08.pl,p5,no,0.64,no,corr,None,None,None,None
6073,exp_cycles_indvary3_step1_batch_yyy08.pl,w5,no,0.68,no,corr,None,None,None,None
6074,exp_cycles_indvary3_step1_batch_yyy08.pl,c5,no,0.44,no,corr,None,None,None,None
6075,exp_cycles_indvary3_step1_batch_yyy08.pl,q3,yes,1.31,yes,corr,None,None,None,None
6076,exp_cycles_indvary3_step1_batch_yyy08.pl,u2,yes,0.35,yes,corr,None,None,None,None
6077,exp_cycles_indvary3_step1_batch_yyy08.pl,t4,no,0.32,no,corr,None,None,None,None
6078,exp_cycles_indvary3_step1_batch_yyy08.pl,t5,no,0.3,no,corr,None,None,None,None
6079,exp_cycles_indvary3_step1_batch_yyy08.pl,b6,no,0.42,no,corr,None,None,None,None
6080,exp_cycles_indvary3_step1_batch_yyy08.pl,a1,no,4.73,no,corr,None,None,None,None
6081,exp_cycles_indvary3_step1_batch_yyy09.pl,a6,no,0.71,no,corr,None,None,None,None
6082,exp_cycles_indvary3_step1_batch_yyy09.pl,f1,yes,0.47,yes,corr,None,None,None,None
6083,exp_cycles_indvary3_step1_batch_yyy09.pl,q5,no,0.43,no,corr,None,None,None,None
6084,exp_cycles_indvary3_step1_batch_yyy09.pl,f5,no,0.39,no,corr,None,None,None,None
6085,exp_cycles_indvary3_step1_batch_yyy09.pl,v1,no,0.47,no,corr,None,None,None,None
6086,exp_cycles_indvary3_step1_batch_yyy09.pl,u3,yes,0.7,yes,corr,None,None,None,None
6087,exp_cycles_indvary3_step1_batch_yyy09.pl,y1,yes,0.7,yes,corr,None,None,None,None
6088,exp_cycles_indvary3_step1_batch_yyy09.pl,f4,no,0.51,no,corr,None,None,None,None
6089,exp_cycles_indvary3_step1_batch_yyy09.pl,y2,no,0.35,no,corr,None,None,None,None
6090,exp_cycles_indvary3_step1_batch_yyy09.pl,x1,yes,0.36,yes,corr,None,None,None,None
6091,exp_cycles_indvary3_step1_batch_yyy10.pl,u5,no,0.39,no,corr,None,None,None,None
6092,exp_cycles_indvary3_step1_batch_yyy10.pl,v7,no,0.28,no,corr,None,None,None,None
6093,exp_cycles_indvary3_step1_batch_yyy10.pl,z5,no,0.48,no,corr,None,None,None,None
6094,exp_cycles_indvary3_step1_batch_yyy10.pl,c2,no,0.59,no,corr,None,None,None,None
6095,exp_cycles_indvary3_step1_batch_yyy10.pl,x7,no,0.51,no,corr,None,None,None,None
6096,exp_cycles_indvary3_step1_batch_yyy10.pl,f4,no,0.55,no,corr,None,None,None,None
6097,exp_cycles_indvary3_step1_batch_yyy10.pl,x4,no,0.44,no,corr,None,None,None,None
6098,exp_cycles_indvary3_step1_batch_yyy10.pl,f2,no,0.37,no,corr,None,None,None,None
6099,exp_cycles_indvary3_step1_batch_yyy10.pl,y2,no,0.42,no,corr,None,None,None,None
6100,exp_cycles_indvary3_step1_batch_yyy10.pl,x1,yes,0.58,yes,corr,None,None,None,None
6101,exp_cycles_indvary3_step2_batch_yyy01.pl,s3,,600.0,no,TIMEOUT,,,,
6102,exp_cycles_indvary3_step2_batch_yyy01.pl,q6,no,0.27,no,corr,None,None,None,None
6103,exp_cycles_indvary3_step2_batch_yyy01.pl,d4,no,0.19,no,corr,None,None,None,None
6104,exp_cycles_indvary3_step2_batch_yyy01.pl,u1,no,0.56,no,corr,None,None,None,None
6105,exp_cycles_indvary3_step2_batch_yyy01.pl,c2,yes,0.33,yes,corr,None,None,None,None
6106,exp_cycles_indvary3_step2_batch_yyy01.pl,e4,no,0.19,no,corr,None,None,None,None
6107,exp_cycles_indvary3_step2_batch_yyy01.pl,v1,no,0.24,no,corr,None,None,None,None
6108,exp_cycles_indvary3_step2_batch_yyy01.pl,r4,no,0.27,no,corr,None,None,None,None
6109,exp_cycles_indvary3_step2_batch_yyy01.pl,b6,no,0.48,no,corr,None,None,None,None
6110,exp_cycles_indvary3_step2_batch_yyy01.pl,r3,no,0.23,no,corr,None,None,None,None
6111,exp_cycles_indvary3_step2_batch_yyy02.pl,v7,no,0.3,no,corr,None,None,None,None
6112,exp_cycles_indvary3_step2_batch_yyy02.pl,b4,no,0.48,no,corr,None,None,None,None
6113,exp_cycles_indvary3_step2_batch_yyy02.pl,t6,no,0.24,no,corr,None,None,None,None
6114,exp_cycles_indvary3_step2_batch_yyy02.pl,y1,no,0.42,no,corr,None,None,None,None
6115,exp_cycles_indvary3_step2_batch_yyy02.pl,p2,no,0.3,no,corr,None,None,None,None
6116,exp_cycles_indvary3_step2_batch_yyy02.pl,y2,no,0.21,no,corr,None,None,None,None
6117,exp_cycles_indvary3_step2_batch_yyy02.pl,q1,yes,2.25,yes,corr,None,None,None,None
6118,exp_cycles_indvary3_step2_batch_yyy02.pl,q7,no,0.35,no,corr,None,None,None,None
6119,exp_cycles_indvary3_step2_batch_yyy02.pl,t5,no,0.24,no,corr,None,None,None,None
6120,exp_cycles_indvary3_step2_batch_yyy02.pl,s3,no,112.66,no,corr,None,None,None,None
6121,exp_cycles_indvary3_step2_batch_yyy03.pl,v7,no,0.46,no,corr,None,None,None,None
6122,exp_cycles_indvary3_step2_batch_yyy03.pl,v2,no,0.32,no,corr,None,None,None,None
6123,exp_cycles_indvary3_step2_batch_yyy03.pl,w6,no,0.47,no,corr,None,None,None,None
6124,exp_cycles_indvary3_step2_batch_yyy03.pl,f3,no,0.31,no,corr,None,None,None,None
6125,exp_cycles_indvary3_step2_batch_yyy03.pl,v4,no,0.29,no,corr,None,None,None,None
6126,exp_cycles_indvary3_step2_batch_yyy03.pl,a3,no,25.51,no,corr,None,None,None,None
6127,exp_cycles_indvary3_step2_batch_yyy03.pl,y2,,600.0,no,TIMEOUT,,,,
6128,exp_cycles_indvary3_step2_batch_yyy03.pl,y5,no,1.05,no,corr,None,None,None,None
6129,exp_cycles_indvary3_step2_batch_yyy03.pl,p5,no,0.72,no,corr,None,None,None,None
6130,exp_cycles_indvary3_step2_batch_yyy03.pl,d4,no,0.32,no,corr,None,None,None,None
6131,exp_cycles_indvary3_step2_batch_yyy04.pl,c4,no,0.56,no,corr,None,None,None,None
6132,exp_cycles_indvary3_step2_batch_yyy04.pl,d3,no,0.54,no,corr,None,None,None,None
6133,exp_cycles_indvary3_step2_batch_yyy04.pl,p1,,600.0,no,TIMEOUT,,,,
6134,exp_cycles_indvary3_step2_batch_yyy04.pl,q7,no,0.75,no,corr,None,None,None,None
6135,exp_cycles_indvary3_step2_batch_yyy04.pl,b3,yes,0.39,yes,corr,None,None,None,None
6136,exp_cycles_indvary3_step2_batch_yyy04.pl,v7,no,0.4,no,corr,None,None,None,None
6137,exp_cycles_indvary3_step2_batch_yyy04.pl,x5,no,0.53,no,corr,None,None,None,None
6138,exp_cycles_indvary3_step2_batch_yyy04.pl,t2,no,0.38,no,corr,None,None,None,None
6139,exp_cycles_indvary3_step2_batch_yyy04.pl,r2,no,0.44,no,corr,None,None,None,None
6140,exp_cycles_indvary3_step2_batch_yyy04.pl,r7,no,0.34,no,corr,None,None,None,None
6141,exp_cycles_indvary3_step2_batch_yyy05.pl,c4,no,0.47,no,corr,None,None,None,None
6142,exp_cycles_indvary3_step2_batch_yyy05.pl,y4,no,0.32,no,corr,None,None,None,None
6143,exp_cycles_indvary3_step2_batch_yyy05.pl,q6,no,0.56,no,corr,None,None,None,None
6144,exp_cycles_indvary3_step2_batch_yyy05.pl,q4,,600.0,no,TIMEOUT,,,,
6145,exp_cycles_indvary3_step2_batch_yyy05.pl,z4,no,1.64,no,corr,None,None,None,None
6146,exp_cycles_indvary3_step2_batch_yyy05.pl,v6,no,0.3,no,corr,None,None,None,None
6147,exp_cycles_indvary3_step2_batch_yyy05.pl,u1,,600.0,no,TIMEOUT,,,,
6148,exp_cycles_indvary3_step2_batch_yyy05.pl,f1,,600.0,no,TIMEOUT,,,,
6149,exp_cycles_indvary3_step2_batch_yyy05.pl,t2,no,346.47,no,corr,None,None,None,None
6150,exp_cycles_indvary3_step2_batch_yyy05.pl,b5,no,0.84,no,corr,None,None,None,None
6151,exp_cycles_indvary3_step2_batch_yyy06.pl,q5,no,0.25,no,corr,None,None,None,None
6152,exp_cycles_indvary3_step2_batch_yyy06.pl,c3,yes,0.93,yes,corr,None,None,None,None
6153,exp_cycles_indvary3_step2_batch_yyy06.pl,c4,no,0.61,no,corr,None,None,None,None
6154,exp_cycles_indvary3_step2_batch_yyy06.pl,p5,no,0.34,no,corr,None,None,None,None
6155,exp_cycles_indvary3_step2_batch_yyy06.pl,x3,no,0.42,no,corr,None,None,None,None
6156,exp_cycles_indvary3_step2_batch_yyy06.pl,t7,no,0.4,no,corr,None,None,None,None
6157,exp_cycles_indvary3_step2_batch_yyy06.pl,z2,no,231.28,no,corr,None,None,None,None
6158,exp_cycles_indvary3_step2_batch_yyy06.pl,b5,no,0.54,no,corr,None,None,None,None
6159,exp_cycles_indvary3_step2_batch_yyy06.pl,v4,no,0.39,no,corr,None,None,None,None
6160,exp_cycles_indvary3_step2_batch_yyy06.pl,r4,no,0.48,no,corr,None,None,None,None
6161,exp_cycles_indvary3_step2_batch_yyy07.pl,s3,no,251.47,no,corr,None,None,None,None
6162,exp_cycles_indvary3_step2_batch_yyy07.pl,s4,no,0.73,no,corr,None,None,None,None
6163,exp_cycles_indvary3_step2_batch_yyy07.pl,e1,no,157.75,no,corr,None,None,None,None
6164,exp_cycles_indvary3_step2_batch_yyy07.pl,f5,no,0.41,no,corr,None,None,None,None
6165,exp_cycles_indvary3_step2_batch_yyy07.pl,z4,no,0.61,no,corr,None,None,None,None
6166,exp_cycles_indvary3_step2_batch_yyy07.pl,t7,no,0.49,no,corr,None,None,None,None
6167,exp_cycles_indvary3_step2_batch_yyy07.pl,u3,no,0.36,no,corr,None,None,None,None
6168,exp_cycles_indvary3_step2_batch_yyy07.pl,u2,no,54.96,no,corr,None,None,None,None
6169,exp_cycles_indvary3_step2_batch_yyy07.pl,p5,no,0.59,no,corr,None,None,None,None
6170,exp_cycles_indvary3_step2_batch_yyy07.pl,x3,,600.0,no,TIMEOUT,,,,
6171,exp_cycles_indvary3_step2_batch_yyy08.pl,u5,no,0.84,no,corr,None,None,None,None
6172,exp_cycles_indvary3_step2_batch_yyy08.pl,f1,no,0.7,no,corr,None,None,None,None
6173,exp_cycles_indvary3_step2_batch_yyy08.pl,w5,no,0.52,no,corr,None,None,None,None
6174,exp_cycles_indvary3_step2_batch_yyy08.pl,c5,no,0.43,no,corr,None,None,None,None
6175,exp_cycles_indvary3_step2_batch_yyy08.pl,p1,yes,2.16,yes,corr,None,None,None,None
6176,exp_cycles_indvary3_step2_batch_yyy08.pl,w3,no,0.49,no,corr,None,None,None,None
6177,exp_cycles_indvary3_step2_batch_yyy08.pl,z4,no,0.61,no,corr,None,None,None,None
6178,exp_cycles_indvary3_step2_batch_yyy08.pl,y3,no,0.26,no,corr,None,None,None,None
6179,exp_cycles_indvary3_step2_batch_yyy08.pl,y2,,600.0,no,TIMEOUT,,,,
6180,exp_cycles_indvary3_step2_batch_yyy08.pl,x1,yes,3.54,yes,corr,None,None,None,None
6181,exp_cycles_indvary3_step2_batch_yyy09.pl,z5,no,0.25,no,corr,None,None,None,None
6182,exp_cycles_indvary3_step2_batch_yyy09.pl,v6,no,0.38,no,corr,None,None,None,None
6183,exp_cycles_indvary3_step2_batch_yyy09.pl,z1,no,0.32,no,corr,None,None,None,None
6184,exp_cycles_indvary3_step2_batch_yyy09.pl,w4,no,0.26,no,corr,None,None,None,None
6185,exp_cycles_indvary3_step2_batch_yyy09.pl,s6,no,0.35,no,corr,None,None,None,None
6186,exp_cycles_indvary3_step2_batch_yyy09.pl,a3,,600.0,no,TIMEOUT,,,,
6187,exp_cycles_indvary3_step2_batch_yyy09.pl,t4,no,0.85,no,corr,None,None,None,None
6188,exp_cycles_indvary3_step2_batch_yyy09.pl,s3,,600.0,no,TIMEOUT,,,,
6189,exp_cycles_indvary3_step2_batch_yyy09.pl,r7,no,0.85,no,corr,None,None,None,None
6190,exp_cycles_indvary3_step2_batch_yyy09.pl,b6,no,0.69,no,corr,None,None,None,None
6191,exp_cycles_indvary3_step2_batch_yyy10.pl,z6,no,0.56,no,corr,None,None,None,None
6192,exp_cycles_indvary3_step2_batch_yyy10.pl,a6,no,0.49,no,corr,None,None,None,None
6193,exp_cycles_indvary3_step2_batch_yyy10.pl,q6,no,0.49,no,corr,None,None,None,None
6194,exp_cycles_indvary3_step2_batch_yyy10.pl,b4,no,0.29,no,corr,None,None,None,None
6195,exp_cycles_indvary3_step2_batch_yyy10.pl,y3,no,0.33,no,corr,None,None,None,None
6196,exp_cycles_indvary3_step2_batch_yyy10.pl,r4,no,0.38,no,corr,None,None,None,None
6197,exp_cycles_indvary3_step2_batch_yyy10.pl,d2,yes,1.66,yes,corr,None,None,None,None
6198,exp_cycles_indvary3_step2_batch_yyy10.pl,z3,no,0.38,no,corr,None,None,None,None
6199,exp_cycles_indvary3_step2_batch_yyy10.pl,r3,yes,4.51,yes,corr,None,None,None,None
6200,exp_cycles_indvary3_step2_batch_yyy10.pl,d1,yes,0.73,yes,corr,None,None,None,None
6201,exp_cycles_indvary3_step3_batch_yyy01.pl,w2,no,0.7,no,corr,None,None,None,None
6202,exp_cycles_indvary3_step3_batch_yyy01.pl,w6,no,0.6,no,corr,None,None,None,None
6203,exp_cycles_indvary3_step3_batch_yyy01.pl,a3,yes,0.47,yes,corr,None,None,None,None
6204,exp_cycles_indvary3_step3_batch_yyy01.pl,q1,,600.0,no,TIMEOUT,,,,
6205,exp_cycles_indvary3_step3_batch_yyy01.pl,q7,no,0.92,no,corr,None,None,None,None
6206,exp_cycles_indvary3_step3_batch_yyy01.pl,a2,no,0.52,no,corr,None,None,None,None
6207,exp_cycles_indvary3_step3_batch_yyy01.pl,t4,no,0.5,no,corr,None,None,None,None
6208,exp_cycles_indvary3_step3_batch_yyy01.pl,c4,no,0.52,no,corr,None,None,None,None
6209,exp_cycles_indvary3_step3_batch_yyy01.pl,b4,no,0.61,no,corr,None,None,None,None
6210,exp_cycles_indvary3_step3_batch_yyy01.pl,q5,no,0.31,no,corr,None,None,None,None
6211,exp_cycles_indvary3_step3_batch_yyy02.pl,b4,no,0.59,no,corr,None,None,None,None
6212,exp_cycles_indvary3_step3_batch_yyy02.pl,w6,no,0.66,no,corr,None,None,None,None
6213,exp_cycles_indvary3_step3_batch_yyy02.pl,a3,yes,0.37,yes,corr,None,None,None,None
6214,exp_cycles_indvary3_step3_batch_yyy02.pl,r7,no,0.38,no,corr,None,None,None,None
6215,exp_cycles_indvary3_step3_batch_yyy02.pl,p1,no,74.69,no,corr,None,None,None,None
6216,exp_cycles_indvary3_step3_batch_yyy02.pl,y5,no,0.45,no,corr,None,None,None,None
6217,exp_cycles_indvary3_step3_batch_yyy02.pl,t4,no,0.63,no,corr,None,None,None,None
6218,exp_cycles_indvary3_step3_batch_yyy02.pl,s3,,600.0,no,TIMEOUT,,,,
6219,exp_cycles_indvary3_step3_batch_yyy02.pl,y1,no,0.78,no,corr,None,None,None,None
6220,exp_cycles_indvary3_step3_batch_yyy02.pl,d2,yes,0.56,yes,corr,None,None,None,None
6221,exp_cycles_indvary3_step3_batch_yyy03.pl,s4,no,0.42,no,corr,None,None,None,None
6222,exp_cycles_indvary3_step3_batch_yyy03.pl,d3,no,0.53,no,corr,None,None,None,None
6223,exp_cycles_indvary3_step3_batch_yyy03.pl,f5,no,0.45,no,corr,None,None,None,None
6224,exp_cycles_indvary3_step3_batch_yyy03.pl,w1,no,53.33,no,corr,None,None,None,None
6225,exp_cycles_indvary3_step3_batch_yyy03.pl,y1,no,0.44,no,corr,None,None,None,None
6226,exp_cycles_indvary3_step3_batch_yyy03.pl,p2,no,50.17,no,corr,None,None,None,None
6227,exp_cycles_indvary3_step3_batch_yyy03.pl,x1,no,34.66,no,corr,None,None,None,None
6228,exp_cycles_indvary3_step3_batch_yyy03.pl,s7,no,0.59,no,corr,None,None,None,None
6229,exp_cycles_indvary3_step3_batch_yyy03.pl,z4,no,0.68,no,corr,None,None,None,None
6230,exp_cycles_indvary3_step3_batch_yyy03.pl,r5,no,0.73,no,corr,None,None,None,None
6231,exp_cycles_indvary3_step3_batch_yyy04.pl,s4,no,0.47,no,corr,None,None,None,None
6232,exp_cycles_indvary3_step3_batch_yyy04.pl,p5,no,0.36,no,corr,None,None,None,None
6233,exp_cycles_indvary3_step3_batch_yyy04.pl,b4,no,0.33,no,corr,None,None,None,None
6234,exp_cycles_indvary3_step3_batch_yyy04.pl,r5,no,0.58,no,corr,None,None,None,None
6235,exp_cycles_indvary3_step3_batch_yyy04.pl,v1,no,0.46,no,corr,None,None,None,None
6236,exp_cycles_indvary3_step3_batch_yyy04.pl,u3,,600.0,no,TIMEOUT,,,,
6237,exp_cycles_indvary3_step3_batch_yyy04.pl,t1,no,0.75,no,corr,None,None,None,None
6238,exp_cycles_indvary3_step3_batch_yyy04.pl,y5,no,0.44,no,corr,None,None,None,None
6239,exp_cycles_indvary3_step3_batch_yyy04.pl,c1,yes,0.49,yes,corr,None,None,None,None
6240,exp_cycles_indvary3_step3_batch_yyy04.pl,t2,,600.0,no,TIMEOUT,,,,
6241,exp_cycles_indvary3_step3_batch_yyy05.pl,x3,no,0.96,no,corr,None,None,None,None
6242,exp_cycles_indvary3_step3_batch_yyy05.pl,q4,,600.0,no,TIMEOUT,,,,
6243,exp_cycles_indvary3_step3_batch_yyy05.pl,z4,no,0.44,no,corr,None,None,None,None
6244,exp_cycles_indvary3_step3_batch_yyy05.pl,t1,no,0.34,no,corr,None,None,None,None
6245,exp_cycles_indvary3_step3_batch_yyy05.pl,y6,no,0.53,no,corr,None,None,None,None
6246,exp_cycles_indvary3_step3_batch_yyy05.pl,f2,yes,0.98,yes,corr,None,None,None,None
6247,exp_cycles_indvary3_step3_batch_yyy05.pl,w7,no,0.32,no,corr,None,None,None,None
6248,exp_cycles_indvary3_step3_batch_yyy05.pl,y4,no,0.3,no,corr,None,None,None,None
6249,exp_cycles_indvary3_step3_batch_yyy05.pl,v6,no,0.59,no,corr,None,None,None,None
6250,exp_cycles_indvary3_step3_batch_yyy05.pl,u1,,600.0,no,TIMEOUT,,,,
6251,exp_cycles_indvary3_step3_batch_yyy06.pl,q6,no,1.08,no,corr,None,None,None,None
6252,exp_cycles_indvary3_step3_batch_yyy06.pl,p5,no,0.46,no,corr,None,None,None,None
6253,exp_cycles_indvary3_step3_batch_yyy06.pl,v5,no,0.56,no,corr,None,None,None,None
6254,exp_cycles_indvary3_step3_batch_yyy06.pl,u5,no,0.42,no,corr,None,None,None,None
6255,exp_cycles_indvary3_step3_batch_yyy06.pl,d5,no,0.49,no,corr,None,None,None,None
6256,exp_cycles_indvary3_step3_batch_yyy06.pl,x5,no,0.32,no,corr,None,None,None,None
6257,exp_cycles_indvary3_step3_batch_yyy06.pl,c1,yes,0.28,yes,corr,None,None,None,None
6258,exp_cycles_indvary3_step3_batch_yyy06.pl,t7,no,0.3,no,corr,None,None,None,None
6259,exp_cycles_indvary3_step3_batch_yyy06.pl,c6,no,0.33,no,corr,None,None,None,None
6260,exp_cycles_indvary3_step3_batch_yyy06.pl,s6,no,0.58,no,corr,None,None,None,None
6261,exp_cycles_indvary3_step3_batch_yyy07.pl,w7,no,0.49,no,corr,None,None,None,None
6262,exp_cycles_indvary3_step3_batch_yyy07.pl,f1,no,0.32,no,corr,None,None,None,None
6263,exp_cycles_indvary3_step3_batch_yyy07.pl,v1,,600.0,no,TIMEOUT,,,,
6264,exp_cycles_indvary3_step3_batch_yyy07.pl,s1,,600.0,no,TIMEOUT,,,,
6265,exp_cycles_indvary3_step3_batch_yyy07.pl,a1,yes,0.61,yes,corr,None,None,None,None
6266,exp_cycles_indvary3_step3_batch_yyy07.pl,r3,,600.0,no,TIMEOUT,,,,
6267,exp_cycles_indvary3_step3_batch_yyy07.pl,z6,no,1.47,no,corr,None,None,None,None
6268,exp_cycles_indvary3_step3_batch_yyy07.pl,b2,no,0.4,no,corr,None,None,None,None
6269,exp_cycles_indvary3_step3_batch_yyy07.pl,s2,,600.0,no,TIMEOUT,,,,
6270,exp_cycles_indvary3_step3_batch_yyy07.pl,a5,no,0.36,no,corr,None,None,None,None
6271,exp_cycles_indvary3_step3_batch_yyy08.pl,b2,yes,0.33,yes,corr,None,None,None,None
6272,exp_cycles_indvary3_step3_batch_yyy08.pl,b1,yes,0.41,yes,corr,None,None,None,None
6273,exp_cycles_indvary3_step3_batch_yyy08.pl,z4,no,0.53,no,corr,None,None,None,None
6274,exp_cycles_indvary3_step3_batch_yyy08.pl,v1,no,454.59,no,corr,None,None,None,None
6275,exp_cycles_indvary3_step3_batch_yyy08.pl,d2,no,10.85,no,corr,None,None,None,None
6276,exp_cycles_indvary3_step3_batch_yyy08.pl,y5,no,0.57,no,corr,None,None,None,None
6277,exp_cycles_indvary3_step3_batch_yyy08.pl,z5,no,0.43,no,corr,None,None,None,None
6278,exp_cycles_indvary3_step3_batch_yyy08.pl,q6,no,0.5,no,corr,None,None,None,None
6279,exp_cycles_indvary3_step3_batch_yyy08.pl,s6,no,0.43,no,corr,None,None,None,None
6280,exp_cycles_indvary3_step3_batch_yyy08.pl,b5,no,0.43,no,corr,None,None,None,None
6281,exp_cycles_indvary3_step3_batch_yyy09.pl,t5,no,0.4,no,corr,None,None,None,None
6282,exp_cycles_indvary3_step3_batch_yyy09.pl,e1,yes,0.61,yes,corr,None,None,None,None
6283,exp_cycles_indvary3_step3_batch_yyy09.pl,r6,no,0.44,no,corr,None,None,None,None
6284,exp_cycles_indvary3_step3_batch_yyy09.pl,z1,,600.0,no,TIMEOUT,,,,
6285,exp_cycles_indvary3_step3_batch_yyy09.pl,x2,,600.0,no,TIMEOUT,,,,
6286,exp_cycles_indvary3_step3_batch_yyy09.pl,w1,no,1.0,no,corr,None,None,None,None
6287,exp_cycles_indvary3_step3_batch_yyy09.pl,b5,no,0.72,no,corr,None,None,None,None
6288,exp_cycles_indvary3_step3_batch_yyy09.pl,x6,no,0.3,no,corr,None,None,None,None
6289,exp_cycles_indvary3_step3_batch_yyy09.pl,r7,no,0.29,no,corr,None,None,None,None
6290,exp_cycles_indvary3_step3_batch_yyy09.pl,r3,no,0.32,no,corr,None,None,None,None
6291,exp_cycles_indvary3_step3_batch_yyy10.pl,p4,no,0.32,no,corr,None,None,None,None
6292,exp_cycles_indvary3_step3_batch_yyy10.pl,u7,no,0.44,no,corr,None,None,None,None
6293,exp_cycles_indvary3_step3_batch_yyy10.pl,b4,no,0.53,no,corr,None,None,None,None
6294,exp_cycles_indvary3_step3_batch_yyy10.pl,e4,no,0.62,no,corr,None,None,None,None
6295,exp_cycles_indvary3_step3_batch_yyy10.pl,z2,no,0.58,no,corr,None,None,None,None
6296,exp_cycles_indvary3_step3_batch_yyy10.pl,e3,no,0.56,no,corr,None,None,None,None
6297,exp_cycles_indvary3_step3_batch_yyy10.pl,a1,yes,1.15,yes,corr,None,None,None,None
6298,exp_cycles_indvary3_step3_batch_yyy10.pl,q1,no,55.76,no,corr,None,None,None,None
6299,exp_cycles_indvary3_step3_batch_yyy10.pl,r6,no,0.36,no,corr,None,None,None,None
6300,exp_cycles_indvary3_step3_batch_yyy10.pl,f1,yes,0.44,yes,corr,None,None,None,None
6301,exp_cycles_indvary3_step4_batch_yyy01.pl,u6,no,0.4,no,corr,None,None,None,None
6302,exp_cycles_indvary3_step4_batch_yyy01.pl,p5,no,0.54,no,corr,None,None,None,None
6303,exp_cycles_indvary3_step4_batch_yyy01.pl,c5,no,0.41,no,corr,None,None,None,None
6304,exp_cycles_indvary3_step4_batch_yyy01.pl,f3,no,0.52,no,corr,None,None,None,None
6305,exp_cycles_indvary3_step4_batch_yyy01.pl,t7,no,0.44,no,corr,None,None,None,None
6306,exp_cycles_indvary3_step4_batch_yyy01.pl,f4,no,0.36,no,corr,None,None,None,None
6307,exp_cycles_indvary3_step4_batch_yyy01.pl,r2,,600.0,no,TIMEOUT,,,,
6308,exp_cycles_indvary3_step4_batch_yyy01.pl,w2,no,0.44,no,corr,None,None,None,None
6309,exp_cycles_indvary3_step4_batch_yyy01.pl,u1,,600.0,no,TIMEOUT,,,,
6310,exp_cycles_indvary3_step4_batch_yyy01.pl,f1,no,5.56,no,corr,None,None,None,None
6311,exp_cycles_indvary3_step4_batch_yyy02.pl,v6,no,0.45,no,corr,None,None,None,None
6312,exp_cycles_indvary3_step4_batch_yyy02.pl,b4,no,0.58,no,corr,None,None,None,None
6313,exp_cycles_indvary3_step4_batch_yyy02.pl,q4,no,120.91,no,corr,None,None,None,None
6314,exp_cycles_indvary3_step4_batch_yyy02.pl,w1,no,22.81,no,corr,None,None,None,None
6315,exp_cycles_indvary3_step4_batch_yyy02.pl,t7,no,0.57,no,corr,None,None,None,None
6316,exp_cycles_indvary3_step4_batch_yyy02.pl,f4,no,0.32,no,corr,None,None,None,None
6317,exp_cycles_indvary3_step4_batch_yyy02.pl,x1,no,0.41,no,corr,None,None,None,None
6318,exp_cycles_indvary3_step4_batch_yyy02.pl,r7,no,0.48,no,corr,None,None,None,None
6319,exp_cycles_indvary3_step4_batch_yyy02.pl,e2,yes,0.45,yes,corr,None,None,None,None
6320,exp_cycles_indvary3_step4_batch_yyy02.pl,y5,no,0.43,no,corr,None,None,None,None
6321,exp_cycles_indvary3_step4_batch_yyy03.pl,t4,no,0.48,no,corr,None,None,None,None
6322,exp_cycles_indvary3_step4_batch_yyy03.pl,z5,no,0.43,no,corr,None,None,None,None
6323,exp_cycles_indvary3_step4_batch_yyy03.pl,x3,,600.0,no,TIMEOUT,,,,
6324,exp_cycles_indvary3_step4_batch_yyy03.pl,a4,no,0.94,no,corr,None,None,None,None
6325,exp_cycles_indvary3_step4_batch_yyy03.pl,v1,no,0.29,no,corr,None,None,None,None
6326,exp_cycles_indvary3_step4_batch_yyy03.pl,x5,no,0.3,no,corr,None,None,None,None
6327,exp_cycles_indvary3_step4_batch_yyy03.pl,r4,no,0.3,no,corr,None,None,None,None
6328,exp_cycles_indvary3_step4_batch_yyy03.pl,r1,no,0.32,no,corr,None,None,None,None
6329,exp_cycles_indvary3_step4_batch_yyy03.pl,a1,yes,0.39,yes,corr,None,None,None,None
6330,exp_cycles_indvary3_step4_batch_yyy03.pl,f2,no,18.51,no,corr,None,None,None,None
6331,exp_cycles_indvary3_step4_batch_yyy04.pl,c3,,600.0,no,TIMEOUT,,,,
6332,exp_cycles_indvary3_step4_batch_yyy04.pl,x3,no,0.57,no,corr,None,None,None,None
6333,exp_cycles_indvary3_step4_batch_yyy04.pl,d3,no,0.65,no,corr,None,None,None,None
6334,exp_cycles_indvary3_step4_batch_yyy04.pl,a4,no,0.28,no,corr,None,None,None,None
6335,exp_cycles_indvary3_step4_batch_yyy04.pl,c1,,600.0,no,TIMEOUT,,,,
6336,exp_cycles_indvary3_step4_batch_yyy04.pl,r4,no,1.78,no,corr,None,None,None,None
6337,exp_cycles_indvary3_step4_batch_yyy04.pl,v3,,600.0,no,TIMEOUT,,,,
6338,exp_cycles_indvary3_step4_batch_yyy04.pl,y5,no,0.54,no,corr,None,None,None,None
6339,exp_cycles_indvary3_step4_batch_yyy04.pl,u5,no,0.24,no,corr,None,None,None,None
6340,exp_cycles_indvary3_step4_batch_yyy04.pl,u6,no,0.31,no,corr,None,None,None,None
6341,exp_cycles_indvary3_step4_batch_yyy05.pl,d4,no,0.29,no,corr,None,None,None,None
6342,exp_cycles_indvary3_step4_batch_yyy05.pl,d3,no,0.23,no,corr,None,None,None,None
6343,exp_cycles_indvary3_step4_batch_yyy05.pl,q5,no,0.25,no,corr,None,None,None,None
6344,exp_cycles_indvary3_step4_batch_yyy05.pl,c6,no,0.38,no,corr,None,None,None,None
6345,exp_cycles_indvary3_step4_batch_yyy05.pl,d2,yes,0.43,yes,corr,None,None,None,None
6346,exp_cycles_indvary3_step4_batch_yyy05.pl,p2,,600.0,no,TIMEOUT,,,,
6347,exp_cycles_indvary3_step4_batch_yyy05.pl,f4,no,1.14,no,corr,None,None,None,None
6348,exp_cycles_indvary3_step4_batch_yyy05.pl,x6,no,0.55,no,corr,None,None,None,None
6349,exp_cycles_indvary3_step4_batch_yyy05.pl,s7,no,0.34,no,corr,None,None,None,None
6350,exp_cycles_indvary3_step4_batch_yyy05.pl,u2,no,0.49,no,corr,None,None,None,None
6351,exp_cycles_indvary3_step4_batch_yyy06.pl,v7,no,0.44,no,corr,None,None,None,None
6352,exp_cycles_indvary3_step4_batch_yyy06.pl,e5,no,0.35,no,corr,None,None,None,None
6353,exp_cycles_indvary3_step4_batch_yyy06.pl,a5,no,0.42,no,corr,None,None,None,None
6354,exp_cycles_indvary3_step4_batch_yyy06.pl,v1,,600.0,no,TIMEOUT,,,,
6355,exp_cycles_indvary3_step4_batch_yyy06.pl,w4,no,0.88,no,corr,None,None,None,None
6356,exp_cycles_indvary3_step4_batch_yyy06.pl,c1,no,0.52,no,corr,None,None,None,None
6357,exp_cycles_indvary3_step4_batch_yyy06.pl,u3,,600.0,no,TIMEOUT,,,,
6358,exp_cycles_indvary3_step4_batch_yyy06.pl,e2,yes,0.74,yes,corr,None,None,None,None
6359,exp_cycles_indvary3_step4_batch_yyy06.pl,s3,no,0.52,no,corr,None,None,None,None
6360,exp_cycles_indvary3_step4_batch_yyy06.pl,c4,no,0.27,no,corr,None,None,None,None
6361,exp_cycles_indvary3_step4_batch_yyy07.pl,c3,yes,0.38,yes,corr,None,None,None,None
6362,exp_cycles_indvary3_step4_batch_yyy07.pl,z6,no,0.3,no,corr,None,None,None,None
6363,exp_cycles_indvary3_step4_batch_yyy07.pl,v5,no,0.56,no,corr,None,None,None,None
6364,exp_cycles_indvary3_step4_batch_yyy07.pl,s5,no,0.47,no,corr,None,None,None,None
6365,exp_cycles_indvary3_step4_batch_yyy07.pl,u2,no,141.58,no,corr,None,None,None,None
6366,exp_cycles_indvary3_step4_batch_yyy07.pl,a6,no,0.55,no,corr,None,None,None,None
6367,exp_cycles_indvary3_step4_batch_yyy07.pl,s4,no,0.64,no,corr,None,None,None,None
6368,exp_cycles_indvary3_step4_batch_yyy07.pl,b3,yes,0.79,yes,corr,None,None,None,None
6369,exp_cycles_indvary3_step4_batch_yyy07.pl,a4,no,0.52,no,corr,None,None,None,None
6370,exp_cycles_indvary3_step4_batch_yyy07.pl,x2,no,0.37,no,corr,None,None,None,None
6371,exp_cycles_indvary3_step4_batch_yyy08.pl,y4,no,0.27,no,corr,None,None,None,None
6372,exp_cycles_indvary3_step4_batch_yyy08.pl,r6,no,0.49,no,corr,None,None,None,None
6373,exp_cycles_indvary3_step4_batch_yyy08.pl,f5,no,0.36,no,corr,None,None,None,None
6374,exp_cycles_indvary3_step4_batch_yyy08.pl,e3,no,0.34,no,corr,None,None,None,None
6375,exp_cycles_indvary3_step4_batch_yyy08.pl,s1,no,0.31,no,corr,None,None,None,None
6376,exp_cycles_indvary3_step4_batch_yyy08.pl,f4,no,0.45,no,corr,None,None,None,None
6377,exp_cycles_indvary3_step4_batch_yyy08.pl,z4,no,0.32,no,corr,None,None,None,None
6378,exp_cycles_indvary3_step4_batch_yyy08.pl,y3,,600.0,no,TIMEOUT,,,,
6379,exp_cycles_indvary3_step4_batch_yyy08.pl,s7,no,0.92,no,corr,None,None,None,None
6380,exp_cycles_indvary3_step4_batch_yyy08.pl,b6,no,0.45,no,corr,None,None,None,None
6381,exp_cycles_indvary3_step4_batch_yyy09.pl,a5,no,0.38,no,corr,None,None,None,None
6382,exp_cycles_indvary3_step4_batch_yyy09.pl,f5,no,0.33,no,corr,None,None,None,None
6383,exp_cycles_indvary3_step4_batch_yyy09.pl,w4,no,0.39,no,corr,None,None,None,None
6384,exp_cycles_indvary3_step4_batch_yyy09.pl,z2,,600.0,no,TIMEOUT,,,,
6385,exp_cycles_indvary3_step4_batch_yyy09.pl,s1,no,0.32,no,corr,None,None,None,None
6386,exp_cycles_indvary3_step4_batch_yyy09.pl,y2,no,0.24,no,corr,None,None,None,None
6387,exp_cycles_indvary3_step4_batch_yyy09.pl,d1,yes,0.22,yes,corr,None,None,None,None
6388,exp_cycles_indvary3_step4_batch_yyy09.pl,w3,,600.0,no,TIMEOUT,,,,
6389,exp_cycles_indvary3_step4_batch_yyy09.pl,v1,,600.0,no,TIMEOUT,,,,
6390,exp_cycles_indvary3_step4_batch_yyy09.pl,w1,,600.0,no,TIMEOUT,,,,
6391,exp_cycles_indvary3_step4_batch_yyy10.pl,e1,yes,1.13,yes,corr,None,None,None,None
6392,exp_cycles_indvary3_step4_batch_yyy10.pl,z4,no,0.48,no,corr,None,None,None,None
6393,exp_cycles_indvary3_step4_batch_yyy10.pl,s1,no,397.85,no,corr,None,None,None,None
6394,exp_cycles_indvary3_step4_batch_yyy10.pl,s7,no,1.01,no,corr,None,None,None,None
6395,exp_cycles_indvary3_step4_batch_yyy10.pl,s3,no,24.63,no,corr,None,None,None,None
6396,exp_cycles_indvary3_step4_batch_yyy10.pl,c4,no,0.55,no,corr,None,None,None,None
6397,exp_cycles_indvary3_step4_batch_yyy10.pl,r6,no,0.41,no,corr,None,None,None,None
6398,exp_cycles_indvary3_step4_batch_yyy10.pl,f1,yes,0.27,yes,corr,None,None,None,None
6399,exp_cycles_indvary3_step4_batch_yyy10.pl,a5,no,0.42,no,corr,None,None,None,None
6400,exp_cycles_indvary3_step4_batch_yyy10.pl,b1,no,0.57,no,corr,None,None,None,None
6401,exp_cycles_indvary3_step5_batch_yyy01.pl,w5,no,0.4,no,corr,None,None,None,None
6402,exp_cycles_indvary3_step5_batch_yyy01.pl,s5,no,0.53,no,corr,None,None,None,None
6403,exp_cycles_indvary3_step5_batch_yyy01.pl,v1,,600.0,no,TIMEOUT,,,,
6404,exp_cycles_indvary3_step5_batch_yyy01.pl,p2,,600.0,no,TIMEOUT,,,,
6405,exp_cycles_indvary3_step5_batch_yyy01.pl,d4,no,0.94,no,corr,None,None,None,None
6406,exp_cycles_indvary3_step5_batch_yyy01.pl,x3,,600.0,no,TIMEOUT,,,,
6407,exp_cycles_indvary3_step5_batch_yyy01.pl,z1,no,0.46,no,corr,None,None,None,None
6408,exp_cycles_indvary3_step5_batch_yyy01.pl,c2,yes,0.54,yes,corr,None,None,None,None
6409,exp_cycles_indvary3_step5_batch_yyy01.pl,x5,no,0.42,no,corr,None,None,None,None
6410,exp_cycles_indvary3_step5_batch_yyy01.pl,c1,yes,0.45,yes,corr,None,None,None,None
6411,exp_cycles_indvary3_step5_batch_yyy02.pl,u6,no,0.29,no,corr,None,None,None,None
6412,exp_cycles_indvary3_step5_batch_yyy02.pl,e1,yes,0.52,yes,corr,None,None,None,None
6413,exp_cycles_indvary3_step5_batch_yyy02.pl,s5,no,0.36,no,corr,None,None,None,None
6414,exp_cycles_indvary3_step5_batch_yyy02.pl,t6,no,0.32,no,corr,None,None,None,None
6415,exp_cycles_indvary3_step5_batch_yyy02.pl,a4,no,0.35,no,corr,None,None,None,None
6416,exp_cycles_indvary3_step5_batch_yyy02.pl,z4,no,0.29,no,corr,None,None,None,None
6417,exp_cycles_indvary3_step5_batch_yyy02.pl,y1,no,0.28,no,corr,None,None,None,None
6418,exp_cycles_indvary3_step5_batch_yyy02.pl,d1,yes,0.47,yes,corr,None,None,None,None
6419,exp_cycles_indvary3_step5_batch_yyy02.pl,r6,no,0.4,no,corr,None,None,None,None
6420,exp_cycles_indvary3_step5_batch_yyy02.pl,e5,no,0.36,no,corr,None,None,None,None
6421,exp_cycles_indvary3_step5_batch_yyy03.pl,q6,no,0.34,no,corr,None,None,None,None
6422,exp_cycles_indvary3_step5_batch_yyy03.pl,y3,,600.0,no,TIMEOUT,,,,
6423,exp_cycles_indvary3_step5_batch_yyy03.pl,v1,,600.0,no,TIMEOUT,,,,
6424,exp_cycles_indvary3_step5_batch_yyy03.pl,p4,no,0.7,no,corr,None,None,None,None
6425,exp_cycles_indvary3_step5_batch_yyy03.pl,p7,no,0.51,no,corr,None,None,None,None
6426,exp_cycles_indvary3_step5_batch_yyy03.pl,t2,no,111.34,no,corr,None,None,None,None
6427,exp_cycles_indvary3_step5_batch_yyy03.pl,c6,no,0.38,no,corr,None,None,None,None
6428,exp_cycles_indvary3_step5_batch_yyy03.pl,s6,no,0.51,no,corr,None,None,None,None
6429,exp_cycles_indvary3_step5_batch_yyy03.pl,r2,no,12.02,no,corr,None,None,None,None
6430,exp_cycles_indvary3_step5_batch_yyy03.pl,b6,no,0.24,no,corr,None,None,None,None
6431,exp_cycles_indvary3_step5_batch_yyy04.pl,w7,no,0.59,no,corr,None,None,None,None
6432,exp_cycles_indvary3_step5_batch_yyy04.pl,t3,,600.0,no,TIMEOUT,,,,
6433,exp_cycles_indvary3_step5_batch_yyy04.pl,x7,no,1.02,no,corr,None,None,None,None
6434,exp_cycles_indvary3_step5_batch_yyy04.pl,r5,no,0.31,no,corr,None,None,None,None
6435,exp_cycles_indvary3_step5_batch_yyy04.pl,w1,no,10.36,no,corr,None,None,None,None
6436,exp_cycles_indvary3_step5_batch_yyy04.pl,v4,no,0.57,no,corr,None,None,None,None
6437,exp_cycles_indvary3_step5_batch_yyy04.pl,s7,no,0.38,no,corr,None,None,None,None
6438,exp_cycles_indvary3_step5_batch_yyy04.pl,q7,no,0.38,no,corr,None,None,None,None
6439,exp_cycles_indvary3_step5_batch_yyy04.pl,x5,no,0.44,no,corr,None,None,None,None
6440,exp_cycles_indvary3_step5_batch_yyy04.pl,t2,no,0.4,no,corr,None,None,None,None
6441,exp_cycles_indvary3_step5_batch_yyy05.pl,p7,no,0.31,no,corr,None,None,None,None
6442,exp_cycles_indvary3_step5_batch_yyy05.pl,u1,,600.0,no,TIMEOUT,,,,
6443,exp_cycles_indvary3_step5_batch_yyy05.pl,w5,no,0.76,no,corr,None,None,None,None
6444,exp_cycles_indvary3_step5_batch_yyy05.pl,f5,no,0.39,no,corr,None,None,None,None
6445,exp_cycles_indvary3_step5_batch_yyy05.pl,w4,no,0.3,no,corr,None,None,None,None
6446,exp_cycles_indvary3_step5_batch_yyy05.pl,y1,no,0.34,no,corr,None,None,None,None
6447,exp_cycles_indvary3_step5_batch_yyy05.pl,u2,,600.0,no,TIMEOUT,,,,
6448,exp_cycles_indvary3_step5_batch_yyy05.pl,q7,no,0.45,no,corr,None,None,None,None
6449,exp_cycles_indvary3_step5_batch_yyy05.pl,y3,no,0.35,no,corr,None,None,None,None
6450,exp_cycles_indvary3_step5_batch_yyy05.pl,e4,no,0.46,no,corr,None,None,None,None
6451,exp_cycles_indvary3_step5_batch_yyy06.pl,d5,no,0.61,no,corr,None,None,None,None
6452,exp_cycles_indvary3_step5_batch_yyy06.pl,c3,no,0.69,no,corr,None,None,None,None
6453,exp_cycles_indvary3_step5_batch_yyy06.pl,b2,yes,0.5,yes,corr,None,None,None,None
6454,exp_cycles_indvary3_step5_batch_yyy06.pl,z2,no,56.8,no,corr,None,None,None,None
6455,exp_cycles_indvary3_step5_batch_yyy06.pl,r1,no,0.5,no,corr,None,None,None,None
6456,exp_cycles_indvary3_step5_batch_yyy06.pl,a2,yes,0.81,yes,corr,None,None,None,None
6457,exp_cycles_indvary3_step5_batch_yyy06.pl,w7,no,0.7,no,corr,None,None,None,None
6458,exp_cycles_indvary3_step5_batch_yyy06.pl,v7,no,0.44,no,corr,None,None,None,None
6459,exp_cycles_indvary3_step5_batch_yyy06.pl,w2,no,18.1,no,corr,None,None,None,None
6460,exp_cycles_indvary3_step5_batch_yyy06.pl,u1,no,368.39,no,corr,None,None,None,None
6461,exp_cycles_indvary3_step5_batch_yyy07.pl,p4,no,181.59,no,corr,None,None,None,None
6462,exp_cycles_indvary3_step5_batch_yyy07.pl,t3,no,502.64,no,corr,None,None,None,None
6463,exp_cycles_indvary3_step5_batch_yyy07.pl,f5,no,0.51,no,corr,None,None,None,None
6464,exp_cycles_indvary3_step5_batch_yyy07.pl,e4,no,0.64,no,corr,None,None,None,None
6465,exp_cycles_indvary3_step5_batch_yyy07.pl,e3,no,0.45,no,corr,None,None,None,None
6466,exp_cycles_indvary3_step5_batch_yyy07.pl,r1,no,0.44,no,corr,None,None,None,None
6467,exp_cycles_indvary3_step5_batch_yyy07.pl,z3,no,390.57,no,corr,None,None,None,None
6468,exp_cycles_indvary3_step5_batch_yyy07.pl,y6,no,1.07,no,corr,None,None,None,None
6469,exp_cycles_indvary3_step5_batch_yyy07.pl,c5,no,0.37,no,corr,None,None,None,None
6470,exp_cycles_indvary3_step5_batch_yyy07.pl,a5,no,0.43,no,corr,None,None,None,None
6471,exp_cycles_indvary3_step5_batch_yyy08.pl,a6,no,0.47,no,corr,None,None,None,None
6472,exp_cycles_indvary3_step5_batch_yyy08.pl,v6,no,0.68,no,corr,None,None,None,None
6473,exp_cycles_indvary3_step5_batch_yyy08.pl,u4,no,0.46,no,corr,None,None,None,None
6474,exp_cycles_indvary3_step5_batch_yyy08.pl,c2,yes,0.49,yes,corr,None,None,None,None
6475,exp_cycles_indvary3_step5_batch_yyy08.pl,f3,no,0.37,no,corr,None,None,None,None
6476,exp_cycles_indvary3_step5_batch_yyy08.pl,r4,no,0.28,no,corr,None,None,None,None
6477,exp_cycles_indvary3_step5_batch_yyy08.pl,r1,no,0.39,no,corr,None,None,None,None
6478,exp_cycles_indvary3_step5_batch_yyy08.pl,a3,yes,0.71,yes,corr,None,None,None,None
6479,exp_cycles_indvary3_step5_batch_yyy08.pl,a1,no,0.46,no,corr,None,None,None,None
6480,exp_cycles_indvary3_step5_batch_yyy08.pl,v3,no,62.34,no,corr,None,None,None,None
6481,exp_cycles_indvary3_step5_batch_yyy09.pl,d5,no,0.29,no,corr,None,None,None,None
6482,exp_cycles_indvary3_step5_batch_yyy09.pl,v2,no,0.31,no,corr,None,None,None,None
6483,exp_cycles_indvary3_step5_batch_yyy09.pl,x3,no,0.32,no,corr,None,None,None,None
6484,exp_cycles_indvary3_step5_batch_yyy09.pl,x7,no,0.4,no,corr,None,None,None,None
6485,exp_cycles_indvary3_step5_batch_yyy09.pl,z4,no,0.41,no,corr,None,None,None,None
6486,exp_cycles_indvary3_step5_batch_yyy09.pl,p3,no,0.29,no,corr,None,None,None,None
6487,exp_cycles_indvary3_step5_batch_yyy09.pl,z2,no,0.36,no,corr,None,None,None,None
6488,exp_cycles_indvary3_step5_batch_yyy09.pl,u3,no,0.32,no,corr,None,None,None,None
6489,exp_cycles_indvary3_step5_batch_yyy09.pl,p2,,600.0,no,TIMEOUT,,,,
6490,exp_cycles_indvary3_step5_batch_yyy09.pl,r2,,600.0,no,TIMEOUT,,,,
6491,exp_cycles_indvary3_step5_batch_yyy10.pl,v2,no,296.93,no,corr,None,None,None,None
6492,exp_cycles_indvary3_step5_batch_yyy10.pl,u1,no,0.39,no,corr,None,None,None,None
6493,exp_cycles_indvary3_step5_batch_yyy10.pl,u5,no,0.34,no,corr,None,None,None,None
6494,exp_cycles_indvary3_step5_batch_yyy10.pl,d5,no,0.65,no,corr,None,None,None,None
6495,exp_cycles_indvary3_step5_batch_yyy10.pl,s6,no,0.6,no,corr,None,None,None,None
6496,exp_cycles_indvary3_step5_batch_yyy10.pl,b5,no,0.6,no,corr,None,None,None,None
6497,exp_cycles_indvary3_step5_batch_yyy10.pl,s1,no,0.27,no,corr,None,None,None,None
6498,exp_cycles_indvary3_step5_batch_yyy10.pl,r1,no,0.3,no,corr,None,None,None,None
6499,exp_cycles_indvary3_step5_batch_yyy10.pl,r3,,600.0,no,TIMEOUT,,,,
6500,exp_cycles_indvary3_step5_batch_yyy10.pl,d1,yes,0.92,yes,corr,None,None,None,None
6501,exp_cycles_indvary3_step6_batch_yyy01.pl,u5,no,0.45,no,corr,None,None,None,None
6502,exp_cycles_indvary3_step6_batch_yyy01.pl,z6,no,0.42,no,corr,None,None,None,None
6503,exp_cycles_indvary3_step6_batch_yyy01.pl,u7,no,0.31,no,corr,None,None,None,None
6504,exp_cycles_indvary3_step6_batch_yyy01.pl,t3,no,0.48,no,corr,None,None,None,None
6505,exp_cycles_indvary3_step6_batch_yyy01.pl,z2,no,0.37,no,corr,None,None,None,None
6506,exp_cycles_indvary3_step6_batch_yyy01.pl,r4,no,0.37,no,corr,None,None,None,None
6507,exp_cycles_indvary3_step6_batch_yyy01.pl,p2,no,0.68,no,corr,None,None,None,None
6508,exp_cycles_indvary3_step6_batch_yyy01.pl,b6,no,0.58,no,corr,None,None,None,None
6509,exp_cycles_indvary3_step6_batch_yyy01.pl,q1,no,0.43,no,corr,None,None,None,None
6510,exp_cycles_indvary3_step6_batch_yyy01.pl,f2,no,6.42,no,corr,None,None,None,None
6511,exp_cycles_indvary3_step6_batch_yyy02.pl,w7,no,0.6,no,corr,None,None,None,None
6512,exp_cycles_indvary3_step6_batch_yyy02.pl,d4,no,0.5,no,corr,None,None,None,None
6513,exp_cycles_indvary3_step6_batch_yyy02.pl,e5,no,0.6,no,corr,None,None,None,None
6514,exp_cycles_indvary3_step6_batch_yyy02.pl,d3,no,0.28,no,corr,None,None,None,None
6515,exp_cycles_indvary3_step6_batch_yyy02.pl,v4,no,0.36,no,corr,None,None,None,None
6516,exp_cycles_indvary3_step6_batch_yyy02.pl,r1,no,0.46,no,corr,None,None,None,None
6517,exp_cycles_indvary3_step6_batch_yyy02.pl,p2,no,8.31,no,corr,None,None,None,None
6518,exp_cycles_indvary3_step6_batch_yyy02.pl,x6,no,0.35,no,corr,None,None,None,None
6519,exp_cycles_indvary3_step6_batch_yyy02.pl,a1,yes,0.29,yes,corr,None,None,None,None
6520,exp_cycles_indvary3_step6_batch_yyy02.pl,f2,yes,0.51,yes,corr,None,None,None,None
6521,exp_cycles_indvary3_step6_batch_yyy03.pl,u6,no,0.34,no,corr,None,None,None,None
6522,exp_cycles_indvary3_step6_batch_yyy03.pl,t4,no,0.29,no,corr,None,None,None,None
6523,exp_cycles_indvary3_step6_batch_yyy03.pl,v6,no,0.31,no,corr,None,None,None,None
6524,exp_cycles_indvary3_step6_batch_yyy03.pl,d3,no,0.32,no,corr,None,None,None,None
6525,exp_cycles_indvary3_step6_batch_yyy03.pl,x7,no,0.43,no,corr,None,None,None,None
6526,exp_cycles_indvary3_step6_batch_yyy03.pl,f5,no,0.5,no,corr,None,None,None,None
6527,exp_cycles_indvary3_step6_batch_yyy03.pl,e3,no,0.53,no,corr,None,None,None,None
6528,exp_cycles_indvary3_step6_batch_yyy03.pl,q1,no,23.84,no,corr,None,None,None,None
6529,exp_cycles_indvary3_step6_batch_yyy03.pl,f4,no,0.4,no,corr,None,None,None,None
6530,exp_cycles_indvary3_step6_batch_yyy03.pl,z3,no,7.28,no,corr,None,None,None,None
6531,exp_cycles_indvary3_step6_batch_yyy04.pl,b3,no,259.08,no,corr,None,None,None,None
6532,exp_cycles_indvary3_step6_batch_yyy04.pl,w2,no,517.32,no,corr,None,None,None,None
6533,exp_cycles_indvary3_step6_batch_yyy04.pl,u7,no,1.08,no,corr,None,None,None,None
6534,exp_cycles_indvary3_step6_batch_yyy04.pl,b1,yes,0.67,yes,corr,None,None,None,None
6535,exp_cycles_indvary3_step6_batch_yyy04.pl,f5,no,0.4,no,corr,None,None,None,None
6536,exp_cycles_indvary3_step6_batch_yyy04.pl,r5,no,0.41,no,corr,None,None,None,None
6537,exp_cycles_indvary3_step6_batch_yyy04.pl,p3,no,0.34,no,corr,None,None,None,None
6538,exp_cycles_indvary3_step6_batch_yyy04.pl,v4,no,0.39,no,corr,None,None,None,None
6539,exp_cycles_indvary3_step6_batch_yyy04.pl,s1,no,0.39,no,corr,None,None,None,None
6540,exp_cycles_indvary3_step6_batch_yyy04.pl,q1,no,0.5,no,corr,None,None,None,None
6541,exp_cycles_indvary3_step6_batch_yyy05.pl,d5,no,0.27,no,corr,None,None,None,None
6542,exp_cycles_indvary3_step6_batch_yyy05.pl,w5,no,0.35,no,corr,None,None,None,None
6543,exp_cycles_indvary3_step6_batch_yyy05.pl,p2,no,0.41,no,corr,None,None,None,None
6544,exp_cycles_indvary3_step6_batch_yyy05.pl,f4,no,0.39,no,corr,None,None,None,None
6545,exp_cycles_indvary3_step6_batch_yyy05.pl,r6,no,0.53,no,corr,None,None,None,None
6546,exp_cycles_indvary3_step6_batch_yyy05.pl,f1,no,59.84,no,corr,None,None,None,None
6547,exp_cycles_indvary3_step6_batch_yyy05.pl,x7,no,0.48,no,corr,None,None,None,None
6548,exp_cycles_indvary3_step6_batch_yyy05.pl,q4,no,16.09,no,corr,None,None,None,None
6549,exp_cycles_indvary3_step6_batch_yyy05.pl,s6,no,0.46,no,corr,None,None,None,None
6550,exp_cycles_indvary3_step6_batch_yyy05.pl,b5,no,0.55,no,corr,None,None,None,None
6551,exp_cycles_indvary3_step6_batch_yyy06.pl,d5,no,0.5,no,corr,None,None,None,None
6552,exp_cycles_indvary3_step6_batch_yyy06.pl,r6,no,0.51,no,corr,None,None,None,None
6553,exp_cycles_indvary3_step6_batch_yyy06.pl,t3,no,286.24,no,corr,None,None,None,None
6554,exp_cycles_indvary3_step6_batch_yyy06.pl,t7,no,0.35,no,corr,None,None,None,None
6555,exp_cycles_indvary3_step6_batch_yyy06.pl,p2,no,299.94,no,corr,None,None,None,None
6556,exp_cycles_indvary3_step6_batch_yyy06.pl,a3,yes,2.71,yes,corr,None,None,None,None
6557,exp_cycles_indvary3_step6_batch_yyy06.pl,e2,yes,0.34,yes,corr,None,None,None,None
6558,exp_cycles_indvary3_step6_batch_yyy06.pl,w3,no,0.27,no,corr,None,None,None,None
6559,exp_cycles_indvary3_step6_batch_yyy06.pl,r5,no,0.45,no,corr,None,None,None,None
6560,exp_cycles_indvary3_step6_batch_yyy06.pl,e4,no,0.62,no,corr,None,None,None,None
6561,exp_cycles_indvary3_step6_batch_yyy07.pl,u5,no,0.36,no,corr,None,None,None,None
6562,exp_cycles_indvary3_step6_batch_yyy07.pl,s3,no,0.56,no,corr,None,None,None,None
6563,exp_cycles_indvary3_step6_batch_yyy07.pl,b2,yes,0.49,yes,corr,None,None,None,None
6564,exp_cycles_indvary3_step6_batch_yyy07.pl,r6,no,0.55,no,corr,None,None,None,None
6565,exp_cycles_indvary3_step6_batch_yyy07.pl,c5,no,0.26,no,corr,None,None,None,None
6566,exp_cycles_indvary3_step6_batch_yyy07.pl,w6,no,0.36,no,corr,None,None,None,None
6567,exp_cycles_indvary3_step6_batch_yyy07.pl,p2,no,8.21,no,corr,None,None,None,None
6568,exp_cycles_indvary3_step6_batch_yyy07.pl,x1,no,20.38,no,corr,None,None,None,None
6569,exp_cycles_indvary3_step6_batch_yyy07.pl,r2,no,0.34,no,corr,None,None,None,None
6570,exp_cycles_indvary3_step6_batch_yyy07.pl,f2,yes,0.33,yes,corr,None,None,None,None
6571,exp_cycles_indvary3_step6_batch_yyy08.pl,t4,no,0.4,no,corr,None,None,None,None
6572,exp_cycles_indvary3_step6_batch_yyy08.pl,p4,no,0.39,no,corr,None,None,None,None
6573,exp_cycles_indvary3_step6_batch_yyy08.pl,d3,no,0.27,no,corr,None,None,None,None
6574,exp_cycles_indvary3_step6_batch_yyy08.pl,t3,no,0.32,no,corr,None,None,None,None
6575,exp_cycles_indvary3_step6_batch_yyy08.pl,c5,no,0.47,no,corr,None,None,None,None
6576,exp_cycles_indvary3_step6_batch_yyy08.pl,r5,no,0.35,no,corr,None,None,None,None
6577,exp_cycles_indvary3_step6_batch_yyy08.pl,a3,yes,0.65,yes,corr,None,None,None,None
6578,exp_cycles_indvary3_step6_batch_yyy08.pl,w3,,600.0,no,TIMEOUT,,,,
6579,exp_cycles_indvary3_step6_batch_yyy08.pl,c1,yes,1.71,yes,corr,None,None,None,None
6580,exp_cycles_indvary3_step6_batch_yyy08.pl,z2,no,7.05,no,corr,None,None,None,None
6581,exp_cycles_indvary3_step6_batch_yyy09.pl,w1,no,0.25,no,corr,None,None,None,None
6582,exp_cycles_indvary3_step6_batch_yyy09.pl,e3,no,0.32,no,corr,None,None,None,None
6583,exp_cycles_indvary3_step6_batch_yyy09.pl,v3,no,55.43,no,corr,None,None,None,None
6584,exp_cycles_indvary3_step6_batch_yyy09.pl,a2,yes,0.67,yes,corr,None,None,None,None
6585,exp_cycles_indvary3_step6_batch_yyy09.pl,s2,,600.0,no,TIMEOUT,,,,
6586,exp_cycles_indvary3_step6_batch_yyy09.pl,z1,,600.0,no,TIMEOUT,,,,
6587,exp_cycles_indvary3_step6_batch_yyy09.pl,t6,no,0.74,no,corr,None,None,None,None
6588,exp_cycles_indvary3_step6_batch_yyy09.pl,a5,no,0.68,no,corr,None,None,None,None
6589,exp_cycles_indvary3_step6_batch_yyy09.pl,s7,no,0.39,no,corr,None,None,None,None
6590,exp_cycles_indvary3_step6_batch_yyy09.pl,b6,no,0.47,no,corr,None,None,None,None
6591,exp_cycles_indvary3_step6_batch_yyy10.pl,z6,no,0.48,no,corr,None,None,None,None
6592,exp_cycles_indvary3_step6_batch_yyy10.pl,w7,no,0.22,no,corr,None,None,None,None
6593,exp_cycles_indvary3_step6_batch_yyy10.pl,q6,no,0.32,no,corr,None,None,None,None
6594,exp_cycles_indvary3_step6_batch_yyy10.pl,d4,no,0.41,no,corr,None,None,None,None
6595,exp_cycles_indvary3_step6_batch_yyy10.pl,v4,no,0.33,no,corr,None,None,None,None
6596,exp_cycles_indvary3_step6_batch_yyy10.pl,a2,no,1.05,no,corr,None,None,None,None
6597,exp_cycles_indvary3_step6_batch_yyy10.pl,f2,yes,0.69,yes,corr,None,None,None,None
6598,exp_cycles_indvary3_step6_batch_yyy10.pl,r3,no,15.47,no,corr,None,None,None,None
6599,exp_cycles_indvary3_step6_batch_yyy10.pl,d1,no,0.21,no,corr,None,None,None,None
6600,exp_cycles_indvary3_step6_batch_yyy10.pl,t1,no,168.25,no,corr,None,None,None,None
6601,exp_cycles_indvary3_step7_batch_yyy01.pl,c3,yes,0.27,yes,corr,None,None,None,None
6602,exp_cycles_indvary3_step7_batch_yyy01.pl,u4,no,0.29,no,corr,None,None,None,None
6603,exp_cycles_indvary3_step7_batch_yyy01.pl,c1,yes,0.27,yes,corr,None,None,None,None
6604,exp_cycles_indvary3_step7_batch_yyy01.pl,q3,no,0.46,no,corr,None,None,None,None
6605,exp_cycles_indvary3_step7_batch_yyy01.pl,r2,,600.0,no,TIMEOUT,,,,
6606,exp_cycles_indvary3_step7_batch_yyy01.pl,p6,no,0.78,no,corr,None,None,None,None
6607,exp_cycles_indvary3_step7_batch_yyy01.pl,p5,no,0.31,no,corr,None,None,None,None
6608,exp_cycles_indvary3_step7_batch_yyy01.pl,x3,,600.0,no,TIMEOUT,,,,
6609,exp_cycles_indvary3_step7_batch_yyy01.pl,y1,no,0.94,no,corr,None,None,None,None
6610,exp_cycles_indvary3_step7_batch_yyy01.pl,d2,yes,0.59,yes,corr,None,None,None,None
6611,exp_cycles_indvary3_step7_batch_yyy02.pl,t5,no,0.51,no,corr,None,None,None,None
6612,exp_cycles_indvary3_step7_batch_yyy02.pl,u7,no,0.31,no,corr,None,None,None,None
6613,exp_cycles_indvary3_step7_batch_yyy02.pl,s5,no,0.46,no,corr,None,None,None,None
6614,exp_cycles_indvary3_step7_batch_yyy02.pl,f5,no,0.31,no,corr,None,None,None,None
6615,exp_cycles_indvary3_step7_batch_yyy02.pl,w1,no,20.49,no,corr,None,None,None,None
6616,exp_cycles_indvary3_step7_batch_yyy02.pl,f3,no,0.25,no,corr,None,None,None,None
6617,exp_cycles_indvary3_step7_batch_yyy02.pl,x5,no,0.46,no,corr,None,None,None,None
6618,exp_cycles_indvary3_step7_batch_yyy02.pl,x1,no,0.41,no,corr,None,None,None,None
6619,exp_cycles_indvary3_step7_batch_yyy02.pl,r2,no,0.24,no,corr,None,None,None,None
6620,exp_cycles_indvary3_step7_batch_yyy02.pl,w3,no,50.44,no,corr,None,None,None,None
6621,exp_cycles_indvary3_step7_batch_yyy03.pl,q6,no,0.47,no,corr,None,None,None,None
6622,exp_cycles_indvary3_step7_batch_yyy03.pl,p5,no,0.38,no,corr,None,None,None,None
6623,exp_cycles_indvary3_step7_batch_yyy03.pl,v5,no,0.53,no,corr,None,None,None,None
6624,exp_cycles_indvary3_step7_batch_yyy03.pl,b1,yes,0.42,yes,corr,None,None,None,None
6625,exp_cycles_indvary3_step7_batch_yyy03.pl,y1,no,0.9,no,corr,None,None,None,None
6626,exp_cycles_indvary3_step7_batch_yyy03.pl,t1,no,0.38,no,corr,None,None,None,None
6627,exp_cycles_indvary3_step7_batch_yyy03.pl,v6,no,0.46,no,corr,None,None,None,None
6628,exp_cycles_indvary3_step7_batch_yyy03.pl,r6,no,0.54,no,corr,None,None,None,None
6629,exp_cycles_indvary3_step7_batch_yyy03.pl,x4,no,0.41,no,corr,None,None,None,None
6630,exp_cycles_indvary3_step7_batch_yyy03.pl,w3,no,4.43,no,corr,None,None,None,None
6631,exp_cycles_indvary3_step7_batch_yyy04.pl,u5,no,0.48,no,corr,None,None,None,None
6632,exp_cycles_indvary3_step7_batch_yyy04.pl,w7,no,0.5,no,corr,None,None,None,None
6633,exp_cycles_indvary3_step7_batch_yyy04.pl,w4,no,0.56,no,corr,None,None,None,None
6634,exp_cycles_indvary3_step7_batch_yyy04.pl,s6,no,0.31,no,corr,None,None,None,None
6635,exp_cycles_indvary3_step7_batch_yyy04.pl,p1,no,86.04,no,corr,None,None,None,None
6636,exp_cycles_indvary3_step7_batch_yyy04.pl,q2,no,63.83,no,corr,None,None,None,None
6637,exp_cycles_indvary3_step7_batch_yyy04.pl,z5,no,0.58,no,corr,None,None,None,None
6638,exp_cycles_indvary3_step7_batch_yyy04.pl,e1,yes,0.73,yes,corr,None,None,None,None
6639,exp_cycles_indvary3_step7_batch_yyy04.pl,a4,no,0.37,no,corr,None,None,None,None
6640,exp_cycles_indvary3_step7_batch_yyy04.pl,x2,no,12.71,no,corr,None,None,None,None
6641,exp_cycles_indvary3_step7_batch_yyy05.pl,b3,,600.0,no,TIMEOUT,,,,
6642,exp_cycles_indvary3_step7_batch_yyy05.pl,f1,yes,0.73,yes,corr,None,None,None,None
6643,exp_cycles_indvary3_step7_batch_yyy05.pl,p3,no,0.4,no,corr,None,None,None,None
6644,exp_cycles_indvary3_step7_batch_yyy05.pl,z3,,600.0,no,TIMEOUT,,,,
6645,exp_cycles_indvary3_step7_batch_yyy05.pl,q3,,600.0,no,TIMEOUT,,,,
6646,exp_cycles_indvary3_step7_batch_yyy05.pl,e2,,600.0,no,TIMEOUT,,,,
6647,exp_cycles_indvary3_step7_batch_yyy05.pl,s1,,600.0,no,TIMEOUT,,,,
6648,exp_cycles_indvary3_step7_batch_yyy05.pl,d2,yes,0.61,yes,corr,None,None,None,None
6649,exp_cycles_indvary3_step7_batch_yyy05.pl,q7,no,0.61,no,corr,None,None,None,None
6650,exp_cycles_indvary3_step7_batch_yyy05.pl,y6,no,0.35,no,corr,None,None,None,None
6651,exp_cycles_indvary3_step7_batch_yyy06.pl,u5,no,0.39,no,corr,None,None,None,None
6652,exp_cycles_indvary3_step7_batch_yyy06.pl,w7,no,0.29,no,corr,None,None,None,None
6653,exp_cycles_indvary3_step7_batch_yyy06.pl,u7,no,0.58,no,corr,None,None,None,None
6654,exp_cycles_indvary3_step7_batch_yyy06.pl,q4,no,4.45,no,corr,None,None,None,None
6655,exp_cycles_indvary3_step7_batch_yyy06.pl,x2,no,0.44,no,corr,None,None,None,None
6656,exp_cycles_indvary3_step7_batch_yyy06.pl,t1,no,0.3,no,corr,None,None,None,None
6657,exp_cycles_indvary3_step7_batch_yyy06.pl,p6,no,0.46,no,corr,None,None,None,None
6658,exp_cycles_indvary3_step7_batch_yyy06.pl,y1,,600.0,no,TIMEOUT,,,,
6659,exp_cycles_indvary3_step7_batch_yyy06.pl,s1,,600.0,no,TIMEOUT,,,,
6660,exp_cycles_indvary3_step7_batch_yyy06.pl,r1,no,16.12,no,corr,None,None,None,None
6661,exp_cycles_indvary3_step7_batch_yyy07.pl,t4,no,0.42,no,corr,None,None,None,None
6662,exp_cycles_indvary3_step7_batch_yyy07.pl,s4,no,0.56,no,corr,None,None,None,None
6663,exp_cycles_indvary3_step7_batch_yyy07.pl,p4,no,287.32,no,corr,None,None,None,None
6664,exp_cycles_indvary3_step7_batch_yyy07.pl,u1,,600.0,no,TIMEOUT,,,,
6665,exp_cycles_indvary3_step7_batch_yyy07.pl,b1,yes,1.75,yes,corr,None,None,None,None
6666,exp_cycles_indvary3_step7_batch_yyy07.pl,v1,,600.0,no,TIMEOUT,,,,
6667,exp_cycles_indvary3_step7_batch_yyy07.pl,v4,no,0.73,no,corr,None,None,None,None
6668,exp_cycles_indvary3_step7_batch_yyy07.pl,v3,no,79.19,no,corr,None,None,None,None
6669,exp_cycles_indvary3_step7_batch_yyy07.pl,d1,yes,0.6,yes,corr,None,None,None,None
6670,exp_cycles_indvary3_step7_batch_yyy07.pl,f2,,600.0,no,TIMEOUT,,,,
6671,exp_cycles_indvary3_step7_batch_yyy08.pl,d5,no,0.99,no,corr,None,None,None,None
6672,exp_cycles_indvary3_step7_batch_yyy08.pl,y4,no,0.3,no,corr,None,None,None,None
6673,exp_cycles_indvary3_step7_batch_yyy08.pl,v2,no,0.37,no,corr,None,None,None,None
6674,exp_cycles_indvary3_step7_batch_yyy08.pl,p7,no,0.33,no,corr,None,None,None,None
6675,exp_cycles_indvary3_step7_batch_yyy08.pl,v6,no,0.36,no,corr,None,None,None,None
6676,exp_cycles_indvary3_step7_batch_yyy08.pl,c2,yes,0.64,yes,corr,None,None,None,None
6677,exp_cycles_indvary3_step7_batch_yyy08.pl,z2,no,31.3,no,corr,None,None,None,None
6678,exp_cycles_indvary3_step7_batch_yyy08.pl,e3,no,0.6,no,corr,None,None,None,None
6679,exp_cycles_indvary3_step7_batch_yyy08.pl,u2,no,83.88,no,corr,None,None,None,None
6680,exp_cycles_indvary3_step7_batch_yyy08.pl,p6,no,0.33,no,corr,None,None,None,None
6681,exp_cycles_indvary3_step7_batch_yyy09.pl,s5,no,0.31,no,corr,None,None,None,None
6682,exp_cycles_indvary3_step7_batch_yyy09.pl,t6,no,0.31,no,corr,None,None,None,None
6683,exp_cycles_indvary3_step7_batch_yyy09.pl,q4,no,16.67,no,corr,None,None,None,None
6684,exp_cycles_indvary3_step7_batch_yyy09.pl,y3,,600.0,no,TIMEOUT,,,,
6685,exp_cycles_indvary3_step7_batch_yyy09.pl,f4,no,0.44,no,corr,None,None,None,None
6686,exp_cycles_indvary3_step7_batch_yyy09.pl,s7,no,0.39,no,corr,None,None,None,None
6687,exp_cycles_indvary3_step7_batch_yyy09.pl,v3,,600.0,no,TIMEOUT,,,,
6688,exp_cycles_indvary3_step7_batch_yyy09.pl,t1,no,27.29,no,corr,None,None,None,None
6689,exp_cycles_indvary3_step7_batch_yyy09.pl,c1,yes,0.54,yes,corr,None,None,None,None
6690,exp_cycles_indvary3_step7_batch_yyy09.pl,b5,no,0.29,no,corr,None,None,None,None
6691,exp_cycles_indvary3_step7_batch_yyy10.pl,u5,no,0.36,no,corr,None,None,None,None
6692,exp_cycles_indvary3_step7_batch_yyy10.pl,c3,yes,0.3,yes,corr,None,None,None,None
6693,exp_cycles_indvary3_step7_batch_yyy10.pl,a6,no,0.28,no,corr,None,None,None,None
6694,exp_cycles_indvary3_step7_batch_yyy10.pl,b4,no,0.37,no,corr,None,None,None,None
6695,exp_cycles_indvary3_step7_batch_yyy10.pl,t2,no,0.57,no,corr,None,None,None,None
6696,exp_cycles_indvary3_step7_batch_yyy10.pl,r2,no,0.53,no,corr,None,None,None,None
6697,exp_cycles_indvary3_step7_batch_yyy10.pl,p4,no,0.58,no,corr,None,None,None,None
6698,exp_cycles_indvary3_step7_batch_yyy10.pl,x3,no,0.75,no,corr,None,None,None,None
6699,exp_cycles_indvary3_step7_batch_yyy10.pl,d3,no,0.45,no,corr,None,None,None,None
6700,exp_cycles_indvary3_step7_batch_yyy10.pl,u4,no,0.41,no,corr,None,None,None,None
6701,exp_cycles_indvary3_step8_batch_yyy01.pl,b3,yes,0.76,yes,corr,None,None,None,None
6702,exp_cycles_indvary3_step8_batch_yyy01.pl,d3,no,0.49,no,corr,None,None,None,None
6703,exp_cycles_indvary3_step8_batch_yyy01.pl,u7,no,0.52,no,corr,None,None,None,None
6704,exp_cycles_indvary3_step8_batch_yyy01.pl,s2,no,0.27,no,corr,None,None,None,None
6705,exp_cycles_indvary3_step8_batch_yyy01.pl,x2,no,0.29,no,corr,None,None,None,None
6706,exp_cycles_indvary3_step8_batch_yyy01.pl,s6,no,0.4,no,corr,None,None,None,None
6707,exp_cycles_indvary3_step8_batch_yyy01.pl,s1,no,0.6,no,corr,None,None,None,None
6708,exp_cycles_indvary3_step8_batch_yyy01.pl,y6,no,0.47,no,corr,None,None,None,None
6709,exp_cycles_indvary3_step8_batch_yyy01.pl,s7,no,0.41,no,corr,None,None,None,None
6710,exp_cycles_indvary3_step8_batch_yyy01.pl,r7,no,0.65,no,corr,None,None,None,None
6711,exp_cycles_indvary3_step8_batch_yyy02.pl,c3,yes,0.45,yes,corr,None,None,None,None
6712,exp_cycles_indvary3_step8_batch_yyy02.pl,z6,no,0.31,no,corr,None,None,None,None
6713,exp_cycles_indvary3_step8_batch_yyy02.pl,v6,no,0.33,no,corr,None,None,None,None
6714,exp_cycles_indvary3_step8_batch_yyy02.pl,q5,no,0.29,no,corr,None,None,None,None
6715,exp_cycles_indvary3_step8_batch_yyy02.pl,z1,no,4.7,no,corr,None,None,None,None
6716,exp_cycles_indvary3_step8_batch_yyy02.pl,f3,no,0.7,no,corr,None,None,None,None
6717,exp_cycles_indvary3_step8_batch_yyy02.pl,a3,yes,0.56,yes,corr,None,None,None,None
6718,exp_cycles_indvary3_step8_batch_yyy02.pl,f2,yes,0.51,yes,corr,None,None,None,None
6719,exp_cycles_indvary3_step8_batch_yyy02.pl,y1,no,0.76,no,corr,None,None,None,None
6720,exp_cycles_indvary3_step8_batch_yyy02.pl,r1,no,27.09,no,corr,None,None,None,None
6721,exp_cycles_indvary3_step8_batch_yyy03.pl,z6,no,0.41,no,corr,None,None,None,None
6722,exp_cycles_indvary3_step8_batch_yyy03.pl,u4,no,0.43,no,corr,None,None,None,None
6723,exp_cycles_indvary3_step8_batch_yyy03.pl,w5,no,0.49,no,corr,None,None,None,None
6724,exp_cycles_indvary3_step8_batch_yyy03.pl,x7,no,0.43,no,corr,None,None,None,None
6725,exp_cycles_indvary3_step8_batch_yyy03.pl,w4,no,0.39,no,corr,None,None,None,None
6726,exp_cycles_indvary3_step8_batch_yyy03.pl,r4,no,0.62,no,corr,None,None,None,None
6727,exp_cycles_indvary3_step8_batch_yyy03.pl,s7,no,0.45,no,corr,None,None,None,None
6728,exp_cycles_indvary3_step8_batch_yyy03.pl,u2,no,4.87,no,corr,None,None,None,None
6729,exp_cycles_indvary3_step8_batch_yyy03.pl,q7,no,0.33,no,corr,None,None,None,None
6730,exp_cycles_indvary3_step8_batch_yyy03.pl,p6,no,0.3,no,corr,None,None,None,None
6731,exp_cycles_indvary3_step8_batch_yyy04.pl,w7,no,0.42,no,corr,None,None,None,None
6732,exp_cycles_indvary3_step8_batch_yyy04.pl,e1,yes,0.5,yes,corr,None,None,None,None
6733,exp_cycles_indvary3_step8_batch_yyy04.pl,u4,no,0.61,no,corr,None,None,None,None
6734,exp_cycles_indvary3_step8_batch_yyy04.pl,s5,no,0.48,no,corr,None,None,None,None
6735,exp_cycles_indvary3_step8_batch_yyy04.pl,s6,no,0.49,no,corr,None,None,None,None
6736,exp_cycles_indvary3_step8_batch_yyy04.pl,p1,no,0.46,no,corr,None,None,None,None
6737,exp_cycles_indvary3_step8_batch_yyy04.pl,z1,no,0.4,no,corr,None,None,None,None
6738,exp_cycles_indvary3_step8_batch_yyy04.pl,a5,no,0.42,no,corr,None,None,None,None
6739,exp_cycles_indvary3_step8_batch_yyy04.pl,u3,no,229.33,no,corr,None,None,None,None
6740,exp_cycles_indvary3_step8_batch_yyy04.pl,v4,no,0.55,no,corr,None,None,None,None
6741,exp_cycles_indvary3_step8_batch_yyy05.pl,s3,no,2.58,no,corr,None,None,None,None
6742,exp_cycles_indvary3_step8_batch_yyy05.pl,q6,no,0.42,no,corr,None,None,None,None
6743,exp_cycles_indvary3_step8_batch_yyy05.pl,f1,yes,0.66,yes,corr,None,None,None,None
6744,exp_cycles_indvary3_step8_batch_yyy05.pl,t6,no,0.29,no,corr,None,None,None,None
6745,exp_cycles_indvary3_step8_batch_yyy05.pl,e4,no,0.36,no,corr,None,None,None,None
6746,exp_cycles_indvary3_step8_batch_yyy05.pl,f3,no,0.7,no,corr,None,None,None,None
6747,exp_cycles_indvary3_step8_batch_yyy05.pl,c6,no,0.45,no,corr,None,None,None,None
6748,exp_cycles_indvary3_step8_batch_yyy05.pl,e3,no,0.26,no,corr,None,None,None,None
6749,exp_cycles_indvary3_step8_batch_yyy05.pl,q7,no,0.5,no,corr,None,None,None,None
6750,exp_cycles_indvary3_step8_batch_yyy05.pl,p6,no,0.31,no,corr,None,None,None,None
6751,exp_cycles_indvary3_step8_batch_yyy06.pl,b2,no,0.3,no,corr,None,None,None,None
6752,exp_cycles_indvary3_step8_batch_yyy06.pl,t6,no,0.33,no,corr,None,None,None,None
6753,exp_cycles_indvary3_step8_batch_yyy06.pl,f5,no,0.59,no,corr,None,None,None,None
6754,exp_cycles_indvary3_step8_batch_yyy06.pl,s1,no,0.39,no,corr,None,None,None,None
6755,exp_cycles_indvary3_step8_batch_yyy06.pl,r7,no,0.31,no,corr,None,None,None,None
6756,exp_cycles_indvary3_step8_batch_yyy06.pl,v3,no,0.37,no,corr,None,None,None,None
6757,exp_cycles_indvary3_step8_batch_yyy06.pl,d1,no,164.17,no,corr,None,None,None,None
6758,exp_cycles_indvary3_step8_batch_yyy06.pl,q7,no,0.87,no,corr,None,None,None,None
6759,exp_cycles_indvary3_step8_batch_yyy06.pl,b4,no,0.58,no,corr,None,None,None,None
6760,exp_cycles_indvary3_step8_batch_yyy06.pl,t3,no,0.55,no,corr,None,None,None,None
6761,exp_cycles_indvary3_step8_batch_yyy07.pl,f1,yes,0.37,yes,corr,None,None,None,None
6762,exp_cycles_indvary3_step8_batch_yyy07.pl,v5,no,0.43,no,corr,None,None,None,None
6763,exp_cycles_indvary3_step8_batch_yyy07.pl,b1,yes,0.7,yes,corr,None,None,None,None
6764,exp_cycles_indvary3_step8_batch_yyy07.pl,w1,no,15.05,no,corr,None,None,None,None
6765,exp_cycles_indvary3_step8_batch_yyy07.pl,t2,no,0.41,no,corr,None,None,None,None
6766,exp_cycles_indvary3_step8_batch_yyy07.pl,f4,no,0.38,no,corr,None,None,None,None
6767,exp_cycles_indvary3_step8_batch_yyy07.pl,p1,no,0.35,no,corr,None,None,None,None
6768,exp_cycles_indvary3_step8_batch_yyy07.pl,y6,no,0.37,no,corr,None,None,None,None
6769,exp_cycles_indvary3_step8_batch_yyy07.pl,r3,no,77.01,no,corr,None,None,None,None
6770,exp_cycles_indvary3_step8_batch_yyy07.pl,t1,no,0.52,no,corr,None,None,None,None
6771,exp_cycles_indvary3_step8_batch_yyy08.pl,b2,yes,0.59,yes,corr,None,None,None,None
6772,exp_cycles_indvary3_step8_batch_yyy08.pl,w7,no,0.62,no,corr,None,None,None,None
6773,exp_cycles_indvary3_step8_batch_yyy08.pl,x3,no,377.61,no,corr,None,None,None,None
6774,exp_cycles_indvary3_step8_batch_yyy08.pl,f1,yes,0.3,yes,corr,None,None,None,None
6775,exp_cycles_indvary3_step8_batch_yyy08.pl,r5,no,0.43,no,corr,None,None,None,None
6776,exp_cycles_indvary3_step8_batch_yyy08.pl,p3,no,19.74,no,corr,None,None,None,None
6777,exp_cycles_indvary3_step8_batch_yyy08.pl,e3,no,0.52,no,corr,None,None,None,None
6778,exp_cycles_indvary3_step8_batch_yyy08.pl,a2,yes,0.41,yes,corr,None,None,None,None
6779,exp_cycles_indvary3_step8_batch_yyy08.pl,z2,,600.0,no,TIMEOUT,,,,
6780,exp_cycles_indvary3_step8_batch_yyy08.pl,s6,no,1.36,no,corr,None,None,None,None
6781,exp_cycles_indvary3_step8_batch_yyy09.pl,u5,no,0.32,no,corr,None,None,None,None
6782,exp_cycles_indvary3_step8_batch_yyy09.pl,s3,no,0.72,no,corr,None,None,None,None
6783,exp_cycles_indvary3_step8_batch_yyy09.pl,p5,no,0.44,no,corr,None,None,None,None
6784,exp_cycles_indvary3_step8_batch_yyy09.pl,w2,no,70.01,no,corr,None,None,None,None
6785,exp_cycles_indvary3_step8_batch_yyy09.pl,e4,no,0.31,no,corr,None,None,None,None
6786,exp_cycles_indvary3_step8_batch_yyy09.pl,w4,no,0.3,no,corr,None,None,None,None
6787,exp_cycles_indvary3_step8_batch_yyy09.pl,x1,no,8.13,no,corr,None,None,None,None
6788,exp_cycles_indvary3_step8_batch_yyy09.pl,w3,no,0.55,no,corr,None,None,None,None
6789,exp_cycles_indvary3_step8_batch_yyy09.pl,s7,no,0.53,no,corr,None,None,None,None
6790,exp_cycles_indvary3_step8_batch_yyy09.pl,a1,yes,0.63,yes,corr,None,None,None,None
6791,exp_cycles_indvary3_step8_batch_yyy10.pl,d5,no,0.36,no,corr,None,None,None,None
6792,exp_cycles_indvary3_step8_batch_yyy10.pl,z6,no,0.45,no,corr,None,None,None,None
6793,exp_cycles_indvary3_step8_batch_yyy10.pl,x3,no,0.48,no,corr,None,None,None,None
6794,exp_cycles_indvary3_step8_batch_yyy10.pl,e5,no,0.38,no,corr,None,None,None,None
6795,exp_cycles_indvary3_step8_batch_yyy10.pl,q4,no,8.02,no,corr,None,None,None,None
6796,exp_cycles_indvary3_step8_batch_yyy10.pl,z4,no,0.61,no,corr,None,None,None,None
6797,exp_cycles_indvary3_step8_batch_yyy10.pl,t7,no,0.32,no,corr,None,None,None,None
6798,exp_cycles_indvary3_step8_batch_yyy10.pl,d2,yes,0.29,yes,corr,None,None,None,None
6799,exp_cycles_indvary3_step8_batch_yyy10.pl,x1,no,18.99,no,corr,None,None,None,None
6800,exp_cycles_indvary3_step8_batch_yyy10.pl,w3,no,423.43,no,corr,None,None,None,None
