id,instance,goal,result,duration,correct_result,verdict,steps_obtained,constraints_no,constraints_max,constraints_min
1,exp_acyclic_depvary_step10_batch_yyy01.pl,w2,yes,0.53,yes,corr,None,None,None,None
2,exp_acyclic_depvary_step10_batch_yyy01.pl,w5,yes,0.54,yes,corr,None,None,None,None
3,exp_acyclic_depvary_step10_batch_yyy01.pl,q4,no,356.19,no,corr,None,None,None,None
4,exp_acyclic_depvary_step10_batch_yyy01.pl,x5,yes,1.38,yes,corr,None,None,None,None
5,exp_acyclic_depvary_step10_batch_yyy01.pl,z3,yes,15.78,yes,corr,None,None,None,None
6,exp_acyclic_depvary_step10_batch_yyy01.pl,u2,yes,0.59,yes,corr,None,None,None,None
7,exp_acyclic_depvary_step10_batch_yyy01.pl,t4,yes,0.61,yes,corr,None,None,None,None
8,exp_acyclic_depvary_step10_batch_yyy01.pl,c4,no,298.53,no,corr,None,None,None,None
9,exp_acyclic_depvary_step10_batch_yyy01.pl,u3,no,420.11,no,corr,None,None,None,None
10,exp_acyclic_depvary_step10_batch_yyy01.pl,v4,yes,6.07,yes,corr,None,None,None,None
11,exp_acyclic_depvary_step10_batch_yyy02.pl,p5,no,254.22,no,corr,None,None,None,None
12,exp_acyclic_depvary_step10_batch_yyy02.pl,c5,no,330.27,no,corr,None,None,None,None
13,exp_acyclic_depvary_step10_batch_yyy02.pl,q4,no,334.07,no,corr,None,None,None,None
14,exp_acyclic_depvary_step10_batch_yyy02.pl,a4,yes,3.99,yes,corr,None,None,None,None
15,exp_acyclic_depvary_step10_batch_yyy02.pl,r5,yes,0.85,yes,corr,None,None,None,None
16,exp_acyclic_depvary_step10_batch_yyy02.pl,w4,yes,0.84,yes,corr,None,None,None,None
17,exp_acyclic_depvary_step10_batch_yyy02.pl,b6,yes,1.12,yes,corr,None,None,None,None
18,exp_acyclic_depvary_step10_batch_yyy02.pl,p1,yes,0.61,yes,corr,None,None,None,None
19,exp_acyclic_depvary_step10_batch_yyy02.pl,u3,no,328.37,no,corr,None,None,None,None
20,exp_acyclic_depvary_step10_batch_yyy02.pl,e3,no,328.81,no,corr,None,None,None,None
21,exp_acyclic_depvary_step10_batch_yyy03.pl,s3,no,284.73,no,corr,None,None,None,None
22,exp_acyclic_depvary_step10_batch_yyy03.pl,y4,no,390.07,no,corr,None,None,None,None
23,exp_acyclic_depvary_step10_batch_yyy03.pl,x2,yes,0.67,yes,corr,None,None,None,None
24,exp_acyclic_depvary_step10_batch_yyy03.pl,e4,no,311.98,no,corr,None,None,None,None
25,exp_acyclic_depvary_step10_batch_yyy03.pl,f3,yes,0.61,yes,corr,None,None,None,None
26,exp_acyclic_depvary_step10_batch_yyy03.pl,u3,yes,0.62,yes,corr,None,None,None,None
27,exp_acyclic_depvary_step10_batch_yyy03.pl,f4,no,315.65,no,corr,None,None,None,None
28,exp_acyclic_depvary_step10_batch_yyy03.pl,w3,yes,0.8,yes,corr,None,None,None,None
29,exp_acyclic_depvary_step10_batch_yyy03.pl,v1,no,388.23,no,corr,None,None,None,None
30,exp_acyclic_depvary_step10_batch_yyy03.pl,p3,no,375.05,no,corr,None,None,None,None
31,exp_acyclic_depvary_step10_batch_yyy04.pl,t4,no,283.36,no,corr,None,None,None,None
32,exp_acyclic_depvary_step10_batch_yyy04.pl,s5,yes,6.7,yes,corr,None,None,None,None
33,exp_acyclic_depvary_step10_batch_yyy04.pl,q4,yes,12.99,yes,corr,None,None,None,None
34,exp_acyclic_depvary_step10_batch_yyy04.pl,e4,yes,0.84,yes,corr,None,None,None,None
35,exp_acyclic_depvary_step10_batch_yyy04.pl,w1,yes,0.74,yes,corr,None,None,None,None
36,exp_acyclic_depvary_step10_batch_yyy04.pl,y1,no,413.52,no,corr,None,None,None,None
37,exp_acyclic_depvary_step10_batch_yyy04.pl,p2,no,393.64,no,corr,None,None,None,None
38,exp_acyclic_depvary_step10_batch_yyy04.pl,r2,no,399.79,no,corr,None,None,None,None
39,exp_acyclic_depvary_step10_batch_yyy04.pl,a4,yes,71.99,yes,corr,None,None,None,None
40,exp_acyclic_depvary_step10_batch_yyy04.pl,x2,yes,0.68,yes,corr,None,None,None,None
41,exp_acyclic_depvary_step10_batch_yyy05.pl,c3,no,383.52,no,corr,None,None,None,None
42,exp_acyclic_depvary_step10_batch_yyy05.pl,e1,no,380.93,no,corr,None,None,None,None
43,exp_acyclic_depvary_step10_batch_yyy05.pl,f5,yes,0.44,yes,corr,None,None,None,None
44,exp_acyclic_depvary_step10_batch_yyy05.pl,y3,yes,0.62,yes,corr,None,None,None,None
45,exp_acyclic_depvary_step10_batch_yyy05.pl,r4,yes,8.96,yes,corr,None,None,None,None
46,exp_acyclic_depvary_step10_batch_yyy05.pl,p1,no,389.85,no,corr,None,None,None,None
47,exp_acyclic_depvary_step10_batch_yyy05.pl,c2,no,316.68,no,corr,None,None,None,None
48,exp_acyclic_depvary_step10_batch_yyy05.pl,b1,yes,8.85,yes,corr,None,None,None,None
49,exp_acyclic_depvary_step10_batch_yyy05.pl,u2,no,389.11,no,corr,None,None,None,None
50,exp_acyclic_depvary_step10_batch_yyy05.pl,t1,yes,0.56,yes,corr,None,None,None,None
51,exp_acyclic_depvary_step10_batch_yyy06.pl,y4,no,321.97,no,corr,None,None,None,None
52,exp_acyclic_depvary_step10_batch_yyy06.pl,t3,yes,0.63,yes,corr,None,None,None,None
53,exp_acyclic_depvary_step10_batch_yyy06.pl,a5,no,363.18,no,corr,None,None,None,None
54,exp_acyclic_depvary_step10_batch_yyy06.pl,q4,no,380.66,no,corr,None,None,None,None
55,exp_acyclic_depvary_step10_batch_yyy06.pl,f5,yes,0.68,yes,corr,None,None,None,None
56,exp_acyclic_depvary_step10_batch_yyy06.pl,z4,yes,0.75,yes,corr,None,None,None,None
57,exp_acyclic_depvary_step10_batch_yyy06.pl,c1,yes,0.66,yes,corr,None,None,None,None
58,exp_acyclic_depvary_step10_batch_yyy06.pl,r4,no,418.82,no,corr,None,None,None,None
59,exp_acyclic_depvary_step10_batch_yyy06.pl,y1,no,421.12,no,corr,None,None,None,None
60,exp_acyclic_depvary_step10_batch_yyy06.pl,p1,yes,1.65,yes,corr,None,None,None,None
61,exp_acyclic_depvary_step10_batch_yyy07.pl,d4,no,403.68,no,corr,None,None,None,None
62,exp_acyclic_depvary_step10_batch_yyy07.pl,u4,no,275.9,no,corr,None,None,None,None
63,exp_acyclic_depvary_step10_batch_yyy07.pl,b4,no,376.9,no,corr,None,None,None,None
64,exp_acyclic_depvary_step10_batch_yyy07.pl,z4,no,375.22,no,corr,None,None,None,None
65,exp_acyclic_depvary_step10_batch_yyy07.pl,y1,no,385.83,no,corr,None,None,None,None
66,exp_acyclic_depvary_step10_batch_yyy07.pl,r2,yes,43.77,yes,corr,None,None,None,None
67,exp_acyclic_depvary_step10_batch_yyy07.pl,u2,yes,0.55,yes,corr,None,None,None,None
68,exp_acyclic_depvary_step10_batch_yyy07.pl,a6,yes,0.68,yes,corr,None,None,None,None
69,exp_acyclic_depvary_step10_batch_yyy07.pl,b3,yes,0.27,yes,corr,None,None,None,None
70,exp_acyclic_depvary_step10_batch_yyy07.pl,y4,no,374.5,no,corr,None,None,None,None
71,exp_acyclic_depvary_step10_batch_yyy08.pl,c3,yes,8.76,yes,corr,None,None,None,None
72,exp_acyclic_depvary_step10_batch_yyy08.pl,e1,yes,0.71,yes,corr,None,None,None,None
73,exp_acyclic_depvary_step10_batch_yyy08.pl,v5,yes,6.0,yes,corr,None,None,None,None
74,exp_acyclic_depvary_step10_batch_yyy08.pl,a5,yes,2.45,yes,corr,None,None,None,None
75,exp_acyclic_depvary_step10_batch_yyy08.pl,a4,no,294.35,no,corr,None,None,None,None
76,exp_acyclic_depvary_step10_batch_yyy08.pl,z2,no,349.97,no,corr,None,None,None,None
77,exp_acyclic_depvary_step10_batch_yyy08.pl,q3,yes,0.88,yes,corr,None,None,None,None
78,exp_acyclic_depvary_step10_batch_yyy08.pl,t1,no,385.74,no,corr,None,None,None,None
79,exp_acyclic_depvary_step10_batch_yyy08.pl,z4,yes,8.9,yes,corr,None,None,None,None
80,exp_acyclic_depvary_step10_batch_yyy08.pl,r5,no,264.77,no,corr,None,None,None,None
81,exp_acyclic_depvary_step10_batch_yyy09.pl,b2,no,435.31,no,corr,None,None,None,None
82,exp_acyclic_depvary_step10_batch_yyy09.pl,y4,no,323.72,no,corr,None,None,None,None
83,exp_acyclic_depvary_step10_batch_yyy09.pl,t3,yes,0.68,yes,corr,None,None,None,None
84,exp_acyclic_depvary_step10_batch_yyy09.pl,z1,yes,0.65,yes,corr,None,None,None,None
85,exp_acyclic_depvary_step10_batch_yyy09.pl,f5,yes,0.25,yes,corr,None,None,None,None
86,exp_acyclic_depvary_step10_batch_yyy09.pl,z4,no,385.85,no,corr,None,None,None,None
87,exp_acyclic_depvary_step10_batch_yyy09.pl,e3,no,417.75,no,corr,None,None,None,None
88,exp_acyclic_depvary_step10_batch_yyy09.pl,y1,no,343.18,no,corr,None,None,None,None
89,exp_acyclic_depvary_step10_batch_yyy09.pl,a3,no,391.02,no,corr,None,None,None,None
90,exp_acyclic_depvary_step10_batch_yyy09.pl,q2,no,469.54,no,corr,None,None,None,None
91,exp_acyclic_depvary_step10_batch_yyy10.pl,d5,yes,6.86,yes,corr,None,None,None,None
92,exp_acyclic_depvary_step10_batch_yyy10.pl,a6,yes,1.07,yes,corr,None,None,None,None
93,exp_acyclic_depvary_step10_batch_yyy10.pl,v2,no,282.9,no,corr,None,None,None,None
94,exp_acyclic_depvary_step10_batch_yyy10.pl,x3,yes,0.69,yes,corr,None,None,None,None
95,exp_acyclic_depvary_step10_batch_yyy10.pl,x2,no,265.62,no,corr,None,None,None,None
96,exp_acyclic_depvary_step10_batch_yyy10.pl,y3,no,270.03,no,corr,None,None,None,None
97,exp_acyclic_depvary_step10_batch_yyy10.pl,b5,no,358.52,no,corr,None,None,None,None
98,exp_acyclic_depvary_step10_batch_yyy10.pl,e3,yes,0.69,yes,corr,None,None,None,None
99,exp_acyclic_depvary_step10_batch_yyy10.pl,x1,yes,2.58,yes,corr,None,None,None,None
100,exp_acyclic_depvary_step10_batch_yyy10.pl,r3,no,357.62,no,corr,None,None,None,None
101,exp_acyclic_depvary_step1_batch_yyy01.pl,u5,no,2.26,no,corr,None,None,None,None
102,exp_acyclic_depvary_step1_batch_yyy01.pl,s4,no,2.44,no,corr,None,None,None,None
103,exp_acyclic_depvary_step1_batch_yyy01.pl,d3,no,2.23,no,corr,None,None,None,None
104,exp_acyclic_depvary_step1_batch_yyy01.pl,q5,no,2.23,no,corr,None,None,None,None
105,exp_acyclic_depvary_step1_batch_yyy01.pl,z4,no,2.16,no,corr,None,None,None,None
106,exp_acyclic_depvary_step1_batch_yyy01.pl,s1,yes,0.26,yes,corr,None,None,None,None
107,exp_acyclic_depvary_step1_batch_yyy01.pl,z3,no,2.4,no,corr,None,None,None,None
108,exp_acyclic_depvary_step1_batch_yyy01.pl,u2,no,2.28,no,corr,None,None,None,None
109,exp_acyclic_depvary_step1_batch_yyy01.pl,c5,no,2.82,no,corr,None,None,None,None
110,exp_acyclic_depvary_step1_batch_yyy01.pl,b1,no,2.72,no,corr,None,None,None,None
111,exp_acyclic_depvary_step1_batch_yyy02.pl,y4,no,2.68,no,corr,None,None,None,None
112,exp_acyclic_depvary_step1_batch_yyy02.pl,z5,no,2.33,no,corr,None,None,None,None
113,exp_acyclic_depvary_step1_batch_yyy02.pl,x3,no,2.17,no,corr,None,None,None,None
114,exp_acyclic_depvary_step1_batch_yyy02.pl,q4,no,2.37,no,corr,None,None,None,None
115,exp_acyclic_depvary_step1_batch_yyy02.pl,x2,no,2.95,no,corr,None,None,None,None
116,exp_acyclic_depvary_step1_batch_yyy02.pl,c6,no,2.81,no,corr,None,None,None,None
117,exp_acyclic_depvary_step1_batch_yyy02.pl,d2,no,2.73,no,corr,None,None,None,None
118,exp_acyclic_depvary_step1_batch_yyy02.pl,y2,no,2.81,no,corr,None,None,None,None
119,exp_acyclic_depvary_step1_batch_yyy02.pl,e2,no,2.4,no,corr,None,None,None,None
120,exp_acyclic_depvary_step1_batch_yyy02.pl,q2,no,2.45,no,corr,None,None,None,None
121,exp_acyclic_depvary_step1_batch_yyy03.pl,u4,no,2.53,no,corr,None,None,None,None
122,exp_acyclic_depvary_step1_batch_yyy03.pl,b1,no,2.76,no,corr,None,None,None,None
123,exp_acyclic_depvary_step1_batch_yyy03.pl,x2,no,2.68,no,corr,None,None,None,None
124,exp_acyclic_depvary_step1_batch_yyy03.pl,r5,no,2.31,no,corr,None,None,None,None
125,exp_acyclic_depvary_step1_batch_yyy03.pl,x4,no,2.56,no,corr,None,None,None,None
126,exp_acyclic_depvary_step1_batch_yyy03.pl,q2,no,2.6,no,corr,None,None,None,None
127,exp_acyclic_depvary_step1_batch_yyy03.pl,c6,no,2.23,no,corr,None,None,None,None
128,exp_acyclic_depvary_step1_batch_yyy03.pl,z2,no,2.21,no,corr,None,None,None,None
129,exp_acyclic_depvary_step1_batch_yyy03.pl,v4,no,2.26,no,corr,None,None,None,None
130,exp_acyclic_depvary_step1_batch_yyy03.pl,e3,no,3.81,no,corr,None,None,None,None
131,exp_acyclic_depvary_step1_batch_yyy04.pl,u4,no,2.49,no,corr,None,None,None,None
132,exp_acyclic_depvary_step1_batch_yyy04.pl,p3,no,3.16,no,corr,None,None,None,None
133,exp_acyclic_depvary_step1_batch_yyy04.pl,v4,no,2.43,no,corr,None,None,None,None
134,exp_acyclic_depvary_step1_batch_yyy04.pl,r1,yes,0.37,yes,corr,None,None,None,None
135,exp_acyclic_depvary_step1_batch_yyy04.pl,a3,no,2.72,no,corr,None,None,None,None
136,exp_acyclic_depvary_step1_batch_yyy04.pl,p1,yes,0.5,yes,corr,None,None,None,None
137,exp_acyclic_depvary_step1_batch_yyy04.pl,p5,no,2.32,no,corr,None,None,None,None
138,exp_acyclic_depvary_step1_batch_yyy04.pl,x3,no,2.99,no,corr,None,None,None,None
139,exp_acyclic_depvary_step1_batch_yyy04.pl,r2,no,2.55,no,corr,None,None,None,None
140,exp_acyclic_depvary_step1_batch_yyy04.pl,b6,no,2.61,no,corr,None,None,None,None
141,exp_acyclic_depvary_step1_batch_yyy05.pl,v2,no,3.09,no,corr,None,None,None,None
142,exp_acyclic_depvary_step1_batch_yyy05.pl,x3,no,2.47,no,corr,None,None,None,None
143,exp_acyclic_depvary_step1_batch_yyy05.pl,f1,no,3.91,no,corr,None,None,None,None
144,exp_acyclic_depvary_step1_batch_yyy05.pl,q5,no,2.23,no,corr,None,None,None,None
145,exp_acyclic_depvary_step1_batch_yyy05.pl,w4,no,2.45,no,corr,None,None,None,None
146,exp_acyclic_depvary_step1_batch_yyy05.pl,x5,no,2.92,no,corr,None,None,None,None
147,exp_acyclic_depvary_step1_batch_yyy05.pl,y2,no,2.25,no,corr,None,None,None,None
148,exp_acyclic_depvary_step1_batch_yyy05.pl,q2,no,2.35,no,corr,None,None,None,None
149,exp_acyclic_depvary_step1_batch_yyy05.pl,v4,no,2.43,no,corr,None,None,None,None
150,exp_acyclic_depvary_step1_batch_yyy05.pl,e3,no,2.36,no,corr,None,None,None,None
151,exp_acyclic_depvary_step1_batch_yyy06.pl,b2,no,2.21,no,corr,None,None,None,None
152,exp_acyclic_depvary_step1_batch_yyy06.pl,w5,no,2.15,no,corr,None,None,None,None
153,exp_acyclic_depvary_step1_batch_yyy06.pl,s5,no,2.39,no,corr,None,None,None,None
154,exp_acyclic_depvary_step1_batch_yyy06.pl,q4,no,2.59,no,corr,None,None,None,None
155,exp_acyclic_depvary_step1_batch_yyy06.pl,w4,no,2.33,no,corr,None,None,None,None
156,exp_acyclic_depvary_step1_batch_yyy06.pl,r4,no,2.37,no,corr,None,None,None,None
157,exp_acyclic_depvary_step1_batch_yyy06.pl,b6,no,2.66,no,corr,None,None,None,None
158,exp_acyclic_depvary_step1_batch_yyy06.pl,d1,yes,0.29,yes,corr,None,None,None,None
159,exp_acyclic_depvary_step1_batch_yyy06.pl,z1,no,2.27,no,corr,None,None,None,None
160,exp_acyclic_depvary_step1_batch_yyy06.pl,b1,yes,0.23,yes,corr,None,None,None,None
161,exp_acyclic_depvary_step1_batch_yyy07.pl,c4,no,2.4,no,corr,None,None,None,None
162,exp_acyclic_depvary_step1_batch_yyy07.pl,v5,no,2.2,no,corr,None,None,None,None
163,exp_acyclic_depvary_step1_batch_yyy07.pl,z4,no,2.48,no,corr,None,None,None,None
164,exp_acyclic_depvary_step1_batch_yyy07.pl,s1,yes,0.25,yes,corr,None,None,None,None
165,exp_acyclic_depvary_step1_batch_yyy07.pl,q1,yes,0.26,yes,corr,None,None,None,None
166,exp_acyclic_depvary_step1_batch_yyy07.pl,x4,no,2.43,no,corr,None,None,None,None
167,exp_acyclic_depvary_step1_batch_yyy07.pl,f1,no,2.96,no,corr,None,None,None,None
168,exp_acyclic_depvary_step1_batch_yyy07.pl,e5,no,2.22,no,corr,None,None,None,None
169,exp_acyclic_depvary_step1_batch_yyy07.pl,t2,no,2.56,no,corr,None,None,None,None
170,exp_acyclic_depvary_step1_batch_yyy07.pl,z2,no,2.51,no,corr,None,None,None,None
171,exp_acyclic_depvary_step1_batch_yyy08.pl,t5,no,2.52,no,corr,None,None,None,None
172,exp_acyclic_depvary_step1_batch_yyy08.pl,y4,no,2.65,no,corr,None,None,None,None
173,exp_acyclic_depvary_step1_batch_yyy08.pl,w2,no,2.31,no,corr,None,None,None,None
174,exp_acyclic_depvary_step1_batch_yyy08.pl,f5,no,2.25,no,corr,None,None,None,None
175,exp_acyclic_depvary_step1_batch_yyy08.pl,e3,no,2.45,no,corr,None,None,None,None
176,exp_acyclic_depvary_step1_batch_yyy08.pl,d2,no,2.26,no,corr,None,None,None,None
177,exp_acyclic_depvary_step1_batch_yyy08.pl,v3,no,2.81,no,corr,None,None,None,None
178,exp_acyclic_depvary_step1_batch_yyy08.pl,f2,no,2.46,no,corr,None,None,None,None
179,exp_acyclic_depvary_step1_batch_yyy08.pl,f4,no,2.38,no,corr,None,None,None,None
180,exp_acyclic_depvary_step1_batch_yyy08.pl,a3,no,2.13,no,corr,None,None,None,None
181,exp_acyclic_depvary_step1_batch_yyy09.pl,t4,no,2.48,no,corr,None,None,None,None
182,exp_acyclic_depvary_step1_batch_yyy09.pl,b3,no,2.76,no,corr,None,None,None,None
183,exp_acyclic_depvary_step1_batch_yyy09.pl,d3,no,2.53,no,corr,None,None,None,None
184,exp_acyclic_depvary_step1_batch_yyy09.pl,x5,no,2.47,no,corr,None,None,None,None
185,exp_acyclic_depvary_step1_batch_yyy09.pl,r1,yes,0.38,yes,corr,None,None,None,None
186,exp_acyclic_depvary_step1_batch_yyy09.pl,q3,no,2.22,no,corr,None,None,None,None
187,exp_acyclic_depvary_step1_batch_yyy09.pl,e3,no,2.62,no,corr,None,None,None,None
188,exp_acyclic_depvary_step1_batch_yyy09.pl,r4,no,2.5,no,corr,None,None,None,None
189,exp_acyclic_depvary_step1_batch_yyy09.pl,e2,no,3.0,no,corr,None,None,None,None
190,exp_acyclic_depvary_step1_batch_yyy09.pl,r3,no,2.27,no,corr,None,None,None,None
191,exp_acyclic_depvary_step1_batch_yyy10.pl,c4,no,2.94,no,corr,None,None,None,None
192,exp_acyclic_depvary_step1_batch_yyy10.pl,d4,no,3.14,no,corr,None,None,None,None
193,exp_acyclic_depvary_step1_batch_yyy10.pl,b1,yes,0.36,yes,corr,None,None,None,None
194,exp_acyclic_depvary_step1_batch_yyy10.pl,a4,no,2.8,no,corr,None,None,None,None
195,exp_acyclic_depvary_step1_batch_yyy10.pl,y3,no,2.86,no,corr,None,None,None,None
196,exp_acyclic_depvary_step1_batch_yyy10.pl,e3,no,2.7,no,corr,None,None,None,None
197,exp_acyclic_depvary_step1_batch_yyy10.pl,r3,no,2.81,no,corr,None,None,None,None
198,exp_acyclic_depvary_step1_batch_yyy10.pl,f2,no,3.05,no,corr,None,None,None,None
199,exp_acyclic_depvary_step1_batch_yyy10.pl,q3,no,2.76,no,corr,None,None,None,None
200,exp_acyclic_depvary_step1_batch_yyy10.pl,y2,no,2.75,no,corr,None,None,None,None
201,exp_acyclic_depvary_step2_batch_yyy01.pl,b2,yes,0.4,no,inc,None,None,None,None
202,exp_acyclic_depvary_step2_batch_yyy01.pl,e1,yes,0.62,yes,corr,None,None,None,None
203,exp_acyclic_depvary_step2_batch_yyy01.pl,e5,no,4.02,no,corr,None,None,None,None
204,exp_acyclic_depvary_step2_batch_yyy01.pl,c5,no,4.07,no,corr,None,None,None,None
205,exp_acyclic_depvary_step2_batch_yyy01.pl,z4,no,3.99,no,corr,None,None,None,None
206,exp_acyclic_depvary_step2_batch_yyy01.pl,c1,no,6.15,no,corr,None,None,None,None
207,exp_acyclic_depvary_step2_batch_yyy01.pl,p1,no,6.54,no,corr,None,None,None,None
208,exp_acyclic_depvary_step2_batch_yyy01.pl,y5,no,4.26,no,corr,None,None,None,None
209,exp_acyclic_depvary_step2_batch_yyy01.pl,a6,no,4.34,no,corr,None,None,None,None
210,exp_acyclic_depvary_step2_batch_yyy01.pl,s4,no,4.52,no,corr,None,None,None,None
211,exp_acyclic_depvary_step2_batch_yyy02.pl,z5,no,5.46,no,corr,None,None,None,None
212,exp_acyclic_depvary_step2_batch_yyy02.pl,e5,no,5.69,no,corr,None,None,None,None
213,exp_acyclic_depvary_step2_batch_yyy02.pl,s5,no,5.98,no,corr,None,None,None,None
214,exp_acyclic_depvary_step2_batch_yyy02.pl,p2,yes,0.52,yes,corr,None,None,None,None
215,exp_acyclic_depvary_step2_batch_yyy02.pl,a1,no,6.99,no,corr,None,None,None,None
216,exp_acyclic_depvary_step2_batch_yyy02.pl,q2,no,8.54,no,corr,None,None,None,None
217,exp_acyclic_depvary_step2_batch_yyy02.pl,d3,no,5.76,no,corr,None,None,None,None
218,exp_acyclic_depvary_step2_batch_yyy02.pl,u4,no,5.66,no,corr,None,None,None,None
219,exp_acyclic_depvary_step2_batch_yyy02.pl,w1,no,6.31,no,corr,None,None,None,None
220,exp_acyclic_depvary_step2_batch_yyy02.pl,p3,no,5.47,no,corr,None,None,None,None
221,exp_acyclic_depvary_step2_batch_yyy03.pl,d5,no,5.33,no,corr,None,None,None,None
222,exp_acyclic_depvary_step2_batch_yyy03.pl,p5,no,5.58,no,corr,None,None,None,None
223,exp_acyclic_depvary_step2_batch_yyy03.pl,v5,no,5.46,no,corr,None,None,None,None
224,exp_acyclic_depvary_step2_batch_yyy03.pl,f5,no,5.52,no,corr,None,None,None,None
225,exp_acyclic_depvary_step2_batch_yyy03.pl,p3,no,5.78,no,corr,None,None,None,None
226,exp_acyclic_depvary_step2_batch_yyy03.pl,u3,no,5.66,no,corr,None,None,None,None
227,exp_acyclic_depvary_step2_batch_yyy03.pl,y2,no,5.28,no,corr,None,None,None,None
228,exp_acyclic_depvary_step2_batch_yyy03.pl,d1,yes,0.25,yes,corr,None,None,None,None
229,exp_acyclic_depvary_step2_batch_yyy03.pl,y3,no,5.14,no,corr,None,None,None,None
230,exp_acyclic_depvary_step2_batch_yyy03.pl,r5,no,5.61,no,corr,None,None,None,None
231,exp_acyclic_depvary_step2_batch_yyy04.pl,e1,no,6.74,no,corr,None,None,None,None
232,exp_acyclic_depvary_step2_batch_yyy04.pl,f1,yes,0.33,yes,corr,None,None,None,None
233,exp_acyclic_depvary_step2_batch_yyy04.pl,v5,no,4.48,no,corr,None,None,None,None
234,exp_acyclic_depvary_step2_batch_yyy04.pl,q5,no,4.64,no,corr,None,None,None,None
235,exp_acyclic_depvary_step2_batch_yyy04.pl,v1,yes,0.18,yes,corr,None,None,None,None
236,exp_acyclic_depvary_step2_batch_yyy04.pl,c6,no,4.51,no,corr,None,None,None,None
237,exp_acyclic_depvary_step2_batch_yyy04.pl,a6,no,4.48,no,corr,None,None,None,None
238,exp_acyclic_depvary_step2_batch_yyy04.pl,y4,no,4.54,no,corr,None,None,None,None
239,exp_acyclic_depvary_step2_batch_yyy04.pl,e2,no,4.58,no,corr,None,None,None,None
240,exp_acyclic_depvary_step2_batch_yyy04.pl,u2,no,4.82,no,corr,None,None,None,None
241,exp_acyclic_depvary_step2_batch_yyy05.pl,b2,no,8.1,no,corr,None,None,None,None
242,exp_acyclic_depvary_step2_batch_yyy05.pl,y4,no,5.03,no,corr,None,None,None,None
243,exp_acyclic_depvary_step2_batch_yyy05.pl,e1,yes,0.19,yes,corr,None,None,None,None
244,exp_acyclic_depvary_step2_batch_yyy05.pl,f1,yes,0.2,yes,corr,None,None,None,None
245,exp_acyclic_depvary_step2_batch_yyy05.pl,w5,no,4.75,no,corr,None,None,None,None
246,exp_acyclic_depvary_step2_batch_yyy05.pl,q4,no,5.15,no,corr,None,None,None,None
247,exp_acyclic_depvary_step2_batch_yyy05.pl,y3,no,5.47,no,corr,None,None,None,None
248,exp_acyclic_depvary_step2_batch_yyy05.pl,f4,no,5.01,no,corr,None,None,None,None
249,exp_acyclic_depvary_step2_batch_yyy05.pl,z1,yes,0.29,yes,corr,None,None,None,None
250,exp_acyclic_depvary_step2_batch_yyy05.pl,b1,yes,0.25,yes,corr,None,None,None,None
251,exp_acyclic_depvary_step2_batch_yyy06.pl,c3,no,5.51,no,corr,None,None,None,None
252,exp_acyclic_depvary_step2_batch_yyy06.pl,u1,yes,0.63,yes,corr,None,None,None,None
253,exp_acyclic_depvary_step2_batch_yyy06.pl,d3,no,5.79,no,corr,None,None,None,None
254,exp_acyclic_depvary_step2_batch_yyy06.pl,q4,no,5.44,no,corr,None,None,None,None
255,exp_acyclic_depvary_step2_batch_yyy06.pl,x2,no,5.55,no,corr,None,None,None,None
256,exp_acyclic_depvary_step2_batch_yyy06.pl,x5,no,5.34,no,corr,None,None,None,None
257,exp_acyclic_depvary_step2_batch_yyy06.pl,a1,yes,0.17,yes,corr,None,None,None,None
258,exp_acyclic_depvary_step2_batch_yyy06.pl,x4,no,5.35,no,corr,None,None,None,None
259,exp_acyclic_depvary_step2_batch_yyy06.pl,p5,no,5.71,no,corr,None,None,None,None
260,exp_acyclic_depvary_step2_batch_yyy06.pl,x3,no,5.59,no,corr,None,None,None,None
261,exp_acyclic_depvary_step2_batch_yyy07.pl,d5,no,4.65,no,corr,None,None,None,None
262,exp_acyclic_depvary_step2_batch_yyy07.pl,f1,yes,0.27,yes,corr,None,None,None,None
263,exp_acyclic_depvary_step2_batch_yyy07.pl,w5,no,4.46,no,corr,None,None,None,None
264,exp_acyclic_depvary_step2_batch_yyy07.pl,y3,no,4.68,no,corr,None,None,None,None
265,exp_acyclic_depvary_step2_batch_yyy07.pl,x1,yes,0.29,yes,corr,None,None,None,None
266,exp_acyclic_depvary_step2_batch_yyy07.pl,f2,no,4.56,no,corr,None,None,None,None
267,exp_acyclic_depvary_step2_batch_yyy07.pl,c5,no,4.63,no,corr,None,None,None,None
268,exp_acyclic_depvary_step2_batch_yyy07.pl,a5,no,5.0,no,corr,None,None,None,None
269,exp_acyclic_depvary_step2_batch_yyy07.pl,d1,no,6.32,no,corr,None,None,None,None
270,exp_acyclic_depvary_step2_batch_yyy07.pl,t1,yes,0.43,yes,corr,None,None,None,None
271,exp_acyclic_depvary_step2_batch_yyy08.pl,s3,no,5.84,no,corr,None,None,None,None
272,exp_acyclic_depvary_step2_batch_yyy08.pl,x3,no,5.32,no,corr,None,None,None,None
273,exp_acyclic_depvary_step2_batch_yyy08.pl,s5,no,5.74,no,corr,None,None,None,None
274,exp_acyclic_depvary_step2_batch_yyy08.pl,p3,no,5.45,no,corr,None,None,None,None
275,exp_acyclic_depvary_step2_batch_yyy08.pl,d2,no,5.81,no,corr,None,None,None,None
276,exp_acyclic_depvary_step2_batch_yyy08.pl,z3,no,5.91,no,corr,None,None,None,None
277,exp_acyclic_depvary_step2_batch_yyy08.pl,y2,no,5.86,no,corr,None,None,None,None
278,exp_acyclic_depvary_step2_batch_yyy08.pl,c6,no,6.1,no,corr,None,None,None,None
279,exp_acyclic_depvary_step2_batch_yyy08.pl,z2,no,5.54,no,corr,None,None,None,None
280,exp_acyclic_depvary_step2_batch_yyy08.pl,b5,no,5.68,no,corr,None,None,None,None
281,exp_acyclic_depvary_step2_batch_yyy09.pl,u5,no,4.95,no,corr,None,None,None,None
282,exp_acyclic_depvary_step2_batch_yyy09.pl,t4,no,4.94,no,corr,None,None,None,None
283,exp_acyclic_depvary_step2_batch_yyy09.pl,b2,no,6.38,no,corr,None,None,None,None
284,exp_acyclic_depvary_step2_batch_yyy09.pl,b3,no,5.36,no,corr,None,None,None,None
285,exp_acyclic_depvary_step2_batch_yyy09.pl,p4,no,4.88,no,corr,None,None,None,None
286,exp_acyclic_depvary_step2_batch_yyy09.pl,b4,no,5.28,no,corr,None,None,None,None
287,exp_acyclic_depvary_step2_batch_yyy09.pl,z1,no,5.18,no,corr,None,None,None,None
288,exp_acyclic_depvary_step2_batch_yyy09.pl,w4,no,4.96,no,corr,None,None,None,None
289,exp_acyclic_depvary_step2_batch_yyy09.pl,d1,yes,0.21,yes,corr,None,None,None,None
290,exp_acyclic_depvary_step2_batch_yyy09.pl,x4,no,4.9,no,corr,None,None,None,None
291,exp_acyclic_depvary_step2_batch_yyy10.pl,u5,no,4.82,no,corr,None,None,None,None
292,exp_acyclic_depvary_step2_batch_yyy10.pl,d4,no,4.05,no,corr,None,None,None,None
293,exp_acyclic_depvary_step2_batch_yyy10.pl,t3,no,3.88,no,corr,None,None,None,None
294,exp_acyclic_depvary_step2_batch_yyy10.pl,v4,no,4.93,no,corr,None,None,None,None
295,exp_acyclic_depvary_step2_batch_yyy10.pl,f4,no,4.38,no,corr,None,None,None,None
296,exp_acyclic_depvary_step2_batch_yyy10.pl,r2,yes,0.25,yes,corr,None,None,None,None
297,exp_acyclic_depvary_step2_batch_yyy10.pl,v2,no,4.26,no,corr,None,None,None,None
298,exp_acyclic_depvary_step2_batch_yyy10.pl,e1,no,5.89,no,corr,None,None,None,None
299,exp_acyclic_depvary_step2_batch_yyy10.pl,s1,yes,0.29,yes,corr,None,None,None,None
300,exp_acyclic_depvary_step2_batch_yyy10.pl,d2,no,4.1,no,corr,None,None,None,None
301,exp_acyclic_depvary_step3_batch_yyy01.pl,u1,yes,0.35,yes,corr,None,None,None,None
302,exp_acyclic_depvary_step3_batch_yyy01.pl,c2,no,18.6,no,corr,None,None,None,None
303,exp_acyclic_depvary_step3_batch_yyy01.pl,a4,no,11.2,no,corr,None,None,None,None
304,exp_acyclic_depvary_step3_batch_yyy01.pl,y1,yes,0.9,yes,corr,None,None,None,None
305,exp_acyclic_depvary_step3_batch_yyy01.pl,q1,yes,0.49,yes,corr,None,None,None,None
306,exp_acyclic_depvary_step3_batch_yyy01.pl,a2,no,18.44,no,corr,None,None,None,None
307,exp_acyclic_depvary_step3_batch_yyy01.pl,s5,no,10.91,no,corr,None,None,None,None
308,exp_acyclic_depvary_step3_batch_yyy01.pl,b4,no,11.39,no,corr,None,None,None,None
309,exp_acyclic_depvary_step3_batch_yyy01.pl,z3,no,11.03,no,corr,None,None,None,None
310,exp_acyclic_depvary_step3_batch_yyy01.pl,a3,no,11.25,no,corr,None,None,None,None
311,exp_acyclic_depvary_step3_batch_yyy02.pl,d5,no,11.31,no,corr,None,None,None,None
312,exp_acyclic_depvary_step3_batch_yyy02.pl,z5,no,12.0,no,corr,None,None,None,None
313,exp_acyclic_depvary_step3_batch_yyy02.pl,b4,no,11.67,no,corr,None,None,None,None
314,exp_acyclic_depvary_step3_batch_yyy02.pl,c2,yes,0.5,yes,corr,None,None,None,None
315,exp_acyclic_depvary_step3_batch_yyy02.pl,r5,no,11.81,no,corr,None,None,None,None
316,exp_acyclic_depvary_step3_batch_yyy02.pl,r1,yes,0.49,yes,corr,None,None,None,None
317,exp_acyclic_depvary_step3_batch_yyy02.pl,p2,yes,0.31,yes,corr,None,None,None,None
318,exp_acyclic_depvary_step3_batch_yyy02.pl,e2,yes,0.45,yes,corr,None,None,None,None
319,exp_acyclic_depvary_step3_batch_yyy02.pl,d1,yes,0.36,yes,corr,None,None,None,None
320,exp_acyclic_depvary_step3_batch_yyy02.pl,q1,no,20.24,no,corr,None,None,None,None
321,exp_acyclic_depvary_step3_batch_yyy03.pl,p4,no,12.85,no,corr,None,None,None,None
322,exp_acyclic_depvary_step3_batch_yyy03.pl,u4,no,12.94,no,corr,None,None,None,None
323,exp_acyclic_depvary_step3_batch_yyy03.pl,z1,no,13.86,no,corr,None,None,None,None
324,exp_acyclic_depvary_step3_batch_yyy03.pl,c6,no,12.91,no,corr,None,None,None,None
325,exp_acyclic_depvary_step3_batch_yyy03.pl,y1,no,13.77,no,corr,None,None,None,None
326,exp_acyclic_depvary_step3_batch_yyy03.pl,y2,no,13.18,no,corr,None,None,None,None
327,exp_acyclic_depvary_step3_batch_yyy03.pl,e2,no,16.42,no,corr,None,None,None,None
328,exp_acyclic_depvary_step3_batch_yyy03.pl,r3,no,12.74,no,corr,None,None,None,None
329,exp_acyclic_depvary_step3_batch_yyy03.pl,f2,no,17.67,no,corr,None,None,None,None
330,exp_acyclic_depvary_step3_batch_yyy03.pl,q2,no,18.92,no,corr,None,None,None,None
331,exp_acyclic_depvary_step3_batch_yyy04.pl,t5,no,12.07,no,corr,None,None,None,None
332,exp_acyclic_depvary_step3_batch_yyy04.pl,s4,no,12.2,no,corr,None,None,None,None
333,exp_acyclic_depvary_step3_batch_yyy04.pl,u4,no,12.1,no,corr,None,None,None,None
334,exp_acyclic_depvary_step3_batch_yyy04.pl,c5,no,12.12,no,corr,None,None,None,None
335,exp_acyclic_depvary_step3_batch_yyy04.pl,e4,no,11.67,no,corr,None,None,None,None
336,exp_acyclic_depvary_step3_batch_yyy04.pl,w1,no,17.45,no,corr,None,None,None,None
337,exp_acyclic_depvary_step3_batch_yyy04.pl,s1,yes,0.29,yes,corr,None,None,None,None
338,exp_acyclic_depvary_step3_batch_yyy04.pl,z3,no,12.25,no,corr,None,None,None,None
339,exp_acyclic_depvary_step3_batch_yyy04.pl,r3,no,11.5,no,corr,None,None,None,None
340,exp_acyclic_depvary_step3_batch_yyy04.pl,q2,yes,0.31,yes,corr,None,None,None,None
341,exp_acyclic_depvary_step3_batch_yyy05.pl,e1,yes,0.31,yes,corr,None,None,None,None
342,exp_acyclic_depvary_step3_batch_yyy05.pl,f1,yes,0.21,yes,corr,None,None,None,None
343,exp_acyclic_depvary_step3_batch_yyy05.pl,c5,no,10.92,no,corr,None,None,None,None
344,exp_acyclic_depvary_step3_batch_yyy05.pl,r4,no,11.05,no,corr,None,None,None,None
345,exp_acyclic_depvary_step3_batch_yyy05.pl,a3,no,11.0,no,corr,None,None,None,None
346,exp_acyclic_depvary_step3_batch_yyy05.pl,x1,yes,0.35,yes,corr,None,None,None,None
347,exp_acyclic_depvary_step3_batch_yyy05.pl,s5,no,11.02,no,corr,None,None,None,None
348,exp_acyclic_depvary_step3_batch_yyy05.pl,b4,no,10.92,no,corr,None,None,None,None
349,exp_acyclic_depvary_step3_batch_yyy05.pl,r5,no,11.11,no,corr,None,None,None,None
350,exp_acyclic_depvary_step3_batch_yyy05.pl,e4,no,11.32,no,corr,None,None,None,None
351,exp_acyclic_depvary_step3_batch_yyy06.pl,c4,no,11.63,no,corr,None,None,None,None
352,exp_acyclic_depvary_step3_batch_yyy06.pl,u4,no,11.35,no,corr,None,None,None,None
353,exp_acyclic_depvary_step3_batch_yyy06.pl,a1,no,13.55,no,corr,None,None,None,None
354,exp_acyclic_depvary_step3_batch_yyy06.pl,u2,no,12.59,no,corr,None,None,None,None
355,exp_acyclic_depvary_step3_batch_yyy06.pl,x4,no,11.45,no,corr,None,None,None,None
356,exp_acyclic_depvary_step3_batch_yyy06.pl,z5,no,11.38,no,corr,None,None,None,None
357,exp_acyclic_depvary_step3_batch_yyy06.pl,e1,yes,0.2,yes,corr,None,None,None,None
358,exp_acyclic_depvary_step3_batch_yyy06.pl,x5,no,11.53,no,corr,None,None,None,None
359,exp_acyclic_depvary_step3_batch_yyy06.pl,c6,no,11.51,no,corr,None,None,None,None
360,exp_acyclic_depvary_step3_batch_yyy06.pl,b5,no,11.55,no,corr,None,None,None,None
361,exp_acyclic_depvary_step3_batch_yyy07.pl,w2,no,13.9,no,corr,None,None,None,None
362,exp_acyclic_depvary_step3_batch_yyy07.pl,q5,no,12.72,no,corr,None,None,None,None
363,exp_acyclic_depvary_step3_batch_yyy07.pl,c2,yes,0.22,yes,corr,None,None,None,None
364,exp_acyclic_depvary_step3_batch_yyy07.pl,x2,yes,0.29,yes,corr,None,None,None,None
365,exp_acyclic_depvary_step3_batch_yyy07.pl,e4,no,12.85,no,corr,None,None,None,None
366,exp_acyclic_depvary_step3_batch_yyy07.pl,a1,yes,0.36,yes,corr,None,None,None,None
367,exp_acyclic_depvary_step3_batch_yyy07.pl,t4,no,12.82,no,corr,None,None,None,None
368,exp_acyclic_depvary_step3_batch_yyy07.pl,s3,no,12.68,no,corr,None,None,None,None
369,exp_acyclic_depvary_step3_batch_yyy07.pl,r3,no,12.87,no,corr,None,None,None,None
370,exp_acyclic_depvary_step3_batch_yyy07.pl,q1,no,14.08,no,corr,None,None,None,None
371,exp_acyclic_depvary_step3_batch_yyy08.pl,d4,no,8.94,no,corr,None,None,None,None
372,exp_acyclic_depvary_step3_batch_yyy08.pl,w2,yes,0.28,yes,corr,None,None,None,None
373,exp_acyclic_depvary_step3_batch_yyy08.pl,a5,no,8.43,no,corr,None,None,None,None
374,exp_acyclic_depvary_step3_batch_yyy08.pl,y3,no,8.7,no,corr,None,None,None,None
375,exp_acyclic_depvary_step3_batch_yyy08.pl,c6,no,8.51,no,corr,None,None,None,None
376,exp_acyclic_depvary_step3_batch_yyy08.pl,q3,no,8.54,no,corr,None,None,None,None
377,exp_acyclic_depvary_step3_batch_yyy08.pl,u2,no,9.81,no,corr,None,None,None,None
378,exp_acyclic_depvary_step3_batch_yyy08.pl,y5,no,8.62,no,corr,None,None,None,None
379,exp_acyclic_depvary_step3_batch_yyy08.pl,f4,no,8.55,no,corr,None,None,None,None
380,exp_acyclic_depvary_step3_batch_yyy08.pl,z3,no,8.46,no,corr,None,None,None,None
381,exp_acyclic_depvary_step3_batch_yyy09.pl,b3,no,10.61,no,corr,None,None,None,None
382,exp_acyclic_depvary_step3_batch_yyy09.pl,d4,no,10.89,no,corr,None,None,None,None
383,exp_acyclic_depvary_step3_batch_yyy09.pl,w5,no,10.75,no,corr,None,None,None,None
384,exp_acyclic_depvary_step3_batch_yyy09.pl,b1,no,17.17,no,corr,None,None,None,None
385,exp_acyclic_depvary_step3_batch_yyy09.pl,a4,no,10.54,no,corr,None,None,None,None
386,exp_acyclic_depvary_step3_batch_yyy09.pl,p3,no,10.28,no,corr,None,None,None,None
387,exp_acyclic_depvary_step3_batch_yyy09.pl,e3,no,10.83,no,corr,None,None,None,None
388,exp_acyclic_depvary_step3_batch_yyy09.pl,r1,yes,0.64,yes,corr,None,None,None,None
389,exp_acyclic_depvary_step3_batch_yyy09.pl,e2,yes,0.71,yes,corr,None,None,None,None
390,exp_acyclic_depvary_step3_batch_yyy09.pl,d1,yes,0.57,yes,corr,None,None,None,None
391,exp_acyclic_depvary_step3_batch_yyy10.pl,s3,no,11.71,no,corr,None,None,None,None
392,exp_acyclic_depvary_step3_batch_yyy10.pl,b3,no,11.63,no,corr,None,None,None,None
393,exp_acyclic_depvary_step3_batch_yyy10.pl,e1,yes,0.36,yes,corr,None,None,None,None
394,exp_acyclic_depvary_step3_batch_yyy10.pl,t2,no,18.45,no,corr,None,None,None,None
395,exp_acyclic_depvary_step3_batch_yyy10.pl,e3,no,10.75,no,corr,None,None,None,None
396,exp_acyclic_depvary_step3_batch_yyy10.pl,u5,no,10.64,no,corr,None,None,None,None
397,exp_acyclic_depvary_step3_batch_yyy10.pl,d5,no,10.94,no,corr,None,None,None,None
398,exp_acyclic_depvary_step3_batch_yyy10.pl,e2,no,18.35,no,corr,None,None,None,None
399,exp_acyclic_depvary_step3_batch_yyy10.pl,r3,no,11.14,no,corr,None,None,None,None
400,exp_acyclic_depvary_step3_batch_yyy10.pl,d1,no,17.61,no,corr,None,None,None,None
401,exp_acyclic_depvary_step4_batch_yyy01.pl,b3,yes,0.24,yes,corr,None,None,None,None
402,exp_acyclic_depvary_step4_batch_yyy01.pl,u1,no,31.67,no,corr,None,None,None,None
403,exp_acyclic_depvary_step4_batch_yyy01.pl,d3,no,21.05,no,corr,None,None,None,None
404,exp_acyclic_depvary_step4_batch_yyy01.pl,q5,no,20.73,no,corr,None,None,None,None
405,exp_acyclic_depvary_step4_batch_yyy01.pl,c2,yes,0.86,yes,corr,None,None,None,None
406,exp_acyclic_depvary_step4_batch_yyy01.pl,f5,no,21.33,no,corr,None,None,None,None
407,exp_acyclic_depvary_step4_batch_yyy01.pl,w1,no,23.27,no,corr,None,None,None,None
408,exp_acyclic_depvary_step4_batch_yyy01.pl,s1,yes,0.49,yes,corr,None,None,None,None
409,exp_acyclic_depvary_step4_batch_yyy01.pl,x1,no,31.52,no,corr,None,None,None,None
410,exp_acyclic_depvary_step4_batch_yyy01.pl,f2,yes,0.46,yes,corr,None,None,None,None
411,exp_acyclic_depvary_step4_batch_yyy02.pl,u1,yes,0.35,yes,corr,None,None,None,None
412,exp_acyclic_depvary_step4_batch_yyy02.pl,y3,no,18.08,no,corr,None,None,None,None
413,exp_acyclic_depvary_step4_batch_yyy02.pl,d2,yes,0.57,yes,corr,None,None,None,None
414,exp_acyclic_depvary_step4_batch_yyy02.pl,y5,no,18.04,no,corr,None,None,None,None
415,exp_acyclic_depvary_step4_batch_yyy02.pl,w3,no,18.28,no,corr,None,None,None,None
416,exp_acyclic_depvary_step4_batch_yyy02.pl,b3,yes,0.33,yes,corr,None,None,None,None
417,exp_acyclic_depvary_step4_batch_yyy02.pl,y4,no,18.1,no,corr,None,None,None,None
418,exp_acyclic_depvary_step4_batch_yyy02.pl,e2,yes,0.53,yes,corr,None,None,None,None
419,exp_acyclic_depvary_step4_batch_yyy02.pl,t1,no,19.84,no,corr,None,None,None,None
420,exp_acyclic_depvary_step4_batch_yyy02.pl,q1,yes,0.51,yes,corr,None,None,None,None
421,exp_acyclic_depvary_step4_batch_yyy03.pl,b2,yes,0.34,yes,corr,None,None,None,None
422,exp_acyclic_depvary_step4_batch_yyy03.pl,p5,no,20.16,no,corr,None,None,None,None
423,exp_acyclic_depvary_step4_batch_yyy03.pl,d3,no,20.24,no,corr,None,None,None,None
424,exp_acyclic_depvary_step4_batch_yyy03.pl,t3,no,20.39,no,corr,None,None,None,None
425,exp_acyclic_depvary_step4_batch_yyy03.pl,u3,no,20.6,no,corr,None,None,None,None
426,exp_acyclic_depvary_step4_batch_yyy03.pl,s1,no,22.54,no,corr,None,None,None,None
427,exp_acyclic_depvary_step4_batch_yyy03.pl,q3,yes,0.44,yes,corr,None,None,None,None
428,exp_acyclic_depvary_step4_batch_yyy03.pl,b6,no,20.72,no,corr,None,None,None,None
429,exp_acyclic_depvary_step4_batch_yyy03.pl,c3,no,27.47,no,corr,None,None,None,None
430,exp_acyclic_depvary_step4_batch_yyy03.pl,t4,no,20.52,no,corr,None,None,None,None
431,exp_acyclic_depvary_step4_batch_yyy04.pl,u5,no,20.42,no,corr,None,None,None,None
432,exp_acyclic_depvary_step4_batch_yyy04.pl,b2,yes,0.33,yes,corr,None,None,None,None
433,exp_acyclic_depvary_step4_batch_yyy04.pl,d4,no,20.17,no,corr,None,None,None,None
434,exp_acyclic_depvary_step4_batch_yyy04.pl,b4,no,20.3,no,corr,None,None,None,None
435,exp_acyclic_depvary_step4_batch_yyy04.pl,p3,no,37.18,no,corr,None,None,None,None
436,exp_acyclic_depvary_step4_batch_yyy04.pl,y1,no,35.08,no,corr,None,None,None,None
437,exp_acyclic_depvary_step4_batch_yyy04.pl,b6,no,19.52,no,corr,None,None,None,None
438,exp_acyclic_depvary_step4_batch_yyy04.pl,q1,no,35.09,no,corr,None,None,None,None
439,exp_acyclic_depvary_step4_batch_yyy04.pl,x2,yes,0.44,yes,corr,None,None,None,None
440,exp_acyclic_depvary_step4_batch_yyy04.pl,f5,no,20.17,no,corr,None,None,None,None
441,exp_acyclic_depvary_step4_batch_yyy05.pl,t4,no,20.56,no,corr,None,None,None,None
442,exp_acyclic_depvary_step4_batch_yyy05.pl,p5,no,20.59,no,corr,None,None,None,None
443,exp_acyclic_depvary_step4_batch_yyy05.pl,t3,no,20.4,no,corr,None,None,None,None
444,exp_acyclic_depvary_step4_batch_yyy05.pl,y1,no,34.21,no,corr,None,None,None,None
445,exp_acyclic_depvary_step4_batch_yyy05.pl,a3,no,28.32,no,corr,None,None,None,None
446,exp_acyclic_depvary_step4_batch_yyy05.pl,x4,no,21.42,no,corr,None,None,None,None
447,exp_acyclic_depvary_step4_batch_yyy05.pl,v5,no,21.28,no,corr,None,None,None,None
448,exp_acyclic_depvary_step4_batch_yyy05.pl,w5,no,21.94,no,corr,None,None,None,None
449,exp_acyclic_depvary_step4_batch_yyy05.pl,c6,no,21.91,no,corr,None,None,None,None
450,exp_acyclic_depvary_step4_batch_yyy05.pl,z2,yes,0.44,yes,corr,None,None,None,None
451,exp_acyclic_depvary_step4_batch_yyy06.pl,b3,no,24.31,no,corr,None,None,None,None
452,exp_acyclic_depvary_step4_batch_yyy06.pl,z5,no,20.09,no,corr,None,None,None,None
453,exp_acyclic_depvary_step4_batch_yyy06.pl,c2,yes,0.27,yes,corr,None,None,None,None
454,exp_acyclic_depvary_step4_batch_yyy06.pl,x2,no,29.16,no,corr,None,None,None,None
455,exp_acyclic_depvary_step4_batch_yyy06.pl,z4,no,20.23,no,corr,None,None,None,None
456,exp_acyclic_depvary_step4_batch_yyy06.pl,v4,no,19.64,no,corr,None,None,None,None
457,exp_acyclic_depvary_step4_batch_yyy06.pl,r3,no,28.72,no,corr,None,None,None,None
458,exp_acyclic_depvary_step4_batch_yyy06.pl,u2,no,21.59,no,corr,None,None,None,None
459,exp_acyclic_depvary_step4_batch_yyy06.pl,a2,yes,0.65,yes,corr,None,None,None,None
460,exp_acyclic_depvary_step4_batch_yyy06.pl,w3,no,20.58,no,corr,None,None,None,None
461,exp_acyclic_depvary_step4_batch_yyy07.pl,u5,no,25.64,no,corr,None,None,None,None
462,exp_acyclic_depvary_step4_batch_yyy07.pl,t5,no,25.79,no,corr,None,None,None,None
463,exp_acyclic_depvary_step4_batch_yyy07.pl,q4,no,25.25,no,corr,None,None,None,None
464,exp_acyclic_depvary_step4_batch_yyy07.pl,f3,no,25.15,no,corr,None,None,None,None
465,exp_acyclic_depvary_step4_batch_yyy07.pl,a1,yes,0.37,yes,corr,None,None,None,None
466,exp_acyclic_depvary_step4_batch_yyy07.pl,x4,no,25.28,no,corr,None,None,None,None
467,exp_acyclic_depvary_step4_batch_yyy07.pl,s1,yes,0.47,yes,corr,None,None,None,None
468,exp_acyclic_depvary_step4_batch_yyy07.pl,d2,yes,0.26,yes,corr,None,None,None,None
469,exp_acyclic_depvary_step4_batch_yyy07.pl,t1,no,27.57,no,corr,None,None,None,None
470,exp_acyclic_depvary_step4_batch_yyy07.pl,q1,no,27.56,no,corr,None,None,None,None
471,exp_acyclic_depvary_step4_batch_yyy08.pl,t5,no,18.88,no,corr,None,None,None,None
472,exp_acyclic_depvary_step4_batch_yyy08.pl,d4,no,18.77,no,corr,None,None,None,None
473,exp_acyclic_depvary_step4_batch_yyy08.pl,t3,no,19.19,no,corr,None,None,None,None
474,exp_acyclic_depvary_step4_batch_yyy08.pl,f3,no,18.7,no,corr,None,None,None,None
475,exp_acyclic_depvary_step4_batch_yyy08.pl,r1,no,27.39,no,corr,None,None,None,None
476,exp_acyclic_depvary_step4_batch_yyy08.pl,y2,yes,0.97,yes,corr,None,None,None,None
477,exp_acyclic_depvary_step4_batch_yyy08.pl,v3,no,17.89,no,corr,None,None,None,None
478,exp_acyclic_depvary_step4_batch_yyy08.pl,y5,no,18.19,no,corr,None,None,None,None
479,exp_acyclic_depvary_step4_batch_yyy08.pl,w3,no,17.95,no,corr,None,None,None,None
480,exp_acyclic_depvary_step4_batch_yyy08.pl,f2,no,23.0,no,corr,None,None,None,None
481,exp_acyclic_depvary_step4_batch_yyy09.pl,v2,no,27.83,no,corr,None,None,None,None
482,exp_acyclic_depvary_step4_batch_yyy09.pl,d3,no,18.47,no,corr,None,None,None,None
483,exp_acyclic_depvary_step4_batch_yyy09.pl,t3,no,19.08,no,corr,None,None,None,None
484,exp_acyclic_depvary_step4_batch_yyy09.pl,z4,no,18.61,no,corr,None,None,None,None
485,exp_acyclic_depvary_step4_batch_yyy09.pl,v1,no,28.5,no,corr,None,None,None,None
486,exp_acyclic_depvary_step4_batch_yyy09.pl,c1,yes,0.31,yes,corr,None,None,None,None
487,exp_acyclic_depvary_step4_batch_yyy09.pl,a6,no,18.53,no,corr,None,None,None,None
488,exp_acyclic_depvary_step4_batch_yyy09.pl,s4,no,18.64,no,corr,None,None,None,None
489,exp_acyclic_depvary_step4_batch_yyy09.pl,a4,no,19.33,no,corr,None,None,None,None
490,exp_acyclic_depvary_step4_batch_yyy09.pl,x2,no,28.5,no,corr,None,None,None,None
491,exp_acyclic_depvary_step4_batch_yyy10.pl,w5,no,21.82,no,corr,None,None,None,None
492,exp_acyclic_depvary_step4_batch_yyy10.pl,q4,no,22.08,no,corr,None,None,None,None
493,exp_acyclic_depvary_step4_batch_yyy10.pl,r5,no,21.99,no,corr,None,None,None,None
494,exp_acyclic_depvary_step4_batch_yyy10.pl,w4,no,22.1,no,corr,None,None,None,None
495,exp_acyclic_depvary_step4_batch_yyy10.pl,t2,no,34.82,no,corr,None,None,None,None
496,exp_acyclic_depvary_step4_batch_yyy10.pl,b6,no,21.72,no,corr,None,None,None,None
497,exp_acyclic_depvary_step4_batch_yyy10.pl,d1,yes,0.38,yes,corr,None,None,None,None
498,exp_acyclic_depvary_step4_batch_yyy10.pl,f2,no,29.22,no,corr,None,None,None,None
499,exp_acyclic_depvary_step4_batch_yyy10.pl,u5,no,21.83,no,corr,None,None,None,None
500,exp_acyclic_depvary_step4_batch_yyy10.pl,d5,no,21.63,no,corr,None,None,None,None
501,exp_acyclic_depvary_step5_batch_yyy01.pl,d5,no,42.19,no,corr,None,None,None,None
502,exp_acyclic_depvary_step5_batch_yyy01.pl,p5,no,41.95,no,corr,None,None,None,None
503,exp_acyclic_depvary_step5_batch_yyy01.pl,a4,no,40.77,no,corr,None,None,None,None
504,exp_acyclic_depvary_step5_batch_yyy01.pl,p2,no,61.97,no,corr,None,None,None,None
505,exp_acyclic_depvary_step5_batch_yyy01.pl,v2,yes,0.47,yes,corr,None,None,None,None
506,exp_acyclic_depvary_step5_batch_yyy01.pl,e1,yes,0.32,yes,corr,None,None,None,None
507,exp_acyclic_depvary_step5_batch_yyy01.pl,c5,no,40.81,no,corr,None,None,None,None
508,exp_acyclic_depvary_step5_batch_yyy01.pl,b1,yes,0.28,yes,corr,None,None,None,None
509,exp_acyclic_depvary_step5_batch_yyy01.pl,d1,no,61.87,no,corr,None,None,None,None
510,exp_acyclic_depvary_step5_batch_yyy01.pl,q1,yes,0.45,yes,corr,None,None,None,None
511,exp_acyclic_depvary_step5_batch_yyy02.pl,u5,no,36.43,no,corr,None,None,None,None
512,exp_acyclic_depvary_step5_batch_yyy02.pl,t4,no,36.54,no,corr,None,None,None,None
513,exp_acyclic_depvary_step5_batch_yyy02.pl,e1,yes,0.84,yes,corr,None,None,None,None
514,exp_acyclic_depvary_step5_batch_yyy02.pl,q4,no,35.95,no,corr,None,None,None,None
515,exp_acyclic_depvary_step5_batch_yyy02.pl,f5,no,36.63,no,corr,None,None,None,None
516,exp_acyclic_depvary_step5_batch_yyy02.pl,r5,no,36.39,no,corr,None,None,None,None
517,exp_acyclic_depvary_step5_batch_yyy02.pl,r1,no,52.71,no,corr,None,None,None,None
518,exp_acyclic_depvary_step5_batch_yyy02.pl,d1,yes,0.22,yes,corr,None,None,None,None
519,exp_acyclic_depvary_step5_batch_yyy02.pl,p4,no,36.39,no,corr,None,None,None,None
520,exp_acyclic_depvary_step5_batch_yyy02.pl,d4,no,36.79,no,corr,None,None,None,None
521,exp_acyclic_depvary_step5_batch_yyy03.pl,s4,no,34.14,no,corr,None,None,None,None
522,exp_acyclic_depvary_step5_batch_yyy03.pl,d4,no,32.78,no,corr,None,None,None,None
523,exp_acyclic_depvary_step5_batch_yyy03.pl,s2,yes,0.45,yes,corr,None,None,None,None
524,exp_acyclic_depvary_step5_batch_yyy03.pl,w1,no,35.09,no,corr,None,None,None,None
525,exp_acyclic_depvary_step5_batch_yyy03.pl,f3,no,50.88,no,corr,None,None,None,None
526,exp_acyclic_depvary_step5_batch_yyy03.pl,t2,yes,1.78,yes,corr,None,None,None,None
527,exp_acyclic_depvary_step5_batch_yyy03.pl,y1,no,35.95,no,corr,None,None,None,None
528,exp_acyclic_depvary_step5_batch_yyy03.pl,y5,no,34.17,no,corr,None,None,None,None
529,exp_acyclic_depvary_step5_batch_yyy03.pl,b6,no,33.92,no,corr,None,None,None,None
530,exp_acyclic_depvary_step5_batch_yyy03.pl,a1,no,50.74,no,corr,None,None,None,None
531,exp_acyclic_depvary_step5_batch_yyy04.pl,p5,no,31.61,no,corr,None,None,None,None
532,exp_acyclic_depvary_step5_batch_yyy04.pl,f1,yes,1.1,yes,corr,None,None,None,None
533,exp_acyclic_depvary_step5_batch_yyy04.pl,v5,no,31.3,no,corr,None,None,None,None
534,exp_acyclic_depvary_step5_batch_yyy04.pl,w1,no,53.34,no,corr,None,None,None,None
535,exp_acyclic_depvary_step5_batch_yyy04.pl,v4,no,31.82,no,corr,None,None,None,None
536,exp_acyclic_depvary_step5_batch_yyy04.pl,v3,no,52.7,no,corr,None,None,None,None
537,exp_acyclic_depvary_step5_batch_yyy04.pl,s5,no,31.57,no,corr,None,None,None,None
538,exp_acyclic_depvary_step5_batch_yyy04.pl,b4,no,31.5,no,corr,None,None,None,None
539,exp_acyclic_depvary_step5_batch_yyy04.pl,r3,yes,0.28,yes,corr,None,None,None,None
540,exp_acyclic_depvary_step5_batch_yyy04.pl,t1,no,53.54,no,corr,None,None,None,None
541,exp_acyclic_depvary_step5_batch_yyy05.pl,t5,no,33.66,no,corr,None,None,None,None
542,exp_acyclic_depvary_step5_batch_yyy05.pl,y4,no,34.06,no,corr,None,None,None,None
543,exp_acyclic_depvary_step5_batch_yyy05.pl,a5,no,34.32,no,corr,None,None,None,None
544,exp_acyclic_depvary_step5_batch_yyy05.pl,y3,no,34.1,no,corr,None,None,None,None
545,exp_acyclic_depvary_step5_batch_yyy05.pl,x5,no,34.53,no,corr,None,None,None,None
546,exp_acyclic_depvary_step5_batch_yyy05.pl,r4,no,35.0,no,corr,None,None,None,None
547,exp_acyclic_depvary_step5_batch_yyy05.pl,d2,yes,2.23,yes,corr,None,None,None,None
548,exp_acyclic_depvary_step5_batch_yyy05.pl,y2,yes,0.3,yes,corr,None,None,None,None
549,exp_acyclic_depvary_step5_batch_yyy05.pl,b4,no,35.55,no,corr,None,None,None,None
550,exp_acyclic_depvary_step5_batch_yyy05.pl,q5,no,34.62,no,corr,None,None,None,None
551,exp_acyclic_depvary_step5_batch_yyy06.pl,t5,no,29.71,no,corr,None,None,None,None
552,exp_acyclic_depvary_step5_batch_yyy06.pl,y4,no,29.57,no,corr,None,None,None,None
553,exp_acyclic_depvary_step5_batch_yyy06.pl,z5,no,29.56,no,corr,None,None,None,None
554,exp_acyclic_depvary_step5_batch_yyy06.pl,e3,yes,0.36,yes,corr,None,None,None,None
555,exp_acyclic_depvary_step5_batch_yyy06.pl,y1,no,30.99,no,corr,None,None,None,None
556,exp_acyclic_depvary_step5_batch_yyy06.pl,q3,no,47.85,no,corr,None,None,None,None
557,exp_acyclic_depvary_step5_batch_yyy06.pl,p1,no,48.68,no,corr,None,None,None,None
558,exp_acyclic_depvary_step5_batch_yyy06.pl,a2,yes,0.23,yes,corr,None,None,None,None
559,exp_acyclic_depvary_step5_batch_yyy06.pl,z4,no,29.49,no,corr,None,None,None,None
560,exp_acyclic_depvary_step5_batch_yyy06.pl,e4,no,29.4,no,corr,None,None,None,None
561,exp_acyclic_depvary_step5_batch_yyy07.pl,p5,no,35.06,no,corr,None,None,None,None
562,exp_acyclic_depvary_step5_batch_yyy07.pl,u1,no,53.05,no,corr,None,None,None,None
563,exp_acyclic_depvary_step5_batch_yyy07.pl,u4,no,34.63,no,corr,None,None,None,None
564,exp_acyclic_depvary_step5_batch_yyy07.pl,p3,no,36.82,no,corr,None,None,None,None
565,exp_acyclic_depvary_step5_batch_yyy07.pl,s1,yes,0.38,yes,corr,None,None,None,None
566,exp_acyclic_depvary_step5_batch_yyy07.pl,p2,no,36.42,no,corr,None,None,None,None
567,exp_acyclic_depvary_step5_batch_yyy07.pl,r3,no,52.28,no,corr,None,None,None,None
568,exp_acyclic_depvary_step5_batch_yyy07.pl,a2,no,52.78,no,corr,None,None,None,None
569,exp_acyclic_depvary_step5_batch_yyy07.pl,q3,no,54.09,no,corr,None,None,None,None
570,exp_acyclic_depvary_step5_batch_yyy07.pl,y2,no,54.25,no,corr,None,None,None,None
571,exp_acyclic_depvary_step5_batch_yyy08.pl,c4,no,37.23,no,corr,None,None,None,None
572,exp_acyclic_depvary_step5_batch_yyy08.pl,d4,no,36.75,no,corr,None,None,None,None
573,exp_acyclic_depvary_step5_batch_yyy08.pl,e5,no,36.89,no,corr,None,None,None,None
574,exp_acyclic_depvary_step5_batch_yyy08.pl,p3,no,48.43,no,corr,None,None,None,None
575,exp_acyclic_depvary_step5_batch_yyy08.pl,y2,no,47.41,no,corr,None,None,None,None
576,exp_acyclic_depvary_step5_batch_yyy08.pl,b6,no,37.34,no,corr,None,None,None,None
577,exp_acyclic_depvary_step5_batch_yyy08.pl,p1,yes,0.25,yes,corr,None,None,None,None
578,exp_acyclic_depvary_step5_batch_yyy08.pl,f2,no,51.38,no,corr,None,None,None,None
579,exp_acyclic_depvary_step5_batch_yyy08.pl,u3,no,48.43,no,corr,None,None,None,None
580,exp_acyclic_depvary_step5_batch_yyy08.pl,v4,no,37.15,no,corr,None,None,None,None
581,exp_acyclic_depvary_step5_batch_yyy09.pl,b3,no,49.26,no,corr,None,None,None,None
582,exp_acyclic_depvary_step5_batch_yyy09.pl,z1,yes,0.33,yes,corr,None,None,None,None
583,exp_acyclic_depvary_step5_batch_yyy09.pl,e4,no,40.69,no,corr,None,None,None,None
584,exp_acyclic_depvary_step5_batch_yyy09.pl,v1,no,61.7,no,corr,None,None,None,None
585,exp_acyclic_depvary_step5_batch_yyy09.pl,t2,no,41.75,no,corr,None,None,None,None
586,exp_acyclic_depvary_step5_batch_yyy09.pl,y1,no,60.43,no,corr,None,None,None,None
587,exp_acyclic_depvary_step5_batch_yyy09.pl,a3,yes,0.45,yes,corr,None,None,None,None
588,exp_acyclic_depvary_step5_batch_yyy09.pl,e2,no,49.43,no,corr,None,None,None,None
589,exp_acyclic_depvary_step5_batch_yyy09.pl,y2,yes,0.24,yes,corr,None,None,None,None
590,exp_acyclic_depvary_step5_batch_yyy09.pl,x1,no,43.92,no,corr,None,None,None,None
591,exp_acyclic_depvary_step5_batch_yyy10.pl,e1,no,48.7,no,corr,None,None,None,None
592,exp_acyclic_depvary_step5_batch_yyy10.pl,d4,no,39.55,no,corr,None,None,None,None
593,exp_acyclic_depvary_step5_batch_yyy10.pl,w4,no,39.26,no,corr,None,None,None,None
594,exp_acyclic_depvary_step5_batch_yyy10.pl,t2,yes,0.24,yes,corr,None,None,None,None
595,exp_acyclic_depvary_step5_batch_yyy10.pl,z3,no,39.57,no,corr,None,None,None,None
596,exp_acyclic_depvary_step5_batch_yyy10.pl,x4,no,39.87,no,corr,None,None,None,None
597,exp_acyclic_depvary_step5_batch_yyy10.pl,t5,no,39.31,no,corr,None,None,None,None
598,exp_acyclic_depvary_step5_batch_yyy10.pl,s3,yes,0.35,yes,corr,None,None,None,None
599,exp_acyclic_depvary_step5_batch_yyy10.pl,v4,no,40.17,no,corr,None,None,None,None
600,exp_acyclic_depvary_step5_batch_yyy10.pl,e3,no,48.28,no,corr,None,None,None,None
601,exp_acyclic_depvary_step6_batch_yyy01.pl,d5,no,58.53,no,corr,None,None,None,None
602,exp_acyclic_depvary_step6_batch_yyy01.pl,s3,yes,2.95,yes,corr,None,None,None,None
603,exp_acyclic_depvary_step6_batch_yyy01.pl,w5,no,57.58,no,corr,None,None,None,None
604,exp_acyclic_depvary_step6_batch_yyy01.pl,b4,no,108.77,no,corr,None,None,None,None
605,exp_acyclic_depvary_step6_batch_yyy01.pl,a5,no,58.12,no,corr,None,None,None,None
606,exp_acyclic_depvary_step6_batch_yyy01.pl,t2,no,91.79,no,corr,None,None,None,None
607,exp_acyclic_depvary_step6_batch_yyy01.pl,r4,no,57.01,no,corr,None,None,None,None
608,exp_acyclic_depvary_step6_batch_yyy01.pl,u2,no,60.9,no,corr,None,None,None,None
609,exp_acyclic_depvary_step6_batch_yyy01.pl,z4,no,58.26,no,corr,None,None,None,None
610,exp_acyclic_depvary_step6_batch_yyy01.pl,e4,no,58.58,no,corr,None,None,None,None
611,exp_acyclic_depvary_step6_batch_yyy02.pl,q4,no,72.84,no,corr,None,None,None,None
612,exp_acyclic_depvary_step6_batch_yyy02.pl,r5,no,48.28,no,corr,None,None,None,None
613,exp_acyclic_depvary_step6_batch_yyy02.pl,r4,no,48.88,no,corr,None,None,None,None
614,exp_acyclic_depvary_step6_batch_yyy02.pl,p2,yes,0.47,yes,corr,None,None,None,None
615,exp_acyclic_depvary_step6_batch_yyy02.pl,p5,no,48.4,no,corr,None,None,None,None
616,exp_acyclic_depvary_step6_batch_yyy02.pl,x3,yes,0.33,yes,corr,None,None,None,None
617,exp_acyclic_depvary_step6_batch_yyy02.pl,u1,no,50.9,no,corr,None,None,None,None
618,exp_acyclic_depvary_step6_batch_yyy02.pl,f1,yes,0.47,yes,corr,None,None,None,None
619,exp_acyclic_depvary_step6_batch_yyy02.pl,x5,no,48.57,no,corr,None,None,None,None
620,exp_acyclic_depvary_step6_batch_yyy02.pl,z2,yes,0.9,yes,corr,None,None,None,None
621,exp_acyclic_depvary_step6_batch_yyy03.pl,d5,no,57.52,no,corr,None,None,None,None
622,exp_acyclic_depvary_step6_batch_yyy03.pl,b2,yes,0.36,yes,corr,None,None,None,None
623,exp_acyclic_depvary_step6_batch_yyy03.pl,e1,no,84.08,no,corr,None,None,None,None
624,exp_acyclic_depvary_step6_batch_yyy03.pl,d4,no,57.64,no,corr,None,None,None,None
625,exp_acyclic_depvary_step6_batch_yyy03.pl,u1,yes,0.28,yes,corr,None,None,None,None
626,exp_acyclic_depvary_step6_batch_yyy03.pl,s1,no,60.11,no,corr,None,None,None,None
627,exp_acyclic_depvary_step6_batch_yyy03.pl,r3,no,59.22,no,corr,None,None,None,None
628,exp_acyclic_depvary_step6_batch_yyy03.pl,f2,yes,0.32,yes,corr,None,None,None,None
629,exp_acyclic_depvary_step6_batch_yyy03.pl,t4,no,56.21,no,corr,None,None,None,None
630,exp_acyclic_depvary_step6_batch_yyy03.pl,s3,yes,0.32,yes,corr,None,None,None,None
631,exp_acyclic_depvary_step6_batch_yyy04.pl,d5,no,60.04,no,corr,None,None,None,None
632,exp_acyclic_depvary_step6_batch_yyy04.pl,q5,no,60.45,no,corr,None,None,None,None
633,exp_acyclic_depvary_step6_batch_yyy04.pl,c2,yes,0.29,yes,corr,None,None,None,None
634,exp_acyclic_depvary_step6_batch_yyy04.pl,w1,no,92.03,no,corr,None,None,None,None
635,exp_acyclic_depvary_step6_batch_yyy04.pl,p2,no,81.04,no,corr,None,None,None,None
636,exp_acyclic_depvary_step6_batch_yyy04.pl,q2,no,89.32,no,corr,None,None,None,None
637,exp_acyclic_depvary_step6_batch_yyy04.pl,p4,yes,0.26,yes,corr,None,None,None,None
638,exp_acyclic_depvary_step6_batch_yyy04.pl,d4,no,61.4,no,corr,None,None,None,None
639,exp_acyclic_depvary_step6_batch_yyy04.pl,r2,yes,0.47,yes,corr,None,None,None,None
640,exp_acyclic_depvary_step6_batch_yyy04.pl,a1,no,75.24,no,corr,None,None,None,None
641,exp_acyclic_depvary_step6_batch_yyy05.pl,b2,yes,2.3,yes,corr,None,None,None,None
642,exp_acyclic_depvary_step6_batch_yyy05.pl,q5,no,70.21,no,corr,None,None,None,None
643,exp_acyclic_depvary_step6_batch_yyy05.pl,v1,yes,1.91,yes,corr,None,None,None,None
644,exp_acyclic_depvary_step6_batch_yyy05.pl,z2,no,71.71,no,corr,None,None,None,None
645,exp_acyclic_depvary_step6_batch_yyy05.pl,d2,no,86.27,no,corr,None,None,None,None
646,exp_acyclic_depvary_step6_batch_yyy05.pl,a3,no,111.18,no,corr,None,None,None,None
647,exp_acyclic_depvary_step6_batch_yyy05.pl,u3,no,121.79,no,corr,None,None,None,None
648,exp_acyclic_depvary_step6_batch_yyy05.pl,v4,no,70.66,no,corr,None,None,None,None
649,exp_acyclic_depvary_step6_batch_yyy05.pl,d1,yes,5.96,yes,corr,None,None,None,None
650,exp_acyclic_depvary_step6_batch_yyy05.pl,q1,yes,0.52,yes,corr,None,None,None,None
651,exp_acyclic_depvary_step6_batch_yyy06.pl,e5,no,58.22,no,corr,None,None,None,None
652,exp_acyclic_depvary_step6_batch_yyy06.pl,w5,no,57.29,no,corr,None,None,None,None
653,exp_acyclic_depvary_step6_batch_yyy06.pl,a5,no,56.43,no,corr,None,None,None,None
654,exp_acyclic_depvary_step6_batch_yyy06.pl,z4,no,55.36,no,corr,None,None,None,None
655,exp_acyclic_depvary_step6_batch_yyy06.pl,e3,yes,0.23,yes,corr,None,None,None,None
656,exp_acyclic_depvary_step6_batch_yyy06.pl,q3,no,82.34,no,corr,None,None,None,None
657,exp_acyclic_depvary_step6_batch_yyy06.pl,p1,yes,1.03,yes,corr,None,None,None,None
658,exp_acyclic_depvary_step6_batch_yyy06.pl,a2,yes,0.5,yes,corr,None,None,None,None
659,exp_acyclic_depvary_step6_batch_yyy06.pl,s5,no,54.98,no,corr,None,None,None,None
660,exp_acyclic_depvary_step6_batch_yyy06.pl,q5,no,55.37,no,corr,None,None,None,None
661,exp_acyclic_depvary_step6_batch_yyy07.pl,b2,no,63.27,no,corr,None,None,None,None
662,exp_acyclic_depvary_step6_batch_yyy07.pl,z5,no,53.15,no,corr,None,None,None,None
663,exp_acyclic_depvary_step6_batch_yyy07.pl,w2,yes,0.26,yes,corr,None,None,None,None
664,exp_acyclic_depvary_step6_batch_yyy07.pl,q5,no,53.13,no,corr,None,None,None,None
665,exp_acyclic_depvary_step6_batch_yyy07.pl,c2,yes,0.4,yes,corr,None,None,None,None
666,exp_acyclic_depvary_step6_batch_yyy07.pl,e4,no,53.39,no,corr,None,None,None,None
667,exp_acyclic_depvary_step6_batch_yyy07.pl,a3,no,76.73,no,corr,None,None,None,None
668,exp_acyclic_depvary_step6_batch_yyy07.pl,y2,yes,0.23,yes,corr,None,None,None,None
669,exp_acyclic_depvary_step6_batch_yyy07.pl,a2,yes,0.55,yes,corr,None,None,None,None
670,exp_acyclic_depvary_step6_batch_yyy07.pl,x4,no,53.2,no,corr,None,None,None,None
671,exp_acyclic_depvary_step6_batch_yyy08.pl,r5,no,58.49,no,corr,None,None,None,None
672,exp_acyclic_depvary_step6_batch_yyy08.pl,c1,no,87.54,no,corr,None,None,None,None
673,exp_acyclic_depvary_step6_batch_yyy08.pl,e3,no,70.27,no,corr,None,None,None,None
674,exp_acyclic_depvary_step6_batch_yyy08.pl,r1,yes,0.57,yes,corr,None,None,None,None
675,exp_acyclic_depvary_step6_batch_yyy08.pl,z3,no,61.67,no,corr,None,None,None,None
676,exp_acyclic_depvary_step6_batch_yyy08.pl,p1,no,90.59,no,corr,None,None,None,None
677,exp_acyclic_depvary_step6_batch_yyy08.pl,w1,yes,0.39,yes,corr,None,None,None,None
678,exp_acyclic_depvary_step6_batch_yyy08.pl,p3,yes,0.23,yes,corr,None,None,None,None
679,exp_acyclic_depvary_step6_batch_yyy08.pl,e2,no,76.21,no,corr,None,None,None,None
680,exp_acyclic_depvary_step6_batch_yyy08.pl,u2,no,94.74,no,corr,None,None,None,None
681,exp_acyclic_depvary_step6_batch_yyy09.pl,d5,no,52.57,no,corr,None,None,None,None
682,exp_acyclic_depvary_step6_batch_yyy09.pl,t5,no,52.78,no,corr,None,None,None,None
683,exp_acyclic_depvary_step6_batch_yyy09.pl,w5,no,52.46,no,corr,None,None,None,None
684,exp_acyclic_depvary_step6_batch_yyy09.pl,c5,no,51.67,no,corr,None,None,None,None
685,exp_acyclic_depvary_step6_batch_yyy09.pl,q4,yes,0.48,yes,corr,None,None,None,None
686,exp_acyclic_depvary_step6_batch_yyy09.pl,f3,yes,0.68,yes,corr,None,None,None,None
687,exp_acyclic_depvary_step6_batch_yyy09.pl,v4,no,52.15,no,corr,None,None,None,None
688,exp_acyclic_depvary_step6_batch_yyy09.pl,f2,no,76.43,no,corr,None,None,None,None
689,exp_acyclic_depvary_step6_batch_yyy09.pl,x2,yes,0.45,yes,corr,None,None,None,None
690,exp_acyclic_depvary_step6_batch_yyy09.pl,f5,no,53.04,no,corr,None,None,None,None
691,exp_acyclic_depvary_step6_batch_yyy10.pl,d5,no,65.42,no,corr,None,None,None,None
692,exp_acyclic_depvary_step6_batch_yyy10.pl,f1,yes,0.15,yes,corr,None,None,None,None
693,exp_acyclic_depvary_step6_batch_yyy10.pl,t3,no,69.16,no,corr,None,None,None,None
694,exp_acyclic_depvary_step6_batch_yyy10.pl,q4,no,103.21,no,corr,None,None,None,None
695,exp_acyclic_depvary_step6_batch_yyy10.pl,y3,yes,0.3,yes,corr,None,None,None,None
696,exp_acyclic_depvary_step6_batch_yyy10.pl,p3,yes,1.81,yes,corr,None,None,None,None
697,exp_acyclic_depvary_step6_batch_yyy10.pl,t4,no,66.4,no,corr,None,None,None,None
698,exp_acyclic_depvary_step6_batch_yyy10.pl,s3,no,98.6,no,corr,None,None,None,None
699,exp_acyclic_depvary_step6_batch_yyy10.pl,s2,yes,0.35,yes,corr,None,None,None,None
700,exp_acyclic_depvary_step6_batch_yyy10.pl,c5,no,63.98,no,corr,None,None,None,None
701,exp_acyclic_depvary_step7_batch_yyy01.pl,s4,yes,2.11,yes,corr,None,None,None,None
702,exp_acyclic_depvary_step7_batch_yyy01.pl,p5,no,78.82,no,corr,None,None,None,None
703,exp_acyclic_depvary_step7_batch_yyy01.pl,q4,no,109.64,no,corr,None,None,None,None
704,exp_acyclic_depvary_step7_batch_yyy01.pl,e3,yes,0.32,yes,corr,None,None,None,None
705,exp_acyclic_depvary_step7_batch_yyy01.pl,a3,yes,0.91,yes,corr,None,None,None,None
706,exp_acyclic_depvary_step7_batch_yyy01.pl,v3,no,112.22,no,corr,None,None,None,None
707,exp_acyclic_depvary_step7_batch_yyy01.pl,e2,yes,1.33,yes,corr,None,None,None,None
708,exp_acyclic_depvary_step7_batch_yyy01.pl,f2,no,114.24,no,corr,None,None,None,None
709,exp_acyclic_depvary_step7_batch_yyy01.pl,y1,yes,0.52,yes,corr,None,None,None,None
710,exp_acyclic_depvary_step7_batch_yyy01.pl,r1,no,111.87,no,corr,None,None,None,None
711,exp_acyclic_depvary_step7_batch_yyy02.pl,v2,no,118.51,no,corr,None,None,None,None
712,exp_acyclic_depvary_step7_batch_yyy02.pl,c5,no,83.48,no,corr,None,None,None,None
713,exp_acyclic_depvary_step7_batch_yyy02.pl,c1,yes,0.39,yes,corr,None,None,None,None
714,exp_acyclic_depvary_step7_batch_yyy02.pl,q3,yes,0.31,yes,corr,None,None,None,None
715,exp_acyclic_depvary_step7_batch_yyy02.pl,q2,no,106.78,no,corr,None,None,None,None
716,exp_acyclic_depvary_step7_batch_yyy02.pl,t4,no,122.09,no,corr,None,None,None,None
717,exp_acyclic_depvary_step7_batch_yyy02.pl,s3,no,120.65,no,corr,None,None,None,None
718,exp_acyclic_depvary_step7_batch_yyy02.pl,c4,yes,0.26,yes,corr,None,None,None,None
719,exp_acyclic_depvary_step7_batch_yyy02.pl,s5,no,85.45,no,corr,None,None,None,None
720,exp_acyclic_depvary_step7_batch_yyy02.pl,t3,yes,0.31,yes,corr,None,None,None,None
721,exp_acyclic_depvary_step7_batch_yyy03.pl,b2,yes,0.46,yes,corr,None,None,None,None
722,exp_acyclic_depvary_step7_batch_yyy03.pl,b3,no,120.55,no,corr,None,None,None,None
723,exp_acyclic_depvary_step7_batch_yyy03.pl,v2,yes,1.25,yes,corr,None,None,None,None
724,exp_acyclic_depvary_step7_batch_yyy03.pl,p4,no,135.79,no,corr,None,None,None,None
725,exp_acyclic_depvary_step7_batch_yyy03.pl,q5,no,93.25,no,corr,None,None,None,None
726,exp_acyclic_depvary_step7_batch_yyy03.pl,r5,no,94.17,no,corr,None,None,None,None
727,exp_acyclic_depvary_step7_batch_yyy03.pl,r1,no,96.93,no,corr,None,None,None,None
728,exp_acyclic_depvary_step7_batch_yyy03.pl,f4,no,141.39,no,corr,None,None,None,None
729,exp_acyclic_depvary_step7_batch_yyy03.pl,q3,yes,0.37,yes,corr,None,None,None,None
730,exp_acyclic_depvary_step7_batch_yyy03.pl,p1,yes,0.31,yes,corr,None,None,None,None
731,exp_acyclic_depvary_step7_batch_yyy04.pl,u5,no,76.37,no,corr,None,None,None,None
732,exp_acyclic_depvary_step7_batch_yyy04.pl,t4,no,123.96,no,corr,None,None,None,None
733,exp_acyclic_depvary_step7_batch_yyy04.pl,b2,yes,0.18,yes,corr,None,None,None,None
734,exp_acyclic_depvary_step7_batch_yyy04.pl,e5,no,75.81,no,corr,None,None,None,None
735,exp_acyclic_depvary_step7_batch_yyy04.pl,c2,no,90.65,no,corr,None,None,None,None
736,exp_acyclic_depvary_step7_batch_yyy04.pl,v1,no,127.69,no,corr,None,None,None,None
737,exp_acyclic_depvary_step7_batch_yyy04.pl,t2,no,122.11,no,corr,None,None,None,None
738,exp_acyclic_depvary_step7_batch_yyy04.pl,f4,no,130.54,no,corr,None,None,None,None
739,exp_acyclic_depvary_step7_batch_yyy04.pl,x2,no,120.85,no,corr,None,None,None,None
740,exp_acyclic_depvary_step7_batch_yyy04.pl,f5,no,74.65,no,corr,None,None,None,None
741,exp_acyclic_depvary_step7_batch_yyy05.pl,c4,no,118.72,no,corr,None,None,None,None
742,exp_acyclic_depvary_step7_batch_yyy05.pl,p4,no,142.81,no,corr,None,None,None,None
743,exp_acyclic_depvary_step7_batch_yyy05.pl,u1,no,102.03,no,corr,None,None,None,None
744,exp_acyclic_depvary_step7_batch_yyy05.pl,b4,yes,0.42,yes,corr,None,None,None,None
745,exp_acyclic_depvary_step7_batch_yyy05.pl,x2,yes,0.89,yes,corr,None,None,None,None
746,exp_acyclic_depvary_step7_batch_yyy05.pl,r5,no,98.85,no,corr,None,None,None,None
747,exp_acyclic_depvary_step7_batch_yyy05.pl,w4,no,98.79,no,corr,None,None,None,None
748,exp_acyclic_depvary_step7_batch_yyy05.pl,p2,yes,0.33,yes,corr,None,None,None,None
749,exp_acyclic_depvary_step7_batch_yyy05.pl,x1,yes,1.18,yes,corr,None,None,None,None
750,exp_acyclic_depvary_step7_batch_yyy05.pl,r2,no,128.32,no,corr,None,None,None,None
751,exp_acyclic_depvary_step7_batch_yyy06.pl,y4,no,90.24,no,corr,None,None,None,None
752,exp_acyclic_depvary_step7_batch_yyy06.pl,w2,yes,0.47,yes,corr,None,None,None,None
753,exp_acyclic_depvary_step7_batch_yyy06.pl,e4,yes,4.1,yes,corr,None,None,None,None
754,exp_acyclic_depvary_step7_batch_yyy06.pl,b5,no,90.68,no,corr,None,None,None,None
755,exp_acyclic_depvary_step7_batch_yyy06.pl,a3,no,133.72,no,corr,None,None,None,None
756,exp_acyclic_depvary_step7_batch_yyy06.pl,q3,yes,0.43,yes,corr,None,None,None,None
757,exp_acyclic_depvary_step7_batch_yyy06.pl,r2,yes,5.87,yes,corr,None,None,None,None
758,exp_acyclic_depvary_step7_batch_yyy06.pl,p1,yes,0.98,yes,corr,None,None,None,None
759,exp_acyclic_depvary_step7_batch_yyy06.pl,a2,yes,0.49,yes,corr,None,None,None,None
760,exp_acyclic_depvary_step7_batch_yyy06.pl,x4,no,91.29,no,corr,None,None,None,None
761,exp_acyclic_depvary_step7_batch_yyy07.pl,t5,no,97.42,no,corr,None,None,None,None
762,exp_acyclic_depvary_step7_batch_yyy07.pl,v2,no,102.17,no,corr,None,None,None,None
763,exp_acyclic_depvary_step7_batch_yyy07.pl,b4,no,122.23,no,corr,None,None,None,None
764,exp_acyclic_depvary_step7_batch_yyy07.pl,r5,no,97.47,no,corr,None,None,None,None
765,exp_acyclic_depvary_step7_batch_yyy07.pl,p3,yes,0.3,yes,corr,None,None,None,None
766,exp_acyclic_depvary_step7_batch_yyy07.pl,c1,yes,0.44,yes,corr,None,None,None,None
767,exp_acyclic_depvary_step7_batch_yyy07.pl,v4,no,147.11,no,corr,None,None,None,None
768,exp_acyclic_depvary_step7_batch_yyy07.pl,y5,no,97.94,no,corr,None,None,None,None
769,exp_acyclic_depvary_step7_batch_yyy07.pl,y2,yes,1.76,yes,corr,None,None,None,None
770,exp_acyclic_depvary_step7_batch_yyy07.pl,x1,yes,0.45,yes,corr,None,None,None,None
771,exp_acyclic_depvary_step7_batch_yyy08.pl,c3,no,114.91,no,corr,None,None,None,None
772,exp_acyclic_depvary_step7_batch_yyy08.pl,w5,no,93.74,no,corr,None,None,None,None
773,exp_acyclic_depvary_step7_batch_yyy08.pl,c5,no,92.97,no,corr,None,None,None,None
774,exp_acyclic_depvary_step7_batch_yyy08.pl,r5,no,92.98,no,corr,None,None,None,None
775,exp_acyclic_depvary_step7_batch_yyy08.pl,b5,no,93.85,no,corr,None,None,None,None
776,exp_acyclic_depvary_step7_batch_yyy08.pl,a1,no,139.4,no,corr,None,None,None,None
777,exp_acyclic_depvary_step7_batch_yyy08.pl,s4,no,138.92,no,corr,None,None,None,None
778,exp_acyclic_depvary_step7_batch_yyy08.pl,y4,no,93.81,no,corr,None,None,None,None
779,exp_acyclic_depvary_step7_batch_yyy08.pl,e2,yes,13.36,yes,corr,None,None,None,None
780,exp_acyclic_depvary_step7_batch_yyy08.pl,t1,yes,0.34,yes,corr,None,None,None,None
781,exp_acyclic_depvary_step7_batch_yyy09.pl,b2,yes,2.81,yes,corr,None,None,None,None
782,exp_acyclic_depvary_step7_batch_yyy09.pl,v2,no,165.35,no,corr,None,None,None,None
783,exp_acyclic_depvary_step7_batch_yyy09.pl,u1,yes,11.43,yes,corr,None,None,None,None
784,exp_acyclic_depvary_step7_batch_yyy09.pl,s5,no,109.14,no,corr,None,None,None,None
785,exp_acyclic_depvary_step7_batch_yyy09.pl,a5,no,109.15,no,corr,None,None,None,None
786,exp_acyclic_depvary_step7_batch_yyy09.pl,p2,yes,0.49,yes,corr,None,None,None,None
787,exp_acyclic_depvary_step7_batch_yyy09.pl,y2,yes,0.71,yes,corr,None,None,None,None
788,exp_acyclic_depvary_step7_batch_yyy09.pl,p1,no,113.31,no,corr,None,None,None,None
789,exp_acyclic_depvary_step7_batch_yyy09.pl,t1,no,166.67,no,corr,None,None,None,None
790,exp_acyclic_depvary_step7_batch_yyy09.pl,q1,no,193.45,no,corr,None,None,None,None
791,exp_acyclic_depvary_step7_batch_yyy10.pl,b2,yes,0.27,yes,corr,None,None,None,None
792,exp_acyclic_depvary_step7_batch_yyy10.pl,s4,no,83.95,no,corr,None,None,None,None
793,exp_acyclic_depvary_step7_batch_yyy10.pl,u1,no,117.89,no,corr,None,None,None,None
794,exp_acyclic_depvary_step7_batch_yyy10.pl,r5,no,80.46,no,corr,None,None,None,None
795,exp_acyclic_depvary_step7_batch_yyy10.pl,t2,no,83.82,no,corr,None,None,None,None
796,exp_acyclic_depvary_step7_batch_yyy10.pl,r4,no,84.34,no,corr,None,None,None,None
797,exp_acyclic_depvary_step7_batch_yyy10.pl,y1,yes,0.54,yes,corr,None,None,None,None
798,exp_acyclic_depvary_step7_batch_yyy10.pl,f2,yes,0.39,yes,corr,None,None,None,None
799,exp_acyclic_depvary_step7_batch_yyy10.pl,s2,yes,0.31,yes,corr,None,None,None,None
800,exp_acyclic_depvary_step7_batch_yyy10.pl,z1,no,120.31,no,corr,None,None,None,None
801,exp_acyclic_depvary_step8_batch_yyy01.pl,t4,no,195.85,no,corr,None,None,None,None
802,exp_acyclic_depvary_step8_batch_yyy01.pl,x2,yes,2.22,yes,corr,None,None,None,None
803,exp_acyclic_depvary_step8_batch_yyy01.pl,r5,no,130.42,no,corr,None,None,None,None
804,exp_acyclic_depvary_step8_batch_yyy01.pl,v1,no,135.9,no,corr,None,None,None,None
805,exp_acyclic_depvary_step8_batch_yyy01.pl,p2,yes,0.42,yes,corr,None,None,None,None
806,exp_acyclic_depvary_step8_batch_yyy01.pl,a3,no,191.99,no,corr,None,None,None,None
807,exp_acyclic_depvary_step8_batch_yyy01.pl,c2,no,192.04,no,corr,None,None,None,None
808,exp_acyclic_depvary_step8_batch_yyy01.pl,b1,no,154.83,no,corr,None,None,None,None
809,exp_acyclic_depvary_step8_batch_yyy01.pl,x4,no,198.38,no,corr,None,None,None,None
810,exp_acyclic_depvary_step8_batch_yyy01.pl,w3,no,199.13,no,corr,None,None,None,None
811,exp_acyclic_depvary_step8_batch_yyy02.pl,s3,no,167.13,no,corr,None,None,None,None
812,exp_acyclic_depvary_step8_batch_yyy02.pl,y4,yes,0.62,yes,corr,None,None,None,None
813,exp_acyclic_depvary_step8_batch_yyy02.pl,p5,no,144.64,no,corr,None,None,None,None
814,exp_acyclic_depvary_step8_batch_yyy02.pl,d3,no,132.77,no,corr,None,None,None,None
815,exp_acyclic_depvary_step8_batch_yyy02.pl,w5,no,111.44,no,corr,None,None,None,None
816,exp_acyclic_depvary_step8_batch_yyy02.pl,s5,no,110.59,no,corr,None,None,None,None
817,exp_acyclic_depvary_step8_batch_yyy02.pl,c5,no,130.95,no,corr,None,None,None,None
818,exp_acyclic_depvary_step8_batch_yyy02.pl,u3,no,154.19,no,corr,None,None,None,None
819,exp_acyclic_depvary_step8_batch_yyy02.pl,s1,yes,0.32,yes,corr,None,None,None,None
820,exp_acyclic_depvary_step8_batch_yyy02.pl,r1,yes,3.61,yes,corr,None,None,None,None
821,exp_acyclic_depvary_step8_batch_yyy03.pl,b2,no,185.46,no,corr,None,None,None,None
822,exp_acyclic_depvary_step8_batch_yyy03.pl,s4,yes,0.81,yes,corr,None,None,None,None
823,exp_acyclic_depvary_step8_batch_yyy03.pl,e1,no,150.8,no,corr,None,None,None,None
824,exp_acyclic_depvary_step8_batch_yyy03.pl,v5,no,124.43,no,corr,None,None,None,None
825,exp_acyclic_depvary_step8_batch_yyy03.pl,c5,yes,0.82,yes,corr,None,None,None,None
826,exp_acyclic_depvary_step8_batch_yyy03.pl,a4,yes,0.14,yes,corr,None,None,None,None
827,exp_acyclic_depvary_step8_batch_yyy03.pl,w1,no,129.48,no,corr,None,None,None,None
828,exp_acyclic_depvary_step8_batch_yyy03.pl,f3,no,176.73,no,corr,None,None,None,None
829,exp_acyclic_depvary_step8_batch_yyy03.pl,e3,no,174.2,no,corr,None,None,None,None
830,exp_acyclic_depvary_step8_batch_yyy03.pl,z3,no,178.31,no,corr,None,None,None,None
831,exp_acyclic_depvary_step8_batch_yyy04.pl,d5,no,118.37,no,corr,None,None,None,None
832,exp_acyclic_depvary_step8_batch_yyy04.pl,z5,no,119.25,no,corr,None,None,None,None
833,exp_acyclic_depvary_step8_batch_yyy04.pl,p5,yes,0.38,yes,corr,None,None,None,None
834,exp_acyclic_depvary_step8_batch_yyy04.pl,u4,yes,0.7,yes,corr,None,None,None,None
835,exp_acyclic_depvary_step8_batch_yyy04.pl,v5,no,117.56,no,corr,None,None,None,None
836,exp_acyclic_depvary_step8_batch_yyy04.pl,t2,no,120.57,no,corr,None,None,None,None
837,exp_acyclic_depvary_step8_batch_yyy04.pl,b6,no,117.28,no,corr,None,None,None,None
838,exp_acyclic_depvary_step8_batch_yyy04.pl,r3,yes,0.35,yes,corr,None,None,None,None
839,exp_acyclic_depvary_step8_batch_yyy04.pl,w1,yes,2.97,yes,corr,None,None,None,None
840,exp_acyclic_depvary_step8_batch_yyy04.pl,p3,yes,11.23,no,inc,None,None,None,None
841,exp_acyclic_depvary_step8_batch_yyy05.pl,v2,yes,0.7,yes,corr,None,None,None,None
842,exp_acyclic_depvary_step8_batch_yyy05.pl,s2,yes,0.33,yes,corr,None,None,None,None
843,exp_acyclic_depvary_step8_batch_yyy05.pl,q4,yes,0.35,yes,corr,None,None,None,None
844,exp_acyclic_depvary_step8_batch_yyy05.pl,v1,no,178.28,no,corr,None,None,None,None
845,exp_acyclic_depvary_step8_batch_yyy05.pl,f3,yes,0.48,yes,corr,None,None,None,None
846,exp_acyclic_depvary_step8_batch_yyy05.pl,t2,yes,0.42,yes,corr,None,None,None,None
847,exp_acyclic_depvary_step8_batch_yyy05.pl,b6,no,122.99,no,corr,None,None,None,None
848,exp_acyclic_depvary_step8_batch_yyy05.pl,q2,no,159.73,no,corr,None,None,None,None
849,exp_acyclic_depvary_step8_batch_yyy05.pl,t4,no,182.87,no,corr,None,None,None,None
850,exp_acyclic_depvary_step8_batch_yyy05.pl,t5,no,123.26,no,corr,None,None,None,None
851,exp_acyclic_depvary_step8_batch_yyy06.pl,t4,yes,2.09,yes,corr,None,None,None,None
852,exp_acyclic_depvary_step8_batch_yyy06.pl,t3,yes,0.37,yes,corr,None,None,None,None
853,exp_acyclic_depvary_step8_batch_yyy06.pl,p3,no,141.5,no,corr,None,None,None,None
854,exp_acyclic_depvary_step8_batch_yyy06.pl,w3,yes,2.25,yes,corr,None,None,None,None
855,exp_acyclic_depvary_step8_batch_yyy06.pl,b3,no,194.01,no,corr,None,None,None,None
856,exp_acyclic_depvary_step8_batch_yyy06.pl,y4,no,201.49,no,corr,None,None,None,None
857,exp_acyclic_depvary_step8_batch_yyy06.pl,s2,no,200.97,no,corr,None,None,None,None
858,exp_acyclic_depvary_step8_batch_yyy06.pl,c5,yes,10.76,yes,corr,None,None,None,None
859,exp_acyclic_depvary_step8_batch_yyy06.pl,x5,no,137.29,no,corr,None,None,None,None
860,exp_acyclic_depvary_step8_batch_yyy06.pl,t2,yes,4.52,yes,corr,None,None,None,None
861,exp_acyclic_depvary_step8_batch_yyy07.pl,s2,no,147.3,no,corr,None,None,None,None
862,exp_acyclic_depvary_step8_batch_yyy07.pl,c6,no,95.94,no,corr,None,None,None,None
863,exp_acyclic_depvary_step8_batch_yyy07.pl,f4,no,140.19,no,corr,None,None,None,None
864,exp_acyclic_depvary_step8_batch_yyy07.pl,a2,yes,0.3,yes,corr,None,None,None,None
865,exp_acyclic_depvary_step8_batch_yyy07.pl,z4,no,97.46,no,corr,None,None,None,None
866,exp_acyclic_depvary_step8_batch_yyy07.pl,e4,no,139.93,no,corr,None,None,None,None
867,exp_acyclic_depvary_step8_batch_yyy07.pl,r2,yes,0.48,yes,corr,None,None,None,None
868,exp_acyclic_depvary_step8_batch_yyy07.pl,a1,yes,0.46,yes,corr,None,None,None,None
869,exp_acyclic_depvary_step8_batch_yyy07.pl,r3,no,99.73,no,corr,None,None,None,None
870,exp_acyclic_depvary_step8_batch_yyy07.pl,u2,yes,0.33,yes,corr,None,None,None,None
871,exp_acyclic_depvary_step8_batch_yyy08.pl,a5,yes,0.76,yes,corr,None,None,None,None
872,exp_acyclic_depvary_step8_batch_yyy08.pl,v1,no,121.64,no,corr,None,None,None,None
873,exp_acyclic_depvary_step8_batch_yyy08.pl,t2,yes,1.03,yes,corr,None,None,None,None
874,exp_acyclic_depvary_step8_batch_yyy08.pl,r1,no,149.92,no,corr,None,None,None,None
875,exp_acyclic_depvary_step8_batch_yyy08.pl,f4,yes,0.53,yes,corr,None,None,None,None
876,exp_acyclic_depvary_step8_batch_yyy08.pl,r2,yes,0.66,yes,corr,None,None,None,None
877,exp_acyclic_depvary_step8_batch_yyy08.pl,s4,no,118.91,no,corr,None,None,None,None
878,exp_acyclic_depvary_step8_batch_yyy08.pl,b3,no,162.97,no,corr,None,None,None,None
879,exp_acyclic_depvary_step8_batch_yyy08.pl,d1,yes,0.21,yes,corr,None,None,None,None
880,exp_acyclic_depvary_step8_batch_yyy08.pl,q1,yes,0.3,yes,corr,None,None,None,None
881,exp_acyclic_depvary_step8_batch_yyy09.pl,a4,no,155.66,no,corr,None,None,None,None
882,exp_acyclic_depvary_step8_batch_yyy09.pl,p2,yes,2.23,yes,corr,None,None,None,None
883,exp_acyclic_depvary_step8_batch_yyy09.pl,y2,no,130.18,no,corr,None,None,None,None
884,exp_acyclic_depvary_step8_batch_yyy09.pl,v3,yes,3.16,yes,corr,None,None,None,None
885,exp_acyclic_depvary_step8_batch_yyy09.pl,q1,yes,0.7,yes,corr,None,None,None,None
886,exp_acyclic_depvary_step8_batch_yyy09.pl,f2,no,172.33,no,corr,None,None,None,None
887,exp_acyclic_depvary_step8_batch_yyy09.pl,c3,no,147.15,no,corr,None,None,None,None
888,exp_acyclic_depvary_step8_batch_yyy09.pl,c4,no,172.47,no,corr,None,None,None,None
889,exp_acyclic_depvary_step8_batch_yyy09.pl,p5,yes,0.34,yes,corr,None,None,None,None
890,exp_acyclic_depvary_step8_batch_yyy09.pl,x3,yes,0.41,yes,corr,None,None,None,None
891,exp_acyclic_depvary_step8_batch_yyy10.pl,b2,yes,0.4,yes,corr,None,None,None,None
892,exp_acyclic_depvary_step8_batch_yyy10.pl,x3,no,108.46,no,corr,None,None,None,None
893,exp_acyclic_depvary_step8_batch_yyy10.pl,f1,yes,0.57,yes,corr,None,None,None,None
894,exp_acyclic_depvary_step8_batch_yyy10.pl,s5,no,104.32,no,corr,None,None,None,None
895,exp_acyclic_depvary_step8_batch_yyy10.pl,f5,no,104.96,no,corr,None,None,None,None
896,exp_acyclic_depvary_step8_batch_yyy10.pl,r4,yes,0.72,yes,corr,None,None,None,None
897,exp_acyclic_depvary_step8_batch_yyy10.pl,w3,no,153.45,no,corr,None,None,None,None
898,exp_acyclic_depvary_step8_batch_yyy10.pl,f2,yes,8.12,yes,corr,None,None,None,None
899,exp_acyclic_depvary_step8_batch_yyy10.pl,t5,no,105.45,no,corr,None,None,None,None
900,exp_acyclic_depvary_step8_batch_yyy10.pl,s3,yes,0.73,yes,corr,None,None,None,None
901,exp_acyclic_depvary_step9_batch_yyy01.pl,a6,no,154.56,no,corr,None,None,None,None
902,exp_acyclic_depvary_step9_batch_yyy01.pl,p5,yes,1.59,yes,corr,None,None,None,None
903,exp_acyclic_depvary_step9_batch_yyy01.pl,v5,no,154.88,no,corr,None,None,None,None
904,exp_acyclic_depvary_step9_batch_yyy01.pl,q4,no,197.8,no,corr,None,None,None,None
905,exp_acyclic_depvary_step9_batch_yyy01.pl,z3,yes,0.5,yes,corr,None,None,None,None
906,exp_acyclic_depvary_step9_batch_yyy01.pl,w2,yes,1.59,yes,corr,None,None,None,None
907,exp_acyclic_depvary_step9_batch_yyy01.pl,e5,no,195.58,no,corr,None,None,None,None
908,exp_acyclic_depvary_step9_batch_yyy01.pl,a4,yes,0.22,yes,corr,None,None,None,None
909,exp_acyclic_depvary_step9_batch_yyy01.pl,x2,yes,0.47,yes,corr,None,None,None,None
910,exp_acyclic_depvary_step9_batch_yyy01.pl,f5,no,217.7,no,corr,None,None,None,None
911,exp_acyclic_depvary_step9_batch_yyy02.pl,u5,no,242.0,no,corr,None,None,None,None
912,exp_acyclic_depvary_step9_batch_yyy02.pl,s3,yes,2.73,yes,corr,None,None,None,None
913,exp_acyclic_depvary_step9_batch_yyy02.pl,v2,yes,0.53,yes,corr,None,None,None,None
914,exp_acyclic_depvary_step9_batch_yyy02.pl,r4,no,252.52,no,corr,None,None,None,None
915,exp_acyclic_depvary_step9_batch_yyy02.pl,u2,yes,0.47,yes,corr,None,None,None,None
916,exp_acyclic_depvary_step9_batch_yyy02.pl,q2,no,280.98,no,corr,None,None,None,None
917,exp_acyclic_depvary_step9_batch_yyy02.pl,w2,no,167.29,no,corr,None,None,None,None
918,exp_acyclic_depvary_step9_batch_yyy02.pl,e5,no,245.6,no,corr,None,None,None,None
919,exp_acyclic_depvary_step9_batch_yyy02.pl,s1,no,253.95,no,corr,None,None,None,None
920,exp_acyclic_depvary_step9_batch_yyy02.pl,d2,yes,0.55,yes,corr,None,None,None,None
921,exp_acyclic_depvary_step9_batch_yyy03.pl,u5,yes,0.51,yes,corr,None,None,None,None
922,exp_acyclic_depvary_step9_batch_yyy03.pl,x3,no,226.97,no,corr,None,None,None,None
923,exp_acyclic_depvary_step9_batch_yyy03.pl,q5,no,160.52,no,corr,None,None,None,None
924,exp_acyclic_depvary_step9_batch_yyy03.pl,q4,yes,7.31,yes,corr,None,None,None,None
925,exp_acyclic_depvary_step9_batch_yyy03.pl,z4,no,175.33,no,corr,None,None,None,None
926,exp_acyclic_depvary_step9_batch_yyy03.pl,p2,yes,4.32,yes,corr,None,None,None,None
927,exp_acyclic_depvary_step9_batch_yyy03.pl,x1,yes,10.38,yes,corr,None,None,None,None
928,exp_acyclic_depvary_step9_batch_yyy03.pl,a1,no,204.95,no,corr,None,None,None,None
929,exp_acyclic_depvary_step9_batch_yyy03.pl,s4,no,180.2,no,corr,None,None,None,None
930,exp_acyclic_depvary_step9_batch_yyy03.pl,y4,yes,10.57,yes,corr,None,None,None,None
931,exp_acyclic_depvary_step9_batch_yyy04.pl,a6,no,198.7,no,corr,None,None,None,None
932,exp_acyclic_depvary_step9_batch_yyy04.pl,v2,no,205.06,no,corr,None,None,None,None
933,exp_acyclic_depvary_step9_batch_yyy04.pl,p5,yes,0.5,yes,corr,None,None,None,None
934,exp_acyclic_depvary_step9_batch_yyy04.pl,b1,no,231.05,no,corr,None,None,None,None
935,exp_acyclic_depvary_step9_batch_yyy04.pl,p3,no,256.43,no,corr,None,None,None,None
936,exp_acyclic_depvary_step9_batch_yyy04.pl,v4,no,201.38,no,corr,None,None,None,None
937,exp_acyclic_depvary_step9_batch_yyy04.pl,c6,no,196.31,no,corr,None,None,None,None
938,exp_acyclic_depvary_step9_batch_yyy04.pl,b5,yes,1.34,yes,corr,None,None,None,None
939,exp_acyclic_depvary_step9_batch_yyy04.pl,e2,no,263.68,no,corr,None,None,None,None
940,exp_acyclic_depvary_step9_batch_yyy04.pl,d1,no,231.27,no,corr,None,None,None,None
941,exp_acyclic_depvary_step9_batch_yyy05.pl,t5,yes,0.64,yes,corr,None,None,None,None
942,exp_acyclic_depvary_step9_batch_yyy05.pl,p5,yes,0.51,yes,corr,None,None,None,None
943,exp_acyclic_depvary_step9_batch_yyy05.pl,w5,no,202.35,no,corr,None,None,None,None
944,exp_acyclic_depvary_step9_batch_yyy05.pl,b4,yes,0.59,yes,corr,None,None,None,None
945,exp_acyclic_depvary_step9_batch_yyy05.pl,w1,no,273.64,no,corr,None,None,None,None
946,exp_acyclic_depvary_step9_batch_yyy05.pl,d1,yes,0.61,yes,corr,None,None,None,None
947,exp_acyclic_depvary_step9_batch_yyy05.pl,r5,yes,0.56,yes,corr,None,None,None,None
948,exp_acyclic_depvary_step9_batch_yyy05.pl,e4,no,237.85,no,corr,None,None,None,None
949,exp_acyclic_depvary_step9_batch_yyy05.pl,q3,no,355.99,no,corr,None,None,None,None
950,exp_acyclic_depvary_step9_batch_yyy05.pl,y2,yes,0.68,yes,corr,None,None,None,None
951,exp_acyclic_depvary_step9_batch_yyy06.pl,u4,yes,0.84,yes,corr,None,None,None,None
952,exp_acyclic_depvary_step9_batch_yyy06.pl,q5,no,278.13,no,corr,None,None,None,None
953,exp_acyclic_depvary_step9_batch_yyy06.pl,c5,no,344.09,no,corr,None,None,None,None
954,exp_acyclic_depvary_step9_batch_yyy06.pl,f4,no,379.03,no,corr,None,None,None,None
955,exp_acyclic_depvary_step9_batch_yyy06.pl,r2,no,391.38,no,corr,None,None,None,None
956,exp_acyclic_depvary_step9_batch_yyy06.pl,t1,no,386.43,no,corr,None,None,None,None
957,exp_acyclic_depvary_step9_batch_yyy06.pl,s3,no,393.79,no,corr,None,None,None,None
958,exp_acyclic_depvary_step9_batch_yyy06.pl,c4,no,318.19,no,corr,None,None,None,None
959,exp_acyclic_depvary_step9_batch_yyy06.pl,c1,no,315.85,no,corr,None,None,None,None
960,exp_acyclic_depvary_step9_batch_yyy06.pl,b5,yes,0.48,yes,corr,None,None,None,None
961,exp_acyclic_depvary_step9_batch_yyy07.pl,t4,yes,0.69,yes,corr,None,None,None,None
962,exp_acyclic_depvary_step9_batch_yyy07.pl,v2,no,258.08,no,corr,None,None,None,None
963,exp_acyclic_depvary_step9_batch_yyy07.pl,d4,no,389.47,no,corr,None,None,None,None
964,exp_acyclic_depvary_step9_batch_yyy07.pl,w2,no,401.12,no,corr,None,None,None,None
965,exp_acyclic_depvary_step9_batch_yyy07.pl,z1,yes,34.75,yes,corr,None,None,None,None
966,exp_acyclic_depvary_step9_batch_yyy07.pl,t2,no,254.19,no,corr,None,None,None,None
967,exp_acyclic_depvary_step9_batch_yyy07.pl,v4,yes,15.39,yes,corr,None,None,None,None
968,exp_acyclic_depvary_step9_batch_yyy07.pl,f4,no,401.81,no,corr,None,None,None,None
969,exp_acyclic_depvary_step9_batch_yyy07.pl,a6,no,248.37,no,corr,None,None,None,None
970,exp_acyclic_depvary_step9_batch_yyy07.pl,y4,no,258.28,no,corr,None,None,None,None
971,exp_acyclic_depvary_step9_batch_yyy08.pl,d5,yes,2.69,yes,corr,None,None,None,None
972,exp_acyclic_depvary_step9_batch_yyy08.pl,t5,no,268.37,no,corr,None,None,None,None
973,exp_acyclic_depvary_step9_batch_yyy08.pl,b4,yes,0.62,yes,corr,None,None,None,None
974,exp_acyclic_depvary_step9_batch_yyy08.pl,b1,no,307.33,no,corr,None,None,None,None
975,exp_acyclic_depvary_step9_batch_yyy08.pl,y3,no,270.07,no,corr,None,None,None,None
976,exp_acyclic_depvary_step9_batch_yyy08.pl,f3,no,367.36,no,corr,None,None,None,None
977,exp_acyclic_depvary_step9_batch_yyy08.pl,q3,no,267.51,no,corr,None,None,None,None
978,exp_acyclic_depvary_step9_batch_yyy08.pl,a1,yes,1.46,yes,corr,None,None,None,None
979,exp_acyclic_depvary_step9_batch_yyy08.pl,p1,no,370.81,no,corr,None,None,None,None
980,exp_acyclic_depvary_step9_batch_yyy08.pl,f2,no,362.76,no,corr,None,None,None,None
981,exp_acyclic_depvary_step9_batch_yyy09.pl,u2,no,388.48,no,corr,None,None,None,None
982,exp_acyclic_depvary_step9_batch_yyy09.pl,w3,yes,20.29,yes,corr,None,None,None,None
983,exp_acyclic_depvary_step9_batch_yyy09.pl,q2,yes,0.8,yes,corr,None,None,None,None
984,exp_acyclic_depvary_step9_batch_yyy09.pl,a6,no,275.53,no,corr,None,None,None,None
985,exp_acyclic_depvary_step9_batch_yyy09.pl,s4,yes,6.89,yes,corr,None,None,None,None
986,exp_acyclic_depvary_step9_batch_yyy09.pl,y4,no,396.88,no,corr,None,None,None,None
987,exp_acyclic_depvary_step9_batch_yyy09.pl,a5,no,323.9,no,corr,None,None,None,None
988,exp_acyclic_depvary_step9_batch_yyy09.pl,b1,no,369.24,no,corr,None,None,None,None
989,exp_acyclic_depvary_step9_batch_yyy09.pl,f4,no,306.99,no,corr,None,None,None,None
990,exp_acyclic_depvary_step9_batch_yyy09.pl,z3,no,267.87,no,corr,None,None,None,None
991,exp_acyclic_depvary_step9_batch_yyy10.pl,u5,yes,0.84,yes,corr,None,None,None,None
992,exp_acyclic_depvary_step9_batch_yyy10.pl,x3,yes,0.55,yes,corr,None,None,None,None
993,exp_acyclic_depvary_step9_batch_yyy10.pl,w5,no,234.16,no,corr,None,None,None,None
994,exp_acyclic_depvary_step9_batch_yyy10.pl,c6,no,234.38,no,corr,None,None,None,None
995,exp_acyclic_depvary_step9_batch_yyy10.pl,u3,no,334.72,no,corr,None,None,None,None
996,exp_acyclic_depvary_step9_batch_yyy10.pl,q2,no,310.48,no,corr,None,None,None,None
997,exp_acyclic_depvary_step9_batch_yyy10.pl,b4,no,340.62,no,corr,None,None,None,None
998,exp_acyclic_depvary_step9_batch_yyy10.pl,q5,no,339.7,no,corr,None,None,None,None
999,exp_acyclic_depvary_step9_batch_yyy10.pl,d1,yes,0.53,yes,corr,None,None,None,None
1000,exp_acyclic_depvary_step9_batch_yyy10.pl,q1,yes,0.63,yes,corr,None,None,None,None
1001,exp_acyclic_indvary1_step1_batch_yyy01.pl,u1,no,5.95,no,corr,None,None,None,None
1002,exp_acyclic_indvary1_step1_batch_yyy01.pl,v5,no,6.08,no,corr,None,None,None,None
1003,exp_acyclic_indvary1_step1_batch_yyy01.pl,a5,no,6.01,no,corr,None,None,None,None
1004,exp_acyclic_indvary1_step1_batch_yyy01.pl,y3,no,5.69,no,corr,None,None,None,None
1005,exp_acyclic_indvary1_step1_batch_yyy01.pl,w1,no,5.86,no,corr,None,None,None,None
1006,exp_acyclic_indvary1_step1_batch_yyy01.pl,r4,no,5.9,no,corr,None,None,None,None
1007,exp_acyclic_indvary1_step1_batch_yyy01.pl,d2,yes,0.45,yes,corr,None,None,None,None
1008,exp_acyclic_indvary1_step1_batch_yyy01.pl,y5,no,5.63,no,corr,None,None,None,None
1009,exp_acyclic_indvary1_step1_batch_yyy01.pl,c3,no,7.48,no,corr,None,None,None,None
1010,exp_acyclic_indvary1_step1_batch_yyy01.pl,t4,no,5.65,no,corr,None,None,None,None
1011,exp_acyclic_indvary1_step1_batch_yyy02.pl,b2,no,6.19,no,corr,None,None,None,None
1012,exp_acyclic_indvary1_step1_batch_yyy02.pl,b3,yes,0.34,yes,corr,None,None,None,None
1013,exp_acyclic_indvary1_step1_batch_yyy02.pl,e1,yes,0.31,yes,corr,None,None,None,None
1014,exp_acyclic_indvary1_step1_batch_yyy02.pl,p5,no,4.46,no,corr,None,None,None,None
1015,exp_acyclic_indvary1_step1_batch_yyy02.pl,b5,no,4.35,no,corr,None,None,None,None
1016,exp_acyclic_indvary1_step1_batch_yyy02.pl,d2,no,5.59,no,corr,None,None,None,None
1017,exp_acyclic_indvary1_step1_batch_yyy02.pl,p1,yes,0.3,yes,corr,None,None,None,None
1018,exp_acyclic_indvary1_step1_batch_yyy02.pl,c5,no,4.39,no,corr,None,None,None,None
1019,exp_acyclic_indvary1_step1_batch_yyy02.pl,c2,yes,0.3,yes,corr,None,None,None,None
1020,exp_acyclic_indvary1_step1_batch_yyy02.pl,b1,no,5.53,no,corr,None,None,None,None
1021,exp_acyclic_indvary1_step1_batch_yyy03.pl,b2,yes,0.42,yes,corr,None,None,None,None
1022,exp_acyclic_indvary1_step1_batch_yyy03.pl,y4,no,5.33,no,corr,None,None,None,None
1023,exp_acyclic_indvary1_step1_batch_yyy03.pl,z5,no,5.5,no,corr,None,None,None,None
1024,exp_acyclic_indvary1_step1_batch_yyy03.pl,e5,no,5.67,no,corr,None,None,None,None
1025,exp_acyclic_indvary1_step1_batch_yyy03.pl,z4,no,5.32,no,corr,None,None,None,None
1026,exp_acyclic_indvary1_step1_batch_yyy03.pl,v4,no,5.58,no,corr,None,None,None,None
1027,exp_acyclic_indvary1_step1_batch_yyy03.pl,d2,yes,0.37,yes,corr,None,None,None,None
1028,exp_acyclic_indvary1_step1_batch_yyy03.pl,a1,yes,0.3,yes,corr,None,None,None,None
1029,exp_acyclic_indvary1_step1_batch_yyy03.pl,v3,no,5.6,no,corr,None,None,None,None
1030,exp_acyclic_indvary1_step1_batch_yyy03.pl,q1,yes,0.62,yes,corr,None,None,None,None
1031,exp_acyclic_indvary1_step1_batch_yyy04.pl,b3,no,7.37,no,corr,None,None,None,None
1032,exp_acyclic_indvary1_step1_batch_yyy04.pl,u4,no,5.8,no,corr,None,None,None,None
1033,exp_acyclic_indvary1_step1_batch_yyy04.pl,s2,no,5.7,no,corr,None,None,None,None
1034,exp_acyclic_indvary1_step1_batch_yyy04.pl,v1,no,5.73,no,corr,None,None,None,None
1035,exp_acyclic_indvary1_step1_batch_yyy04.pl,r4,no,5.73,no,corr,None,None,None,None
1036,exp_acyclic_indvary1_step1_batch_yyy04.pl,d2,yes,0.34,yes,corr,None,None,None,None
1037,exp_acyclic_indvary1_step1_batch_yyy04.pl,z3,no,5.98,no,corr,None,None,None,None
1038,exp_acyclic_indvary1_step1_batch_yyy04.pl,x4,no,5.82,no,corr,None,None,None,None
1039,exp_acyclic_indvary1_step1_batch_yyy04.pl,c1,yes,0.38,yes,corr,None,None,None,None
1040,exp_acyclic_indvary1_step1_batch_yyy04.pl,t2,no,5.81,no,corr,None,None,None,None
1041,exp_acyclic_indvary1_step1_batch_yyy05.pl,b1,yes,0.41,yes,corr,None,None,None,None
1042,exp_acyclic_indvary1_step1_batch_yyy05.pl,x2,no,6.77,no,corr,None,None,None,None
1043,exp_acyclic_indvary1_step1_batch_yyy05.pl,r5,no,7.06,no,corr,None,None,None,None
1044,exp_acyclic_indvary1_step1_batch_yyy05.pl,f3,no,6.66,no,corr,None,None,None,None
1045,exp_acyclic_indvary1_step1_batch_yyy05.pl,a3,no,11.18,no,corr,None,None,None,None
1046,exp_acyclic_indvary1_step1_batch_yyy05.pl,a2,yes,0.59,yes,corr,None,None,None,None
1047,exp_acyclic_indvary1_step1_batch_yyy05.pl,t4,no,6.69,no,corr,None,None,None,None
1048,exp_acyclic_indvary1_step1_batch_yyy05.pl,c4,no,6.63,no,corr,None,None,None,None
1049,exp_acyclic_indvary1_step1_batch_yyy05.pl,t2,no,6.77,no,corr,None,None,None,None
1050,exp_acyclic_indvary1_step1_batch_yyy05.pl,z2,no,6.78,no,corr,None,None,None,None
1051,exp_acyclic_indvary1_step1_batch_yyy06.pl,t4,no,4.01,no,corr,None,None,None,None
1052,exp_acyclic_indvary1_step1_batch_yyy06.pl,p4,no,3.76,no,corr,None,None,None,None
1053,exp_acyclic_indvary1_step1_batch_yyy06.pl,u1,no,3.93,no,corr,None,None,None,None
1054,exp_acyclic_indvary1_step1_batch_yyy06.pl,t3,no,4.48,no,corr,None,None,None,None
1055,exp_acyclic_indvary1_step1_batch_yyy06.pl,q4,no,4.23,no,corr,None,None,None,None
1056,exp_acyclic_indvary1_step1_batch_yyy06.pl,r3,no,4.1,no,corr,None,None,None,None
1057,exp_acyclic_indvary1_step1_batch_yyy06.pl,z1,no,4.14,no,corr,None,None,None,None
1058,exp_acyclic_indvary1_step1_batch_yyy06.pl,b1,yes,0.4,yes,corr,None,None,None,None
1059,exp_acyclic_indvary1_step1_batch_yyy06.pl,u3,no,4.03,no,corr,None,None,None,None
1060,exp_acyclic_indvary1_step1_batch_yyy06.pl,r4,no,3.93,no,corr,None,None,None,None
1061,exp_acyclic_indvary1_step1_batch_yyy07.pl,w2,no,4.82,no,corr,None,None,None,None
1062,exp_acyclic_indvary1_step1_batch_yyy07.pl,u4,no,5.47,no,corr,None,None,None,None
1063,exp_acyclic_indvary1_step1_batch_yyy07.pl,c2,no,6.41,no,corr,None,None,None,None
1064,exp_acyclic_indvary1_step1_batch_yyy07.pl,z4,no,4.6,no,corr,None,None,None,None
1065,exp_acyclic_indvary1_step1_batch_yyy07.pl,f3,no,4.44,no,corr,None,None,None,None
1066,exp_acyclic_indvary1_step1_batch_yyy07.pl,e3,no,4.29,no,corr,None,None,None,None
1067,exp_acyclic_indvary1_step1_batch_yyy07.pl,y1,no,4.87,no,corr,None,None,None,None
1068,exp_acyclic_indvary1_step1_batch_yyy07.pl,w3,no,4.75,no,corr,None,None,None,None
1069,exp_acyclic_indvary1_step1_batch_yyy07.pl,e2,no,5.72,no,corr,None,None,None,None
1070,exp_acyclic_indvary1_step1_batch_yyy07.pl,d1,yes,0.32,yes,corr,None,None,None,None
1071,exp_acyclic_indvary1_step1_batch_yyy08.pl,y4,no,4.76,no,corr,None,None,None,None
1072,exp_acyclic_indvary1_step1_batch_yyy08.pl,z5,no,4.92,no,corr,None,None,None,None
1073,exp_acyclic_indvary1_step1_batch_yyy08.pl,w5,no,4.96,no,corr,None,None,None,None
1074,exp_acyclic_indvary1_step1_batch_yyy08.pl,f5,no,5.12,no,corr,None,None,None,None
1075,exp_acyclic_indvary1_step1_batch_yyy08.pl,z4,no,4.83,no,corr,None,None,None,None
1076,exp_acyclic_indvary1_step1_batch_yyy08.pl,x5,no,4.76,no,corr,None,None,None,None
1077,exp_acyclic_indvary1_step1_batch_yyy08.pl,f4,no,4.73,no,corr,None,None,None,None
1078,exp_acyclic_indvary1_step1_batch_yyy08.pl,y5,no,4.42,no,corr,None,None,None,None
1079,exp_acyclic_indvary1_step1_batch_yyy08.pl,s2,no,4.82,no,corr,None,None,None,None
1080,exp_acyclic_indvary1_step1_batch_yyy08.pl,b1,no,6.1,no,corr,None,None,None,None
1081,exp_acyclic_indvary1_step1_batch_yyy09.pl,s3,no,4.64,no,corr,None,None,None,None
1082,exp_acyclic_indvary1_step1_batch_yyy09.pl,z5,no,4.6,no,corr,None,None,None,None
1083,exp_acyclic_indvary1_step1_batch_yyy09.pl,s5,no,4.34,no,corr,None,None,None,None
1084,exp_acyclic_indvary1_step1_batch_yyy09.pl,x2,no,4.39,no,corr,None,None,None,None
1085,exp_acyclic_indvary1_step1_batch_yyy09.pl,e4,no,4.23,no,corr,None,None,None,None
1086,exp_acyclic_indvary1_step1_batch_yyy09.pl,u2,no,4.55,no,corr,None,None,None,None
1087,exp_acyclic_indvary1_step1_batch_yyy09.pl,p1,yes,0.2,yes,corr,None,None,None,None
1088,exp_acyclic_indvary1_step1_batch_yyy09.pl,a2,no,5.48,no,corr,None,None,None,None
1089,exp_acyclic_indvary1_step1_batch_yyy09.pl,s2,no,4.39,no,corr,None,None,None,None
1090,exp_acyclic_indvary1_step1_batch_yyy09.pl,z1,no,4.52,no,corr,None,None,None,None
1091,exp_acyclic_indvary1_step1_batch_yyy10.pl,d5,no,5.42,no,corr,None,None,None,None
1092,exp_acyclic_indvary1_step1_batch_yyy10.pl,v2,no,5.11,no,corr,None,None,None,None
1093,exp_acyclic_indvary1_step1_batch_yyy10.pl,p5,no,5.01,no,corr,None,None,None,None
1094,exp_acyclic_indvary1_step1_batch_yyy10.pl,v5,no,5.02,no,corr,None,None,None,None
1095,exp_acyclic_indvary1_step1_batch_yyy10.pl,a4,no,4.99,no,corr,None,None,None,None
1096,exp_acyclic_indvary1_step1_batch_yyy10.pl,p3,no,5.15,no,corr,None,None,None,None
1097,exp_acyclic_indvary1_step1_batch_yyy10.pl,d2,yes,0.28,yes,corr,None,None,None,None
1098,exp_acyclic_indvary1_step1_batch_yyy10.pl,u2,no,5.19,no,corr,None,None,None,None
1099,exp_acyclic_indvary1_step1_batch_yyy10.pl,b6,no,5.1,no,corr,None,None,None,None
1100,exp_acyclic_indvary1_step1_batch_yyy10.pl,a1,no,6.29,no,corr,None,None,None,None
1101,exp_acyclic_indvary1_step2_batch_yyy01.pl,d5,no,19.85,no,corr,None,None,None,None
1102,exp_acyclic_indvary1_step2_batch_yyy01.pl,z5,no,20.28,no,corr,None,None,None,None
1103,exp_acyclic_indvary1_step2_batch_yyy01.pl,p4,no,20.17,no,corr,None,None,None,None
1104,exp_acyclic_indvary1_step2_batch_yyy01.pl,z4,no,20.12,no,corr,None,None,None,None
1105,exp_acyclic_indvary1_step2_batch_yyy01.pl,u3,no,20.85,no,corr,None,None,None,None
1106,exp_acyclic_indvary1_step2_batch_yyy01.pl,r1,yes,0.32,yes,corr,None,None,None,None
1107,exp_acyclic_indvary1_step2_batch_yyy01.pl,a1,yes,0.59,yes,corr,None,None,None,None
1108,exp_acyclic_indvary1_step2_batch_yyy01.pl,v3,no,20.42,no,corr,None,None,None,None
1109,exp_acyclic_indvary1_step2_batch_yyy01.pl,d1,no,25.74,no,corr,None,None,None,None
1110,exp_acyclic_indvary1_step2_batch_yyy01.pl,u2,no,20.74,no,corr,None,None,None,None
1111,exp_acyclic_indvary1_step2_batch_yyy02.pl,w2,no,18.68,no,corr,None,None,None,None
1112,exp_acyclic_indvary1_step2_batch_yyy02.pl,a5,no,18.48,no,corr,None,None,None,None
1113,exp_acyclic_indvary1_step2_batch_yyy02.pl,y3,no,18.24,no,corr,None,None,None,None
1114,exp_acyclic_indvary1_step2_batch_yyy02.pl,w4,no,18.43,no,corr,None,None,None,None
1115,exp_acyclic_indvary1_step2_batch_yyy02.pl,p2,yes,0.28,yes,corr,None,None,None,None
1116,exp_acyclic_indvary1_step2_batch_yyy02.pl,a3,yes,0.27,yes,corr,None,None,None,None
1117,exp_acyclic_indvary1_step2_batch_yyy02.pl,x5,no,18.38,no,corr,None,None,None,None
1118,exp_acyclic_indvary1_step2_batch_yyy02.pl,t2,no,18.69,no,corr,None,None,None,None
1119,exp_acyclic_indvary1_step2_batch_yyy02.pl,u3,no,18.11,no,corr,None,None,None,None
1120,exp_acyclic_indvary1_step2_batch_yyy02.pl,e3,no,18.2,no,corr,None,None,None,None
1121,exp_acyclic_indvary1_step2_batch_yyy03.pl,v2,no,15.85,no,corr,None,None,None,None
1122,exp_acyclic_indvary1_step2_batch_yyy03.pl,c5,no,15.49,no,corr,None,None,None,None
1123,exp_acyclic_indvary1_step2_batch_yyy03.pl,b5,no,15.59,no,corr,None,None,None,None
1124,exp_acyclic_indvary1_step2_batch_yyy03.pl,v4,no,15.16,no,corr,None,None,None,None
1125,exp_acyclic_indvary1_step2_batch_yyy03.pl,a3,no,23.75,no,corr,None,None,None,None
1126,exp_acyclic_indvary1_step2_batch_yyy03.pl,x1,yes,0.22,yes,corr,None,None,None,None
1127,exp_acyclic_indvary1_step2_batch_yyy03.pl,y5,no,15.33,no,corr,None,None,None,None
1128,exp_acyclic_indvary1_step2_batch_yyy03.pl,t4,no,15.31,no,corr,None,None,None,None
1129,exp_acyclic_indvary1_step2_batch_yyy03.pl,t5,no,15.5,no,corr,None,None,None,None
1130,exp_acyclic_indvary1_step2_batch_yyy03.pl,s3,no,15.49,no,corr,None,None,None,None
1131,exp_acyclic_indvary1_step2_batch_yyy04.pl,u5,no,20.19,no,corr,None,None,None,None
1132,exp_acyclic_indvary1_step2_batch_yyy04.pl,s3,no,20.68,no,corr,None,None,None,None
1133,exp_acyclic_indvary1_step2_batch_yyy04.pl,u1,yes,0.3,yes,corr,None,None,None,None
1134,exp_acyclic_indvary1_step2_batch_yyy04.pl,d3,no,20.65,no,corr,None,None,None,None
1135,exp_acyclic_indvary1_step2_batch_yyy04.pl,w5,no,20.37,no,corr,None,None,None,None
1136,exp_acyclic_indvary1_step2_batch_yyy04.pl,c5,no,20.65,no,corr,None,None,None,None
1137,exp_acyclic_indvary1_step2_batch_yyy04.pl,v4,no,20.88,no,corr,None,None,None,None
1138,exp_acyclic_indvary1_step2_batch_yyy04.pl,p2,yes,0.71,yes,corr,None,None,None,None
1139,exp_acyclic_indvary1_step2_batch_yyy04.pl,a1,yes,0.28,yes,corr,None,None,None,None
1140,exp_acyclic_indvary1_step2_batch_yyy04.pl,d1,no,25.57,no,corr,None,None,None,None
1141,exp_acyclic_indvary1_step2_batch_yyy05.pl,p5,no,18.79,no,corr,None,None,None,None
1142,exp_acyclic_indvary1_step2_batch_yyy05.pl,w2,no,18.79,no,corr,None,None,None,None
1143,exp_acyclic_indvary1_step2_batch_yyy05.pl,s5,no,19.28,no,corr,None,None,None,None
1144,exp_acyclic_indvary1_step2_batch_yyy05.pl,d2,no,23.86,no,corr,None,None,None,None
1145,exp_acyclic_indvary1_step2_batch_yyy05.pl,v3,no,18.88,no,corr,None,None,None,None
1146,exp_acyclic_indvary1_step2_batch_yyy05.pl,u2,no,19.19,no,corr,None,None,None,None
1147,exp_acyclic_indvary1_step2_batch_yyy05.pl,u5,no,18.83,no,corr,None,None,None,None
1148,exp_acyclic_indvary1_step2_batch_yyy05.pl,d5,no,18.95,no,corr,None,None,None,None
1149,exp_acyclic_indvary1_step2_batch_yyy05.pl,a4,no,19.07,no,corr,None,None,None,None
1150,exp_acyclic_indvary1_step2_batch_yyy05.pl,f5,no,18.83,no,corr,None,None,None,None
1151,exp_acyclic_indvary1_step2_batch_yyy06.pl,q4,no,18.74,no,corr,None,None,None,None
1152,exp_acyclic_indvary1_step2_batch_yyy06.pl,z4,no,19.01,no,corr,None,None,None,None
1153,exp_acyclic_indvary1_step2_batch_yyy06.pl,v1,yes,0.34,yes,corr,None,None,None,None
1154,exp_acyclic_indvary1_step2_batch_yyy06.pl,x5,no,19.06,no,corr,None,None,None,None
1155,exp_acyclic_indvary1_step2_batch_yyy06.pl,s1,yes,0.33,yes,corr,None,None,None,None
1156,exp_acyclic_indvary1_step2_batch_yyy06.pl,v3,no,18.8,no,corr,None,None,None,None
1157,exp_acyclic_indvary1_step2_batch_yyy06.pl,w3,no,18.51,no,corr,None,None,None,None
1158,exp_acyclic_indvary1_step2_batch_yyy06.pl,q2,yes,1.06,yes,corr,None,None,None,None
1159,exp_acyclic_indvary1_step2_batch_yyy06.pl,w2,no,18.99,no,corr,None,None,None,None
1160,exp_acyclic_indvary1_step2_batch_yyy06.pl,e5,no,18.77,no,corr,None,None,None,None
1161,exp_acyclic_indvary1_step2_batch_yyy07.pl,a6,no,21.02,no,corr,None,None,None,None
1162,exp_acyclic_indvary1_step2_batch_yyy07.pl,e5,no,20.58,no,corr,None,None,None,None
1163,exp_acyclic_indvary1_step2_batch_yyy07.pl,d3,no,20.75,no,corr,None,None,None,None
1164,exp_acyclic_indvary1_step2_batch_yyy07.pl,q5,no,20.73,no,corr,None,None,None,None
1165,exp_acyclic_indvary1_step2_batch_yyy07.pl,s1,yes,0.28,yes,corr,None,None,None,None
1166,exp_acyclic_indvary1_step2_batch_yyy07.pl,p2,no,32.71,no,corr,None,None,None,None
1167,exp_acyclic_indvary1_step2_batch_yyy07.pl,c3,no,26.44,no,corr,None,None,None,None
1168,exp_acyclic_indvary1_step2_batch_yyy07.pl,s3,no,20.9,no,corr,None,None,None,None
1169,exp_acyclic_indvary1_step2_batch_yyy07.pl,a2,no,26.42,no,corr,None,None,None,None
1170,exp_acyclic_indvary1_step2_batch_yyy07.pl,x4,no,20.96,no,corr,None,None,None,None
1171,exp_acyclic_indvary1_step2_batch_yyy08.pl,d5,no,15.35,no,corr,None,None,None,None
1172,exp_acyclic_indvary1_step2_batch_yyy08.pl,s3,no,15.65,no,corr,None,None,None,None
1173,exp_acyclic_indvary1_step2_batch_yyy08.pl,b2,yes,1.4,yes,corr,None,None,None,None
1174,exp_acyclic_indvary1_step2_batch_yyy08.pl,u1,no,25.16,no,corr,None,None,None,None
1175,exp_acyclic_indvary1_step2_batch_yyy08.pl,d2,yes,0.28,yes,corr,None,None,None,None
1176,exp_acyclic_indvary1_step2_batch_yyy08.pl,b6,no,14.74,no,corr,None,None,None,None
1177,exp_acyclic_indvary1_step2_batch_yyy08.pl,d1,no,24.17,no,corr,None,None,None,None
1178,exp_acyclic_indvary1_step2_batch_yyy08.pl,y5,no,15.12,no,corr,None,None,None,None
1179,exp_acyclic_indvary1_step2_batch_yyy08.pl,x5,no,15.27,no,corr,None,None,None,None
1180,exp_acyclic_indvary1_step2_batch_yyy08.pl,z2,no,15.35,no,corr,None,None,None,None
1181,exp_acyclic_indvary1_step2_batch_yyy09.pl,a6,no,15.47,no,corr,None,None,None,None
1182,exp_acyclic_indvary1_step2_batch_yyy09.pl,p4,no,15.13,no,corr,None,None,None,None
1183,exp_acyclic_indvary1_step2_batch_yyy09.pl,f1,yes,0.45,yes,corr,None,None,None,None
1184,exp_acyclic_indvary1_step2_batch_yyy09.pl,z1,yes,0.28,yes,corr,None,None,None,None
1185,exp_acyclic_indvary1_step2_batch_yyy09.pl,a4,no,15.39,no,corr,None,None,None,None
1186,exp_acyclic_indvary1_step2_batch_yyy09.pl,t1,yes,0.54,yes,corr,None,None,None,None
1187,exp_acyclic_indvary1_step2_batch_yyy09.pl,a2,yes,0.3,yes,corr,None,None,None,None
1188,exp_acyclic_indvary1_step2_batch_yyy09.pl,q2,no,21.81,no,corr,None,None,None,None
1189,exp_acyclic_indvary1_step2_batch_yyy09.pl,t2,no,15.63,no,corr,None,None,None,None
1190,exp_acyclic_indvary1_step2_batch_yyy09.pl,c6,no,15.45,no,corr,None,None,None,None
1191,exp_acyclic_indvary1_step2_batch_yyy10.pl,u5,no,18.54,no,corr,None,None,None,None
1192,exp_acyclic_indvary1_step2_batch_yyy10.pl,e5,no,18.08,no,corr,None,None,None,None
1193,exp_acyclic_indvary1_step2_batch_yyy10.pl,z1,yes,0.18,yes,corr,None,None,None,None
1194,exp_acyclic_indvary1_step2_batch_yyy10.pl,x5,no,18.28,no,corr,None,None,None,None
1195,exp_acyclic_indvary1_step2_batch_yyy10.pl,a3,yes,0.27,yes,corr,None,None,None,None
1196,exp_acyclic_indvary1_step2_batch_yyy10.pl,r2,yes,0.45,yes,corr,None,None,None,None
1197,exp_acyclic_indvary1_step2_batch_yyy10.pl,v3,no,18.13,no,corr,None,None,None,None
1198,exp_acyclic_indvary1_step2_batch_yyy10.pl,q1,no,27.0,no,corr,None,None,None,None
1199,exp_acyclic_indvary1_step2_batch_yyy10.pl,v5,no,18.27,no,corr,None,None,None,None
1200,exp_acyclic_indvary1_step2_batch_yyy10.pl,w5,no,18.13,no,corr,None,None,None,None
1201,exp_acyclic_indvary1_step3_batch_yyy01.pl,p5,no,27.78,no,corr,None,None,None,None
1202,exp_acyclic_indvary1_step3_batch_yyy01.pl,w5,no,27.35,no,corr,None,None,None,None
1203,exp_acyclic_indvary1_step3_batch_yyy01.pl,q5,no,27.59,no,corr,None,None,None,None
1204,exp_acyclic_indvary1_step3_batch_yyy01.pl,v1,no,30.15,no,corr,None,None,None,None
1205,exp_acyclic_indvary1_step3_batch_yyy01.pl,z2,yes,0.46,yes,corr,None,None,None,None
1206,exp_acyclic_indvary1_step3_batch_yyy01.pl,v3,no,27.62,no,corr,None,None,None,None
1207,exp_acyclic_indvary1_step3_batch_yyy01.pl,a6,no,27.31,no,corr,None,None,None,None
1208,exp_acyclic_indvary1_step3_batch_yyy01.pl,y4,no,27.7,no,corr,None,None,None,None
1209,exp_acyclic_indvary1_step3_batch_yyy01.pl,w2,no,46.39,no,corr,None,None,None,None
1210,exp_acyclic_indvary1_step3_batch_yyy01.pl,u1,no,48.14,no,corr,None,None,None,None
1211,exp_acyclic_indvary1_step3_batch_yyy02.pl,t3,no,24.97,no,corr,None,None,None,None
1212,exp_acyclic_indvary1_step3_batch_yyy02.pl,f3,no,25.01,no,corr,None,None,None,None
1213,exp_acyclic_indvary1_step3_batch_yyy02.pl,e3,no,24.68,no,corr,None,None,None,None
1214,exp_acyclic_indvary1_step3_batch_yyy02.pl,y1,yes,1.38,yes,corr,None,None,None,None
1215,exp_acyclic_indvary1_step3_batch_yyy02.pl,y2,yes,0.26,yes,corr,None,None,None,None
1216,exp_acyclic_indvary1_step3_batch_yyy02.pl,f2,no,31.43,no,corr,None,None,None,None
1217,exp_acyclic_indvary1_step3_batch_yyy02.pl,c2,yes,0.24,yes,corr,None,None,None,None
1218,exp_acyclic_indvary1_step3_batch_yyy02.pl,b1,no,31.27,no,corr,None,None,None,None
1219,exp_acyclic_indvary1_step3_batch_yyy02.pl,d1,no,37.84,no,corr,None,None,None,None
1220,exp_acyclic_indvary1_step3_batch_yyy02.pl,t1,yes,0.35,yes,corr,None,None,None,None
1221,exp_acyclic_indvary1_step3_batch_yyy03.pl,y4,no,30.39,no,corr,None,None,None,None
1222,exp_acyclic_indvary1_step3_batch_yyy03.pl,c6,no,30.07,no,corr,None,None,None,None
1223,exp_acyclic_indvary1_step3_batch_yyy03.pl,d2,yes,0.4,yes,corr,None,None,None,None
1224,exp_acyclic_indvary1_step3_batch_yyy03.pl,w3,no,30.52,no,corr,None,None,None,None
1225,exp_acyclic_indvary1_step3_batch_yyy03.pl,t4,no,30.0,no,corr,None,None,None,None
1226,exp_acyclic_indvary1_step3_batch_yyy03.pl,t5,no,30.29,no,corr,None,None,None,None
1227,exp_acyclic_indvary1_step3_batch_yyy03.pl,s5,no,30.5,no,corr,None,None,None,None
1228,exp_acyclic_indvary1_step3_batch_yyy03.pl,q5,no,30.42,no,corr,None,None,None,None
1229,exp_acyclic_indvary1_step3_batch_yyy03.pl,a4,no,30.29,no,corr,None,None,None,None
1230,exp_acyclic_indvary1_step3_batch_yyy03.pl,x2,no,51.0,no,corr,None,None,None,None
1231,exp_acyclic_indvary1_step3_batch_yyy04.pl,t4,no,28.59,no,corr,None,None,None,None
1232,exp_acyclic_indvary1_step3_batch_yyy04.pl,p5,no,28.22,no,corr,None,None,None,None
1233,exp_acyclic_indvary1_step3_batch_yyy04.pl,t3,no,27.49,no,corr,None,None,None,None
1234,exp_acyclic_indvary1_step3_batch_yyy04.pl,s2,yes,0.37,yes,corr,None,None,None,None
1235,exp_acyclic_indvary1_step3_batch_yyy04.pl,q4,no,27.78,no,corr,None,None,None,None
1236,exp_acyclic_indvary1_step3_batch_yyy04.pl,z3,no,27.65,no,corr,None,None,None,None
1237,exp_acyclic_indvary1_step3_batch_yyy04.pl,d3,no,27.88,no,corr,None,None,None,None
1238,exp_acyclic_indvary1_step3_batch_yyy04.pl,u4,no,28.1,no,corr,None,None,None,None
1239,exp_acyclic_indvary1_step3_batch_yyy04.pl,v4,no,27.45,no,corr,None,None,None,None
1240,exp_acyclic_indvary1_step3_batch_yyy04.pl,e3,no,28.06,no,corr,None,None,None,None
1241,exp_acyclic_indvary1_step3_batch_yyy05.pl,u5,no,21.71,no,corr,None,None,None,None
1242,exp_acyclic_indvary1_step3_batch_yyy05.pl,t4,no,21.66,no,corr,None,None,None,None
1243,exp_acyclic_indvary1_step3_batch_yyy05.pl,v2,yes,0.32,yes,corr,None,None,None,None
1244,exp_acyclic_indvary1_step3_batch_yyy05.pl,d4,no,21.71,no,corr,None,None,None,None
1245,exp_acyclic_indvary1_step3_batch_yyy05.pl,u4,no,21.0,no,corr,None,None,None,None
1246,exp_acyclic_indvary1_step3_batch_yyy05.pl,v5,no,21.19,no,corr,None,None,None,None
1247,exp_acyclic_indvary1_step3_batch_yyy05.pl,q4,no,21.21,no,corr,None,None,None,None
1248,exp_acyclic_indvary1_step3_batch_yyy05.pl,p3,no,32.35,no,corr,None,None,None,None
1249,exp_acyclic_indvary1_step3_batch_yyy05.pl,y5,no,21.41,no,corr,None,None,None,None
1250,exp_acyclic_indvary1_step3_batch_yyy05.pl,q2,no,33.17,no,corr,None,None,None,None
1251,exp_acyclic_indvary1_step3_batch_yyy06.pl,c3,yes,0.57,yes,corr,None,None,None,None
1252,exp_acyclic_indvary1_step3_batch_yyy06.pl,e5,no,23.0,no,corr,None,None,None,None
1253,exp_acyclic_indvary1_step3_batch_yyy06.pl,s5,no,22.44,no,corr,None,None,None,None
1254,exp_acyclic_indvary1_step3_batch_yyy06.pl,s2,yes,0.43,yes,corr,None,None,None,None
1255,exp_acyclic_indvary1_step3_batch_yyy06.pl,f3,no,22.95,no,corr,None,None,None,None
1256,exp_acyclic_indvary1_step3_batch_yyy06.pl,r4,no,22.94,no,corr,None,None,None,None
1257,exp_acyclic_indvary1_step3_batch_yyy06.pl,z3,no,23.07,no,corr,None,None,None,None
1258,exp_acyclic_indvary1_step3_batch_yyy06.pl,r2,no,25.05,no,corr,None,None,None,None
1259,exp_acyclic_indvary1_step3_batch_yyy06.pl,x4,no,23.42,no,corr,None,None,None,None
1260,exp_acyclic_indvary1_step3_batch_yyy06.pl,q2,yes,0.26,yes,corr,None,None,None,None
1261,exp_acyclic_indvary1_step3_batch_yyy07.pl,c4,no,27.08,no,corr,None,None,None,None
1262,exp_acyclic_indvary1_step3_batch_yyy07.pl,u4,no,27.17,no,corr,None,None,None,None
1263,exp_acyclic_indvary1_step3_batch_yyy07.pl,e4,no,27.32,no,corr,None,None,None,None
1264,exp_acyclic_indvary1_step3_batch_yyy07.pl,r4,no,26.48,no,corr,None,None,None,None
1265,exp_acyclic_indvary1_step3_batch_yyy07.pl,p2,no,45.35,no,corr,None,None,None,None
1266,exp_acyclic_indvary1_step3_batch_yyy07.pl,f4,no,26.76,no,corr,None,None,None,None
1267,exp_acyclic_indvary1_step3_batch_yyy07.pl,q1,yes,0.61,yes,corr,None,None,None,None
1268,exp_acyclic_indvary1_step3_batch_yyy07.pl,a2,yes,0.29,yes,corr,None,None,None,None
1269,exp_acyclic_indvary1_step3_batch_yyy07.pl,c2,no,33.65,no,corr,None,None,None,None
1270,exp_acyclic_indvary1_step3_batch_yyy07.pl,a5,no,26.57,no,corr,None,None,None,None
1271,exp_acyclic_indvary1_step3_batch_yyy08.pl,u1,yes,0.8,yes,corr,None,None,None,None
1272,exp_acyclic_indvary1_step3_batch_yyy08.pl,q4,no,24.42,no,corr,None,None,None,None
1273,exp_acyclic_indvary1_step3_batch_yyy08.pl,e4,no,24.12,no,corr,None,None,None,None
1274,exp_acyclic_indvary1_step3_batch_yyy08.pl,w1,no,26.01,no,corr,None,None,None,None
1275,exp_acyclic_indvary1_step3_batch_yyy08.pl,v4,no,24.26,no,corr,None,None,None,None
1276,exp_acyclic_indvary1_step3_batch_yyy08.pl,f2,no,32.06,no,corr,None,None,None,None
1277,exp_acyclic_indvary1_step3_batch_yyy08.pl,b4,no,24.13,no,corr,None,None,None,None
1278,exp_acyclic_indvary1_step3_batch_yyy08.pl,q5,no,24.42,no,corr,None,None,None,None
1279,exp_acyclic_indvary1_step3_batch_yyy08.pl,c2,yes,0.53,yes,corr,None,None,None,None
1280,exp_acyclic_indvary1_step3_batch_yyy08.pl,b1,no,32.37,no,corr,None,None,None,None
1281,exp_acyclic_indvary1_step3_batch_yyy09.pl,b3,yes,0.89,yes,corr,None,None,None,None
1282,exp_acyclic_indvary1_step3_batch_yyy09.pl,d4,no,32.32,no,corr,None,None,None,None
1283,exp_acyclic_indvary1_step3_batch_yyy09.pl,u1,no,46.27,no,corr,None,None,None,None
1284,exp_acyclic_indvary1_step3_batch_yyy09.pl,t3,no,31.29,no,corr,None,None,None,None
1285,exp_acyclic_indvary1_step3_batch_yyy09.pl,q4,no,31.61,no,corr,None,None,None,None
1286,exp_acyclic_indvary1_step3_batch_yyy09.pl,v1,no,51.11,no,corr,None,None,None,None
1287,exp_acyclic_indvary1_step3_batch_yyy09.pl,q1,no,33.68,no,corr,None,None,None,None
1288,exp_acyclic_indvary1_step3_batch_yyy09.pl,c1,no,39.98,no,corr,None,None,None,None
1289,exp_acyclic_indvary1_step3_batch_yyy09.pl,t2,no,51.04,no,corr,None,None,None,None
1290,exp_acyclic_indvary1_step3_batch_yyy09.pl,c6,no,32.36,no,corr,None,None,None,None
1291,exp_acyclic_indvary1_step3_batch_yyy10.pl,e1,yes,0.77,yes,corr,None,None,None,None
1292,exp_acyclic_indvary1_step3_batch_yyy10.pl,w5,no,23.45,no,corr,None,None,None,None
1293,exp_acyclic_indvary1_step3_batch_yyy10.pl,z1,yes,0.3,yes,corr,None,None,None,None
1294,exp_acyclic_indvary1_step3_batch_yyy10.pl,a4,no,23.69,no,corr,None,None,None,None
1295,exp_acyclic_indvary1_step3_batch_yyy10.pl,p3,no,39.01,no,corr,None,None,None,None
1296,exp_acyclic_indvary1_step3_batch_yyy10.pl,b6,no,23.67,no,corr,None,None,None,None
1297,exp_acyclic_indvary1_step3_batch_yyy10.pl,d1,no,30.21,no,corr,None,None,None,None
1298,exp_acyclic_indvary1_step3_batch_yyy10.pl,c3,no,32.63,no,corr,None,None,None,None
1299,exp_acyclic_indvary1_step3_batch_yyy10.pl,t5,no,23.25,no,corr,None,None,None,None
1300,exp_acyclic_indvary1_step3_batch_yyy10.pl,s3,no,23.63,no,corr,None,None,None,None
1301,exp_acyclic_indvary1_step4_batch_yyy01.pl,u1,yes,0.89,yes,corr,None,None,None,None
1302,exp_acyclic_indvary1_step4_batch_yyy01.pl,a5,no,26.36,no,corr,None,None,None,None
1303,exp_acyclic_indvary1_step4_batch_yyy01.pl,e4,no,26.46,no,corr,None,None,None,None
1304,exp_acyclic_indvary1_step4_batch_yyy01.pl,v4,no,26.52,no,corr,None,None,None,None
1305,exp_acyclic_indvary1_step4_batch_yyy01.pl,v3,yes,0.78,yes,corr,None,None,None,None
1306,exp_acyclic_indvary1_step4_batch_yyy01.pl,e2,no,43.9,no,corr,None,None,None,None
1307,exp_acyclic_indvary1_step4_batch_yyy01.pl,s5,no,26.73,no,corr,None,None,None,None
1308,exp_acyclic_indvary1_step4_batch_yyy01.pl,q5,no,26.56,no,corr,None,None,None,None
1309,exp_acyclic_indvary1_step4_batch_yyy01.pl,y2,yes,0.32,yes,corr,None,None,None,None
1310,exp_acyclic_indvary1_step4_batch_yyy01.pl,x1,no,28.19,no,corr,None,None,None,None
1311,exp_acyclic_indvary1_step4_batch_yyy02.pl,s3,yes,0.36,yes,corr,None,None,None,None
1312,exp_acyclic_indvary1_step4_batch_yyy02.pl,b1,no,28.23,no,corr,None,None,None,None
1313,exp_acyclic_indvary1_step4_batch_yyy02.pl,w4,no,22.43,no,corr,None,None,None,None
1314,exp_acyclic_indvary1_step4_batch_yyy02.pl,a3,yes,0.23,yes,corr,None,None,None,None
1315,exp_acyclic_indvary1_step4_batch_yyy02.pl,x1,no,24.33,no,corr,None,None,None,None
1316,exp_acyclic_indvary1_step4_batch_yyy02.pl,a1,yes,0.28,yes,corr,None,None,None,None
1317,exp_acyclic_indvary1_step4_batch_yyy02.pl,r3,no,38.72,no,corr,None,None,None,None
1318,exp_acyclic_indvary1_step4_batch_yyy02.pl,f2,yes,0.31,yes,corr,None,None,None,None
1319,exp_acyclic_indvary1_step4_batch_yyy02.pl,b3,yes,0.81,yes,corr,None,None,None,None
1320,exp_acyclic_indvary1_step4_batch_yyy02.pl,y4,no,23.01,no,corr,None,None,None,None
1321,exp_acyclic_indvary1_step4_batch_yyy03.pl,u5,no,34.06,no,corr,None,None,None,None
1322,exp_acyclic_indvary1_step4_batch_yyy03.pl,q4,no,54.91,no,corr,None,None,None,None
1323,exp_acyclic_indvary1_step4_batch_yyy03.pl,z4,no,33.66,no,corr,None,None,None,None
1324,exp_acyclic_indvary1_step4_batch_yyy03.pl,y2,no,35.97,no,corr,None,None,None,None
1325,exp_acyclic_indvary1_step4_batch_yyy03.pl,r2,yes,0.4,yes,corr,None,None,None,None
1326,exp_acyclic_indvary1_step4_batch_yyy03.pl,v3,no,36.25,no,corr,None,None,None,None
1327,exp_acyclic_indvary1_step4_batch_yyy03.pl,t4,no,33.15,no,corr,None,None,None,None
1328,exp_acyclic_indvary1_step4_batch_yyy03.pl,c4,no,33.38,no,corr,None,None,None,None
1329,exp_acyclic_indvary1_step4_batch_yyy03.pl,p5,no,33.21,no,corr,None,None,None,None
1330,exp_acyclic_indvary1_step4_batch_yyy03.pl,x3,yes,0.37,yes,corr,None,None,None,None
1331,exp_acyclic_indvary1_step4_batch_yyy04.pl,a6,no,31.4,no,corr,None,None,None,None
1332,exp_acyclic_indvary1_step4_batch_yyy04.pl,z5,no,31.47,no,corr,None,None,None,None
1333,exp_acyclic_indvary1_step4_batch_yyy04.pl,p2,yes,0.49,yes,corr,None,None,None,None
1334,exp_acyclic_indvary1_step4_batch_yyy04.pl,a3,yes,0.26,yes,corr,None,None,None,None
1335,exp_acyclic_indvary1_step4_batch_yyy04.pl,w3,no,52.13,no,corr,None,None,None,None
1336,exp_acyclic_indvary1_step4_batch_yyy04.pl,f2,no,42.47,no,corr,None,None,None,None
1337,exp_acyclic_indvary1_step4_batch_yyy04.pl,c2,yes,0.35,yes,corr,None,None,None,None
1338,exp_acyclic_indvary1_step4_batch_yyy04.pl,b1,yes,0.37,yes,corr,None,None,None,None
1339,exp_acyclic_indvary1_step4_batch_yyy04.pl,e3,no,31.56,no,corr,None,None,None,None
1340,exp_acyclic_indvary1_step4_batch_yyy04.pl,r4,no,31.48,no,corr,None,None,None,None
1341,exp_acyclic_indvary1_step4_batch_yyy05.pl,v2,no,27.89,no,corr,None,None,None,None
1342,exp_acyclic_indvary1_step4_batch_yyy05.pl,w5,no,25.61,no,corr,None,None,None,None
1343,exp_acyclic_indvary1_step4_batch_yyy05.pl,b4,no,25.79,no,corr,None,None,None,None
1344,exp_acyclic_indvary1_step4_batch_yyy05.pl,c5,no,25.97,no,corr,None,None,None,None
1345,exp_acyclic_indvary1_step4_batch_yyy05.pl,q4,yes,0.26,yes,corr,None,None,None,None
1346,exp_acyclic_indvary1_step4_batch_yyy05.pl,y3,no,41.56,no,corr,None,None,None,None
1347,exp_acyclic_indvary1_step4_batch_yyy05.pl,w4,no,25.62,no,corr,None,None,None,None
1348,exp_acyclic_indvary1_step4_batch_yyy05.pl,v4,no,26.01,no,corr,None,None,None,None
1349,exp_acyclic_indvary1_step4_batch_yyy05.pl,x1,yes,0.44,yes,corr,None,None,None,None
1350,exp_acyclic_indvary1_step4_batch_yyy05.pl,a2,no,33.01,no,corr,None,None,None,None
1351,exp_acyclic_indvary1_step4_batch_yyy06.pl,a6,no,23.19,no,corr,None,None,None,None
1352,exp_acyclic_indvary1_step4_batch_yyy06.pl,p5,no,23.69,no,corr,None,None,None,None
1353,exp_acyclic_indvary1_step4_batch_yyy06.pl,d3,no,22.69,no,corr,None,None,None,None
1354,exp_acyclic_indvary1_step4_batch_yyy06.pl,t3,no,22.81,no,corr,None,None,None,None
1355,exp_acyclic_indvary1_step4_batch_yyy06.pl,a4,no,21.11,no,corr,None,None,None,None
1356,exp_acyclic_indvary1_step4_batch_yyy06.pl,d2,no,26.81,no,corr,None,None,None,None
1357,exp_acyclic_indvary1_step4_batch_yyy06.pl,q1,yes,0.43,yes,corr,None,None,None,None
1358,exp_acyclic_indvary1_step4_batch_yyy06.pl,p1,no,22.71,no,corr,None,None,None,None
1359,exp_acyclic_indvary1_step4_batch_yyy06.pl,b6,no,21.24,no,corr,None,None,None,None
1360,exp_acyclic_indvary1_step4_batch_yyy06.pl,a1,yes,0.45,yes,corr,None,None,None,None
1361,exp_acyclic_indvary1_step4_batch_yyy07.pl,s3,yes,0.42,yes,corr,None,None,None,None
1362,exp_acyclic_indvary1_step4_batch_yyy07.pl,w2,no,29.83,no,corr,None,None,None,None
1363,exp_acyclic_indvary1_step4_batch_yyy07.pl,d3,no,26.99,no,corr,None,None,None,None
1364,exp_acyclic_indvary1_step4_batch_yyy07.pl,b4,no,26.83,no,corr,None,None,None,None
1365,exp_acyclic_indvary1_step4_batch_yyy07.pl,z1,no,29.54,no,corr,None,None,None,None
1366,exp_acyclic_indvary1_step4_batch_yyy07.pl,q4,yes,0.31,yes,corr,None,None,None,None
1367,exp_acyclic_indvary1_step4_batch_yyy07.pl,p3,yes,0.32,yes,corr,None,None,None,None
1368,exp_acyclic_indvary1_step4_batch_yyy07.pl,y1,no,29.46,no,corr,None,None,None,None
1369,exp_acyclic_indvary1_step4_batch_yyy07.pl,p1,yes,0.33,yes,corr,None,None,None,None
1370,exp_acyclic_indvary1_step4_batch_yyy07.pl,a2,yes,0.31,yes,corr,None,None,None,None
1371,exp_acyclic_indvary1_step4_batch_yyy08.pl,u5,no,22.54,no,corr,None,None,None,None
1372,exp_acyclic_indvary1_step4_batch_yyy08.pl,v2,no,24.63,no,corr,None,None,None,None
1373,exp_acyclic_indvary1_step4_batch_yyy08.pl,f1,no,28.22,no,corr,None,None,None,None
1374,exp_acyclic_indvary1_step4_batch_yyy08.pl,f3,no,22.54,no,corr,None,None,None,None
1375,exp_acyclic_indvary1_step4_batch_yyy08.pl,b6,no,22.3,no,corr,None,None,None,None
1376,exp_acyclic_indvary1_step4_batch_yyy08.pl,x4,no,22.37,no,corr,None,None,None,None
1377,exp_acyclic_indvary1_step4_batch_yyy08.pl,s4,no,22.2,no,corr,None,None,None,None
1378,exp_acyclic_indvary1_step4_batch_yyy08.pl,b3,no,30.9,no,corr,None,None,None,None
1379,exp_acyclic_indvary1_step4_batch_yyy08.pl,z4,no,22.86,no,corr,None,None,None,None
1380,exp_acyclic_indvary1_step4_batch_yyy08.pl,y3,no,24.59,no,corr,None,None,None,None
1381,exp_acyclic_indvary1_step4_batch_yyy09.pl,c3,yes,0.51,yes,corr,None,None,None,None
1382,exp_acyclic_indvary1_step4_batch_yyy09.pl,f5,no,25.25,no,corr,None,None,None,None
1383,exp_acyclic_indvary1_step4_batch_yyy09.pl,c1,yes,0.22,yes,corr,None,None,None,None
1384,exp_acyclic_indvary1_step4_batch_yyy09.pl,p2,no,38.43,no,corr,None,None,None,None
1385,exp_acyclic_indvary1_step4_batch_yyy09.pl,q3,no,38.82,no,corr,None,None,None,None
1386,exp_acyclic_indvary1_step4_batch_yyy09.pl,y2,no,39.04,no,corr,None,None,None,None
1387,exp_acyclic_indvary1_step4_batch_yyy09.pl,r2,yes,0.68,yes,corr,None,None,None,None
1388,exp_acyclic_indvary1_step4_batch_yyy09.pl,a1,yes,1.36,yes,corr,None,None,None,None
1389,exp_acyclic_indvary1_step4_batch_yyy09.pl,u2,no,27.45,no,corr,None,None,None,None
1390,exp_acyclic_indvary1_step4_batch_yyy09.pl,q1,no,40.02,no,corr,None,None,None,None
1391,exp_acyclic_indvary1_step4_batch_yyy10.pl,b2,yes,0.56,yes,corr,None,None,None,None
1392,exp_acyclic_indvary1_step4_batch_yyy10.pl,p5,no,30.24,no,corr,None,None,None,None
1393,exp_acyclic_indvary1_step4_batch_yyy10.pl,w5,no,30.01,no,corr,None,None,None,None
1394,exp_acyclic_indvary1_step4_batch_yyy10.pl,w4,no,30.28,no,corr,None,None,None,None
1395,exp_acyclic_indvary1_step4_batch_yyy10.pl,x5,no,30.37,no,corr,None,None,None,None
1396,exp_acyclic_indvary1_step4_batch_yyy10.pl,e3,no,29.76,no,corr,None,None,None,None
1397,exp_acyclic_indvary1_step4_batch_yyy10.pl,f4,no,29.82,no,corr,None,None,None,None
1398,exp_acyclic_indvary1_step4_batch_yyy10.pl,q3,yes,0.51,yes,corr,None,None,None,None
1399,exp_acyclic_indvary1_step4_batch_yyy10.pl,w2,yes,0.31,yes,corr,None,None,None,None
1400,exp_acyclic_indvary1_step4_batch_yyy10.pl,f1,yes,0.34,yes,corr,None,None,None,None
1401,exp_acyclic_indvary1_step5_batch_yyy01.pl,z5,no,21.81,no,corr,None,None,None,None
1402,exp_acyclic_indvary1_step5_batch_yyy01.pl,u1,no,24.07,no,corr,None,None,None,None
1403,exp_acyclic_indvary1_step5_batch_yyy01.pl,q5,no,21.84,no,corr,None,None,None,None
1404,exp_acyclic_indvary1_step5_batch_yyy01.pl,w4,no,23.82,no,corr,None,None,None,None
1405,exp_acyclic_indvary1_step5_batch_yyy01.pl,f4,no,21.98,no,corr,None,None,None,None
1406,exp_acyclic_indvary1_step5_batch_yyy01.pl,a2,yes,0.31,yes,corr,None,None,None,None
1407,exp_acyclic_indvary1_step5_batch_yyy01.pl,t4,no,24.55,no,corr,None,None,None,None
1408,exp_acyclic_indvary1_step5_batch_yyy01.pl,t5,no,22.92,no,corr,None,None,None,None
1409,exp_acyclic_indvary1_step5_batch_yyy01.pl,c6,no,22.98,no,corr,None,None,None,None
1410,exp_acyclic_indvary1_step5_batch_yyy01.pl,z2,yes,0.54,yes,corr,None,None,None,None
1411,exp_acyclic_indvary1_step5_batch_yyy02.pl,d5,no,24.87,no,corr,None,None,None,None
1412,exp_acyclic_indvary1_step5_batch_yyy02.pl,z5,no,24.91,no,corr,None,None,None,None
1413,exp_acyclic_indvary1_step5_batch_yyy02.pl,p4,yes,0.26,yes,corr,None,None,None,None
1414,exp_acyclic_indvary1_step5_batch_yyy02.pl,y3,no,26.38,no,corr,None,None,None,None
1415,exp_acyclic_indvary1_step5_batch_yyy02.pl,x4,yes,1.75,yes,corr,None,None,None,None
1416,exp_acyclic_indvary1_step5_batch_yyy02.pl,f2,no,40.65,no,corr,None,None,None,None
1417,exp_acyclic_indvary1_step5_batch_yyy02.pl,y1,no,40.74,no,corr,None,None,None,None
1418,exp_acyclic_indvary1_step5_batch_yyy02.pl,r1,no,43.26,no,corr,None,None,None,None
1419,exp_acyclic_indvary1_step5_batch_yyy02.pl,t1,no,26.13,no,corr,None,None,None,None
1420,exp_acyclic_indvary1_step5_batch_yyy02.pl,q1,no,27.17,no,corr,None,None,None,None
1421,exp_acyclic_indvary1_step5_batch_yyy03.pl,s3,no,23.2,no,corr,None,None,None,None
1422,exp_acyclic_indvary1_step5_batch_yyy03.pl,z5,no,20.16,no,corr,None,None,None,None
1423,exp_acyclic_indvary1_step5_batch_yyy03.pl,p4,no,22.03,no,corr,None,None,None,None
1424,exp_acyclic_indvary1_step5_batch_yyy03.pl,e5,no,20.08,no,corr,None,None,None,None
1425,exp_acyclic_indvary1_step5_batch_yyy03.pl,t3,yes,0.41,yes,corr,None,None,None,None
1426,exp_acyclic_indvary1_step5_batch_yyy03.pl,e4,no,19.94,no,corr,None,None,None,None
1427,exp_acyclic_indvary1_step5_batch_yyy03.pl,x1,no,21.66,no,corr,None,None,None,None
1428,exp_acyclic_indvary1_step5_batch_yyy03.pl,b6,no,19.35,no,corr,None,None,None,None
1429,exp_acyclic_indvary1_step5_batch_yyy03.pl,s4,yes,0.38,yes,corr,None,None,None,None
1430,exp_acyclic_indvary1_step5_batch_yyy03.pl,b3,no,27.36,no,corr,None,None,None,None
1431,exp_acyclic_indvary1_step5_batch_yyy04.pl,e1,yes,0.52,yes,corr,None,None,None,None
1432,exp_acyclic_indvary1_step5_batch_yyy04.pl,p4,yes,0.36,yes,corr,None,None,None,None
1433,exp_acyclic_indvary1_step5_batch_yyy04.pl,f1,no,25.66,no,corr,None,None,None,None
1434,exp_acyclic_indvary1_step5_batch_yyy04.pl,q4,yes,0.62,yes,corr,None,None,None,None
1435,exp_acyclic_indvary1_step5_batch_yyy04.pl,r5,no,19.08,no,corr,None,None,None,None
1436,exp_acyclic_indvary1_step5_batch_yyy04.pl,x5,no,19.64,no,corr,None,None,None,None
1437,exp_acyclic_indvary1_step5_batch_yyy04.pl,a3,no,26.6,no,corr,None,None,None,None
1438,exp_acyclic_indvary1_step5_batch_yyy04.pl,y2,no,30.26,no,corr,None,None,None,None
1439,exp_acyclic_indvary1_step5_batch_yyy04.pl,a1,no,24.6,no,corr,None,None,None,None
1440,exp_acyclic_indvary1_step5_batch_yyy04.pl,p1,no,21.07,no,corr,None,None,None,None
1441,exp_acyclic_indvary1_step5_batch_yyy05.pl,t5,no,21.71,no,corr,None,None,None,None
1442,exp_acyclic_indvary1_step5_batch_yyy05.pl,e1,yes,0.31,yes,corr,None,None,None,None
1443,exp_acyclic_indvary1_step5_batch_yyy05.pl,z1,no,23.37,no,corr,None,None,None,None
1444,exp_acyclic_indvary1_step5_batch_yyy05.pl,f5,no,22.27,no,corr,None,None,None,None
1445,exp_acyclic_indvary1_step5_batch_yyy05.pl,c1,yes,0.43,yes,corr,None,None,None,None
1446,exp_acyclic_indvary1_step5_batch_yyy05.pl,u3,yes,0.68,yes,corr,None,None,None,None
1447,exp_acyclic_indvary1_step5_batch_yyy05.pl,r2,no,21.43,no,corr,None,None,None,None
1448,exp_acyclic_indvary1_step5_batch_yyy05.pl,w3,no,24.0,no,corr,None,None,None,None
1449,exp_acyclic_indvary1_step5_batch_yyy05.pl,p4,yes,0.55,yes,corr,None,None,None,None
1450,exp_acyclic_indvary1_step5_batch_yyy05.pl,x3,no,23.6,no,corr,None,None,None,None
1451,exp_acyclic_indvary1_step5_batch_yyy06.pl,d3,no,20.19,no,corr,None,None,None,None
1452,exp_acyclic_indvary1_step5_batch_yyy06.pl,v1,yes,0.34,yes,corr,None,None,None,None
1453,exp_acyclic_indvary1_step5_batch_yyy06.pl,s1,no,21.95,no,corr,None,None,None,None
1454,exp_acyclic_indvary1_step5_batch_yyy06.pl,p2,yes,1.87,yes,corr,None,None,None,None
1455,exp_acyclic_indvary1_step5_batch_yyy06.pl,x4,yes,0.69,yes,corr,None,None,None,None
1456,exp_acyclic_indvary1_step5_batch_yyy06.pl,t5,no,20.21,no,corr,None,None,None,None
1457,exp_acyclic_indvary1_step5_batch_yyy06.pl,s3,yes,0.39,yes,corr,None,None,None,None
1458,exp_acyclic_indvary1_step5_batch_yyy06.pl,c4,no,20.64,no,corr,None,None,None,None
1459,exp_acyclic_indvary1_step5_batch_yyy06.pl,e3,no,21.34,no,corr,None,None,None,None
1460,exp_acyclic_indvary1_step5_batch_yyy06.pl,r4,no,33.13,no,corr,None,None,None,None
1461,exp_acyclic_indvary1_step5_batch_yyy07.pl,b2,yes,1.01,yes,corr,None,None,None,None
1462,exp_acyclic_indvary1_step5_batch_yyy07.pl,p4,no,35.2,no,corr,None,None,None,None
1463,exp_acyclic_indvary1_step5_batch_yyy07.pl,w5,no,22.28,no,corr,None,None,None,None
1464,exp_acyclic_indvary1_step5_batch_yyy07.pl,b1,yes,0.37,yes,corr,None,None,None,None
1465,exp_acyclic_indvary1_step5_batch_yyy07.pl,e3,no,22.57,no,corr,None,None,None,None
1466,exp_acyclic_indvary1_step5_batch_yyy07.pl,s1,no,36.86,no,corr,None,None,None,None
1467,exp_acyclic_indvary1_step5_batch_yyy07.pl,q3,no,24.12,no,corr,None,None,None,None
1468,exp_acyclic_indvary1_step5_batch_yyy07.pl,p1,yes,0.52,yes,corr,None,None,None,None
1469,exp_acyclic_indvary1_step5_batch_yyy07.pl,v1,no,24.03,no,corr,None,None,None,None
1470,exp_acyclic_indvary1_step5_batch_yyy07.pl,w1,yes,0.56,yes,corr,None,None,None,None
1471,exp_acyclic_indvary1_step5_batch_yyy08.pl,d4,no,18.94,no,corr,None,None,None,None
1472,exp_acyclic_indvary1_step5_batch_yyy08.pl,u1,no,21.18,no,corr,None,None,None,None
1473,exp_acyclic_indvary1_step5_batch_yyy08.pl,v5,no,19.1,no,corr,None,None,None,None
1474,exp_acyclic_indvary1_step5_batch_yyy08.pl,a4,no,18.91,no,corr,None,None,None,None
1475,exp_acyclic_indvary1_step5_batch_yyy08.pl,r5,no,19.24,no,corr,None,None,None,None
1476,exp_acyclic_indvary1_step5_batch_yyy08.pl,f3,no,19.15,no,corr,None,None,None,None
1477,exp_acyclic_indvary1_step5_batch_yyy08.pl,c6,no,18.76,no,corr,None,None,None,None
1478,exp_acyclic_indvary1_step5_batch_yyy08.pl,e3,no,18.97,no,corr,None,None,None,None
1479,exp_acyclic_indvary1_step5_batch_yyy08.pl,y2,no,20.43,no,corr,None,None,None,None
1480,exp_acyclic_indvary1_step5_batch_yyy08.pl,x1,yes,0.26,yes,corr,None,None,None,None
1481,exp_acyclic_indvary1_step5_batch_yyy09.pl,c4,no,21.67,no,corr,None,None,None,None
1482,exp_acyclic_indvary1_step5_batch_yyy09.pl,b2,yes,1.89,yes,corr,None,None,None,None
1483,exp_acyclic_indvary1_step5_batch_yyy09.pl,w5,no,22.27,no,corr,None,None,None,None
1484,exp_acyclic_indvary1_step5_batch_yyy09.pl,a5,no,21.9,no,corr,None,None,None,None
1485,exp_acyclic_indvary1_step5_batch_yyy09.pl,x2,no,24.13,no,corr,None,None,None,None
1486,exp_acyclic_indvary1_step5_batch_yyy09.pl,r5,no,22.49,no,corr,None,None,None,None
1487,exp_acyclic_indvary1_step5_batch_yyy09.pl,w1,yes,0.81,yes,corr,None,None,None,None
1488,exp_acyclic_indvary1_step5_batch_yyy09.pl,c1,no,34.63,no,corr,None,None,None,None
1489,exp_acyclic_indvary1_step5_batch_yyy09.pl,d2,no,28.12,no,corr,None,None,None,None
1490,exp_acyclic_indvary1_step5_batch_yyy09.pl,y2,yes,0.4,yes,corr,None,None,None,None
1491,exp_acyclic_indvary1_step5_batch_yyy10.pl,b3,no,38.62,no,corr,None,None,None,None
1492,exp_acyclic_indvary1_step5_batch_yyy10.pl,u4,yes,0.33,yes,corr,None,None,None,None
1493,exp_acyclic_indvary1_step5_batch_yyy10.pl,a5,no,24.54,no,corr,None,None,None,None
1494,exp_acyclic_indvary1_step5_batch_yyy10.pl,w1,no,27.05,no,corr,None,None,None,None
1495,exp_acyclic_indvary1_step5_batch_yyy10.pl,y1,yes,0.43,yes,corr,None,None,None,None
1496,exp_acyclic_indvary1_step5_batch_yyy10.pl,a3,yes,0.46,yes,corr,None,None,None,None
1497,exp_acyclic_indvary1_step5_batch_yyy10.pl,t1,yes,0.52,yes,corr,None,None,None,None
1498,exp_acyclic_indvary1_step5_batch_yyy10.pl,q2,no,27.32,no,corr,None,None,None,None
1499,exp_acyclic_indvary1_step5_batch_yyy10.pl,e3,no,24.78,no,corr,None,None,None,None
1500,exp_acyclic_indvary1_step5_batch_yyy10.pl,r4,no,27.2,no,corr,None,None,None,None
1501,exp_acyclic_indvary1_step6_batch_yyy01.pl,d5,no,19.95,no,corr,None,None,None,None
1502,exp_acyclic_indvary1_step6_batch_yyy01.pl,v2,no,19.73,no,corr,None,None,None,None
1503,exp_acyclic_indvary1_step6_batch_yyy01.pl,f1,no,29.75,no,corr,None,None,None,None
1504,exp_acyclic_indvary1_step6_batch_yyy01.pl,t3,no,21.75,no,corr,None,None,None,None
1505,exp_acyclic_indvary1_step6_batch_yyy01.pl,s2,no,21.34,no,corr,None,None,None,None
1506,exp_acyclic_indvary1_step6_batch_yyy01.pl,f3,no,19.88,no,corr,None,None,None,None
1507,exp_acyclic_indvary1_step6_batch_yyy01.pl,x5,no,21.73,no,corr,None,None,None,None
1508,exp_acyclic_indvary1_step6_batch_yyy01.pl,f4,no,20.11,no,corr,None,None,None,None
1509,exp_acyclic_indvary1_step6_batch_yyy01.pl,y2,no,21.04,no,corr,None,None,None,None
1510,exp_acyclic_indvary1_step6_batch_yyy01.pl,x4,yes,1.16,yes,corr,None,None,None,None
1511,exp_acyclic_indvary1_step6_batch_yyy02.pl,y4,no,23.72,no,corr,None,None,None,None
1512,exp_acyclic_indvary1_step6_batch_yyy02.pl,e5,no,21.65,no,corr,None,None,None,None
1513,exp_acyclic_indvary1_step6_batch_yyy02.pl,v5,no,35.08,no,corr,None,None,None,None
1514,exp_acyclic_indvary1_step6_batch_yyy02.pl,b1,yes,1.2,yes,corr,None,None,None,None
1515,exp_acyclic_indvary1_step6_batch_yyy02.pl,f5,no,21.76,no,corr,None,None,None,None
1516,exp_acyclic_indvary1_step6_batch_yyy02.pl,f3,no,21.55,no,corr,None,None,None,None
1517,exp_acyclic_indvary1_step6_batch_yyy02.pl,b5,no,22.12,no,corr,None,None,None,None
1518,exp_acyclic_indvary1_step6_batch_yyy02.pl,e3,no,21.75,no,corr,None,None,None,None
1519,exp_acyclic_indvary1_step6_batch_yyy02.pl,x4,no,23.57,no,corr,None,None,None,None
1520,exp_acyclic_indvary1_step6_batch_yyy02.pl,f2,no,27.01,no,corr,None,None,None,None
1521,exp_acyclic_indvary1_step6_batch_yyy03.pl,v2,no,23.2,no,corr,None,None,None,None
1522,exp_acyclic_indvary1_step6_batch_yyy03.pl,p5,no,23.47,no,corr,None,None,None,None
1523,exp_acyclic_indvary1_step6_batch_yyy03.pl,a5,no,20.7,no,corr,None,None,None,None
1524,exp_acyclic_indvary1_step6_batch_yyy03.pl,r5,no,22.64,no,corr,None,None,None,None
1525,exp_acyclic_indvary1_step6_batch_yyy03.pl,v1,no,21.62,no,corr,None,None,None,None
1526,exp_acyclic_indvary1_step6_batch_yyy03.pl,r4,no,21.3,no,corr,None,None,None,None
1527,exp_acyclic_indvary1_step6_batch_yyy03.pl,z3,no,21.1,no,corr,None,None,None,None
1528,exp_acyclic_indvary1_step6_batch_yyy03.pl,x1,no,34.64,no,corr,None,None,None,None
1529,exp_acyclic_indvary1_step6_batch_yyy03.pl,e2,yes,0.37,yes,corr,None,None,None,None
1530,exp_acyclic_indvary1_step6_batch_yyy03.pl,p1,no,23.27,no,corr,None,None,None,None
1531,exp_acyclic_indvary1_step6_batch_yyy04.pl,s3,no,26.18,no,corr,None,None,None,None
1532,exp_acyclic_indvary1_step6_batch_yyy04.pl,b2,yes,0.38,yes,corr,None,None,None,None
1533,exp_acyclic_indvary1_step6_batch_yyy04.pl,e1,no,31.55,no,corr,None,None,None,None
1534,exp_acyclic_indvary1_step6_batch_yyy04.pl,p5,yes,1.08,yes,corr,None,None,None,None
1535,exp_acyclic_indvary1_step6_batch_yyy04.pl,a5,no,23.8,no,corr,None,None,None,None
1536,exp_acyclic_indvary1_step6_batch_yyy04.pl,x2,no,26.12,no,corr,None,None,None,None
1537,exp_acyclic_indvary1_step6_batch_yyy04.pl,v1,no,26.15,no,corr,None,None,None,None
1538,exp_acyclic_indvary1_step6_batch_yyy04.pl,a3,yes,0.49,yes,corr,None,None,None,None
1539,exp_acyclic_indvary1_step6_batch_yyy04.pl,d1,yes,0.32,yes,corr,None,None,None,None
1540,exp_acyclic_indvary1_step6_batch_yyy04.pl,u2,yes,0.45,yes,corr,None,None,None,None
1541,exp_acyclic_indvary1_step6_batch_yyy05.pl,a6,no,23.48,no,corr,None,None,None,None
1542,exp_acyclic_indvary1_step6_batch_yyy05.pl,p5,no,23.62,no,corr,None,None,None,None
1543,exp_acyclic_indvary1_step6_batch_yyy05.pl,z4,no,23.49,no,corr,None,None,None,None
1544,exp_acyclic_indvary1_step6_batch_yyy05.pl,z2,no,39.38,no,corr,None,None,None,None
1545,exp_acyclic_indvary1_step6_batch_yyy05.pl,r4,no,25.34,no,corr,None,None,None,None
1546,exp_acyclic_indvary1_step6_batch_yyy05.pl,t4,yes,0.79,yes,corr,None,None,None,None
1547,exp_acyclic_indvary1_step6_batch_yyy05.pl,s3,no,24.75,no,corr,None,None,None,None
1548,exp_acyclic_indvary1_step6_batch_yyy05.pl,c4,no,23.33,no,corr,None,None,None,None
1549,exp_acyclic_indvary1_step6_batch_yyy05.pl,f4,no,22.88,no,corr,None,None,None,None
1550,exp_acyclic_indvary1_step6_batch_yyy05.pl,z3,no,24.78,no,corr,None,None,None,None
1551,exp_acyclic_indvary1_step6_batch_yyy06.pl,t5,yes,0.34,yes,corr,None,None,None,None
1552,exp_acyclic_indvary1_step6_batch_yyy06.pl,w2,yes,0.4,yes,corr,None,None,None,None
1553,exp_acyclic_indvary1_step6_batch_yyy06.pl,t3,no,31.6,no,corr,None,None,None,None
1554,exp_acyclic_indvary1_step6_batch_yyy06.pl,e4,no,29.8,no,corr,None,None,None,None
1555,exp_acyclic_indvary1_step6_batch_yyy06.pl,v1,no,31.82,no,corr,None,None,None,None
1556,exp_acyclic_indvary1_step6_batch_yyy06.pl,b5,no,29.37,no,corr,None,None,None,None
1557,exp_acyclic_indvary1_step6_batch_yyy06.pl,v4,no,31.68,no,corr,None,None,None,None
1558,exp_acyclic_indvary1_step6_batch_yyy06.pl,e3,no,29.44,no,corr,None,None,None,None
1559,exp_acyclic_indvary1_step6_batch_yyy06.pl,d1,yes,0.38,yes,corr,None,None,None,None
1560,exp_acyclic_indvary1_step6_batch_yyy06.pl,u2,no,31.81,no,corr,None,None,None,None
1561,exp_acyclic_indvary1_step6_batch_yyy07.pl,t5,no,25.86,no,corr,None,None,None,None
1562,exp_acyclic_indvary1_step6_batch_yyy07.pl,x3,no,24.86,no,corr,None,None,None,None
1563,exp_acyclic_indvary1_step6_batch_yyy07.pl,f1,yes,0.36,yes,corr,None,None,None,None
1564,exp_acyclic_indvary1_step6_batch_yyy07.pl,z4,no,24.72,no,corr,None,None,None,None
1565,exp_acyclic_indvary1_step6_batch_yyy07.pl,u3,no,24.91,no,corr,None,None,None,None
1566,exp_acyclic_indvary1_step6_batch_yyy07.pl,r2,no,25.23,no,corr,None,None,None,None
1567,exp_acyclic_indvary1_step6_batch_yyy07.pl,t1,no,25.14,no,corr,None,None,None,None
1568,exp_acyclic_indvary1_step6_batch_yyy07.pl,y5,no,41.09,no,corr,None,None,None,None
1569,exp_acyclic_indvary1_step6_batch_yyy07.pl,a2,yes,0.67,yes,corr,None,None,None,None
1570,exp_acyclic_indvary1_step6_batch_yyy07.pl,w3,no,42.28,no,corr,None,None,None,None
1571,exp_acyclic_indvary1_step6_batch_yyy08.pl,w5,yes,1.41,yes,corr,None,None,None,None
1572,exp_acyclic_indvary1_step6_batch_yyy08.pl,q5,yes,0.55,yes,corr,None,None,None,None
1573,exp_acyclic_indvary1_step6_batch_yyy08.pl,z4,no,24.63,no,corr,None,None,None,None
1574,exp_acyclic_indvary1_step6_batch_yyy08.pl,p3,yes,0.39,yes,corr,None,None,None,None
1575,exp_acyclic_indvary1_step6_batch_yyy08.pl,b5,no,22.62,no,corr,None,None,None,None
1576,exp_acyclic_indvary1_step6_batch_yyy08.pl,q2,yes,0.25,yes,corr,None,None,None,None
1577,exp_acyclic_indvary1_step6_batch_yyy08.pl,s4,no,24.74,no,corr,None,None,None,None
1578,exp_acyclic_indvary1_step6_batch_yyy08.pl,b3,yes,0.33,yes,corr,None,None,None,None
1579,exp_acyclic_indvary1_step6_batch_yyy08.pl,u3,no,24.02,no,corr,None,None,None,None
1580,exp_acyclic_indvary1_step6_batch_yyy08.pl,r4,no,34.39,no,corr,None,None,None,None
1581,exp_acyclic_indvary1_step6_batch_yyy09.pl,s4,yes,0.62,yes,corr,None,None,None,None
1582,exp_acyclic_indvary1_step6_batch_yyy09.pl,p4,no,30.92,no,corr,None,None,None,None
1583,exp_acyclic_indvary1_step6_batch_yyy09.pl,a4,no,28.44,no,corr,None,None,None,None
1584,exp_acyclic_indvary1_step6_batch_yyy09.pl,v1,yes,0.54,yes,corr,None,None,None,None
1585,exp_acyclic_indvary1_step6_batch_yyy09.pl,t2,no,28.13,no,corr,None,None,None,None
1586,exp_acyclic_indvary1_step6_batch_yyy09.pl,q2,no,30.17,no,corr,None,None,None,None
1587,exp_acyclic_indvary1_step6_batch_yyy09.pl,y1,no,43.85,no,corr,None,None,None,None
1588,exp_acyclic_indvary1_step6_batch_yyy09.pl,r1,no,30.24,no,corr,None,None,None,None
1589,exp_acyclic_indvary1_step6_batch_yyy09.pl,d1,yes,0.26,yes,corr,None,None,None,None
1590,exp_acyclic_indvary1_step6_batch_yyy09.pl,u2,no,30.79,no,corr,None,None,None,None
1591,exp_acyclic_indvary1_step6_batch_yyy10.pl,d5,no,26.55,no,corr,None,None,None,None
1592,exp_acyclic_indvary1_step6_batch_yyy10.pl,v5,yes,0.52,yes,corr,None,None,None,None
1593,exp_acyclic_indvary1_step6_batch_yyy10.pl,p3,no,28.75,no,corr,None,None,None,None
1594,exp_acyclic_indvary1_step6_batch_yyy10.pl,z2,no,29.57,no,corr,None,None,None,None
1595,exp_acyclic_indvary1_step6_batch_yyy10.pl,r3,no,29.67,no,corr,None,None,None,None
1596,exp_acyclic_indvary1_step6_batch_yyy10.pl,y5,no,30.07,no,corr,None,None,None,None
1597,exp_acyclic_indvary1_step6_batch_yyy10.pl,a2,yes,0.4,yes,corr,None,None,None,None
1598,exp_acyclic_indvary1_step6_batch_yyy10.pl,u3,no,29.94,no,corr,None,None,None,None
1599,exp_acyclic_indvary1_step6_batch_yyy10.pl,v4,no,29.89,no,corr,None,None,None,None
1600,exp_acyclic_indvary1_step6_batch_yyy10.pl,r4,yes,0.52,yes,corr,None,None,None,None
1601,exp_acyclic_indvary1_step7_batch_yyy01.pl,c4,no,19.79,no,corr,None,None,None,None
1602,exp_acyclic_indvary1_step7_batch_yyy01.pl,u1,no,22.18,no,corr,None,None,None,None
1603,exp_acyclic_indvary1_step7_batch_yyy01.pl,a5,no,20.35,no,corr,None,None,None,None
1604,exp_acyclic_indvary1_step7_batch_yyy01.pl,q4,no,22.72,no,corr,None,None,None,None
1605,exp_acyclic_indvary1_step7_batch_yyy01.pl,w4,no,33.83,no,corr,None,None,None,None
1606,exp_acyclic_indvary1_step7_batch_yyy01.pl,b5,no,20.64,no,corr,None,None,None,None
1607,exp_acyclic_indvary1_step7_batch_yyy01.pl,p2,no,22.02,no,corr,None,None,None,None
1608,exp_acyclic_indvary1_step7_batch_yyy01.pl,p1,no,22.13,no,corr,None,None,None,None
1609,exp_acyclic_indvary1_step7_batch_yyy01.pl,a2,yes,0.2,yes,corr,None,None,None,None
1610,exp_acyclic_indvary1_step7_batch_yyy01.pl,f2,no,27.24,no,corr,None,None,None,None
1611,exp_acyclic_indvary1_step7_batch_yyy02.pl,u6,no,27.01,no,corr,None,None,None,None
1612,exp_acyclic_indvary1_step7_batch_yyy02.pl,d4,no,24.82,no,corr,None,None,None,None
1613,exp_acyclic_indvary1_step7_batch_yyy02.pl,u1,no,26.93,no,corr,None,None,None,None
1614,exp_acyclic_indvary1_step7_batch_yyy02.pl,p1,no,40.29,no,corr,None,None,None,None
1615,exp_acyclic_indvary1_step7_batch_yyy02.pl,x4,no,26.47,no,corr,None,None,None,None
1616,exp_acyclic_indvary1_step7_batch_yyy02.pl,p6,no,26.42,no,corr,None,None,None,None
1617,exp_acyclic_indvary1_step7_batch_yyy02.pl,a6,no,24.55,no,corr,None,None,None,None
1618,exp_acyclic_indvary1_step7_batch_yyy02.pl,s4,no,26.98,no,corr,None,None,None,None
1619,exp_acyclic_indvary1_step7_batch_yyy02.pl,w4,no,26.76,no,corr,None,None,None,None
1620,exp_acyclic_indvary1_step7_batch_yyy02.pl,f3,no,24.42,no,corr,None,None,None,None
1621,exp_acyclic_indvary1_step7_batch_yyy03.pl,t4,no,29.89,no,corr,None,None,None,None
1622,exp_acyclic_indvary1_step7_batch_yyy03.pl,p5,no,29.35,no,corr,None,None,None,None
1623,exp_acyclic_indvary1_step7_batch_yyy03.pl,w6,no,38.79,no,corr,None,None,None,None
1624,exp_acyclic_indvary1_step7_batch_yyy03.pl,s6,no,40.89,no,corr,None,None,None,None
1625,exp_acyclic_indvary1_step7_batch_yyy03.pl,r1,no,28.79,no,corr,None,None,None,None
1626,exp_acyclic_indvary1_step7_batch_yyy03.pl,v3,yes,0.32,yes,corr,None,None,None,None
1627,exp_acyclic_indvary1_step7_batch_yyy03.pl,z5,no,29.33,no,corr,None,None,None,None
1628,exp_acyclic_indvary1_step7_batch_yyy03.pl,v2,no,26.65,no,corr,None,None,None,None
1629,exp_acyclic_indvary1_step7_batch_yyy03.pl,t6,no,28.64,no,corr,None,None,None,None
1630,exp_acyclic_indvary1_step7_batch_yyy03.pl,a5,no,26.88,no,corr,None,None,None,None
1631,exp_acyclic_indvary1_step7_batch_yyy04.pl,d4,no,23.31,no,corr,None,None,None,None
1632,exp_acyclic_indvary1_step7_batch_yyy04.pl,f1,yes,0.62,yes,corr,None,None,None,None
1633,exp_acyclic_indvary1_step7_batch_yyy04.pl,w5,no,25.69,no,corr,None,None,None,None
1634,exp_acyclic_indvary1_step7_batch_yyy04.pl,z1,no,26.22,no,corr,None,None,None,None
1635,exp_acyclic_indvary1_step7_batch_yyy04.pl,x2,no,26.5,no,corr,None,None,None,None
1636,exp_acyclic_indvary1_step7_batch_yyy04.pl,f3,no,24.09,no,corr,None,None,None,None
1637,exp_acyclic_indvary1_step7_batch_yyy04.pl,r1,no,26.11,no,corr,None,None,None,None
1638,exp_acyclic_indvary1_step7_batch_yyy04.pl,a3,no,36.46,no,corr,None,None,None,None
1639,exp_acyclic_indvary1_step7_batch_yyy04.pl,b6,no,24.06,no,corr,None,None,None,None
1640,exp_acyclic_indvary1_step7_batch_yyy04.pl,p6,yes,0.53,yes,corr,None,None,None,None
1641,exp_acyclic_indvary1_step7_batch_yyy05.pl,d4,no,30.08,no,corr,None,None,None,None
1642,exp_acyclic_indvary1_step7_batch_yyy05.pl,y3,no,32.47,no,corr,None,None,None,None
1643,exp_acyclic_indvary1_step7_batch_yyy05.pl,s6,no,32.71,no,corr,None,None,None,None
1644,exp_acyclic_indvary1_step7_batch_yyy05.pl,u3,no,32.98,no,corr,None,None,None,None
1645,exp_acyclic_indvary1_step7_batch_yyy05.pl,f4,no,30.5,no,corr,None,None,None,None
1646,exp_acyclic_indvary1_step7_batch_yyy05.pl,e2,no,39.74,no,corr,None,None,None,None
1647,exp_acyclic_indvary1_step7_batch_yyy05.pl,w3,no,32.78,no,corr,None,None,None,None
1648,exp_acyclic_indvary1_step7_batch_yyy05.pl,q2,no,33.2,no,corr,None,None,None,None
1649,exp_acyclic_indvary1_step7_batch_yyy05.pl,c5,no,30.41,no,corr,None,None,None,None
1650,exp_acyclic_indvary1_step7_batch_yyy05.pl,a5,no,31.03,no,corr,None,None,None,None
1651,exp_acyclic_indvary1_step7_batch_yyy06.pl,d5,no,30.15,no,corr,None,None,None,None
1652,exp_acyclic_indvary1_step7_batch_yyy06.pl,t4,no,29.39,no,corr,None,None,None,None
1653,exp_acyclic_indvary1_step7_batch_yyy06.pl,e1,no,38.35,no,corr,None,None,None,None
1654,exp_acyclic_indvary1_step7_batch_yyy06.pl,x3,no,31.2,no,corr,None,None,None,None
1655,exp_acyclic_indvary1_step7_batch_yyy06.pl,u4,no,28.62,no,corr,None,None,None,None
1656,exp_acyclic_indvary1_step7_batch_yyy06.pl,r1,no,28.0,no,corr,None,None,None,None
1657,exp_acyclic_indvary1_step7_batch_yyy06.pl,b6,no,28.15,no,corr,None,None,None,None
1658,exp_acyclic_indvary1_step7_batch_yyy06.pl,v3,yes,0.71,yes,corr,None,None,None,None
1659,exp_acyclic_indvary1_step7_batch_yyy06.pl,y6,no,28.58,no,corr,None,None,None,None
1660,exp_acyclic_indvary1_step7_batch_yyy06.pl,x4,no,30.21,no,corr,None,None,None,None
1661,exp_acyclic_indvary1_step7_batch_yyy07.pl,p4,no,23.32,no,corr,None,None,None,None
1662,exp_acyclic_indvary1_step7_batch_yyy07.pl,z1,no,23.77,no,corr,None,None,None,None
1663,exp_acyclic_indvary1_step7_batch_yyy07.pl,z4,yes,0.44,yes,corr,None,None,None,None
1664,exp_acyclic_indvary1_step7_batch_yyy07.pl,p2,no,25.79,no,corr,None,None,None,None
1665,exp_acyclic_indvary1_step7_batch_yyy07.pl,y2,no,23.57,no,corr,None,None,None,None
1666,exp_acyclic_indvary1_step7_batch_yyy07.pl,b5,no,23.53,no,corr,None,None,None,None
1667,exp_acyclic_indvary1_step7_batch_yyy07.pl,z2,no,23.69,no,corr,None,None,None,None
1668,exp_acyclic_indvary1_step7_batch_yyy07.pl,s6,no,25.64,no,corr,None,None,None,None
1669,exp_acyclic_indvary1_step7_batch_yyy07.pl,v4,no,25.65,no,corr,None,None,None,None
1670,exp_acyclic_indvary1_step7_batch_yyy07.pl,r4,no,25.43,no,corr,None,None,None,None
1671,exp_acyclic_indvary1_step7_batch_yyy08.pl,c4,no,23.88,no,corr,None,None,None,None
1672,exp_acyclic_indvary1_step7_batch_yyy08.pl,y4,no,25.99,no,corr,None,None,None,None
1673,exp_acyclic_indvary1_step7_batch_yyy08.pl,w5,no,26.14,no,corr,None,None,None,None
1674,exp_acyclic_indvary1_step7_batch_yyy08.pl,q5,no,26.0,no,corr,None,None,None,None
1675,exp_acyclic_indvary1_step7_batch_yyy08.pl,a5,no,24.23,no,corr,None,None,None,None
1676,exp_acyclic_indvary1_step7_batch_yyy08.pl,p3,no,26.18,no,corr,None,None,None,None
1677,exp_acyclic_indvary1_step7_batch_yyy08.pl,c1,no,29.85,no,corr,None,None,None,None
1678,exp_acyclic_indvary1_step7_batch_yyy08.pl,a3,yes,0.36,yes,corr,None,None,None,None
1679,exp_acyclic_indvary1_step7_batch_yyy08.pl,y5,no,26.57,no,corr,None,None,None,None
1680,exp_acyclic_indvary1_step7_batch_yyy08.pl,y6,no,38.94,no,corr,None,None,None,None
1681,exp_acyclic_indvary1_step7_batch_yyy09.pl,e1,no,41.27,no,corr,None,None,None,None
1682,exp_acyclic_indvary1_step7_batch_yyy09.pl,p2,no,27.88,no,corr,None,None,None,None
1683,exp_acyclic_indvary1_step7_batch_yyy09.pl,a1,yes,0.29,yes,corr,None,None,None,None
1684,exp_acyclic_indvary1_step7_batch_yyy09.pl,q2,yes,0.38,yes,corr,None,None,None,None
1685,exp_acyclic_indvary1_step7_batch_yyy09.pl,s2,no,29.41,no,corr,None,None,None,None
1686,exp_acyclic_indvary1_step7_batch_yyy09.pl,z1,no,23.63,no,corr,None,None,None,None
1687,exp_acyclic_indvary1_step7_batch_yyy09.pl,f4,no,19.74,no,corr,None,None,None,None
1688,exp_acyclic_indvary1_step7_batch_yyy09.pl,a3,yes,0.45,yes,corr,None,None,None,None
1689,exp_acyclic_indvary1_step7_batch_yyy09.pl,r3,yes,0.42,yes,corr,None,None,None,None
1690,exp_acyclic_indvary1_step7_batch_yyy09.pl,t1,no,20.84,no,corr,None,None,None,None
1691,exp_acyclic_indvary1_step7_batch_yyy10.pl,e5,no,18.23,no,corr,None,None,None,None
1692,exp_acyclic_indvary1_step7_batch_yyy10.pl,c2,yes,0.39,yes,corr,None,None,None,None
1693,exp_acyclic_indvary1_step7_batch_yyy10.pl,v1,no,20.04,no,corr,None,None,None,None
1694,exp_acyclic_indvary1_step7_batch_yyy10.pl,r2,no,20.27,no,corr,None,None,None,None
1695,exp_acyclic_indvary1_step7_batch_yyy10.pl,y5,no,19.9,no,corr,None,None,None,None
1696,exp_acyclic_indvary1_step7_batch_yyy10.pl,q2,no,28.38,no,corr,None,None,None,None
1697,exp_acyclic_indvary1_step7_batch_yyy10.pl,a4,no,18.7,no,corr,None,None,None,None
1698,exp_acyclic_indvary1_step7_batch_yyy10.pl,f5,no,18.25,no,corr,None,None,None,None
1699,exp_acyclic_indvary1_step7_batch_yyy10.pl,y1,yes,0.18,yes,corr,None,None,None,None
1700,exp_acyclic_indvary1_step7_batch_yyy10.pl,s1,no,18.18,no,corr,None,None,None,None
1701,exp_acyclic_indvary1_step8_batch_yyy01.pl,u5,no,14.45,no,corr,None,None,None,None
1702,exp_acyclic_indvary1_step8_batch_yyy01.pl,b3,yes,0.22,yes,corr,None,None,None,None
1703,exp_acyclic_indvary1_step8_batch_yyy01.pl,z2,no,14.1,no,corr,None,None,None,None
1704,exp_acyclic_indvary1_step8_batch_yyy01.pl,y6,no,14.74,no,corr,None,None,None,None
1705,exp_acyclic_indvary1_step8_batch_yyy01.pl,a2,yes,0.23,yes,corr,None,None,None,None
1706,exp_acyclic_indvary1_step8_batch_yyy01.pl,z1,yes,0.31,yes,corr,None,None,None,None
1707,exp_acyclic_indvary1_step8_batch_yyy01.pl,t6,no,14.8,no,corr,None,None,None,None
1708,exp_acyclic_indvary1_step8_batch_yyy01.pl,d1,yes,0.27,yes,corr,None,None,None,None
1709,exp_acyclic_indvary1_step8_batch_yyy01.pl,u2,no,15.07,no,corr,None,None,None,None
1710,exp_acyclic_indvary1_step8_batch_yyy01.pl,t1,no,15.4,no,corr,None,None,None,None
1711,exp_acyclic_indvary1_step8_batch_yyy02.pl,t4,yes,0.37,yes,corr,None,None,None,None
1712,exp_acyclic_indvary1_step8_batch_yyy02.pl,z5,yes,0.28,yes,corr,None,None,None,None
1713,exp_acyclic_indvary1_step8_batch_yyy02.pl,w2,no,14.66,no,corr,None,None,None,None
1714,exp_acyclic_indvary1_step8_batch_yyy02.pl,s2,yes,0.63,yes,corr,None,None,None,None
1715,exp_acyclic_indvary1_step8_batch_yyy02.pl,v4,yes,0.28,yes,corr,None,None,None,None
1716,exp_acyclic_indvary1_step8_batch_yyy02.pl,z3,no,14.85,no,corr,None,None,None,None
1717,exp_acyclic_indvary1_step8_batch_yyy02.pl,q1,no,13.53,no,corr,None,None,None,None
1718,exp_acyclic_indvary1_step8_batch_yyy02.pl,f2,no,20.81,no,corr,None,None,None,None
1719,exp_acyclic_indvary1_step8_batch_yyy02.pl,s4,no,15.09,no,corr,None,None,None,None
1720,exp_acyclic_indvary1_step8_batch_yyy02.pl,y4,no,14.18,no,corr,None,None,None,None
1721,exp_acyclic_indvary1_step8_batch_yyy03.pl,x7,no,14.59,no,corr,None,None,None,None
1722,exp_acyclic_indvary1_step8_batch_yyy03.pl,a4,no,14.52,no,corr,None,None,None,None
1723,exp_acyclic_indvary1_step8_batch_yyy03.pl,w1,yes,0.18,yes,corr,None,None,None,None
1724,exp_acyclic_indvary1_step8_batch_yyy03.pl,u3,yes,0.25,yes,corr,None,None,None,None
1725,exp_acyclic_indvary1_step8_batch_yyy03.pl,r1,no,16.49,no,corr,None,None,None,None
1726,exp_acyclic_indvary1_step8_batch_yyy03.pl,x4,no,16.02,no,corr,None,None,None,None
1727,exp_acyclic_indvary1_step8_batch_yyy03.pl,f2,yes,0.26,yes,corr,None,None,None,None
1728,exp_acyclic_indvary1_step8_batch_yyy03.pl,c1,yes,0.21,yes,corr,None,None,None,None
1729,exp_acyclic_indvary1_step8_batch_yyy03.pl,s6,no,16.7,no,corr,None,None,None,None
1730,exp_acyclic_indvary1_step8_batch_yyy03.pl,b5,no,14.98,no,corr,None,None,None,None
1731,exp_acyclic_indvary1_step8_batch_yyy04.pl,t5,no,17.22,no,corr,None,None,None,None
1732,exp_acyclic_indvary1_step8_batch_yyy04.pl,f1,yes,0.18,yes,corr,None,None,None,None
1733,exp_acyclic_indvary1_step8_batch_yyy04.pl,t3,no,15.86,no,corr,None,None,None,None
1734,exp_acyclic_indvary1_step8_batch_yyy04.pl,s2,no,17.89,no,corr,None,None,None,None
1735,exp_acyclic_indvary1_step8_batch_yyy04.pl,c6,no,16.06,no,corr,None,None,None,None
1736,exp_acyclic_indvary1_step8_batch_yyy04.pl,y6,no,15.97,no,corr,None,None,None,None
1737,exp_acyclic_indvary1_step8_batch_yyy04.pl,v2,no,25.09,no,corr,None,None,None,None
1738,exp_acyclic_indvary1_step8_batch_yyy04.pl,q6,yes,0.28,yes,corr,None,None,None,None
1739,exp_acyclic_indvary1_step8_batch_yyy04.pl,a4,no,16.1,no,corr,None,None,None,None
1740,exp_acyclic_indvary1_step8_batch_yyy04.pl,w6,no,17.31,no,corr,None,None,None,None
1741,exp_acyclic_indvary1_step8_batch_yyy05.pl,u5,no,15.5,no,corr,None,None,None,None
1742,exp_acyclic_indvary1_step8_batch_yyy05.pl,x2,no,15.75,no,corr,None,None,None,None
1743,exp_acyclic_indvary1_step8_batch_yyy05.pl,x1,no,16.86,no,corr,None,None,None,None
1744,exp_acyclic_indvary1_step8_batch_yyy05.pl,r2,no,16.91,no,corr,None,None,None,None
1745,exp_acyclic_indvary1_step8_batch_yyy05.pl,s4,no,16.91,no,corr,None,None,None,None
1746,exp_acyclic_indvary1_step8_batch_yyy05.pl,w7,yes,0.38,yes,corr,None,None,None,None
1747,exp_acyclic_indvary1_step8_batch_yyy05.pl,z4,no,17.16,no,corr,None,None,None,None
1748,exp_acyclic_indvary1_step8_batch_yyy05.pl,r5,no,15.27,no,corr,None,None,None,None
1749,exp_acyclic_indvary1_step8_batch_yyy05.pl,t7,no,16.84,no,corr,None,None,None,None
1750,exp_acyclic_indvary1_step8_batch_yyy05.pl,c6,no,16.09,no,corr,None,None,None,None
1751,exp_acyclic_indvary1_step8_batch_yyy06.pl,c3,yes,0.42,yes,corr,None,None,None,None
1752,exp_acyclic_indvary1_step8_batch_yyy06.pl,v6,no,14.19,no,corr,None,None,None,None
1753,exp_acyclic_indvary1_step8_batch_yyy06.pl,w5,no,13.75,no,corr,None,None,None,None
1754,exp_acyclic_indvary1_step8_batch_yyy06.pl,x2,yes,0.34,yes,corr,None,None,None,None
1755,exp_acyclic_indvary1_step8_batch_yyy06.pl,x6,no,15.22,no,corr,None,None,None,None
1756,exp_acyclic_indvary1_step8_batch_yyy06.pl,v3,no,14.05,no,corr,None,None,None,None
1757,exp_acyclic_indvary1_step8_batch_yyy06.pl,d1,no,17.76,no,corr,None,None,None,None
1758,exp_acyclic_indvary1_step8_batch_yyy06.pl,q7,no,15.66,no,corr,None,None,None,None
1759,exp_acyclic_indvary1_step8_batch_yyy06.pl,z5,no,13.65,no,corr,None,None,None,None
1760,exp_acyclic_indvary1_step8_batch_yyy06.pl,v2,no,14.91,no,corr,None,None,None,None
1761,exp_acyclic_indvary1_step8_batch_yyy07.pl,p5,no,17.66,no,corr,None,None,None,None
1762,exp_acyclic_indvary1_step8_batch_yyy07.pl,r6,yes,0.34,yes,corr,None,None,None,None
1763,exp_acyclic_indvary1_step8_batch_yyy07.pl,s2,yes,0.24,yes,corr,None,None,None,None
1764,exp_acyclic_indvary1_step8_batch_yyy07.pl,v1,no,15.53,no,corr,None,None,None,None
1765,exp_acyclic_indvary1_step8_batch_yyy07.pl,f3,no,15.57,no,corr,None,None,None,None
1766,exp_acyclic_indvary1_step8_batch_yyy07.pl,e3,no,16.1,no,corr,None,None,None,None
1767,exp_acyclic_indvary1_step8_batch_yyy07.pl,q7,no,17.65,no,corr,None,None,None,None
1768,exp_acyclic_indvary1_step8_batch_yyy07.pl,f2,yes,0.49,yes,corr,None,None,None,None
1769,exp_acyclic_indvary1_step8_batch_yyy07.pl,c3,yes,0.33,yes,corr,None,None,None,None
1770,exp_acyclic_indvary1_step8_batch_yyy07.pl,c4,no,16.19,no,corr,None,None,None,None
1771,exp_acyclic_indvary1_step8_batch_yyy08.pl,e5,no,16.99,no,corr,None,None,None,None
1772,exp_acyclic_indvary1_step8_batch_yyy08.pl,u4,no,18.51,no,corr,None,None,None,None
1773,exp_acyclic_indvary1_step8_batch_yyy08.pl,w5,no,18.32,no,corr,None,None,None,None
1774,exp_acyclic_indvary1_step8_batch_yyy08.pl,c2,yes,0.29,yes,corr,None,None,None,None
1775,exp_acyclic_indvary1_step8_batch_yyy08.pl,q4,no,16.64,no,corr,None,None,None,None
1776,exp_acyclic_indvary1_step8_batch_yyy08.pl,f5,no,16.84,no,corr,None,None,None,None
1777,exp_acyclic_indvary1_step8_batch_yyy08.pl,r4,yes,0.51,yes,corr,None,None,None,None
1778,exp_acyclic_indvary1_step8_batch_yyy08.pl,z3,no,17.99,no,corr,None,None,None,None
1779,exp_acyclic_indvary1_step8_batch_yyy08.pl,y2,no,25.51,no,corr,None,None,None,None
1780,exp_acyclic_indvary1_step8_batch_yyy08.pl,q1,no,18.17,no,corr,None,None,None,None
1781,exp_acyclic_indvary1_step8_batch_yyy09.pl,c4,no,17.46,no,corr,None,None,None,None
1782,exp_acyclic_indvary1_step8_batch_yyy09.pl,s4,no,18.91,no,corr,None,None,None,None
1783,exp_acyclic_indvary1_step8_batch_yyy09.pl,e1,yes,0.18,yes,corr,None,None,None,None
1784,exp_acyclic_indvary1_step8_batch_yyy09.pl,e5,no,17.47,no,corr,None,None,None,None
1785,exp_acyclic_indvary1_step8_batch_yyy09.pl,d3,no,17.38,no,corr,None,None,None,None
1786,exp_acyclic_indvary1_step8_batch_yyy09.pl,a4,no,17.41,no,corr,None,None,None,None
1787,exp_acyclic_indvary1_step8_batch_yyy09.pl,x5,no,18.47,no,corr,None,None,None,None
1788,exp_acyclic_indvary1_step8_batch_yyy09.pl,w3,no,18.41,no,corr,None,None,None,None
1789,exp_acyclic_indvary1_step8_batch_yyy09.pl,s2,no,19.04,no,corr,None,None,None,None
1790,exp_acyclic_indvary1_step8_batch_yyy09.pl,z1,no,27.82,no,corr,None,None,None,None
1791,exp_acyclic_indvary1_step8_batch_yyy10.pl,p4,no,22.77,no,corr,None,None,None,None
1792,exp_acyclic_indvary1_step8_batch_yyy10.pl,b4,no,22.66,no,corr,None,None,None,None
1793,exp_acyclic_indvary1_step8_batch_yyy10.pl,c5,no,22.22,no,corr,None,None,None,None
1794,exp_acyclic_indvary1_step8_batch_yyy10.pl,t2,no,34.99,no,corr,None,None,None,None
1795,exp_acyclic_indvary1_step8_batch_yyy10.pl,u3,yes,0.8,yes,corr,None,None,None,None
1796,exp_acyclic_indvary1_step8_batch_yyy10.pl,r7,no,24.54,no,corr,None,None,None,None
1797,exp_acyclic_indvary1_step8_batch_yyy10.pl,q7,no,25.23,no,corr,None,None,None,None
1798,exp_acyclic_indvary1_step8_batch_yyy10.pl,a2,yes,0.38,yes,corr,None,None,None,None
1799,exp_acyclic_indvary1_step8_batch_yyy10.pl,u5,no,22.54,no,corr,None,None,None,None
1800,exp_acyclic_indvary1_step8_batch_yyy10.pl,d5,no,22.64,no,corr,None,None,None,None
1801,exp_acyclic_indvary2_step1_batch_yyy01.pl,d5,no,22.4,no,corr,None,None,None,None
1802,exp_acyclic_indvary2_step1_batch_yyy01.pl,c4,no,21.9,no,corr,None,None,None,None
1803,exp_acyclic_indvary2_step1_batch_yyy01.pl,t3,no,22.22,no,corr,None,None,None,None
1804,exp_acyclic_indvary2_step1_batch_yyy01.pl,t6,no,22.33,no,corr,None,None,None,None
1805,exp_acyclic_indvary2_step1_batch_yyy01.pl,p1,yes,0.5,yes,corr,None,None,None,None
1806,exp_acyclic_indvary2_step1_batch_yyy01.pl,x4,no,22.36,no,corr,None,None,None,None
1807,exp_acyclic_indvary2_step1_batch_yyy01.pl,p4,no,21.91,no,corr,None,None,None,None
1808,exp_acyclic_indvary2_step1_batch_yyy01.pl,x3,no,22.38,no,corr,None,None,None,None
1809,exp_acyclic_indvary2_step1_batch_yyy01.pl,t2,yes,0.58,yes,corr,None,None,None,None
1810,exp_acyclic_indvary2_step1_batch_yyy01.pl,b5,no,21.84,no,corr,None,None,None,None
1811,exp_acyclic_indvary2_step1_batch_yyy02.pl,d5,no,16.97,no,corr,None,None,None,None
1812,exp_acyclic_indvary2_step1_batch_yyy02.pl,s3,no,16.98,no,corr,None,None,None,None
1813,exp_acyclic_indvary2_step1_batch_yyy02.pl,b3,no,22.3,no,corr,None,None,None,None
1814,exp_acyclic_indvary2_step1_batch_yyy02.pl,p5,no,16.7,no,corr,None,None,None,None
1815,exp_acyclic_indvary2_step1_batch_yyy02.pl,x7,no,16.82,no,corr,None,None,None,None
1816,exp_acyclic_indvary2_step1_batch_yyy02.pl,r4,no,16.63,no,corr,None,None,None,None
1817,exp_acyclic_indvary2_step1_batch_yyy02.pl,z3,no,16.69,no,corr,None,None,None,None
1818,exp_acyclic_indvary2_step1_batch_yyy02.pl,w3,no,16.6,no,corr,None,None,None,None
1819,exp_acyclic_indvary2_step1_batch_yyy02.pl,u2,yes,0.3,yes,corr,None,None,None,None
1820,exp_acyclic_indvary2_step1_batch_yyy02.pl,t1,yes,1.06,yes,corr,None,None,None,None
1821,exp_acyclic_indvary2_step1_batch_yyy03.pl,u6,no,24.79,no,corr,None,None,None,None
1822,exp_acyclic_indvary2_step1_batch_yyy03.pl,t5,no,24.6,no,corr,None,None,None,None
1823,exp_acyclic_indvary2_step1_batch_yyy03.pl,y4,no,24.55,no,corr,None,None,None,None
1824,exp_acyclic_indvary2_step1_batch_yyy03.pl,s5,no,24.47,no,corr,None,None,None,None
1825,exp_acyclic_indvary2_step1_batch_yyy03.pl,c5,no,24.81,no,corr,None,None,None,None
1826,exp_acyclic_indvary2_step1_batch_yyy03.pl,e4,no,25.0,no,corr,None,None,None,None
1827,exp_acyclic_indvary2_step1_batch_yyy03.pl,v4,no,24.88,no,corr,None,None,None,None
1828,exp_acyclic_indvary2_step1_batch_yyy03.pl,v6,no,23.75,no,corr,None,None,None,None
1829,exp_acyclic_indvary2_step1_batch_yyy03.pl,u1,no,26.97,no,corr,None,None,None,None
1830,exp_acyclic_indvary2_step1_batch_yyy03.pl,f1,yes,0.42,yes,corr,None,None,None,None
1831,exp_acyclic_indvary2_step1_batch_yyy04.pl,c3,no,32.75,no,corr,None,None,None,None
1832,exp_acyclic_indvary2_step1_batch_yyy04.pl,q6,no,21.21,no,corr,None,None,None,None
1833,exp_acyclic_indvary2_step1_batch_yyy04.pl,x3,no,20.75,no,corr,None,None,None,None
1834,exp_acyclic_indvary2_step1_batch_yyy04.pl,c5,no,20.89,no,corr,None,None,None,None
1835,exp_acyclic_indvary2_step1_batch_yyy04.pl,q4,no,20.85,no,corr,None,None,None,None
1836,exp_acyclic_indvary2_step1_batch_yyy04.pl,v4,no,21.24,no,corr,None,None,None,None
1837,exp_acyclic_indvary2_step1_batch_yyy04.pl,y2,no,23.3,no,corr,None,None,None,None
1838,exp_acyclic_indvary2_step1_batch_yyy04.pl,r7,no,21.14,no,corr,None,None,None,None
1839,exp_acyclic_indvary2_step1_batch_yyy04.pl,q7,no,21.3,no,corr,None,None,None,None
1840,exp_acyclic_indvary2_step1_batch_yyy04.pl,x4,no,21.1,no,corr,None,None,None,None
1841,exp_acyclic_indvary2_step1_batch_yyy05.pl,s3,no,16.76,no,corr,None,None,None,None
1842,exp_acyclic_indvary2_step1_batch_yyy05.pl,y4,no,16.69,no,corr,None,None,None,None
1843,exp_acyclic_indvary2_step1_batch_yyy05.pl,v2,yes,0.38,yes,corr,None,None,None,None
1844,exp_acyclic_indvary2_step1_batch_yyy05.pl,u7,no,16.65,no,corr,None,None,None,None
1845,exp_acyclic_indvary2_step1_batch_yyy05.pl,x7,no,17.02,no,corr,None,None,None,None
1846,exp_acyclic_indvary2_step1_batch_yyy05.pl,x2,yes,0.38,yes,corr,None,None,None,None
1847,exp_acyclic_indvary2_step1_batch_yyy05.pl,r5,no,16.7,no,corr,None,None,None,None
1848,exp_acyclic_indvary2_step1_batch_yyy05.pl,a2,no,22.08,no,corr,None,None,None,None
1849,exp_acyclic_indvary2_step1_batch_yyy05.pl,s2,no,25.35,no,corr,None,None,None,None
1850,exp_acyclic_indvary2_step1_batch_yyy05.pl,b1,no,25.36,no,corr,None,None,None,None
1851,exp_acyclic_indvary2_step1_batch_yyy06.pl,q5,no,17.72,no,corr,None,None,None,None
1852,exp_acyclic_indvary2_step1_batch_yyy06.pl,c2,yes,0.64,yes,corr,None,None,None,None
1853,exp_acyclic_indvary2_step1_batch_yyy06.pl,y3,no,17.79,no,corr,None,None,None,None
1854,exp_acyclic_indvary2_step1_batch_yyy06.pl,t2,no,27.82,no,corr,None,None,None,None
1855,exp_acyclic_indvary2_step1_batch_yyy06.pl,u3,no,17.4,no,corr,None,None,None,None
1856,exp_acyclic_indvary2_step1_batch_yyy06.pl,s1,yes,0.25,yes,corr,None,None,None,None
1857,exp_acyclic_indvary2_step1_batch_yyy06.pl,z3,no,17.44,no,corr,None,None,None,None
1858,exp_acyclic_indvary2_step1_batch_yyy06.pl,r7,no,17.54,no,corr,None,None,None,None
1859,exp_acyclic_indvary2_step1_batch_yyy06.pl,y4,no,17.45,no,corr,None,None,None,None
1860,exp_acyclic_indvary2_step1_batch_yyy06.pl,v7,no,17.37,no,corr,None,None,None,None
1861,exp_acyclic_indvary2_step1_batch_yyy07.pl,d5,no,20.08,no,corr,None,None,None,None
1862,exp_acyclic_indvary2_step1_batch_yyy07.pl,a6,no,20.69,no,corr,None,None,None,None
1863,exp_acyclic_indvary2_step1_batch_yyy07.pl,e1,yes,0.19,yes,corr,None,None,None,None
1864,exp_acyclic_indvary2_step1_batch_yyy07.pl,c5,no,20.87,no,corr,None,None,None,None
1865,exp_acyclic_indvary2_step1_batch_yyy07.pl,y3,no,21.14,no,corr,None,None,None,None
1866,exp_acyclic_indvary2_step1_batch_yyy07.pl,w4,no,20.57,no,corr,None,None,None,None
1867,exp_acyclic_indvary2_step1_batch_yyy07.pl,q1,no,22.62,no,corr,None,None,None,None
1868,exp_acyclic_indvary2_step1_batch_yyy07.pl,w3,no,21.44,no,corr,None,None,None,None
1869,exp_acyclic_indvary2_step1_batch_yyy07.pl,c3,yes,0.84,yes,corr,None,None,None,None
1870,exp_acyclic_indvary2_step1_batch_yyy07.pl,t4,no,21.46,no,corr,None,None,None,None
1871,exp_acyclic_indvary2_step1_batch_yyy08.pl,w2,no,34.96,no,corr,None,None,None,None
1872,exp_acyclic_indvary2_step1_batch_yyy08.pl,s2,yes,0.31,yes,corr,None,None,None,None
1873,exp_acyclic_indvary2_step1_batch_yyy08.pl,y5,no,22.64,no,corr,None,None,None,None
1874,exp_acyclic_indvary2_step1_batch_yyy08.pl,a6,no,22.51,no,corr,None,None,None,None
1875,exp_acyclic_indvary2_step1_batch_yyy08.pl,b3,yes,0.67,yes,corr,None,None,None,None
1876,exp_acyclic_indvary2_step1_batch_yyy08.pl,y4,no,22.52,no,corr,None,None,None,None
1877,exp_acyclic_indvary2_step1_batch_yyy08.pl,z4,no,22.36,no,corr,None,None,None,None
1878,exp_acyclic_indvary2_step1_batch_yyy08.pl,r5,no,21.73,no,corr,None,None,None,None
1879,exp_acyclic_indvary2_step1_batch_yyy08.pl,r2,yes,0.22,yes,corr,None,None,None,None
1880,exp_acyclic_indvary2_step1_batch_yyy08.pl,a1,yes,0.29,yes,corr,None,None,None,None
1881,exp_acyclic_indvary2_step1_batch_yyy09.pl,z6,no,20.53,no,corr,None,None,None,None
1882,exp_acyclic_indvary2_step1_batch_yyy09.pl,t3,no,20.27,no,corr,None,None,None,None
1883,exp_acyclic_indvary2_step1_batch_yyy09.pl,u5,no,20.3,no,corr,None,None,None,None
1884,exp_acyclic_indvary2_step1_batch_yyy09.pl,d5,no,20.17,no,corr,None,None,None,None
1885,exp_acyclic_indvary2_step1_batch_yyy09.pl,w2,no,21.74,no,corr,None,None,None,None
1886,exp_acyclic_indvary2_step1_batch_yyy09.pl,e5,no,20.24,no,corr,None,None,None,None
1887,exp_acyclic_indvary2_step1_batch_yyy09.pl,b6,no,20.1,no,corr,None,None,None,None
1888,exp_acyclic_indvary2_step1_batch_yyy09.pl,a1,yes,0.38,yes,corr,None,None,None,None
1889,exp_acyclic_indvary2_step1_batch_yyy09.pl,u2,yes,0.3,yes,corr,None,None,None,None
1890,exp_acyclic_indvary2_step1_batch_yyy09.pl,q1,no,22.02,no,corr,None,None,None,None
1891,exp_acyclic_indvary2_step1_batch_yyy10.pl,w7,no,22.98,no,corr,None,None,None,None
1892,exp_acyclic_indvary2_step1_batch_yyy10.pl,f1,yes,0.57,yes,corr,None,None,None,None
1893,exp_acyclic_indvary2_step1_batch_yyy10.pl,d3,no,22.89,no,corr,None,None,None,None
1894,exp_acyclic_indvary2_step1_batch_yyy10.pl,u7,no,22.76,no,corr,None,None,None,None
1895,exp_acyclic_indvary2_step1_batch_yyy10.pl,x2,yes,0.51,yes,corr,None,None,None,None
1896,exp_acyclic_indvary2_step1_batch_yyy10.pl,u3,no,22.84,no,corr,None,None,None,None
1897,exp_acyclic_indvary2_step1_batch_yyy10.pl,r7,no,23.39,no,corr,None,None,None,None
1898,exp_acyclic_indvary2_step1_batch_yyy10.pl,y5,no,23.26,no,corr,None,None,None,None
1899,exp_acyclic_indvary2_step1_batch_yyy10.pl,c1,yes,0.34,yes,corr,None,None,None,None
1900,exp_acyclic_indvary2_step1_batch_yyy10.pl,z2,yes,0.33,yes,corr,None,None,None,None
1901,exp_acyclic_indvary2_step2_batch_yyy01.pl,u6,no,38.41,no,corr,None,None,None,None
1902,exp_acyclic_indvary2_step2_batch_yyy01.pl,t4,no,38.88,no,corr,None,None,None,None
1903,exp_acyclic_indvary2_step2_batch_yyy01.pl,b2,yes,0.2,yes,corr,None,None,None,None
1904,exp_acyclic_indvary2_step2_batch_yyy01.pl,y4,no,38.39,no,corr,None,None,None,None
1905,exp_acyclic_indvary2_step2_batch_yyy01.pl,p3,no,41.36,no,corr,None,None,None,None
1906,exp_acyclic_indvary2_step2_batch_yyy01.pl,f3,no,38.65,no,corr,None,None,None,None
1907,exp_acyclic_indvary2_step2_batch_yyy01.pl,u2,no,41.22,no,corr,None,None,None,None
1908,exp_acyclic_indvary2_step2_batch_yyy01.pl,r2,yes,0.47,yes,corr,None,None,None,None
1909,exp_acyclic_indvary2_step2_batch_yyy01.pl,r7,no,39.07,no,corr,None,None,None,None
1910,exp_acyclic_indvary2_step2_batch_yyy01.pl,a1,yes,0.78,yes,corr,None,None,None,None
1911,exp_acyclic_indvary2_step2_batch_yyy02.pl,v2,yes,0.44,yes,corr,None,None,None,None
1912,exp_acyclic_indvary2_step2_batch_yyy02.pl,x7,no,37.06,no,corr,None,None,None,None
1913,exp_acyclic_indvary2_step2_batch_yyy02.pl,z4,no,37.16,no,corr,None,None,None,None
1914,exp_acyclic_indvary2_step2_batch_yyy02.pl,q1,yes,0.37,yes,corr,None,None,None,None
1915,exp_acyclic_indvary2_step2_batch_yyy02.pl,p4,no,36.85,no,corr,None,None,None,None
1916,exp_acyclic_indvary2_step2_batch_yyy02.pl,x3,no,37.39,no,corr,None,None,None,None
1917,exp_acyclic_indvary2_step2_batch_yyy02.pl,v6,no,37.2,no,corr,None,None,None,None
1918,exp_acyclic_indvary2_step2_batch_yyy02.pl,f1,no,45.59,no,corr,None,None,None,None
1919,exp_acyclic_indvary2_step2_batch_yyy02.pl,x4,no,36.98,no,corr,None,None,None,None
1920,exp_acyclic_indvary2_step2_batch_yyy02.pl,w3,no,37.47,no,corr,None,None,None,None
1921,exp_acyclic_indvary2_step2_batch_yyy03.pl,d5,no,42.54,no,corr,None,None,None,None
1922,exp_acyclic_indvary2_step2_batch_yyy03.pl,y4,no,42.37,no,corr,None,None,None,None
1923,exp_acyclic_indvary2_step2_batch_yyy03.pl,p4,no,42.99,no,corr,None,None,None,None
1924,exp_acyclic_indvary2_step2_batch_yyy03.pl,z1,yes,0.36,yes,corr,None,None,None,None
1925,exp_acyclic_indvary2_step2_batch_yyy03.pl,w6,no,42.44,no,corr,None,None,None,None
1926,exp_acyclic_indvary2_step2_batch_yyy03.pl,c6,no,43.31,no,corr,None,None,None,None
1927,exp_acyclic_indvary2_step2_batch_yyy03.pl,f4,no,43.67,no,corr,None,None,None,None
1928,exp_acyclic_indvary2_step2_batch_yyy03.pl,r3,yes,0.3,yes,corr,None,None,None,None
1929,exp_acyclic_indvary2_step2_batch_yyy03.pl,q7,no,43.42,no,corr,None,None,None,None
1930,exp_acyclic_indvary2_step2_batch_yyy03.pl,f2,no,62.41,no,corr,None,None,None,None
1931,exp_acyclic_indvary2_step2_batch_yyy04.pl,t4,no,40.56,no,corr,None,None,None,None
1932,exp_acyclic_indvary2_step2_batch_yyy04.pl,b2,no,62.53,no,corr,None,None,None,None
1933,exp_acyclic_indvary2_step2_batch_yyy04.pl,y4,no,40.75,no,corr,None,None,None,None
1934,exp_acyclic_indvary2_step2_batch_yyy04.pl,f1,yes,3.28,yes,corr,None,None,None,None
1935,exp_acyclic_indvary2_step2_batch_yyy04.pl,v5,no,40.68,no,corr,None,None,None,None
1936,exp_acyclic_indvary2_step2_batch_yyy04.pl,c2,no,53.06,no,corr,None,None,None,None
1937,exp_acyclic_indvary2_step2_batch_yyy04.pl,e4,no,39.98,no,corr,None,None,None,None
1938,exp_acyclic_indvary2_step2_batch_yyy04.pl,t7,no,40.67,no,corr,None,None,None,None
1939,exp_acyclic_indvary2_step2_batch_yyy04.pl,p2,no,43.55,no,corr,None,None,None,None
1940,exp_acyclic_indvary2_step2_batch_yyy04.pl,a3,yes,7.2,yes,corr,None,None,None,None
1941,exp_acyclic_indvary2_step2_batch_yyy05.pl,t4,no,40.64,no,corr,None,None,None,None
1942,exp_acyclic_indvary2_step2_batch_yyy05.pl,z6,no,40.94,no,corr,None,None,None,None
1943,exp_acyclic_indvary2_step2_batch_yyy05.pl,f1,yes,0.46,yes,corr,None,None,None,None
1944,exp_acyclic_indvary2_step2_batch_yyy05.pl,v5,no,41.03,no,corr,None,None,None,None
1945,exp_acyclic_indvary2_step2_batch_yyy05.pl,w1,no,44.0,no,corr,None,None,None,None
1946,exp_acyclic_indvary2_step2_batch_yyy05.pl,e3,no,40.43,no,corr,None,None,None,None
1947,exp_acyclic_indvary2_step2_batch_yyy05.pl,e2,no,48.99,no,corr,None,None,None,None
1948,exp_acyclic_indvary2_step2_batch_yyy05.pl,q7,no,41.03,no,corr,None,None,None,None
1949,exp_acyclic_indvary2_step2_batch_yyy05.pl,b3,yes,0.33,yes,corr,None,None,None,None
1950,exp_acyclic_indvary2_step2_batch_yyy05.pl,v7,no,40.58,no,corr,None,None,None,None
1951,exp_acyclic_indvary2_step2_batch_yyy06.pl,c3,no,46.11,no,corr,None,None,None,None
1952,exp_acyclic_indvary2_step2_batch_yyy06.pl,y4,no,38.05,no,corr,None,None,None,None
1953,exp_acyclic_indvary2_step2_batch_yyy06.pl,v6,no,38.32,no,corr,None,None,None,None
1954,exp_acyclic_indvary2_step2_batch_yyy06.pl,w1,yes,0.37,yes,corr,None,None,None,None
1955,exp_acyclic_indvary2_step2_batch_yyy06.pl,b5,no,38.32,no,corr,None,None,None,None
1956,exp_acyclic_indvary2_step2_batch_yyy06.pl,z3,no,38.08,no,corr,None,None,None,None
1957,exp_acyclic_indvary2_step2_batch_yyy06.pl,p7,no,38.47,no,corr,None,None,None,None
1958,exp_acyclic_indvary2_step2_batch_yyy06.pl,p5,no,38.46,no,corr,None,None,None,None
1959,exp_acyclic_indvary2_step2_batch_yyy06.pl,e2,no,47.12,no,corr,None,None,None,None
1960,exp_acyclic_indvary2_step2_batch_yyy06.pl,r3,no,56.8,no,corr,None,None,None,None
1961,exp_acyclic_indvary2_step2_batch_yyy07.pl,t5,no,36.87,no,corr,None,None,None,None
1962,exp_acyclic_indvary2_step2_batch_yyy07.pl,y4,no,37.0,no,corr,None,None,None,None
1963,exp_acyclic_indvary2_step2_batch_yyy07.pl,v5,no,36.51,no,corr,None,None,None,None
1964,exp_acyclic_indvary2_step2_batch_yyy07.pl,a4,no,36.36,no,corr,None,None,None,None
1965,exp_acyclic_indvary2_step2_batch_yyy07.pl,z4,no,36.45,no,corr,None,None,None,None
1966,exp_acyclic_indvary2_step2_batch_yyy07.pl,u3,no,36.29,no,corr,None,None,None,None
1967,exp_acyclic_indvary2_step2_batch_yyy07.pl,t1,yes,0.27,yes,corr,None,None,None,None
1968,exp_acyclic_indvary2_step2_batch_yyy07.pl,p6,no,36.6,no,corr,None,None,None,None
1969,exp_acyclic_indvary2_step2_batch_yyy07.pl,r2,yes,0.27,yes,corr,None,None,None,None
1970,exp_acyclic_indvary2_step2_batch_yyy07.pl,a1,no,52.49,no,corr,None,None,None,None
1971,exp_acyclic_indvary2_step2_batch_yyy08.pl,d5,no,36.59,no,corr,None,None,None,None
1972,exp_acyclic_indvary2_step2_batch_yyy08.pl,v7,no,36.34,no,corr,None,None,None,None
1973,exp_acyclic_indvary2_step2_batch_yyy08.pl,u1,yes,0.36,yes,corr,None,None,None,None
1974,exp_acyclic_indvary2_step2_batch_yyy08.pl,c5,no,35.8,no,corr,None,None,None,None
1975,exp_acyclic_indvary2_step2_batch_yyy08.pl,x2,no,39.0,no,corr,None,None,None,None
1976,exp_acyclic_indvary2_step2_batch_yyy08.pl,a3,no,44.33,no,corr,None,None,None,None
1977,exp_acyclic_indvary2_step2_batch_yyy08.pl,q7,no,37.25,no,corr,None,None,None,None
1978,exp_acyclic_indvary2_step2_batch_yyy08.pl,x5,no,36.95,no,corr,None,None,None,None
1979,exp_acyclic_indvary2_step2_batch_yyy08.pl,z2,yes,0.21,yes,corr,None,None,None,None
1980,exp_acyclic_indvary2_step2_batch_yyy08.pl,b5,no,37.18,no,corr,None,None,None,None
1981,exp_acyclic_indvary2_step2_batch_yyy09.pl,c3,yes,0.55,yes,corr,None,None,None,None
1982,exp_acyclic_indvary2_step2_batch_yyy09.pl,f1,no,59.65,no,corr,None,None,None,None
1983,exp_acyclic_indvary2_step2_batch_yyy09.pl,f3,no,39.55,no,corr,None,None,None,None
1984,exp_acyclic_indvary2_step2_batch_yyy09.pl,r1,yes,0.62,yes,corr,None,None,None,None
1985,exp_acyclic_indvary2_step2_batch_yyy09.pl,q3,yes,0.23,yes,corr,None,None,None,None
1986,exp_acyclic_indvary2_step2_batch_yyy09.pl,p1,yes,0.38,yes,corr,None,None,None,None
1987,exp_acyclic_indvary2_step2_batch_yyy09.pl,z4,no,39.24,no,corr,None,None,None,None
1988,exp_acyclic_indvary2_step2_batch_yyy09.pl,r5,no,39.43,no,corr,None,None,None,None
1989,exp_acyclic_indvary2_step2_batch_yyy09.pl,u3,no,38.7,no,corr,None,None,None,None
1990,exp_acyclic_indvary2_step2_batch_yyy09.pl,e3,no,38.89,no,corr,None,None,None,None
1991,exp_acyclic_indvary2_step2_batch_yyy10.pl,t5,no,40.41,no,corr,None,None,None,None
1992,exp_acyclic_indvary2_step2_batch_yyy10.pl,z6,no,40.59,no,corr,None,None,None,None
1993,exp_acyclic_indvary2_step2_batch_yyy10.pl,s4,no,40.84,no,corr,None,None,None,None
1994,exp_acyclic_indvary2_step2_batch_yyy10.pl,e1,yes,0.42,yes,corr,None,None,None,None
1995,exp_acyclic_indvary2_step2_batch_yyy10.pl,x3,no,39.53,no,corr,None,None,None,None
1996,exp_acyclic_indvary2_step2_batch_yyy10.pl,v6,no,40.52,no,corr,None,None,None,None
1997,exp_acyclic_indvary2_step2_batch_yyy10.pl,c5,no,40.4,no,corr,None,None,None,None
1998,exp_acyclic_indvary2_step2_batch_yyy10.pl,q4,no,40.34,no,corr,None,None,None,None
1999,exp_acyclic_indvary2_step2_batch_yyy10.pl,c1,no,49.6,no,corr,None,None,None,None
2000,exp_acyclic_indvary2_step2_batch_yyy10.pl,a3,yes,2.18,yes,corr,None,None,None,None
2001,exp_acyclic_indvary2_step3_batch_yyy01.pl,d5,no,55.76,no,corr,None,None,None,None
2002,exp_acyclic_indvary2_step3_batch_yyy01.pl,s3,no,55.11,no,corr,None,None,None,None
2003,exp_acyclic_indvary2_step3_batch_yyy01.pl,u7,no,55.57,no,corr,None,None,None,None
2004,exp_acyclic_indvary2_step3_batch_yyy01.pl,x7,no,54.91,no,corr,None,None,None,None
2005,exp_acyclic_indvary2_step3_batch_yyy01.pl,v1,no,80.53,no,corr,None,None,None,None
2006,exp_acyclic_indvary2_step3_batch_yyy01.pl,r2,no,58.49,no,corr,None,None,None,None
2007,exp_acyclic_indvary2_step3_batch_yyy01.pl,p7,no,54.79,no,corr,None,None,None,None
2008,exp_acyclic_indvary2_step3_batch_yyy01.pl,d4,no,54.57,no,corr,None,None,None,None
2009,exp_acyclic_indvary2_step3_batch_yyy01.pl,q7,no,54.6,no,corr,None,None,None,None
2010,exp_acyclic_indvary2_step3_batch_yyy01.pl,y5,no,54.74,no,corr,None,None,None,None
2011,exp_acyclic_indvary2_step3_batch_yyy02.pl,e1,yes,1.06,yes,corr,None,None,None,None
2012,exp_acyclic_indvary2_step3_batch_yyy02.pl,v5,no,60.83,no,corr,None,None,None,None
2013,exp_acyclic_indvary2_step3_batch_yyy02.pl,z4,no,60.68,no,corr,None,None,None,None
2014,exp_acyclic_indvary2_step3_batch_yyy02.pl,c1,yes,0.21,yes,corr,None,None,None,None
2015,exp_acyclic_indvary2_step3_batch_yyy02.pl,b6,no,61.18,no,corr,None,None,None,None
2016,exp_acyclic_indvary2_step3_batch_yyy02.pl,u2,yes,0.53,yes,corr,None,None,None,None
2017,exp_acyclic_indvary2_step3_batch_yyy02.pl,y5,no,61.61,no,corr,None,None,None,None
2018,exp_acyclic_indvary2_step3_batch_yyy02.pl,x4,no,61.86,no,corr,None,None,None,None
2019,exp_acyclic_indvary2_step3_batch_yyy02.pl,t4,no,61.59,no,corr,None,None,None,None
2020,exp_acyclic_indvary2_step3_batch_yyy02.pl,s3,no,61.08,no,corr,None,None,None,None
2021,exp_acyclic_indvary2_step3_batch_yyy03.pl,v2,yes,0.41,yes,corr,None,None,None,None
2022,exp_acyclic_indvary2_step3_batch_yyy03.pl,d4,no,58.02,no,corr,None,None,None,None
2023,exp_acyclic_indvary2_step3_batch_yyy03.pl,v1,no,83.25,no,corr,None,None,None,None
2024,exp_acyclic_indvary2_step3_batch_yyy03.pl,v4,no,58.83,no,corr,None,None,None,None
2025,exp_acyclic_indvary2_step3_batch_yyy03.pl,q2,yes,0.44,yes,corr,None,None,None,None
2026,exp_acyclic_indvary2_step3_batch_yyy03.pl,c5,no,59.02,no,corr,None,None,None,None
2027,exp_acyclic_indvary2_step3_batch_yyy03.pl,c2,no,71.6,no,corr,None,None,None,None
2028,exp_acyclic_indvary2_step3_batch_yyy03.pl,a5,no,58.95,no,corr,None,None,None,None
2029,exp_acyclic_indvary2_step3_batch_yyy03.pl,y1,no,62.86,no,corr,None,None,None,None
2030,exp_acyclic_indvary2_step3_batch_yyy03.pl,r1,no,83.64,no,corr,None,None,None,None
2031,exp_acyclic_indvary2_step3_batch_yyy04.pl,u5,no,61.1,no,corr,None,None,None,None
2032,exp_acyclic_indvary2_step3_batch_yyy04.pl,d4,no,59.39,no,corr,None,None,None,None
2033,exp_acyclic_indvary2_step3_batch_yyy04.pl,u7,no,60.01,no,corr,None,None,None,None
2034,exp_acyclic_indvary2_step3_batch_yyy04.pl,x7,no,60.17,no,corr,None,None,None,None
2035,exp_acyclic_indvary2_step3_batch_yyy04.pl,f5,no,60.21,no,corr,None,None,None,None
2036,exp_acyclic_indvary2_step3_batch_yyy04.pl,p3,yes,0.27,yes,corr,None,None,None,None
2037,exp_acyclic_indvary2_step3_batch_yyy04.pl,v4,no,60.11,no,corr,None,None,None,None
2038,exp_acyclic_indvary2_step3_batch_yyy04.pl,q3,no,63.8,no,corr,None,None,None,None
2039,exp_acyclic_indvary2_step3_batch_yyy04.pl,t1,yes,0.35,yes,corr,None,None,None,None
2040,exp_acyclic_indvary2_step3_batch_yyy04.pl,w3,no,60.19,no,corr,None,None,None,None
2041,exp_acyclic_indvary2_step3_batch_yyy05.pl,r6,no,62.78,no,corr,None,None,None,None
2042,exp_acyclic_indvary2_step3_batch_yyy05.pl,b1,yes,0.27,yes,corr,None,None,None,None
2043,exp_acyclic_indvary2_step3_batch_yyy05.pl,w1,yes,0.25,yes,corr,None,None,None,None
2044,exp_acyclic_indvary2_step3_batch_yyy05.pl,q7,no,62.96,no,corr,None,None,None,None
2045,exp_acyclic_indvary2_step3_batch_yyy05.pl,z6,no,63.05,no,corr,None,None,None,None
2046,exp_acyclic_indvary2_step3_batch_yyy05.pl,b2,no,76.96,no,corr,None,None,None,None
2047,exp_acyclic_indvary2_step3_batch_yyy05.pl,v4,no,62.59,no,corr,None,None,None,None
2048,exp_acyclic_indvary2_step3_batch_yyy05.pl,e3,no,62.65,no,corr,None,None,None,None
2049,exp_acyclic_indvary2_step3_batch_yyy05.pl,a2,no,77.81,no,corr,None,None,None,None
2050,exp_acyclic_indvary2_step3_batch_yyy05.pl,w3,no,62.87,no,corr,None,None,None,None
2051,exp_acyclic_indvary2_step3_batch_yyy06.pl,t4,no,60.93,no,corr,None,None,None,None
2052,exp_acyclic_indvary2_step3_batch_yyy06.pl,x3,no,60.25,no,corr,None,None,None,None
2053,exp_acyclic_indvary2_step3_batch_yyy06.pl,t3,no,60.23,no,corr,None,None,None,None
2054,exp_acyclic_indvary2_step3_batch_yyy06.pl,a5,no,60.8,no,corr,None,None,None,None
2055,exp_acyclic_indvary2_step3_batch_yyy06.pl,w1,yes,0.46,yes,corr,None,None,None,None
2056,exp_acyclic_indvary2_step3_batch_yyy06.pl,b5,no,61.01,no,corr,None,None,None,None
2057,exp_acyclic_indvary2_step3_batch_yyy06.pl,z3,no,60.58,no,corr,None,None,None,None
2058,exp_acyclic_indvary2_step3_batch_yyy06.pl,r3,no,86.95,no,corr,None,None,None,None
2059,exp_acyclic_indvary2_step3_batch_yyy06.pl,q7,no,60.81,no,corr,None,None,None,None
2060,exp_acyclic_indvary2_step3_batch_yyy06.pl,q2,yes,0.46,yes,corr,None,None,None,None
2061,exp_acyclic_indvary2_step3_batch_yyy07.pl,y4,no,59.36,no,corr,None,None,None,None
2062,exp_acyclic_indvary2_step3_batch_yyy07.pl,q5,no,58.83,no,corr,None,None,None,None
2063,exp_acyclic_indvary2_step3_batch_yyy07.pl,w1,yes,0.28,yes,corr,None,None,None,None
2064,exp_acyclic_indvary2_step3_batch_yyy07.pl,f3,no,59.18,no,corr,None,None,None,None
2065,exp_acyclic_indvary2_step3_batch_yyy07.pl,r4,no,59.2,no,corr,None,None,None,None
2066,exp_acyclic_indvary2_step3_batch_yyy07.pl,q1,yes,0.27,yes,corr,None,None,None,None
2067,exp_acyclic_indvary2_step3_batch_yyy07.pl,z5,no,59.08,no,corr,None,None,None,None
2068,exp_acyclic_indvary2_step3_batch_yyy07.pl,v2,no,62.98,no,corr,None,None,None,None
2069,exp_acyclic_indvary2_step3_batch_yyy07.pl,a4,no,59.21,no,corr,None,None,None,None
2070,exp_acyclic_indvary2_step3_batch_yyy07.pl,w6,no,58.67,no,corr,None,None,None,None
2071,exp_acyclic_indvary2_step3_batch_yyy08.pl,d5,no,60.4,no,corr,None,None,None,None
2072,exp_acyclic_indvary2_step3_batch_yyy08.pl,t5,no,60.26,no,corr,None,None,None,None
2073,exp_acyclic_indvary2_step3_batch_yyy08.pl,w7,no,60.68,no,corr,None,None,None,None
2074,exp_acyclic_indvary2_step3_batch_yyy08.pl,a4,no,61.18,no,corr,None,None,None,None
2075,exp_acyclic_indvary2_step3_batch_yyy08.pl,r5,no,61.25,no,corr,None,None,None,None
2076,exp_acyclic_indvary2_step3_batch_yyy08.pl,u3,no,60.86,no,corr,None,None,None,None
2077,exp_acyclic_indvary2_step3_batch_yyy08.pl,r2,no,89.85,no,corr,None,None,None,None
2078,exp_acyclic_indvary2_step3_batch_yyy08.pl,y6,no,60.73,no,corr,None,None,None,None
2079,exp_acyclic_indvary2_step3_batch_yyy08.pl,p4,no,60.98,no,corr,None,None,None,None
2080,exp_acyclic_indvary2_step3_batch_yyy08.pl,x3,no,59.93,no,corr,None,None,None,None
2081,exp_acyclic_indvary2_step3_batch_yyy09.pl,b1,no,70.11,no,corr,None,None,None,None
2082,exp_acyclic_indvary2_step3_batch_yyy09.pl,r5,no,57.57,no,corr,None,None,None,None
2083,exp_acyclic_indvary2_step3_batch_yyy09.pl,a3,yes,0.33,yes,corr,None,None,None,None
2084,exp_acyclic_indvary2_step3_batch_yyy09.pl,a1,yes,0.24,yes,corr,None,None,None,None
2085,exp_acyclic_indvary2_step3_batch_yyy09.pl,f2,no,70.05,no,corr,None,None,None,None
2086,exp_acyclic_indvary2_step3_batch_yyy09.pl,v1,yes,0.29,yes,corr,None,None,None,None
2087,exp_acyclic_indvary2_step3_batch_yyy09.pl,p3,no,82.83,no,corr,None,None,None,None
2088,exp_acyclic_indvary2_step3_batch_yyy09.pl,c1,no,70.26,no,corr,None,None,None,None
2089,exp_acyclic_indvary2_step3_batch_yyy09.pl,c6,no,57.45,no,corr,None,None,None,None
2090,exp_acyclic_indvary2_step3_batch_yyy09.pl,z2,no,61.36,no,corr,None,None,None,None
2091,exp_acyclic_indvary2_step3_batch_yyy10.pl,w2,yes,0.44,yes,corr,None,None,None,None
2092,exp_acyclic_indvary2_step3_batch_yyy10.pl,u3,no,59.15,no,corr,None,None,None,None
2093,exp_acyclic_indvary2_step3_batch_yyy10.pl,p1,yes,0.35,yes,corr,None,None,None,None
2094,exp_acyclic_indvary2_step3_batch_yyy10.pl,p7,no,59.07,no,corr,None,None,None,None
2095,exp_acyclic_indvary2_step3_batch_yyy10.pl,p5,no,59.3,no,corr,None,None,None,None
2096,exp_acyclic_indvary2_step3_batch_yyy10.pl,c2,no,84.61,no,corr,None,None,None,None
2097,exp_acyclic_indvary2_step3_batch_yyy10.pl,t6,no,60.0,no,corr,None,None,None,None
2098,exp_acyclic_indvary2_step3_batch_yyy10.pl,d1,no,77.35,no,corr,None,None,None,None
2099,exp_acyclic_indvary2_step3_batch_yyy10.pl,u2,yes,0.43,yes,corr,None,None,None,None
2100,exp_acyclic_indvary2_step3_batch_yyy10.pl,t1,yes,0.4,yes,corr,None,None,None,None
2101,exp_acyclic_indvary2_step4_batch_yyy01.pl,p4,no,80.01,no,corr,None,None,None,None
2102,exp_acyclic_indvary2_step4_batch_yyy01.pl,e5,no,79.87,no,corr,None,None,None,None
2103,exp_acyclic_indvary2_step4_batch_yyy01.pl,d3,no,79.27,no,corr,None,None,None,None
2104,exp_acyclic_indvary2_step4_batch_yyy01.pl,s1,yes,0.37,yes,corr,None,None,None,None
2105,exp_acyclic_indvary2_step4_batch_yyy01.pl,t5,no,78.99,no,corr,None,None,None,None
2106,exp_acyclic_indvary2_step4_batch_yyy01.pl,s3,no,78.73,no,corr,None,None,None,None
2107,exp_acyclic_indvary2_step4_batch_yyy01.pl,r3,no,84.17,no,corr,None,None,None,None
2108,exp_acyclic_indvary2_step4_batch_yyy01.pl,d1,no,97.03,no,corr,None,None,None,None
2109,exp_acyclic_indvary2_step4_batch_yyy01.pl,x4,no,79.49,no,corr,None,None,None,None
2110,exp_acyclic_indvary2_step4_batch_yyy01.pl,w3,no,79.88,no,corr,None,None,None,None
2111,exp_acyclic_indvary2_step4_batch_yyy02.pl,u5,no,79.93,no,corr,None,None,None,None
2112,exp_acyclic_indvary2_step4_batch_yyy02.pl,c3,no,102.25,no,corr,None,None,None,None
2113,exp_acyclic_indvary2_step4_batch_yyy02.pl,z6,no,79.82,no,corr,None,None,None,None
2114,exp_acyclic_indvary2_step4_batch_yyy02.pl,p7,no,80.34,no,corr,None,None,None,None
2115,exp_acyclic_indvary2_step4_batch_yyy02.pl,w5,no,80.51,no,corr,None,None,None,None
2116,exp_acyclic_indvary2_step4_batch_yyy02.pl,r3,yes,0.37,yes,corr,None,None,None,None
2117,exp_acyclic_indvary2_step4_batch_yyy02.pl,p1,yes,0.39,yes,corr,None,None,None,None
2118,exp_acyclic_indvary2_step4_batch_yyy02.pl,a2,yes,0.35,yes,corr,None,None,None,None
2119,exp_acyclic_indvary2_step4_batch_yyy02.pl,u3,no,80.25,no,corr,None,None,None,None
2120,exp_acyclic_indvary2_step4_batch_yyy02.pl,r4,no,80.4,no,corr,None,None,None,None
2121,exp_acyclic_indvary2_step4_batch_yyy03.pl,b2,yes,0.37,yes,corr,None,None,None,None
2122,exp_acyclic_indvary2_step4_batch_yyy03.pl,d3,no,81.94,no,corr,None,None,None,None
2123,exp_acyclic_indvary2_step4_batch_yyy03.pl,w6,no,81.41,no,corr,None,None,None,None
2124,exp_acyclic_indvary2_step4_batch_yyy03.pl,c1,no,103.0,no,corr,None,None,None,None
2125,exp_acyclic_indvary2_step4_batch_yyy03.pl,s1,yes,0.38,yes,corr,None,None,None,None
2126,exp_acyclic_indvary2_step4_batch_yyy03.pl,q3,yes,0.45,yes,corr,None,None,None,None
2127,exp_acyclic_indvary2_step4_batch_yyy03.pl,b6,no,81.49,no,corr,None,None,None,None
2128,exp_acyclic_indvary2_step4_batch_yyy03.pl,y5,no,81.39,no,corr,None,None,None,None
2129,exp_acyclic_indvary2_step4_batch_yyy03.pl,a2,yes,0.2,yes,corr,None,None,None,None
2130,exp_acyclic_indvary2_step4_batch_yyy03.pl,w3,no,81.36,no,corr,None,None,None,None
2131,exp_acyclic_indvary2_step4_batch_yyy04.pl,t5,no,75.81,no,corr,None,None,None,None
2132,exp_acyclic_indvary2_step4_batch_yyy04.pl,a6,no,76.09,no,corr,None,None,None,None
2133,exp_acyclic_indvary2_step4_batch_yyy04.pl,r5,no,76.05,no,corr,None,None,None,None
2134,exp_acyclic_indvary2_step4_batch_yyy04.pl,v1,yes,0.71,yes,corr,None,None,None,None
2135,exp_acyclic_indvary2_step4_batch_yyy04.pl,x6,no,75.61,no,corr,None,None,None,None
2136,exp_acyclic_indvary2_step4_batch_yyy04.pl,q1,yes,0.37,yes,corr,None,None,None,None
2137,exp_acyclic_indvary2_step4_batch_yyy04.pl,w2,yes,0.37,yes,corr,None,None,None,None
2138,exp_acyclic_indvary2_step4_batch_yyy04.pl,u1,yes,0.36,yes,corr,None,None,None,None
2139,exp_acyclic_indvary2_step4_batch_yyy04.pl,a2,yes,0.39,yes,corr,None,None,None,None
2140,exp_acyclic_indvary2_step4_batch_yyy04.pl,x4,no,75.89,no,corr,None,None,None,None
2141,exp_acyclic_indvary2_step4_batch_yyy05.pl,p5,no,77.46,no,corr,None,None,None,None
2142,exp_acyclic_indvary2_step4_batch_yyy05.pl,t3,no,77.6,no,corr,None,None,None,None
2143,exp_acyclic_indvary2_step4_batch_yyy05.pl,t6,no,77.17,no,corr,None,None,None,None
2144,exp_acyclic_indvary2_step4_batch_yyy05.pl,a4,no,77.5,no,corr,None,None,None,None
2145,exp_acyclic_indvary2_step4_batch_yyy05.pl,v4,no,77.56,no,corr,None,None,None,None
2146,exp_acyclic_indvary2_step4_batch_yyy05.pl,f4,no,78.11,no,corr,None,None,None,None
2147,exp_acyclic_indvary2_step4_batch_yyy05.pl,x6,no,77.52,no,corr,None,None,None,None
2148,exp_acyclic_indvary2_step4_batch_yyy05.pl,p1,yes,0.49,yes,corr,None,None,None,None
2149,exp_acyclic_indvary2_step4_batch_yyy05.pl,a6,no,77.42,no,corr,None,None,None,None
2150,exp_acyclic_indvary2_step4_batch_yyy05.pl,w7,no,77.99,no,corr,None,None,None,None
2151,exp_acyclic_indvary2_step4_batch_yyy06.pl,d5,no,80.16,no,corr,None,None,None,None
2152,exp_acyclic_indvary2_step4_batch_yyy06.pl,p7,no,80.52,no,corr,None,None,None,None
2153,exp_acyclic_indvary2_step4_batch_yyy06.pl,v5,no,81.38,no,corr,None,None,None,None
2154,exp_acyclic_indvary2_step4_batch_yyy06.pl,b1,yes,0.29,yes,corr,None,None,None,None
2155,exp_acyclic_indvary2_step4_batch_yyy06.pl,p3,yes,0.32,yes,corr,None,None,None,None
2156,exp_acyclic_indvary2_step4_batch_yyy06.pl,f3,no,80.58,no,corr,None,None,None,None
2157,exp_acyclic_indvary2_step4_batch_yyy06.pl,e3,no,80.96,no,corr,None,None,None,None
2158,exp_acyclic_indvary2_step4_batch_yyy06.pl,a3,yes,0.33,yes,corr,None,None,None,None
2159,exp_acyclic_indvary2_step4_batch_yyy06.pl,r7,no,80.13,no,corr,None,None,None,None
2160,exp_acyclic_indvary2_step4_batch_yyy06.pl,d1,yes,0.64,yes,corr,None,None,None,None
2161,exp_acyclic_indvary2_step4_batch_yyy07.pl,w2,yes,0.68,yes,corr,None,None,None,None
2162,exp_acyclic_indvary2_step4_batch_yyy07.pl,u4,no,79.12,no,corr,None,None,None,None
2163,exp_acyclic_indvary2_step4_batch_yyy07.pl,z1,no,83.79,no,corr,None,None,None,None
2164,exp_acyclic_indvary2_step4_batch_yyy07.pl,v1,no,82.64,no,corr,None,None,None,None
2165,exp_acyclic_indvary2_step4_batch_yyy07.pl,s1,yes,0.3,yes,corr,None,None,None,None
2166,exp_acyclic_indvary2_step4_batch_yyy07.pl,z3,no,78.76,no,corr,None,None,None,None
2167,exp_acyclic_indvary2_step4_batch_yyy07.pl,s4,no,78.94,no,corr,None,None,None,None
2168,exp_acyclic_indvary2_step4_batch_yyy07.pl,y4,no,79.86,no,corr,None,None,None,None
2169,exp_acyclic_indvary2_step4_batch_yyy07.pl,t2,no,83.85,no,corr,None,None,None,None
2170,exp_acyclic_indvary2_step4_batch_yyy07.pl,t7,no,78.84,no,corr,None,None,None,None
2171,exp_acyclic_indvary2_step4_batch_yyy08.pl,u6,no,85.44,no,corr,None,None,None,None
2172,exp_acyclic_indvary2_step4_batch_yyy08.pl,f5,no,85.14,no,corr,None,None,None,None
2173,exp_acyclic_indvary2_step4_batch_yyy08.pl,f3,no,84.46,no,corr,None,None,None,None
2174,exp_acyclic_indvary2_step4_batch_yyy08.pl,t7,no,85.05,no,corr,None,None,None,None
2175,exp_acyclic_indvary2_step4_batch_yyy08.pl,v4,no,85.47,no,corr,None,None,None,None
2176,exp_acyclic_indvary2_step4_batch_yyy08.pl,s7,no,84.96,no,corr,None,None,None,None
2177,exp_acyclic_indvary2_step4_batch_yyy08.pl,y2,yes,2.21,yes,corr,None,None,None,None
2178,exp_acyclic_indvary2_step4_batch_yyy08.pl,x6,no,85.1,no,corr,None,None,None,None
2179,exp_acyclic_indvary2_step4_batch_yyy08.pl,r3,yes,0.52,yes,corr,None,None,None,None
2180,exp_acyclic_indvary2_step4_batch_yyy08.pl,t1,yes,0.85,yes,corr,None,None,None,None
2181,exp_acyclic_indvary2_step4_batch_yyy09.pl,e1,no,95.05,no,corr,None,None,None,None
2182,exp_acyclic_indvary2_step4_batch_yyy09.pl,s5,no,78.24,no,corr,None,None,None,None
2183,exp_acyclic_indvary2_step4_batch_yyy09.pl,c5,no,77.41,no,corr,None,None,None,None
2184,exp_acyclic_indvary2_step4_batch_yyy09.pl,x7,no,77.63,no,corr,None,None,None,None
2185,exp_acyclic_indvary2_step4_batch_yyy09.pl,e3,no,77.68,no,corr,None,None,None,None
2186,exp_acyclic_indvary2_step4_batch_yyy09.pl,p2,yes,0.4,yes,corr,None,None,None,None
2187,exp_acyclic_indvary2_step4_batch_yyy09.pl,y2,yes,0.38,yes,corr,None,None,None,None
2188,exp_acyclic_indvary2_step4_batch_yyy09.pl,r2,yes,0.43,yes,corr,None,None,None,None
2189,exp_acyclic_indvary2_step4_batch_yyy09.pl,b6,no,77.67,no,corr,None,None,None,None
2190,exp_acyclic_indvary2_step4_batch_yyy09.pl,a1,yes,1.4,yes,corr,None,None,None,None
2191,exp_acyclic_indvary2_step4_batch_yyy10.pl,t5,no,81.89,no,corr,None,None,None,None
2192,exp_acyclic_indvary2_step4_batch_yyy10.pl,z6,no,81.45,no,corr,None,None,None,None
2193,exp_acyclic_indvary2_step4_batch_yyy10.pl,p7,no,81.83,no,corr,None,None,None,None
2194,exp_acyclic_indvary2_step4_batch_yyy10.pl,z4,no,81.84,no,corr,None,None,None,None
2195,exp_acyclic_indvary2_step4_batch_yyy10.pl,c1,no,115.61,no,corr,None,None,None,None
2196,exp_acyclic_indvary2_step4_batch_yyy10.pl,r7,no,81.66,no,corr,None,None,None,None
2197,exp_acyclic_indvary2_step4_batch_yyy10.pl,u2,yes,0.63,yes,corr,None,None,None,None
2198,exp_acyclic_indvary2_step4_batch_yyy10.pl,x4,no,82.16,no,corr,None,None,None,None
2199,exp_acyclic_indvary2_step4_batch_yyy10.pl,y2,yes,0.48,yes,corr,None,None,None,None
2200,exp_acyclic_indvary2_step4_batch_yyy10.pl,x1,yes,0.33,yes,corr,None,None,None,None
2201,exp_acyclic_indvary2_step5_batch_yyy01.pl,d3,no,101.9,no,corr,None,None,None,None
2202,exp_acyclic_indvary2_step5_batch_yyy01.pl,u7,no,101.35,no,corr,None,None,None,None
2203,exp_acyclic_indvary2_step5_batch_yyy01.pl,e4,no,101.43,no,corr,None,None,None,None
2204,exp_acyclic_indvary2_step5_batch_yyy01.pl,f3,no,100.98,no,corr,None,None,None,None
2205,exp_acyclic_indvary2_step5_batch_yyy01.pl,t2,no,106.92,no,corr,None,None,None,None
2206,exp_acyclic_indvary2_step5_batch_yyy01.pl,v4,no,101.23,no,corr,None,None,None,None
2207,exp_acyclic_indvary2_step5_batch_yyy01.pl,a3,no,122.71,no,corr,None,None,None,None
2208,exp_acyclic_indvary2_step5_batch_yyy01.pl,y6,no,101.58,no,corr,None,None,None,None
2209,exp_acyclic_indvary2_step5_batch_yyy01.pl,s2,yes,0.51,yes,corr,None,None,None,None
2210,exp_acyclic_indvary2_step5_batch_yyy01.pl,z1,yes,0.49,yes,corr,None,None,None,None
2211,exp_acyclic_indvary2_step5_batch_yyy02.pl,s3,no,109.34,no,corr,None,None,None,None
2212,exp_acyclic_indvary2_step5_batch_yyy02.pl,v7,no,107.08,no,corr,None,None,None,None
2213,exp_acyclic_indvary2_step5_batch_yyy02.pl,v2,yes,0.75,yes,corr,None,None,None,None
2214,exp_acyclic_indvary2_step5_batch_yyy02.pl,w1,yes,0.53,yes,corr,None,None,None,None
2215,exp_acyclic_indvary2_step5_batch_yyy02.pl,r4,no,97.08,no,corr,None,None,None,None
2216,exp_acyclic_indvary2_step5_batch_yyy02.pl,p2,no,105.91,no,corr,None,None,None,None
2217,exp_acyclic_indvary2_step5_batch_yyy02.pl,d1,yes,0.48,yes,corr,None,None,None,None
2218,exp_acyclic_indvary2_step5_batch_yyy02.pl,q2,yes,0.9,yes,corr,None,None,None,None
2219,exp_acyclic_indvary2_step5_batch_yyy02.pl,b6,no,104.48,no,corr,None,None,None,None
2220,exp_acyclic_indvary2_step5_batch_yyy02.pl,a1,no,126.51,no,corr,None,None,None,None
2221,exp_acyclic_indvary2_step5_batch_yyy03.pl,u6,no,98.69,no,corr,None,None,None,None
2222,exp_acyclic_indvary2_step5_batch_yyy03.pl,p5,no,97.63,no,corr,None,None,None,None
2223,exp_acyclic_indvary2_step5_batch_yyy03.pl,r6,no,98.19,no,corr,None,None,None,None
2224,exp_acyclic_indvary2_step5_batch_yyy03.pl,v5,no,98.11,no,corr,None,None,None,None
2225,exp_acyclic_indvary2_step5_batch_yyy03.pl,u3,no,98.41,no,corr,None,None,None,None
2226,exp_acyclic_indvary2_step5_batch_yyy03.pl,p2,no,103.44,no,corr,None,None,None,None
2227,exp_acyclic_indvary2_step5_batch_yyy03.pl,r7,no,99.32,no,corr,None,None,None,None
2228,exp_acyclic_indvary2_step5_batch_yyy03.pl,e2,no,125.48,no,corr,None,None,None,None
2229,exp_acyclic_indvary2_step5_batch_yyy03.pl,c6,no,98.67,no,corr,None,None,None,None
2230,exp_acyclic_indvary2_step5_batch_yyy03.pl,b5,no,98.67,no,corr,None,None,None,None
2231,exp_acyclic_indvary2_step5_batch_yyy04.pl,c4,no,100.9,no,corr,None,None,None,None
2232,exp_acyclic_indvary2_step5_batch_yyy04.pl,s4,no,100.18,no,corr,None,None,None,None
2233,exp_acyclic_indvary2_step5_batch_yyy04.pl,v2,yes,0.48,yes,corr,None,None,None,None
2234,exp_acyclic_indvary2_step5_batch_yyy04.pl,x2,yes,0.53,yes,corr,None,None,None,None
2235,exp_acyclic_indvary2_step5_batch_yyy04.pl,y2,yes,0.38,yes,corr,None,None,None,None
2236,exp_acyclic_indvary2_step5_batch_yyy04.pl,x5,no,100.17,no,corr,None,None,None,None
2237,exp_acyclic_indvary2_step5_batch_yyy04.pl,c1,yes,0.36,yes,corr,None,None,None,None
2238,exp_acyclic_indvary2_step5_batch_yyy04.pl,t7,no,99.77,no,corr,None,None,None,None
2239,exp_acyclic_indvary2_step5_batch_yyy04.pl,x4,no,100.42,no,corr,None,None,None,None
2240,exp_acyclic_indvary2_step5_batch_yyy04.pl,w3,no,100.46,no,corr,None,None,None,None
2241,exp_acyclic_indvary2_step5_batch_yyy05.pl,z6,no,96.99,no,corr,None,None,None,None
2242,exp_acyclic_indvary2_step5_batch_yyy05.pl,p5,no,96.34,no,corr,None,None,None,None
2243,exp_acyclic_indvary2_step5_batch_yyy05.pl,w2,yes,1.68,yes,corr,None,None,None,None
2244,exp_acyclic_indvary2_step5_batch_yyy05.pl,w5,no,97.0,no,corr,None,None,None,None
2245,exp_acyclic_indvary2_step5_batch_yyy05.pl,z2,yes,0.41,yes,corr,None,None,None,None
2246,exp_acyclic_indvary2_step5_batch_yyy05.pl,d2,no,117.37,no,corr,None,None,None,None
2247,exp_acyclic_indvary2_step5_batch_yyy05.pl,u2,yes,0.37,yes,corr,None,None,None,None
2248,exp_acyclic_indvary2_step5_batch_yyy05.pl,x4,no,96.93,no,corr,None,None,None,None
2249,exp_acyclic_indvary2_step5_batch_yyy05.pl,c3,no,137.8,no,corr,None,None,None,None
2250,exp_acyclic_indvary2_step5_batch_yyy05.pl,t5,no,97.36,no,corr,None,None,None,None
2251,exp_acyclic_indvary2_step5_batch_yyy06.pl,y4,no,101.61,no,corr,None,None,None,None
2252,exp_acyclic_indvary2_step5_batch_yyy06.pl,t3,no,102.17,no,corr,None,None,None,None
2253,exp_acyclic_indvary2_step5_batch_yyy06.pl,x7,no,101.52,no,corr,None,None,None,None
2254,exp_acyclic_indvary2_step5_batch_yyy06.pl,a4,no,101.73,no,corr,None,None,None,None
2255,exp_acyclic_indvary2_step5_batch_yyy06.pl,w4,no,101.55,no,corr,None,None,None,None
2256,exp_acyclic_indvary2_step5_batch_yyy06.pl,t7,no,101.56,no,corr,None,None,None,None
2257,exp_acyclic_indvary2_step5_batch_yyy06.pl,q3,yes,0.5,yes,corr,None,None,None,None
2258,exp_acyclic_indvary2_step5_batch_yyy06.pl,v3,no,101.27,no,corr,None,None,None,None
2259,exp_acyclic_indvary2_step5_batch_yyy06.pl,r3,yes,0.36,yes,corr,None,None,None,None
2260,exp_acyclic_indvary2_step5_batch_yyy06.pl,w3,no,102.32,no,corr,None,None,None,None
2261,exp_acyclic_indvary2_step5_batch_yyy07.pl,u6,no,99.52,no,corr,None,None,None,None
2262,exp_acyclic_indvary2_step5_batch_yyy07.pl,x3,no,99.49,no,corr,None,None,None,None
2263,exp_acyclic_indvary2_step5_batch_yyy07.pl,e5,no,100.27,no,corr,None,None,None,None
2264,exp_acyclic_indvary2_step5_batch_yyy07.pl,a5,no,99.73,no,corr,None,None,None,None
2265,exp_acyclic_indvary2_step5_batch_yyy07.pl,r5,no,99.91,no,corr,None,None,None,None
2266,exp_acyclic_indvary2_step5_batch_yyy07.pl,y6,no,99.33,no,corr,None,None,None,None
2267,exp_acyclic_indvary2_step5_batch_yyy07.pl,c3,no,128.37,no,corr,None,None,None,None
2268,exp_acyclic_indvary2_step5_batch_yyy07.pl,t5,no,99.38,no,corr,None,None,None,None
2269,exp_acyclic_indvary2_step5_batch_yyy07.pl,b3,no,117.04,no,corr,None,None,None,None
2270,exp_acyclic_indvary2_step5_batch_yyy07.pl,w7,no,94.89,no,corr,None,None,None,None
2271,exp_acyclic_indvary2_step5_batch_yyy08.pl,d5,no,96.94,no,corr,None,None,None,None
2272,exp_acyclic_indvary2_step5_batch_yyy08.pl,c3,no,117.42,no,corr,None,None,None,None
2273,exp_acyclic_indvary2_step5_batch_yyy08.pl,q6,no,96.1,no,corr,None,None,None,None
2274,exp_acyclic_indvary2_step5_batch_yyy08.pl,e5,no,96.29,no,corr,None,None,None,None
2275,exp_acyclic_indvary2_step5_batch_yyy08.pl,c5,no,96.69,no,corr,None,None,None,None
2276,exp_acyclic_indvary2_step5_batch_yyy08.pl,e4,no,95.46,no,corr,None,None,None,None
2277,exp_acyclic_indvary2_step5_batch_yyy08.pl,w4,no,96.07,no,corr,None,None,None,None
2278,exp_acyclic_indvary2_step5_batch_yyy08.pl,v4,no,96.22,no,corr,None,None,None,None
2279,exp_acyclic_indvary2_step5_batch_yyy08.pl,s7,no,96.3,no,corr,None,None,None,None
2280,exp_acyclic_indvary2_step5_batch_yyy08.pl,p1,yes,0.73,yes,corr,None,None,None,None
2281,exp_acyclic_indvary2_step5_batch_yyy09.pl,a6,no,93.35,no,corr,None,None,None,None
2282,exp_acyclic_indvary2_step5_batch_yyy09.pl,d4,no,92.51,no,corr,None,None,None,None
2283,exp_acyclic_indvary2_step5_batch_yyy09.pl,u7,no,92.77,no,corr,None,None,None,None
2284,exp_acyclic_indvary2_step5_batch_yyy09.pl,c5,no,93.59,no,corr,None,None,None,None
2285,exp_acyclic_indvary2_step5_batch_yyy09.pl,a4,no,93.95,no,corr,None,None,None,None
2286,exp_acyclic_indvary2_step5_batch_yyy09.pl,x5,no,93.02,no,corr,None,None,None,None
2287,exp_acyclic_indvary2_step5_batch_yyy09.pl,a3,no,112.57,no,corr,None,None,None,None
2288,exp_acyclic_indvary2_step5_batch_yyy09.pl,y2,no,98.53,no,corr,None,None,None,None
2289,exp_acyclic_indvary2_step5_batch_yyy09.pl,v1,yes,0.5,yes,corr,None,None,None,None
2290,exp_acyclic_indvary2_step5_batch_yyy09.pl,p3,yes,0.59,yes,corr,None,None,None,None
2291,exp_acyclic_indvary2_step5_batch_yyy10.pl,v7,no,96.61,no,corr,None,None,None,None
2292,exp_acyclic_indvary2_step5_batch_yyy10.pl,v2,yes,0.41,yes,corr,None,None,None,None
2293,exp_acyclic_indvary2_step5_batch_yyy10.pl,u1,yes,0.49,yes,corr,None,None,None,None
2294,exp_acyclic_indvary2_step5_batch_yyy10.pl,d3,no,97.69,no,corr,None,None,None,None
2295,exp_acyclic_indvary2_step5_batch_yyy10.pl,z1,yes,0.39,yes,corr,None,None,None,None
2296,exp_acyclic_indvary2_step5_batch_yyy10.pl,q4,no,97.29,no,corr,None,None,None,None
2297,exp_acyclic_indvary2_step5_batch_yyy10.pl,v1,yes,0.47,yes,corr,None,None,None,None
2298,exp_acyclic_indvary2_step5_batch_yyy10.pl,t2,yes,0.84,yes,corr,None,None,None,None
2299,exp_acyclic_indvary2_step5_batch_yyy10.pl,s7,no,98.03,no,corr,None,None,None,None
2300,exp_acyclic_indvary2_step5_batch_yyy10.pl,w3,no,96.98,no,corr,None,None,None,None
2301,exp_acyclic_indvary2_step6_batch_yyy01.pl,v2,no,119.44,no,corr,None,None,None,None
2302,exp_acyclic_indvary2_step6_batch_yyy01.pl,u4,no,113.04,no,corr,None,None,None,None
2303,exp_acyclic_indvary2_step6_batch_yyy01.pl,w5,no,113.73,no,corr,None,None,None,None
2304,exp_acyclic_indvary2_step6_batch_yyy01.pl,t7,no,113.43,no,corr,None,None,None,None
2305,exp_acyclic_indvary2_step6_batch_yyy01.pl,x6,no,113.25,no,corr,None,None,None,None
2306,exp_acyclic_indvary2_step6_batch_yyy01.pl,r2,no,120.16,no,corr,None,None,None,None
2307,exp_acyclic_indvary2_step6_batch_yyy01.pl,a6,no,111.78,no,corr,None,None,None,None
2308,exp_acyclic_indvary2_step6_batch_yyy01.pl,s4,no,115.76,no,corr,None,None,None,None
2309,exp_acyclic_indvary2_step6_batch_yyy01.pl,f1,no,146.12,no,corr,None,None,None,None
2310,exp_acyclic_indvary2_step6_batch_yyy01.pl,e5,no,118.14,no,corr,None,None,None,None
2311,exp_acyclic_indvary2_step6_batch_yyy02.pl,z6,no,120.64,no,corr,None,None,None,None
2312,exp_acyclic_indvary2_step6_batch_yyy02.pl,x3,no,120.16,no,corr,None,None,None,None
2313,exp_acyclic_indvary2_step6_batch_yyy02.pl,v5,no,121.29,no,corr,None,None,None,None
2314,exp_acyclic_indvary2_step6_batch_yyy02.pl,s5,no,121.38,no,corr,None,None,None,None
2315,exp_acyclic_indvary2_step6_batch_yyy02.pl,a5,no,119.82,no,corr,None,None,None,None
2316,exp_acyclic_indvary2_step6_batch_yyy02.pl,t2,yes,0.84,yes,corr,None,None,None,None
2317,exp_acyclic_indvary2_step6_batch_yyy02.pl,d1,yes,1.35,yes,corr,None,None,None,None
2318,exp_acyclic_indvary2_step6_batch_yyy02.pl,q2,yes,0.59,yes,corr,None,None,None,None
2319,exp_acyclic_indvary2_step6_batch_yyy02.pl,w7,no,120.0,no,corr,None,None,None,None
2320,exp_acyclic_indvary2_step6_batch_yyy02.pl,v7,no,119.29,no,corr,None,None,None,None
2321,exp_acyclic_indvary2_step6_batch_yyy03.pl,v7,no,117.45,no,corr,None,None,None,None
2322,exp_acyclic_indvary2_step6_batch_yyy03.pl,x3,no,119.26,no,corr,None,None,None,None
2323,exp_acyclic_indvary2_step6_batch_yyy03.pl,f1,no,144.34,no,corr,None,None,None,None
2324,exp_acyclic_indvary2_step6_batch_yyy03.pl,s2,no,124.35,no,corr,None,None,None,None
2325,exp_acyclic_indvary2_step6_batch_yyy03.pl,c1,no,141.94,no,corr,None,None,None,None
2326,exp_acyclic_indvary2_step6_batch_yyy03.pl,s1,yes,0.63,yes,corr,None,None,None,None
2327,exp_acyclic_indvary2_step6_batch_yyy03.pl,a1,no,142.93,no,corr,None,None,None,None
2328,exp_acyclic_indvary2_step6_batch_yyy03.pl,u3,no,118.53,no,corr,None,None,None,None
2329,exp_acyclic_indvary2_step6_batch_yyy03.pl,e3,no,118.09,no,corr,None,None,None,None
2330,exp_acyclic_indvary2_step6_batch_yyy03.pl,r4,no,117.34,no,corr,None,None,None,None
2331,exp_acyclic_indvary2_step6_batch_yyy04.pl,a6,no,123.56,no,corr,None,None,None,None
2332,exp_acyclic_indvary2_step6_batch_yyy04.pl,u4,no,124.72,no,corr,None,None,None,None
2333,exp_acyclic_indvary2_step6_batch_yyy04.pl,w5,no,125.02,no,corr,None,None,None,None
2334,exp_acyclic_indvary2_step6_batch_yyy04.pl,c2,no,146.75,no,corr,None,None,None,None
2335,exp_acyclic_indvary2_step6_batch_yyy04.pl,e4,no,116.68,no,corr,None,None,None,None
2336,exp_acyclic_indvary2_step6_batch_yyy04.pl,c6,no,117.04,no,corr,None,None,None,None
2337,exp_acyclic_indvary2_step6_batch_yyy04.pl,a3,no,143.3,no,corr,None,None,None,None
2338,exp_acyclic_indvary2_step6_batch_yyy04.pl,y6,no,116.38,no,corr,None,None,None,None
2339,exp_acyclic_indvary2_step6_batch_yyy04.pl,y1,yes,0.61,yes,corr,None,None,None,None
2340,exp_acyclic_indvary2_step6_batch_yyy04.pl,r1,no,122.85,no,corr,None,None,None,None
2341,exp_acyclic_indvary2_step6_batch_yyy05.pl,e1,no,137.3,no,corr,None,None,None,None
2342,exp_acyclic_indvary2_step6_batch_yyy05.pl,c2,no,139.49,no,corr,None,None,None,None
2343,exp_acyclic_indvary2_step6_batch_yyy05.pl,x7,no,113.33,no,corr,None,None,None,None
2344,exp_acyclic_indvary2_step6_batch_yyy05.pl,w6,no,113.24,no,corr,None,None,None,None
2345,exp_acyclic_indvary2_step6_batch_yyy05.pl,e4,no,110.73,no,corr,None,None,None,None
2346,exp_acyclic_indvary2_step6_batch_yyy05.pl,f2,no,138.75,no,corr,None,None,None,None
2347,exp_acyclic_indvary2_step6_batch_yyy05.pl,y1,yes,0.83,yes,corr,None,None,None,None
2348,exp_acyclic_indvary2_step6_batch_yyy05.pl,s1,yes,0.32,yes,corr,None,None,None,None
2349,exp_acyclic_indvary2_step6_batch_yyy05.pl,y2,yes,0.39,yes,corr,None,None,None,None
2350,exp_acyclic_indvary2_step6_batch_yyy05.pl,x6,no,112.96,no,corr,None,None,None,None
2351,exp_acyclic_indvary2_step6_batch_yyy06.pl,t5,no,107.56,no,corr,None,None,None,None
2352,exp_acyclic_indvary2_step6_batch_yyy06.pl,z5,no,107.78,no,corr,None,None,None,None
2353,exp_acyclic_indvary2_step6_batch_yyy06.pl,e5,no,106.83,no,corr,None,None,None,None
2354,exp_acyclic_indvary2_step6_batch_yyy06.pl,s2,yes,0.49,yes,corr,None,None,None,None
2355,exp_acyclic_indvary2_step6_batch_yyy06.pl,z4,no,106.28,no,corr,None,None,None,None
2356,exp_acyclic_indvary2_step6_batch_yyy06.pl,v4,no,106.33,no,corr,None,None,None,None
2357,exp_acyclic_indvary2_step6_batch_yyy06.pl,a3,no,130.05,no,corr,None,None,None,None
2358,exp_acyclic_indvary2_step6_batch_yyy06.pl,x1,yes,0.38,yes,corr,None,None,None,None
2359,exp_acyclic_indvary2_step6_batch_yyy06.pl,s7,no,107.24,no,corr,None,None,None,None
2360,exp_acyclic_indvary2_step6_batch_yyy06.pl,f2,no,133.25,no,corr,None,None,None,None
2361,exp_acyclic_indvary2_step6_batch_yyy07.pl,u5,no,111.57,no,corr,None,None,None,None
2362,exp_acyclic_indvary2_step6_batch_yyy07.pl,u1,yes,0.91,yes,corr,None,None,None,None
2363,exp_acyclic_indvary2_step6_batch_yyy07.pl,v5,no,111.76,no,corr,None,None,None,None
2364,exp_acyclic_indvary2_step6_batch_yyy07.pl,s2,yes,0.65,yes,corr,None,None,None,None
2365,exp_acyclic_indvary2_step6_batch_yyy07.pl,e3,no,111.59,no,corr,None,None,None,None
2366,exp_acyclic_indvary2_step6_batch_yyy07.pl,d2,no,136.02,no,corr,None,None,None,None
2367,exp_acyclic_indvary2_step6_batch_yyy07.pl,v1,yes,0.39,yes,corr,None,None,None,None
2368,exp_acyclic_indvary2_step6_batch_yyy07.pl,p3,yes,0.48,yes,corr,None,None,None,None
2369,exp_acyclic_indvary2_step6_batch_yyy07.pl,t2,no,117.34,no,corr,None,None,None,None
2370,exp_acyclic_indvary2_step6_batch_yyy07.pl,s6,no,110.77,no,corr,None,None,None,None
2371,exp_acyclic_indvary2_step6_batch_yyy08.pl,u5,no,114.85,no,corr,None,None,None,None
2372,exp_acyclic_indvary2_step6_batch_yyy08.pl,b3,no,138.52,no,corr,None,None,None,None
2373,exp_acyclic_indvary2_step6_batch_yyy08.pl,t6,no,113.21,no,corr,None,None,None,None
2374,exp_acyclic_indvary2_step6_batch_yyy08.pl,d2,yes,0.39,yes,corr,None,None,None,None
2375,exp_acyclic_indvary2_step6_batch_yyy08.pl,x1,no,121.42,no,corr,None,None,None,None
2376,exp_acyclic_indvary2_step6_batch_yyy08.pl,s7,no,113.93,no,corr,None,None,None,None
2377,exp_acyclic_indvary2_step6_batch_yyy08.pl,e2,no,137.5,no,corr,None,None,None,None
2378,exp_acyclic_indvary2_step6_batch_yyy08.pl,q2,no,120.59,no,corr,None,None,None,None
2379,exp_acyclic_indvary2_step6_batch_yyy08.pl,w2,yes,0.42,yes,corr,None,None,None,None
2380,exp_acyclic_indvary2_step6_batch_yyy08.pl,e5,no,113.91,no,corr,None,None,None,None
2381,exp_acyclic_indvary2_step6_batch_yyy09.pl,u5,no,111.87,no,corr,None,None,None,None
2382,exp_acyclic_indvary2_step6_batch_yyy09.pl,t5,no,112.28,no,corr,None,None,None,None
2383,exp_acyclic_indvary2_step6_batch_yyy09.pl,b2,no,137.64,no,corr,None,None,None,None
2384,exp_acyclic_indvary2_step6_batch_yyy09.pl,p5,no,123.57,no,corr,None,None,None,None
2385,exp_acyclic_indvary2_step6_batch_yyy09.pl,e5,no,124.5,no,corr,None,None,None,None
2386,exp_acyclic_indvary2_step6_batch_yyy09.pl,t3,no,122.94,no,corr,None,None,None,None
2387,exp_acyclic_indvary2_step6_batch_yyy09.pl,b1,no,148.6,no,corr,None,None,None,None
2388,exp_acyclic_indvary2_step6_batch_yyy09.pl,b5,no,122.36,no,corr,None,None,None,None
2389,exp_acyclic_indvary2_step6_batch_yyy09.pl,d2,yes,0.44,yes,corr,None,None,None,None
2390,exp_acyclic_indvary2_step6_batch_yyy09.pl,e2,yes,0.4,yes,corr,None,None,None,None
2391,exp_acyclic_indvary2_step6_batch_yyy10.pl,z6,no,120.12,no,corr,None,None,None,None
2392,exp_acyclic_indvary2_step6_batch_yyy10.pl,p7,no,120.06,no,corr,None,None,None,None
2393,exp_acyclic_indvary2_step6_batch_yyy10.pl,x2,no,126.7,no,corr,None,None,None,None
2394,exp_acyclic_indvary2_step6_batch_yyy10.pl,c6,no,120.3,no,corr,None,None,None,None
2395,exp_acyclic_indvary2_step6_batch_yyy10.pl,x1,yes,0.47,yes,corr,None,None,None,None
2396,exp_acyclic_indvary2_step6_batch_yyy10.pl,r7,no,121.01,no,corr,None,None,None,None
2397,exp_acyclic_indvary2_step6_batch_yyy10.pl,e2,no,152.2,no,corr,None,None,None,None
2398,exp_acyclic_indvary2_step6_batch_yyy10.pl,q7,no,121.99,no,corr,None,None,None,None
2399,exp_acyclic_indvary2_step6_batch_yyy10.pl,c5,no,120.8,no,corr,None,None,None,None
2400,exp_acyclic_indvary2_step6_batch_yyy10.pl,c2,yes,0.46,yes,corr,None,None,None,None
2401,exp_acyclic_indvary2_step7_batch_yyy01.pl,t4,no,148.77,no,corr,None,None,None,None
2402,exp_acyclic_indvary2_step7_batch_yyy01.pl,b2,yes,0.24,yes,corr,None,None,None,None
2403,exp_acyclic_indvary2_step7_batch_yyy01.pl,p5,no,147.89,no,corr,None,None,None,None
2404,exp_acyclic_indvary2_step7_batch_yyy01.pl,r5,no,149.43,no,corr,None,None,None,None
2405,exp_acyclic_indvary2_step7_batch_yyy01.pl,z2,yes,3.65,yes,corr,None,None,None,None
2406,exp_acyclic_indvary2_step7_batch_yyy01.pl,b6,no,150.07,no,corr,None,None,None,None
2407,exp_acyclic_indvary2_step7_batch_yyy01.pl,r3,no,156.93,no,corr,None,None,None,None
2408,exp_acyclic_indvary2_step7_batch_yyy01.pl,w3,no,146.67,no,corr,None,None,None,None
2409,exp_acyclic_indvary2_step7_batch_yyy01.pl,r6,no,150.08,no,corr,None,None,None,None
2410,exp_acyclic_indvary2_step7_batch_yyy01.pl,e5,no,150.12,no,corr,None,None,None,None
2411,exp_acyclic_indvary2_step7_batch_yyy02.pl,s3,no,155.27,no,corr,None,None,None,None
2412,exp_acyclic_indvary2_step7_batch_yyy02.pl,z6,no,150.97,no,corr,None,None,None,None
2413,exp_acyclic_indvary2_step7_batch_yyy02.pl,e1,yes,0.77,yes,corr,None,None,None,None
2414,exp_acyclic_indvary2_step7_batch_yyy02.pl,v5,no,151.39,no,corr,None,None,None,None
2415,exp_acyclic_indvary2_step7_batch_yyy02.pl,q5,no,154.34,no,corr,None,None,None,None
2416,exp_acyclic_indvary2_step7_batch_yyy02.pl,c5,no,157.13,no,corr,None,None,None,None
2417,exp_acyclic_indvary2_step7_batch_yyy02.pl,f5,no,152.7,no,corr,None,None,None,None
2418,exp_acyclic_indvary2_step7_batch_yyy02.pl,p3,yes,0.39,yes,corr,None,None,None,None
2419,exp_acyclic_indvary2_step7_batch_yyy02.pl,z4,no,154.93,no,corr,None,None,None,None
2420,exp_acyclic_indvary2_step7_batch_yyy02.pl,r5,no,155.2,no,corr,None,None,None,None
2421,exp_acyclic_indvary2_step7_batch_yyy03.pl,z5,no,147.35,no,corr,None,None,None,None
2422,exp_acyclic_indvary2_step7_batch_yyy03.pl,x3,no,142.94,no,corr,None,None,None,None
2423,exp_acyclic_indvary2_step7_batch_yyy03.pl,w2,yes,0.49,yes,corr,None,None,None,None
2424,exp_acyclic_indvary2_step7_batch_yyy03.pl,u7,no,141.22,no,corr,None,None,None,None
2425,exp_acyclic_indvary2_step7_batch_yyy03.pl,s5,no,143.07,no,corr,None,None,None,None
2426,exp_acyclic_indvary2_step7_batch_yyy03.pl,c2,no,181.56,no,corr,None,None,None,None
2427,exp_acyclic_indvary2_step7_batch_yyy03.pl,b5,no,144.21,no,corr,None,None,None,None
2428,exp_acyclic_indvary2_step7_batch_yyy03.pl,u3,no,143.04,no,corr,None,None,None,None
2429,exp_acyclic_indvary2_step7_batch_yyy03.pl,r1,no,153.69,no,corr,None,None,None,None
2430,exp_acyclic_indvary2_step7_batch_yyy03.pl,r7,no,145.32,no,corr,None,None,None,None
2431,exp_acyclic_indvary2_step7_batch_yyy04.pl,t4,no,139.85,no,corr,None,None,None,None
2432,exp_acyclic_indvary2_step7_batch_yyy04.pl,u7,no,139.95,no,corr,None,None,None,None
2433,exp_acyclic_indvary2_step7_batch_yyy04.pl,t3,no,142.41,no,corr,None,None,None,None
2434,exp_acyclic_indvary2_step7_batch_yyy04.pl,c5,no,142.27,no,corr,None,None,None,None
2435,exp_acyclic_indvary2_step7_batch_yyy04.pl,d2,no,171.28,no,corr,None,None,None,None
2436,exp_acyclic_indvary2_step7_batch_yyy04.pl,t1,yes,0.45,yes,corr,None,None,None,None
2437,exp_acyclic_indvary2_step7_batch_yyy04.pl,q3,yes,0.39,yes,corr,None,None,None,None
2438,exp_acyclic_indvary2_step7_batch_yyy04.pl,y2,yes,0.81,yes,corr,None,None,None,None
2439,exp_acyclic_indvary2_step7_batch_yyy04.pl,y5,no,139.8,no,corr,None,None,None,None
2440,exp_acyclic_indvary2_step7_batch_yyy04.pl,y6,no,142.55,no,corr,None,None,None,None
2441,exp_acyclic_indvary2_step7_batch_yyy05.pl,u6,no,140.38,no,corr,None,None,None,None
2442,exp_acyclic_indvary2_step7_batch_yyy05.pl,c4,no,141.01,no,corr,None,None,None,None
2443,exp_acyclic_indvary2_step7_batch_yyy05.pl,s4,no,138.67,no,corr,None,None,None,None
2444,exp_acyclic_indvary2_step7_batch_yyy05.pl,c5,no,138.97,no,corr,None,None,None,None
2445,exp_acyclic_indvary2_step7_batch_yyy05.pl,q4,no,139.83,no,corr,None,None,None,None
2446,exp_acyclic_indvary2_step7_batch_yyy05.pl,f5,no,140.31,no,corr,None,None,None,None
2447,exp_acyclic_indvary2_step7_batch_yyy05.pl,w1,yes,0.42,yes,corr,None,None,None,None
2448,exp_acyclic_indvary2_step7_batch_yyy05.pl,e3,no,136.22,no,corr,None,None,None,None
2449,exp_acyclic_indvary2_step7_batch_yyy05.pl,y2,yes,0.41,yes,corr,None,None,None,None
2450,exp_acyclic_indvary2_step7_batch_yyy05.pl,q2,yes,0.44,yes,corr,None,None,None,None
2451,exp_acyclic_indvary2_step7_batch_yyy06.pl,s4,no,139.18,no,corr,None,None,None,None
2452,exp_acyclic_indvary2_step7_batch_yyy06.pl,w2,yes,0.36,yes,corr,None,None,None,None
2453,exp_acyclic_indvary2_step7_batch_yyy06.pl,w4,no,138.35,no,corr,None,None,None,None
2454,exp_acyclic_indvary2_step7_batch_yyy06.pl,f4,no,140.02,no,corr,None,None,None,None
2455,exp_acyclic_indvary2_step7_batch_yyy06.pl,x1,yes,0.37,yes,corr,None,None,None,None
2456,exp_acyclic_indvary2_step7_batch_yyy06.pl,r7,no,140.41,no,corr,None,None,None,None
2457,exp_acyclic_indvary2_step7_batch_yyy06.pl,p1,yes,0.66,yes,corr,None,None,None,None
2458,exp_acyclic_indvary2_step7_batch_yyy06.pl,a2,yes,0.69,yes,corr,None,None,None,None
2459,exp_acyclic_indvary2_step7_batch_yyy06.pl,p6,no,138.89,no,corr,None,None,None,None
2460,exp_acyclic_indvary2_step7_batch_yyy06.pl,q2,yes,0.98,yes,corr,None,None,None,None
2461,exp_acyclic_indvary2_step7_batch_yyy07.pl,u6,no,139.74,no,corr,None,None,None,None
2462,exp_acyclic_indvary2_step7_batch_yyy07.pl,b2,yes,0.54,yes,corr,None,None,None,None
2463,exp_acyclic_indvary2_step7_batch_yyy07.pl,v7,no,140.59,no,corr,None,None,None,None
2464,exp_acyclic_indvary2_step7_batch_yyy07.pl,z5,no,140.88,no,corr,None,None,None,None
2465,exp_acyclic_indvary2_step7_batch_yyy07.pl,s1,yes,0.49,yes,corr,None,None,None,None
2466,exp_acyclic_indvary2_step7_batch_yyy07.pl,f4,no,139.61,no,corr,None,None,None,None
2467,exp_acyclic_indvary2_step7_batch_yyy07.pl,y2,yes,0.51,yes,corr,None,None,None,None
2468,exp_acyclic_indvary2_step7_batch_yyy07.pl,r7,no,140.87,no,corr,None,None,None,None
2469,exp_acyclic_indvary2_step7_batch_yyy07.pl,z4,no,136.84,no,corr,None,None,None,None
2470,exp_acyclic_indvary2_step7_batch_yyy07.pl,r5,no,140.56,no,corr,None,None,None,None
2471,exp_acyclic_indvary2_step7_batch_yyy08.pl,q6,no,150.28,no,corr,None,None,None,None
2472,exp_acyclic_indvary2_step7_batch_yyy08.pl,d3,no,150.03,no,corr,None,None,None,None
2473,exp_acyclic_indvary2_step7_batch_yyy08.pl,v5,no,146.65,no,corr,None,None,None,None
2474,exp_acyclic_indvary2_step7_batch_yyy08.pl,w6,no,145.56,no,corr,None,None,None,None
2475,exp_acyclic_indvary2_step7_batch_yyy08.pl,r5,no,150.89,no,corr,None,None,None,None
2476,exp_acyclic_indvary2_step7_batch_yyy08.pl,u2,yes,0.43,yes,corr,None,None,None,None
2477,exp_acyclic_indvary2_step7_batch_yyy08.pl,s4,no,151.22,no,corr,None,None,None,None
2478,exp_acyclic_indvary2_step7_batch_yyy08.pl,v7,no,150.4,no,corr,None,None,None,None
2479,exp_acyclic_indvary2_step7_batch_yyy08.pl,y2,yes,0.54,yes,corr,None,None,None,None
2480,exp_acyclic_indvary2_step7_batch_yyy08.pl,x6,no,147.34,no,corr,None,None,None,None
2481,exp_acyclic_indvary2_step7_batch_yyy09.pl,a6,no,145.87,no,corr,None,None,None,None
2482,exp_acyclic_indvary2_step7_batch_yyy09.pl,e1,no,189.27,no,corr,None,None,None,None
2483,exp_acyclic_indvary2_step7_batch_yyy09.pl,d4,no,147.18,no,corr,None,None,None,None
2484,exp_acyclic_indvary2_step7_batch_yyy09.pl,b4,no,142.29,no,corr,None,None,None,None
2485,exp_acyclic_indvary2_step7_batch_yyy09.pl,a4,no,142.13,no,corr,None,None,None,None
2486,exp_acyclic_indvary2_step7_batch_yyy09.pl,z4,no,142.37,no,corr,None,None,None,None
2487,exp_acyclic_indvary2_step7_batch_yyy09.pl,v1,yes,0.52,yes,corr,None,None,None,None
2488,exp_acyclic_indvary2_step7_batch_yyy09.pl,b5,no,144.53,no,corr,None,None,None,None
2489,exp_acyclic_indvary2_step7_batch_yyy09.pl,y2,no,150.71,no,corr,None,None,None,None
2490,exp_acyclic_indvary2_step7_batch_yyy09.pl,q7,no,146.46,no,corr,None,None,None,None
2491,exp_acyclic_indvary2_step7_batch_yyy10.pl,t5,no,148.45,no,corr,None,None,None,None
2492,exp_acyclic_indvary2_step7_batch_yyy10.pl,z6,no,149.72,no,corr,None,None,None,None
2493,exp_acyclic_indvary2_step7_batch_yyy10.pl,e1,no,180.36,no,corr,None,None,None,None
2494,exp_acyclic_indvary2_step7_batch_yyy10.pl,s5,no,150.78,no,corr,None,None,None,None
2495,exp_acyclic_indvary2_step7_batch_yyy10.pl,x1,yes,0.44,yes,corr,None,None,None,None
2496,exp_acyclic_indvary2_step7_batch_yyy10.pl,p6,no,139.06,no,corr,None,None,None,None
2497,exp_acyclic_indvary2_step7_batch_yyy10.pl,s4,no,137.25,no,corr,None,None,None,None
2498,exp_acyclic_indvary2_step7_batch_yyy10.pl,w7,no,140.13,no,corr,None,None,None,None
2499,exp_acyclic_indvary2_step7_batch_yyy10.pl,c1,no,172.06,no,corr,None,None,None,None
2500,exp_acyclic_indvary2_step7_batch_yyy10.pl,s6,no,142.02,no,corr,None,None,None,None
2501,exp_acyclic_indvary2_step8_batch_yyy01.pl,q6,no,145.23,no,corr,None,None,None,None
2502,exp_acyclic_indvary2_step8_batch_yyy01.pl,c5,no,144.3,no,corr,None,None,None,None
2503,exp_acyclic_indvary2_step8_batch_yyy01.pl,v4,no,144.96,no,corr,None,None,None,None
2504,exp_acyclic_indvary2_step8_batch_yyy01.pl,d2,yes,0.48,yes,corr,None,None,None,None
2505,exp_acyclic_indvary2_step8_batch_yyy01.pl,p2,yes,0.45,yes,corr,None,None,None,None
2506,exp_acyclic_indvary2_step8_batch_yyy01.pl,r7,no,145.28,no,corr,None,None,None,None
2507,exp_acyclic_indvary2_step8_batch_yyy01.pl,w3,no,141.38,no,corr,None,None,None,None
2508,exp_acyclic_indvary2_step8_batch_yyy01.pl,x5,no,140.48,no,corr,None,None,None,None
2509,exp_acyclic_indvary2_step8_batch_yyy01.pl,t2,yes,0.46,yes,corr,None,None,None,None
2510,exp_acyclic_indvary2_step8_batch_yyy01.pl,s6,no,142.89,no,corr,None,None,None,None
2511,exp_acyclic_indvary2_step8_batch_yyy02.pl,f1,yes,0.43,yes,corr,None,None,None,None
2512,exp_acyclic_indvary2_step8_batch_yyy02.pl,r5,no,151.5,no,corr,None,None,None,None
2513,exp_acyclic_indvary2_step8_batch_yyy02.pl,v3,no,149.66,no,corr,None,None,None,None
2514,exp_acyclic_indvary2_step8_batch_yyy02.pl,d1,yes,0.61,yes,corr,None,None,None,None
2515,exp_acyclic_indvary2_step8_batch_yyy02.pl,y5,no,147.3,no,corr,None,None,None,None
2516,exp_acyclic_indvary2_step8_batch_yyy02.pl,f2,yes,0.61,yes,corr,None,None,None,None
2517,exp_acyclic_indvary2_step8_batch_yyy02.pl,v2,no,155.22,no,corr,None,None,None,None
2518,exp_acyclic_indvary2_step8_batch_yyy02.pl,q6,no,150.14,no,corr,None,None,None,None
2519,exp_acyclic_indvary2_step8_batch_yyy02.pl,v5,no,150.43,no,corr,None,None,None,None
2520,exp_acyclic_indvary2_step8_batch_yyy02.pl,w5,no,147.16,no,corr,None,None,None,None
2521,exp_acyclic_indvary2_step8_batch_yyy03.pl,d5,no,138.76,no,corr,None,None,None,None
2522,exp_acyclic_indvary2_step8_batch_yyy03.pl,v7,no,138.94,no,corr,None,None,None,None
2523,exp_acyclic_indvary2_step8_batch_yyy03.pl,d3,no,139.27,no,corr,None,None,None,None
2524,exp_acyclic_indvary2_step8_batch_yyy03.pl,t6,no,138.49,no,corr,None,None,None,None
2525,exp_acyclic_indvary2_step8_batch_yyy03.pl,f5,no,137.72,no,corr,None,None,None,None
2526,exp_acyclic_indvary2_step8_batch_yyy03.pl,z3,no,140.74,no,corr,None,None,None,None
2527,exp_acyclic_indvary2_step8_batch_yyy03.pl,d1,yes,0.38,yes,corr,None,None,None,None
2528,exp_acyclic_indvary2_step8_batch_yyy03.pl,q7,no,141.66,no,corr,None,None,None,None
2529,exp_acyclic_indvary2_step8_batch_yyy03.pl,r2,yes,0.41,yes,corr,None,None,None,None
2530,exp_acyclic_indvary2_step8_batch_yyy03.pl,r7,no,141.31,no,corr,None,None,None,None
2531,exp_acyclic_indvary2_step8_batch_yyy04.pl,p4,no,140.36,no,corr,None,None,None,None
2532,exp_acyclic_indvary2_step8_batch_yyy04.pl,q5,no,143.95,no,corr,None,None,None,None
2533,exp_acyclic_indvary2_step8_batch_yyy04.pl,x5,no,145.5,no,corr,None,None,None,None
2534,exp_acyclic_indvary2_step8_batch_yyy04.pl,p2,no,155.07,no,corr,None,None,None,None
2535,exp_acyclic_indvary2_step8_batch_yyy04.pl,f1,yes,0.94,yes,corr,None,None,None,None
2536,exp_acyclic_indvary2_step8_batch_yyy04.pl,e5,no,142.93,no,corr,None,None,None,None
2537,exp_acyclic_indvary2_step8_batch_yyy04.pl,w5,no,145.26,no,corr,None,None,None,None
2538,exp_acyclic_indvary2_step8_batch_yyy04.pl,u7,no,146.05,no,corr,None,None,None,None
2539,exp_acyclic_indvary2_step8_batch_yyy04.pl,e2,no,185.52,no,corr,None,None,None,None
2540,exp_acyclic_indvary2_step8_batch_yyy04.pl,t1,yes,0.61,yes,corr,None,None,None,None
2541,exp_acyclic_indvary2_step8_batch_yyy05.pl,p4,no,143.72,no,corr,None,None,None,None
2542,exp_acyclic_indvary2_step8_batch_yyy05.pl,w2,yes,0.56,yes,corr,None,None,None,None
2543,exp_acyclic_indvary2_step8_batch_yyy05.pl,b1,yes,0.38,yes,corr,None,None,None,None
2544,exp_acyclic_indvary2_step8_batch_yyy05.pl,x2,yes,0.65,yes,corr,None,None,None,None
2545,exp_acyclic_indvary2_step8_batch_yyy05.pl,t2,yes,0.64,yes,corr,None,None,None,None
2546,exp_acyclic_indvary2_step8_batch_yyy05.pl,y2,yes,0.62,yes,corr,None,None,None,None
2547,exp_acyclic_indvary2_step8_batch_yyy05.pl,b6,no,146.3,no,corr,None,None,None,None
2548,exp_acyclic_indvary2_step8_batch_yyy05.pl,a2,no,176.9,no,corr,None,None,None,None
2549,exp_acyclic_indvary2_step8_batch_yyy05.pl,b4,no,147.75,no,corr,None,None,None,None
2550,exp_acyclic_indvary2_step8_batch_yyy05.pl,t3,no,145.14,no,corr,None,None,None,None
2551,exp_acyclic_indvary2_step8_batch_yyy06.pl,v6,no,142.53,no,corr,None,None,None,None
2552,exp_acyclic_indvary2_step8_batch_yyy06.pl,w5,no,143.12,no,corr,None,None,None,None
2553,exp_acyclic_indvary2_step8_batch_yyy06.pl,f3,no,143.17,no,corr,None,None,None,None
2554,exp_acyclic_indvary2_step8_batch_yyy06.pl,e3,no,142.99,no,corr,None,None,None,None
2555,exp_acyclic_indvary2_step8_batch_yyy06.pl,r1,yes,0.55,yes,corr,None,None,None,None
2556,exp_acyclic_indvary2_step8_batch_yyy06.pl,b6,no,141.74,no,corr,None,None,None,None
2557,exp_acyclic_indvary2_step8_batch_yyy06.pl,p1,yes,1.09,yes,corr,None,None,None,None
2558,exp_acyclic_indvary2_step8_batch_yyy06.pl,q2,no,153.06,no,corr,None,None,None,None
2559,exp_acyclic_indvary2_step8_batch_yyy06.pl,c5,no,143.81,no,corr,None,None,None,None
2560,exp_acyclic_indvary2_step8_batch_yyy06.pl,b1,no,174.31,no,corr,None,None,None,None
2561,exp_acyclic_indvary2_step8_batch_yyy07.pl,u5,no,143.75,no,corr,None,None,None,None
2562,exp_acyclic_indvary2_step8_batch_yyy07.pl,z5,no,146.91,no,corr,None,None,None,None
2563,exp_acyclic_indvary2_step8_batch_yyy07.pl,b4,no,147.94,no,corr,None,None,None,None
2564,exp_acyclic_indvary2_step8_batch_yyy07.pl,w1,yes,0.8,yes,corr,None,None,None,None
2565,exp_acyclic_indvary2_step8_batch_yyy07.pl,x5,no,146.38,no,corr,None,None,None,None
2566,exp_acyclic_indvary2_step8_batch_yyy07.pl,u3,no,143.09,no,corr,None,None,None,None
2567,exp_acyclic_indvary2_step8_batch_yyy07.pl,s2,yes,0.39,yes,corr,None,None,None,None
2568,exp_acyclic_indvary2_step8_batch_yyy07.pl,a5,no,148.27,no,corr,None,None,None,None
2569,exp_acyclic_indvary2_step8_batch_yyy07.pl,y1,yes,0.43,yes,corr,None,None,None,None
2570,exp_acyclic_indvary2_step8_batch_yyy07.pl,r1,yes,0.53,yes,corr,None,None,None,None
2571,exp_acyclic_indvary2_step8_batch_yyy08.pl,z6,no,149.05,no,corr,None,None,None,None
2572,exp_acyclic_indvary2_step8_batch_yyy08.pl,v2,yes,0.59,yes,corr,None,None,None,None
2573,exp_acyclic_indvary2_step8_batch_yyy08.pl,c5,no,150.92,no,corr,None,None,None,None
2574,exp_acyclic_indvary2_step8_batch_yyy08.pl,w6,no,146.57,no,corr,None,None,None,None
2575,exp_acyclic_indvary2_step8_batch_yyy08.pl,z4,no,149.71,no,corr,None,None,None,None
2576,exp_acyclic_indvary2_step8_batch_yyy08.pl,s1,yes,0.58,yes,corr,None,None,None,None
2577,exp_acyclic_indvary2_step8_batch_yyy08.pl,a3,yes,0.6,yes,corr,None,None,None,None
2578,exp_acyclic_indvary2_step8_batch_yyy08.pl,q7,no,151.15,no,corr,None,None,None,None
2579,exp_acyclic_indvary2_step8_batch_yyy08.pl,x5,no,152.32,no,corr,None,None,None,None
2580,exp_acyclic_indvary2_step8_batch_yyy08.pl,b5,no,144.39,no,corr,None,None,None,None
2581,exp_acyclic_indvary2_step8_batch_yyy09.pl,q6,no,141.36,no,corr,None,None,None,None
2582,exp_acyclic_indvary2_step8_batch_yyy09.pl,t6,no,141.74,no,corr,None,None,None,None
2583,exp_acyclic_indvary2_step8_batch_yyy09.pl,e3,no,144.79,no,corr,None,None,None,None
2584,exp_acyclic_indvary2_step8_batch_yyy09.pl,r1,no,154.1,no,corr,None,None,None,None
2585,exp_acyclic_indvary2_step8_batch_yyy09.pl,d4,no,147.58,no,corr,None,None,None,None
2586,exp_acyclic_indvary2_step8_batch_yyy09.pl,x3,no,147.54,no,corr,None,None,None,None
2587,exp_acyclic_indvary2_step8_batch_yyy09.pl,f1,no,170.33,no,corr,None,None,None,None
2588,exp_acyclic_indvary2_step8_batch_yyy09.pl,e5,no,142.48,no,corr,None,None,None,None
2589,exp_acyclic_indvary2_step8_batch_yyy09.pl,f4,no,130.67,no,corr,None,None,None,None
2590,exp_acyclic_indvary2_step8_batch_yyy09.pl,a3,no,158.03,no,corr,None,None,None,None
2591,exp_acyclic_indvary2_step8_batch_yyy10.pl,c3,no,162.82,no,corr,None,None,None,None
2592,exp_acyclic_indvary2_step8_batch_yyy10.pl,v7,no,134.27,no,corr,None,None,None,None
2593,exp_acyclic_indvary2_step8_batch_yyy10.pl,v6,no,134.96,no,corr,None,None,None,None
2594,exp_acyclic_indvary2_step8_batch_yyy10.pl,b4,no,133.48,no,corr,None,None,None,None
2595,exp_acyclic_indvary2_step8_batch_yyy10.pl,t6,no,133.21,no,corr,None,None,None,None
2596,exp_acyclic_indvary2_step8_batch_yyy10.pl,e3,no,132.66,no,corr,None,None,None,None
2597,exp_acyclic_indvary2_step8_batch_yyy10.pl,a3,yes,0.71,yes,corr,None,None,None,None
2598,exp_acyclic_indvary2_step8_batch_yyy10.pl,d1,no,162.52,no,corr,None,None,None,None
2599,exp_acyclic_indvary2_step8_batch_yyy10.pl,w6,no,133.19,no,corr,None,None,None,None
2600,exp_acyclic_indvary2_step8_batch_yyy10.pl,x2,yes,0.49,yes,corr,None,None,None,None
2601,exp_acyclic_indvary3_step1_batch_yyy01.pl,t3,no,9.74,no,corr,None,None,None,None
2602,exp_acyclic_indvary3_step1_batch_yyy01.pl,a5,no,8.89,no,corr,None,None,None,None
2603,exp_acyclic_indvary3_step1_batch_yyy01.pl,p3,yes,0.34,yes,corr,None,None,None,None
2604,exp_acyclic_indvary3_step1_batch_yyy01.pl,c1,no,11.55,no,corr,None,None,None,None
2605,exp_acyclic_indvary3_step1_batch_yyy01.pl,e3,no,8.78,no,corr,None,None,None,None
2606,exp_acyclic_indvary3_step1_batch_yyy01.pl,q3,yes,0.21,yes,corr,None,None,None,None
2607,exp_acyclic_indvary3_step1_batch_yyy01.pl,r7,no,8.76,no,corr,None,None,None,None
2608,exp_acyclic_indvary3_step1_batch_yyy01.pl,u2,yes,0.2,yes,corr,None,None,None,None
2609,exp_acyclic_indvary3_step1_batch_yyy01.pl,r1,no,8.56,no,corr,None,None,None,None
2610,exp_acyclic_indvary3_step1_batch_yyy01.pl,d2,yes,0.18,yes,corr,None,None,None,None
2611,exp_acyclic_indvary3_step1_batch_yyy02.pl,u6,no,8.01,no,corr,None,None,None,None
2612,exp_acyclic_indvary3_step1_batch_yyy02.pl,z5,no,8.08,no,corr,None,None,None,None
2613,exp_acyclic_indvary3_step1_batch_yyy02.pl,f1,no,10.95,no,corr,None,None,None,None
2614,exp_acyclic_indvary3_step1_batch_yyy02.pl,v5,no,8.37,no,corr,None,None,None,None
2615,exp_acyclic_indvary3_step1_batch_yyy02.pl,c2,yes,0.45,yes,corr,None,None,None,None
2616,exp_acyclic_indvary3_step1_batch_yyy02.pl,x7,no,8.1,no,corr,None,None,None,None
2617,exp_acyclic_indvary3_step1_batch_yyy02.pl,f5,no,8.54,no,corr,None,None,None,None
2618,exp_acyclic_indvary3_step1_batch_yyy02.pl,v1,yes,0.43,yes,corr,None,None,None,None
2619,exp_acyclic_indvary3_step1_batch_yyy02.pl,t7,no,8.3,no,corr,None,None,None,None
2620,exp_acyclic_indvary3_step1_batch_yyy02.pl,y5,no,8.05,no,corr,None,None,None,None
2621,exp_acyclic_indvary3_step1_batch_yyy03.pl,q6,no,8.74,no,corr,None,None,None,None
2622,exp_acyclic_indvary3_step1_batch_yyy03.pl,u1,no,9.82,no,corr,None,None,None,None
2623,exp_acyclic_indvary3_step1_batch_yyy03.pl,c5,no,8.82,no,corr,None,None,None,None
2624,exp_acyclic_indvary3_step1_batch_yyy03.pl,t7,no,8.57,no,corr,None,None,None,None
2625,exp_acyclic_indvary3_step1_batch_yyy03.pl,y2,no,14.7,no,corr,None,None,None,None
2626,exp_acyclic_indvary3_step1_batch_yyy03.pl,e2,yes,0.33,yes,corr,None,None,None,None
2627,exp_acyclic_indvary3_step1_batch_yyy03.pl,e3,no,8.5,no,corr,None,None,None,None
2628,exp_acyclic_indvary3_step1_batch_yyy03.pl,r4,no,8.83,no,corr,None,None,None,None
2629,exp_acyclic_indvary3_step1_batch_yyy03.pl,y1,yes,0.48,yes,corr,None,None,None,None
2630,exp_acyclic_indvary3_step1_batch_yyy03.pl,s1,no,9.91,no,corr,None,None,None,None
2631,exp_acyclic_indvary3_step1_batch_yyy04.pl,z5,no,7.99,no,corr,None,None,None,None
2632,exp_acyclic_indvary3_step1_batch_yyy04.pl,d4,no,7.75,no,corr,None,None,None,None
2633,exp_acyclic_indvary3_step1_batch_yyy04.pl,u4,no,7.75,no,corr,None,None,None,None
2634,exp_acyclic_indvary3_step1_batch_yyy04.pl,b1,yes,0.19,yes,corr,None,None,None,None
2635,exp_acyclic_indvary3_step1_batch_yyy04.pl,x7,no,7.67,no,corr,None,None,None,None
2636,exp_acyclic_indvary3_step1_batch_yyy04.pl,s6,no,7.71,no,corr,None,None,None,None
2637,exp_acyclic_indvary3_step1_batch_yyy04.pl,d2,no,10.59,no,corr,None,None,None,None
2638,exp_acyclic_indvary3_step1_batch_yyy04.pl,r2,no,9.04,no,corr,None,None,None,None
2639,exp_acyclic_indvary3_step1_batch_yyy04.pl,c3,yes,0.76,yes,corr,None,None,None,None
2640,exp_acyclic_indvary3_step1_batch_yyy04.pl,s3,yes,0.38,yes,corr,None,None,None,None
2641,exp_acyclic_indvary3_step1_batch_yyy05.pl,z6,no,9.75,no,corr,None,None,None,None
2642,exp_acyclic_indvary3_step1_batch_yyy05.pl,b3,no,12.26,no,corr,None,None,None,None
2643,exp_acyclic_indvary3_step1_batch_yyy05.pl,v2,no,9.94,no,corr,None,None,None,None
2644,exp_acyclic_indvary3_step1_batch_yyy05.pl,x3,yes,0.43,yes,corr,None,None,None,None
2645,exp_acyclic_indvary3_step1_batch_yyy05.pl,t3,yes,0.37,yes,corr,None,None,None,None
2646,exp_acyclic_indvary3_step1_batch_yyy05.pl,w4,no,10.19,no,corr,None,None,None,None
2647,exp_acyclic_indvary3_step1_batch_yyy05.pl,t2,yes,0.65,yes,corr,None,None,None,None
2648,exp_acyclic_indvary3_step1_batch_yyy05.pl,r2,no,10.88,no,corr,None,None,None,None
2649,exp_acyclic_indvary3_step1_batch_yyy05.pl,s1,yes,0.18,yes,corr,None,None,None,None
2650,exp_acyclic_indvary3_step1_batch_yyy05.pl,d2,yes,0.17,yes,corr,None,None,None,None
2651,exp_acyclic_indvary3_step1_batch_yyy06.pl,u6,no,8.37,no,corr,None,None,None,None
2652,exp_acyclic_indvary3_step1_batch_yyy06.pl,d3,no,8.45,no,corr,None,None,None,None
2653,exp_acyclic_indvary3_step1_batch_yyy06.pl,w5,no,8.32,no,corr,None,None,None,None
2654,exp_acyclic_indvary3_step1_batch_yyy06.pl,b4,no,8.75,no,corr,None,None,None,None
2655,exp_acyclic_indvary3_step1_batch_yyy06.pl,v1,yes,0.34,yes,corr,None,None,None,None
2656,exp_acyclic_indvary3_step1_batch_yyy06.pl,t7,no,8.73,no,corr,None,None,None,None
2657,exp_acyclic_indvary3_step1_batch_yyy06.pl,p2,no,10.07,no,corr,None,None,None,None
2658,exp_acyclic_indvary3_step1_batch_yyy06.pl,q3,yes,0.37,yes,corr,None,None,None,None
2659,exp_acyclic_indvary3_step1_batch_yyy06.pl,v3,no,10.02,no,corr,None,None,None,None
2660,exp_acyclic_indvary3_step1_batch_yyy06.pl,a2,no,11.72,no,corr,None,None,None,None
2661,exp_acyclic_indvary3_step1_batch_yyy07.pl,b2,yes,0.38,yes,corr,None,None,None,None
2662,exp_acyclic_indvary3_step1_batch_yyy07.pl,c2,no,9.5,no,corr,None,None,None,None
2663,exp_acyclic_indvary3_step1_batch_yyy07.pl,u3,no,8.03,no,corr,None,None,None,None
2664,exp_acyclic_indvary3_step1_batch_yyy07.pl,y1,no,7.71,no,corr,None,None,None,None
2665,exp_acyclic_indvary3_step1_batch_yyy07.pl,r2,no,8.22,no,corr,None,None,None,None
2666,exp_acyclic_indvary3_step1_batch_yyy07.pl,u2,no,8.1,no,corr,None,None,None,None
2667,exp_acyclic_indvary3_step1_batch_yyy07.pl,q7,no,7.51,no,corr,None,None,None,None
2668,exp_acyclic_indvary3_step1_batch_yyy07.pl,y5,no,7.08,no,corr,None,None,None,None
2669,exp_acyclic_indvary3_step1_batch_yyy07.pl,p6,no,7.81,no,corr,None,None,None,None
2670,exp_acyclic_indvary3_step1_batch_yyy07.pl,q2,no,7.77,no,corr,None,None,None,None
2671,exp_acyclic_indvary3_step1_batch_yyy08.pl,s3,no,9.64,no,corr,None,None,None,None
2672,exp_acyclic_indvary3_step1_batch_yyy08.pl,s4,no,8.74,no,corr,None,None,None,None
2673,exp_acyclic_indvary3_step1_batch_yyy08.pl,x3,yes,0.2,yes,corr,None,None,None,None
2674,exp_acyclic_indvary3_step1_batch_yyy08.pl,f1,no,11.29,no,corr,None,None,None,None
2675,exp_acyclic_indvary3_step1_batch_yyy08.pl,q1,yes,0.15,yes,corr,None,None,None,None
2676,exp_acyclic_indvary3_step1_batch_yyy08.pl,p6,no,8.65,no,corr,None,None,None,None
2677,exp_acyclic_indvary3_step1_batch_yyy08.pl,z5,no,8.83,no,corr,None,None,None,None
2678,exp_acyclic_indvary3_step1_batch_yyy08.pl,v2,yes,0.36,yes,corr,None,None,None,None
2679,exp_acyclic_indvary3_step1_batch_yyy08.pl,q3,no,14.2,no,corr,None,None,None,None
2680,exp_acyclic_indvary3_step1_batch_yyy08.pl,x6,no,8.54,no,corr,None,None,None,None
2681,exp_acyclic_indvary3_step1_batch_yyy09.pl,v6,no,8.05,no,corr,None,None,None,None
2682,exp_acyclic_indvary3_step1_batch_yyy09.pl,v5,no,8.41,no,corr,None,None,None,None
2683,exp_acyclic_indvary3_step1_batch_yyy09.pl,c3,no,11.4,no,corr,None,None,None,None
2684,exp_acyclic_indvary3_step1_batch_yyy09.pl,t5,no,8.38,no,corr,None,None,None,None
2685,exp_acyclic_indvary3_step1_batch_yyy09.pl,d3,no,8.04,no,corr,None,None,None,None
2686,exp_acyclic_indvary3_step1_batch_yyy09.pl,u4,no,8.2,no,corr,None,None,None,None
2687,exp_acyclic_indvary3_step1_batch_yyy09.pl,s2,yes,0.25,yes,corr,None,None,None,None
2688,exp_acyclic_indvary3_step1_batch_yyy09.pl,c2,yes,0.2,yes,corr,None,None,None,None
2689,exp_acyclic_indvary3_step1_batch_yyy09.pl,y3,yes,0.34,yes,corr,None,None,None,None
2690,exp_acyclic_indvary3_step1_batch_yyy09.pl,r5,no,7.85,no,corr,None,None,None,None
2691,exp_acyclic_indvary3_step1_batch_yyy10.pl,d5,no,7.36,no,corr,None,None,None,None
2692,exp_acyclic_indvary3_step1_batch_yyy10.pl,w7,no,7.62,no,corr,None,None,None,None
2693,exp_acyclic_indvary3_step1_batch_yyy10.pl,e5,no,7.59,no,corr,None,None,None,None
2694,exp_acyclic_indvary3_step1_batch_yyy10.pl,c5,no,7.47,no,corr,None,None,None,None
2695,exp_acyclic_indvary3_step1_batch_yyy10.pl,p3,yes,0.29,yes,corr,None,None,None,None
2696,exp_acyclic_indvary3_step1_batch_yyy10.pl,c1,yes,0.18,yes,corr,None,None,None,None
2697,exp_acyclic_indvary3_step1_batch_yyy10.pl,r1,no,8.18,no,corr,None,None,None,None
2698,exp_acyclic_indvary3_step1_batch_yyy10.pl,b6,no,7.05,no,corr,None,None,None,None
2699,exp_acyclic_indvary3_step1_batch_yyy10.pl,v3,no,8.26,no,corr,None,None,None,None
2700,exp_acyclic_indvary3_step1_batch_yyy10.pl,e2,yes,0.52,yes,corr,None,None,None,None
2701,exp_acyclic_indvary3_step2_batch_yyy01.pl,u6,no,16.31,no,corr,None,None,None,None
2702,exp_acyclic_indvary3_step2_batch_yyy01.pl,q6,no,16.17,no,corr,None,None,None,None
2703,exp_acyclic_indvary3_step2_batch_yyy01.pl,p4,yes,0.84,yes,corr,None,None,None,None
2704,exp_acyclic_indvary3_step2_batch_yyy01.pl,e5,no,16.11,no,corr,None,None,None,None
2705,exp_acyclic_indvary3_step2_batch_yyy01.pl,x7,no,16.29,no,corr,None,None,None,None
2706,exp_acyclic_indvary3_step2_batch_yyy01.pl,z4,no,16.13,no,corr,None,None,None,None
2707,exp_acyclic_indvary3_step2_batch_yyy01.pl,r4,no,16.03,no,corr,None,None,None,None
2708,exp_acyclic_indvary3_step2_batch_yyy01.pl,x1,no,27.23,no,corr,None,None,None,None
2709,exp_acyclic_indvary3_step2_batch_yyy01.pl,q7,no,16.02,no,corr,None,None,None,None
2710,exp_acyclic_indvary3_step2_batch_yyy01.pl,a2,no,22.38,no,corr,None,None,None,None
2711,exp_acyclic_indvary3_step2_batch_yyy02.pl,d5,no,17.25,no,corr,None,None,None,None
2712,exp_acyclic_indvary3_step2_batch_yyy02.pl,c4,no,17.36,no,corr,None,None,None,None
2713,exp_acyclic_indvary3_step2_batch_yyy02.pl,w7,no,17.36,no,corr,None,None,None,None
2714,exp_acyclic_indvary3_step2_batch_yyy02.pl,x3,no,18.67,no,corr,None,None,None,None
2715,exp_acyclic_indvary3_step2_batch_yyy02.pl,u4,no,17.32,no,corr,None,None,None,None
2716,exp_acyclic_indvary3_step2_batch_yyy02.pl,a4,no,17.3,no,corr,None,None,None,None
2717,exp_acyclic_indvary3_step2_batch_yyy02.pl,e4,no,17.43,no,corr,None,None,None,None
2718,exp_acyclic_indvary3_step2_batch_yyy02.pl,u3,no,19.06,no,corr,None,None,None,None
2719,exp_acyclic_indvary3_step2_batch_yyy02.pl,q3,no,30.05,no,corr,None,None,None,None
2720,exp_acyclic_indvary3_step2_batch_yyy02.pl,v3,no,32.38,no,corr,None,None,None,None
2721,exp_acyclic_indvary3_step2_batch_yyy03.pl,v7,no,25.25,no,corr,None,None,None,None
2722,exp_acyclic_indvary3_step2_batch_yyy03.pl,v6,no,24.55,no,corr,None,None,None,None
2723,exp_acyclic_indvary3_step2_batch_yyy03.pl,u4,no,24.68,no,corr,None,None,None,None
2724,exp_acyclic_indvary3_step2_batch_yyy03.pl,v5,no,24.85,no,corr,None,None,None,None
2725,exp_acyclic_indvary3_step2_batch_yyy03.pl,t7,no,24.77,no,corr,None,None,None,None
2726,exp_acyclic_indvary3_step2_batch_yyy03.pl,s1,no,26.68,no,corr,None,None,None,None
2727,exp_acyclic_indvary3_step2_batch_yyy03.pl,v1,no,27.03,no,corr,None,None,None,None
2728,exp_acyclic_indvary3_step2_batch_yyy03.pl,w1,no,44.42,no,corr,None,None,None,None
2729,exp_acyclic_indvary3_step2_batch_yyy03.pl,p6,no,25.56,no,corr,None,None,None,None
2730,exp_acyclic_indvary3_step2_batch_yyy03.pl,q2,no,26.62,no,corr,None,None,None,None
2731,exp_acyclic_indvary3_step2_batch_yyy04.pl,t5,no,19.15,no,corr,None,None,None,None
2732,exp_acyclic_indvary3_step2_batch_yyy04.pl,w7,no,18.47,no,corr,None,None,None,None
2733,exp_acyclic_indvary3_step2_batch_yyy04.pl,v6,no,18.91,no,corr,None,None,None,None
2734,exp_acyclic_indvary3_step2_batch_yyy04.pl,s5,no,18.69,no,corr,None,None,None,None
2735,exp_acyclic_indvary3_step2_batch_yyy04.pl,s2,no,19.54,no,corr,None,None,None,None
2736,exp_acyclic_indvary3_step2_batch_yyy04.pl,x2,no,19.99,no,corr,None,None,None,None
2737,exp_acyclic_indvary3_step2_batch_yyy04.pl,y3,no,39.76,no,corr,None,None,None,None
2738,exp_acyclic_indvary3_step2_batch_yyy04.pl,u2,yes,0.7,yes,corr,None,None,None,None
2739,exp_acyclic_indvary3_step2_batch_yyy04.pl,y6,no,20.57,no,corr,None,None,None,None
2740,exp_acyclic_indvary3_step2_batch_yyy04.pl,p6,no,20.51,no,corr,None,None,None,None
2741,exp_acyclic_indvary3_step2_batch_yyy05.pl,b2,yes,0.85,yes,corr,None,None,None,None
2742,exp_acyclic_indvary3_step2_batch_yyy05.pl,z5,no,18.12,no,corr,None,None,None,None
2743,exp_acyclic_indvary3_step2_batch_yyy05.pl,e4,no,18.1,no,corr,None,None,None,None
2744,exp_acyclic_indvary3_step2_batch_yyy05.pl,v1,yes,0.32,yes,corr,None,None,None,None
2745,exp_acyclic_indvary3_step2_batch_yyy05.pl,y2,yes,0.65,yes,corr,None,None,None,None
2746,exp_acyclic_indvary3_step2_batch_yyy05.pl,x4,no,17.97,no,corr,None,None,None,None
2747,exp_acyclic_indvary3_step2_batch_yyy05.pl,c1,yes,0.82,yes,corr,None,None,None,None
2748,exp_acyclic_indvary3_step2_batch_yyy05.pl,b5,no,17.96,no,corr,None,None,None,None
2749,exp_acyclic_indvary3_step2_batch_yyy05.pl,f4,no,17.95,no,corr,None,None,None,None
2750,exp_acyclic_indvary3_step2_batch_yyy05.pl,z3,no,32.75,no,corr,None,None,None,None
2751,exp_acyclic_indvary3_step2_batch_yyy06.pl,z6,no,17.2,no,corr,None,None,None,None
2752,exp_acyclic_indvary3_step2_batch_yyy06.pl,s4,no,17.63,no,corr,None,None,None,None
2753,exp_acyclic_indvary3_step2_batch_yyy06.pl,v2,no,32.96,no,corr,None,None,None,None
2754,exp_acyclic_indvary3_step2_batch_yyy06.pl,d3,no,17.34,no,corr,None,None,None,None
2755,exp_acyclic_indvary3_step2_batch_yyy06.pl,a5,no,17.37,no,corr,None,None,None,None
2756,exp_acyclic_indvary3_step2_batch_yyy06.pl,x4,no,17.99,no,corr,None,None,None,None
2757,exp_acyclic_indvary3_step2_batch_yyy06.pl,q5,no,18.19,no,corr,None,None,None,None
2758,exp_acyclic_indvary3_step2_batch_yyy06.pl,t3,no,19.43,no,corr,None,None,None,None
2759,exp_acyclic_indvary3_step2_batch_yyy06.pl,b6,no,17.74,no,corr,None,None,None,None
2760,exp_acyclic_indvary3_step2_batch_yyy06.pl,a1,yes,0.23,yes,corr,None,None,None,None
2761,exp_acyclic_indvary3_step2_batch_yyy07.pl,s4,no,16.81,no,corr,None,None,None,None
2762,exp_acyclic_indvary3_step2_batch_yyy07.pl,p4,no,17.69,no,corr,None,None,None,None
2763,exp_acyclic_indvary3_step2_batch_yyy07.pl,a4,no,16.73,no,corr,None,None,None,None
2764,exp_acyclic_indvary3_step2_batch_yyy07.pl,r5,no,16.83,no,corr,None,None,None,None
2765,exp_acyclic_indvary3_step2_batch_yyy07.pl,v4,no,16.97,no,corr,None,None,None,None
2766,exp_acyclic_indvary3_step2_batch_yyy07.pl,f4,no,16.9,no,corr,None,None,None,None
2767,exp_acyclic_indvary3_step2_batch_yyy07.pl,x6,no,16.68,no,corr,None,None,None,None
2768,exp_acyclic_indvary3_step2_batch_yyy07.pl,r7,no,17.0,no,corr,None,None,None,None
2769,exp_acyclic_indvary3_step2_batch_yyy07.pl,x5,no,16.9,no,corr,None,None,None,None
2770,exp_acyclic_indvary3_step2_batch_yyy07.pl,c1,yes,0.36,yes,corr,None,None,None,None
2771,exp_acyclic_indvary3_step2_batch_yyy08.pl,u5,no,25.3,no,corr,None,None,None,None
2772,exp_acyclic_indvary3_step2_batch_yyy08.pl,r6,no,25.28,no,corr,None,None,None,None
2773,exp_acyclic_indvary3_step2_batch_yyy08.pl,a4,no,25.68,no,corr,None,None,None,None
2774,exp_acyclic_indvary3_step2_batch_yyy08.pl,a3,yes,0.38,yes,corr,None,None,None,None
2775,exp_acyclic_indvary3_step2_batch_yyy08.pl,b6,no,25.58,no,corr,None,None,None,None
2776,exp_acyclic_indvary3_step2_batch_yyy08.pl,q2,no,46.55,no,corr,None,None,None,None
2777,exp_acyclic_indvary3_step2_batch_yyy08.pl,s2,no,27.54,no,corr,None,None,None,None
2778,exp_acyclic_indvary3_step2_batch_yyy08.pl,b1,yes,0.34,yes,corr,None,None,None,None
2779,exp_acyclic_indvary3_step2_batch_yyy08.pl,c1,no,44.93,no,corr,None,None,None,None
2780,exp_acyclic_indvary3_step2_batch_yyy08.pl,t2,no,58.14,no,corr,None,None,None,None
2781,exp_acyclic_indvary3_step2_batch_yyy09.pl,z5,no,25.06,no,corr,None,None,None,None
2782,exp_acyclic_indvary3_step2_batch_yyy09.pl,u7,no,24.86,no,corr,None,None,None,None
2783,exp_acyclic_indvary3_step2_batch_yyy09.pl,v1,no,26.73,no,corr,None,None,None,None
2784,exp_acyclic_indvary3_step2_batch_yyy09.pl,y2,no,26.36,no,corr,None,None,None,None
2785,exp_acyclic_indvary3_step2_batch_yyy09.pl,b6,no,24.6,no,corr,None,None,None,None
2786,exp_acyclic_indvary3_step2_batch_yyy09.pl,a6,no,25.08,no,corr,None,None,None,None
2787,exp_acyclic_indvary3_step2_batch_yyy09.pl,v7,no,25.14,no,corr,None,None,None,None
2788,exp_acyclic_indvary3_step2_batch_yyy09.pl,z4,no,24.57,no,corr,None,None,None,None
2789,exp_acyclic_indvary3_step2_batch_yyy09.pl,r5,no,24.35,no,corr,None,None,None,None
2790,exp_acyclic_indvary3_step2_batch_yyy09.pl,e4,no,24.66,no,corr,None,None,None,None
2791,exp_acyclic_indvary3_step2_batch_yyy10.pl,f5,no,20.51,no,corr,None,None,None,None
2792,exp_acyclic_indvary3_step2_batch_yyy10.pl,z4,no,20.32,no,corr,None,None,None,None
2793,exp_acyclic_indvary3_step2_batch_yyy10.pl,x5,no,20.96,no,corr,None,None,None,None
2794,exp_acyclic_indvary3_step2_batch_yyy10.pl,y1,no,22.36,no,corr,None,None,None,None
2795,exp_acyclic_indvary3_step2_batch_yyy10.pl,x6,no,20.54,no,corr,None,None,None,None
2796,exp_acyclic_indvary3_step2_batch_yyy10.pl,d1,yes,0.4,yes,corr,None,None,None,None
2797,exp_acyclic_indvary3_step2_batch_yyy10.pl,a6,no,20.44,no,corr,None,None,None,None
2798,exp_acyclic_indvary3_step2_batch_yyy10.pl,b3,yes,0.35,yes,corr,None,None,None,None
2799,exp_acyclic_indvary3_step2_batch_yyy10.pl,z1,no,36.68,no,corr,None,None,None,None
2800,exp_acyclic_indvary3_step2_batch_yyy10.pl,b1,no,28.28,no,corr,None,None,None,None
2801,exp_acyclic_indvary3_step3_batch_yyy01.pl,u5,no,28.63,no,corr,None,None,None,None
2802,exp_acyclic_indvary3_step3_batch_yyy01.pl,t4,no,28.24,no,corr,None,None,None,None
2803,exp_acyclic_indvary3_step3_batch_yyy01.pl,b3,yes,0.38,yes,corr,None,None,None,None
2804,exp_acyclic_indvary3_step3_batch_yyy01.pl,t3,yes,1.0,yes,corr,None,None,None,None
2805,exp_acyclic_indvary3_step3_batch_yyy01.pl,c1,yes,0.23,yes,corr,None,None,None,None
2806,exp_acyclic_indvary3_step3_batch_yyy01.pl,s1,no,30.29,no,corr,None,None,None,None
2807,exp_acyclic_indvary3_step3_batch_yyy01.pl,a3,no,51.1,no,corr,None,None,None,None
2808,exp_acyclic_indvary3_step3_batch_yyy01.pl,x4,no,28.3,no,corr,None,None,None,None
2809,exp_acyclic_indvary3_step3_batch_yyy01.pl,d1,yes,0.34,yes,corr,None,None,None,None
2810,exp_acyclic_indvary3_step3_batch_yyy01.pl,t1,no,52.19,no,corr,None,None,None,None
2811,exp_acyclic_indvary3_step3_batch_yyy02.pl,z6,no,29.11,no,corr,None,None,None,None
2812,exp_acyclic_indvary3_step3_batch_yyy02.pl,p4,no,31.28,no,corr,None,None,None,None
2813,exp_acyclic_indvary3_step3_batch_yyy02.pl,w2,no,58.3,no,corr,None,None,None,None
2814,exp_acyclic_indvary3_step3_batch_yyy02.pl,x2,no,58.36,no,corr,None,None,None,None
2815,exp_acyclic_indvary3_step3_batch_yyy02.pl,w4,no,29.93,no,corr,None,None,None,None
2816,exp_acyclic_indvary3_step3_batch_yyy02.pl,p2,no,32.73,no,corr,None,None,None,None
2817,exp_acyclic_indvary3_step3_batch_yyy02.pl,s4,no,30.02,no,corr,None,None,None,None
2818,exp_acyclic_indvary3_step3_batch_yyy02.pl,y4,no,29.77,no,corr,None,None,None,None
2819,exp_acyclic_indvary3_step3_batch_yyy02.pl,q7,no,29.76,no,corr,None,None,None,None
2820,exp_acyclic_indvary3_step3_batch_yyy02.pl,y5,no,30.2,no,corr,None,None,None,None
2821,exp_acyclic_indvary3_step3_batch_yyy03.pl,z5,no,32.46,no,corr,None,None,None,None
2822,exp_acyclic_indvary3_step3_batch_yyy03.pl,p5,no,31.92,no,corr,None,None,None,None
2823,exp_acyclic_indvary3_step3_batch_yyy03.pl,u7,no,31.12,no,corr,None,None,None,None
2824,exp_acyclic_indvary3_step3_batch_yyy03.pl,q5,no,31.43,no,corr,None,None,None,None
2825,exp_acyclic_indvary3_step3_batch_yyy03.pl,c2,no,42.66,no,corr,None,None,None,None
2826,exp_acyclic_indvary3_step3_batch_yyy03.pl,f3,no,31.13,no,corr,None,None,None,None
2827,exp_acyclic_indvary3_step3_batch_yyy03.pl,z2,no,58.93,no,corr,None,None,None,None
2828,exp_acyclic_indvary3_step3_batch_yyy03.pl,x1,no,32.9,no,corr,None,None,None,None
2829,exp_acyclic_indvary3_step3_batch_yyy03.pl,r3,no,32.88,no,corr,None,None,None,None
2830,exp_acyclic_indvary3_step3_batch_yyy03.pl,y6,no,30.95,no,corr,None,None,None,None
2831,exp_acyclic_indvary3_step3_batch_yyy04.pl,s3,no,55.3,no,corr,None,None,None,None
2832,exp_acyclic_indvary3_step3_batch_yyy04.pl,c2,yes,0.35,yes,corr,None,None,None,None
2833,exp_acyclic_indvary3_step3_batch_yyy04.pl,t7,no,29.9,no,corr,None,None,None,None
2834,exp_acyclic_indvary3_step3_batch_yyy04.pl,z3,no,54.85,no,corr,None,None,None,None
2835,exp_acyclic_indvary3_step3_batch_yyy04.pl,b6,no,29.57,no,corr,None,None,None,None
2836,exp_acyclic_indvary3_step3_batch_yyy04.pl,u2,no,31.49,no,corr,None,None,None,None
2837,exp_acyclic_indvary3_step3_batch_yyy04.pl,y6,no,28.95,no,corr,None,None,None,None
2838,exp_acyclic_indvary3_step3_batch_yyy04.pl,p6,no,29.17,no,corr,None,None,None,None
2839,exp_acyclic_indvary3_step3_batch_yyy04.pl,u5,no,29.19,no,corr,None,None,None,None
2840,exp_acyclic_indvary3_step3_batch_yyy04.pl,d5,no,29.4,no,corr,None,None,None,None
2841,exp_acyclic_indvary3_step3_batch_yyy05.pl,b3,yes,0.28,yes,corr,None,None,None,None
2842,exp_acyclic_indvary3_step3_batch_yyy05.pl,w5,no,24.05,no,corr,None,None,None,None
2843,exp_acyclic_indvary3_step3_batch_yyy05.pl,s5,no,23.97,no,corr,None,None,None,None
2844,exp_acyclic_indvary3_step3_batch_yyy05.pl,r5,no,23.74,no,corr,None,None,None,None
2845,exp_acyclic_indvary3_step3_batch_yyy05.pl,w4,no,23.81,no,corr,None,None,None,None
2846,exp_acyclic_indvary3_step3_batch_yyy05.pl,t1,no,44.98,no,corr,None,None,None,None
2847,exp_acyclic_indvary3_step3_batch_yyy05.pl,q2,no,45.04,no,corr,None,None,None,None
2848,exp_acyclic_indvary3_step3_batch_yyy05.pl,w2,no,42.11,no,corr,None,None,None,None
2849,exp_acyclic_indvary3_step3_batch_yyy05.pl,r6,no,24.46,no,corr,None,None,None,None
2850,exp_acyclic_indvary3_step3_batch_yyy05.pl,f1,yes,0.31,yes,corr,None,None,None,None
2851,exp_acyclic_indvary3_step3_batch_yyy06.pl,u6,no,31.59,no,corr,None,None,None,None
2852,exp_acyclic_indvary3_step3_batch_yyy06.pl,x3,no,32.95,no,corr,None,None,None,None
2853,exp_acyclic_indvary3_step3_batch_yyy06.pl,s5,no,31.15,no,corr,None,None,None,None
2854,exp_acyclic_indvary3_step3_batch_yyy06.pl,q4,no,59.06,no,corr,None,None,None,None
2855,exp_acyclic_indvary3_step3_batch_yyy06.pl,f3,no,31.32,no,corr,None,None,None,None
2856,exp_acyclic_indvary3_step3_batch_yyy06.pl,r7,no,30.67,no,corr,None,None,None,None
2857,exp_acyclic_indvary3_step3_batch_yyy06.pl,t4,no,31.12,no,corr,None,None,None,None
2858,exp_acyclic_indvary3_step3_batch_yyy06.pl,t5,no,31.26,no,corr,None,None,None,None
2859,exp_acyclic_indvary3_step3_batch_yyy06.pl,y2,no,58.02,no,corr,None,None,None,None
2860,exp_acyclic_indvary3_step3_batch_yyy06.pl,x6,no,30.67,no,corr,None,None,None,None
2861,exp_acyclic_indvary3_step3_batch_yyy07.pl,f1,yes,0.43,yes,corr,None,None,None,None
2862,exp_acyclic_indvary3_step3_batch_yyy07.pl,v5,no,25.77,no,corr,None,None,None,None
2863,exp_acyclic_indvary3_step3_batch_yyy07.pl,x7,no,25.78,no,corr,None,None,None,None
2864,exp_acyclic_indvary3_step3_batch_yyy07.pl,f3,no,25.63,no,corr,None,None,None,None
2865,exp_acyclic_indvary3_step3_batch_yyy07.pl,r4,no,25.8,no,corr,None,None,None,None
2866,exp_acyclic_indvary3_step3_batch_yyy07.pl,d2,yes,0.23,yes,corr,None,None,None,None
2867,exp_acyclic_indvary3_step3_batch_yyy07.pl,x6,no,25.81,no,corr,None,None,None,None
2868,exp_acyclic_indvary3_step3_batch_yyy07.pl,x1,no,27.32,no,corr,None,None,None,None
2869,exp_acyclic_indvary3_step3_batch_yyy07.pl,r2,no,44.45,no,corr,None,None,None,None
2870,exp_acyclic_indvary3_step3_batch_yyy07.pl,r7,no,26.23,no,corr,None,None,None,None
2871,exp_acyclic_indvary3_step3_batch_yyy08.pl,d5,no,37.27,no,corr,None,None,None,None
2872,exp_acyclic_indvary3_step3_batch_yyy08.pl,c3,yes,0.42,yes,corr,None,None,None,None
2873,exp_acyclic_indvary3_step3_batch_yyy08.pl,z6,no,37.51,no,corr,None,None,None,None
2874,exp_acyclic_indvary3_step3_batch_yyy08.pl,v7,no,37.29,no,corr,None,None,None,None
2875,exp_acyclic_indvary3_step3_batch_yyy08.pl,p7,no,37.22,no,corr,None,None,None,None
2876,exp_acyclic_indvary3_step3_batch_yyy08.pl,b4,no,37.45,no,corr,None,None,None,None
2877,exp_acyclic_indvary3_step3_batch_yyy08.pl,p3,no,69.06,no,corr,None,None,None,None
