id,instance,goal,result,duration,correct_result,verdict,steps_obtained,constraints_no,constraints_max,constraints_min
1,exp_acyclic_depvary_step10_batch_yyy01.pl,w2,yes,32.53,yes,corr,None,None,None,None
2,exp_acyclic_depvary_step10_batch_yyy01.pl,w5,yes,28.93,yes,corr,None,None,None,None
3,exp_acyclic_depvary_step10_batch_yyy01.pl,q4,,600.0,no,TIMEOUT,,,,
4,exp_acyclic_depvary_step10_batch_yyy01.pl,x5,yes,42.88,yes,corr,None,None,None,None
5,exp_acyclic_depvary_step10_batch_yyy01.pl,z3,yes,38.98,yes,corr,None,None,None,None
6,exp_acyclic_depvary_step10_batch_yyy01.pl,u2,yes,30.79,yes,corr,None,None,None,None
7,exp_acyclic_depvary_step10_batch_yyy01.pl,t4,yes,30.88,yes,corr,None,None,None,None
8,exp_acyclic_depvary_step10_batch_yyy01.pl,c4,no,27.58,no,corr,None,None,None,None
9,exp_acyclic_depvary_step10_batch_yyy01.pl,u3,,600.0,no,TIMEOUT,,,,
10,exp_acyclic_depvary_step10_batch_yyy01.pl,v4,yes,62.94,yes,corr,None,None,None,None
11,exp_acyclic_depvary_step10_batch_yyy02.pl,p5,no,61.7,no,corr,None,None,None,None
12,exp_acyclic_depvary_step10_batch_yyy02.pl,c5,no,71.94,no,corr,None,None,None,None
13,exp_acyclic_depvary_step10_batch_yyy02.pl,q4,no,60.61,no,corr,None,None,None,None
14,exp_acyclic_depvary_step10_batch_yyy02.pl,a4,yes,66.28,yes,corr,None,None,None,None
15,exp_acyclic_depvary_step10_batch_yyy02.pl,r5,yes,66.52,yes,corr,None,None,None,None
16,exp_acyclic_depvary_step10_batch_yyy02.pl,w4,yes,66.3,yes,corr,None,None,None,None
17,exp_acyclic_depvary_step10_batch_yyy02.pl,b6,yes,68.37,yes,corr,None,None,None,None
18,exp_acyclic_depvary_step10_batch_yyy02.pl,p1,yes,68.01,yes,corr,None,None,None,None
19,exp_acyclic_depvary_step10_batch_yyy02.pl,u3,no,63.48,no,corr,None,None,None,None
20,exp_acyclic_depvary_step10_batch_yyy02.pl,e3,no,62.41,no,corr,None,None,None,None
21,exp_acyclic_depvary_step10_batch_yyy03.pl,s3,no,57.78,no,corr,None,None,None,None
22,exp_acyclic_depvary_step10_batch_yyy03.pl,y4,no,201.83,no,corr,None,None,None,None
23,exp_acyclic_depvary_step10_batch_yyy03.pl,x2,yes,57.48,yes,corr,None,None,None,None
24,exp_acyclic_depvary_step10_batch_yyy03.pl,e4,,600.0,no,TIMEOUT,,,,
25,exp_acyclic_depvary_step10_batch_yyy03.pl,f3,yes,118.83,yes,corr,None,None,None,None
26,exp_acyclic_depvary_step10_batch_yyy03.pl,u3,yes,85.47,yes,corr,None,None,None,None
27,exp_acyclic_depvary_step10_batch_yyy03.pl,f4,no,104.27,no,corr,None,None,None,None
28,exp_acyclic_depvary_step10_batch_yyy03.pl,w3,yes,82.81,yes,corr,None,None,None,None
29,exp_acyclic_depvary_step10_batch_yyy03.pl,v1,,600.0,no,TIMEOUT,,,,
30,exp_acyclic_depvary_step10_batch_yyy03.pl,p3,no,177.21,no,corr,None,None,None,None
31,exp_acyclic_depvary_step10_batch_yyy04.pl,t4,no,141.25,no,corr,None,None,None,None
32,exp_acyclic_depvary_step10_batch_yyy04.pl,s5,yes,150.22,yes,corr,None,None,None,None
33,exp_acyclic_depvary_step10_batch_yyy04.pl,q4,yes,172.97,yes,corr,None,None,None,None
34,exp_acyclic_depvary_step10_batch_yyy04.pl,e4,yes,152.09,yes,corr,None,None,None,None
35,exp_acyclic_depvary_step10_batch_yyy04.pl,w1,yes,149.99,yes,corr,None,None,None,None
36,exp_acyclic_depvary_step10_batch_yyy04.pl,y1,,600.0,no,TIMEOUT,,,,
37,exp_acyclic_depvary_step10_batch_yyy04.pl,p2,,600.0,no,TIMEOUT,,,,
38,exp_acyclic_depvary_step10_batch_yyy04.pl,r2,no,410.36,no,corr,None,None,None,None
39,exp_acyclic_depvary_step10_batch_yyy04.pl,a4,,600.0,yes,TIMEOUT,,,,
40,exp_acyclic_depvary_step10_batch_yyy04.pl,x2,yes,247.98,yes,corr,None,None,None,None
41,exp_acyclic_depvary_step10_batch_yyy05.pl,c3,no,307.69,no,corr,None,None,None,None
42,exp_acyclic_depvary_step10_batch_yyy05.pl,e1,no,204.56,no,corr,None,None,None,None
43,exp_acyclic_depvary_step10_batch_yyy05.pl,f5,yes,223.31,yes,corr,None,None,None,None
44,exp_acyclic_depvary_step10_batch_yyy05.pl,y3,yes,218.32,yes,corr,None,None,None,None
45,exp_acyclic_depvary_step10_batch_yyy05.pl,r4,yes,284.22,yes,corr,None,None,None,None
46,exp_acyclic_depvary_step10_batch_yyy05.pl,p1,no,255.56,no,corr,None,None,None,None
47,exp_acyclic_depvary_step10_batch_yyy05.pl,c2,,600.0,no,TIMEOUT,,,,
48,exp_acyclic_depvary_step10_batch_yyy05.pl,b1,yes,221.78,yes,corr,None,None,None,None
49,exp_acyclic_depvary_step10_batch_yyy05.pl,u2,no,335.11,no,corr,None,None,None,None
50,exp_acyclic_depvary_step10_batch_yyy05.pl,t1,yes,182.29,yes,corr,None,None,None,None
51,exp_acyclic_depvary_step10_batch_yyy06.pl,y4,no,190.6,no,corr,None,None,None,None
52,exp_acyclic_depvary_step10_batch_yyy06.pl,t3,yes,209.83,yes,corr,None,None,None,None
53,exp_acyclic_depvary_step10_batch_yyy06.pl,a5,no,193.34,no,corr,None,None,None,None
54,exp_acyclic_depvary_step10_batch_yyy06.pl,q4,no,159.6,no,corr,None,None,None,None
55,exp_acyclic_depvary_step10_batch_yyy06.pl,f5,yes,167.56,yes,corr,None,None,None,None
56,exp_acyclic_depvary_step10_batch_yyy06.pl,z4,yes,166.97,yes,corr,None,None,None,None
57,exp_acyclic_depvary_step10_batch_yyy06.pl,c1,yes,166.44,yes,corr,None,None,None,None
58,exp_acyclic_depvary_step10_batch_yyy06.pl,r4,no,155.18,no,corr,None,None,None,None
59,exp_acyclic_depvary_step10_batch_yyy06.pl,y1,no,238.37,no,corr,None,None,None,None
60,exp_acyclic_depvary_step10_batch_yyy06.pl,p1,yes,164.82,yes,corr,None,None,None,None
61,exp_acyclic_depvary_step10_batch_yyy07.pl,d4,,600.0,no,TIMEOUT,,,,
62,exp_acyclic_depvary_step10_batch_yyy07.pl,u4,no,168.93,no,corr,None,None,None,None
63,exp_acyclic_depvary_step10_batch_yyy07.pl,b4,,600.0,no,TIMEOUT,,,,
64,exp_acyclic_depvary_step10_batch_yyy07.pl,z4,no,491.01,no,corr,None,None,None,None
65,exp_acyclic_depvary_step10_batch_yyy07.pl,y1,,600.0,no,TIMEOUT,,,,
66,exp_acyclic_depvary_step10_batch_yyy07.pl,r2,yes,397.64,yes,corr,None,None,None,None
67,exp_acyclic_depvary_step10_batch_yyy07.pl,u2,yes,216.52,yes,corr,None,None,None,None
68,exp_acyclic_depvary_step10_batch_yyy07.pl,a6,yes,219.54,yes,corr,None,None,None,None
69,exp_acyclic_depvary_step10_batch_yyy07.pl,b3,yes,218.47,yes,corr,None,None,None,None
70,exp_acyclic_depvary_step10_batch_yyy07.pl,y4,,600.0,no,TIMEOUT,,,,
71,exp_acyclic_depvary_step10_batch_yyy08.pl,c3,yes,254.52,yes,corr,None,None,None,None
72,exp_acyclic_depvary_step10_batch_yyy08.pl,e1,yes,237.38,yes,corr,None,None,None,None
73,exp_acyclic_depvary_step10_batch_yyy08.pl,v5,,600.0,yes,TIMEOUT,,,,
74,exp_acyclic_depvary_step10_batch_yyy08.pl,a5,yes,244.29,yes,corr,None,None,None,None
75,exp_acyclic_depvary_step10_batch_yyy08.pl,a4,,600.0,no,TIMEOUT,,,,
76,exp_acyclic_depvary_step10_batch_yyy08.pl,z2,,600.0,no,TIMEOUT,,,,
77,exp_acyclic_depvary_step10_batch_yyy08.pl,q3,yes,289.17,yes,corr,None,None,None,None
78,exp_acyclic_depvary_step10_batch_yyy08.pl,t1,,600.0,no,TIMEOUT,,,,
79,exp_acyclic_depvary_step10_batch_yyy08.pl,z4,yes,431.97,yes,corr,None,None,None,None
80,exp_acyclic_depvary_step10_batch_yyy08.pl,r5,no,286.66,no,corr,None,None,None,None
81,exp_acyclic_depvary_step10_batch_yyy09.pl,b2,no,457.88,no,corr,None,None,None,None
82,exp_acyclic_depvary_step10_batch_yyy09.pl,y4,no,347.29,no,corr,None,None,None,None
83,exp_acyclic_depvary_step10_batch_yyy09.pl,t3,yes,376.56,yes,corr,None,None,None,None
84,exp_acyclic_depvary_step10_batch_yyy09.pl,z1,yes,378.55,yes,corr,None,None,None,None
85,exp_acyclic_depvary_step10_batch_yyy09.pl,f5,yes,369.55,yes,corr,None,None,None,None
86,exp_acyclic_depvary_step10_batch_yyy09.pl,z4,no,308.13,no,corr,None,None,None,None
87,exp_acyclic_depvary_step10_batch_yyy09.pl,e3,no,314.28,no,corr,None,None,None,None
88,exp_acyclic_depvary_step10_batch_yyy09.pl,y1,no,310.73,no,corr,None,None,None,None
89,exp_acyclic_depvary_step10_batch_yyy09.pl,a3,no,310.98,no,corr,None,None,None,None
90,exp_acyclic_depvary_step10_batch_yyy09.pl,q2,,600.0,no,TIMEOUT,,,,
91,exp_acyclic_depvary_step10_batch_yyy10.pl,d5,yes,294.05,yes,corr,None,None,None,None
92,exp_acyclic_depvary_step10_batch_yyy10.pl,a6,yes,314.95,yes,corr,None,None,None,None
93,exp_acyclic_depvary_step10_batch_yyy10.pl,v2,no,291.48,no,corr,None,None,None,None
94,exp_acyclic_depvary_step10_batch_yyy10.pl,x3,yes,312.95,yes,corr,None,None,None,None
95,exp_acyclic_depvary_step10_batch_yyy10.pl,x2,no,294.61,no,corr,None,None,None,None
96,exp_acyclic_depvary_step10_batch_yyy10.pl,y3,no,291.25,no,corr,None,None,None,None
97,exp_acyclic_depvary_step10_batch_yyy10.pl,b5,,600.0,no,TIMEOUT,,,,
98,exp_acyclic_depvary_step10_batch_yyy10.pl,e3,yes,349.81,yes,corr,None,None,None,None
99,exp_acyclic_depvary_step10_batch_yyy10.pl,x1,yes,351.73,yes,corr,None,None,None,None
100,exp_acyclic_depvary_step10_batch_yyy10.pl,r3,no,324.2,no,corr,None,None,None,None
101,exp_acyclic_depvary_step1_batch_yyy01.pl,u5,no,5.46,no,corr,None,None,None,None
102,exp_acyclic_depvary_step1_batch_yyy01.pl,s4,no,5.27,no,corr,None,None,None,None
103,exp_acyclic_depvary_step1_batch_yyy01.pl,d3,no,5.26,no,corr,None,None,None,None
104,exp_acyclic_depvary_step1_batch_yyy01.pl,q5,no,5.71,no,corr,None,None,None,None
105,exp_acyclic_depvary_step1_batch_yyy01.pl,z4,no,5.69,no,corr,None,None,None,None
106,exp_acyclic_depvary_step1_batch_yyy01.pl,s1,yes,5.14,yes,corr,None,None,None,None
107,exp_acyclic_depvary_step1_batch_yyy01.pl,z3,no,4.96,no,corr,None,None,None,None
108,exp_acyclic_depvary_step1_batch_yyy01.pl,u2,no,4.63,no,corr,None,None,None,None
109,exp_acyclic_depvary_step1_batch_yyy01.pl,c5,no,5.19,no,corr,None,None,None,None
110,exp_acyclic_depvary_step1_batch_yyy01.pl,b1,no,4.1,no,corr,None,None,None,None
111,exp_acyclic_depvary_step1_batch_yyy02.pl,y4,no,4.84,no,corr,None,None,None,None
112,exp_acyclic_depvary_step1_batch_yyy02.pl,z5,no,4.84,no,corr,None,None,None,None
113,exp_acyclic_depvary_step1_batch_yyy02.pl,x3,no,3.86,no,corr,None,None,None,None
114,exp_acyclic_depvary_step1_batch_yyy02.pl,q4,no,3.54,no,corr,None,None,None,None
115,exp_acyclic_depvary_step1_batch_yyy02.pl,x2,no,4.75,no,corr,None,None,None,None
116,exp_acyclic_depvary_step1_batch_yyy02.pl,c6,no,4.63,no,corr,None,None,None,None
117,exp_acyclic_depvary_step1_batch_yyy02.pl,d2,no,4.66,no,corr,None,None,None,None
118,exp_acyclic_depvary_step1_batch_yyy02.pl,y2,no,4.58,no,corr,None,None,None,None
119,exp_acyclic_depvary_step1_batch_yyy02.pl,e2,no,4.63,no,corr,None,None,None,None
120,exp_acyclic_depvary_step1_batch_yyy02.pl,q2,no,4.21,no,corr,None,None,None,None
121,exp_acyclic_depvary_step1_batch_yyy03.pl,u4,no,5.46,no,corr,None,None,None,None
122,exp_acyclic_depvary_step1_batch_yyy03.pl,b1,no,5.71,no,corr,None,None,None,None
123,exp_acyclic_depvary_step1_batch_yyy03.pl,x2,no,4.89,no,corr,None,None,None,None
124,exp_acyclic_depvary_step1_batch_yyy03.pl,r5,no,5.53,no,corr,None,None,None,None
125,exp_acyclic_depvary_step1_batch_yyy03.pl,x4,no,5.3,no,corr,None,None,None,None
126,exp_acyclic_depvary_step1_batch_yyy03.pl,q2,no,5.22,no,corr,None,None,None,None
127,exp_acyclic_depvary_step1_batch_yyy03.pl,c6,no,5.76,no,corr,None,None,None,None
128,exp_acyclic_depvary_step1_batch_yyy03.pl,z2,no,4.92,no,corr,None,None,None,None
129,exp_acyclic_depvary_step1_batch_yyy03.pl,v4,no,5.29,no,corr,None,None,None,None
130,exp_acyclic_depvary_step1_batch_yyy03.pl,e3,no,5.58,no,corr,None,None,None,None
131,exp_acyclic_depvary_step1_batch_yyy04.pl,u4,no,4.3,no,corr,None,None,None,None
132,exp_acyclic_depvary_step1_batch_yyy04.pl,p3,no,4.86,no,corr,None,None,None,None
133,exp_acyclic_depvary_step1_batch_yyy04.pl,v4,no,5.43,no,corr,None,None,None,None
134,exp_acyclic_depvary_step1_batch_yyy04.pl,r1,yes,5.38,yes,corr,None,None,None,None
135,exp_acyclic_depvary_step1_batch_yyy04.pl,a3,no,4.63,no,corr,None,None,None,None
136,exp_acyclic_depvary_step1_batch_yyy04.pl,p1,yes,4.67,yes,corr,None,None,None,None
137,exp_acyclic_depvary_step1_batch_yyy04.pl,p5,no,4.62,no,corr,None,None,None,None
138,exp_acyclic_depvary_step1_batch_yyy04.pl,x3,no,4.64,no,corr,None,None,None,None
139,exp_acyclic_depvary_step1_batch_yyy04.pl,r2,no,4.33,no,corr,None,None,None,None
140,exp_acyclic_depvary_step1_batch_yyy04.pl,b6,no,4.81,no,corr,None,None,None,None
141,exp_acyclic_depvary_step1_batch_yyy05.pl,v2,no,5.51,no,corr,None,None,None,None
142,exp_acyclic_depvary_step1_batch_yyy05.pl,x3,no,5.79,no,corr,None,None,None,None
143,exp_acyclic_depvary_step1_batch_yyy05.pl,f1,no,5.92,no,corr,None,None,None,None
144,exp_acyclic_depvary_step1_batch_yyy05.pl,q5,no,5.67,no,corr,None,None,None,None
145,exp_acyclic_depvary_step1_batch_yyy05.pl,w4,no,5.99,no,corr,None,None,None,None
146,exp_acyclic_depvary_step1_batch_yyy05.pl,x5,no,6.04,no,corr,None,None,None,None
147,exp_acyclic_depvary_step1_batch_yyy05.pl,y2,no,5.75,no,corr,None,None,None,None
148,exp_acyclic_depvary_step1_batch_yyy05.pl,q2,no,6.0,no,corr,None,None,None,None
149,exp_acyclic_depvary_step1_batch_yyy05.pl,v4,no,6.02,no,corr,None,None,None,None
150,exp_acyclic_depvary_step1_batch_yyy05.pl,e3,no,4.86,no,corr,None,None,None,None
151,exp_acyclic_depvary_step1_batch_yyy06.pl,b2,no,4.41,no,corr,None,None,None,None
152,exp_acyclic_depvary_step1_batch_yyy06.pl,w5,no,4.41,no,corr,None,None,None,None
153,exp_acyclic_depvary_step1_batch_yyy06.pl,s5,no,4.15,no,corr,None,None,None,None
154,exp_acyclic_depvary_step1_batch_yyy06.pl,q4,no,4.32,no,corr,None,None,None,None
155,exp_acyclic_depvary_step1_batch_yyy06.pl,w4,no,4.62,no,corr,None,None,None,None
156,exp_acyclic_depvary_step1_batch_yyy06.pl,r4,no,4.94,no,corr,None,None,None,None
157,exp_acyclic_depvary_step1_batch_yyy06.pl,b6,no,4.16,no,corr,None,None,None,None
158,exp_acyclic_depvary_step1_batch_yyy06.pl,d1,yes,5.0,yes,corr,None,None,None,None
159,exp_acyclic_depvary_step1_batch_yyy06.pl,z1,no,4.43,no,corr,None,None,None,None
160,exp_acyclic_depvary_step1_batch_yyy06.pl,b1,yes,4.4,yes,corr,None,None,None,None
161,exp_acyclic_depvary_step1_batch_yyy07.pl,c4,no,5.3,no,corr,None,None,None,None
162,exp_acyclic_depvary_step1_batch_yyy07.pl,v5,no,5.39,no,corr,None,None,None,None
163,exp_acyclic_depvary_step1_batch_yyy07.pl,z4,no,4.9,no,corr,None,None,None,None
164,exp_acyclic_depvary_step1_batch_yyy07.pl,s1,yes,5.59,yes,corr,None,None,None,None
165,exp_acyclic_depvary_step1_batch_yyy07.pl,q1,yes,5.27,yes,corr,None,None,None,None
166,exp_acyclic_depvary_step1_batch_yyy07.pl,x4,no,4.48,no,corr,None,None,None,None
167,exp_acyclic_depvary_step1_batch_yyy07.pl,f1,no,5.56,no,corr,None,None,None,None
168,exp_acyclic_depvary_step1_batch_yyy07.pl,e5,no,5.67,no,corr,None,None,None,None
169,exp_acyclic_depvary_step1_batch_yyy07.pl,t2,no,5.46,no,corr,None,None,None,None
170,exp_acyclic_depvary_step1_batch_yyy07.pl,z2,no,5.35,no,corr,None,None,None,None
171,exp_acyclic_depvary_step1_batch_yyy08.pl,t5,no,5.57,no,corr,None,None,None,None
172,exp_acyclic_depvary_step1_batch_yyy08.pl,y4,no,4.66,no,corr,None,None,None,None
173,exp_acyclic_depvary_step1_batch_yyy08.pl,w2,no,5.64,no,corr,None,None,None,None
174,exp_acyclic_depvary_step1_batch_yyy08.pl,f5,no,4.73,no,corr,None,None,None,None
175,exp_acyclic_depvary_step1_batch_yyy08.pl,e3,no,5.53,no,corr,None,None,None,None
176,exp_acyclic_depvary_step1_batch_yyy08.pl,d2,no,5.71,no,corr,None,None,None,None
177,exp_acyclic_depvary_step1_batch_yyy08.pl,v3,no,4.73,no,corr,None,None,None,None
178,exp_acyclic_depvary_step1_batch_yyy08.pl,f2,no,5.85,no,corr,None,None,None,None
179,exp_acyclic_depvary_step1_batch_yyy08.pl,f4,no,5.77,no,corr,None,None,None,None
180,exp_acyclic_depvary_step1_batch_yyy08.pl,a3,no,5.27,no,corr,None,None,None,None
181,exp_acyclic_depvary_step1_batch_yyy09.pl,t4,no,4.49,no,corr,None,None,None,None
182,exp_acyclic_depvary_step1_batch_yyy09.pl,b3,no,4.84,no,corr,None,None,None,None
183,exp_acyclic_depvary_step1_batch_yyy09.pl,d3,no,4.78,no,corr,None,None,None,None
184,exp_acyclic_depvary_step1_batch_yyy09.pl,x5,no,4.31,no,corr,None,None,None,None
185,exp_acyclic_depvary_step1_batch_yyy09.pl,r1,yes,4.89,yes,corr,None,None,None,None
186,exp_acyclic_depvary_step1_batch_yyy09.pl,q3,no,4.4,no,corr,None,None,None,None
187,exp_acyclic_depvary_step1_batch_yyy09.pl,e3,no,4.05,no,corr,None,None,None,None
188,exp_acyclic_depvary_step1_batch_yyy09.pl,r4,no,4.75,no,corr,None,None,None,None
189,exp_acyclic_depvary_step1_batch_yyy09.pl,e2,no,4.24,no,corr,None,None,None,None
190,exp_acyclic_depvary_step1_batch_yyy09.pl,r3,no,4.1,no,corr,None,None,None,None
191,exp_acyclic_depvary_step1_batch_yyy10.pl,c4,no,6.24,no,corr,None,None,None,None
192,exp_acyclic_depvary_step1_batch_yyy10.pl,d4,no,6.73,no,corr,None,None,None,None
193,exp_acyclic_depvary_step1_batch_yyy10.pl,b1,yes,5.82,yes,corr,None,None,None,None
194,exp_acyclic_depvary_step1_batch_yyy10.pl,a4,no,6.23,no,corr,None,None,None,None
195,exp_acyclic_depvary_step1_batch_yyy10.pl,y3,no,6.33,no,corr,None,None,None,None
196,exp_acyclic_depvary_step1_batch_yyy10.pl,e3,no,6.12,no,corr,None,None,None,None
197,exp_acyclic_depvary_step1_batch_yyy10.pl,r3,no,6.18,no,corr,None,None,None,None
198,exp_acyclic_depvary_step1_batch_yyy10.pl,f2,no,6.22,no,corr,None,None,None,None
199,exp_acyclic_depvary_step1_batch_yyy10.pl,q3,no,6.46,no,corr,None,None,None,None
200,exp_acyclic_depvary_step1_batch_yyy10.pl,y2,no,6.21,no,corr,None,None,None,None
201,exp_acyclic_depvary_step2_batch_yyy01.pl,b2,no,8.55,no,corr,None,None,None,None
202,exp_acyclic_depvary_step2_batch_yyy01.pl,e1,yes,7.04,yes,corr,None,None,None,None
203,exp_acyclic_depvary_step2_batch_yyy01.pl,e5,no,6.97,no,corr,None,None,None,None
204,exp_acyclic_depvary_step2_batch_yyy01.pl,c5,no,7.07,no,corr,None,None,None,None
205,exp_acyclic_depvary_step2_batch_yyy01.pl,z4,no,6.36,no,corr,None,None,None,None
206,exp_acyclic_depvary_step2_batch_yyy01.pl,c1,no,8.31,no,corr,None,None,None,None
207,exp_acyclic_depvary_step2_batch_yyy01.pl,p1,no,8.76,no,corr,None,None,None,None
208,exp_acyclic_depvary_step2_batch_yyy01.pl,y5,no,6.85,no,corr,None,None,None,None
209,exp_acyclic_depvary_step2_batch_yyy01.pl,a6,no,6.82,no,corr,None,None,None,None
210,exp_acyclic_depvary_step2_batch_yyy01.pl,s4,no,6.62,no,corr,None,None,None,None
211,exp_acyclic_depvary_step2_batch_yyy02.pl,z5,no,11.39,no,corr,None,None,None,None
212,exp_acyclic_depvary_step2_batch_yyy02.pl,e5,no,10.88,no,corr,None,None,None,None
213,exp_acyclic_depvary_step2_batch_yyy02.pl,s5,no,10.95,no,corr,None,None,None,None
214,exp_acyclic_depvary_step2_batch_yyy02.pl,p2,yes,11.34,yes,corr,None,None,None,None
215,exp_acyclic_depvary_step2_batch_yyy02.pl,a1,no,10.68,no,corr,None,None,None,None
216,exp_acyclic_depvary_step2_batch_yyy02.pl,q2,no,10.64,no,corr,None,None,None,None
217,exp_acyclic_depvary_step2_batch_yyy02.pl,d3,no,11.14,no,corr,None,None,None,None
218,exp_acyclic_depvary_step2_batch_yyy02.pl,u4,no,11.31,no,corr,None,None,None,None
219,exp_acyclic_depvary_step2_batch_yyy02.pl,w1,no,10.62,no,corr,None,None,None,None
220,exp_acyclic_depvary_step2_batch_yyy02.pl,p3,no,11.11,no,corr,None,None,None,None
221,exp_acyclic_depvary_step2_batch_yyy03.pl,d5,no,10.82,no,corr,None,None,None,None
222,exp_acyclic_depvary_step2_batch_yyy03.pl,p5,no,11.08,no,corr,None,None,None,None
223,exp_acyclic_depvary_step2_batch_yyy03.pl,v5,no,10.88,no,corr,None,None,None,None
224,exp_acyclic_depvary_step2_batch_yyy03.pl,f5,no,10.82,no,corr,None,None,None,None
225,exp_acyclic_depvary_step2_batch_yyy03.pl,p3,no,11.26,no,corr,None,None,None,None
226,exp_acyclic_depvary_step2_batch_yyy03.pl,u3,no,10.88,no,corr,None,None,None,None
227,exp_acyclic_depvary_step2_batch_yyy03.pl,y2,no,10.9,no,corr,None,None,None,None
228,exp_acyclic_depvary_step2_batch_yyy03.pl,d1,yes,11.2,yes,corr,None,None,None,None
229,exp_acyclic_depvary_step2_batch_yyy03.pl,y3,no,10.79,no,corr,None,None,None,None
230,exp_acyclic_depvary_step2_batch_yyy03.pl,r5,no,11.06,no,corr,None,None,None,None
231,exp_acyclic_depvary_step2_batch_yyy04.pl,e1,no,10.67,no,corr,None,None,None,None
232,exp_acyclic_depvary_step2_batch_yyy04.pl,f1,yes,9.6,yes,corr,None,None,None,None
233,exp_acyclic_depvary_step2_batch_yyy04.pl,v5,no,9.76,no,corr,None,None,None,None
234,exp_acyclic_depvary_step2_batch_yyy04.pl,q5,no,9.79,no,corr,None,None,None,None
235,exp_acyclic_depvary_step2_batch_yyy04.pl,v1,yes,9.52,yes,corr,None,None,None,None
236,exp_acyclic_depvary_step2_batch_yyy04.pl,c6,no,9.43,no,corr,None,None,None,None
237,exp_acyclic_depvary_step2_batch_yyy04.pl,a6,no,9.25,no,corr,None,None,None,None
238,exp_acyclic_depvary_step2_batch_yyy04.pl,y4,no,10.08,no,corr,None,None,None,None
239,exp_acyclic_depvary_step2_batch_yyy04.pl,e2,no,9.57,no,corr,None,None,None,None
240,exp_acyclic_depvary_step2_batch_yyy04.pl,u2,no,9.63,no,corr,None,None,None,None
241,exp_acyclic_depvary_step2_batch_yyy05.pl,b2,no,10.02,no,corr,None,None,None,None
242,exp_acyclic_depvary_step2_batch_yyy05.pl,y4,no,9.93,no,corr,None,None,None,None
243,exp_acyclic_depvary_step2_batch_yyy05.pl,e1,yes,10.23,yes,corr,None,None,None,None
244,exp_acyclic_depvary_step2_batch_yyy05.pl,f1,yes,10.49,yes,corr,None,None,None,None
245,exp_acyclic_depvary_step2_batch_yyy05.pl,w5,no,9.46,no,corr,None,None,None,None
246,exp_acyclic_depvary_step2_batch_yyy05.pl,q4,no,9.72,no,corr,None,None,None,None
247,exp_acyclic_depvary_step2_batch_yyy05.pl,y3,no,10.05,no,corr,None,None,None,None
248,exp_acyclic_depvary_step2_batch_yyy05.pl,f4,no,9.74,no,corr,None,None,None,None
249,exp_acyclic_depvary_step2_batch_yyy05.pl,z1,yes,10.29,yes,corr,None,None,None,None
250,exp_acyclic_depvary_step2_batch_yyy05.pl,b1,yes,10.05,yes,corr,None,None,None,None
251,exp_acyclic_depvary_step2_batch_yyy06.pl,c3,no,10.89,no,corr,None,None,None,None
252,exp_acyclic_depvary_step2_batch_yyy06.pl,u1,yes,11.24,yes,corr,None,None,None,None
253,exp_acyclic_depvary_step2_batch_yyy06.pl,d3,no,11.33,no,corr,None,None,None,None
254,exp_acyclic_depvary_step2_batch_yyy06.pl,q4,no,10.8,no,corr,None,None,None,None
255,exp_acyclic_depvary_step2_batch_yyy06.pl,x2,no,10.68,no,corr,None,None,None,None
256,exp_acyclic_depvary_step2_batch_yyy06.pl,x5,no,10.47,no,corr,None,None,None,None
257,exp_acyclic_depvary_step2_batch_yyy06.pl,a1,yes,11.06,yes,corr,None,None,None,None
258,exp_acyclic_depvary_step2_batch_yyy06.pl,x4,no,10.08,no,corr,None,None,None,None
259,exp_acyclic_depvary_step2_batch_yyy06.pl,p5,no,10.72,no,corr,None,None,None,None
260,exp_acyclic_depvary_step2_batch_yyy06.pl,x3,no,10.64,no,corr,None,None,None,None
261,exp_acyclic_depvary_step2_batch_yyy07.pl,d5,no,7.01,no,corr,None,None,None,None
262,exp_acyclic_depvary_step2_batch_yyy07.pl,f1,yes,9.8,yes,corr,None,None,None,None
263,exp_acyclic_depvary_step2_batch_yyy07.pl,w5,no,7.42,no,corr,None,None,None,None
264,exp_acyclic_depvary_step2_batch_yyy07.pl,y3,no,6.96,no,corr,None,None,None,None
265,exp_acyclic_depvary_step2_batch_yyy07.pl,x1,yes,6.48,yes,corr,None,None,None,None
266,exp_acyclic_depvary_step2_batch_yyy07.pl,f2,no,7.16,no,corr,None,None,None,None
267,exp_acyclic_depvary_step2_batch_yyy07.pl,c5,no,7.6,no,corr,None,None,None,None
268,exp_acyclic_depvary_step2_batch_yyy07.pl,a5,no,7.08,no,corr,None,None,None,None
269,exp_acyclic_depvary_step2_batch_yyy07.pl,d1,no,9.39,no,corr,None,None,None,None
270,exp_acyclic_depvary_step2_batch_yyy07.pl,t1,yes,9.51,yes,corr,None,None,None,None
271,exp_acyclic_depvary_step2_batch_yyy08.pl,s3,no,10.03,no,corr,None,None,None,None
272,exp_acyclic_depvary_step2_batch_yyy08.pl,x3,no,10.23,no,corr,None,None,None,None
273,exp_acyclic_depvary_step2_batch_yyy08.pl,s5,no,10.26,no,corr,None,None,None,None
274,exp_acyclic_depvary_step2_batch_yyy08.pl,p3,no,9.45,no,corr,None,None,None,None
275,exp_acyclic_depvary_step2_batch_yyy08.pl,d2,no,10.16,no,corr,None,None,None,None
276,exp_acyclic_depvary_step2_batch_yyy08.pl,z3,no,10.36,no,corr,None,None,None,None
277,exp_acyclic_depvary_step2_batch_yyy08.pl,y2,no,10.48,no,corr,None,None,None,None
278,exp_acyclic_depvary_step2_batch_yyy08.pl,c6,no,10.2,no,corr,None,None,None,None
279,exp_acyclic_depvary_step2_batch_yyy08.pl,z2,no,10.33,no,corr,None,None,None,None
280,exp_acyclic_depvary_step2_batch_yyy08.pl,b5,no,10.01,no,corr,None,None,None,None
281,exp_acyclic_depvary_step2_batch_yyy09.pl,u5,no,9.11,no,corr,None,None,None,None
282,exp_acyclic_depvary_step2_batch_yyy09.pl,t4,no,8.94,no,corr,None,None,None,None
283,exp_acyclic_depvary_step2_batch_yyy09.pl,b2,no,10.77,no,corr,None,None,None,None
284,exp_acyclic_depvary_step2_batch_yyy09.pl,b3,no,9.17,no,corr,None,None,None,None
285,exp_acyclic_depvary_step2_batch_yyy09.pl,p4,no,10.21,no,corr,None,None,None,None
286,exp_acyclic_depvary_step2_batch_yyy09.pl,b4,no,9.4,no,corr,None,None,None,None
287,exp_acyclic_depvary_step2_batch_yyy09.pl,z1,no,9.02,no,corr,None,None,None,None
288,exp_acyclic_depvary_step2_batch_yyy09.pl,w4,no,8.95,no,corr,None,None,None,None
289,exp_acyclic_depvary_step2_batch_yyy09.pl,d1,yes,9.6,yes,corr,None,None,None,None
290,exp_acyclic_depvary_step2_batch_yyy09.pl,x4,no,9.68,no,corr,None,None,None,None
291,exp_acyclic_depvary_step2_batch_yyy10.pl,u5,no,8.62,no,corr,None,None,None,None
292,exp_acyclic_depvary_step2_batch_yyy10.pl,d4,no,8.87,no,corr,None,None,None,None
293,exp_acyclic_depvary_step2_batch_yyy10.pl,t3,no,8.8,no,corr,None,None,None,None
294,exp_acyclic_depvary_step2_batch_yyy10.pl,v4,no,8.18,no,corr,None,None,None,None
295,exp_acyclic_depvary_step2_batch_yyy10.pl,f4,no,8.79,no,corr,None,None,None,None
296,exp_acyclic_depvary_step2_batch_yyy10.pl,r2,yes,8.91,yes,corr,None,None,None,None
297,exp_acyclic_depvary_step2_batch_yyy10.pl,v2,no,9.15,no,corr,None,None,None,None
298,exp_acyclic_depvary_step2_batch_yyy10.pl,e1,no,11.12,no,corr,None,None,None,None
299,exp_acyclic_depvary_step2_batch_yyy10.pl,s1,yes,8.73,yes,corr,None,None,None,None
300,exp_acyclic_depvary_step2_batch_yyy10.pl,d2,no,8.97,no,corr,None,None,None,None
301,exp_acyclic_depvary_step3_batch_yyy01.pl,u1,yes,19.03,yes,corr,None,None,None,None
302,exp_acyclic_depvary_step3_batch_yyy01.pl,c2,no,20.62,no,corr,None,None,None,None
303,exp_acyclic_depvary_step3_batch_yyy01.pl,a4,no,17.75,no,corr,None,None,None,None
304,exp_acyclic_depvary_step3_batch_yyy01.pl,y1,yes,18.22,yes,corr,None,None,None,None
305,exp_acyclic_depvary_step3_batch_yyy01.pl,q1,yes,19.15,yes,corr,None,None,None,None
306,exp_acyclic_depvary_step3_batch_yyy01.pl,a2,no,17.13,no,corr,None,None,None,None
307,exp_acyclic_depvary_step3_batch_yyy01.pl,s5,no,17.95,no,corr,None,None,None,None
308,exp_acyclic_depvary_step3_batch_yyy01.pl,b4,no,18.12,no,corr,None,None,None,None
309,exp_acyclic_depvary_step3_batch_yyy01.pl,z3,no,18.5,no,corr,None,None,None,None
310,exp_acyclic_depvary_step3_batch_yyy01.pl,a3,no,17.83,no,corr,None,None,None,None
311,exp_acyclic_depvary_step3_batch_yyy02.pl,d5,no,13.67,no,corr,None,None,None,None
312,exp_acyclic_depvary_step3_batch_yyy02.pl,z5,no,13.38,no,corr,None,None,None,None
313,exp_acyclic_depvary_step3_batch_yyy02.pl,b4,no,13.04,no,corr,None,None,None,None
314,exp_acyclic_depvary_step3_batch_yyy02.pl,c2,yes,12.62,yes,corr,None,None,None,None
315,exp_acyclic_depvary_step3_batch_yyy02.pl,r5,no,13.38,no,corr,None,None,None,None
316,exp_acyclic_depvary_step3_batch_yyy02.pl,r1,yes,13.43,yes,corr,None,None,None,None
317,exp_acyclic_depvary_step3_batch_yyy02.pl,p2,yes,12.91,yes,corr,None,None,None,None
318,exp_acyclic_depvary_step3_batch_yyy02.pl,e2,yes,17.09,yes,corr,None,None,None,None
319,exp_acyclic_depvary_step3_batch_yyy02.pl,d1,yes,18.3,yes,corr,None,None,None,None
320,exp_acyclic_depvary_step3_batch_yyy02.pl,q1,no,18.14,no,corr,None,None,None,None
321,exp_acyclic_depvary_step3_batch_yyy03.pl,p4,no,18.06,no,corr,None,None,None,None
322,exp_acyclic_depvary_step3_batch_yyy03.pl,u4,no,18.11,no,corr,None,None,None,None
323,exp_acyclic_depvary_step3_batch_yyy03.pl,z1,no,17.73,no,corr,None,None,None,None
324,exp_acyclic_depvary_step3_batch_yyy03.pl,c6,no,17.81,no,corr,None,None,None,None
325,exp_acyclic_depvary_step3_batch_yyy03.pl,y1,no,18.08,no,corr,None,None,None,None
326,exp_acyclic_depvary_step3_batch_yyy03.pl,y2,no,18.28,no,corr,None,None,None,None
327,exp_acyclic_depvary_step3_batch_yyy03.pl,e2,no,18.02,no,corr,None,None,None,None
328,exp_acyclic_depvary_step3_batch_yyy03.pl,r3,no,18.73,no,corr,None,None,None,None
329,exp_acyclic_depvary_step3_batch_yyy03.pl,f2,no,18.06,no,corr,None,None,None,None
330,exp_acyclic_depvary_step3_batch_yyy03.pl,q2,no,17.58,no,corr,None,None,None,None
331,exp_acyclic_depvary_step3_batch_yyy04.pl,t5,no,18.96,no,corr,None,None,None,None
332,exp_acyclic_depvary_step3_batch_yyy04.pl,s4,no,17.43,no,corr,None,None,None,None
333,exp_acyclic_depvary_step3_batch_yyy04.pl,u4,no,18.42,no,corr,None,None,None,None
334,exp_acyclic_depvary_step3_batch_yyy04.pl,c5,no,18.04,no,corr,None,None,None,None
335,exp_acyclic_depvary_step3_batch_yyy04.pl,e4,no,18.91,no,corr,None,None,None,None
336,exp_acyclic_depvary_step3_batch_yyy04.pl,w1,no,18.58,no,corr,None,None,None,None
337,exp_acyclic_depvary_step3_batch_yyy04.pl,s1,yes,19.49,yes,corr,None,None,None,None
338,exp_acyclic_depvary_step3_batch_yyy04.pl,z3,no,17.43,no,corr,None,None,None,None
339,exp_acyclic_depvary_step3_batch_yyy04.pl,r3,no,18.73,no,corr,None,None,None,None
340,exp_acyclic_depvary_step3_batch_yyy04.pl,q2,yes,18.18,yes,corr,None,None,None,None
341,exp_acyclic_depvary_step3_batch_yyy05.pl,e1,yes,13.22,yes,corr,None,None,None,None
342,exp_acyclic_depvary_step3_batch_yyy05.pl,f1,yes,13.19,yes,corr,None,None,None,None
343,exp_acyclic_depvary_step3_batch_yyy05.pl,c5,no,13.78,no,corr,None,None,None,None
344,exp_acyclic_depvary_step3_batch_yyy05.pl,r4,no,12.43,no,corr,None,None,None,None
345,exp_acyclic_depvary_step3_batch_yyy05.pl,a3,no,13.12,no,corr,None,None,None,None
346,exp_acyclic_depvary_step3_batch_yyy05.pl,x1,yes,12.23,yes,corr,None,None,None,None
347,exp_acyclic_depvary_step3_batch_yyy05.pl,s5,no,12.37,no,corr,None,None,None,None
348,exp_acyclic_depvary_step3_batch_yyy05.pl,b4,no,12.52,no,corr,None,None,None,None
349,exp_acyclic_depvary_step3_batch_yyy05.pl,r5,no,13.09,no,corr,None,None,None,None
350,exp_acyclic_depvary_step3_batch_yyy05.pl,e4,no,12.92,no,corr,None,None,None,None
351,exp_acyclic_depvary_step3_batch_yyy06.pl,c4,no,17.76,no,corr,None,None,None,None
352,exp_acyclic_depvary_step3_batch_yyy06.pl,u4,no,18.49,no,corr,None,None,None,None
353,exp_acyclic_depvary_step3_batch_yyy06.pl,a1,no,36.92,no,corr,None,None,None,None
354,exp_acyclic_depvary_step3_batch_yyy06.pl,u2,no,18.39,no,corr,None,None,None,None
355,exp_acyclic_depvary_step3_batch_yyy06.pl,x4,no,18.13,no,corr,None,None,None,None
356,exp_acyclic_depvary_step3_batch_yyy06.pl,z5,no,18.61,no,corr,None,None,None,None
357,exp_acyclic_depvary_step3_batch_yyy06.pl,e1,yes,19.16,yes,corr,None,None,None,None
358,exp_acyclic_depvary_step3_batch_yyy06.pl,x5,no,19.31,no,corr,None,None,None,None
359,exp_acyclic_depvary_step3_batch_yyy06.pl,c6,no,17.99,no,corr,None,None,None,None
360,exp_acyclic_depvary_step3_batch_yyy06.pl,b5,no,20.07,no,corr,None,None,None,None
361,exp_acyclic_depvary_step3_batch_yyy07.pl,w2,no,19.49,no,corr,None,None,None,None
362,exp_acyclic_depvary_step3_batch_yyy07.pl,q5,no,19.4,no,corr,None,None,None,None
363,exp_acyclic_depvary_step3_batch_yyy07.pl,c2,yes,20.4,yes,corr,None,None,None,None
364,exp_acyclic_depvary_step3_batch_yyy07.pl,x2,yes,20.66,yes,corr,None,None,None,None
365,exp_acyclic_depvary_step3_batch_yyy07.pl,e4,no,19.46,no,corr,None,None,None,None
366,exp_acyclic_depvary_step3_batch_yyy07.pl,a1,yes,19.92,yes,corr,None,None,None,None
367,exp_acyclic_depvary_step3_batch_yyy07.pl,t4,no,20.51,no,corr,None,None,None,None
368,exp_acyclic_depvary_step3_batch_yyy07.pl,s3,no,18.64,no,corr,None,None,None,None
369,exp_acyclic_depvary_step3_batch_yyy07.pl,r3,no,19.37,no,corr,None,None,None,None
370,exp_acyclic_depvary_step3_batch_yyy07.pl,q1,no,19.41,no,corr,None,None,None,None
371,exp_acyclic_depvary_step3_batch_yyy08.pl,d4,no,9.9,no,corr,None,None,None,None
372,exp_acyclic_depvary_step3_batch_yyy08.pl,w2,yes,10.72,yes,corr,None,None,None,None
373,exp_acyclic_depvary_step3_batch_yyy08.pl,a5,no,10.81,no,corr,None,None,None,None
374,exp_acyclic_depvary_step3_batch_yyy08.pl,y3,no,10.23,no,corr,None,None,None,None
375,exp_acyclic_depvary_step3_batch_yyy08.pl,c6,no,10.87,no,corr,None,None,None,None
376,exp_acyclic_depvary_step3_batch_yyy08.pl,q3,no,10.72,no,corr,None,None,None,None
377,exp_acyclic_depvary_step3_batch_yyy08.pl,u2,no,11.06,no,corr,None,None,None,None
378,exp_acyclic_depvary_step3_batch_yyy08.pl,y5,no,10.52,no,corr,None,None,None,None
379,exp_acyclic_depvary_step3_batch_yyy08.pl,f4,no,10.67,no,corr,None,None,None,None
380,exp_acyclic_depvary_step3_batch_yyy08.pl,z3,no,10.39,no,corr,None,None,None,None
381,exp_acyclic_depvary_step3_batch_yyy09.pl,b3,no,12.45,no,corr,None,None,None,None
382,exp_acyclic_depvary_step3_batch_yyy09.pl,d4,no,12.48,no,corr,None,None,None,None
383,exp_acyclic_depvary_step3_batch_yyy09.pl,w5,no,12.73,no,corr,None,None,None,None
384,exp_acyclic_depvary_step3_batch_yyy09.pl,b1,no,17.83,no,corr,None,None,None,None
385,exp_acyclic_depvary_step3_batch_yyy09.pl,a4,no,11.79,no,corr,None,None,None,None
386,exp_acyclic_depvary_step3_batch_yyy09.pl,p3,no,12.61,no,corr,None,None,None,None
387,exp_acyclic_depvary_step3_batch_yyy09.pl,e3,no,11.89,no,corr,None,None,None,None
388,exp_acyclic_depvary_step3_batch_yyy09.pl,r1,yes,16.89,yes,corr,None,None,None,None
389,exp_acyclic_depvary_step3_batch_yyy09.pl,e2,yes,18.13,yes,corr,None,None,None,None
390,exp_acyclic_depvary_step3_batch_yyy09.pl,d1,yes,17.25,yes,corr,None,None,None,None
391,exp_acyclic_depvary_step3_batch_yyy10.pl,s3,no,13.06,no,corr,None,None,None,None
392,exp_acyclic_depvary_step3_batch_yyy10.pl,b3,no,12.9,no,corr,None,None,None,None
393,exp_acyclic_depvary_step3_batch_yyy10.pl,e1,yes,18.25,yes,corr,None,None,None,None
394,exp_acyclic_depvary_step3_batch_yyy10.pl,t2,no,28.12,no,corr,None,None,None,None
395,exp_acyclic_depvary_step3_batch_yyy10.pl,e3,no,12.91,no,corr,None,None,None,None
396,exp_acyclic_depvary_step3_batch_yyy10.pl,u5,no,13.52,no,corr,None,None,None,None
397,exp_acyclic_depvary_step3_batch_yyy10.pl,d5,no,13.72,no,corr,None,None,None,None
398,exp_acyclic_depvary_step3_batch_yyy10.pl,e2,no,19.05,no,corr,None,None,None,None
399,exp_acyclic_depvary_step3_batch_yyy10.pl,r3,no,12.73,no,corr,None,None,None,None
400,exp_acyclic_depvary_step3_batch_yyy10.pl,d1,no,35.66,no,corr,None,None,None,None
401,exp_acyclic_depvary_step4_batch_yyy01.pl,b3,yes,32.91,yes,corr,None,None,None,None
402,exp_acyclic_depvary_step4_batch_yyy01.pl,u1,no,33.17,no,corr,None,None,None,None
403,exp_acyclic_depvary_step4_batch_yyy01.pl,d3,no,31.34,no,corr,None,None,None,None
404,exp_acyclic_depvary_step4_batch_yyy01.pl,q5,no,31.33,no,corr,None,None,None,None
405,exp_acyclic_depvary_step4_batch_yyy01.pl,c2,yes,32.94,yes,corr,None,None,None,None
406,exp_acyclic_depvary_step4_batch_yyy01.pl,f5,no,30.42,no,corr,None,None,None,None
407,exp_acyclic_depvary_step4_batch_yyy01.pl,w1,no,31.71,no,corr,None,None,None,None
408,exp_acyclic_depvary_step4_batch_yyy01.pl,s1,yes,32.84,yes,corr,None,None,None,None
409,exp_acyclic_depvary_step4_batch_yyy01.pl,x1,no,33.09,no,corr,None,None,None,None
410,exp_acyclic_depvary_step4_batch_yyy01.pl,f2,yes,32.45,yes,corr,None,None,None,None
411,exp_acyclic_depvary_step4_batch_yyy02.pl,u1,yes,26.18,yes,corr,None,None,None,None
412,exp_acyclic_depvary_step4_batch_yyy02.pl,y3,no,24.7,no,corr,None,None,None,None
413,exp_acyclic_depvary_step4_batch_yyy02.pl,d2,yes,27.24,yes,corr,None,None,None,None
414,exp_acyclic_depvary_step4_batch_yyy02.pl,y5,no,24.76,no,corr,None,None,None,None
415,exp_acyclic_depvary_step4_batch_yyy02.pl,w3,no,24.16,no,corr,None,None,None,None
416,exp_acyclic_depvary_step4_batch_yyy02.pl,b3,yes,26.62,yes,corr,None,None,None,None
417,exp_acyclic_depvary_step4_batch_yyy02.pl,y4,no,23.37,no,corr,None,None,None,None
418,exp_acyclic_depvary_step4_batch_yyy02.pl,e2,yes,23.82,yes,corr,None,None,None,None
419,exp_acyclic_depvary_step4_batch_yyy02.pl,t1,no,25.31,no,corr,None,None,None,None
420,exp_acyclic_depvary_step4_batch_yyy02.pl,q1,yes,24.25,yes,corr,None,None,None,None
421,exp_acyclic_depvary_step4_batch_yyy03.pl,b2,yes,29.25,yes,corr,None,None,None,None
422,exp_acyclic_depvary_step4_batch_yyy03.pl,p5,no,26.02,no,corr,None,None,None,None
423,exp_acyclic_depvary_step4_batch_yyy03.pl,d3,no,26.76,no,corr,None,None,None,None
424,exp_acyclic_depvary_step4_batch_yyy03.pl,t3,no,27.39,no,corr,None,None,None,None
425,exp_acyclic_depvary_step4_batch_yyy03.pl,u3,no,26.82,no,corr,None,None,None,None
426,exp_acyclic_depvary_step4_batch_yyy03.pl,s1,no,28.17,no,corr,None,None,None,None
427,exp_acyclic_depvary_step4_batch_yyy03.pl,q3,yes,28.79,yes,corr,None,None,None,None
428,exp_acyclic_depvary_step4_batch_yyy03.pl,b6,no,27.23,no,corr,None,None,None,None
429,exp_acyclic_depvary_step4_batch_yyy03.pl,c3,no,27.56,no,corr,None,None,None,None
430,exp_acyclic_depvary_step4_batch_yyy03.pl,t4,no,26.33,no,corr,None,None,None,None
431,exp_acyclic_depvary_step4_batch_yyy04.pl,u5,no,23.26,no,corr,None,None,None,None
432,exp_acyclic_depvary_step4_batch_yyy04.pl,b2,yes,22.14,yes,corr,None,None,None,None
433,exp_acyclic_depvary_step4_batch_yyy04.pl,d4,no,22.01,no,corr,None,None,None,None
434,exp_acyclic_depvary_step4_batch_yyy04.pl,b4,no,22.82,no,corr,None,None,None,None
435,exp_acyclic_depvary_step4_batch_yyy04.pl,p3,,600.0,no,TIMEOUT,,,,
436,exp_acyclic_depvary_step4_batch_yyy04.pl,y1,no,63.81,no,corr,None,None,None,None
437,exp_acyclic_depvary_step4_batch_yyy04.pl,b6,no,23.04,no,corr,None,None,None,None
438,exp_acyclic_depvary_step4_batch_yyy04.pl,q1,no,40.33,no,corr,None,None,None,None
439,exp_acyclic_depvary_step4_batch_yyy04.pl,x2,yes,23.24,yes,corr,None,None,None,None
440,exp_acyclic_depvary_step4_batch_yyy04.pl,f5,no,22.89,no,corr,None,None,None,None
441,exp_acyclic_depvary_step4_batch_yyy05.pl,t4,no,24.61,no,corr,None,None,None,None
442,exp_acyclic_depvary_step4_batch_yyy05.pl,p5,no,24.38,no,corr,None,None,None,None
443,exp_acyclic_depvary_step4_batch_yyy05.pl,t3,no,24.79,no,corr,None,None,None,None
444,exp_acyclic_depvary_step4_batch_yyy05.pl,y1,no,43.62,no,corr,None,None,None,None
445,exp_acyclic_depvary_step4_batch_yyy05.pl,a3,no,24.11,no,corr,None,None,None,None
446,exp_acyclic_depvary_step4_batch_yyy05.pl,x4,no,24.48,no,corr,None,None,None,None
447,exp_acyclic_depvary_step4_batch_yyy05.pl,v5,no,23.8,no,corr,None,None,None,None
448,exp_acyclic_depvary_step4_batch_yyy05.pl,w5,no,24.72,no,corr,None,None,None,None
449,exp_acyclic_depvary_step4_batch_yyy05.pl,c6,no,24.6,no,corr,None,None,None,None
450,exp_acyclic_depvary_step4_batch_yyy05.pl,z2,yes,24.57,yes,corr,None,None,None,None
451,exp_acyclic_depvary_step4_batch_yyy06.pl,b3,no,26.67,no,corr,None,None,None,None
452,exp_acyclic_depvary_step4_batch_yyy06.pl,z5,no,26.37,no,corr,None,None,None,None
453,exp_acyclic_depvary_step4_batch_yyy06.pl,c2,yes,30.22,yes,corr,None,None,None,None
454,exp_acyclic_depvary_step4_batch_yyy06.pl,x2,no,27.09,no,corr,None,None,None,None
455,exp_acyclic_depvary_step4_batch_yyy06.pl,z4,no,27.21,no,corr,None,None,None,None
456,exp_acyclic_depvary_step4_batch_yyy06.pl,v4,no,27.49,no,corr,None,None,None,None
457,exp_acyclic_depvary_step4_batch_yyy06.pl,r3,no,27.65,no,corr,None,None,None,None
458,exp_acyclic_depvary_step4_batch_yyy06.pl,u2,no,28.27,no,corr,None,None,None,None
459,exp_acyclic_depvary_step4_batch_yyy06.pl,a2,yes,28.81,yes,corr,None,None,None,None
460,exp_acyclic_depvary_step4_batch_yyy06.pl,w3,no,27.83,no,corr,None,None,None,None
461,exp_acyclic_depvary_step4_batch_yyy07.pl,u5,no,37.42,no,corr,None,None,None,None
462,exp_acyclic_depvary_step4_batch_yyy07.pl,t5,no,36.44,no,corr,None,None,None,None
463,exp_acyclic_depvary_step4_batch_yyy07.pl,q4,no,35.91,no,corr,None,None,None,None
464,exp_acyclic_depvary_step4_batch_yyy07.pl,f3,no,35.34,no,corr,None,None,None,None
465,exp_acyclic_depvary_step4_batch_yyy07.pl,a1,yes,38.1,yes,corr,None,None,None,None
466,exp_acyclic_depvary_step4_batch_yyy07.pl,x4,no,36.54,no,corr,None,None,None,None
467,exp_acyclic_depvary_step4_batch_yyy07.pl,s1,yes,36.56,yes,corr,None,None,None,None
468,exp_acyclic_depvary_step4_batch_yyy07.pl,d2,yes,37.86,yes,corr,None,None,None,None
469,exp_acyclic_depvary_step4_batch_yyy07.pl,t1,no,35.86,no,corr,None,None,None,None
470,exp_acyclic_depvary_step4_batch_yyy07.pl,q1,no,37.58,no,corr,None,None,None,None
471,exp_acyclic_depvary_step4_batch_yyy08.pl,t5,no,27.0,no,corr,None,None,None,None
472,exp_acyclic_depvary_step4_batch_yyy08.pl,d4,no,27.5,no,corr,None,None,None,None
473,exp_acyclic_depvary_step4_batch_yyy08.pl,t3,no,27.09,no,corr,None,None,None,None
474,exp_acyclic_depvary_step4_batch_yyy08.pl,f3,no,26.84,no,corr,None,None,None,None
475,exp_acyclic_depvary_step4_batch_yyy08.pl,r1,no,33.33,no,corr,None,None,None,None
476,exp_acyclic_depvary_step4_batch_yyy08.pl,y2,yes,33.58,yes,corr,None,None,None,None
477,exp_acyclic_depvary_step4_batch_yyy08.pl,v3,no,27.37,no,corr,None,None,None,None
478,exp_acyclic_depvary_step4_batch_yyy08.pl,y5,no,27.17,no,corr,None,None,None,None
479,exp_acyclic_depvary_step4_batch_yyy08.pl,w3,no,27.23,no,corr,None,None,None,None
480,exp_acyclic_depvary_step4_batch_yyy08.pl,f2,no,29.32,no,corr,None,None,None,None
481,exp_acyclic_depvary_step4_batch_yyy09.pl,v2,no,33.91,no,corr,None,None,None,None
482,exp_acyclic_depvary_step4_batch_yyy09.pl,d3,no,20.79,no,corr,None,None,None,None
483,exp_acyclic_depvary_step4_batch_yyy09.pl,t3,no,20.0,no,corr,None,None,None,None
484,exp_acyclic_depvary_step4_batch_yyy09.pl,z4,no,20.65,no,corr,None,None,None,None
485,exp_acyclic_depvary_step4_batch_yyy09.pl,v1,no,34.82,no,corr,None,None,None,None
486,exp_acyclic_depvary_step4_batch_yyy09.pl,c1,yes,20.35,yes,corr,None,None,None,None
487,exp_acyclic_depvary_step4_batch_yyy09.pl,a6,no,20.84,no,corr,None,None,None,None
488,exp_acyclic_depvary_step4_batch_yyy09.pl,s4,no,21.55,no,corr,None,None,None,None
489,exp_acyclic_depvary_step4_batch_yyy09.pl,a4,no,20.97,no,corr,None,None,None,None
490,exp_acyclic_depvary_step4_batch_yyy09.pl,x2,no,26.56,no,corr,None,None,None,None
491,exp_acyclic_depvary_step4_batch_yyy10.pl,w5,no,30.49,no,corr,None,None,None,None
492,exp_acyclic_depvary_step4_batch_yyy10.pl,q4,no,30.74,no,corr,None,None,None,None
493,exp_acyclic_depvary_step4_batch_yyy10.pl,r5,no,30.33,no,corr,None,None,None,None
494,exp_acyclic_depvary_step4_batch_yyy10.pl,w4,no,31.38,no,corr,None,None,None,None
495,exp_acyclic_depvary_step4_batch_yyy10.pl,t2,no,30.88,no,corr,None,None,None,None
496,exp_acyclic_depvary_step4_batch_yyy10.pl,b6,no,30.49,no,corr,None,None,None,None
497,exp_acyclic_depvary_step4_batch_yyy10.pl,d1,yes,33.44,yes,corr,None,None,None,None
498,exp_acyclic_depvary_step4_batch_yyy10.pl,f2,no,30.46,no,corr,None,None,None,None
499,exp_acyclic_depvary_step4_batch_yyy10.pl,u5,no,30.62,no,corr,None,None,None,None
500,exp_acyclic_depvary_step4_batch_yyy10.pl,d5,no,31.5,no,corr,None,None,None,None
501,exp_acyclic_depvary_step5_batch_yyy01.pl,d5,no,41.41,no,corr,None,None,None,None
502,exp_acyclic_depvary_step5_batch_yyy01.pl,p5,no,42.23,no,corr,None,None,None,None
503,exp_acyclic_depvary_step5_batch_yyy01.pl,a4,no,41.34,no,corr,None,None,None,None
504,exp_acyclic_depvary_step5_batch_yyy01.pl,p2,no,74.27,no,corr,None,None,None,None
505,exp_acyclic_depvary_step5_batch_yyy01.pl,v2,yes,43.93,yes,corr,None,None,None,None
506,exp_acyclic_depvary_step5_batch_yyy01.pl,e1,yes,59.01,yes,corr,None,None,None,None
507,exp_acyclic_depvary_step5_batch_yyy01.pl,c5,no,42.13,no,corr,None,None,None,None
508,exp_acyclic_depvary_step5_batch_yyy01.pl,b1,yes,42.1,yes,corr,None,None,None,None
509,exp_acyclic_depvary_step5_batch_yyy01.pl,d1,no,55.56,no,corr,None,None,None,None
510,exp_acyclic_depvary_step5_batch_yyy01.pl,q1,yes,42.11,yes,corr,None,None,None,None
511,exp_acyclic_depvary_step5_batch_yyy02.pl,u5,no,50.6,no,corr,None,None,None,None
512,exp_acyclic_depvary_step5_batch_yyy02.pl,t4,no,49.85,no,corr,None,None,None,None
513,exp_acyclic_depvary_step5_batch_yyy02.pl,e1,yes,52.37,yes,corr,None,None,None,None
514,exp_acyclic_depvary_step5_batch_yyy02.pl,q4,no,50.87,no,corr,None,None,None,None
515,exp_acyclic_depvary_step5_batch_yyy02.pl,f5,no,50.0,no,corr,None,None,None,None
516,exp_acyclic_depvary_step5_batch_yyy02.pl,r5,no,50.34,no,corr,None,None,None,None
517,exp_acyclic_depvary_step5_batch_yyy02.pl,r1,no,65.58,no,corr,None,None,None,None
518,exp_acyclic_depvary_step5_batch_yyy02.pl,d1,yes,53.33,yes,corr,None,None,None,None
519,exp_acyclic_depvary_step5_batch_yyy02.pl,p4,no,50.73,no,corr,None,None,None,None
520,exp_acyclic_depvary_step5_batch_yyy02.pl,d4,no,51.28,no,corr,None,None,None,None
521,exp_acyclic_depvary_step5_batch_yyy03.pl,s4,no,46.66,no,corr,None,None,None,None
522,exp_acyclic_depvary_step5_batch_yyy03.pl,d4,no,46.15,no,corr,None,None,None,None
523,exp_acyclic_depvary_step5_batch_yyy03.pl,s2,yes,48.71,yes,corr,None,None,None,None
524,exp_acyclic_depvary_step5_batch_yyy03.pl,w1,no,45.83,no,corr,None,None,None,None
525,exp_acyclic_depvary_step5_batch_yyy03.pl,f3,no,104.94,no,corr,None,None,None,None
526,exp_acyclic_depvary_step5_batch_yyy03.pl,t2,yes,46.53,yes,corr,None,None,None,None
527,exp_acyclic_depvary_step5_batch_yyy03.pl,y1,no,46.35,no,corr,None,None,None,None
528,exp_acyclic_depvary_step5_batch_yyy03.pl,y5,no,44.93,no,corr,None,None,None,None
529,exp_acyclic_depvary_step5_batch_yyy03.pl,b6,no,45.03,no,corr,None,None,None,None
530,exp_acyclic_depvary_step5_batch_yyy03.pl,a1,no,103.1,no,corr,None,None,None,None
531,exp_acyclic_depvary_step5_batch_yyy04.pl,p5,no,45.15,no,corr,None,None,None,None
532,exp_acyclic_depvary_step5_batch_yyy04.pl,f1,yes,45.85,yes,corr,None,None,None,None
533,exp_acyclic_depvary_step5_batch_yyy04.pl,v5,no,45.07,no,corr,None,None,None,None
534,exp_acyclic_depvary_step5_batch_yyy04.pl,w1,,600.0,no,TIMEOUT,,,,
535,exp_acyclic_depvary_step5_batch_yyy04.pl,v4,no,50.17,no,corr,None,None,None,None
536,exp_acyclic_depvary_step5_batch_yyy04.pl,v3,no,106.16,no,corr,None,None,None,None
537,exp_acyclic_depvary_step5_batch_yyy04.pl,s5,no,47.38,no,corr,None,None,None,None
538,exp_acyclic_depvary_step5_batch_yyy04.pl,b4,no,44.69,no,corr,None,None,None,None
539,exp_acyclic_depvary_step5_batch_yyy04.pl,r3,yes,48.4,yes,corr,None,None,None,None
540,exp_acyclic_depvary_step5_batch_yyy04.pl,t1,,600.0,no,TIMEOUT,,,,
541,exp_acyclic_depvary_step5_batch_yyy05.pl,t5,no,57.32,no,corr,None,None,None,None
542,exp_acyclic_depvary_step5_batch_yyy05.pl,y4,no,57.36,no,corr,None,None,None,None
543,exp_acyclic_depvary_step5_batch_yyy05.pl,a5,no,56.55,no,corr,None,None,None,None
544,exp_acyclic_depvary_step5_batch_yyy05.pl,y3,no,56.87,no,corr,None,None,None,None
545,exp_acyclic_depvary_step5_batch_yyy05.pl,x5,no,57.33,no,corr,None,None,None,None
546,exp_acyclic_depvary_step5_batch_yyy05.pl,r4,no,57.75,no,corr,None,None,None,None
547,exp_acyclic_depvary_step5_batch_yyy05.pl,d2,yes,64.84,yes,corr,None,None,None,None
548,exp_acyclic_depvary_step5_batch_yyy05.pl,y2,yes,60.03,yes,corr,None,None,None,None
549,exp_acyclic_depvary_step5_batch_yyy05.pl,b4,no,57.63,no,corr,None,None,None,None
550,exp_acyclic_depvary_step5_batch_yyy05.pl,q5,no,57.46,no,corr,None,None,None,None
551,exp_acyclic_depvary_step5_batch_yyy06.pl,t5,no,47.38,no,corr,None,None,None,None
552,exp_acyclic_depvary_step5_batch_yyy06.pl,y4,no,45.23,no,corr,None,None,None,None
553,exp_acyclic_depvary_step5_batch_yyy06.pl,z5,no,46.4,no,corr,None,None,None,None
554,exp_acyclic_depvary_step5_batch_yyy06.pl,e3,yes,48.96,yes,corr,None,None,None,None
555,exp_acyclic_depvary_step5_batch_yyy06.pl,y1,no,48.54,no,corr,None,None,None,None
556,exp_acyclic_depvary_step5_batch_yyy06.pl,q3,,600.0,no,TIMEOUT,,,,
557,exp_acyclic_depvary_step5_batch_yyy06.pl,p1,no,63.69,no,corr,None,None,None,None
558,exp_acyclic_depvary_step5_batch_yyy06.pl,a2,yes,55.79,yes,corr,None,None,None,None
559,exp_acyclic_depvary_step5_batch_yyy06.pl,z4,no,49.45,no,corr,None,None,None,None
560,exp_acyclic_depvary_step5_batch_yyy06.pl,e4,no,49.41,no,corr,None,None,None,None
561,exp_acyclic_depvary_step5_batch_yyy07.pl,p5,no,55.08,no,corr,None,None,None,None
562,exp_acyclic_depvary_step5_batch_yyy07.pl,u1,no,56.73,no,corr,None,None,None,None
563,exp_acyclic_depvary_step5_batch_yyy07.pl,u4,no,56.2,no,corr,None,None,None,None
564,exp_acyclic_depvary_step5_batch_yyy07.pl,p3,no,55.67,no,corr,None,None,None,None
565,exp_acyclic_depvary_step5_batch_yyy07.pl,s1,yes,59.6,yes,corr,None,None,None,None
566,exp_acyclic_depvary_step5_batch_yyy07.pl,p2,no,54.88,no,corr,None,None,None,None
567,exp_acyclic_depvary_step5_batch_yyy07.pl,r3,no,55.74,no,corr,None,None,None,None
568,exp_acyclic_depvary_step5_batch_yyy07.pl,a2,no,56.72,no,corr,None,None,None,None
569,exp_acyclic_depvary_step5_batch_yyy07.pl,q3,no,54.34,no,corr,None,None,None,None
570,exp_acyclic_depvary_step5_batch_yyy07.pl,y2,no,56.75,no,corr,None,None,None,None
571,exp_acyclic_depvary_step5_batch_yyy08.pl,c4,no,58.78,no,corr,None,None,None,None
572,exp_acyclic_depvary_step5_batch_yyy08.pl,d4,no,60.33,no,corr,None,None,None,None
573,exp_acyclic_depvary_step5_batch_yyy08.pl,e5,no,59.84,no,corr,None,None,None,None
574,exp_acyclic_depvary_step5_batch_yyy08.pl,p3,no,58.18,no,corr,None,None,None,None
575,exp_acyclic_depvary_step5_batch_yyy08.pl,y2,no,60.4,no,corr,None,None,None,None
576,exp_acyclic_depvary_step5_batch_yyy08.pl,b6,no,59.77,no,corr,None,None,None,None
577,exp_acyclic_depvary_step5_batch_yyy08.pl,p1,yes,64.29,yes,corr,None,None,None,None
578,exp_acyclic_depvary_step5_batch_yyy08.pl,f2,no,61.15,no,corr,None,None,None,None
579,exp_acyclic_depvary_step5_batch_yyy08.pl,u3,no,59.76,no,corr,None,None,None,None
580,exp_acyclic_depvary_step5_batch_yyy08.pl,v4,no,59.41,no,corr,None,None,None,None
581,exp_acyclic_depvary_step5_batch_yyy09.pl,b3,no,65.92,no,corr,None,None,None,None
582,exp_acyclic_depvary_step5_batch_yyy09.pl,z1,yes,72.02,yes,corr,None,None,None,None
583,exp_acyclic_depvary_step5_batch_yyy09.pl,e4,no,67.94,no,corr,None,None,None,None
584,exp_acyclic_depvary_step5_batch_yyy09.pl,v1,no,87.29,no,corr,None,None,None,None
585,exp_acyclic_depvary_step5_batch_yyy09.pl,t2,no,68.07,no,corr,None,None,None,None
586,exp_acyclic_depvary_step5_batch_yyy09.pl,y1,no,67.33,no,corr,None,None,None,None
587,exp_acyclic_depvary_step5_batch_yyy09.pl,a3,yes,69.72,yes,corr,None,None,None,None
588,exp_acyclic_depvary_step5_batch_yyy09.pl,e2,no,77.35,no,corr,None,None,None,None
589,exp_acyclic_depvary_step5_batch_yyy09.pl,y2,yes,70.81,yes,corr,None,None,None,None
590,exp_acyclic_depvary_step5_batch_yyy09.pl,x1,no,67.6,no,corr,None,None,None,None
591,exp_acyclic_depvary_step5_batch_yyy10.pl,e1,no,62.24,no,corr,None,None,None,None
592,exp_acyclic_depvary_step5_batch_yyy10.pl,d4,no,61.2,no,corr,None,None,None,None
593,exp_acyclic_depvary_step5_batch_yyy10.pl,w4,no,61.47,no,corr,None,None,None,None
594,exp_acyclic_depvary_step5_batch_yyy10.pl,t2,yes,66.49,yes,corr,None,None,None,None
595,exp_acyclic_depvary_step5_batch_yyy10.pl,z3,no,62.09,no,corr,None,None,None,None
596,exp_acyclic_depvary_step5_batch_yyy10.pl,x4,no,61.3,no,corr,None,None,None,None
597,exp_acyclic_depvary_step5_batch_yyy10.pl,t5,no,62.09,no,corr,None,None,None,None
598,exp_acyclic_depvary_step5_batch_yyy10.pl,s3,yes,66.33,yes,corr,None,None,None,None
599,exp_acyclic_depvary_step5_batch_yyy10.pl,v4,no,61.66,no,corr,None,None,None,None
600,exp_acyclic_depvary_step5_batch_yyy10.pl,e3,no,59.43,no,corr,None,None,None,None
601,exp_acyclic_depvary_step6_batch_yyy01.pl,d5,no,63.65,no,corr,None,None,None,None
602,exp_acyclic_depvary_step6_batch_yyy01.pl,s3,yes,85.41,yes,corr,None,None,None,None
603,exp_acyclic_depvary_step6_batch_yyy01.pl,w5,no,63.6,no,corr,None,None,None,None
604,exp_acyclic_depvary_step6_batch_yyy01.pl,b4,,600.0,no,TIMEOUT,,,,
605,exp_acyclic_depvary_step6_batch_yyy01.pl,a5,no,69.85,no,corr,None,None,None,None
606,exp_acyclic_depvary_step6_batch_yyy01.pl,t2,no,351.81,no,corr,None,None,None,None
607,exp_acyclic_depvary_step6_batch_yyy01.pl,r4,no,69.36,no,corr,None,None,None,None
608,exp_acyclic_depvary_step6_batch_yyy01.pl,u2,no,69.01,no,corr,None,None,None,None
609,exp_acyclic_depvary_step6_batch_yyy01.pl,z4,no,69.74,no,corr,None,None,None,None
610,exp_acyclic_depvary_step6_batch_yyy01.pl,e4,no,67.99,no,corr,None,None,None,None
611,exp_acyclic_depvary_step6_batch_yyy02.pl,q4,no,86.8,no,corr,None,None,None,None
612,exp_acyclic_depvary_step6_batch_yyy02.pl,r5,no,74.08,no,corr,None,None,None,None
613,exp_acyclic_depvary_step6_batch_yyy02.pl,r4,no,74.43,no,corr,None,None,None,None
614,exp_acyclic_depvary_step6_batch_yyy02.pl,p2,yes,80.6,yes,corr,None,None,None,None
615,exp_acyclic_depvary_step6_batch_yyy02.pl,p5,no,74.55,no,corr,None,None,None,None
616,exp_acyclic_depvary_step6_batch_yyy02.pl,x3,yes,80.11,yes,corr,None,None,None,None
617,exp_acyclic_depvary_step6_batch_yyy02.pl,u1,no,75.41,no,corr,None,None,None,None
618,exp_acyclic_depvary_step6_batch_yyy02.pl,f1,yes,75.74,yes,corr,None,None,None,None
619,exp_acyclic_depvary_step6_batch_yyy02.pl,x5,no,68.32,no,corr,None,None,None,None
620,exp_acyclic_depvary_step6_batch_yyy02.pl,z2,yes,73.75,yes,corr,None,None,None,None
621,exp_acyclic_depvary_step6_batch_yyy03.pl,d5,no,85.13,no,corr,None,None,None,None
622,exp_acyclic_depvary_step6_batch_yyy03.pl,b2,yes,89.51,yes,corr,None,None,None,None
623,exp_acyclic_depvary_step6_batch_yyy03.pl,e1,no,80.36,no,corr,None,None,None,None
624,exp_acyclic_depvary_step6_batch_yyy03.pl,d4,no,84.81,no,corr,None,None,None,None
625,exp_acyclic_depvary_step6_batch_yyy03.pl,u1,yes,90.34,yes,corr,None,None,None,None
626,exp_acyclic_depvary_step6_batch_yyy03.pl,s1,no,80.09,no,corr,None,None,None,None
627,exp_acyclic_depvary_step6_batch_yyy03.pl,r3,no,85.28,no,corr,None,None,None,None
628,exp_acyclic_depvary_step6_batch_yyy03.pl,f2,yes,88.46,yes,corr,None,None,None,None
629,exp_acyclic_depvary_step6_batch_yyy03.pl,t4,no,85.99,no,corr,None,None,None,None
630,exp_acyclic_depvary_step6_batch_yyy03.pl,s3,yes,82.82,yes,corr,None,None,None,None
631,exp_acyclic_depvary_step6_batch_yyy04.pl,d5,no,78.52,no,corr,None,None,None,None
632,exp_acyclic_depvary_step6_batch_yyy04.pl,q5,no,77.67,no,corr,None,None,None,None
633,exp_acyclic_depvary_step6_batch_yyy04.pl,c2,yes,82.78,yes,corr,None,None,None,None
634,exp_acyclic_depvary_step6_batch_yyy04.pl,w1,no,192.19,no,corr,None,None,None,None
635,exp_acyclic_depvary_step6_batch_yyy04.pl,p2,no,77.05,no,corr,None,None,None,None
636,exp_acyclic_depvary_step6_batch_yyy04.pl,q2,no,78.12,no,corr,None,None,None,None
637,exp_acyclic_depvary_step6_batch_yyy04.pl,p4,yes,81.97,yes,corr,None,None,None,None
638,exp_acyclic_depvary_step6_batch_yyy04.pl,d4,no,77.06,no,corr,None,None,None,None
639,exp_acyclic_depvary_step6_batch_yyy04.pl,r2,yes,82.18,yes,corr,None,None,None,None
640,exp_acyclic_depvary_step6_batch_yyy04.pl,a1,no,118.09,no,corr,None,None,None,None
641,exp_acyclic_depvary_step6_batch_yyy05.pl,b2,yes,89.99,yes,corr,None,None,None,None
642,exp_acyclic_depvary_step6_batch_yyy05.pl,q5,no,88.77,no,corr,None,None,None,None
643,exp_acyclic_depvary_step6_batch_yyy05.pl,v1,yes,91.09,yes,corr,None,None,None,None
644,exp_acyclic_depvary_step6_batch_yyy05.pl,z2,no,88.99,no,corr,None,None,None,None
645,exp_acyclic_depvary_step6_batch_yyy05.pl,d2,no,90.02,no,corr,None,None,None,None
646,exp_acyclic_depvary_step6_batch_yyy05.pl,a3,no,90.91,no,corr,None,None,None,None
647,exp_acyclic_depvary_step6_batch_yyy05.pl,u3,,600.0,no,TIMEOUT,,,,
648,exp_acyclic_depvary_step6_batch_yyy05.pl,v4,no,97.89,no,corr,None,None,None,None
649,exp_acyclic_depvary_step6_batch_yyy05.pl,d1,yes,100.13,yes,corr,None,None,None,None
650,exp_acyclic_depvary_step6_batch_yyy05.pl,q1,yes,103.31,yes,corr,None,None,None,None
651,exp_acyclic_depvary_step6_batch_yyy06.pl,e5,no,80.17,no,corr,None,None,None,None
652,exp_acyclic_depvary_step6_batch_yyy06.pl,w5,no,80.78,no,corr,None,None,None,None
653,exp_acyclic_depvary_step6_batch_yyy06.pl,a5,no,79.55,no,corr,None,None,None,None
654,exp_acyclic_depvary_step6_batch_yyy06.pl,z4,no,80.74,no,corr,None,None,None,None
655,exp_acyclic_depvary_step6_batch_yyy06.pl,e3,yes,84.73,yes,corr,None,None,None,None
656,exp_acyclic_depvary_step6_batch_yyy06.pl,q3,no,279.05,no,corr,None,None,None,None
657,exp_acyclic_depvary_step6_batch_yyy06.pl,p1,yes,82.87,yes,corr,None,None,None,None
658,exp_acyclic_depvary_step6_batch_yyy06.pl,a2,yes,78.36,yes,corr,None,None,None,None
659,exp_acyclic_depvary_step6_batch_yyy06.pl,s5,no,73.54,no,corr,None,None,None,None
660,exp_acyclic_depvary_step6_batch_yyy06.pl,q5,no,73.37,no,corr,None,None,None,None
661,exp_acyclic_depvary_step6_batch_yyy07.pl,b2,no,77.13,no,corr,None,None,None,None
662,exp_acyclic_depvary_step6_batch_yyy07.pl,z5,no,72.1,no,corr,None,None,None,None
663,exp_acyclic_depvary_step6_batch_yyy07.pl,w2,yes,77.33,yes,corr,None,None,None,None
664,exp_acyclic_depvary_step6_batch_yyy07.pl,q5,no,71.65,no,corr,None,None,None,None
665,exp_acyclic_depvary_step6_batch_yyy07.pl,c2,yes,74.55,yes,corr,None,None,None,None
666,exp_acyclic_depvary_step6_batch_yyy07.pl,e4,no,71.84,no,corr,None,None,None,None
667,exp_acyclic_depvary_step6_batch_yyy07.pl,a3,no,72.05,no,corr,None,None,None,None
668,exp_acyclic_depvary_step6_batch_yyy07.pl,y2,yes,76.12,yes,corr,None,None,None,None
669,exp_acyclic_depvary_step6_batch_yyy07.pl,a2,yes,75.17,yes,corr,None,None,None,None
670,exp_acyclic_depvary_step6_batch_yyy07.pl,x4,no,72.39,no,corr,None,None,None,None
671,exp_acyclic_depvary_step6_batch_yyy08.pl,r5,no,59.21,no,corr,None,None,None,None
672,exp_acyclic_depvary_step6_batch_yyy08.pl,c1,no,154.77,no,corr,None,None,None,None
673,exp_acyclic_depvary_step6_batch_yyy08.pl,e3,no,220.08,no,corr,None,None,None,None
674,exp_acyclic_depvary_step6_batch_yyy08.pl,r1,yes,57.39,yes,corr,None,None,None,None
675,exp_acyclic_depvary_step6_batch_yyy08.pl,z3,no,60.24,no,corr,None,None,None,None
676,exp_acyclic_depvary_step6_batch_yyy08.pl,p1,no,260.57,no,corr,None,None,None,None
677,exp_acyclic_depvary_step6_batch_yyy08.pl,w1,yes,58.92,yes,corr,None,None,None,None
678,exp_acyclic_depvary_step6_batch_yyy08.pl,p3,yes,58.22,yes,corr,None,None,None,None
679,exp_acyclic_depvary_step6_batch_yyy08.pl,e2,no,57.24,no,corr,None,None,None,None
680,exp_acyclic_depvary_step6_batch_yyy08.pl,u2,,600.0,no,TIMEOUT,,,,
681,exp_acyclic_depvary_step6_batch_yyy09.pl,d5,no,77.28,no,corr,None,None,None,None
682,exp_acyclic_depvary_step6_batch_yyy09.pl,t5,no,76.89,no,corr,None,None,None,None
683,exp_acyclic_depvary_step6_batch_yyy09.pl,w5,no,78.66,no,corr,None,None,None,None
684,exp_acyclic_depvary_step6_batch_yyy09.pl,c5,no,77.23,no,corr,None,None,None,None
685,exp_acyclic_depvary_step6_batch_yyy09.pl,q4,yes,82.28,yes,corr,None,None,None,None
686,exp_acyclic_depvary_step6_batch_yyy09.pl,f3,yes,82.17,yes,corr,None,None,None,None
687,exp_acyclic_depvary_step6_batch_yyy09.pl,v4,no,76.99,no,corr,None,None,None,None
688,exp_acyclic_depvary_step6_batch_yyy09.pl,f2,no,85.8,no,corr,None,None,None,None
689,exp_acyclic_depvary_step6_batch_yyy09.pl,x2,yes,80.34,yes,corr,None,None,None,None
690,exp_acyclic_depvary_step6_batch_yyy09.pl,f5,no,78.05,no,corr,None,None,None,None
691,exp_acyclic_depvary_step6_batch_yyy10.pl,d5,no,70.75,no,corr,None,None,None,None
692,exp_acyclic_depvary_step6_batch_yyy10.pl,f1,yes,70.07,yes,corr,None,None,None,None
693,exp_acyclic_depvary_step6_batch_yyy10.pl,t3,no,71.21,no,corr,None,None,None,None
694,exp_acyclic_depvary_step6_batch_yyy10.pl,q4,no,70.09,no,corr,None,None,None,None
695,exp_acyclic_depvary_step6_batch_yyy10.pl,y3,yes,71.15,yes,corr,None,None,None,None
696,exp_acyclic_depvary_step6_batch_yyy10.pl,p3,yes,121.17,yes,corr,None,None,None,None
697,exp_acyclic_depvary_step6_batch_yyy10.pl,t4,no,70.78,no,corr,None,None,None,None
698,exp_acyclic_depvary_step6_batch_yyy10.pl,s3,no,134.88,no,corr,None,None,None,None
699,exp_acyclic_depvary_step6_batch_yyy10.pl,s2,yes,70.36,yes,corr,None,None,None,None
700,exp_acyclic_depvary_step6_batch_yyy10.pl,c5,no,70.33,no,corr,None,None,None,None
701,exp_acyclic_depvary_step7_batch_yyy01.pl,s4,yes,128.98,yes,corr,None,None,None,None
702,exp_acyclic_depvary_step7_batch_yyy01.pl,p5,no,84.61,no,corr,None,None,None,None
703,exp_acyclic_depvary_step7_batch_yyy01.pl,q4,no,257.01,no,corr,None,None,None,None
704,exp_acyclic_depvary_step7_batch_yyy01.pl,e3,yes,109.16,yes,corr,None,None,None,None
705,exp_acyclic_depvary_step7_batch_yyy01.pl,a3,yes,100.9,yes,corr,None,None,None,None
706,exp_acyclic_depvary_step7_batch_yyy01.pl,v3,,600.0,no,TIMEOUT,,,,
707,exp_acyclic_depvary_step7_batch_yyy01.pl,e2,,600.0,yes,TIMEOUT,,,,
708,exp_acyclic_depvary_step7_batch_yyy01.pl,f2,no,377.09,no,corr,None,None,None,None
709,exp_acyclic_depvary_step7_batch_yyy01.pl,y1,yes,85.51,yes,corr,None,None,None,None
710,exp_acyclic_depvary_step7_batch_yyy01.pl,r1,no,151.95,no,corr,None,None,None,None
711,exp_acyclic_depvary_step7_batch_yyy02.pl,v2,no,118.21,no,corr,None,None,None,None
712,exp_acyclic_depvary_step7_batch_yyy02.pl,c5,no,120.02,no,corr,None,None,None,None
713,exp_acyclic_depvary_step7_batch_yyy02.pl,c1,yes,127.87,yes,corr,None,None,None,None
714,exp_acyclic_depvary_step7_batch_yyy02.pl,q3,yes,127.92,yes,corr,None,None,None,None
715,exp_acyclic_depvary_step7_batch_yyy02.pl,q2,no,118.52,no,corr,None,None,None,None
716,exp_acyclic_depvary_step7_batch_yyy02.pl,t4,no,121.22,no,corr,None,None,None,None
717,exp_acyclic_depvary_step7_batch_yyy02.pl,s3,no,117.08,no,corr,None,None,None,None
718,exp_acyclic_depvary_step7_batch_yyy02.pl,c4,yes,125.46,yes,corr,None,None,None,None
719,exp_acyclic_depvary_step7_batch_yyy02.pl,s5,no,118.54,no,corr,None,None,None,None
720,exp_acyclic_depvary_step7_batch_yyy02.pl,t3,yes,125.65,yes,corr,None,None,None,None
721,exp_acyclic_depvary_step7_batch_yyy03.pl,b2,yes,151.07,yes,corr,None,None,None,None
722,exp_acyclic_depvary_step7_batch_yyy03.pl,b3,,600.0,no,TIMEOUT,,,,
723,exp_acyclic_depvary_step7_batch_yyy03.pl,v2,yes,142.72,yes,corr,None,None,None,None
724,exp_acyclic_depvary_step7_batch_yyy03.pl,p4,no,141.24,no,corr,None,None,None,None
725,exp_acyclic_depvary_step7_batch_yyy03.pl,q5,no,142.15,no,corr,None,None,None,None
726,exp_acyclic_depvary_step7_batch_yyy03.pl,r5,no,141.46,no,corr,None,None,None,None
727,exp_acyclic_depvary_step7_batch_yyy03.pl,r1,no,141.41,no,corr,None,None,None,None
728,exp_acyclic_depvary_step7_batch_yyy03.pl,f4,no,199.52,no,corr,None,None,None,None
729,exp_acyclic_depvary_step7_batch_yyy03.pl,q3,yes,148.88,yes,corr,None,None,None,None
730,exp_acyclic_depvary_step7_batch_yyy03.pl,p1,yes,145.59,yes,corr,None,None,None,None
731,exp_acyclic_depvary_step7_batch_yyy04.pl,u5,no,108.97,no,corr,None,None,None,None
732,exp_acyclic_depvary_step7_batch_yyy04.pl,t4,,600.0,no,TIMEOUT,,,,
733,exp_acyclic_depvary_step7_batch_yyy04.pl,b2,yes,127.33,yes,corr,None,None,None,None
734,exp_acyclic_depvary_step7_batch_yyy04.pl,e5,no,118.89,no,corr,None,None,None,None
735,exp_acyclic_depvary_step7_batch_yyy04.pl,c2,,600.0,no,TIMEOUT,,,,
736,exp_acyclic_depvary_step7_batch_yyy04.pl,v1,no,175.25,no,corr,None,None,None,None
737,exp_acyclic_depvary_step7_batch_yyy04.pl,t2,,600.0,no,TIMEOUT,,,,
738,exp_acyclic_depvary_step7_batch_yyy04.pl,f4,,600.0,no,TIMEOUT,,,,
739,exp_acyclic_depvary_step7_batch_yyy04.pl,x2,,600.0,no,TIMEOUT,,,,
740,exp_acyclic_depvary_step7_batch_yyy04.pl,f5,no,154.2,no,corr,None,None,None,None
741,exp_acyclic_depvary_step7_batch_yyy05.pl,c4,no,188.82,no,corr,None,None,None,None
742,exp_acyclic_depvary_step7_batch_yyy05.pl,p4,no,452.63,no,corr,None,None,None,None
743,exp_acyclic_depvary_step7_batch_yyy05.pl,u1,no,176.59,no,corr,None,None,None,None
744,exp_acyclic_depvary_step7_batch_yyy05.pl,b4,yes,189.75,yes,corr,None,None,None,None
745,exp_acyclic_depvary_step7_batch_yyy05.pl,x2,yes,191.62,yes,corr,None,None,None,None
746,exp_acyclic_depvary_step7_batch_yyy05.pl,r5,no,178.0,no,corr,None,None,None,None
747,exp_acyclic_depvary_step7_batch_yyy05.pl,w4,no,176.09,no,corr,None,None,None,None
748,exp_acyclic_depvary_step7_batch_yyy05.pl,p2,yes,190.97,yes,corr,None,None,None,None
749,exp_acyclic_depvary_step7_batch_yyy05.pl,x1,yes,182.6,yes,corr,None,None,None,None
750,exp_acyclic_depvary_step7_batch_yyy05.pl,r2,no,174.86,no,corr,None,None,None,None
751,exp_acyclic_depvary_step7_batch_yyy06.pl,y4,no,162.32,no,corr,None,None,None,None
752,exp_acyclic_depvary_step7_batch_yyy06.pl,w2,yes,174.91,yes,corr,None,None,None,None
753,exp_acyclic_depvary_step7_batch_yyy06.pl,e4,yes,156.35,yes,corr,None,None,None,None
754,exp_acyclic_depvary_step7_batch_yyy06.pl,b5,no,151.27,no,corr,None,None,None,None
755,exp_acyclic_depvary_step7_batch_yyy06.pl,a3,no,158.41,no,corr,None,None,None,None
756,exp_acyclic_depvary_step7_batch_yyy06.pl,q3,yes,160.95,yes,corr,None,None,None,None
757,exp_acyclic_depvary_step7_batch_yyy06.pl,r2,yes,281.68,yes,corr,None,None,None,None
758,exp_acyclic_depvary_step7_batch_yyy06.pl,p1,yes,155.05,yes,corr,None,None,None,None
759,exp_acyclic_depvary_step7_batch_yyy06.pl,a2,yes,159.09,yes,corr,None,None,None,None
760,exp_acyclic_depvary_step7_batch_yyy06.pl,x4,no,150.29,no,corr,None,None,None,None
761,exp_acyclic_depvary_step7_batch_yyy07.pl,t5,no,164.62,no,corr,None,None,None,None
762,exp_acyclic_depvary_step7_batch_yyy07.pl,v2,no,165.24,no,corr,None,None,None,None
763,exp_acyclic_depvary_step7_batch_yyy07.pl,b4,no,363.86,no,corr,None,None,None,None
764,exp_acyclic_depvary_step7_batch_yyy07.pl,r5,no,163.34,no,corr,None,None,None,None
765,exp_acyclic_depvary_step7_batch_yyy07.pl,p3,yes,177.8,yes,corr,None,None,None,None
766,exp_acyclic_depvary_step7_batch_yyy07.pl,c1,yes,174.68,yes,corr,None,None,None,None
767,exp_acyclic_depvary_step7_batch_yyy07.pl,v4,no,190.13,no,corr,None,None,None,None
768,exp_acyclic_depvary_step7_batch_yyy07.pl,y5,no,165.42,no,corr,None,None,None,None
769,exp_acyclic_depvary_step7_batch_yyy07.pl,y2,yes,166.38,yes,corr,None,None,None,None
770,exp_acyclic_depvary_step7_batch_yyy07.pl,x1,yes,177.61,yes,corr,None,None,None,None
771,exp_acyclic_depvary_step7_batch_yyy08.pl,c3,,600.0,no,TIMEOUT,,,,
772,exp_acyclic_depvary_step7_batch_yyy08.pl,w5,no,171.81,no,corr,None,None,None,None
773,exp_acyclic_depvary_step7_batch_yyy08.pl,c5,no,173.18,no,corr,None,None,None,None
774,exp_acyclic_depvary_step7_batch_yyy08.pl,r5,no,174.23,no,corr,None,None,None,None
775,exp_acyclic_depvary_step7_batch_yyy08.pl,b5,no,173.52,no,corr,None,None,None,None
776,exp_acyclic_depvary_step7_batch_yyy08.pl,a1,no,210.65,no,corr,None,None,None,None
777,exp_acyclic_depvary_step7_batch_yyy08.pl,s4,no,205.19,no,corr,None,None,None,None
778,exp_acyclic_depvary_step7_batch_yyy08.pl,y4,no,172.04,no,corr,None,None,None,None
779,exp_acyclic_depvary_step7_batch_yyy08.pl,e2,yes,329.3,yes,corr,None,None,None,None
780,exp_acyclic_depvary_step7_batch_yyy08.pl,t1,yes,175.77,yes,corr,None,None,None,None
781,exp_acyclic_depvary_step7_batch_yyy09.pl,b2,yes,260.5,yes,corr,None,None,None,None
782,exp_acyclic_depvary_step7_batch_yyy09.pl,v2,no,183.96,no,corr,None,None,None,None
783,exp_acyclic_depvary_step7_batch_yyy09.pl,u1,,600.0,yes,TIMEOUT,,,,
784,exp_acyclic_depvary_step7_batch_yyy09.pl,s5,no,210.07,no,corr,None,None,None,None
785,exp_acyclic_depvary_step7_batch_yyy09.pl,a5,no,209.94,no,corr,None,None,None,None
786,exp_acyclic_depvary_step7_batch_yyy09.pl,p2,yes,222.79,yes,corr,None,None,None,None
787,exp_acyclic_depvary_step7_batch_yyy09.pl,y2,yes,213.68,yes,corr,None,None,None,None
788,exp_acyclic_depvary_step7_batch_yyy09.pl,p1,no,208.94,no,corr,None,None,None,None
789,exp_acyclic_depvary_step7_batch_yyy09.pl,t1,no,410.98,no,corr,None,None,None,None
790,exp_acyclic_depvary_step7_batch_yyy09.pl,q1,,600.0,no,TIMEOUT,,,,
791,exp_acyclic_depvary_step7_batch_yyy10.pl,b2,yes,172.94,yes,corr,None,None,None,None
792,exp_acyclic_depvary_step7_batch_yyy10.pl,s4,no,168.18,no,corr,None,None,None,None
793,exp_acyclic_depvary_step7_batch_yyy10.pl,u1,no,323.72,no,corr,None,None,None,None
794,exp_acyclic_depvary_step7_batch_yyy10.pl,r5,no,161.5,no,corr,None,None,None,None
795,exp_acyclic_depvary_step7_batch_yyy10.pl,t2,no,159.74,no,corr,None,None,None,None
796,exp_acyclic_depvary_step7_batch_yyy10.pl,r4,no,164.25,no,corr,None,None,None,None
797,exp_acyclic_depvary_step7_batch_yyy10.pl,y1,yes,171.04,yes,corr,None,None,None,None
798,exp_acyclic_depvary_step7_batch_yyy10.pl,f2,yes,170.25,yes,corr,None,None,None,None
799,exp_acyclic_depvary_step7_batch_yyy10.pl,s2,yes,171.48,yes,corr,None,None,None,None
800,exp_acyclic_depvary_step7_batch_yyy10.pl,z1,no,165.32,no,corr,None,None,None,None
801,exp_acyclic_depvary_step8_batch_yyy01.pl,t4,,600.0,no,TIMEOUT,,,,
802,exp_acyclic_depvary_step8_batch_yyy01.pl,x2,yes,292.54,yes,corr,None,None,None,None
803,exp_acyclic_depvary_step8_batch_yyy01.pl,r5,no,264.95,no,corr,None,None,None,None
804,exp_acyclic_depvary_step8_batch_yyy01.pl,v1,no,251.04,no,corr,None,None,None,None
805,exp_acyclic_depvary_step8_batch_yyy01.pl,p2,yes,271.32,yes,corr,None,None,None,None
806,exp_acyclic_depvary_step8_batch_yyy01.pl,a3,no,252.72,no,corr,None,None,None,None
807,exp_acyclic_depvary_step8_batch_yyy01.pl,c2,no,251.0,no,corr,None,None,None,None
808,exp_acyclic_depvary_step8_batch_yyy01.pl,b1,,600.0,no,TIMEOUT,,,,
809,exp_acyclic_depvary_step8_batch_yyy01.pl,x4,no,268.38,no,corr,None,None,None,None
810,exp_acyclic_depvary_step8_batch_yyy01.pl,w3,no,289.0,no,corr,None,None,None,None
811,exp_acyclic_depvary_step8_batch_yyy02.pl,s3,no,558.36,no,corr,None,None,None,None
812,exp_acyclic_depvary_step8_batch_yyy02.pl,y4,yes,255.58,yes,corr,None,None,None,None
813,exp_acyclic_depvary_step8_batch_yyy02.pl,p5,no,235.69,no,corr,None,None,None,None
814,exp_acyclic_depvary_step8_batch_yyy02.pl,d3,,600.0,no,TIMEOUT,,,,
815,exp_acyclic_depvary_step8_batch_yyy02.pl,w5,no,252.8,no,corr,None,None,None,None
816,exp_acyclic_depvary_step8_batch_yyy02.pl,s5,no,248.26,no,corr,None,None,None,None
817,exp_acyclic_depvary_step8_batch_yyy02.pl,c5,no,262.93,no,corr,None,None,None,None
818,exp_acyclic_depvary_step8_batch_yyy02.pl,u3,,600.0,no,TIMEOUT,,,,
819,exp_acyclic_depvary_step8_batch_yyy02.pl,s1,yes,281.34,yes,corr,None,None,None,None
820,exp_acyclic_depvary_step8_batch_yyy02.pl,r1,yes,262.23,yes,corr,None,None,None,None
821,exp_acyclic_depvary_step8_batch_yyy03.pl,b2,no,315.67,no,corr,None,None,None,None
822,exp_acyclic_depvary_step8_batch_yyy03.pl,s4,yes,337.43,yes,corr,None,None,None,None
823,exp_acyclic_depvary_step8_batch_yyy03.pl,e1,no,316.0,no,corr,None,None,None,None
824,exp_acyclic_depvary_step8_batch_yyy03.pl,v5,no,321.8,no,corr,None,None,None,None
825,exp_acyclic_depvary_step8_batch_yyy03.pl,c5,yes,337.77,yes,corr,None,None,None,None
826,exp_acyclic_depvary_step8_batch_yyy03.pl,a4,yes,334.12,yes,corr,None,None,None,None
827,exp_acyclic_depvary_step8_batch_yyy03.pl,w1,no,313.25,no,corr,None,None,None,None
828,exp_acyclic_depvary_step8_batch_yyy03.pl,f3,no,314.85,no,corr,None,None,None,None
829,exp_acyclic_depvary_step8_batch_yyy03.pl,e3,,600.0,no,TIMEOUT,,,,
830,exp_acyclic_depvary_step8_batch_yyy03.pl,z3,no,485.16,no,corr,None,None,None,None
831,exp_acyclic_depvary_step8_batch_yyy04.pl,d5,no,305.29,no,corr,None,None,None,None
832,exp_acyclic_depvary_step8_batch_yyy04.pl,z5,no,305.53,no,corr,None,None,None,None
833,exp_acyclic_depvary_step8_batch_yyy04.pl,p5,yes,315.22,yes,corr,None,None,None,None
834,exp_acyclic_depvary_step8_batch_yyy04.pl,u4,yes,329.9,yes,corr,None,None,None,None
835,exp_acyclic_depvary_step8_batch_yyy04.pl,v5,no,306.71,no,corr,None,None,None,None
836,exp_acyclic_depvary_step8_batch_yyy04.pl,t2,no,290.64,no,corr,None,None,None,None
837,exp_acyclic_depvary_step8_batch_yyy04.pl,b6,no,290.01,no,corr,None,None,None,None
838,exp_acyclic_depvary_step8_batch_yyy04.pl,r3,yes,309.18,yes,corr,None,None,None,None
839,exp_acyclic_depvary_step8_batch_yyy04.pl,w1,yes,357.37,yes,corr,None,None,None,None
840,exp_acyclic_depvary_step8_batch_yyy04.pl,p3,,600.0,no,TIMEOUT,,,,
841,exp_acyclic_depvary_step8_batch_yyy05.pl,v2,yes,334.84,yes,corr,None,None,None,None
842,exp_acyclic_depvary_step8_batch_yyy05.pl,s2,yes,330.69,yes,corr,None,None,None,None
843,exp_acyclic_depvary_step8_batch_yyy05.pl,q4,yes,320.62,yes,corr,None,None,None,None
844,exp_acyclic_depvary_step8_batch_yyy05.pl,v1,,600.0,no,TIMEOUT,,,,
845,exp_acyclic_depvary_step8_batch_yyy05.pl,f3,yes,336.81,yes,corr,None,None,None,None
846,exp_acyclic_depvary_step8_batch_yyy05.pl,t2,yes,343.42,yes,corr,None,None,None,None
847,exp_acyclic_depvary_step8_batch_yyy05.pl,b6,no,316.04,no,corr,None,None,None,None
848,exp_acyclic_depvary_step8_batch_yyy05.pl,q2,no,313.96,no,corr,None,None,None,None
849,exp_acyclic_depvary_step8_batch_yyy05.pl,t4,,600.0,no,TIMEOUT,,,,
850,exp_acyclic_depvary_step8_batch_yyy05.pl,t5,no,334.12,no,corr,None,None,None,None
851,exp_acyclic_depvary_step8_batch_yyy06.pl,t4,yes,392.59,yes,corr,None,None,None,None
852,exp_acyclic_depvary_step8_batch_yyy06.pl,t3,yes,399.3,yes,corr,None,None,None,None
853,exp_acyclic_depvary_step8_batch_yyy06.pl,p3,no,377.11,no,corr,None,None,None,None
854,exp_acyclic_depvary_step8_batch_yyy06.pl,w3,yes,401.34,yes,corr,None,None,None,None
855,exp_acyclic_depvary_step8_batch_yyy06.pl,b3,no,397.75,no,corr,None,None,None,None
856,exp_acyclic_depvary_step8_batch_yyy06.pl,y4,,600.0,no,TIMEOUT,,,,
857,exp_acyclic_depvary_step8_batch_yyy06.pl,s2,no,408.4,no,corr,None,None,None,None
858,exp_acyclic_depvary_step8_batch_yyy06.pl,c5,yes,572.76,yes,corr,None,None,None,None
859,exp_acyclic_depvary_step8_batch_yyy06.pl,x5,no,396.24,no,corr,None,None,None,None
860,exp_acyclic_depvary_step8_batch_yyy06.pl,t2,,600.0,yes,TIMEOUT,,,,
861,exp_acyclic_depvary_step8_batch_yyy07.pl,s2,,600.0,no,TIMEOUT,,,,
862,exp_acyclic_depvary_step8_batch_yyy07.pl,c6,no,298.65,no,corr,None,None,None,None
863,exp_acyclic_depvary_step8_batch_yyy07.pl,f4,no,292.39,no,corr,None,None,None,None
864,exp_acyclic_depvary_step8_batch_yyy07.pl,a2,yes,326.04,yes,corr,None,None,None,None
865,exp_acyclic_depvary_step8_batch_yyy07.pl,z4,no,280.77,no,corr,None,None,None,None
866,exp_acyclic_depvary_step8_batch_yyy07.pl,e4,no,280.47,no,corr,None,None,None,None
867,exp_acyclic_depvary_step8_batch_yyy07.pl,r2,yes,296.95,yes,corr,None,None,None,None
868,exp_acyclic_depvary_step8_batch_yyy07.pl,a1,yes,305.04,yes,corr,None,None,None,None
869,exp_acyclic_depvary_step8_batch_yyy07.pl,r3,no,272.24,no,corr,None,None,None,None
870,exp_acyclic_depvary_step8_batch_yyy07.pl,u2,yes,294.26,yes,corr,None,None,None,None
871,exp_acyclic_depvary_step8_batch_yyy08.pl,a5,yes,348.43,yes,corr,None,None,None,None
872,exp_acyclic_depvary_step8_batch_yyy08.pl,v1,no,317.36,no,corr,None,None,None,None
873,exp_acyclic_depvary_step8_batch_yyy08.pl,t2,yes,331.58,yes,corr,None,None,None,None
874,exp_acyclic_depvary_step8_batch_yyy08.pl,r1,no,308.36,no,corr,None,None,None,None
875,exp_acyclic_depvary_step8_batch_yyy08.pl,f4,yes,334.91,yes,corr,None,None,None,None
876,exp_acyclic_depvary_step8_batch_yyy08.pl,r2,yes,336.12,yes,corr,None,None,None,None
877,exp_acyclic_depvary_step8_batch_yyy08.pl,s4,no,300.52,no,corr,None,None,None,None
878,exp_acyclic_depvary_step8_batch_yyy08.pl,b3,no,334.13,no,corr,None,None,None,None
879,exp_acyclic_depvary_step8_batch_yyy08.pl,d1,yes,313.67,yes,corr,None,None,None,None
880,exp_acyclic_depvary_step8_batch_yyy08.pl,q1,yes,318.16,yes,corr,None,None,None,None
881,exp_acyclic_depvary_step8_batch_yyy09.pl,a4,no,320.14,no,corr,None,None,None,None
882,exp_acyclic_depvary_step8_batch_yyy09.pl,p2,yes,306.96,yes,corr,None,None,None,None
883,exp_acyclic_depvary_step8_batch_yyy09.pl,y2,no,302.68,no,corr,None,None,None,None
884,exp_acyclic_depvary_step8_batch_yyy09.pl,v3,yes,300.93,yes,corr,None,None,None,None
885,exp_acyclic_depvary_step8_batch_yyy09.pl,q1,yes,311.36,yes,corr,None,None,None,None
886,exp_acyclic_depvary_step8_batch_yyy09.pl,f2,no,283.08,no,corr,None,None,None,None
887,exp_acyclic_depvary_step8_batch_yyy09.pl,c3,no,286.36,no,corr,None,None,None,None
888,exp_acyclic_depvary_step8_batch_yyy09.pl,c4,no,285.79,no,corr,None,None,None,None
889,exp_acyclic_depvary_step8_batch_yyy09.pl,p5,yes,301.11,yes,corr,None,None,None,None
890,exp_acyclic_depvary_step8_batch_yyy09.pl,x3,yes,301.9,yes,corr,None,None,None,None
891,exp_acyclic_depvary_step8_batch_yyy10.pl,b2,yes,253.72,yes,corr,None,None,None,None
892,exp_acyclic_depvary_step8_batch_yyy10.pl,x3,no,238.67,no,corr,None,None,None,None
893,exp_acyclic_depvary_step8_batch_yyy10.pl,f1,yes,256.12,yes,corr,None,None,None,None
894,exp_acyclic_depvary_step8_batch_yyy10.pl,s5,no,238.14,no,corr,None,None,None,None
895,exp_acyclic_depvary_step8_batch_yyy10.pl,f5,no,237.34,no,corr,None,None,None,None
896,exp_acyclic_depvary_step8_batch_yyy10.pl,r4,yes,258.0,yes,corr,None,None,None,None
897,exp_acyclic_depvary_step8_batch_yyy10.pl,w3,no,237.11,no,corr,None,None,None,None
898,exp_acyclic_depvary_step8_batch_yyy10.pl,f2,yes,258.72,yes,corr,None,None,None,None
899,exp_acyclic_depvary_step8_batch_yyy10.pl,t5,no,239.09,no,corr,None,None,None,None
900,exp_acyclic_depvary_step8_batch_yyy10.pl,s3,yes,259.16,yes,corr,None,None,None,None
901,exp_acyclic_depvary_step9_batch_yyy01.pl,a6,no,274.53,no,corr,None,None,None,None
902,exp_acyclic_depvary_step9_batch_yyy01.pl,p5,yes,518.14,yes,corr,None,None,None,None
903,exp_acyclic_depvary_step9_batch_yyy01.pl,v5,no,272.79,no,corr,None,None,None,None
904,exp_acyclic_depvary_step9_batch_yyy01.pl,q4,no,274.28,no,corr,None,None,None,None
905,exp_acyclic_depvary_step9_batch_yyy01.pl,z3,yes,276.35,yes,corr,None,None,None,None
906,exp_acyclic_depvary_step9_batch_yyy01.pl,w2,yes,356.31,yes,corr,None,None,None,None
907,exp_acyclic_depvary_step9_batch_yyy01.pl,e5,no,289.82,no,corr,None,None,None,None
908,exp_acyclic_depvary_step9_batch_yyy01.pl,a4,yes,285.7,yes,corr,None,None,None,None
909,exp_acyclic_depvary_step9_batch_yyy01.pl,x2,yes,275.78,yes,corr,None,None,None,None
910,exp_acyclic_depvary_step9_batch_yyy01.pl,f5,no,357.79,no,corr,None,None,None,None
911,exp_acyclic_depvary_step9_batch_yyy02.pl,u5,,600.0,no,TIMEOUT,,,,
912,exp_acyclic_depvary_step9_batch_yyy02.pl,s3,yes,586.61,yes,corr,None,None,None,None
913,exp_acyclic_depvary_step9_batch_yyy02.pl,v2,yes,422.76,yes,corr,None,None,None,None
914,exp_acyclic_depvary_step9_batch_yyy02.pl,r4,,600.0,no,TIMEOUT,,,,
915,exp_acyclic_depvary_step9_batch_yyy02.pl,u2,yes,449.33,yes,corr,None,None,None,None
916,exp_acyclic_depvary_step9_batch_yyy02.pl,q2,,600.0,no,TIMEOUT,,,,
917,exp_acyclic_depvary_step9_batch_yyy02.pl,w2,no,440.4,no,corr,None,None,None,None
918,exp_acyclic_depvary_step9_batch_yyy02.pl,e5,,600.0,no,TIMEOUT,,,,
919,exp_acyclic_depvary_step9_batch_yyy02.pl,s1,,600.0,no,TIMEOUT,,,,
920,exp_acyclic_depvary_step9_batch_yyy02.pl,d2,yes,513.54,yes,corr,None,None,None,None
921,exp_acyclic_depvary_step9_batch_yyy03.pl,u5,yes,511.14,yes,corr,None,None,None,None
922,exp_acyclic_depvary_step9_batch_yyy03.pl,x3,no,505.35,no,corr,None,None,None,None
923,exp_acyclic_depvary_step9_batch_yyy03.pl,q5,no,481.04,no,corr,None,None,None,None
924,exp_acyclic_depvary_step9_batch_yyy03.pl,q4,,600.0,yes,TIMEOUT,,,,
925,exp_acyclic_depvary_step9_batch_yyy03.pl,z4,no,496.73,no,corr,None,None,None,None
926,exp_acyclic_depvary_step9_batch_yyy03.pl,p2,yes,494.58,yes,corr,None,None,None,None
927,exp_acyclic_depvary_step9_batch_yyy03.pl,x1,,600.0,yes,TIMEOUT,,,,
928,exp_acyclic_depvary_step9_batch_yyy03.pl,a1,no,447.22,no,corr,None,None,None,None
929,exp_acyclic_depvary_step9_batch_yyy03.pl,s4,no,459.54,no,corr,None,None,None,None
930,exp_acyclic_depvary_step9_batch_yyy03.pl,y4,yes,486.16,yes,corr,None,None,None,None
931,exp_acyclic_depvary_step9_batch_yyy04.pl,a6,no,502.71,no,corr,None,None,None,None
932,exp_acyclic_depvary_step9_batch_yyy04.pl,v2,no,500.45,no,corr,None,None,None,None
933,exp_acyclic_depvary_step9_batch_yyy04.pl,p5,yes,527.98,yes,corr,None,None,None,None
934,exp_acyclic_depvary_step9_batch_yyy04.pl,b1,no,480.74,no,corr,None,None,None,None
935,exp_acyclic_depvary_step9_batch_yyy04.pl,p3,no,469.27,no,corr,None,None,None,None
936,exp_acyclic_depvary_step9_batch_yyy04.pl,v4,no,472.42,no,corr,None,None,None,None
937,exp_acyclic_depvary_step9_batch_yyy04.pl,c6,no,475.91,no,corr,None,None,None,None
938,exp_acyclic_depvary_step9_batch_yyy04.pl,b5,yes,494.73,yes,corr,None,None,None,None
939,exp_acyclic_depvary_step9_batch_yyy04.pl,e2,no,537.21,no,corr,None,None,None,None
940,exp_acyclic_depvary_step9_batch_yyy04.pl,d1,,600.0,no,TIMEOUT,,,,
941,exp_acyclic_depvary_step9_batch_yyy05.pl,t5,yes,508.9,yes,corr,None,None,None,None
942,exp_acyclic_depvary_step9_batch_yyy05.pl,p5,yes,506.06,yes,corr,None,None,None,None
943,exp_acyclic_depvary_step9_batch_yyy05.pl,w5,no,470.34,no,corr,None,None,None,None
944,exp_acyclic_depvary_step9_batch_yyy05.pl,b4,yes,524.45,yes,corr,None,None,None,None
945,exp_acyclic_depvary_step9_batch_yyy05.pl,w1,no,520.59,no,corr,None,None,None,None
946,exp_acyclic_depvary_step9_batch_yyy05.pl,d1,yes,501.8,yes,corr,None,None,None,None
947,exp_acyclic_depvary_step9_batch_yyy05.pl,r5,yes,489.61,yes,corr,None,None,None,None
948,exp_acyclic_depvary_step9_batch_yyy05.pl,e4,,600.0,no,TIMEOUT,,,,
949,exp_acyclic_depvary_step9_batch_yyy05.pl,q3,no,543.33,no,corr,None,None,None,None
950,exp_acyclic_depvary_step9_batch_yyy05.pl,y2,yes,485.73,yes,corr,None,None,None,None
951,exp_acyclic_depvary_step9_batch_yyy06.pl,u4,yes,476.56,yes,corr,None,None,None,None
952,exp_acyclic_depvary_step9_batch_yyy06.pl,q5,no,444.26,no,corr,None,None,None,None
953,exp_acyclic_depvary_step9_batch_yyy06.pl,c5,no,445.21,no,corr,None,None,None,None
954,exp_acyclic_depvary_step9_batch_yyy06.pl,f4,no,528.31,no,corr,None,None,None,None
955,exp_acyclic_depvary_step9_batch_yyy06.pl,r2,,600.0,no,TIMEOUT,,,,
956,exp_acyclic_depvary_step9_batch_yyy06.pl,t1,,600.0,no,TIMEOUT,,,,
957,exp_acyclic_depvary_step9_batch_yyy06.pl,s3,,600.0,no,TIMEOUT,,,,
958,exp_acyclic_depvary_step9_batch_yyy06.pl,c4,no,486.39,no,corr,None,None,None,None
959,exp_acyclic_depvary_step9_batch_yyy06.pl,c1,no,483.53,no,corr,None,None,None,None
960,exp_acyclic_depvary_step9_batch_yyy06.pl,b5,yes,519.29,yes,corr,None,None,None,None
961,exp_acyclic_depvary_step9_batch_yyy07.pl,t4,yes,479.21,yes,corr,None,None,None,None
962,exp_acyclic_depvary_step9_batch_yyy07.pl,v2,no,441.32,no,corr,None,None,None,None
963,exp_acyclic_depvary_step9_batch_yyy07.pl,d4,,600.0,no,TIMEOUT,,,,
964,exp_acyclic_depvary_step9_batch_yyy07.pl,w2,,600.0,no,TIMEOUT,,,,
965,exp_acyclic_depvary_step9_batch_yyy07.pl,z1,,600.0,yes,TIMEOUT,,,,
966,exp_acyclic_depvary_step9_batch_yyy07.pl,t2,no,524.67,no,corr,None,None,None,None
967,exp_acyclic_depvary_step9_batch_yyy07.pl,v4,,600.0,yes,TIMEOUT,,,,
968,exp_acyclic_depvary_step9_batch_yyy07.pl,f4,,600.0,no,TIMEOUT,,,,
969,exp_acyclic_depvary_step9_batch_yyy07.pl,a6,no,572.81,no,corr,None,None,None,None
970,exp_acyclic_depvary_step9_batch_yyy07.pl,y4,no,575.44,no,corr,None,None,None,None
971,exp_acyclic_depvary_step9_batch_yyy08.pl,d5,,600.0,yes,TIMEOUT,,,,
972,exp_acyclic_depvary_step9_batch_yyy08.pl,t5,,600.0,no,TIMEOUT,,,,
973,exp_acyclic_depvary_step9_batch_yyy08.pl,b4,,600.0,yes,TIMEOUT,,,,
974,exp_acyclic_depvary_step9_batch_yyy08.pl,b1,,600.0,no,TIMEOUT,,,,
975,exp_acyclic_depvary_step9_batch_yyy08.pl,y3,no,587.65,no,corr,None,None,None,None
976,exp_acyclic_depvary_step9_batch_yyy08.pl,f3,,600.0,no,TIMEOUT,,,,
977,exp_acyclic_depvary_step9_batch_yyy08.pl,q3,no,596.31,no,corr,None,None,None,None
978,exp_acyclic_depvary_step9_batch_yyy08.pl,a1,,600.0,yes,TIMEOUT,,,,
979,exp_acyclic_depvary_step9_batch_yyy08.pl,p1,,600.0,no,TIMEOUT,,,,
980,exp_acyclic_depvary_step9_batch_yyy08.pl,f2,,600.0,no,TIMEOUT,,,,
981,exp_acyclic_depvary_step9_batch_yyy09.pl,u2,,600.0,no,TIMEOUT,,,,
982,exp_acyclic_depvary_step9_batch_yyy09.pl,w3,,600.0,yes,TIMEOUT,,,,
983,exp_acyclic_depvary_step9_batch_yyy09.pl,q2,,600.0,yes,TIMEOUT,,,,
984,exp_acyclic_depvary_step9_batch_yyy09.pl,a6,,600.0,no,TIMEOUT,,,,
985,exp_acyclic_depvary_step9_batch_yyy09.pl,s4,,600.0,yes,TIMEOUT,,,,
986,exp_acyclic_depvary_step9_batch_yyy09.pl,y4,,600.0,no,TIMEOUT,,,,
987,exp_acyclic_depvary_step9_batch_yyy09.pl,a5,,600.0,no,TIMEOUT,,,,
988,exp_acyclic_depvary_step9_batch_yyy09.pl,b1,,600.0,no,TIMEOUT,,,,
989,exp_acyclic_depvary_step9_batch_yyy09.pl,f4,,600.0,no,TIMEOUT,,,,
990,exp_acyclic_depvary_step9_batch_yyy09.pl,z3,,600.0,no,TIMEOUT,,,,
991,exp_acyclic_depvary_step9_batch_yyy10.pl,u5,,600.0,yes,TIMEOUT,,,,
992,exp_acyclic_depvary_step9_batch_yyy10.pl,x3,,600.0,yes,TIMEOUT,,,,
993,exp_acyclic_depvary_step9_batch_yyy10.pl,w5,no,598.75,no,corr,None,None,None,None
994,exp_acyclic_depvary_step9_batch_yyy10.pl,c6,no,597.03,no,corr,None,None,None,None
995,exp_acyclic_depvary_step9_batch_yyy10.pl,u3,no,597.6,no,corr,None,None,None,None
996,exp_acyclic_depvary_step9_batch_yyy10.pl,q2,no,597.82,no,corr,None,None,None,None
997,exp_acyclic_depvary_step9_batch_yyy10.pl,b4,no,570.13,no,corr,None,None,None,None
998,exp_acyclic_depvary_step9_batch_yyy10.pl,q5,no,598.15,no,corr,None,None,None,None
999,exp_acyclic_depvary_step9_batch_yyy10.pl,d1,,600.0,yes,TIMEOUT,,,,
1000,exp_acyclic_depvary_step9_batch_yyy10.pl,q1,,600.0,yes,TIMEOUT,,,,
1001,exp_acyclic_indvary1_step1_batch_yyy01.pl,u1,no,19.27,no,corr,None,None,None,None
1002,exp_acyclic_indvary1_step1_batch_yyy01.pl,v5,no,19.17,no,corr,None,None,None,None
1003,exp_acyclic_indvary1_step1_batch_yyy01.pl,a5,no,18.47,no,corr,None,None,None,None
1004,exp_acyclic_indvary1_step1_batch_yyy01.pl,y3,no,18.45,no,corr,None,None,None,None
1005,exp_acyclic_indvary1_step1_batch_yyy01.pl,w1,no,18.38,no,corr,None,None,None,None
1006,exp_acyclic_indvary1_step1_batch_yyy01.pl,r4,no,18.0,no,corr,None,None,None,None
1007,exp_acyclic_indvary1_step1_batch_yyy01.pl,d2,yes,19.04,yes,corr,None,None,None,None
1008,exp_acyclic_indvary1_step1_batch_yyy01.pl,y5,no,18.93,no,corr,None,None,None,None
1009,exp_acyclic_indvary1_step1_batch_yyy01.pl,c3,no,18.2,no,corr,None,None,None,None
1010,exp_acyclic_indvary1_step1_batch_yyy01.pl,t4,no,18.78,no,corr,None,None,None,None
1011,exp_acyclic_indvary1_step1_batch_yyy02.pl,b2,no,14.18,no,corr,None,None,None,None
1012,exp_acyclic_indvary1_step1_batch_yyy02.pl,b3,yes,14.7,yes,corr,None,None,None,None
1013,exp_acyclic_indvary1_step1_batch_yyy02.pl,e1,yes,15.57,yes,corr,None,None,None,None
1014,exp_acyclic_indvary1_step1_batch_yyy02.pl,p5,no,14.48,no,corr,None,None,None,None
1015,exp_acyclic_indvary1_step1_batch_yyy02.pl,b5,no,14.8,no,corr,None,None,None,None
1016,exp_acyclic_indvary1_step1_batch_yyy02.pl,d2,no,18.31,no,corr,None,None,None,None
1017,exp_acyclic_indvary1_step1_batch_yyy02.pl,p1,yes,15.8,yes,corr,None,None,None,None
1018,exp_acyclic_indvary1_step1_batch_yyy02.pl,c5,no,17.11,no,corr,None,None,None,None
1019,exp_acyclic_indvary1_step1_batch_yyy02.pl,c2,yes,14.65,yes,corr,None,None,None,None
1020,exp_acyclic_indvary1_step1_batch_yyy02.pl,b1,no,14.47,no,corr,None,None,None,None
1021,exp_acyclic_indvary1_step1_batch_yyy03.pl,b2,yes,17.96,yes,corr,None,None,None,None
1022,exp_acyclic_indvary1_step1_batch_yyy03.pl,y4,no,17.62,no,corr,None,None,None,None
1023,exp_acyclic_indvary1_step1_batch_yyy03.pl,z5,no,16.56,no,corr,None,None,None,None
1024,exp_acyclic_indvary1_step1_batch_yyy03.pl,e5,no,16.62,no,corr,None,None,None,None
1025,exp_acyclic_indvary1_step1_batch_yyy03.pl,z4,no,16.48,no,corr,None,None,None,None
1026,exp_acyclic_indvary1_step1_batch_yyy03.pl,v4,no,18.3,no,corr,None,None,None,None
1027,exp_acyclic_indvary1_step1_batch_yyy03.pl,d2,yes,18.16,yes,corr,None,None,None,None
1028,exp_acyclic_indvary1_step1_batch_yyy03.pl,a1,yes,17.43,yes,corr,None,None,None,None
1029,exp_acyclic_indvary1_step1_batch_yyy03.pl,v3,no,17.23,no,corr,None,None,None,None
1030,exp_acyclic_indvary1_step1_batch_yyy03.pl,q1,yes,18.76,yes,corr,None,None,None,None
1031,exp_acyclic_indvary1_step1_batch_yyy04.pl,b3,no,18.97,no,corr,None,None,None,None
1032,exp_acyclic_indvary1_step1_batch_yyy04.pl,u4,no,18.02,no,corr,None,None,None,None
1033,exp_acyclic_indvary1_step1_batch_yyy04.pl,s2,no,19.17,no,corr,None,None,None,None
1034,exp_acyclic_indvary1_step1_batch_yyy04.pl,v1,no,20.18,no,corr,None,None,None,None
1035,exp_acyclic_indvary1_step1_batch_yyy04.pl,r4,no,18.76,no,corr,None,None,None,None
1036,exp_acyclic_indvary1_step1_batch_yyy04.pl,d2,yes,19.19,yes,corr,None,None,None,None
1037,exp_acyclic_indvary1_step1_batch_yyy04.pl,z3,no,18.77,no,corr,None,None,None,None
1038,exp_acyclic_indvary1_step1_batch_yyy04.pl,x4,no,19.45,no,corr,None,None,None,None
1039,exp_acyclic_indvary1_step1_batch_yyy04.pl,c1,yes,18.96,yes,corr,None,None,None,None
1040,exp_acyclic_indvary1_step1_batch_yyy04.pl,t2,no,18.7,no,corr,None,None,None,None
1041,exp_acyclic_indvary1_step1_batch_yyy05.pl,b1,yes,21.83,yes,corr,None,None,None,None
1042,exp_acyclic_indvary1_step1_batch_yyy05.pl,x2,no,15.93,no,corr,None,None,None,None
1043,exp_acyclic_indvary1_step1_batch_yyy05.pl,r5,no,15.14,no,corr,None,None,None,None
1044,exp_acyclic_indvary1_step1_batch_yyy05.pl,f3,no,15.66,no,corr,None,None,None,None
1045,exp_acyclic_indvary1_step1_batch_yyy05.pl,a3,no,21.35,no,corr,None,None,None,None
1046,exp_acyclic_indvary1_step1_batch_yyy05.pl,a2,yes,22.29,yes,corr,None,None,None,None
1047,exp_acyclic_indvary1_step1_batch_yyy05.pl,t4,no,14.98,no,corr,None,None,None,None
1048,exp_acyclic_indvary1_step1_batch_yyy05.pl,c4,no,14.9,no,corr,None,None,None,None
1049,exp_acyclic_indvary1_step1_batch_yyy05.pl,t2,no,15.05,no,corr,None,None,None,None
1050,exp_acyclic_indvary1_step1_batch_yyy05.pl,z2,no,15.44,no,corr,None,None,None,None
1051,exp_acyclic_indvary1_step1_batch_yyy06.pl,t4,no,10.41,no,corr,None,None,None,None
1052,exp_acyclic_indvary1_step1_batch_yyy06.pl,p4,no,10.21,no,corr,None,None,None,None
1053,exp_acyclic_indvary1_step1_batch_yyy06.pl,u1,no,10.2,no,corr,None,None,None,None
1054,exp_acyclic_indvary1_step1_batch_yyy06.pl,t3,no,10.43,no,corr,None,None,None,None
1055,exp_acyclic_indvary1_step1_batch_yyy06.pl,q4,no,10.37,no,corr,None,None,None,None
1056,exp_acyclic_indvary1_step1_batch_yyy06.pl,r3,no,10.43,no,corr,None,None,None,None
1057,exp_acyclic_indvary1_step1_batch_yyy06.pl,z1,no,10.53,no,corr,None,None,None,None
1058,exp_acyclic_indvary1_step1_batch_yyy06.pl,b1,yes,13.55,yes,corr,None,None,None,None
1059,exp_acyclic_indvary1_step1_batch_yyy06.pl,u3,no,10.47,no,corr,None,None,None,None
1060,exp_acyclic_indvary1_step1_batch_yyy06.pl,r4,no,10.24,no,corr,None,None,None,None
1061,exp_acyclic_indvary1_step1_batch_yyy07.pl,w2,no,14.64,no,corr,None,None,None,None
1062,exp_acyclic_indvary1_step1_batch_yyy07.pl,u4,no,16.18,no,corr,None,None,None,None
1063,exp_acyclic_indvary1_step1_batch_yyy07.pl,c2,no,14.72,no,corr,None,None,None,None
1064,exp_acyclic_indvary1_step1_batch_yyy07.pl,z4,no,14.77,no,corr,None,None,None,None
1065,exp_acyclic_indvary1_step1_batch_yyy07.pl,f3,no,14.94,no,corr,None,None,None,None
1066,exp_acyclic_indvary1_step1_batch_yyy07.pl,e3,no,14.96,no,corr,None,None,None,None
1067,exp_acyclic_indvary1_step1_batch_yyy07.pl,y1,no,15.23,no,corr,None,None,None,None
1068,exp_acyclic_indvary1_step1_batch_yyy07.pl,w3,no,14.97,no,corr,None,None,None,None
1069,exp_acyclic_indvary1_step1_batch_yyy07.pl,e2,no,14.69,no,corr,None,None,None,None
1070,exp_acyclic_indvary1_step1_batch_yyy07.pl,d1,yes,15.17,yes,corr,None,None,None,None
1071,exp_acyclic_indvary1_step1_batch_yyy08.pl,y4,no,15.3,no,corr,None,None,None,None
1072,exp_acyclic_indvary1_step1_batch_yyy08.pl,z5,no,14.97,no,corr,None,None,None,None
1073,exp_acyclic_indvary1_step1_batch_yyy08.pl,w5,no,15.42,no,corr,None,None,None,None
1074,exp_acyclic_indvary1_step1_batch_yyy08.pl,f5,no,15.5,no,corr,None,None,None,None
1075,exp_acyclic_indvary1_step1_batch_yyy08.pl,z4,no,15.39,no,corr,None,None,None,None
1076,exp_acyclic_indvary1_step1_batch_yyy08.pl,x5,no,15.71,no,corr,None,None,None,None
1077,exp_acyclic_indvary1_step1_batch_yyy08.pl,f4,no,15.7,no,corr,None,None,None,None
1078,exp_acyclic_indvary1_step1_batch_yyy08.pl,y5,no,15.18,no,corr,None,None,None,None
1079,exp_acyclic_indvary1_step1_batch_yyy08.pl,s2,no,15.31,no,corr,None,None,None,None
1080,exp_acyclic_indvary1_step1_batch_yyy08.pl,b1,no,15.15,no,corr,None,None,None,None
1081,exp_acyclic_indvary1_step1_batch_yyy09.pl,s3,no,14.7,no,corr,None,None,None,None
1082,exp_acyclic_indvary1_step1_batch_yyy09.pl,z5,no,13.7,no,corr,None,None,None,None
1083,exp_acyclic_indvary1_step1_batch_yyy09.pl,s5,no,14.19,no,corr,None,None,None,None
1084,exp_acyclic_indvary1_step1_batch_yyy09.pl,x2,no,13.89,no,corr,None,None,None,None
1085,exp_acyclic_indvary1_step1_batch_yyy09.pl,e4,no,13.98,no,corr,None,None,None,None
1086,exp_acyclic_indvary1_step1_batch_yyy09.pl,u2,no,14.8,no,corr,None,None,None,None
1087,exp_acyclic_indvary1_step1_batch_yyy09.pl,p1,yes,14.16,yes,corr,None,None,None,None
1088,exp_acyclic_indvary1_step1_batch_yyy09.pl,a2,no,13.81,no,corr,None,None,None,None
1089,exp_acyclic_indvary1_step1_batch_yyy09.pl,s2,no,13.88,no,corr,None,None,None,None
1090,exp_acyclic_indvary1_step1_batch_yyy09.pl,z1,no,13.86,no,corr,None,None,None,None
1091,exp_acyclic_indvary1_step1_batch_yyy10.pl,d5,no,17.03,no,corr,None,None,None,None
1092,exp_acyclic_indvary1_step1_batch_yyy10.pl,v2,no,16.54,no,corr,None,None,None,None
1093,exp_acyclic_indvary1_step1_batch_yyy10.pl,p5,no,16.71,no,corr,None,None,None,None
1094,exp_acyclic_indvary1_step1_batch_yyy10.pl,v5,no,16.53,no,corr,None,None,None,None
1095,exp_acyclic_indvary1_step1_batch_yyy10.pl,a4,no,16.36,no,corr,None,None,None,None
1096,exp_acyclic_indvary1_step1_batch_yyy10.pl,p3,no,16.64,no,corr,None,None,None,None
1097,exp_acyclic_indvary1_step1_batch_yyy10.pl,d2,yes,16.66,yes,corr,None,None,None,None
1098,exp_acyclic_indvary1_step1_batch_yyy10.pl,u2,no,16.45,no,corr,None,None,None,None
1099,exp_acyclic_indvary1_step1_batch_yyy10.pl,b6,no,16.44,no,corr,None,None,None,None
1100,exp_acyclic_indvary1_step1_batch_yyy10.pl,a1,no,16.32,no,corr,None,None,None,None
1101,exp_acyclic_indvary1_step2_batch_yyy01.pl,d5,no,50.49,no,corr,None,None,None,None
1102,exp_acyclic_indvary1_step2_batch_yyy01.pl,z5,no,50.12,no,corr,None,None,None,None
1103,exp_acyclic_indvary1_step2_batch_yyy01.pl,p4,no,50.27,no,corr,None,None,None,None
1104,exp_acyclic_indvary1_step2_batch_yyy01.pl,z4,no,48.89,no,corr,None,None,None,None
1105,exp_acyclic_indvary1_step2_batch_yyy01.pl,u3,no,49.41,no,corr,None,None,None,None
1106,exp_acyclic_indvary1_step2_batch_yyy01.pl,r1,yes,52.57,yes,corr,None,None,None,None
1107,exp_acyclic_indvary1_step2_batch_yyy01.pl,a1,yes,53.45,yes,corr,None,None,None,None
1108,exp_acyclic_indvary1_step2_batch_yyy01.pl,v3,no,50.0,no,corr,None,None,None,None
1109,exp_acyclic_indvary1_step2_batch_yyy01.pl,d1,no,50.82,no,corr,None,None,None,None
1110,exp_acyclic_indvary1_step2_batch_yyy01.pl,u2,no,49.12,no,corr,None,None,None,None
1111,exp_acyclic_indvary1_step2_batch_yyy02.pl,w2,no,48.24,no,corr,None,None,None,None
1112,exp_acyclic_indvary1_step2_batch_yyy02.pl,a5,no,48.4,no,corr,None,None,None,None
1113,exp_acyclic_indvary1_step2_batch_yyy02.pl,y3,no,47.88,no,corr,None,None,None,None
1114,exp_acyclic_indvary1_step2_batch_yyy02.pl,w4,no,48.34,no,corr,None,None,None,None
1115,exp_acyclic_indvary1_step2_batch_yyy02.pl,p2,yes,48.31,yes,corr,None,None,None,None
1116,exp_acyclic_indvary1_step2_batch_yyy02.pl,a3,yes,47.98,yes,corr,None,None,None,None
1117,exp_acyclic_indvary1_step2_batch_yyy02.pl,x5,no,49.62,no,corr,None,None,None,None
1118,exp_acyclic_indvary1_step2_batch_yyy02.pl,t2,no,47.9,no,corr,None,None,None,None
1119,exp_acyclic_indvary1_step2_batch_yyy02.pl,u3,no,48.63,no,corr,None,None,None,None
1120,exp_acyclic_indvary1_step2_batch_yyy02.pl,e3,no,48.14,no,corr,None,None,None,None
1121,exp_acyclic_indvary1_step2_batch_yyy03.pl,v2,no,39.99,no,corr,None,None,None,None
1122,exp_acyclic_indvary1_step2_batch_yyy03.pl,c5,no,40.05,no,corr,None,None,None,None
1123,exp_acyclic_indvary1_step2_batch_yyy03.pl,b5,no,38.98,no,corr,None,None,None,None
1124,exp_acyclic_indvary1_step2_batch_yyy03.pl,v4,no,40.41,no,corr,None,None,None,None
1125,exp_acyclic_indvary1_step2_batch_yyy03.pl,a3,no,39.34,no,corr,None,None,None,None
1126,exp_acyclic_indvary1_step2_batch_yyy03.pl,x1,yes,43.94,yes,corr,None,None,None,None
1127,exp_acyclic_indvary1_step2_batch_yyy03.pl,y5,no,41.31,no,corr,None,None,None,None
1128,exp_acyclic_indvary1_step2_batch_yyy03.pl,t4,no,38.57,no,corr,None,None,None,None
1129,exp_acyclic_indvary1_step2_batch_yyy03.pl,t5,no,39.03,no,corr,None,None,None,None
1130,exp_acyclic_indvary1_step2_batch_yyy03.pl,s3,no,38.98,no,corr,None,None,None,None
1131,exp_acyclic_indvary1_step2_batch_yyy04.pl,u5,no,54.76,no,corr,None,None,None,None
1132,exp_acyclic_indvary1_step2_batch_yyy04.pl,s3,no,52.99,no,corr,None,None,None,None
1133,exp_acyclic_indvary1_step2_batch_yyy04.pl,u1,yes,56.02,yes,corr,None,None,None,None
1134,exp_acyclic_indvary1_step2_batch_yyy04.pl,d3,no,53.45,no,corr,None,None,None,None
1135,exp_acyclic_indvary1_step2_batch_yyy04.pl,w5,no,54.82,no,corr,None,None,None,None
1136,exp_acyclic_indvary1_step2_batch_yyy04.pl,c5,no,54.5,no,corr,None,None,None,None
1137,exp_acyclic_indvary1_step2_batch_yyy04.pl,v4,no,53.12,no,corr,None,None,None,None
1138,exp_acyclic_indvary1_step2_batch_yyy04.pl,p2,yes,57.78,yes,corr,None,None,None,None
1139,exp_acyclic_indvary1_step2_batch_yyy04.pl,a1,yes,65.03,yes,corr,None,None,None,None
1140,exp_acyclic_indvary1_step2_batch_yyy04.pl,d1,no,84.5,no,corr,None,None,None,None
1141,exp_acyclic_indvary1_step2_batch_yyy05.pl,p5,no,45.2,no,corr,None,None,None,None
1142,exp_acyclic_indvary1_step2_batch_yyy05.pl,w2,no,45.43,no,corr,None,None,None,None
1143,exp_acyclic_indvary1_step2_batch_yyy05.pl,s5,no,44.53,no,corr,None,None,None,None
1144,exp_acyclic_indvary1_step2_batch_yyy05.pl,d2,no,49.18,no,corr,None,None,None,None
1145,exp_acyclic_indvary1_step2_batch_yyy05.pl,v3,no,44.86,no,corr,None,None,None,None
1146,exp_acyclic_indvary1_step2_batch_yyy05.pl,u2,no,45.24,no,corr,None,None,None,None
1147,exp_acyclic_indvary1_step2_batch_yyy05.pl,u5,no,43.96,no,corr,None,None,None,None
1148,exp_acyclic_indvary1_step2_batch_yyy05.pl,d5,no,45.27,no,corr,None,None,None,None
1149,exp_acyclic_indvary1_step2_batch_yyy05.pl,a4,no,45.24,no,corr,None,None,None,None
1150,exp_acyclic_indvary1_step2_batch_yyy05.pl,f5,no,44.37,no,corr,None,None,None,None
1151,exp_acyclic_indvary1_step2_batch_yyy06.pl,q4,no,48.12,no,corr,None,None,None,None
1152,exp_acyclic_indvary1_step2_batch_yyy06.pl,z4,no,46.54,no,corr,None,None,None,None
1153,exp_acyclic_indvary1_step2_batch_yyy06.pl,v1,yes,49.26,yes,corr,None,None,None,None
1154,exp_acyclic_indvary1_step2_batch_yyy06.pl,x5,no,47.07,no,corr,None,None,None,None
1155,exp_acyclic_indvary1_step2_batch_yyy06.pl,s1,yes,49.6,yes,corr,None,None,None,None
1156,exp_acyclic_indvary1_step2_batch_yyy06.pl,v3,no,46.18,no,corr,None,None,None,None
1157,exp_acyclic_indvary1_step2_batch_yyy06.pl,w3,no,46.45,no,corr,None,None,None,None
1158,exp_acyclic_indvary1_step2_batch_yyy06.pl,q2,yes,48.8,yes,corr,None,None,None,None
1159,exp_acyclic_indvary1_step2_batch_yyy06.pl,w2,no,47.11,no,corr,None,None,None,None
1160,exp_acyclic_indvary1_step2_batch_yyy06.pl,e5,no,47.45,no,corr,None,None,None,None
1161,exp_acyclic_indvary1_step2_batch_yyy07.pl,a6,no,54.22,no,corr,None,None,None,None
1162,exp_acyclic_indvary1_step2_batch_yyy07.pl,e5,no,54.61,no,corr,None,None,None,None
1163,exp_acyclic_indvary1_step2_batch_yyy07.pl,d3,no,53.16,no,corr,None,None,None,None
1164,exp_acyclic_indvary1_step2_batch_yyy07.pl,q5,no,55.08,no,corr,None,None,None,None
1165,exp_acyclic_indvary1_step2_batch_yyy07.pl,s1,yes,56.75,yes,corr,None,None,None,None
1166,exp_acyclic_indvary1_step2_batch_yyy07.pl,p2,no,52.16,no,corr,None,None,None,None
1167,exp_acyclic_indvary1_step2_batch_yyy07.pl,c3,no,70.77,no,corr,None,None,None,None
1168,exp_acyclic_indvary1_step2_batch_yyy07.pl,s3,no,54.5,no,corr,None,None,None,None
1169,exp_acyclic_indvary1_step2_batch_yyy07.pl,a2,no,84.01,no,corr,None,None,None,None
1170,exp_acyclic_indvary1_step2_batch_yyy07.pl,x4,no,54.43,no,corr,None,None,None,None
1171,exp_acyclic_indvary1_step2_batch_yyy08.pl,d5,no,39.91,no,corr,None,None,None,None
1172,exp_acyclic_indvary1_step2_batch_yyy08.pl,s3,no,41.02,no,corr,None,None,None,None
1173,exp_acyclic_indvary1_step2_batch_yyy08.pl,b2,yes,38.35,yes,corr,None,None,None,None
1174,exp_acyclic_indvary1_step2_batch_yyy08.pl,u1,no,41.03,no,corr,None,None,None,None
1175,exp_acyclic_indvary1_step2_batch_yyy08.pl,d2,yes,41.72,yes,corr,None,None,None,None
1176,exp_acyclic_indvary1_step2_batch_yyy08.pl,b6,no,40.78,no,corr,None,None,None,None
1177,exp_acyclic_indvary1_step2_batch_yyy08.pl,d1,no,58.02,no,corr,None,None,None,None
1178,exp_acyclic_indvary1_step2_batch_yyy08.pl,y5,no,39.4,no,corr,None,None,None,None
1179,exp_acyclic_indvary1_step2_batch_yyy08.pl,x5,no,41.2,no,corr,None,None,None,None
1180,exp_acyclic_indvary1_step2_batch_yyy08.pl,z2,no,40.1,no,corr,None,None,None,None
1181,exp_acyclic_indvary1_step2_batch_yyy09.pl,a6,no,41.42,no,corr,None,None,None,None
1182,exp_acyclic_indvary1_step2_batch_yyy09.pl,p4,no,40.75,no,corr,None,None,None,None
1183,exp_acyclic_indvary1_step2_batch_yyy09.pl,f1,yes,42.53,yes,corr,None,None,None,None
1184,exp_acyclic_indvary1_step2_batch_yyy09.pl,z1,yes,43.03,yes,corr,None,None,None,None
1185,exp_acyclic_indvary1_step2_batch_yyy09.pl,a4,no,40.37,no,corr,None,None,None,None
1186,exp_acyclic_indvary1_step2_batch_yyy09.pl,t1,yes,42.96,yes,corr,None,None,None,None
1187,exp_acyclic_indvary1_step2_batch_yyy09.pl,a2,yes,43.19,yes,corr,None,None,None,None
1188,exp_acyclic_indvary1_step2_batch_yyy09.pl,q2,no,40.69,no,corr,None,None,None,None
1189,exp_acyclic_indvary1_step2_batch_yyy09.pl,t2,no,40.88,no,corr,None,None,None,None
1190,exp_acyclic_indvary1_step2_batch_yyy09.pl,c6,no,42.06,no,corr,None,None,None,None
1191,exp_acyclic_indvary1_step2_batch_yyy10.pl,u5,no,42.59,no,corr,None,None,None,None
1192,exp_acyclic_indvary1_step2_batch_yyy10.pl,e5,no,42.53,no,corr,None,None,None,None
1193,exp_acyclic_indvary1_step2_batch_yyy10.pl,z1,yes,47.31,yes,corr,None,None,None,None
1194,exp_acyclic_indvary1_step2_batch_yyy10.pl,x5,no,43.35,no,corr,None,None,None,None
1195,exp_acyclic_indvary1_step2_batch_yyy10.pl,a3,yes,47.92,yes,corr,None,None,None,None
1196,exp_acyclic_indvary1_step2_batch_yyy10.pl,r2,yes,44.73,yes,corr,None,None,None,None
1197,exp_acyclic_indvary1_step2_batch_yyy10.pl,v3,no,41.81,no,corr,None,None,None,None
1198,exp_acyclic_indvary1_step2_batch_yyy10.pl,q1,no,42.15,no,corr,None,None,None,None
1199,exp_acyclic_indvary1_step2_batch_yyy10.pl,v5,no,42.95,no,corr,None,None,None,None
1200,exp_acyclic_indvary1_step2_batch_yyy10.pl,w5,no,42.34,no,corr,None,None,None,None
1201,exp_acyclic_indvary1_step3_batch_yyy01.pl,p5,no,68.32,no,corr,None,None,None,None
1202,exp_acyclic_indvary1_step3_batch_yyy01.pl,w5,no,68.01,no,corr,None,None,None,None
1203,exp_acyclic_indvary1_step3_batch_yyy01.pl,q5,no,67.92,no,corr,None,None,None,None
1204,exp_acyclic_indvary1_step3_batch_yyy01.pl,v1,no,67.21,no,corr,None,None,None,None
1205,exp_acyclic_indvary1_step3_batch_yyy01.pl,z2,yes,71.62,yes,corr,None,None,None,None
1206,exp_acyclic_indvary1_step3_batch_yyy01.pl,v3,no,68.55,no,corr,None,None,None,None
1207,exp_acyclic_indvary1_step3_batch_yyy01.pl,a6,no,67.25,no,corr,None,None,None,None
1208,exp_acyclic_indvary1_step3_batch_yyy01.pl,y4,no,68.09,no,corr,None,None,None,None
1209,exp_acyclic_indvary1_step3_batch_yyy01.pl,w2,no,232.8,no,corr,None,None,None,None
1210,exp_acyclic_indvary1_step3_batch_yyy01.pl,u1,no,106.7,no,corr,None,None,None,None
1211,exp_acyclic_indvary1_step3_batch_yyy02.pl,t3,no,61.97,no,corr,None,None,None,None
1212,exp_acyclic_indvary1_step3_batch_yyy02.pl,f3,no,62.4,no,corr,None,None,None,None
1213,exp_acyclic_indvary1_step3_batch_yyy02.pl,e3,no,64.29,no,corr,None,None,None,None
1214,exp_acyclic_indvary1_step3_batch_yyy02.pl,y1,yes,64.21,yes,corr,None,None,None,None
1215,exp_acyclic_indvary1_step3_batch_yyy02.pl,y2,yes,66.56,yes,corr,None,None,None,None
1216,exp_acyclic_indvary1_step3_batch_yyy02.pl,f2,no,61.64,no,corr,None,None,None,None
1217,exp_acyclic_indvary1_step3_batch_yyy02.pl,c2,yes,64.89,yes,corr,None,None,None,None
1218,exp_acyclic_indvary1_step3_batch_yyy02.pl,b1,no,62.48,no,corr,None,None,None,None
1219,exp_acyclic_indvary1_step3_batch_yyy02.pl,d1,no,61.74,no,corr,None,None,None,None
1220,exp_acyclic_indvary1_step3_batch_yyy02.pl,t1,yes,64.8,yes,corr,None,None,None,None
1221,exp_acyclic_indvary1_step3_batch_yyy03.pl,y4,no,56.26,no,corr,None,None,None,None
1222,exp_acyclic_indvary1_step3_batch_yyy03.pl,c6,no,55.66,no,corr,None,None,None,None
1223,exp_acyclic_indvary1_step3_batch_yyy03.pl,d2,yes,78.96,yes,corr,None,None,None,None
1224,exp_acyclic_indvary1_step3_batch_yyy03.pl,w3,no,55.37,no,corr,None,None,None,None
1225,exp_acyclic_indvary1_step3_batch_yyy03.pl,t4,no,55.46,no,corr,None,None,None,None
1226,exp_acyclic_indvary1_step3_batch_yyy03.pl,t5,no,55.88,no,corr,None,None,None,None
1227,exp_acyclic_indvary1_step3_batch_yyy03.pl,s5,no,56.03,no,corr,None,None,None,None
1228,exp_acyclic_indvary1_step3_batch_yyy03.pl,q5,no,56.32,no,corr,None,None,None,None
1229,exp_acyclic_indvary1_step3_batch_yyy03.pl,a4,no,56.61,no,corr,None,None,None,None
1230,exp_acyclic_indvary1_step3_batch_yyy03.pl,x2,no,103.58,no,corr,None,None,None,None
1231,exp_acyclic_indvary1_step3_batch_yyy04.pl,t4,no,70.17,no,corr,None,None,None,None
1232,exp_acyclic_indvary1_step3_batch_yyy04.pl,p5,no,70.55,no,corr,None,None,None,None
1233,exp_acyclic_indvary1_step3_batch_yyy04.pl,t3,no,69.68,no,corr,None,None,None,None
1234,exp_acyclic_indvary1_step3_batch_yyy04.pl,s2,yes,72.94,yes,corr,None,None,None,None
1235,exp_acyclic_indvary1_step3_batch_yyy04.pl,q4,no,69.31,no,corr,None,None,None,None
1236,exp_acyclic_indvary1_step3_batch_yyy04.pl,z3,no,69.54,no,corr,None,None,None,None
1237,exp_acyclic_indvary1_step3_batch_yyy04.pl,d3,no,68.76,no,corr,None,None,None,None
1238,exp_acyclic_indvary1_step3_batch_yyy04.pl,u4,no,69.93,no,corr,None,None,None,None
1239,exp_acyclic_indvary1_step3_batch_yyy04.pl,v4,no,69.88,no,corr,None,None,None,None
1240,exp_acyclic_indvary1_step3_batch_yyy04.pl,e3,no,69.6,no,corr,None,None,None,None
1241,exp_acyclic_indvary1_step3_batch_yyy05.pl,u5,no,34.92,no,corr,None,None,None,None
1242,exp_acyclic_indvary1_step3_batch_yyy05.pl,t4,no,34.91,no,corr,None,None,None,None
1243,exp_acyclic_indvary1_step3_batch_yyy05.pl,v2,yes,47.93,yes,corr,None,None,None,None
1244,exp_acyclic_indvary1_step3_batch_yyy05.pl,d4,no,34.95,no,corr,None,None,None,None
1245,exp_acyclic_indvary1_step3_batch_yyy05.pl,u4,no,33.98,no,corr,None,None,None,None
1246,exp_acyclic_indvary1_step3_batch_yyy05.pl,v5,no,34.61,no,corr,None,None,None,None
1247,exp_acyclic_indvary1_step3_batch_yyy05.pl,q4,no,34.23,no,corr,None,None,None,None
1248,exp_acyclic_indvary1_step3_batch_yyy05.pl,p3,no,55.01,no,corr,None,None,None,None
1249,exp_acyclic_indvary1_step3_batch_yyy05.pl,y5,no,35.08,no,corr,None,None,None,None
1250,exp_acyclic_indvary1_step3_batch_yyy05.pl,q2,no,50.31,no,corr,None,None,None,None
1251,exp_acyclic_indvary1_step3_batch_yyy06.pl,c3,yes,55.1,yes,corr,None,None,None,None
1252,exp_acyclic_indvary1_step3_batch_yyy06.pl,e5,no,53.29,no,corr,None,None,None,None
1253,exp_acyclic_indvary1_step3_batch_yyy06.pl,s5,no,53.4,no,corr,None,None,None,None
1254,exp_acyclic_indvary1_step3_batch_yyy06.pl,s2,yes,55.55,yes,corr,None,None,None,None
1255,exp_acyclic_indvary1_step3_batch_yyy06.pl,f3,no,52.07,no,corr,None,None,None,None
1256,exp_acyclic_indvary1_step3_batch_yyy06.pl,r4,no,52.74,no,corr,None,None,None,None
1257,exp_acyclic_indvary1_step3_batch_yyy06.pl,z3,no,52.45,no,corr,None,None,None,None
1258,exp_acyclic_indvary1_step3_batch_yyy06.pl,r2,no,52.25,no,corr,None,None,None,None
1259,exp_acyclic_indvary1_step3_batch_yyy06.pl,x4,no,52.5,no,corr,None,None,None,None
1260,exp_acyclic_indvary1_step3_batch_yyy06.pl,q2,yes,54.12,yes,corr,None,None,None,None
1261,exp_acyclic_indvary1_step3_batch_yyy07.pl,c4,no,52.24,no,corr,None,None,None,None
1262,exp_acyclic_indvary1_step3_batch_yyy07.pl,u4,no,53.19,no,corr,None,None,None,None
1263,exp_acyclic_indvary1_step3_batch_yyy07.pl,e4,no,52.52,no,corr,None,None,None,None
1264,exp_acyclic_indvary1_step3_batch_yyy07.pl,r4,no,52.32,no,corr,None,None,None,None
1265,exp_acyclic_indvary1_step3_batch_yyy07.pl,p2,no,78.78,no,corr,None,None,None,None
1266,exp_acyclic_indvary1_step3_batch_yyy07.pl,f4,no,52.29,no,corr,None,None,None,None
1267,exp_acyclic_indvary1_step3_batch_yyy07.pl,q1,yes,71.19,yes,corr,None,None,None,None
1268,exp_acyclic_indvary1_step3_batch_yyy07.pl,a2,yes,51.61,yes,corr,None,None,None,None
1269,exp_acyclic_indvary1_step3_batch_yyy07.pl,c2,no,70.07,no,corr,None,None,None,None
1270,exp_acyclic_indvary1_step3_batch_yyy07.pl,a5,no,52.21,no,corr,None,None,None,None
1271,exp_acyclic_indvary1_step3_batch_yyy08.pl,u1,yes,57.07,yes,corr,None,None,None,None
1272,exp_acyclic_indvary1_step3_batch_yyy08.pl,q4,no,55.27,no,corr,None,None,None,None
1273,exp_acyclic_indvary1_step3_batch_yyy08.pl,e4,no,55.03,no,corr,None,None,None,None
1274,exp_acyclic_indvary1_step3_batch_yyy08.pl,w1,no,54.59,no,corr,None,None,None,None
1275,exp_acyclic_indvary1_step3_batch_yyy08.pl,v4,no,55.61,no,corr,None,None,None,None
1276,exp_acyclic_indvary1_step3_batch_yyy08.pl,f2,no,55.61,no,corr,None,None,None,None
1277,exp_acyclic_indvary1_step3_batch_yyy08.pl,b4,no,55.52,no,corr,None,None,None,None
1278,exp_acyclic_indvary1_step3_batch_yyy08.pl,q5,no,54.49,no,corr,None,None,None,None
1279,exp_acyclic_indvary1_step3_batch_yyy08.pl,c2,yes,58.42,yes,corr,None,None,None,None
1280,exp_acyclic_indvary1_step3_batch_yyy08.pl,b1,no,55.49,no,corr,None,None,None,None
1281,exp_acyclic_indvary1_step3_batch_yyy09.pl,b3,yes,84.29,yes,corr,None,None,None,None
1282,exp_acyclic_indvary1_step3_batch_yyy09.pl,d4,no,81.82,no,corr,None,None,None,None
1283,exp_acyclic_indvary1_step3_batch_yyy09.pl,u1,no,90.68,no,corr,None,None,None,None
1284,exp_acyclic_indvary1_step3_batch_yyy09.pl,t3,no,79.65,no,corr,None,None,None,None
1285,exp_acyclic_indvary1_step3_batch_yyy09.pl,q4,no,79.26,no,corr,None,None,None,None
1286,exp_acyclic_indvary1_step3_batch_yyy09.pl,v1,no,91.82,no,corr,None,None,None,None
1287,exp_acyclic_indvary1_step3_batch_yyy09.pl,q1,no,79.34,no,corr,None,None,None,None
1288,exp_acyclic_indvary1_step3_batch_yyy09.pl,c1,no,79.58,no,corr,None,None,None,None
1289,exp_acyclic_indvary1_step3_batch_yyy09.pl,t2,no,78.72,no,corr,None,None,None,None
1290,exp_acyclic_indvary1_step3_batch_yyy09.pl,c6,no,79.53,no,corr,None,None,None,None
1291,exp_acyclic_indvary1_step3_batch_yyy10.pl,e1,yes,45.64,yes,corr,None,None,None,None
1292,exp_acyclic_indvary1_step3_batch_yyy10.pl,w5,no,45.03,no,corr,None,None,None,None
1293,exp_acyclic_indvary1_step3_batch_yyy10.pl,z1,yes,45.02,yes,corr,None,None,None,None
1294,exp_acyclic_indvary1_step3_batch_yyy10.pl,a4,no,45.36,no,corr,None,None,None,None
1295,exp_acyclic_indvary1_step3_batch_yyy10.pl,p3,no,84.72,no,corr,None,None,None,None
1296,exp_acyclic_indvary1_step3_batch_yyy10.pl,b6,no,45.48,no,corr,None,None,None,None
1297,exp_acyclic_indvary1_step3_batch_yyy10.pl,d1,no,46.35,no,corr,None,None,None,None
1298,exp_acyclic_indvary1_step3_batch_yyy10.pl,c3,no,45.37,no,corr,None,None,None,None
1299,exp_acyclic_indvary1_step3_batch_yyy10.pl,t5,no,45.67,no,corr,None,None,None,None
1300,exp_acyclic_indvary1_step3_batch_yyy10.pl,s3,no,45.49,no,corr,None,None,None,None
1301,exp_acyclic_indvary1_step4_batch_yyy01.pl,u1,yes,66.26,yes,corr,None,None,None,None
1302,exp_acyclic_indvary1_step4_batch_yyy01.pl,a5,no,66.58,no,corr,None,None,None,None
1303,exp_acyclic_indvary1_step4_batch_yyy01.pl,e4,no,66.99,no,corr,None,None,None,None
1304,exp_acyclic_indvary1_step4_batch_yyy01.pl,v4,no,66.5,no,corr,None,None,None,None
1305,exp_acyclic_indvary1_step4_batch_yyy01.pl,v3,yes,65.41,yes,corr,None,None,None,None
1306,exp_acyclic_indvary1_step4_batch_yyy01.pl,e2,no,67.7,no,corr,None,None,None,None
1307,exp_acyclic_indvary1_step4_batch_yyy01.pl,s5,no,66.81,no,corr,None,None,None,None
1308,exp_acyclic_indvary1_step4_batch_yyy01.pl,q5,no,67.23,no,corr,None,None,None,None
1309,exp_acyclic_indvary1_step4_batch_yyy01.pl,y2,yes,71.22,yes,corr,None,None,None,None
1310,exp_acyclic_indvary1_step4_batch_yyy01.pl,x1,no,65.48,no,corr,None,None,None,None
1311,exp_acyclic_indvary1_step4_batch_yyy02.pl,s3,yes,44.06,yes,corr,None,None,None,None
1312,exp_acyclic_indvary1_step4_batch_yyy02.pl,b1,no,43.41,no,corr,None,None,None,None
1313,exp_acyclic_indvary1_step4_batch_yyy02.pl,w4,no,44.75,no,corr,None,None,None,None
1314,exp_acyclic_indvary1_step4_batch_yyy02.pl,a3,yes,44.43,yes,corr,None,None,None,None
1315,exp_acyclic_indvary1_step4_batch_yyy02.pl,x1,no,44.6,no,corr,None,None,None,None
1316,exp_acyclic_indvary1_step4_batch_yyy02.pl,a1,yes,44.87,yes,corr,None,None,None,None
1317,exp_acyclic_indvary1_step4_batch_yyy02.pl,r3,no,100.06,no,corr,None,None,None,None
1318,exp_acyclic_indvary1_step4_batch_yyy02.pl,f2,yes,45.36,yes,corr,None,None,None,None
1319,exp_acyclic_indvary1_step4_batch_yyy02.pl,b3,yes,62.7,yes,corr,None,None,None,None
1320,exp_acyclic_indvary1_step4_batch_yyy02.pl,y4,no,44.17,no,corr,None,None,None,None
1321,exp_acyclic_indvary1_step4_batch_yyy03.pl,u5,no,82.45,no,corr,None,None,None,None
1322,exp_acyclic_indvary1_step4_batch_yyy03.pl,q4,no,96.36,no,corr,None,None,None,None
1323,exp_acyclic_indvary1_step4_batch_yyy03.pl,z4,no,85.0,no,corr,None,None,None,None
1324,exp_acyclic_indvary1_step4_batch_yyy03.pl,y2,no,83.24,no,corr,None,None,None,None
1325,exp_acyclic_indvary1_step4_batch_yyy03.pl,r2,yes,88.66,yes,corr,None,None,None,None
1326,exp_acyclic_indvary1_step4_batch_yyy03.pl,v3,no,84.92,no,corr,None,None,None,None
1327,exp_acyclic_indvary1_step4_batch_yyy03.pl,t4,no,85.35,no,corr,None,None,None,None
1328,exp_acyclic_indvary1_step4_batch_yyy03.pl,c4,no,83.48,no,corr,None,None,None,None
1329,exp_acyclic_indvary1_step4_batch_yyy03.pl,p5,no,84.66,no,corr,None,None,None,None
1330,exp_acyclic_indvary1_step4_batch_yyy03.pl,x3,yes,88.55,yes,corr,None,None,None,None
1331,exp_acyclic_indvary1_step4_batch_yyy04.pl,a6,no,60.2,no,corr,None,None,None,None
1332,exp_acyclic_indvary1_step4_batch_yyy04.pl,z5,no,60.07,no,corr,None,None,None,None
1333,exp_acyclic_indvary1_step4_batch_yyy04.pl,p2,yes,59.79,yes,corr,None,None,None,None
1334,exp_acyclic_indvary1_step4_batch_yyy04.pl,a3,yes,60.23,yes,corr,None,None,None,None
1335,exp_acyclic_indvary1_step4_batch_yyy04.pl,w3,no,134.25,no,corr,None,None,None,None
1336,exp_acyclic_indvary1_step4_batch_yyy04.pl,f2,no,78.89,no,corr,None,None,None,None
1337,exp_acyclic_indvary1_step4_batch_yyy04.pl,c2,yes,60.72,yes,corr,None,None,None,None
1338,exp_acyclic_indvary1_step4_batch_yyy04.pl,b1,yes,59.22,yes,corr,None,None,None,None
1339,exp_acyclic_indvary1_step4_batch_yyy04.pl,e3,no,62.11,no,corr,None,None,None,None
1340,exp_acyclic_indvary1_step4_batch_yyy04.pl,r4,no,62.34,no,corr,None,None,None,None
1341,exp_acyclic_indvary1_step4_batch_yyy05.pl,v2,no,50.95,no,corr,None,None,None,None
1342,exp_acyclic_indvary1_step4_batch_yyy05.pl,w5,no,51.6,no,corr,None,None,None,None
1343,exp_acyclic_indvary1_step4_batch_yyy05.pl,b4,no,50.75,no,corr,None,None,None,None
1344,exp_acyclic_indvary1_step4_batch_yyy05.pl,c5,no,51.29,no,corr,None,None,None,None
1345,exp_acyclic_indvary1_step4_batch_yyy05.pl,q4,yes,50.5,yes,corr,None,None,None,None
1346,exp_acyclic_indvary1_step4_batch_yyy05.pl,y3,no,76.71,no,corr,None,None,None,None
1347,exp_acyclic_indvary1_step4_batch_yyy05.pl,w4,no,50.97,no,corr,None,None,None,None
1348,exp_acyclic_indvary1_step4_batch_yyy05.pl,v4,no,51.45,no,corr,None,None,None,None
1349,exp_acyclic_indvary1_step4_batch_yyy05.pl,x1,yes,50.05,yes,corr,None,None,None,None
1350,exp_acyclic_indvary1_step4_batch_yyy05.pl,a2,no,67.97,no,corr,None,None,None,None
1351,exp_acyclic_indvary1_step4_batch_yyy06.pl,a6,no,40.25,no,corr,None,None,None,None
1352,exp_acyclic_indvary1_step4_batch_yyy06.pl,p5,no,40.15,no,corr,None,None,None,None
1353,exp_acyclic_indvary1_step4_batch_yyy06.pl,d3,no,40.03,no,corr,None,None,None,None
1354,exp_acyclic_indvary1_step4_batch_yyy06.pl,t3,no,40.58,no,corr,None,None,None,None
1355,exp_acyclic_indvary1_step4_batch_yyy06.pl,a4,no,39.51,no,corr,None,None,None,None
1356,exp_acyclic_indvary1_step4_batch_yyy06.pl,d2,no,58.47,no,corr,None,None,None,None
1357,exp_acyclic_indvary1_step4_batch_yyy06.pl,q1,yes,52.39,yes,corr,None,None,None,None
1358,exp_acyclic_indvary1_step4_batch_yyy06.pl,p1,no,39.53,no,corr,None,None,None,None
1359,exp_acyclic_indvary1_step4_batch_yyy06.pl,b6,no,39.94,no,corr,None,None,None,None
1360,exp_acyclic_indvary1_step4_batch_yyy06.pl,a1,yes,53.74,yes,corr,None,None,None,None
1361,exp_acyclic_indvary1_step4_batch_yyy07.pl,s3,yes,79.2,yes,corr,None,None,None,None
1362,exp_acyclic_indvary1_step4_batch_yyy07.pl,w2,no,73.88,no,corr,None,None,None,None
1363,exp_acyclic_indvary1_step4_batch_yyy07.pl,d3,no,72.18,no,corr,None,None,None,None
1364,exp_acyclic_indvary1_step4_batch_yyy07.pl,b4,no,72.51,no,corr,None,None,None,None
1365,exp_acyclic_indvary1_step4_batch_yyy07.pl,z1,no,71.49,no,corr,None,None,None,None
1366,exp_acyclic_indvary1_step4_batch_yyy07.pl,q4,yes,75.98,yes,corr,None,None,None,None
1367,exp_acyclic_indvary1_step4_batch_yyy07.pl,p3,yes,76.42,yes,corr,None,None,None,None
1368,exp_acyclic_indvary1_step4_batch_yyy07.pl,y1,no,72.13,no,corr,None,None,None,None
1369,exp_acyclic_indvary1_step4_batch_yyy07.pl,p1,yes,76.41,yes,corr,None,None,None,None
1370,exp_acyclic_indvary1_step4_batch_yyy07.pl,a2,yes,75.84,yes,corr,None,None,None,None
1371,exp_acyclic_indvary1_step4_batch_yyy08.pl,u5,no,40.86,no,corr,None,None,None,None
1372,exp_acyclic_indvary1_step4_batch_yyy08.pl,v2,no,40.66,no,corr,None,None,None,None
1373,exp_acyclic_indvary1_step4_batch_yyy08.pl,f1,no,56.05,no,corr,None,None,None,None
1374,exp_acyclic_indvary1_step4_batch_yyy08.pl,f3,no,40.54,no,corr,None,None,None,None
1375,exp_acyclic_indvary1_step4_batch_yyy08.pl,b6,no,41.1,no,corr,None,None,None,None
1376,exp_acyclic_indvary1_step4_batch_yyy08.pl,x4,no,40.57,no,corr,None,None,None,None
1377,exp_acyclic_indvary1_step4_batch_yyy08.pl,s4,no,40.92,no,corr,None,None,None,None
1378,exp_acyclic_indvary1_step4_batch_yyy08.pl,b3,no,41.13,no,corr,None,None,None,None
1379,exp_acyclic_indvary1_step4_batch_yyy08.pl,z4,no,41.44,no,corr,None,None,None,None
1380,exp_acyclic_indvary1_step4_batch_yyy08.pl,y3,no,41.05,no,corr,None,None,None,None
1381,exp_acyclic_indvary1_step4_batch_yyy09.pl,c3,yes,72.11,yes,corr,None,None,None,None
1382,exp_acyclic_indvary1_step4_batch_yyy09.pl,f5,no,50.48,no,corr,None,None,None,None
1383,exp_acyclic_indvary1_step4_batch_yyy09.pl,c1,yes,52.46,yes,corr,None,None,None,None
1384,exp_acyclic_indvary1_step4_batch_yyy09.pl,p2,no,107.92,no,corr,None,None,None,None
1385,exp_acyclic_indvary1_step4_batch_yyy09.pl,q3,no,64.85,no,corr,None,None,None,None
1386,exp_acyclic_indvary1_step4_batch_yyy09.pl,y2,no,68.31,no,corr,None,None,None,None
1387,exp_acyclic_indvary1_step4_batch_yyy09.pl,r2,yes,50.08,yes,corr,None,None,None,None
1388,exp_acyclic_indvary1_step4_batch_yyy09.pl,a1,yes,70.19,yes,corr,None,None,None,None
1389,exp_acyclic_indvary1_step4_batch_yyy09.pl,u2,no,50.99,no,corr,None,None,None,None
1390,exp_acyclic_indvary1_step4_batch_yyy09.pl,q1,no,72.11,no,corr,None,None,None,None
1391,exp_acyclic_indvary1_step4_batch_yyy10.pl,b2,yes,80.61,yes,corr,None,None,None,None
1392,exp_acyclic_indvary1_step4_batch_yyy10.pl,p5,no,80.73,no,corr,None,None,None,None
1393,exp_acyclic_indvary1_step4_batch_yyy10.pl,w5,no,78.77,no,corr,None,None,None,None
1394,exp_acyclic_indvary1_step4_batch_yyy10.pl,w4,no,81.0,no,corr,None,None,None,None
1395,exp_acyclic_indvary1_step4_batch_yyy10.pl,x5,no,80.98,no,corr,None,None,None,None
1396,exp_acyclic_indvary1_step4_batch_yyy10.pl,e3,no,81.44,no,corr,None,None,None,None
1397,exp_acyclic_indvary1_step4_batch_yyy10.pl,f4,no,79.49,no,corr,None,None,None,None
1398,exp_acyclic_indvary1_step4_batch_yyy10.pl,q3,yes,83.86,yes,corr,None,None,None,None
1399,exp_acyclic_indvary1_step4_batch_yyy10.pl,w2,yes,84.46,yes,corr,None,None,None,None
1400,exp_acyclic_indvary1_step4_batch_yyy10.pl,f1,yes,83.81,yes,corr,None,None,None,None
1401,exp_acyclic_indvary1_step5_batch_yyy01.pl,z5,no,55.0,no,corr,None,None,None,None
1402,exp_acyclic_indvary1_step5_batch_yyy01.pl,u1,no,53.06,no,corr,None,None,None,None
1403,exp_acyclic_indvary1_step5_batch_yyy01.pl,q5,no,53.76,no,corr,None,None,None,None
1404,exp_acyclic_indvary1_step5_batch_yyy01.pl,w4,no,54.59,no,corr,None,None,None,None
1405,exp_acyclic_indvary1_step5_batch_yyy01.pl,f4,no,55.01,no,corr,None,None,None,None
1406,exp_acyclic_indvary1_step5_batch_yyy01.pl,a2,yes,57.7,yes,corr,None,None,None,None
1407,exp_acyclic_indvary1_step5_batch_yyy01.pl,t4,no,53.66,no,corr,None,None,None,None
1408,exp_acyclic_indvary1_step5_batch_yyy01.pl,t5,no,54.86,no,corr,None,None,None,None
1409,exp_acyclic_indvary1_step5_batch_yyy01.pl,c6,no,54.51,no,corr,None,None,None,None
1410,exp_acyclic_indvary1_step5_batch_yyy01.pl,z2,yes,53.55,yes,corr,None,None,None,None
1411,exp_acyclic_indvary1_step5_batch_yyy02.pl,d5,no,65.92,no,corr,None,None,None,None
1412,exp_acyclic_indvary1_step5_batch_yyy02.pl,z5,no,66.15,no,corr,None,None,None,None
1413,exp_acyclic_indvary1_step5_batch_yyy02.pl,p4,yes,68.76,yes,corr,None,None,None,None
1414,exp_acyclic_indvary1_step5_batch_yyy02.pl,y3,no,65.91,no,corr,None,None,None,None
1415,exp_acyclic_indvary1_step5_batch_yyy02.pl,x4,yes,69.74,yes,corr,None,None,None,None
1416,exp_acyclic_indvary1_step5_batch_yyy02.pl,f2,no,66.58,no,corr,None,None,None,None
1417,exp_acyclic_indvary1_step5_batch_yyy02.pl,y1,no,65.08,no,corr,None,None,None,None
1418,exp_acyclic_indvary1_step5_batch_yyy02.pl,r1,no,108.66,no,corr,None,None,None,None
1419,exp_acyclic_indvary1_step5_batch_yyy02.pl,t1,no,65.78,no,corr,None,None,None,None
1420,exp_acyclic_indvary1_step5_batch_yyy02.pl,q1,no,65.8,no,corr,None,None,None,None
1421,exp_acyclic_indvary1_step5_batch_yyy03.pl,s3,no,36.9,no,corr,None,None,None,None
1422,exp_acyclic_indvary1_step5_batch_yyy03.pl,z5,no,38.37,no,corr,None,None,None,None
1423,exp_acyclic_indvary1_step5_batch_yyy03.pl,p4,no,37.59,no,corr,None,None,None,None
1424,exp_acyclic_indvary1_step5_batch_yyy03.pl,e5,no,37.8,no,corr,None,None,None,None
1425,exp_acyclic_indvary1_step5_batch_yyy03.pl,t3,yes,36.72,yes,corr,None,None,None,None
1426,exp_acyclic_indvary1_step5_batch_yyy03.pl,e4,no,36.36,no,corr,None,None,None,None
1427,exp_acyclic_indvary1_step5_batch_yyy03.pl,x1,no,37.64,no,corr,None,None,None,None
1428,exp_acyclic_indvary1_step5_batch_yyy03.pl,b6,no,37.39,no,corr,None,None,None,None
1429,exp_acyclic_indvary1_step5_batch_yyy03.pl,s4,yes,36.48,yes,corr,None,None,None,None
1430,exp_acyclic_indvary1_step5_batch_yyy03.pl,b3,no,37.0,no,corr,None,None,None,None
1431,exp_acyclic_indvary1_step5_batch_yyy04.pl,e1,yes,35.12,yes,corr,None,None,None,None
1432,exp_acyclic_indvary1_step5_batch_yyy04.pl,p4,yes,35.62,yes,corr,None,None,None,None
1433,exp_acyclic_indvary1_step5_batch_yyy04.pl,f1,no,47.53,no,corr,None,None,None,None
1434,exp_acyclic_indvary1_step5_batch_yyy04.pl,q4,yes,55.85,yes,corr,None,None,None,None
1435,exp_acyclic_indvary1_step5_batch_yyy04.pl,r5,no,35.37,no,corr,None,None,None,None
1436,exp_acyclic_indvary1_step5_batch_yyy04.pl,x5,no,35.36,no,corr,None,None,None,None
1437,exp_acyclic_indvary1_step5_batch_yyy04.pl,a3,no,36.68,no,corr,None,None,None,None
1438,exp_acyclic_indvary1_step5_batch_yyy04.pl,y2,no,48.14,no,corr,None,None,None,None
1439,exp_acyclic_indvary1_step5_batch_yyy04.pl,a1,no,35.93,no,corr,None,None,None,None
1440,exp_acyclic_indvary1_step5_batch_yyy04.pl,p1,no,35.61,no,corr,None,None,None,None
1441,exp_acyclic_indvary1_step5_batch_yyy05.pl,t5,no,52.92,no,corr,None,None,None,None
1442,exp_acyclic_indvary1_step5_batch_yyy05.pl,e1,yes,54.35,yes,corr,None,None,None,None
1443,exp_acyclic_indvary1_step5_batch_yyy05.pl,z1,no,52.19,no,corr,None,None,None,None
1444,exp_acyclic_indvary1_step5_batch_yyy05.pl,f5,no,51.69,no,corr,None,None,None,None
1445,exp_acyclic_indvary1_step5_batch_yyy05.pl,c1,yes,55.37,yes,corr,None,None,None,None
1446,exp_acyclic_indvary1_step5_batch_yyy05.pl,u3,yes,55.61,yes,corr,None,None,None,None
1447,exp_acyclic_indvary1_step5_batch_yyy05.pl,r2,no,51.66,no,corr,None,None,None,None
1448,exp_acyclic_indvary1_step5_batch_yyy05.pl,w3,no,51.8,no,corr,None,None,None,None
1449,exp_acyclic_indvary1_step5_batch_yyy05.pl,p4,yes,55.13,yes,corr,None,None,None,None
1450,exp_acyclic_indvary1_step5_batch_yyy05.pl,x3,no,53.4,no,corr,None,None,None,None
1451,exp_acyclic_indvary1_step5_batch_yyy06.pl,d3,no,36.19,no,corr,None,None,None,None
1452,exp_acyclic_indvary1_step5_batch_yyy06.pl,v1,yes,37.17,yes,corr,None,None,None,None
1453,exp_acyclic_indvary1_step5_batch_yyy06.pl,s1,no,42.89,no,corr,None,None,None,None
1454,exp_acyclic_indvary1_step5_batch_yyy06.pl,p2,yes,55.18,yes,corr,None,None,None,None
1455,exp_acyclic_indvary1_step5_batch_yyy06.pl,x4,yes,36.02,yes,corr,None,None,None,None
1456,exp_acyclic_indvary1_step5_batch_yyy06.pl,t5,no,35.61,no,corr,None,None,None,None
1457,exp_acyclic_indvary1_step5_batch_yyy06.pl,s3,yes,36.4,yes,corr,None,None,None,None
1458,exp_acyclic_indvary1_step5_batch_yyy06.pl,c4,no,36.13,no,corr,None,None,None,None
1459,exp_acyclic_indvary1_step5_batch_yyy06.pl,e3,no,35.84,no,corr,None,None,None,None
1460,exp_acyclic_indvary1_step5_batch_yyy06.pl,r4,no,93.28,no,corr,None,None,None,None
1461,exp_acyclic_indvary1_step5_batch_yyy07.pl,b2,yes,60.03,yes,corr,None,None,None,None
1462,exp_acyclic_indvary1_step5_batch_yyy07.pl,p4,no,60.12,no,corr,None,None,None,None
1463,exp_acyclic_indvary1_step5_batch_yyy07.pl,w5,no,44.95,no,corr,None,None,None,None
1464,exp_acyclic_indvary1_step5_batch_yyy07.pl,b1,yes,62.48,yes,corr,None,None,None,None
1465,exp_acyclic_indvary1_step5_batch_yyy07.pl,e3,no,45.37,no,corr,None,None,None,None
1466,exp_acyclic_indvary1_step5_batch_yyy07.pl,s1,no,58.14,no,corr,None,None,None,None
1467,exp_acyclic_indvary1_step5_batch_yyy07.pl,q3,no,45.22,no,corr,None,None,None,None
1468,exp_acyclic_indvary1_step5_batch_yyy07.pl,p1,yes,46.13,yes,corr,None,None,None,None
1469,exp_acyclic_indvary1_step5_batch_yyy07.pl,v1,no,44.92,no,corr,None,None,None,None
1470,exp_acyclic_indvary1_step5_batch_yyy07.pl,w1,yes,44.38,yes,corr,None,None,None,None
1471,exp_acyclic_indvary1_step5_batch_yyy08.pl,d4,no,46.68,no,corr,None,None,None,None
1472,exp_acyclic_indvary1_step5_batch_yyy08.pl,u1,no,47.93,no,corr,None,None,None,None
1473,exp_acyclic_indvary1_step5_batch_yyy08.pl,v5,no,48.32,no,corr,None,None,None,None
1474,exp_acyclic_indvary1_step5_batch_yyy08.pl,a4,no,47.54,no,corr,None,None,None,None
1475,exp_acyclic_indvary1_step5_batch_yyy08.pl,r5,no,47.58,no,corr,None,None,None,None
1476,exp_acyclic_indvary1_step5_batch_yyy08.pl,f3,no,48.89,no,corr,None,None,None,None
1477,exp_acyclic_indvary1_step5_batch_yyy08.pl,c6,no,48.12,no,corr,None,None,None,None
1478,exp_acyclic_indvary1_step5_batch_yyy08.pl,e3,no,47.48,no,corr,None,None,None,None
1479,exp_acyclic_indvary1_step5_batch_yyy08.pl,y2,no,47.67,no,corr,None,None,None,None
1480,exp_acyclic_indvary1_step5_batch_yyy08.pl,x1,yes,49.98,yes,corr,None,None,None,None
1481,exp_acyclic_indvary1_step5_batch_yyy09.pl,c4,no,52.07,no,corr,None,None,None,None
1482,exp_acyclic_indvary1_step5_batch_yyy09.pl,b2,yes,54.85,yes,corr,None,None,None,None
1483,exp_acyclic_indvary1_step5_batch_yyy09.pl,w5,no,53.3,no,corr,None,None,None,None
1484,exp_acyclic_indvary1_step5_batch_yyy09.pl,a5,no,53.22,no,corr,None,None,None,None
1485,exp_acyclic_indvary1_step5_batch_yyy09.pl,x2,no,52.32,no,corr,None,None,None,None
1486,exp_acyclic_indvary1_step5_batch_yyy09.pl,r5,no,53.44,no,corr,None,None,None,None
1487,exp_acyclic_indvary1_step5_batch_yyy09.pl,w1,yes,53.14,yes,corr,None,None,None,None
1488,exp_acyclic_indvary1_step5_batch_yyy09.pl,c1,no,53.17,no,corr,None,None,None,None
1489,exp_acyclic_indvary1_step5_batch_yyy09.pl,d2,no,51.62,no,corr,None,None,None,None
1490,exp_acyclic_indvary1_step5_batch_yyy09.pl,y2,yes,56.07,yes,corr,None,None,None,None
1491,exp_acyclic_indvary1_step5_batch_yyy10.pl,b3,no,65.12,no,corr,None,None,None,None
1492,exp_acyclic_indvary1_step5_batch_yyy10.pl,u4,yes,68.74,yes,corr,None,None,None,None
1493,exp_acyclic_indvary1_step5_batch_yyy10.pl,a5,no,66.03,no,corr,None,None,None,None
1494,exp_acyclic_indvary1_step5_batch_yyy10.pl,w1,no,65.72,no,corr,None,None,None,None
1495,exp_acyclic_indvary1_step5_batch_yyy10.pl,y1,yes,68.59,yes,corr,None,None,None,None
1496,exp_acyclic_indvary1_step5_batch_yyy10.pl,a3,yes,69.18,yes,corr,None,None,None,None
1497,exp_acyclic_indvary1_step5_batch_yyy10.pl,t1,yes,64.67,yes,corr,None,None,None,None
1498,exp_acyclic_indvary1_step5_batch_yyy10.pl,q2,no,65.76,no,corr,None,None,None,None
1499,exp_acyclic_indvary1_step5_batch_yyy10.pl,e3,no,65.96,no,corr,None,None,None,None
1500,exp_acyclic_indvary1_step5_batch_yyy10.pl,r4,no,65.06,no,corr,None,None,None,None
1501,exp_acyclic_indvary1_step6_batch_yyy01.pl,d5,no,49.54,no,corr,None,None,None,None
1502,exp_acyclic_indvary1_step6_batch_yyy01.pl,v2,no,47.88,no,corr,None,None,None,None
1503,exp_acyclic_indvary1_step6_batch_yyy01.pl,f1,no,47.63,no,corr,None,None,None,None
1504,exp_acyclic_indvary1_step6_batch_yyy01.pl,t3,no,48.19,no,corr,None,None,None,None
1505,exp_acyclic_indvary1_step6_batch_yyy01.pl,s2,no,48.41,no,corr,None,None,None,None
1506,exp_acyclic_indvary1_step6_batch_yyy01.pl,f3,no,48.09,no,corr,None,None,None,None
1507,exp_acyclic_indvary1_step6_batch_yyy01.pl,x5,no,48.3,no,corr,None,None,None,None
1508,exp_acyclic_indvary1_step6_batch_yyy01.pl,f4,no,48.34,no,corr,None,None,None,None
1509,exp_acyclic_indvary1_step6_batch_yyy01.pl,y2,no,48.33,no,corr,None,None,None,None
1510,exp_acyclic_indvary1_step6_batch_yyy01.pl,x4,yes,51.41,yes,corr,None,None,None,None
1511,exp_acyclic_indvary1_step6_batch_yyy02.pl,y4,no,44.98,no,corr,None,None,None,None
1512,exp_acyclic_indvary1_step6_batch_yyy02.pl,e5,no,44.91,no,corr,None,None,None,None
1513,exp_acyclic_indvary1_step6_batch_yyy02.pl,v5,no,62.78,no,corr,None,None,None,None
1514,exp_acyclic_indvary1_step6_batch_yyy02.pl,b1,yes,45.55,yes,corr,None,None,None,None
1515,exp_acyclic_indvary1_step6_batch_yyy02.pl,f5,no,45.86,no,corr,None,None,None,None
1516,exp_acyclic_indvary1_step6_batch_yyy02.pl,f3,no,45.19,no,corr,None,None,None,None
1517,exp_acyclic_indvary1_step6_batch_yyy02.pl,b5,no,45.94,no,corr,None,None,None,None
1518,exp_acyclic_indvary1_step6_batch_yyy02.pl,e3,no,49.73,no,corr,None,None,None,None
1519,exp_acyclic_indvary1_step6_batch_yyy02.pl,x4,no,51.1,no,corr,None,None,None,None
1520,exp_acyclic_indvary1_step6_batch_yyy02.pl,f2,no,56.96,no,corr,None,None,None,None
1521,exp_acyclic_indvary1_step6_batch_yyy03.pl,v2,no,54.95,no,corr,None,None,None,None
1522,exp_acyclic_indvary1_step6_batch_yyy03.pl,p5,no,54.83,no,corr,None,None,None,None
1523,exp_acyclic_indvary1_step6_batch_yyy03.pl,a5,no,53.76,no,corr,None,None,None,None
1524,exp_acyclic_indvary1_step6_batch_yyy03.pl,r5,no,54.28,no,corr,None,None,None,None
1525,exp_acyclic_indvary1_step6_batch_yyy03.pl,v1,no,55.29,no,corr,None,None,None,None
1526,exp_acyclic_indvary1_step6_batch_yyy03.pl,r4,no,53.96,no,corr,None,None,None,None
1527,exp_acyclic_indvary1_step6_batch_yyy03.pl,z3,no,54.96,no,corr,None,None,None,None
1528,exp_acyclic_indvary1_step6_batch_yyy03.pl,x1,no,52.86,no,corr,None,None,None,None
1529,exp_acyclic_indvary1_step6_batch_yyy03.pl,e2,yes,57.11,yes,corr,None,None,None,None
1530,exp_acyclic_indvary1_step6_batch_yyy03.pl,p1,no,53.29,no,corr,None,None,None,None
1531,exp_acyclic_indvary1_step6_batch_yyy04.pl,s3,no,61.84,no,corr,None,None,None,None
1532,exp_acyclic_indvary1_step6_batch_yyy04.pl,b2,yes,63.77,yes,corr,None,None,None,None
1533,exp_acyclic_indvary1_step6_batch_yyy04.pl,e1,no,60.69,no,corr,None,None,None,None
1534,exp_acyclic_indvary1_step6_batch_yyy04.pl,p5,yes,69.54,yes,corr,None,None,None,None
1535,exp_acyclic_indvary1_step6_batch_yyy04.pl,a5,no,61.4,no,corr,None,None,None,None
1536,exp_acyclic_indvary1_step6_batch_yyy04.pl,x2,no,62.37,no,corr,None,None,None,None
1537,exp_acyclic_indvary1_step6_batch_yyy04.pl,v1,no,61.36,no,corr,None,None,None,None
1538,exp_acyclic_indvary1_step6_batch_yyy04.pl,a3,yes,64.47,yes,corr,None,None,None,None
1539,exp_acyclic_indvary1_step6_batch_yyy04.pl,d1,yes,63.03,yes,corr,None,None,None,None
1540,exp_acyclic_indvary1_step6_batch_yyy04.pl,u2,yes,64.28,yes,corr,None,None,None,None
1541,exp_acyclic_indvary1_step6_batch_yyy05.pl,a6,no,45.2,no,corr,None,None,None,None
1542,exp_acyclic_indvary1_step6_batch_yyy05.pl,p5,no,44.81,no,corr,None,None,None,None
1543,exp_acyclic_indvary1_step6_batch_yyy05.pl,z4,no,44.59,no,corr,None,None,None,None
1544,exp_acyclic_indvary1_step6_batch_yyy05.pl,z2,no,77.72,no,corr,None,None,None,None
1545,exp_acyclic_indvary1_step6_batch_yyy05.pl,r4,no,44.91,no,corr,None,None,None,None
1546,exp_acyclic_indvary1_step6_batch_yyy05.pl,t4,yes,60.74,yes,corr,None,None,None,None
1547,exp_acyclic_indvary1_step6_batch_yyy05.pl,s3,no,44.89,no,corr,None,None,None,None
1548,exp_acyclic_indvary1_step6_batch_yyy05.pl,c4,no,44.22,no,corr,None,None,None,None
1549,exp_acyclic_indvary1_step6_batch_yyy05.pl,f4,no,44.22,no,corr,None,None,None,None
1550,exp_acyclic_indvary1_step6_batch_yyy05.pl,z3,no,43.69,no,corr,None,None,None,None
1551,exp_acyclic_indvary1_step6_batch_yyy06.pl,t5,yes,55.35,yes,corr,None,None,None,None
1552,exp_acyclic_indvary1_step6_batch_yyy06.pl,w2,yes,54.92,yes,corr,None,None,None,None
1553,exp_acyclic_indvary1_step6_batch_yyy06.pl,t3,no,54.58,no,corr,None,None,None,None
1554,exp_acyclic_indvary1_step6_batch_yyy06.pl,e4,no,54.87,no,corr,None,None,None,None
1555,exp_acyclic_indvary1_step6_batch_yyy06.pl,v1,no,54.39,no,corr,None,None,None,None
1556,exp_acyclic_indvary1_step6_batch_yyy06.pl,b5,no,54.16,no,corr,None,None,None,None
1557,exp_acyclic_indvary1_step6_batch_yyy06.pl,v4,no,53.75,no,corr,None,None,None,None
1558,exp_acyclic_indvary1_step6_batch_yyy06.pl,e3,no,54.88,no,corr,None,None,None,None
1559,exp_acyclic_indvary1_step6_batch_yyy06.pl,d1,yes,55.57,yes,corr,None,None,None,None
1560,exp_acyclic_indvary1_step6_batch_yyy06.pl,u2,no,57.25,no,corr,None,None,None,None
1561,exp_acyclic_indvary1_step6_batch_yyy07.pl,t5,no,66.35,no,corr,None,None,None,None
1562,exp_acyclic_indvary1_step6_batch_yyy07.pl,x3,no,67.11,no,corr,None,None,None,None
1563,exp_acyclic_indvary1_step6_batch_yyy07.pl,f1,yes,61.96,yes,corr,None,None,None,None
1564,exp_acyclic_indvary1_step6_batch_yyy07.pl,z4,no,60.71,no,corr,None,None,None,None
1565,exp_acyclic_indvary1_step6_batch_yyy07.pl,u3,no,63.88,no,corr,None,None,None,None
1566,exp_acyclic_indvary1_step6_batch_yyy07.pl,r2,no,65.23,no,corr,None,None,None,None
1567,exp_acyclic_indvary1_step6_batch_yyy07.pl,t1,no,66.88,no,corr,None,None,None,None
1568,exp_acyclic_indvary1_step6_batch_yyy07.pl,y5,no,69.94,no,corr,None,None,None,None
1569,exp_acyclic_indvary1_step6_batch_yyy07.pl,a2,yes,67.1,yes,corr,None,None,None,None
1570,exp_acyclic_indvary1_step6_batch_yyy07.pl,w3,no,87.94,no,corr,None,None,None,None
1571,exp_acyclic_indvary1_step6_batch_yyy08.pl,w5,yes,58.44,yes,corr,None,None,None,None
1572,exp_acyclic_indvary1_step6_batch_yyy08.pl,q5,yes,61.39,yes,corr,None,None,None,None
1573,exp_acyclic_indvary1_step6_batch_yyy08.pl,z4,no,61.33,no,corr,None,None,None,None
1574,exp_acyclic_indvary1_step6_batch_yyy08.pl,p3,yes,65.18,yes,corr,None,None,None,None
1575,exp_acyclic_indvary1_step6_batch_yyy08.pl,b5,no,62.24,no,corr,None,None,None,None
1576,exp_acyclic_indvary1_step6_batch_yyy08.pl,q2,yes,64.48,yes,corr,None,None,None,None
1577,exp_acyclic_indvary1_step6_batch_yyy08.pl,s4,no,61.88,no,corr,None,None,None,None
1578,exp_acyclic_indvary1_step6_batch_yyy08.pl,b3,yes,64.61,yes,corr,None,None,None,None
1579,exp_acyclic_indvary1_step6_batch_yyy08.pl,u3,no,60.79,no,corr,None,None,None,None
1580,exp_acyclic_indvary1_step6_batch_yyy08.pl,r4,no,63.75,no,corr,None,None,None,None
1581,exp_acyclic_indvary1_step6_batch_yyy09.pl,s4,yes,58.7,yes,corr,None,None,None,None
1582,exp_acyclic_indvary1_step6_batch_yyy09.pl,p4,no,57.9,no,corr,None,None,None,None
1583,exp_acyclic_indvary1_step6_batch_yyy09.pl,a4,no,58.64,no,corr,None,None,None,None
1584,exp_acyclic_indvary1_step6_batch_yyy09.pl,v1,yes,58.87,yes,corr,None,None,None,None
1585,exp_acyclic_indvary1_step6_batch_yyy09.pl,t2,no,58.35,no,corr,None,None,None,None
1586,exp_acyclic_indvary1_step6_batch_yyy09.pl,q2,no,59.74,no,corr,None,None,None,None
1587,exp_acyclic_indvary1_step6_batch_yyy09.pl,y1,no,83.31,no,corr,None,None,None,None
1588,exp_acyclic_indvary1_step6_batch_yyy09.pl,r1,no,57.96,no,corr,None,None,None,None
1589,exp_acyclic_indvary1_step6_batch_yyy09.pl,d1,yes,57.49,yes,corr,None,None,None,None
1590,exp_acyclic_indvary1_step6_batch_yyy09.pl,u2,no,58.29,no,corr,None,None,None,None
1591,exp_acyclic_indvary1_step6_batch_yyy10.pl,d5,no,54.36,no,corr,None,None,None,None
1592,exp_acyclic_indvary1_step6_batch_yyy10.pl,v5,yes,70.65,yes,corr,None,None,None,None
1593,exp_acyclic_indvary1_step6_batch_yyy10.pl,p3,no,55.15,no,corr,None,None,None,None
1594,exp_acyclic_indvary1_step6_batch_yyy10.pl,z2,no,54.95,no,corr,None,None,None,None
1595,exp_acyclic_indvary1_step6_batch_yyy10.pl,r3,no,54.28,no,corr,None,None,None,None
1596,exp_acyclic_indvary1_step6_batch_yyy10.pl,y5,no,54.02,no,corr,None,None,None,None
1597,exp_acyclic_indvary1_step6_batch_yyy10.pl,a2,yes,72.06,yes,corr,None,None,None,None
1598,exp_acyclic_indvary1_step6_batch_yyy10.pl,u3,no,53.9,no,corr,None,None,None,None
1599,exp_acyclic_indvary1_step6_batch_yyy10.pl,v4,no,53.41,no,corr,None,None,None,None
1600,exp_acyclic_indvary1_step6_batch_yyy10.pl,r4,yes,52.69,yes,corr,None,None,None,None
1601,exp_acyclic_indvary1_step7_batch_yyy01.pl,c4,no,36.88,no,corr,None,None,None,None
1602,exp_acyclic_indvary1_step7_batch_yyy01.pl,u1,no,38.0,no,corr,None,None,None,None
1603,exp_acyclic_indvary1_step7_batch_yyy01.pl,a5,no,37.8,no,corr,None,None,None,None
1604,exp_acyclic_indvary1_step7_batch_yyy01.pl,q4,no,37.98,no,corr,None,None,None,None
1605,exp_acyclic_indvary1_step7_batch_yyy01.pl,w4,no,88.11,no,corr,None,None,None,None
1606,exp_acyclic_indvary1_step7_batch_yyy01.pl,b5,no,37.93,no,corr,None,None,None,None
1607,exp_acyclic_indvary1_step7_batch_yyy01.pl,p2,no,37.85,no,corr,None,None,None,None
1608,exp_acyclic_indvary1_step7_batch_yyy01.pl,p1,no,37.87,no,corr,None,None,None,None
1609,exp_acyclic_indvary1_step7_batch_yyy01.pl,a2,yes,37.97,yes,corr,None,None,None,None
1610,exp_acyclic_indvary1_step7_batch_yyy01.pl,f2,no,49.7,no,corr,None,None,None,None
1611,exp_acyclic_indvary1_step7_batch_yyy02.pl,u6,no,64.21,no,corr,None,None,None,None
1612,exp_acyclic_indvary1_step7_batch_yyy02.pl,d4,no,64.63,no,corr,None,None,None,None
1613,exp_acyclic_indvary1_step7_batch_yyy02.pl,u1,no,64.56,no,corr,None,None,None,None
1614,exp_acyclic_indvary1_step7_batch_yyy02.pl,p1,no,120.84,no,corr,None,None,None,None
1615,exp_acyclic_indvary1_step7_batch_yyy02.pl,x4,no,63.8,no,corr,None,None,None,None
1616,exp_acyclic_indvary1_step7_batch_yyy02.pl,p6,no,64.4,no,corr,None,None,None,None
1617,exp_acyclic_indvary1_step7_batch_yyy02.pl,a6,no,65.1,no,corr,None,None,None,None
1618,exp_acyclic_indvary1_step7_batch_yyy02.pl,s4,no,63.89,no,corr,None,None,None,None
1619,exp_acyclic_indvary1_step7_batch_yyy02.pl,w4,no,64.15,no,corr,None,None,None,None
1620,exp_acyclic_indvary1_step7_batch_yyy02.pl,f3,no,64.72,no,corr,None,None,None,None
1621,exp_acyclic_indvary1_step7_batch_yyy03.pl,t4,no,72.25,no,corr,None,None,None,None
1622,exp_acyclic_indvary1_step7_batch_yyy03.pl,p5,no,70.8,no,corr,None,None,None,None
1623,exp_acyclic_indvary1_step7_batch_yyy03.pl,w6,no,69.69,no,corr,None,None,None,None
1624,exp_acyclic_indvary1_step7_batch_yyy03.pl,s6,no,71.46,no,corr,None,None,None,None
1625,exp_acyclic_indvary1_step7_batch_yyy03.pl,r1,no,71.22,no,corr,None,None,None,None
1626,exp_acyclic_indvary1_step7_batch_yyy03.pl,v3,yes,75.56,yes,corr,None,None,None,None
1627,exp_acyclic_indvary1_step7_batch_yyy03.pl,z5,no,72.13,no,corr,None,None,None,None
1628,exp_acyclic_indvary1_step7_batch_yyy03.pl,v2,no,71.63,no,corr,None,None,None,None
1629,exp_acyclic_indvary1_step7_batch_yyy03.pl,t6,no,72.06,no,corr,None,None,None,None
1630,exp_acyclic_indvary1_step7_batch_yyy03.pl,a5,no,71.3,no,corr,None,None,None,None
1631,exp_acyclic_indvary1_step7_batch_yyy04.pl,d4,no,41.09,no,corr,None,None,None,None
1632,exp_acyclic_indvary1_step7_batch_yyy04.pl,f1,yes,41.48,yes,corr,None,None,None,None
1633,exp_acyclic_indvary1_step7_batch_yyy04.pl,w5,no,41.1,no,corr,None,None,None,None
1634,exp_acyclic_indvary1_step7_batch_yyy04.pl,z1,no,41.47,no,corr,None,None,None,None
1635,exp_acyclic_indvary1_step7_batch_yyy04.pl,x2,no,41.6,no,corr,None,None,None,None
1636,exp_acyclic_indvary1_step7_batch_yyy04.pl,f3,no,40.9,no,corr,None,None,None,None
1637,exp_acyclic_indvary1_step7_batch_yyy04.pl,r1,no,41.15,no,corr,None,None,None,None
1638,exp_acyclic_indvary1_step7_batch_yyy04.pl,a3,no,86.91,no,corr,None,None,None,None
1639,exp_acyclic_indvary1_step7_batch_yyy04.pl,b6,no,42.23,no,corr,None,None,None,None
1640,exp_acyclic_indvary1_step7_batch_yyy04.pl,p6,yes,41.08,yes,corr,None,None,None,None
1641,exp_acyclic_indvary1_step7_batch_yyy05.pl,d4,no,59.15,no,corr,None,None,None,None
1642,exp_acyclic_indvary1_step7_batch_yyy05.pl,y3,no,61.57,no,corr,None,None,None,None
1643,exp_acyclic_indvary1_step7_batch_yyy05.pl,s6,no,60.14,no,corr,None,None,None,None
1644,exp_acyclic_indvary1_step7_batch_yyy05.pl,u3,no,59.76,no,corr,None,None,None,None
1645,exp_acyclic_indvary1_step7_batch_yyy05.pl,f4,no,60.87,no,corr,None,None,None,None
1646,exp_acyclic_indvary1_step7_batch_yyy05.pl,e2,no,75.98,no,corr,None,None,None,None
1647,exp_acyclic_indvary1_step7_batch_yyy05.pl,w3,no,59.61,no,corr,None,None,None,None
1648,exp_acyclic_indvary1_step7_batch_yyy05.pl,q2,no,58.94,no,corr,None,None,None,None
1649,exp_acyclic_indvary1_step7_batch_yyy05.pl,c5,no,60.66,no,corr,None,None,None,None
1650,exp_acyclic_indvary1_step7_batch_yyy05.pl,a5,no,60.43,no,corr,None,None,None,None
1651,exp_acyclic_indvary1_step7_batch_yyy06.pl,d5,no,59.83,no,corr,None,None,None,None
1652,exp_acyclic_indvary1_step7_batch_yyy06.pl,t4,no,59.99,no,corr,None,None,None,None
1653,exp_acyclic_indvary1_step7_batch_yyy06.pl,e1,no,60.68,no,corr,None,None,None,None
1654,exp_acyclic_indvary1_step7_batch_yyy06.pl,x3,no,59.7,no,corr,None,None,None,None
1655,exp_acyclic_indvary1_step7_batch_yyy06.pl,u4,no,59.73,no,corr,None,None,None,None
1656,exp_acyclic_indvary1_step7_batch_yyy06.pl,r1,no,60.89,no,corr,None,None,None,None
1657,exp_acyclic_indvary1_step7_batch_yyy06.pl,b6,no,59.83,no,corr,None,None,None,None
1658,exp_acyclic_indvary1_step7_batch_yyy06.pl,v3,yes,59.4,yes,corr,None,None,None,None
1659,exp_acyclic_indvary1_step7_batch_yyy06.pl,y6,no,61.12,no,corr,None,None,None,None
1660,exp_acyclic_indvary1_step7_batch_yyy06.pl,x4,no,60.35,no,corr,None,None,None,None
1661,exp_acyclic_indvary1_step7_batch_yyy07.pl,p4,no,46.41,no,corr,None,None,None,None
1662,exp_acyclic_indvary1_step7_batch_yyy07.pl,z1,no,46.17,no,corr,None,None,None,None
1663,exp_acyclic_indvary1_step7_batch_yyy07.pl,z4,yes,46.88,yes,corr,None,None,None,None
1664,exp_acyclic_indvary1_step7_batch_yyy07.pl,p2,no,46.8,no,corr,None,None,None,None
1665,exp_acyclic_indvary1_step7_batch_yyy07.pl,y2,no,47.65,no,corr,None,None,None,None
1666,exp_acyclic_indvary1_step7_batch_yyy07.pl,b5,no,47.75,no,corr,None,None,None,None
1667,exp_acyclic_indvary1_step7_batch_yyy07.pl,z2,no,47.81,no,corr,None,None,None,None
1668,exp_acyclic_indvary1_step7_batch_yyy07.pl,s6,no,46.65,no,corr,None,None,None,None
1669,exp_acyclic_indvary1_step7_batch_yyy07.pl,v4,no,46.68,no,corr,None,None,None,None
1670,exp_acyclic_indvary1_step7_batch_yyy07.pl,r4,no,46.28,no,corr,None,None,None,None
1671,exp_acyclic_indvary1_step7_batch_yyy08.pl,c4,no,42.35,no,corr,None,None,None,None
1672,exp_acyclic_indvary1_step7_batch_yyy08.pl,y4,no,41.83,no,corr,None,None,None,None
1673,exp_acyclic_indvary1_step7_batch_yyy08.pl,w5,no,42.24,no,corr,None,None,None,None
1674,exp_acyclic_indvary1_step7_batch_yyy08.pl,q5,no,41.58,no,corr,None,None,None,None
1675,exp_acyclic_indvary1_step7_batch_yyy08.pl,a5,no,40.94,no,corr,None,None,None,None
1676,exp_acyclic_indvary1_step7_batch_yyy08.pl,p3,no,42.19,no,corr,None,None,None,None
1677,exp_acyclic_indvary1_step7_batch_yyy08.pl,c1,no,42.28,no,corr,None,None,None,None
1678,exp_acyclic_indvary1_step7_batch_yyy08.pl,a3,yes,58.47,yes,corr,None,None,None,None
1679,exp_acyclic_indvary1_step7_batch_yyy08.pl,y5,no,41.46,no,corr,None,None,None,None
1680,exp_acyclic_indvary1_step7_batch_yyy08.pl,y6,no,61.74,no,corr,None,None,None,None
1681,exp_acyclic_indvary1_step7_batch_yyy09.pl,e1,no,68.54,no,corr,None,None,None,None
1682,exp_acyclic_indvary1_step7_batch_yyy09.pl,p2,no,68.38,no,corr,None,None,None,None
1683,exp_acyclic_indvary1_step7_batch_yyy09.pl,a1,yes,73.54,yes,corr,None,None,None,None
1684,exp_acyclic_indvary1_step7_batch_yyy09.pl,q2,yes,71.55,yes,corr,None,None,None,None
1685,exp_acyclic_indvary1_step7_batch_yyy09.pl,s2,no,67.22,no,corr,None,None,None,None
1686,exp_acyclic_indvary1_step7_batch_yyy09.pl,z1,no,66.93,no,corr,None,None,None,None
1687,exp_acyclic_indvary1_step7_batch_yyy09.pl,f4,no,68.19,no,corr,None,None,None,None
1688,exp_acyclic_indvary1_step7_batch_yyy09.pl,a3,yes,71.52,yes,corr,None,None,None,None
1689,exp_acyclic_indvary1_step7_batch_yyy09.pl,r3,yes,71.21,yes,corr,None,None,None,None
1690,exp_acyclic_indvary1_step7_batch_yyy09.pl,t1,no,67.86,no,corr,None,None,None,None
1691,exp_acyclic_indvary1_step7_batch_yyy10.pl,e5,no,60.29,no,corr,None,None,None,None
1692,exp_acyclic_indvary1_step7_batch_yyy10.pl,c2,yes,63.46,yes,corr,None,None,None,None
1693,exp_acyclic_indvary1_step7_batch_yyy10.pl,v1,no,60.82,no,corr,None,None,None,None
1694,exp_acyclic_indvary1_step7_batch_yyy10.pl,r2,no,60.88,no,corr,None,None,None,None
1695,exp_acyclic_indvary1_step7_batch_yyy10.pl,y5,no,60.19,no,corr,None,None,None,None
1696,exp_acyclic_indvary1_step7_batch_yyy10.pl,q2,no,64.56,no,corr,None,None,None,None
1697,exp_acyclic_indvary1_step7_batch_yyy10.pl,a4,no,59.86,no,corr,None,None,None,None
1698,exp_acyclic_indvary1_step7_batch_yyy10.pl,f5,no,60.17,no,corr,None,None,None,None
1699,exp_acyclic_indvary1_step7_batch_yyy10.pl,y1,yes,63.3,yes,corr,None,None,None,None
1700,exp_acyclic_indvary1_step7_batch_yyy10.pl,s1,no,59.22,no,corr,None,None,None,None
1701,exp_acyclic_indvary1_step8_batch_yyy01.pl,u5,no,33.37,no,corr,None,None,None,None
1702,exp_acyclic_indvary1_step8_batch_yyy01.pl,b3,yes,33.7,yes,corr,None,None,None,None
1703,exp_acyclic_indvary1_step8_batch_yyy01.pl,z2,no,33.44,no,corr,None,None,None,None
1704,exp_acyclic_indvary1_step8_batch_yyy01.pl,y6,no,33.32,no,corr,None,None,None,None
1705,exp_acyclic_indvary1_step8_batch_yyy01.pl,a2,yes,33.73,yes,corr,None,None,None,None
1706,exp_acyclic_indvary1_step8_batch_yyy01.pl,z1,yes,33.55,yes,corr,None,None,None,None
1707,exp_acyclic_indvary1_step8_batch_yyy01.pl,t6,no,33.82,no,corr,None,None,None,None
1708,exp_acyclic_indvary1_step8_batch_yyy01.pl,d1,yes,33.5,yes,corr,None,None,None,None
1709,exp_acyclic_indvary1_step8_batch_yyy01.pl,u2,no,33.34,no,corr,None,None,None,None
1710,exp_acyclic_indvary1_step8_batch_yyy01.pl,t1,no,33.53,no,corr,None,None,None,None
1711,exp_acyclic_indvary1_step8_batch_yyy02.pl,t4,yes,46.33,yes,corr,None,None,None,None
1712,exp_acyclic_indvary1_step8_batch_yyy02.pl,z5,yes,47.8,yes,corr,None,None,None,None
1713,exp_acyclic_indvary1_step8_batch_yyy02.pl,w2,no,44.65,no,corr,None,None,None,None
1714,exp_acyclic_indvary1_step8_batch_yyy02.pl,s2,yes,45.94,yes,corr,None,None,None,None
1715,exp_acyclic_indvary1_step8_batch_yyy02.pl,v4,yes,48.34,yes,corr,None,None,None,None
1716,exp_acyclic_indvary1_step8_batch_yyy02.pl,z3,no,45.89,no,corr,None,None,None,None
1717,exp_acyclic_indvary1_step8_batch_yyy02.pl,q1,no,45.66,no,corr,None,None,None,None
1718,exp_acyclic_indvary1_step8_batch_yyy02.pl,f2,no,45.45,no,corr,None,None,None,None
1719,exp_acyclic_indvary1_step8_batch_yyy02.pl,s4,no,46.58,no,corr,None,None,None,None
1720,exp_acyclic_indvary1_step8_batch_yyy02.pl,y4,no,46.66,no,corr,None,None,None,None
1721,exp_acyclic_indvary1_step8_batch_yyy03.pl,x7,no,42.6,no,corr,None,None,None,None
1722,exp_acyclic_indvary1_step8_batch_yyy03.pl,a4,no,42.65,no,corr,None,None,None,None
1723,exp_acyclic_indvary1_step8_batch_yyy03.pl,w1,yes,42.68,yes,corr,None,None,None,None
1724,exp_acyclic_indvary1_step8_batch_yyy03.pl,u3,yes,54.19,yes,corr,None,None,None,None
1725,exp_acyclic_indvary1_step8_batch_yyy03.pl,r1,no,42.17,no,corr,None,None,None,None
1726,exp_acyclic_indvary1_step8_batch_yyy03.pl,x4,no,41.71,no,corr,None,None,None,None
1727,exp_acyclic_indvary1_step8_batch_yyy03.pl,f2,yes,41.53,yes,corr,None,None,None,None
1728,exp_acyclic_indvary1_step8_batch_yyy03.pl,c1,yes,42.6,yes,corr,None,None,None,None
1729,exp_acyclic_indvary1_step8_batch_yyy03.pl,s6,no,42.09,no,corr,None,None,None,None
1730,exp_acyclic_indvary1_step8_batch_yyy03.pl,b5,no,44.35,no,corr,None,None,None,None
1731,exp_acyclic_indvary1_step8_batch_yyy04.pl,t5,no,45.84,no,corr,None,None,None,None
1732,exp_acyclic_indvary1_step8_batch_yyy04.pl,f1,yes,46.44,yes,corr,None,None,None,None
1733,exp_acyclic_indvary1_step8_batch_yyy04.pl,t3,no,45.84,no,corr,None,None,None,None
1734,exp_acyclic_indvary1_step8_batch_yyy04.pl,s2,no,46.3,no,corr,None,None,None,None
1735,exp_acyclic_indvary1_step8_batch_yyy04.pl,c6,no,45.95,no,corr,None,None,None,None
1736,exp_acyclic_indvary1_step8_batch_yyy04.pl,y6,no,45.74,no,corr,None,None,None,None
1737,exp_acyclic_indvary1_step8_batch_yyy04.pl,v2,no,59.69,no,corr,None,None,None,None
1738,exp_acyclic_indvary1_step8_batch_yyy04.pl,q6,yes,46.16,yes,corr,None,None,None,None
1739,exp_acyclic_indvary1_step8_batch_yyy04.pl,a4,no,45.81,no,corr,None,None,None,None
1740,exp_acyclic_indvary1_step8_batch_yyy04.pl,w6,no,45.19,no,corr,None,None,None,None
1741,exp_acyclic_indvary1_step8_batch_yyy05.pl,u5,no,41.17,no,corr,None,None,None,None
1742,exp_acyclic_indvary1_step8_batch_yyy05.pl,x2,no,42.47,no,corr,None,None,None,None
1743,exp_acyclic_indvary1_step8_batch_yyy05.pl,x1,no,41.65,no,corr,None,None,None,None
1744,exp_acyclic_indvary1_step8_batch_yyy05.pl,r2,no,41.68,no,corr,None,None,None,None
1745,exp_acyclic_indvary1_step8_batch_yyy05.pl,s4,no,41.77,no,corr,None,None,None,None
1746,exp_acyclic_indvary1_step8_batch_yyy05.pl,w7,yes,41.38,yes,corr,None,None,None,None
1747,exp_acyclic_indvary1_step8_batch_yyy05.pl,z4,no,41.16,no,corr,None,None,None,None
1748,exp_acyclic_indvary1_step8_batch_yyy05.pl,r5,no,41.64,no,corr,None,None,None,None
1749,exp_acyclic_indvary1_step8_batch_yyy05.pl,t7,no,41.88,no,corr,None,None,None,None
1750,exp_acyclic_indvary1_step8_batch_yyy05.pl,c6,no,41.64,no,corr,None,None,None,None
1751,exp_acyclic_indvary1_step8_batch_yyy06.pl,c3,yes,33.35,yes,corr,None,None,None,None
1752,exp_acyclic_indvary1_step8_batch_yyy06.pl,v6,no,33.73,no,corr,None,None,None,None
1753,exp_acyclic_indvary1_step8_batch_yyy06.pl,w5,no,32.99,no,corr,None,None,None,None
1754,exp_acyclic_indvary1_step8_batch_yyy06.pl,x2,yes,33.42,yes,corr,None,None,None,None
1755,exp_acyclic_indvary1_step8_batch_yyy06.pl,x6,no,33.35,no,corr,None,None,None,None
1756,exp_acyclic_indvary1_step8_batch_yyy06.pl,v3,no,34.27,no,corr,None,None,None,None
1757,exp_acyclic_indvary1_step8_batch_yyy06.pl,d1,no,44.2,no,corr,None,None,None,None
1758,exp_acyclic_indvary1_step8_batch_yyy06.pl,q7,no,33.47,no,corr,None,None,None,None
1759,exp_acyclic_indvary1_step8_batch_yyy06.pl,z5,no,33.56,no,corr,None,None,None,None
1760,exp_acyclic_indvary1_step8_batch_yyy06.pl,v2,no,33.14,no,corr,None,None,None,None
1761,exp_acyclic_indvary1_step8_batch_yyy07.pl,p5,no,50.47,no,corr,None,None,None,None
1762,exp_acyclic_indvary1_step8_batch_yyy07.pl,r6,yes,54.39,yes,corr,None,None,None,None
1763,exp_acyclic_indvary1_step8_batch_yyy07.pl,s2,yes,53.94,yes,corr,None,None,None,None
1764,exp_acyclic_indvary1_step8_batch_yyy07.pl,v1,no,50.14,no,corr,None,None,None,None
1765,exp_acyclic_indvary1_step8_batch_yyy07.pl,f3,no,48.98,no,corr,None,None,None,None
1766,exp_acyclic_indvary1_step8_batch_yyy07.pl,e3,no,49.36,no,corr,None,None,None,None
1767,exp_acyclic_indvary1_step8_batch_yyy07.pl,q7,no,48.03,no,corr,None,None,None,None
1768,exp_acyclic_indvary1_step8_batch_yyy07.pl,f2,yes,50.36,yes,corr,None,None,None,None
1769,exp_acyclic_indvary1_step8_batch_yyy07.pl,c3,yes,48.42,yes,corr,None,None,None,None
1770,exp_acyclic_indvary1_step8_batch_yyy07.pl,c4,no,46.72,no,corr,None,None,None,None
1771,exp_acyclic_indvary1_step8_batch_yyy08.pl,e5,no,46.92,no,corr,None,None,None,None
1772,exp_acyclic_indvary1_step8_batch_yyy08.pl,u4,no,47.27,no,corr,None,None,None,None
1773,exp_acyclic_indvary1_step8_batch_yyy08.pl,w5,no,45.86,no,corr,None,None,None,None
1774,exp_acyclic_indvary1_step8_batch_yyy08.pl,c2,yes,49.61,yes,corr,None,None,None,None
1775,exp_acyclic_indvary1_step8_batch_yyy08.pl,q4,no,46.79,no,corr,None,None,None,None
1776,exp_acyclic_indvary1_step8_batch_yyy08.pl,f5,no,47.27,no,corr,None,None,None,None
1777,exp_acyclic_indvary1_step8_batch_yyy08.pl,r4,yes,46.6,yes,corr,None,None,None,None
1778,exp_acyclic_indvary1_step8_batch_yyy08.pl,z3,no,46.3,no,corr,None,None,None,None
1779,exp_acyclic_indvary1_step8_batch_yyy08.pl,y2,no,63.19,no,corr,None,None,None,None
1780,exp_acyclic_indvary1_step8_batch_yyy08.pl,q1,no,47.21,no,corr,None,None,None,None
1781,exp_acyclic_indvary1_step8_batch_yyy09.pl,c4,no,41.04,no,corr,None,None,None,None
1782,exp_acyclic_indvary1_step8_batch_yyy09.pl,s4,no,40.63,no,corr,None,None,None,None
1783,exp_acyclic_indvary1_step8_batch_yyy09.pl,e1,yes,42.54,yes,corr,None,None,None,None
1784,exp_acyclic_indvary1_step8_batch_yyy09.pl,e5,no,41.44,no,corr,None,None,None,None
1785,exp_acyclic_indvary1_step8_batch_yyy09.pl,d3,no,41.29,no,corr,None,None,None,None
1786,exp_acyclic_indvary1_step8_batch_yyy09.pl,a4,no,40.72,no,corr,None,None,None,None
1787,exp_acyclic_indvary1_step8_batch_yyy09.pl,x5,no,41.77,no,corr,None,None,None,None
1788,exp_acyclic_indvary1_step8_batch_yyy09.pl,w3,no,40.5,no,corr,None,None,None,None
1789,exp_acyclic_indvary1_step8_batch_yyy09.pl,s2,no,40.87,no,corr,None,None,None,None
1790,exp_acyclic_indvary1_step8_batch_yyy09.pl,z1,no,64.09,no,corr,None,None,None,None
1791,exp_acyclic_indvary1_step8_batch_yyy10.pl,p4,no,69.82,no,corr,None,None,None,None
1792,exp_acyclic_indvary1_step8_batch_yyy10.pl,b4,no,69.36,no,corr,None,None,None,None
1793,exp_acyclic_indvary1_step8_batch_yyy10.pl,c5,no,69.1,no,corr,None,None,None,None
1794,exp_acyclic_indvary1_step8_batch_yyy10.pl,t2,no,74.3,no,corr,None,None,None,None
1795,exp_acyclic_indvary1_step8_batch_yyy10.pl,u3,yes,70.02,yes,corr,None,None,None,None
1796,exp_acyclic_indvary1_step8_batch_yyy10.pl,r7,no,68.27,no,corr,None,None,None,None
1797,exp_acyclic_indvary1_step8_batch_yyy10.pl,q7,no,69.59,no,corr,None,None,None,None
1798,exp_acyclic_indvary1_step8_batch_yyy10.pl,a2,yes,72.65,yes,corr,None,None,None,None
1799,exp_acyclic_indvary1_step8_batch_yyy10.pl,u5,no,68.49,no,corr,None,None,None,None
1800,exp_acyclic_indvary1_step8_batch_yyy10.pl,d5,no,69.23,no,corr,None,None,None,None
1801,exp_acyclic_indvary2_step1_batch_yyy01.pl,d5,no,70.5,no,corr,None,None,None,None
1802,exp_acyclic_indvary2_step1_batch_yyy01.pl,c4,no,71.09,no,corr,None,None,None,None
1803,exp_acyclic_indvary2_step1_batch_yyy01.pl,t3,no,69.94,no,corr,None,None,None,None
1804,exp_acyclic_indvary2_step1_batch_yyy01.pl,t6,no,69.42,no,corr,None,None,None,None
1805,exp_acyclic_indvary2_step1_batch_yyy01.pl,p1,yes,69.14,yes,corr,None,None,None,None
1806,exp_acyclic_indvary2_step1_batch_yyy01.pl,x4,no,70.24,no,corr,None,None,None,None
1807,exp_acyclic_indvary2_step1_batch_yyy01.pl,p4,no,69.46,no,corr,None,None,None,None
1808,exp_acyclic_indvary2_step1_batch_yyy01.pl,x3,no,70.43,no,corr,None,None,None,None
1809,exp_acyclic_indvary2_step1_batch_yyy01.pl,t2,yes,72.51,yes,corr,None,None,None,None
1810,exp_acyclic_indvary2_step1_batch_yyy01.pl,b5,no,68.72,no,corr,None,None,None,None
1811,exp_acyclic_indvary2_step1_batch_yyy02.pl,d5,no,50.64,no,corr,None,None,None,None
1812,exp_acyclic_indvary2_step1_batch_yyy02.pl,s3,no,51.41,no,corr,None,None,None,None
1813,exp_acyclic_indvary2_step1_batch_yyy02.pl,b3,no,58.73,no,corr,None,None,None,None
1814,exp_acyclic_indvary2_step1_batch_yyy02.pl,p5,no,50.01,no,corr,None,None,None,None
1815,exp_acyclic_indvary2_step1_batch_yyy02.pl,x7,no,50.61,no,corr,None,None,None,None
1816,exp_acyclic_indvary2_step1_batch_yyy02.pl,r4,no,50.22,no,corr,None,None,None,None
1817,exp_acyclic_indvary2_step1_batch_yyy02.pl,z3,no,51.07,no,corr,None,None,None,None
1818,exp_acyclic_indvary2_step1_batch_yyy02.pl,w3,no,50.03,no,corr,None,None,None,None
1819,exp_acyclic_indvary2_step1_batch_yyy02.pl,u2,yes,53.84,yes,corr,None,None,None,None
1820,exp_acyclic_indvary2_step1_batch_yyy02.pl,t1,yes,52.33,yes,corr,None,None,None,None
1821,exp_acyclic_indvary2_step1_batch_yyy03.pl,u6,no,75.8,no,corr,None,None,None,None
1822,exp_acyclic_indvary2_step1_batch_yyy03.pl,t5,no,74.54,no,corr,None,None,None,None
1823,exp_acyclic_indvary2_step1_batch_yyy03.pl,y4,no,76.45,no,corr,None,None,None,None
1824,exp_acyclic_indvary2_step1_batch_yyy03.pl,s5,no,74.87,no,corr,None,None,None,None
1825,exp_acyclic_indvary2_step1_batch_yyy03.pl,c5,no,75.64,no,corr,None,None,None,None
1826,exp_acyclic_indvary2_step1_batch_yyy03.pl,e4,no,75.16,no,corr,None,None,None,None
1827,exp_acyclic_indvary2_step1_batch_yyy03.pl,v4,no,74.66,no,corr,None,None,None,None
1828,exp_acyclic_indvary2_step1_batch_yyy03.pl,v6,no,75.66,no,corr,None,None,None,None
1829,exp_acyclic_indvary2_step1_batch_yyy03.pl,u1,no,75.3,no,corr,None,None,None,None
1830,exp_acyclic_indvary2_step1_batch_yyy03.pl,f1,yes,78.36,yes,corr,None,None,None,None
1831,exp_acyclic_indvary2_step1_batch_yyy04.pl,c3,no,67.02,no,corr,None,None,None,None
1832,exp_acyclic_indvary2_step1_batch_yyy04.pl,q6,no,47.19,no,corr,None,None,None,None
1833,exp_acyclic_indvary2_step1_batch_yyy04.pl,x3,no,47.73,no,corr,None,None,None,None
1834,exp_acyclic_indvary2_step1_batch_yyy04.pl,c5,no,47.14,no,corr,None,None,None,None
1835,exp_acyclic_indvary2_step1_batch_yyy04.pl,q4,no,47.78,no,corr,None,None,None,None
1836,exp_acyclic_indvary2_step1_batch_yyy04.pl,v4,no,47.18,no,corr,None,None,None,None
1837,exp_acyclic_indvary2_step1_batch_yyy04.pl,y2,no,47.43,no,corr,None,None,None,None
1838,exp_acyclic_indvary2_step1_batch_yyy04.pl,r7,no,47.01,no,corr,None,None,None,None
1839,exp_acyclic_indvary2_step1_batch_yyy04.pl,q7,no,46.71,no,corr,None,None,None,None
1840,exp_acyclic_indvary2_step1_batch_yyy04.pl,x4,no,47.39,no,corr,None,None,None,None
1841,exp_acyclic_indvary2_step1_batch_yyy05.pl,s3,no,47.47,no,corr,None,None,None,None
1842,exp_acyclic_indvary2_step1_batch_yyy05.pl,y4,no,46.75,no,corr,None,None,None,None
1843,exp_acyclic_indvary2_step1_batch_yyy05.pl,v2,yes,49.19,yes,corr,None,None,None,None
1844,exp_acyclic_indvary2_step1_batch_yyy05.pl,u7,no,47.05,no,corr,None,None,None,None
1845,exp_acyclic_indvary2_step1_batch_yyy05.pl,x7,no,47.14,no,corr,None,None,None,None
1846,exp_acyclic_indvary2_step1_batch_yyy05.pl,x2,yes,49.7,yes,corr,None,None,None,None
1847,exp_acyclic_indvary2_step1_batch_yyy05.pl,r5,no,47.14,no,corr,None,None,None,None
1848,exp_acyclic_indvary2_step1_batch_yyy05.pl,a2,no,46.39,no,corr,None,None,None,None
1849,exp_acyclic_indvary2_step1_batch_yyy05.pl,s2,no,47.73,no,corr,None,None,None,None
1850,exp_acyclic_indvary2_step1_batch_yyy05.pl,b1,no,49.89,no,corr,None,None,None,None
1851,exp_acyclic_indvary2_step1_batch_yyy06.pl,q5,no,42.41,no,corr,None,None,None,None
1852,exp_acyclic_indvary2_step1_batch_yyy06.pl,c2,yes,58.45,yes,corr,None,None,None,None
1853,exp_acyclic_indvary2_step1_batch_yyy06.pl,y3,no,42.3,no,corr,None,None,None,None
1854,exp_acyclic_indvary2_step1_batch_yyy06.pl,t2,no,59.04,no,corr,None,None,None,None
1855,exp_acyclic_indvary2_step1_batch_yyy06.pl,u3,no,43.25,no,corr,None,None,None,None
1856,exp_acyclic_indvary2_step1_batch_yyy06.pl,s1,yes,42.19,yes,corr,None,None,None,None
1857,exp_acyclic_indvary2_step1_batch_yyy06.pl,z3,no,42.14,no,corr,None,None,None,None
1858,exp_acyclic_indvary2_step1_batch_yyy06.pl,r7,no,42.83,no,corr,None,None,None,None
1859,exp_acyclic_indvary2_step1_batch_yyy06.pl,y4,no,42.52,no,corr,None,None,None,None
1860,exp_acyclic_indvary2_step1_batch_yyy06.pl,v7,no,42.53,no,corr,None,None,None,None
1861,exp_acyclic_indvary2_step1_batch_yyy07.pl,d5,no,63.54,no,corr,None,None,None,None
1862,exp_acyclic_indvary2_step1_batch_yyy07.pl,a6,no,62.06,no,corr,None,None,None,None
1863,exp_acyclic_indvary2_step1_batch_yyy07.pl,e1,yes,66.45,yes,corr,None,None,None,None
1864,exp_acyclic_indvary2_step1_batch_yyy07.pl,c5,no,62.34,no,corr,None,None,None,None
1865,exp_acyclic_indvary2_step1_batch_yyy07.pl,y3,no,61.69,no,corr,None,None,None,None
1866,exp_acyclic_indvary2_step1_batch_yyy07.pl,w4,no,62.87,no,corr,None,None,None,None
1867,exp_acyclic_indvary2_step1_batch_yyy07.pl,q1,no,61.98,no,corr,None,None,None,None
1868,exp_acyclic_indvary2_step1_batch_yyy07.pl,w3,no,61.58,no,corr,None,None,None,None
1869,exp_acyclic_indvary2_step1_batch_yyy07.pl,c3,yes,64.48,yes,corr,None,None,None,None
1870,exp_acyclic_indvary2_step1_batch_yyy07.pl,t4,no,63.15,no,corr,None,None,None,None
1871,exp_acyclic_indvary2_step1_batch_yyy08.pl,w2,no,88.93,no,corr,None,None,None,None
1872,exp_acyclic_indvary2_step1_batch_yyy08.pl,s2,yes,69.5,yes,corr,None,None,None,None
1873,exp_acyclic_indvary2_step1_batch_yyy08.pl,y5,no,67.08,no,corr,None,None,None,None
1874,exp_acyclic_indvary2_step1_batch_yyy08.pl,a6,no,67.23,no,corr,None,None,None,None
1875,exp_acyclic_indvary2_step1_batch_yyy08.pl,b3,yes,69.98,yes,corr,None,None,None,None
1876,exp_acyclic_indvary2_step1_batch_yyy08.pl,y4,no,67.33,no,corr,None,None,None,None
1877,exp_acyclic_indvary2_step1_batch_yyy08.pl,z4,no,67.38,no,corr,None,None,None,None
1878,exp_acyclic_indvary2_step1_batch_yyy08.pl,r5,no,66.29,no,corr,None,None,None,None
1879,exp_acyclic_indvary2_step1_batch_yyy08.pl,r2,yes,71.37,yes,corr,None,None,None,None
1880,exp_acyclic_indvary2_step1_batch_yyy08.pl,a1,yes,70.71,yes,corr,None,None,None,None
1881,exp_acyclic_indvary2_step1_batch_yyy09.pl,z6,no,61.3,no,corr,None,None,None,None
1882,exp_acyclic_indvary2_step1_batch_yyy09.pl,t3,no,61.22,no,corr,None,None,None,None
1883,exp_acyclic_indvary2_step1_batch_yyy09.pl,u5,no,62.43,no,corr,None,None,None,None
1884,exp_acyclic_indvary2_step1_batch_yyy09.pl,d5,no,61.95,no,corr,None,None,None,None
1885,exp_acyclic_indvary2_step1_batch_yyy09.pl,w2,no,61.36,no,corr,None,None,None,None
1886,exp_acyclic_indvary2_step1_batch_yyy09.pl,e5,no,62.09,no,corr,None,None,None,None
1887,exp_acyclic_indvary2_step1_batch_yyy09.pl,b6,no,61.75,no,corr,None,None,None,None
1888,exp_acyclic_indvary2_step1_batch_yyy09.pl,a1,yes,68.09,yes,corr,None,None,None,None
1889,exp_acyclic_indvary2_step1_batch_yyy09.pl,u2,yes,64.37,yes,corr,None,None,None,None
1890,exp_acyclic_indvary2_step1_batch_yyy09.pl,q1,no,61.69,no,corr,None,None,None,None
1891,exp_acyclic_indvary2_step1_batch_yyy10.pl,w7,no,70.74,no,corr,None,None,None,None
1892,exp_acyclic_indvary2_step1_batch_yyy10.pl,f1,yes,74.27,yes,corr,None,None,None,None
1893,exp_acyclic_indvary2_step1_batch_yyy10.pl,d3,no,71.95,no,corr,None,None,None,None
1894,exp_acyclic_indvary2_step1_batch_yyy10.pl,u7,no,71.18,no,corr,None,None,None,None
1895,exp_acyclic_indvary2_step1_batch_yyy10.pl,x2,yes,72.64,yes,corr,None,None,None,None
1896,exp_acyclic_indvary2_step1_batch_yyy10.pl,u3,no,71.26,no,corr,None,None,None,None
1897,exp_acyclic_indvary2_step1_batch_yyy10.pl,r7,no,71.81,no,corr,None,None,None,None
1898,exp_acyclic_indvary2_step1_batch_yyy10.pl,y5,no,70.82,no,corr,None,None,None,None
1899,exp_acyclic_indvary2_step1_batch_yyy10.pl,c1,yes,75.49,yes,corr,None,None,None,None
1900,exp_acyclic_indvary2_step1_batch_yyy10.pl,z2,yes,73.38,yes,corr,None,None,None,None
1901,exp_acyclic_indvary2_step2_batch_yyy01.pl,u6,no,114.14,no,corr,None,None,None,None
1902,exp_acyclic_indvary2_step2_batch_yyy01.pl,t4,no,115.13,no,corr,None,None,None,None
1903,exp_acyclic_indvary2_step2_batch_yyy01.pl,b2,yes,116.24,yes,corr,None,None,None,None
1904,exp_acyclic_indvary2_step2_batch_yyy01.pl,y4,no,115.8,no,corr,None,None,None,None
1905,exp_acyclic_indvary2_step2_batch_yyy01.pl,p3,no,114.15,no,corr,None,None,None,None
1906,exp_acyclic_indvary2_step2_batch_yyy01.pl,f3,no,115.43,no,corr,None,None,None,None
1907,exp_acyclic_indvary2_step2_batch_yyy01.pl,u2,no,114.15,no,corr,None,None,None,None
1908,exp_acyclic_indvary2_step2_batch_yyy01.pl,r2,yes,122.09,yes,corr,None,None,None,None
1909,exp_acyclic_indvary2_step2_batch_yyy01.pl,r7,no,114.25,no,corr,None,None,None,None
1910,exp_acyclic_indvary2_step2_batch_yyy01.pl,a1,yes,116.87,yes,corr,None,None,None,None
1911,exp_acyclic_indvary2_step2_batch_yyy02.pl,v2,yes,111.67,yes,corr,None,None,None,None
1912,exp_acyclic_indvary2_step2_batch_yyy02.pl,x7,no,107.58,no,corr,None,None,None,None
1913,exp_acyclic_indvary2_step2_batch_yyy02.pl,z4,no,108.92,no,corr,None,None,None,None
1914,exp_acyclic_indvary2_step2_batch_yyy02.pl,q1,yes,114.1,yes,corr,None,None,None,None
1915,exp_acyclic_indvary2_step2_batch_yyy02.pl,p4,no,108.29,no,corr,None,None,None,None
1916,exp_acyclic_indvary2_step2_batch_yyy02.pl,x3,no,107.62,no,corr,None,None,None,None
1917,exp_acyclic_indvary2_step2_batch_yyy02.pl,v6,no,107.29,no,corr,None,None,None,None
1918,exp_acyclic_indvary2_step2_batch_yyy02.pl,f1,no,135.78,no,corr,None,None,None,None
1919,exp_acyclic_indvary2_step2_batch_yyy02.pl,x4,no,106.99,no,corr,None,None,None,None
1920,exp_acyclic_indvary2_step2_batch_yyy02.pl,w3,no,108.22,no,corr,None,None,None,None
1921,exp_acyclic_indvary2_step2_batch_yyy03.pl,d5,no,127.14,no,corr,None,None,None,None
1922,exp_acyclic_indvary2_step2_batch_yyy03.pl,y4,no,127.11,no,corr,None,None,None,None
1923,exp_acyclic_indvary2_step2_batch_yyy03.pl,p4,no,126.56,no,corr,None,None,None,None
1924,exp_acyclic_indvary2_step2_batch_yyy03.pl,z1,yes,133.32,yes,corr,None,None,None,None
1925,exp_acyclic_indvary2_step2_batch_yyy03.pl,w6,no,125.72,no,corr,None,None,None,None
1926,exp_acyclic_indvary2_step2_batch_yyy03.pl,c6,no,126.94,no,corr,None,None,None,None
1927,exp_acyclic_indvary2_step2_batch_yyy03.pl,f4,no,126.26,no,corr,None,None,None,None
1928,exp_acyclic_indvary2_step2_batch_yyy03.pl,r3,yes,135.13,yes,corr,None,None,None,None
1929,exp_acyclic_indvary2_step2_batch_yyy03.pl,q7,no,126.69,no,corr,None,None,None,None
1930,exp_acyclic_indvary2_step2_batch_yyy03.pl,f2,no,126.22,no,corr,None,None,None,None
1931,exp_acyclic_indvary2_step2_batch_yyy04.pl,t4,no,120.96,no,corr,None,None,None,None
1932,exp_acyclic_indvary2_step2_batch_yyy04.pl,b2,no,136.44,no,corr,None,None,None,None
1933,exp_acyclic_indvary2_step2_batch_yyy04.pl,y4,no,121.74,no,corr,None,None,None,None
1934,exp_acyclic_indvary2_step2_batch_yyy04.pl,f1,yes,118.95,yes,corr,None,None,None,None
1935,exp_acyclic_indvary2_step2_batch_yyy04.pl,v5,no,135.41,no,corr,None,None,None,None
1936,exp_acyclic_indvary2_step2_batch_yyy04.pl,c2,no,131.61,no,corr,None,None,None,None
1937,exp_acyclic_indvary2_step2_batch_yyy04.pl,e4,no,138.79,no,corr,None,None,None,None
1938,exp_acyclic_indvary2_step2_batch_yyy04.pl,t7,no,138.07,no,corr,None,None,None,None
1939,exp_acyclic_indvary2_step2_batch_yyy04.pl,p2,no,138.52,no,corr,None,None,None,None
1940,exp_acyclic_indvary2_step2_batch_yyy04.pl,a3,yes,137.73,yes,corr,None,None,None,None
1941,exp_acyclic_indvary2_step2_batch_yyy05.pl,t4,no,138.49,no,corr,None,None,None,None
1942,exp_acyclic_indvary2_step2_batch_yyy05.pl,z6,no,138.73,no,corr,None,None,None,None
1943,exp_acyclic_indvary2_step2_batch_yyy05.pl,f1,yes,138.25,yes,corr,None,None,None,None
1944,exp_acyclic_indvary2_step2_batch_yyy05.pl,v5,no,138.96,no,corr,None,None,None,None
1945,exp_acyclic_indvary2_step2_batch_yyy05.pl,w1,no,138.07,no,corr,None,None,None,None
1946,exp_acyclic_indvary2_step2_batch_yyy05.pl,e3,no,139.03,no,corr,None,None,None,None
1947,exp_acyclic_indvary2_step2_batch_yyy05.pl,e2,no,130.87,no,corr,None,None,None,None
1948,exp_acyclic_indvary2_step2_batch_yyy05.pl,q7,no,138.38,no,corr,None,None,None,None
1949,exp_acyclic_indvary2_step2_batch_yyy05.pl,b3,yes,138.97,yes,corr,None,None,None,None
1950,exp_acyclic_indvary2_step2_batch_yyy05.pl,v7,no,138.31,no,corr,None,None,None,None
1951,exp_acyclic_indvary2_step2_batch_yyy06.pl,c3,no,191.84,no,corr,None,None,None,None
1952,exp_acyclic_indvary2_step2_batch_yyy06.pl,y4,no,128.18,no,corr,None,None,None,None
1953,exp_acyclic_indvary2_step2_batch_yyy06.pl,v6,no,129.01,no,corr,None,None,None,None
1954,exp_acyclic_indvary2_step2_batch_yyy06.pl,w1,yes,128.81,yes,corr,None,None,None,None
1955,exp_acyclic_indvary2_step2_batch_yyy06.pl,b5,no,128.12,no,corr,None,None,None,None
1956,exp_acyclic_indvary2_step2_batch_yyy06.pl,z3,no,127.81,no,corr,None,None,None,None
1957,exp_acyclic_indvary2_step2_batch_yyy06.pl,p7,no,128.36,no,corr,None,None,None,None
1958,exp_acyclic_indvary2_step2_batch_yyy06.pl,p5,no,127.62,no,corr,None,None,None,None
1959,exp_acyclic_indvary2_step2_batch_yyy06.pl,e2,no,148.86,no,corr,None,None,None,None
1960,exp_acyclic_indvary2_step2_batch_yyy06.pl,r3,no,140.25,no,corr,None,None,None,None
1961,exp_acyclic_indvary2_step2_batch_yyy07.pl,t5,no,125.33,no,corr,None,None,None,None
1962,exp_acyclic_indvary2_step2_batch_yyy07.pl,y4,no,124.71,no,corr,None,None,None,None
1963,exp_acyclic_indvary2_step2_batch_yyy07.pl,v5,no,126.35,no,corr,None,None,None,None
1964,exp_acyclic_indvary2_step2_batch_yyy07.pl,a4,no,125.01,no,corr,None,None,None,None
1965,exp_acyclic_indvary2_step2_batch_yyy07.pl,z4,no,123.04,no,corr,None,None,None,None
1966,exp_acyclic_indvary2_step2_batch_yyy07.pl,u3,no,124.97,no,corr,None,None,None,None
1967,exp_acyclic_indvary2_step2_batch_yyy07.pl,t1,yes,127.38,yes,corr,None,None,None,None
1968,exp_acyclic_indvary2_step2_batch_yyy07.pl,p6,no,125.34,no,corr,None,None,None,None
1969,exp_acyclic_indvary2_step2_batch_yyy07.pl,r2,yes,127.75,yes,corr,None,None,None,None
1970,exp_acyclic_indvary2_step2_batch_yyy07.pl,a1,no,124.77,no,corr,None,None,None,None
1971,exp_acyclic_indvary2_step2_batch_yyy08.pl,d5,no,121.21,no,corr,None,None,None,None
1972,exp_acyclic_indvary2_step2_batch_yyy08.pl,v7,no,121.2,no,corr,None,None,None,None
1973,exp_acyclic_indvary2_step2_batch_yyy08.pl,u1,yes,127.2,yes,corr,None,None,None,None
1974,exp_acyclic_indvary2_step2_batch_yyy08.pl,c5,no,120.4,no,corr,None,None,None,None
1975,exp_acyclic_indvary2_step2_batch_yyy08.pl,x2,no,120.19,no,corr,None,None,None,None
1976,exp_acyclic_indvary2_step2_batch_yyy08.pl,a3,no,123.06,no,corr,None,None,None,None
1977,exp_acyclic_indvary2_step2_batch_yyy08.pl,q7,no,121.77,no,corr,None,None,None,None
1978,exp_acyclic_indvary2_step2_batch_yyy08.pl,x5,no,120.07,no,corr,None,None,None,None
1979,exp_acyclic_indvary2_step2_batch_yyy08.pl,z2,yes,128.91,yes,corr,None,None,None,None
1980,exp_acyclic_indvary2_step2_batch_yyy08.pl,b5,no,120.65,no,corr,None,None,None,None
1981,exp_acyclic_indvary2_step2_batch_yyy09.pl,c3,yes,133.62,yes,corr,None,None,None,None
1982,exp_acyclic_indvary2_step2_batch_yyy09.pl,f1,no,221.45,no,corr,None,None,None,None
1983,exp_acyclic_indvary2_step2_batch_yyy09.pl,f3,no,125.4,no,corr,None,None,None,None
1984,exp_acyclic_indvary2_step2_batch_yyy09.pl,r1,yes,133.03,yes,corr,None,None,None,None
1985,exp_acyclic_indvary2_step2_batch_yyy09.pl,q3,yes,132.73,yes,corr,None,None,None,None
1986,exp_acyclic_indvary2_step2_batch_yyy09.pl,p1,yes,138.58,yes,corr,None,None,None,None
1987,exp_acyclic_indvary2_step2_batch_yyy09.pl,z4,no,126.44,no,corr,None,None,None,None
1988,exp_acyclic_indvary2_step2_batch_yyy09.pl,r5,no,127.61,no,corr,None,None,None,None
1989,exp_acyclic_indvary2_step2_batch_yyy09.pl,u3,no,126.04,no,corr,None,None,None,None
1990,exp_acyclic_indvary2_step2_batch_yyy09.pl,e3,no,126.4,no,corr,None,None,None,None
1991,exp_acyclic_indvary2_step2_batch_yyy10.pl,t5,no,129.21,no,corr,None,None,None,None
1992,exp_acyclic_indvary2_step2_batch_yyy10.pl,z6,no,129.11,no,corr,None,None,None,None
1993,exp_acyclic_indvary2_step2_batch_yyy10.pl,s4,no,128.71,no,corr,None,None,None,None
1994,exp_acyclic_indvary2_step2_batch_yyy10.pl,e1,yes,137.38,yes,corr,None,None,None,None
1995,exp_acyclic_indvary2_step2_batch_yyy10.pl,x3,no,128.83,no,corr,None,None,None,None
1996,exp_acyclic_indvary2_step2_batch_yyy10.pl,v6,no,130.08,no,corr,None,None,None,None
1997,exp_acyclic_indvary2_step2_batch_yyy10.pl,c5,no,129.3,no,corr,None,None,None,None
1998,exp_acyclic_indvary2_step2_batch_yyy10.pl,q4,no,129.72,no,corr,None,None,None,None
1999,exp_acyclic_indvary2_step2_batch_yyy10.pl,c1,no,129.41,no,corr,None,None,None,None
2000,exp_acyclic_indvary2_step2_batch_yyy10.pl,a3,yes,137.13,yes,corr,None,None,None,None
2001,exp_acyclic_indvary2_step3_batch_yyy01.pl,d5,no,171.29,no,corr,None,None,None,None
2002,exp_acyclic_indvary2_step3_batch_yyy01.pl,s3,no,173.53,no,corr,None,None,None,None
2003,exp_acyclic_indvary2_step3_batch_yyy01.pl,u7,no,172.45,no,corr,None,None,None,None
2004,exp_acyclic_indvary2_step3_batch_yyy01.pl,x7,no,172.49,no,corr,None,None,None,None
2005,exp_acyclic_indvary2_step3_batch_yyy01.pl,v1,no,194.87,no,corr,None,None,None,None
2006,exp_acyclic_indvary2_step3_batch_yyy01.pl,r2,no,185.79,no,corr,None,None,None,None
2007,exp_acyclic_indvary2_step3_batch_yyy01.pl,p7,no,174.74,no,corr,None,None,None,None
2008,exp_acyclic_indvary2_step3_batch_yyy01.pl,d4,no,174.01,no,corr,None,None,None,None
2009,exp_acyclic_indvary2_step3_batch_yyy01.pl,q7,no,177.75,no,corr,None,None,None,None
2010,exp_acyclic_indvary2_step3_batch_yyy01.pl,y5,no,174.16,no,corr,None,None,None,None
2011,exp_acyclic_indvary2_step3_batch_yyy02.pl,e1,yes,206.45,yes,corr,None,None,None,None
2012,exp_acyclic_indvary2_step3_batch_yyy02.pl,v5,no,194.74,no,corr,None,None,None,None
2013,exp_acyclic_indvary2_step3_batch_yyy02.pl,z4,no,196.1,no,corr,None,None,None,None
2014,exp_acyclic_indvary2_step3_batch_yyy02.pl,c1,yes,206.49,yes,corr,None,None,None,None
2015,exp_acyclic_indvary2_step3_batch_yyy02.pl,b6,no,184.42,no,corr,None,None,None,None
2016,exp_acyclic_indvary2_step3_batch_yyy02.pl,u2,yes,195.57,yes,corr,None,None,None,None
2017,exp_acyclic_indvary2_step3_batch_yyy02.pl,y5,no,186.31,no,corr,None,None,None,None
2018,exp_acyclic_indvary2_step3_batch_yyy02.pl,x4,no,186.38,no,corr,None,None,None,None
2019,exp_acyclic_indvary2_step3_batch_yyy02.pl,t4,no,185.25,no,corr,None,None,None,None
2020,exp_acyclic_indvary2_step3_batch_yyy02.pl,s3,no,184.92,no,corr,None,None,None,None
2021,exp_acyclic_indvary2_step3_batch_yyy03.pl,v2,yes,183.34,yes,corr,None,None,None,None
2022,exp_acyclic_indvary2_step3_batch_yyy03.pl,d4,no,175.33,no,corr,None,None,None,None
2023,exp_acyclic_indvary2_step3_batch_yyy03.pl,v1,no,182.62,no,corr,None,None,None,None
2024,exp_acyclic_indvary2_step3_batch_yyy03.pl,v4,no,173.75,no,corr,None,None,None,None
2025,exp_acyclic_indvary2_step3_batch_yyy03.pl,q2,yes,184.64,yes,corr,None,None,None,None
2026,exp_acyclic_indvary2_step3_batch_yyy03.pl,c5,no,175.23,no,corr,None,None,None,None
2027,exp_acyclic_indvary2_step3_batch_yyy03.pl,c2,no,241.58,no,corr,None,None,None,None
2028,exp_acyclic_indvary2_step3_batch_yyy03.pl,a5,no,175.67,no,corr,None,None,None,None
2029,exp_acyclic_indvary2_step3_batch_yyy03.pl,y1,no,175.93,no,corr,None,None,None,None
2030,exp_acyclic_indvary2_step3_batch_yyy03.pl,r1,no,211.19,no,corr,None,None,None,None
2031,exp_acyclic_indvary2_step3_batch_yyy04.pl,u5,no,183.02,no,corr,None,None,None,None
2032,exp_acyclic_indvary2_step3_batch_yyy04.pl,d4,no,183.25,no,corr,None,None,None,None
2033,exp_acyclic_indvary2_step3_batch_yyy04.pl,u7,no,184.27,no,corr,None,None,None,None
2034,exp_acyclic_indvary2_step3_batch_yyy04.pl,x7,no,183.97,no,corr,None,None,None,None
2035,exp_acyclic_indvary2_step3_batch_yyy04.pl,f5,no,182.8,no,corr,None,None,None,None
2036,exp_acyclic_indvary2_step3_batch_yyy04.pl,p3,yes,193.12,yes,corr,None,None,None,None
2037,exp_acyclic_indvary2_step3_batch_yyy04.pl,v4,no,184.05,no,corr,None,None,None,None
2038,exp_acyclic_indvary2_step3_batch_yyy04.pl,q3,no,177.54,no,corr,None,None,None,None
2039,exp_acyclic_indvary2_step3_batch_yyy04.pl,t1,yes,185.91,yes,corr,None,None,None,None
2040,exp_acyclic_indvary2_step3_batch_yyy04.pl,w3,no,171.84,no,corr,None,None,None,None
2041,exp_acyclic_indvary2_step3_batch_yyy05.pl,r6,no,187.7,no,corr,None,None,None,None
2042,exp_acyclic_indvary2_step3_batch_yyy05.pl,b1,yes,189.47,yes,corr,None,None,None,None
2043,exp_acyclic_indvary2_step3_batch_yyy05.pl,w1,yes,198.59,yes,corr,None,None,None,None
2044,exp_acyclic_indvary2_step3_batch_yyy05.pl,q7,no,188.04,no,corr,None,None,None,None
2045,exp_acyclic_indvary2_step3_batch_yyy05.pl,z6,no,186.53,no,corr,None,None,None,None
2046,exp_acyclic_indvary2_step3_batch_yyy05.pl,b2,no,169.14,no,corr,None,None,None,None
2047,exp_acyclic_indvary2_step3_batch_yyy05.pl,v4,no,180.52,no,corr,None,None,None,None
2048,exp_acyclic_indvary2_step3_batch_yyy05.pl,e3,no,182.65,no,corr,None,None,None,None
2049,exp_acyclic_indvary2_step3_batch_yyy05.pl,a2,no,174.33,no,corr,None,None,None,None
2050,exp_acyclic_indvary2_step3_batch_yyy05.pl,w3,no,182.71,no,corr,None,None,None,None
2051,exp_acyclic_indvary2_step3_batch_yyy06.pl,t4,no,165.79,no,corr,None,None,None,None
2052,exp_acyclic_indvary2_step3_batch_yyy06.pl,x3,no,167.24,no,corr,None,None,None,None
2053,exp_acyclic_indvary2_step3_batch_yyy06.pl,t3,no,166.83,no,corr,None,None,None,None
2054,exp_acyclic_indvary2_step3_batch_yyy06.pl,a5,no,166.32,no,corr,None,None,None,None
2055,exp_acyclic_indvary2_step3_batch_yyy06.pl,w1,yes,176.66,yes,corr,None,None,None,None
2056,exp_acyclic_indvary2_step3_batch_yyy06.pl,b5,no,166.81,no,corr,None,None,None,None
2057,exp_acyclic_indvary2_step3_batch_yyy06.pl,z3,no,167.56,no,corr,None,None,None,None
2058,exp_acyclic_indvary2_step3_batch_yyy06.pl,r3,no,239.1,no,corr,None,None,None,None
2059,exp_acyclic_indvary2_step3_batch_yyy06.pl,q7,no,166.98,no,corr,None,None,None,None
2060,exp_acyclic_indvary2_step3_batch_yyy06.pl,q2,yes,174.33,yes,corr,None,None,None,None
2061,exp_acyclic_indvary2_step3_batch_yyy07.pl,y4,no,159.78,no,corr,None,None,None,None
2062,exp_acyclic_indvary2_step3_batch_yyy07.pl,q5,no,163.49,no,corr,None,None,None,None
2063,exp_acyclic_indvary2_step3_batch_yyy07.pl,w1,yes,171.77,yes,corr,None,None,None,None
2064,exp_acyclic_indvary2_step3_batch_yyy07.pl,f3,no,162.39,no,corr,None,None,None,None
2065,exp_acyclic_indvary2_step3_batch_yyy07.pl,r4,no,165.0,no,corr,None,None,None,None
2066,exp_acyclic_indvary2_step3_batch_yyy07.pl,q1,yes,170.02,yes,corr,None,None,None,None
2067,exp_acyclic_indvary2_step3_batch_yyy07.pl,z5,no,163.3,no,corr,None,None,None,None
2068,exp_acyclic_indvary2_step3_batch_yyy07.pl,v2,no,162.88,no,corr,None,None,None,None
2069,exp_acyclic_indvary2_step3_batch_yyy07.pl,a4,no,162.48,no,corr,None,None,None,None
2070,exp_acyclic_indvary2_step3_batch_yyy07.pl,w6,no,162.93,no,corr,None,None,None,None
2071,exp_acyclic_indvary2_step3_batch_yyy08.pl,d5,no,174.6,no,corr,None,None,None,None
2072,exp_acyclic_indvary2_step3_batch_yyy08.pl,t5,no,175.68,no,corr,None,None,None,None
2073,exp_acyclic_indvary2_step3_batch_yyy08.pl,w7,no,175.28,no,corr,None,None,None,None
2074,exp_acyclic_indvary2_step3_batch_yyy08.pl,a4,no,176.88,no,corr,None,None,None,None
2075,exp_acyclic_indvary2_step3_batch_yyy08.pl,r5,no,175.21,no,corr,None,None,None,None
2076,exp_acyclic_indvary2_step3_batch_yyy08.pl,u3,no,176.68,no,corr,None,None,None,None
2077,exp_acyclic_indvary2_step3_batch_yyy08.pl,r2,no,177.24,no,corr,None,None,None,None
2078,exp_acyclic_indvary2_step3_batch_yyy08.pl,y6,no,176.25,no,corr,None,None,None,None
2079,exp_acyclic_indvary2_step3_batch_yyy08.pl,p4,no,175.97,no,corr,None,None,None,None
2080,exp_acyclic_indvary2_step3_batch_yyy08.pl,x3,no,175.67,no,corr,None,None,None,None
2081,exp_acyclic_indvary2_step3_batch_yyy09.pl,b1,no,160.87,no,corr,None,None,None,None
2082,exp_acyclic_indvary2_step3_batch_yyy09.pl,r5,no,159.56,no,corr,None,None,None,None
2083,exp_acyclic_indvary2_step3_batch_yyy09.pl,a3,yes,168.2,yes,corr,None,None,None,None
2084,exp_acyclic_indvary2_step3_batch_yyy09.pl,a1,yes,168.3,yes,corr,None,None,None,None
2085,exp_acyclic_indvary2_step3_batch_yyy09.pl,f2,no,157.94,no,corr,None,None,None,None
2086,exp_acyclic_indvary2_step3_batch_yyy09.pl,v1,yes,169.66,yes,corr,None,None,None,None
2087,exp_acyclic_indvary2_step3_batch_yyy09.pl,p3,no,163.18,no,corr,None,None,None,None
2088,exp_acyclic_indvary2_step3_batch_yyy09.pl,c1,no,159.45,no,corr,None,None,None,None
2089,exp_acyclic_indvary2_step3_batch_yyy09.pl,c6,no,159.67,no,corr,None,None,None,None
2090,exp_acyclic_indvary2_step3_batch_yyy09.pl,z2,no,158.56,no,corr,None,None,None,None
2091,exp_acyclic_indvary2_step3_batch_yyy10.pl,w2,yes,171.97,yes,corr,None,None,None,None
2092,exp_acyclic_indvary2_step3_batch_yyy10.pl,u3,no,161.53,no,corr,None,None,None,None
2093,exp_acyclic_indvary2_step3_batch_yyy10.pl,p1,yes,172.63,yes,corr,None,None,None,None
2094,exp_acyclic_indvary2_step3_batch_yyy10.pl,p7,no,163.22,no,corr,None,None,None,None
2095,exp_acyclic_indvary2_step3_batch_yyy10.pl,p5,no,163.48,no,corr,None,None,None,None
2096,exp_acyclic_indvary2_step3_batch_yyy10.pl,c2,no,169.47,no,corr,None,None,None,None
2097,exp_acyclic_indvary2_step3_batch_yyy10.pl,t6,no,163.65,no,corr,None,None,None,None
2098,exp_acyclic_indvary2_step3_batch_yyy10.pl,d1,no,161.36,no,corr,None,None,None,None
2099,exp_acyclic_indvary2_step3_batch_yyy10.pl,u2,yes,173.51,yes,corr,None,None,None,None
2100,exp_acyclic_indvary2_step3_batch_yyy10.pl,t1,yes,173.19,yes,corr,None,None,None,None
2101,exp_acyclic_indvary2_step4_batch_yyy01.pl,p4,no,219.1,no,corr,None,None,None,None
2102,exp_acyclic_indvary2_step4_batch_yyy01.pl,e5,no,217.34,no,corr,None,None,None,None
2103,exp_acyclic_indvary2_step4_batch_yyy01.pl,d3,no,216.17,no,corr,None,None,None,None
2104,exp_acyclic_indvary2_step4_batch_yyy01.pl,s1,yes,231.76,yes,corr,None,None,None,None
2105,exp_acyclic_indvary2_step4_batch_yyy01.pl,t5,no,219.62,no,corr,None,None,None,None
2106,exp_acyclic_indvary2_step4_batch_yyy01.pl,s3,no,221.09,no,corr,None,None,None,None
2107,exp_acyclic_indvary2_step4_batch_yyy01.pl,r3,no,218.71,no,corr,None,None,None,None
2108,exp_acyclic_indvary2_step4_batch_yyy01.pl,d1,no,218.3,no,corr,None,None,None,None
2109,exp_acyclic_indvary2_step4_batch_yyy01.pl,x4,no,221.24,no,corr,None,None,None,None
2110,exp_acyclic_indvary2_step4_batch_yyy01.pl,w3,no,219.52,no,corr,None,None,None,None
2111,exp_acyclic_indvary2_step4_batch_yyy02.pl,u5,no,221.31,no,corr,None,None,None,None
2112,exp_acyclic_indvary2_step4_batch_yyy02.pl,c3,no,219.32,no,corr,None,None,None,None
2113,exp_acyclic_indvary2_step4_batch_yyy02.pl,z6,no,221.57,no,corr,None,None,None,None
2114,exp_acyclic_indvary2_step4_batch_yyy02.pl,p7,no,222.9,no,corr,None,None,None,None
2115,exp_acyclic_indvary2_step4_batch_yyy02.pl,w5,no,221.74,no,corr,None,None,None,None
2116,exp_acyclic_indvary2_step4_batch_yyy02.pl,r3,yes,245.31,yes,corr,None,None,None,None
2117,exp_acyclic_indvary2_step4_batch_yyy02.pl,p1,yes,234.13,yes,corr,None,None,None,None
2118,exp_acyclic_indvary2_step4_batch_yyy02.pl,a2,yes,235.01,yes,corr,None,None,None,None
2119,exp_acyclic_indvary2_step4_batch_yyy02.pl,u3,no,219.92,no,corr,None,None,None,None
2120,exp_acyclic_indvary2_step4_batch_yyy02.pl,r4,no,219.3,no,corr,None,None,None,None
2121,exp_acyclic_indvary2_step4_batch_yyy03.pl,b2,yes,234.25,yes,corr,None,None,None,None
2122,exp_acyclic_indvary2_step4_batch_yyy03.pl,d3,no,221.06,no,corr,None,None,None,None
2123,exp_acyclic_indvary2_step4_batch_yyy03.pl,w6,no,223.23,no,corr,None,None,None,None
2124,exp_acyclic_indvary2_step4_batch_yyy03.pl,c1,no,255.76,no,corr,None,None,None,None
2125,exp_acyclic_indvary2_step4_batch_yyy03.pl,s1,yes,237.94,yes,corr,None,None,None,None
2126,exp_acyclic_indvary2_step4_batch_yyy03.pl,q3,yes,235.92,yes,corr,None,None,None,None
2127,exp_acyclic_indvary2_step4_batch_yyy03.pl,b6,no,223.21,no,corr,None,None,None,None
2128,exp_acyclic_indvary2_step4_batch_yyy03.pl,y5,no,222.59,no,corr,None,None,None,None
2129,exp_acyclic_indvary2_step4_batch_yyy03.pl,a2,yes,235.09,yes,corr,None,None,None,None
2130,exp_acyclic_indvary2_step4_batch_yyy03.pl,w3,no,223.11,no,corr,None,None,None,None
2131,exp_acyclic_indvary2_step4_batch_yyy04.pl,t5,no,205.92,no,corr,None,None,None,None
2132,exp_acyclic_indvary2_step4_batch_yyy04.pl,a6,no,205.26,no,corr,None,None,None,None
2133,exp_acyclic_indvary2_step4_batch_yyy04.pl,r5,no,206.32,no,corr,None,None,None,None
2134,exp_acyclic_indvary2_step4_batch_yyy04.pl,v1,yes,216.71,yes,corr,None,None,None,None
2135,exp_acyclic_indvary2_step4_batch_yyy04.pl,x6,no,205.42,no,corr,None,None,None,None
2136,exp_acyclic_indvary2_step4_batch_yyy04.pl,q1,yes,218.86,yes,corr,None,None,None,None
2137,exp_acyclic_indvary2_step4_batch_yyy04.pl,w2,yes,218.8,yes,corr,None,None,None,None
2138,exp_acyclic_indvary2_step4_batch_yyy04.pl,u1,yes,216.5,yes,corr,None,None,None,None
2139,exp_acyclic_indvary2_step4_batch_yyy04.pl,a2,yes,227.57,yes,corr,None,None,None,None
2140,exp_acyclic_indvary2_step4_batch_yyy04.pl,x4,no,204.78,no,corr,None,None,None,None
2141,exp_acyclic_indvary2_step4_batch_yyy05.pl,p5,no,215.62,no,corr,None,None,None,None
2142,exp_acyclic_indvary2_step4_batch_yyy05.pl,t3,no,216.86,no,corr,None,None,None,None
2143,exp_acyclic_indvary2_step4_batch_yyy05.pl,t6,no,215.56,no,corr,None,None,None,None
2144,exp_acyclic_indvary2_step4_batch_yyy05.pl,a4,no,219.55,no,corr,None,None,None,None
2145,exp_acyclic_indvary2_step4_batch_yyy05.pl,v4,no,219.13,no,corr,None,None,None,None
2146,exp_acyclic_indvary2_step4_batch_yyy05.pl,f4,no,217.1,no,corr,None,None,None,None
2147,exp_acyclic_indvary2_step4_batch_yyy05.pl,x6,no,217.92,no,corr,None,None,None,None
2148,exp_acyclic_indvary2_step4_batch_yyy05.pl,p1,yes,229.99,yes,corr,None,None,None,None
2149,exp_acyclic_indvary2_step4_batch_yyy05.pl,a6,no,216.11,no,corr,None,None,None,None
2150,exp_acyclic_indvary2_step4_batch_yyy05.pl,w7,no,215.77,no,corr,None,None,None,None
2151,exp_acyclic_indvary2_step4_batch_yyy06.pl,d5,no,234.73,no,corr,None,None,None,None
2152,exp_acyclic_indvary2_step4_batch_yyy06.pl,p7,no,233.62,no,corr,None,None,None,None
2153,exp_acyclic_indvary2_step4_batch_yyy06.pl,v5,no,233.09,no,corr,None,None,None,None
2154,exp_acyclic_indvary2_step4_batch_yyy06.pl,b1,yes,236.13,yes,corr,None,None,None,None
2155,exp_acyclic_indvary2_step4_batch_yyy06.pl,p3,yes,248.54,yes,corr,None,None,None,None
2156,exp_acyclic_indvary2_step4_batch_yyy06.pl,f3,no,235.52,no,corr,None,None,None,None
2157,exp_acyclic_indvary2_step4_batch_yyy06.pl,e3,no,236.9,no,corr,None,None,None,None
2158,exp_acyclic_indvary2_step4_batch_yyy06.pl,a3,yes,248.74,yes,corr,None,None,None,None
2159,exp_acyclic_indvary2_step4_batch_yyy06.pl,r7,no,238.2,no,corr,None,None,None,None
2160,exp_acyclic_indvary2_step4_batch_yyy06.pl,d1,yes,253.11,yes,corr,None,None,None,None
2161,exp_acyclic_indvary2_step4_batch_yyy07.pl,w2,yes,248.07,yes,corr,None,None,None,None
2162,exp_acyclic_indvary2_step4_batch_yyy07.pl,u4,no,223.9,no,corr,None,None,None,None
2163,exp_acyclic_indvary2_step4_batch_yyy07.pl,z1,no,223.16,no,corr,None,None,None,None
2164,exp_acyclic_indvary2_step4_batch_yyy07.pl,v1,no,221.65,no,corr,None,None,None,None
2165,exp_acyclic_indvary2_step4_batch_yyy07.pl,s1,yes,235.76,yes,corr,None,None,None,None
2166,exp_acyclic_indvary2_step4_batch_yyy07.pl,z3,no,222.36,no,corr,None,None,None,None
2167,exp_acyclic_indvary2_step4_batch_yyy07.pl,s4,no,223.96,no,corr,None,None,None,None
2168,exp_acyclic_indvary2_step4_batch_yyy07.pl,y4,no,223.14,no,corr,None,None,None,None
2169,exp_acyclic_indvary2_step4_batch_yyy07.pl,t2,no,224.07,no,corr,None,None,None,None
2170,exp_acyclic_indvary2_step4_batch_yyy07.pl,t7,no,222.83,no,corr,None,None,None,None
2171,exp_acyclic_indvary2_step4_batch_yyy08.pl,u6,no,238.92,no,corr,None,None,None,None
2172,exp_acyclic_indvary2_step4_batch_yyy08.pl,f5,no,232.47,no,corr,None,None,None,None
2173,exp_acyclic_indvary2_step4_batch_yyy08.pl,f3,no,226.06,no,corr,None,None,None,None
2174,exp_acyclic_indvary2_step4_batch_yyy08.pl,t7,no,224.72,no,corr,None,None,None,None
2175,exp_acyclic_indvary2_step4_batch_yyy08.pl,v4,no,203.74,no,corr,None,None,None,None
2176,exp_acyclic_indvary2_step4_batch_yyy08.pl,s7,no,202.78,no,corr,None,None,None,None
2177,exp_acyclic_indvary2_step4_batch_yyy08.pl,y2,yes,265.42,yes,corr,None,None,None,None
2178,exp_acyclic_indvary2_step4_batch_yyy08.pl,x6,no,206.54,no,corr,None,None,None,None
2179,exp_acyclic_indvary2_step4_batch_yyy08.pl,r3,yes,217.78,yes,corr,None,None,None,None
2180,exp_acyclic_indvary2_step4_batch_yyy08.pl,t1,yes,220.31,yes,corr,None,None,None,None
2181,exp_acyclic_indvary2_step4_batch_yyy09.pl,e1,no,256.23,no,corr,None,None,None,None
2182,exp_acyclic_indvary2_step4_batch_yyy09.pl,s5,no,189.88,no,corr,None,None,None,None
2183,exp_acyclic_indvary2_step4_batch_yyy09.pl,c5,no,189.32,no,corr,None,None,None,None
2184,exp_acyclic_indvary2_step4_batch_yyy09.pl,x7,no,189.12,no,corr,None,None,None,None
2185,exp_acyclic_indvary2_step4_batch_yyy09.pl,e3,no,188.99,no,corr,None,None,None,None
2186,exp_acyclic_indvary2_step4_batch_yyy09.pl,p2,yes,200.5,yes,corr,None,None,None,None
2187,exp_acyclic_indvary2_step4_batch_yyy09.pl,y2,yes,200.87,yes,corr,None,None,None,None
2188,exp_acyclic_indvary2_step4_batch_yyy09.pl,r2,yes,200.15,yes,corr,None,None,None,None
2189,exp_acyclic_indvary2_step4_batch_yyy09.pl,b6,no,189.32,no,corr,None,None,None,None
2190,exp_acyclic_indvary2_step4_batch_yyy09.pl,a1,yes,200.93,yes,corr,None,None,None,None
2191,exp_acyclic_indvary2_step4_batch_yyy10.pl,t5,no,210.23,no,corr,None,None,None,None
2192,exp_acyclic_indvary2_step4_batch_yyy10.pl,z6,no,210.93,no,corr,None,None,None,None
2193,exp_acyclic_indvary2_step4_batch_yyy10.pl,p7,no,210.97,no,corr,None,None,None,None
2194,exp_acyclic_indvary2_step4_batch_yyy10.pl,z4,no,210.38,no,corr,None,None,None,None
2195,exp_acyclic_indvary2_step4_batch_yyy10.pl,c1,no,207.93,no,corr,None,None,None,None
2196,exp_acyclic_indvary2_step4_batch_yyy10.pl,r7,no,206.62,no,corr,None,None,None,None
2197,exp_acyclic_indvary2_step4_batch_yyy10.pl,u2,yes,232.11,yes,corr,None,None,None,None
2198,exp_acyclic_indvary2_step4_batch_yyy10.pl,x4,no,227.84,no,corr,None,None,None,None
2199,exp_acyclic_indvary2_step4_batch_yyy10.pl,y2,yes,216.3,yes,corr,None,None,None,None
2200,exp_acyclic_indvary2_step4_batch_yyy10.pl,x1,yes,214.19,yes,corr,None,None,None,None
2201,exp_acyclic_indvary2_step5_batch_yyy01.pl,d3,no,240.32,no,corr,None,None,None,None
2202,exp_acyclic_indvary2_step5_batch_yyy01.pl,u7,no,238.47,no,corr,None,None,None,None
2203,exp_acyclic_indvary2_step5_batch_yyy01.pl,e4,no,236.62,no,corr,None,None,None,None
2204,exp_acyclic_indvary2_step5_batch_yyy01.pl,f3,no,237.94,no,corr,None,None,None,None
2205,exp_acyclic_indvary2_step5_batch_yyy01.pl,t2,no,238.8,no,corr,None,None,None,None
2206,exp_acyclic_indvary2_step5_batch_yyy01.pl,v4,no,241.03,no,corr,None,None,None,None
2207,exp_acyclic_indvary2_step5_batch_yyy01.pl,a3,no,294.64,no,corr,None,None,None,None
2208,exp_acyclic_indvary2_step5_batch_yyy01.pl,y6,no,241.45,no,corr,None,None,None,None
2209,exp_acyclic_indvary2_step5_batch_yyy01.pl,s2,yes,254.75,yes,corr,None,None,None,None
2210,exp_acyclic_indvary2_step5_batch_yyy01.pl,z1,yes,256.74,yes,corr,None,None,None,None
2211,exp_acyclic_indvary2_step5_batch_yyy02.pl,s3,no,258.87,no,corr,None,None,None,None
2212,exp_acyclic_indvary2_step5_batch_yyy02.pl,v7,no,258.75,no,corr,None,None,None,None
2213,exp_acyclic_indvary2_step5_batch_yyy02.pl,v2,yes,274.55,yes,corr,None,None,None,None
2214,exp_acyclic_indvary2_step5_batch_yyy02.pl,w1,yes,282.94,yes,corr,None,None,None,None
2215,exp_acyclic_indvary2_step5_batch_yyy02.pl,r4,no,256.03,no,corr,None,None,None,None
2216,exp_acyclic_indvary2_step5_batch_yyy02.pl,p2,no,253.69,no,corr,None,None,None,None
2217,exp_acyclic_indvary2_step5_batch_yyy02.pl,d1,yes,261.08,yes,corr,None,None,None,None
2218,exp_acyclic_indvary2_step5_batch_yyy02.pl,q2,yes,258.69,yes,corr,None,None,None,None
2219,exp_acyclic_indvary2_step5_batch_yyy02.pl,b6,no,243.59,no,corr,None,None,None,None
2220,exp_acyclic_indvary2_step5_batch_yyy02.pl,a1,no,242.83,no,corr,None,None,None,None
2221,exp_acyclic_indvary2_step5_batch_yyy03.pl,u6,no,234.24,no,corr,None,None,None,None
2222,exp_acyclic_indvary2_step5_batch_yyy03.pl,p5,no,235.29,no,corr,None,None,None,None
2223,exp_acyclic_indvary2_step5_batch_yyy03.pl,r6,no,235.71,no,corr,None,None,None,None
2224,exp_acyclic_indvary2_step5_batch_yyy03.pl,v5,no,232.67,no,corr,None,None,None,None
2225,exp_acyclic_indvary2_step5_batch_yyy03.pl,u3,no,239.67,no,corr,None,None,None,None
2226,exp_acyclic_indvary2_step5_batch_yyy03.pl,p2,no,238.95,no,corr,None,None,None,None
2227,exp_acyclic_indvary2_step5_batch_yyy03.pl,r7,no,235.17,no,corr,None,None,None,None
2228,exp_acyclic_indvary2_step5_batch_yyy03.pl,e2,no,317.95,no,corr,None,None,None,None
2229,exp_acyclic_indvary2_step5_batch_yyy03.pl,c6,no,234.91,no,corr,None,None,None,None
2230,exp_acyclic_indvary2_step5_batch_yyy03.pl,b5,no,234.55,no,corr,None,None,None,None
2231,exp_acyclic_indvary2_step5_batch_yyy04.pl,c4,no,236.37,no,corr,None,None,None,None
2232,exp_acyclic_indvary2_step5_batch_yyy04.pl,s4,no,236.71,no,corr,None,None,None,None
2233,exp_acyclic_indvary2_step5_batch_yyy04.pl,v2,yes,252.64,yes,corr,None,None,None,None
2234,exp_acyclic_indvary2_step5_batch_yyy04.pl,x2,yes,250.12,yes,corr,None,None,None,None
2235,exp_acyclic_indvary2_step5_batch_yyy04.pl,y2,yes,249.32,yes,corr,None,None,None,None
2236,exp_acyclic_indvary2_step5_batch_yyy04.pl,x5,no,235.45,no,corr,None,None,None,None
2237,exp_acyclic_indvary2_step5_batch_yyy04.pl,c1,yes,252.12,yes,corr,None,None,None,None
2238,exp_acyclic_indvary2_step5_batch_yyy04.pl,t7,no,237.01,no,corr,None,None,None,None
2239,exp_acyclic_indvary2_step5_batch_yyy04.pl,x4,no,237.43,no,corr,None,None,None,None
2240,exp_acyclic_indvary2_step5_batch_yyy04.pl,w3,no,236.94,no,corr,None,None,None,None
2241,exp_acyclic_indvary2_step5_batch_yyy05.pl,z6,no,230.1,no,corr,None,None,None,None
2242,exp_acyclic_indvary2_step5_batch_yyy05.pl,p5,no,230.99,no,corr,None,None,None,None
2243,exp_acyclic_indvary2_step5_batch_yyy05.pl,w2,yes,230.95,yes,corr,None,None,None,None
2244,exp_acyclic_indvary2_step5_batch_yyy05.pl,w5,no,231.33,no,corr,None,None,None,None
2245,exp_acyclic_indvary2_step5_batch_yyy05.pl,z2,yes,244.65,yes,corr,None,None,None,None
2246,exp_acyclic_indvary2_step5_batch_yyy05.pl,d2,no,259.32,no,corr,None,None,None,None
2247,exp_acyclic_indvary2_step5_batch_yyy05.pl,u2,yes,240.65,yes,corr,None,None,None,None
2248,exp_acyclic_indvary2_step5_batch_yyy05.pl,x4,no,229.52,no,corr,None,None,None,None
2249,exp_acyclic_indvary2_step5_batch_yyy05.pl,c3,no,230.37,no,corr,None,None,None,None
2250,exp_acyclic_indvary2_step5_batch_yyy05.pl,t5,no,230.69,no,corr,None,None,None,None
2251,exp_acyclic_indvary2_step5_batch_yyy06.pl,y4,no,240.66,no,corr,None,None,None,None
2252,exp_acyclic_indvary2_step5_batch_yyy06.pl,t3,no,238.8,no,corr,None,None,None,None
2253,exp_acyclic_indvary2_step5_batch_yyy06.pl,x7,no,239.53,no,corr,None,None,None,None
2254,exp_acyclic_indvary2_step5_batch_yyy06.pl,a4,no,239.3,no,corr,None,None,None,None
2255,exp_acyclic_indvary2_step5_batch_yyy06.pl,w4,no,241.06,no,corr,None,None,None,None
2256,exp_acyclic_indvary2_step5_batch_yyy06.pl,t7,no,241.85,no,corr,None,None,None,None
2257,exp_acyclic_indvary2_step5_batch_yyy06.pl,q3,yes,268.19,yes,corr,None,None,None,None
2258,exp_acyclic_indvary2_step5_batch_yyy06.pl,v3,no,240.76,no,corr,None,None,None,None
2259,exp_acyclic_indvary2_step5_batch_yyy06.pl,r3,yes,254.88,yes,corr,None,None,None,None
2260,exp_acyclic_indvary2_step5_batch_yyy06.pl,w3,no,238.64,no,corr,None,None,None,None
2261,exp_acyclic_indvary2_step5_batch_yyy07.pl,u6,no,248.56,no,corr,None,None,None,None
2262,exp_acyclic_indvary2_step5_batch_yyy07.pl,x3,no,247.13,no,corr,None,None,None,None
2263,exp_acyclic_indvary2_step5_batch_yyy07.pl,e5,no,246.42,no,corr,None,None,None,None
2264,exp_acyclic_indvary2_step5_batch_yyy07.pl,a5,no,247.42,no,corr,None,None,None,None
2265,exp_acyclic_indvary2_step5_batch_yyy07.pl,r5,no,245.08,no,corr,None,None,None,None
2266,exp_acyclic_indvary2_step5_batch_yyy07.pl,y6,no,247.21,no,corr,None,None,None,None
2267,exp_acyclic_indvary2_step5_batch_yyy07.pl,c3,no,233.17,no,corr,None,None,None,None
2268,exp_acyclic_indvary2_step5_batch_yyy07.pl,t5,no,248.7,no,corr,None,None,None,None
2269,exp_acyclic_indvary2_step5_batch_yyy07.pl,b3,no,247.45,no,corr,None,None,None,None
2270,exp_acyclic_indvary2_step5_batch_yyy07.pl,w7,no,246.26,no,corr,None,None,None,None
2271,exp_acyclic_indvary2_step5_batch_yyy08.pl,d5,no,237.79,no,corr,None,None,None,None
2272,exp_acyclic_indvary2_step5_batch_yyy08.pl,c3,no,320.49,no,corr,None,None,None,None
2273,exp_acyclic_indvary2_step5_batch_yyy08.pl,q6,no,237.94,no,corr,None,None,None,None
2274,exp_acyclic_indvary2_step5_batch_yyy08.pl,e5,no,235.85,no,corr,None,None,None,None
2275,exp_acyclic_indvary2_step5_batch_yyy08.pl,c5,no,236.51,no,corr,None,None,None,None
2276,exp_acyclic_indvary2_step5_batch_yyy08.pl,e4,no,236.06,no,corr,None,None,None,None
2277,exp_acyclic_indvary2_step5_batch_yyy08.pl,w4,no,235.44,no,corr,None,None,None,None
2278,exp_acyclic_indvary2_step5_batch_yyy08.pl,v4,no,235.27,no,corr,None,None,None,None
2279,exp_acyclic_indvary2_step5_batch_yyy08.pl,s7,no,235.39,no,corr,None,None,None,None
2280,exp_acyclic_indvary2_step5_batch_yyy08.pl,p1,yes,250.37,yes,corr,None,None,None,None
2281,exp_acyclic_indvary2_step5_batch_yyy09.pl,a6,no,230.0,no,corr,None,None,None,None
2282,exp_acyclic_indvary2_step5_batch_yyy09.pl,d4,no,227.93,no,corr,None,None,None,None
2283,exp_acyclic_indvary2_step5_batch_yyy09.pl,u7,no,227.34,no,corr,None,None,None,None
2284,exp_acyclic_indvary2_step5_batch_yyy09.pl,c5,no,226.79,no,corr,None,None,None,None
2285,exp_acyclic_indvary2_step5_batch_yyy09.pl,a4,no,227.31,no,corr,None,None,None,None
2286,exp_acyclic_indvary2_step5_batch_yyy09.pl,x5,no,230.11,no,corr,None,None,None,None
2287,exp_acyclic_indvary2_step5_batch_yyy09.pl,a3,no,270.56,no,corr,None,None,None,None
2288,exp_acyclic_indvary2_step5_batch_yyy09.pl,y2,no,224.25,no,corr,None,None,None,None
2289,exp_acyclic_indvary2_step5_batch_yyy09.pl,v1,yes,238.84,yes,corr,None,None,None,None
2290,exp_acyclic_indvary2_step5_batch_yyy09.pl,p3,yes,240.51,yes,corr,None,None,None,None
2291,exp_acyclic_indvary2_step5_batch_yyy10.pl,v7,no,233.76,no,corr,None,None,None,None
2292,exp_acyclic_indvary2_step5_batch_yyy10.pl,v2,yes,250.11,yes,corr,None,None,None,None
2293,exp_acyclic_indvary2_step5_batch_yyy10.pl,u1,yes,259.57,yes,corr,None,None,None,None
2294,exp_acyclic_indvary2_step5_batch_yyy10.pl,d3,no,237.1,no,corr,None,None,None,None
2295,exp_acyclic_indvary2_step5_batch_yyy10.pl,z1,yes,252.59,yes,corr,None,None,None,None
2296,exp_acyclic_indvary2_step5_batch_yyy10.pl,q4,no,236.0,no,corr,None,None,None,None
2297,exp_acyclic_indvary2_step5_batch_yyy10.pl,v1,yes,246.49,yes,corr,None,None,None,None
2298,exp_acyclic_indvary2_step5_batch_yyy10.pl,t2,yes,253.64,yes,corr,None,None,None,None
2299,exp_acyclic_indvary2_step5_batch_yyy10.pl,s7,no,237.65,no,corr,None,None,None,None
2300,exp_acyclic_indvary2_step5_batch_yyy10.pl,w3,no,234.38,no,corr,None,None,None,None
2301,exp_acyclic_indvary2_step6_batch_yyy01.pl,v2,no,265.93,no,corr,None,None,None,None
2302,exp_acyclic_indvary2_step6_batch_yyy01.pl,u4,no,272.42,no,corr,None,None,None,None
2303,exp_acyclic_indvary2_step6_batch_yyy01.pl,w5,no,268.63,no,corr,None,None,None,None
2304,exp_acyclic_indvary2_step6_batch_yyy01.pl,t7,no,266.09,no,corr,None,None,None,None
2305,exp_acyclic_indvary2_step6_batch_yyy01.pl,x6,no,269.69,no,corr,None,None,None,None
2306,exp_acyclic_indvary2_step6_batch_yyy01.pl,r2,no,268.92,no,corr,None,None,None,None
2307,exp_acyclic_indvary2_step6_batch_yyy01.pl,a6,no,267.91,no,corr,None,None,None,None
2308,exp_acyclic_indvary2_step6_batch_yyy01.pl,s4,no,268.14,no,corr,None,None,None,None
2309,exp_acyclic_indvary2_step6_batch_yyy01.pl,f1,no,269.05,no,corr,None,None,None,None
2310,exp_acyclic_indvary2_step6_batch_yyy01.pl,e5,no,269.15,no,corr,None,None,None,None
2311,exp_acyclic_indvary2_step6_batch_yyy02.pl,z6,no,273.53,no,corr,None,None,None,None
2312,exp_acyclic_indvary2_step6_batch_yyy02.pl,x3,no,271.72,no,corr,None,None,None,None
2313,exp_acyclic_indvary2_step6_batch_yyy02.pl,v5,no,275.91,no,corr,None,None,None,None
2314,exp_acyclic_indvary2_step6_batch_yyy02.pl,s5,no,274.86,no,corr,None,None,None,None
2315,exp_acyclic_indvary2_step6_batch_yyy02.pl,a5,no,273.95,no,corr,None,None,None,None
2316,exp_acyclic_indvary2_step6_batch_yyy02.pl,t2,yes,293.98,yes,corr,None,None,None,None
2317,exp_acyclic_indvary2_step6_batch_yyy02.pl,d1,yes,289.13,yes,corr,None,None,None,None
2318,exp_acyclic_indvary2_step6_batch_yyy02.pl,q2,yes,291.42,yes,corr,None,None,None,None
2319,exp_acyclic_indvary2_step6_batch_yyy02.pl,w7,no,272.38,no,corr,None,None,None,None
2320,exp_acyclic_indvary2_step6_batch_yyy02.pl,v7,no,273.4,no,corr,None,None,None,None
2321,exp_acyclic_indvary2_step6_batch_yyy03.pl,v7,no,268.28,no,corr,None,None,None,None
2322,exp_acyclic_indvary2_step6_batch_yyy03.pl,x3,no,267.16,no,corr,None,None,None,None
2323,exp_acyclic_indvary2_step6_batch_yyy03.pl,f1,no,263.83,no,corr,None,None,None,None
2324,exp_acyclic_indvary2_step6_batch_yyy03.pl,s2,no,262.23,no,corr,None,None,None,None
2325,exp_acyclic_indvary2_step6_batch_yyy03.pl,c1,no,265.1,no,corr,None,None,None,None
2326,exp_acyclic_indvary2_step6_batch_yyy03.pl,s1,yes,281.91,yes,corr,None,None,None,None
2327,exp_acyclic_indvary2_step6_batch_yyy03.pl,a1,no,262.56,no,corr,None,None,None,None
2328,exp_acyclic_indvary2_step6_batch_yyy03.pl,u3,no,264.88,no,corr,None,None,None,None
2329,exp_acyclic_indvary2_step6_batch_yyy03.pl,e3,no,265.86,no,corr,None,None,None,None
2330,exp_acyclic_indvary2_step6_batch_yyy03.pl,r4,no,263.29,no,corr,None,None,None,None
2331,exp_acyclic_indvary2_step6_batch_yyy04.pl,a6,no,279.04,no,corr,None,None,None,None
2332,exp_acyclic_indvary2_step6_batch_yyy04.pl,u4,no,277.7,no,corr,None,None,None,None
2333,exp_acyclic_indvary2_step6_batch_yyy04.pl,w5,no,278.87,no,corr,None,None,None,None
2334,exp_acyclic_indvary2_step6_batch_yyy04.pl,c2,no,282.98,no,corr,None,None,None,None
2335,exp_acyclic_indvary2_step6_batch_yyy04.pl,e4,no,289.35,no,corr,None,None,None,None
2336,exp_acyclic_indvary2_step6_batch_yyy04.pl,c6,no,287.02,no,corr,None,None,None,None
2337,exp_acyclic_indvary2_step6_batch_yyy04.pl,a3,no,282.09,no,corr,None,None,None,None
2338,exp_acyclic_indvary2_step6_batch_yyy04.pl,y6,no,284.65,no,corr,None,None,None,None
2339,exp_acyclic_indvary2_step6_batch_yyy04.pl,y1,yes,300.84,yes,corr,None,None,None,None
2340,exp_acyclic_indvary2_step6_batch_yyy04.pl,r1,no,279.34,no,corr,None,None,None,None
2341,exp_acyclic_indvary2_step6_batch_yyy05.pl,e1,no,377.13,no,corr,None,None,None,None
2342,exp_acyclic_indvary2_step6_batch_yyy05.pl,c2,no,295.56,no,corr,None,None,None,None
2343,exp_acyclic_indvary2_step6_batch_yyy05.pl,x7,no,295.07,no,corr,None,None,None,None
2344,exp_acyclic_indvary2_step6_batch_yyy05.pl,w6,no,295.49,no,corr,None,None,None,None
2345,exp_acyclic_indvary2_step6_batch_yyy05.pl,e4,no,296.07,no,corr,None,None,None,None
2346,exp_acyclic_indvary2_step6_batch_yyy05.pl,f2,no,281.06,no,corr,None,None,None,None
2347,exp_acyclic_indvary2_step6_batch_yyy05.pl,y1,yes,312.08,yes,corr,None,None,None,None
2348,exp_acyclic_indvary2_step6_batch_yyy05.pl,s1,yes,310.44,yes,corr,None,None,None,None
2349,exp_acyclic_indvary2_step6_batch_yyy05.pl,y2,yes,311.08,yes,corr,None,None,None,None
2350,exp_acyclic_indvary2_step6_batch_yyy05.pl,x6,no,295.32,no,corr,None,None,None,None
2351,exp_acyclic_indvary2_step6_batch_yyy06.pl,t5,no,267.16,no,corr,None,None,None,None
2352,exp_acyclic_indvary2_step6_batch_yyy06.pl,z5,no,266.89,no,corr,None,None,None,None
2353,exp_acyclic_indvary2_step6_batch_yyy06.pl,e5,no,267.83,no,corr,None,None,None,None
2354,exp_acyclic_indvary2_step6_batch_yyy06.pl,s2,yes,281.55,yes,corr,None,None,None,None
2355,exp_acyclic_indvary2_step6_batch_yyy06.pl,z4,no,266.72,no,corr,None,None,None,None
2356,exp_acyclic_indvary2_step6_batch_yyy06.pl,v4,no,266.85,no,corr,None,None,None,None
2357,exp_acyclic_indvary2_step6_batch_yyy06.pl,a3,no,300.13,no,corr,None,None,None,None
2358,exp_acyclic_indvary2_step6_batch_yyy06.pl,x1,yes,295.85,yes,corr,None,None,None,None
2359,exp_acyclic_indvary2_step6_batch_yyy06.pl,s7,no,265.57,no,corr,None,None,None,None
2360,exp_acyclic_indvary2_step6_batch_yyy06.pl,f2,no,265.86,no,corr,None,None,None,None
2361,exp_acyclic_indvary2_step6_batch_yyy07.pl,u5,no,294.27,no,corr,None,None,None,None
2362,exp_acyclic_indvary2_step6_batch_yyy07.pl,u1,yes,310.3,yes,corr,None,None,None,None
2363,exp_acyclic_indvary2_step6_batch_yyy07.pl,v5,no,294.62,no,corr,None,None,None,None
2364,exp_acyclic_indvary2_step6_batch_yyy07.pl,s2,yes,311.68,yes,corr,None,None,None,None
2365,exp_acyclic_indvary2_step6_batch_yyy07.pl,e3,no,292.78,no,corr,None,None,None,None
2366,exp_acyclic_indvary2_step6_batch_yyy07.pl,d2,no,335.48,no,corr,None,None,None,None
2367,exp_acyclic_indvary2_step6_batch_yyy07.pl,v1,yes,313.58,yes,corr,None,None,None,None
2368,exp_acyclic_indvary2_step6_batch_yyy07.pl,p3,yes,295.12,yes,corr,None,None,None,None
2369,exp_acyclic_indvary2_step6_batch_yyy07.pl,t2,no,296.61,no,corr,None,None,None,None
2370,exp_acyclic_indvary2_step6_batch_yyy07.pl,s6,no,298.49,no,corr,None,None,None,None
2371,exp_acyclic_indvary2_step6_batch_yyy08.pl,u5,no,299.41,no,corr,None,None,None,None
2372,exp_acyclic_indvary2_step6_batch_yyy08.pl,b3,no,386.22,no,corr,None,None,None,None
2373,exp_acyclic_indvary2_step6_batch_yyy08.pl,t6,no,303.98,no,corr,None,None,None,None
2374,exp_acyclic_indvary2_step6_batch_yyy08.pl,d2,yes,305.08,yes,corr,None,None,None,None
2375,exp_acyclic_indvary2_step6_batch_yyy08.pl,x1,no,297.24,no,corr,None,None,None,None
2376,exp_acyclic_indvary2_step6_batch_yyy08.pl,s7,no,300.4,no,corr,None,None,None,None
2377,exp_acyclic_indvary2_step6_batch_yyy08.pl,e2,no,280.71,no,corr,None,None,None,None
2378,exp_acyclic_indvary2_step6_batch_yyy08.pl,q2,no,297.59,no,corr,None,None,None,None
2379,exp_acyclic_indvary2_step6_batch_yyy08.pl,w2,yes,302.86,yes,corr,None,None,None,None
2380,exp_acyclic_indvary2_step6_batch_yyy08.pl,e5,no,295.41,no,corr,None,None,None,None
2381,exp_acyclic_indvary2_step6_batch_yyy09.pl,u5,no,279.19,no,corr,None,None,None,None
2382,exp_acyclic_indvary2_step6_batch_yyy09.pl,t5,no,279.1,no,corr,None,None,None,None
2383,exp_acyclic_indvary2_step6_batch_yyy09.pl,b2,no,322.51,no,corr,None,None,None,None
2384,exp_acyclic_indvary2_step6_batch_yyy09.pl,p5,no,282.45,no,corr,None,None,None,None
2385,exp_acyclic_indvary2_step6_batch_yyy09.pl,e5,no,280.38,no,corr,None,None,None,None
2386,exp_acyclic_indvary2_step6_batch_yyy09.pl,t3,no,279.43,no,corr,None,None,None,None
2387,exp_acyclic_indvary2_step6_batch_yyy09.pl,b1,no,326.39,no,corr,None,None,None,None
2388,exp_acyclic_indvary2_step6_batch_yyy09.pl,b5,no,281.25,no,corr,None,None,None,None
2389,exp_acyclic_indvary2_step6_batch_yyy09.pl,d2,yes,306.59,yes,corr,None,None,None,None
2390,exp_acyclic_indvary2_step6_batch_yyy09.pl,e2,yes,304.18,yes,corr,None,None,None,None
2391,exp_acyclic_indvary2_step6_batch_yyy10.pl,z6,no,288.73,no,corr,None,None,None,None
2392,exp_acyclic_indvary2_step6_batch_yyy10.pl,p7,no,291.92,no,corr,None,None,None,None
2393,exp_acyclic_indvary2_step6_batch_yyy10.pl,x2,no,290.26,no,corr,None,None,None,None
2394,exp_acyclic_indvary2_step6_batch_yyy10.pl,c6,no,291.65,no,corr,None,None,None,None
2395,exp_acyclic_indvary2_step6_batch_yyy10.pl,x1,yes,309.3,yes,corr,None,None,None,None
2396,exp_acyclic_indvary2_step6_batch_yyy10.pl,r7,no,289.06,no,corr,None,None,None,None
2397,exp_acyclic_indvary2_step6_batch_yyy10.pl,e2,no,289.11,no,corr,None,None,None,None
2398,exp_acyclic_indvary2_step6_batch_yyy10.pl,q7,no,290.63,no,corr,None,None,None,None
2399,exp_acyclic_indvary2_step6_batch_yyy10.pl,c5,no,289.5,no,corr,None,None,None,None
2400,exp_acyclic_indvary2_step6_batch_yyy10.pl,c2,yes,305.93,yes,corr,None,None,None,None
2401,exp_acyclic_indvary2_step7_batch_yyy01.pl,t4,no,331.2,no,corr,None,None,None,None
2402,exp_acyclic_indvary2_step7_batch_yyy01.pl,b2,yes,352.74,yes,corr,None,None,None,None
2403,exp_acyclic_indvary2_step7_batch_yyy01.pl,p5,no,334.28,no,corr,None,None,None,None
2404,exp_acyclic_indvary2_step7_batch_yyy01.pl,r5,no,332.37,no,corr,None,None,None,None
2405,exp_acyclic_indvary2_step7_batch_yyy01.pl,z2,yes,356.22,yes,corr,None,None,None,None
2406,exp_acyclic_indvary2_step7_batch_yyy01.pl,b6,no,331.86,no,corr,None,None,None,None
2407,exp_acyclic_indvary2_step7_batch_yyy01.pl,r3,no,331.63,no,corr,None,None,None,None
2408,exp_acyclic_indvary2_step7_batch_yyy01.pl,w3,no,332.16,no,corr,None,None,None,None
2409,exp_acyclic_indvary2_step7_batch_yyy01.pl,r6,no,332.82,no,corr,None,None,None,None
2410,exp_acyclic_indvary2_step7_batch_yyy01.pl,e5,no,331.64,no,corr,None,None,None,None
2411,exp_acyclic_indvary2_step7_batch_yyy02.pl,s3,no,343.47,no,corr,None,None,None,None
2412,exp_acyclic_indvary2_step7_batch_yyy02.pl,z6,no,344.88,no,corr,None,None,None,None
2413,exp_acyclic_indvary2_step7_batch_yyy02.pl,e1,yes,365.26,yes,corr,None,None,None,None
2414,exp_acyclic_indvary2_step7_batch_yyy02.pl,v5,no,342.76,no,corr,None,None,None,None
2415,exp_acyclic_indvary2_step7_batch_yyy02.pl,q5,no,346.54,no,corr,None,None,None,None
2416,exp_acyclic_indvary2_step7_batch_yyy02.pl,c5,no,342.56,no,corr,None,None,None,None
2417,exp_acyclic_indvary2_step7_batch_yyy02.pl,f5,no,342.1,no,corr,None,None,None,None
2418,exp_acyclic_indvary2_step7_batch_yyy02.pl,p3,yes,364.9,yes,corr,None,None,None,None
2419,exp_acyclic_indvary2_step7_batch_yyy02.pl,z4,no,341.0,no,corr,None,None,None,None
2420,exp_acyclic_indvary2_step7_batch_yyy02.pl,r5,no,343.07,no,corr,None,None,None,None
2421,exp_acyclic_indvary2_step7_batch_yyy03.pl,z5,no,342.02,no,corr,None,None,None,None
2422,exp_acyclic_indvary2_step7_batch_yyy03.pl,x3,no,345.79,no,corr,None,None,None,None
2423,exp_acyclic_indvary2_step7_batch_yyy03.pl,w2,yes,364.47,yes,corr,None,None,None,None
2424,exp_acyclic_indvary2_step7_batch_yyy03.pl,u7,no,348.32,no,corr,None,None,None,None
2425,exp_acyclic_indvary2_step7_batch_yyy03.pl,s5,no,346.91,no,corr,None,None,None,None
2426,exp_acyclic_indvary2_step7_batch_yyy03.pl,c2,no,330.84,no,corr,None,None,None,None
2427,exp_acyclic_indvary2_step7_batch_yyy03.pl,b5,no,346.43,no,corr,None,None,None,None
2428,exp_acyclic_indvary2_step7_batch_yyy03.pl,u3,no,343.24,no,corr,None,None,None,None
2429,exp_acyclic_indvary2_step7_batch_yyy03.pl,r1,no,340.51,no,corr,None,None,None,None
2430,exp_acyclic_indvary2_step7_batch_yyy03.pl,r7,no,348.78,no,corr,None,None,None,None
2431,exp_acyclic_indvary2_step7_batch_yyy04.pl,t4,no,320.55,no,corr,None,None,None,None
2432,exp_acyclic_indvary2_step7_batch_yyy04.pl,u7,no,321.21,no,corr,None,None,None,None
2433,exp_acyclic_indvary2_step7_batch_yyy04.pl,t3,no,325.02,no,corr,None,None,None,None
2434,exp_acyclic_indvary2_step7_batch_yyy04.pl,c5,no,321.26,no,corr,None,None,None,None
2435,exp_acyclic_indvary2_step7_batch_yyy04.pl,d2,no,421.31,no,corr,None,None,None,None
2436,exp_acyclic_indvary2_step7_batch_yyy04.pl,t1,yes,339.66,yes,corr,None,None,None,None
2437,exp_acyclic_indvary2_step7_batch_yyy04.pl,q3,yes,339.52,yes,corr,None,None,None,None
2438,exp_acyclic_indvary2_step7_batch_yyy04.pl,y2,yes,339.41,yes,corr,None,None,None,None
2439,exp_acyclic_indvary2_step7_batch_yyy04.pl,y5,no,304.28,no,corr,None,None,None,None
2440,exp_acyclic_indvary2_step7_batch_yyy04.pl,y6,no,323.61,no,corr,None,None,None,None
2441,exp_acyclic_indvary2_step7_batch_yyy05.pl,u6,no,318.11,no,corr,None,None,None,None
2442,exp_acyclic_indvary2_step7_batch_yyy05.pl,c4,no,315.12,no,corr,None,None,None,None
2443,exp_acyclic_indvary2_step7_batch_yyy05.pl,s4,no,312.22,no,corr,None,None,None,None
2444,exp_acyclic_indvary2_step7_batch_yyy05.pl,c5,no,314.21,no,corr,None,None,None,None
2445,exp_acyclic_indvary2_step7_batch_yyy05.pl,q4,no,318.85,no,corr,None,None,None,None
2446,exp_acyclic_indvary2_step7_batch_yyy05.pl,f5,no,316.96,no,corr,None,None,None,None
2447,exp_acyclic_indvary2_step7_batch_yyy05.pl,w1,yes,335.95,yes,corr,None,None,None,None
2448,exp_acyclic_indvary2_step7_batch_yyy05.pl,e3,no,320.38,no,corr,None,None,None,None
2449,exp_acyclic_indvary2_step7_batch_yyy05.pl,y2,yes,338.5,yes,corr,None,None,None,None
2450,exp_acyclic_indvary2_step7_batch_yyy05.pl,q2,yes,352.06,yes,corr,None,None,None,None
2451,exp_acyclic_indvary2_step7_batch_yyy06.pl,s4,no,315.8,no,corr,None,None,None,None
2452,exp_acyclic_indvary2_step7_batch_yyy06.pl,w2,yes,338.11,yes,corr,None,None,None,None
2453,exp_acyclic_indvary2_step7_batch_yyy06.pl,w4,no,316.82,no,corr,None,None,None,None
2454,exp_acyclic_indvary2_step7_batch_yyy06.pl,f4,no,318.29,no,corr,None,None,None,None
2455,exp_acyclic_indvary2_step7_batch_yyy06.pl,x1,yes,333.75,yes,corr,None,None,None,None
2456,exp_acyclic_indvary2_step7_batch_yyy06.pl,r7,no,317.34,no,corr,None,None,None,None
2457,exp_acyclic_indvary2_step7_batch_yyy06.pl,p1,yes,334.38,yes,corr,None,None,None,None
2458,exp_acyclic_indvary2_step7_batch_yyy06.pl,a2,yes,336.62,yes,corr,None,None,None,None
2459,exp_acyclic_indvary2_step7_batch_yyy06.pl,p6,no,315.96,no,corr,None,None,None,None
2460,exp_acyclic_indvary2_step7_batch_yyy06.pl,q2,yes,334.81,yes,corr,None,None,None,None
2461,exp_acyclic_indvary2_step7_batch_yyy07.pl,u6,no,315.78,no,corr,None,None,None,None
2462,exp_acyclic_indvary2_step7_batch_yyy07.pl,b2,yes,335.36,yes,corr,None,None,None,None
2463,exp_acyclic_indvary2_step7_batch_yyy07.pl,v7,no,315.02,no,corr,None,None,None,None
2464,exp_acyclic_indvary2_step7_batch_yyy07.pl,z5,no,313.18,no,corr,None,None,None,None
2465,exp_acyclic_indvary2_step7_batch_yyy07.pl,s1,yes,331.44,yes,corr,None,None,None,None
2466,exp_acyclic_indvary2_step7_batch_yyy07.pl,f4,no,313.83,no,corr,None,None,None,None
2467,exp_acyclic_indvary2_step7_batch_yyy07.pl,y2,yes,333.09,yes,corr,None,None,None,None
2468,exp_acyclic_indvary2_step7_batch_yyy07.pl,r7,no,313.23,no,corr,None,None,None,None
2469,exp_acyclic_indvary2_step7_batch_yyy07.pl,z4,no,311.47,no,corr,None,None,None,None
2470,exp_acyclic_indvary2_step7_batch_yyy07.pl,r5,no,309.32,no,corr,None,None,None,None
2471,exp_acyclic_indvary2_step7_batch_yyy08.pl,q6,no,331.42,no,corr,None,None,None,None
2472,exp_acyclic_indvary2_step7_batch_yyy08.pl,d3,no,332.17,no,corr,None,None,None,None
2473,exp_acyclic_indvary2_step7_batch_yyy08.pl,v5,no,332.31,no,corr,None,None,None,None
2474,exp_acyclic_indvary2_step7_batch_yyy08.pl,w6,no,337.27,no,corr,None,None,None,None
2475,exp_acyclic_indvary2_step7_batch_yyy08.pl,r5,no,329.09,no,corr,None,None,None,None
2476,exp_acyclic_indvary2_step7_batch_yyy08.pl,u2,yes,354.23,yes,corr,None,None,None,None
2477,exp_acyclic_indvary2_step7_batch_yyy08.pl,s4,no,329.1,no,corr,None,None,None,None
2478,exp_acyclic_indvary2_step7_batch_yyy08.pl,v7,no,334.92,no,corr,None,None,None,None
2479,exp_acyclic_indvary2_step7_batch_yyy08.pl,y2,yes,351.28,yes,corr,None,None,None,None
2480,exp_acyclic_indvary2_step7_batch_yyy08.pl,x6,no,331.0,no,corr,None,None,None,None
2481,exp_acyclic_indvary2_step7_batch_yyy09.pl,a6,no,335.82,no,corr,None,None,None,None
2482,exp_acyclic_indvary2_step7_batch_yyy09.pl,e1,no,320.38,no,corr,None,None,None,None
2483,exp_acyclic_indvary2_step7_batch_yyy09.pl,d4,no,336.58,no,corr,None,None,None,None
2484,exp_acyclic_indvary2_step7_batch_yyy09.pl,b4,no,16.34,no,corr,None,None,None,None
2485,exp_acyclic_indvary2_step7_batch_yyy09.pl,a4,no,15.56,no,corr,None,None,None,None
2486,exp_acyclic_indvary2_step7_batch_yyy09.pl,z4,no,15.81,no,corr,None,None,None,None
2487,exp_acyclic_indvary2_step7_batch_yyy09.pl,v1,yes,17.25,yes,corr,None,None,None,None
2488,exp_acyclic_indvary2_step7_batch_yyy09.pl,b5,no,15.84,no,corr,None,None,None,None
2489,exp_acyclic_indvary2_step7_batch_yyy09.pl,y2,no,16.35,no,corr,None,None,None,None
2490,exp_acyclic_indvary2_step7_batch_yyy09.pl,q7,no,15.9,no,corr,None,None,None,None
2491,exp_acyclic_indvary2_step7_batch_yyy10.pl,t5,no,16.25,no,corr,None,None,None,None
2492,exp_acyclic_indvary2_step7_batch_yyy10.pl,z6,no,16.07,no,corr,None,None,None,None
2493,exp_acyclic_indvary2_step7_batch_yyy10.pl,e1,no,20.57,no,corr,None,None,None,None
2494,exp_acyclic_indvary2_step7_batch_yyy10.pl,s5,no,16.02,no,corr,None,None,None,None
2495,exp_acyclic_indvary2_step7_batch_yyy10.pl,x1,yes,17.26,yes,corr,None,None,None,None
2496,exp_acyclic_indvary2_step7_batch_yyy10.pl,p6,no,16.68,no,corr,None,None,None,None
2497,exp_acyclic_indvary2_step7_batch_yyy10.pl,s4,no,16.33,no,corr,None,None,None,None
2498,exp_acyclic_indvary2_step7_batch_yyy10.pl,w7,no,16.04,no,corr,None,None,None,None
2499,exp_acyclic_indvary2_step7_batch_yyy10.pl,c1,no,23.42,no,corr,None,None,None,None
2500,exp_acyclic_indvary2_step7_batch_yyy10.pl,s6,no,16.4,no,corr,None,None,None,None
2501,exp_acyclic_indvary2_step8_batch_yyy01.pl,q6,no,17.34,no,corr,None,None,None,None
2502,exp_acyclic_indvary2_step8_batch_yyy01.pl,c5,no,17.66,no,corr,None,None,None,None
2503,exp_acyclic_indvary2_step8_batch_yyy01.pl,v4,no,17.39,no,corr,None,None,None,None
2504,exp_acyclic_indvary2_step8_batch_yyy01.pl,d2,yes,19.07,yes,corr,None,None,None,None
2505,exp_acyclic_indvary2_step8_batch_yyy01.pl,p2,yes,18.37,yes,corr,None,None,None,None
2506,exp_acyclic_indvary2_step8_batch_yyy01.pl,r7,no,17.86,no,corr,None,None,None,None
2507,exp_acyclic_indvary2_step8_batch_yyy01.pl,w3,no,17.09,no,corr,None,None,None,None
2508,exp_acyclic_indvary2_step8_batch_yyy01.pl,x5,no,17.76,no,corr,None,None,None,None
2509,exp_acyclic_indvary2_step8_batch_yyy01.pl,t2,yes,18.25,yes,corr,None,None,None,None
2510,exp_acyclic_indvary2_step8_batch_yyy01.pl,s6,no,17.89,no,corr,None,None,None,None
2511,exp_acyclic_indvary2_step8_batch_yyy02.pl,f1,yes,19.6,yes,corr,None,None,None,None
2512,exp_acyclic_indvary2_step8_batch_yyy02.pl,r5,no,18.62,no,corr,None,None,None,None
2513,exp_acyclic_indvary2_step8_batch_yyy02.pl,v3,no,17.99,no,corr,None,None,None,None
2514,exp_acyclic_indvary2_step8_batch_yyy02.pl,d1,yes,20.33,yes,corr,None,None,None,None
2515,exp_acyclic_indvary2_step8_batch_yyy02.pl,y5,no,18.36,no,corr,None,None,None,None
2516,exp_acyclic_indvary2_step8_batch_yyy02.pl,f2,yes,19.82,yes,corr,None,None,None,None
2517,exp_acyclic_indvary2_step8_batch_yyy02.pl,v2,no,17.02,no,corr,None,None,None,None
2518,exp_acyclic_indvary2_step8_batch_yyy02.pl,q6,no,16.31,no,corr,None,None,None,None
2519,exp_acyclic_indvary2_step8_batch_yyy02.pl,v5,no,16.26,no,corr,None,None,None,None
2520,exp_acyclic_indvary2_step8_batch_yyy02.pl,w5,no,16.3,no,corr,None,None,None,None
2521,exp_acyclic_indvary2_step8_batch_yyy03.pl,d5,no,15.37,no,corr,None,None,None,None
2522,exp_acyclic_indvary2_step8_batch_yyy03.pl,v7,no,15.44,no,corr,None,None,None,None
2523,exp_acyclic_indvary2_step8_batch_yyy03.pl,d3,no,15.48,no,corr,None,None,None,None
2524,exp_acyclic_indvary2_step8_batch_yyy03.pl,t6,no,15.36,no,corr,None,None,None,None
2525,exp_acyclic_indvary2_step8_batch_yyy03.pl,f5,no,15.5,no,corr,None,None,None,None
2526,exp_acyclic_indvary2_step8_batch_yyy03.pl,z3,no,15.37,no,corr,None,None,None,None
2527,exp_acyclic_indvary2_step8_batch_yyy03.pl,d1,yes,16.51,yes,corr,None,None,None,None
2528,exp_acyclic_indvary2_step8_batch_yyy03.pl,q7,no,15.42,no,corr,None,None,None,None
2529,exp_acyclic_indvary2_step8_batch_yyy03.pl,r2,yes,16.58,yes,corr,None,None,None,None
2530,exp_acyclic_indvary2_step8_batch_yyy03.pl,r7,no,15.32,no,corr,None,None,None,None
2531,exp_acyclic_indvary2_step8_batch_yyy04.pl,p4,no,16.21,no,corr,None,None,None,None
2532,exp_acyclic_indvary2_step8_batch_yyy04.pl,q5,no,15.52,no,corr,None,None,None,None
2533,exp_acyclic_indvary2_step8_batch_yyy04.pl,x5,no,15.52,no,corr,None,None,None,None
2534,exp_acyclic_indvary2_step8_batch_yyy04.pl,p2,no,15.6,no,corr,None,None,None,None
2535,exp_acyclic_indvary2_step8_batch_yyy04.pl,f1,yes,16.66,yes,corr,None,None,None,None
2536,exp_acyclic_indvary2_step8_batch_yyy04.pl,e5,no,15.46,no,corr,None,None,None,None
2537,exp_acyclic_indvary2_step8_batch_yyy04.pl,w5,no,15.56,no,corr,None,None,None,None
2538,exp_acyclic_indvary2_step8_batch_yyy04.pl,u7,no,15.58,no,corr,None,None,None,None
2539,exp_acyclic_indvary2_step8_batch_yyy04.pl,e2,no,15.55,no,corr,None,None,None,None
2540,exp_acyclic_indvary2_step8_batch_yyy04.pl,t1,yes,17.58,yes,corr,None,None,None,None
2541,exp_acyclic_indvary2_step8_batch_yyy05.pl,p4,no,15.8,no,corr,None,None,None,None
2542,exp_acyclic_indvary2_step8_batch_yyy05.pl,w2,yes,16.88,yes,corr,None,None,None,None
2543,exp_acyclic_indvary2_step8_batch_yyy05.pl,b1,yes,17.09,yes,corr,None,None,None,None
2544,exp_acyclic_indvary2_step8_batch_yyy05.pl,x2,yes,16.95,yes,corr,None,None,None,None
2545,exp_acyclic_indvary2_step8_batch_yyy05.pl,t2,yes,17.12,yes,corr,None,None,None,None
2546,exp_acyclic_indvary2_step8_batch_yyy05.pl,y2,yes,16.77,yes,corr,None,None,None,None
2547,exp_acyclic_indvary2_step8_batch_yyy05.pl,b6,no,15.99,no,corr,None,None,None,None
2548,exp_acyclic_indvary2_step8_batch_yyy05.pl,a2,no,19.52,no,corr,None,None,None,None
2549,exp_acyclic_indvary2_step8_batch_yyy05.pl,b4,no,15.92,no,corr,None,None,None,None
2550,exp_acyclic_indvary2_step8_batch_yyy05.pl,t3,no,15.8,no,corr,None,None,None,None
2551,exp_acyclic_indvary2_step8_batch_yyy06.pl,v6,no,15.44,no,corr,None,None,None,None
2552,exp_acyclic_indvary2_step8_batch_yyy06.pl,w5,no,15.37,no,corr,None,None,None,None
2553,exp_acyclic_indvary2_step8_batch_yyy06.pl,f3,no,15.61,no,corr,None,None,None,None
2554,exp_acyclic_indvary2_step8_batch_yyy06.pl,e3,no,15.52,no,corr,None,None,None,None
2555,exp_acyclic_indvary2_step8_batch_yyy06.pl,r1,yes,17.43,yes,corr,None,None,None,None
2556,exp_acyclic_indvary2_step8_batch_yyy06.pl,b6,no,15.6,no,corr,None,None,None,None
2557,exp_acyclic_indvary2_step8_batch_yyy06.pl,p1,yes,17.53,yes,corr,None,None,None,None
2558,exp_acyclic_indvary2_step8_batch_yyy06.pl,q2,no,15.41,no,corr,None,None,None,None
2559,exp_acyclic_indvary2_step8_batch_yyy06.pl,c5,no,15.29,no,corr,None,None,None,None
2560,exp_acyclic_indvary2_step8_batch_yyy06.pl,b1,no,15.92,no,corr,None,None,None,None
2561,exp_acyclic_indvary2_step8_batch_yyy07.pl,u5,no,16.85,no,corr,None,None,None,None
2562,exp_acyclic_indvary2_step8_batch_yyy07.pl,z5,no,16.78,no,corr,None,None,None,None
2563,exp_acyclic_indvary2_step8_batch_yyy07.pl,b4,no,16.59,no,corr,None,None,None,None
2564,exp_acyclic_indvary2_step8_batch_yyy07.pl,w1,yes,17.79,yes,corr,None,None,None,None
2565,exp_acyclic_indvary2_step8_batch_yyy07.pl,x5,no,16.83,no,corr,None,None,None,None
2566,exp_acyclic_indvary2_step8_batch_yyy07.pl,u3,no,16.74,no,corr,None,None,None,None
2567,exp_acyclic_indvary2_step8_batch_yyy07.pl,s2,yes,17.79,yes,corr,None,None,None,None
2568,exp_acyclic_indvary2_step8_batch_yyy07.pl,a5,no,16.89,no,corr,None,None,None,None
2569,exp_acyclic_indvary2_step8_batch_yyy07.pl,y1,yes,17.81,yes,corr,None,None,None,None
2570,exp_acyclic_indvary2_step8_batch_yyy07.pl,r1,yes,18.24,yes,corr,None,None,None,None
2571,exp_acyclic_indvary2_step8_batch_yyy08.pl,z6,no,16.16,no,corr,None,None,None,None
2572,exp_acyclic_indvary2_step8_batch_yyy08.pl,v2,yes,17.01,yes,corr,None,None,None,None
2573,exp_acyclic_indvary2_step8_batch_yyy08.pl,c5,no,15.85,no,corr,None,None,None,None
2574,exp_acyclic_indvary2_step8_batch_yyy08.pl,w6,no,15.82,no,corr,None,None,None,None
2575,exp_acyclic_indvary2_step8_batch_yyy08.pl,z4,no,15.87,no,corr,None,None,None,None
2576,exp_acyclic_indvary2_step8_batch_yyy08.pl,s1,yes,17.9,yes,corr,None,None,None,None
2577,exp_acyclic_indvary2_step8_batch_yyy08.pl,a3,yes,17.12,yes,corr,None,None,None,None
2578,exp_acyclic_indvary2_step8_batch_yyy08.pl,q7,no,15.94,no,corr,None,None,None,None
2579,exp_acyclic_indvary2_step8_batch_yyy08.pl,x5,no,15.85,no,corr,None,None,None,None
2580,exp_acyclic_indvary2_step8_batch_yyy08.pl,b5,no,16.89,no,corr,None,None,None,None
2581,exp_acyclic_indvary2_step8_batch_yyy09.pl,q6,no,15.71,no,corr,None,None,None,None
2582,exp_acyclic_indvary2_step8_batch_yyy09.pl,t6,no,15.61,no,corr,None,None,None,None
2583,exp_acyclic_indvary2_step8_batch_yyy09.pl,e3,no,15.5,no,corr,None,None,None,None
2584,exp_acyclic_indvary2_step8_batch_yyy09.pl,r1,no,16.25,no,corr,None,None,None,None
2585,exp_acyclic_indvary2_step8_batch_yyy09.pl,d4,no,15.62,no,corr,None,None,None,None
2586,exp_acyclic_indvary2_step8_batch_yyy09.pl,x3,no,15.85,no,corr,None,None,None,None
2587,exp_acyclic_indvary2_step8_batch_yyy09.pl,f1,no,21.75,no,corr,None,None,None,None
2588,exp_acyclic_indvary2_step8_batch_yyy09.pl,e5,no,15.41,no,corr,None,None,None,None
2589,exp_acyclic_indvary2_step8_batch_yyy09.pl,f4,no,15.38,no,corr,None,None,None,None
2590,exp_acyclic_indvary2_step8_batch_yyy09.pl,a3,no,23.39,no,corr,None,None,None,None
2591,exp_acyclic_indvary2_step8_batch_yyy10.pl,c3,no,15.73,no,corr,None,None,None,None
2592,exp_acyclic_indvary2_step8_batch_yyy10.pl,v7,no,16.93,no,corr,None,None,None,None
2593,exp_acyclic_indvary2_step8_batch_yyy10.pl,v6,no,18.14,no,corr,None,None,None,None
2594,exp_acyclic_indvary2_step8_batch_yyy10.pl,b4,no,18.74,no,corr,None,None,None,None
2595,exp_acyclic_indvary2_step8_batch_yyy10.pl,t6,no,18.72,no,corr,None,None,None,None
2596,exp_acyclic_indvary2_step8_batch_yyy10.pl,e3,no,18.88,no,corr,None,None,None,None
2597,exp_acyclic_indvary2_step8_batch_yyy10.pl,a3,yes,18.76,yes,corr,None,None,None,None
2598,exp_acyclic_indvary2_step8_batch_yyy10.pl,d1,no,17.26,no,corr,None,None,None,None
2599,exp_acyclic_indvary2_step8_batch_yyy10.pl,w6,no,18.43,no,corr,None,None,None,None
2600,exp_acyclic_indvary2_step8_batch_yyy10.pl,x2,yes,20.84,yes,corr,None,None,None,None
2601,exp_acyclic_indvary3_step1_batch_yyy01.pl,t3,no,1.6,no,corr,None,None,None,None
2602,exp_acyclic_indvary3_step1_batch_yyy01.pl,a5,no,1.52,no,corr,None,None,None,None
2603,exp_acyclic_indvary3_step1_batch_yyy01.pl,p3,yes,1.66,yes,corr,None,None,None,None
2604,exp_acyclic_indvary3_step1_batch_yyy01.pl,c1,no,2.58,no,corr,None,None,None,None
2605,exp_acyclic_indvary3_step1_batch_yyy01.pl,e3,no,1.53,no,corr,None,None,None,None
2606,exp_acyclic_indvary3_step1_batch_yyy01.pl,q3,yes,1.65,yes,corr,None,None,None,None
2607,exp_acyclic_indvary3_step1_batch_yyy01.pl,r7,no,1.68,no,corr,None,None,None,None
2608,exp_acyclic_indvary3_step1_batch_yyy01.pl,u2,yes,1.78,yes,corr,None,None,None,None
2609,exp_acyclic_indvary3_step1_batch_yyy01.pl,r1,no,1.68,no,corr,None,None,None,None
2610,exp_acyclic_indvary3_step1_batch_yyy01.pl,d2,yes,1.73,yes,corr,None,None,None,None
2611,exp_acyclic_indvary3_step1_batch_yyy02.pl,u6,no,1.58,no,corr,None,None,None,None
2612,exp_acyclic_indvary3_step1_batch_yyy02.pl,z5,no,1.6,no,corr,None,None,None,None
2613,exp_acyclic_indvary3_step1_batch_yyy02.pl,f1,no,1.56,no,corr,None,None,None,None
2614,exp_acyclic_indvary3_step1_batch_yyy02.pl,v5,no,1.62,no,corr,None,None,None,None
2615,exp_acyclic_indvary3_step1_batch_yyy02.pl,c2,yes,1.59,yes,corr,None,None,None,None
2616,exp_acyclic_indvary3_step1_batch_yyy02.pl,x7,no,1.6,no,corr,None,None,None,None
2617,exp_acyclic_indvary3_step1_batch_yyy02.pl,f5,no,1.58,no,corr,None,None,None,None
2618,exp_acyclic_indvary3_step1_batch_yyy02.pl,v1,yes,1.58,yes,corr,None,None,None,None
2619,exp_acyclic_indvary3_step1_batch_yyy02.pl,t7,no,1.64,no,corr,None,None,None,None
2620,exp_acyclic_indvary3_step1_batch_yyy02.pl,y5,no,1.58,no,corr,None,None,None,None
2621,exp_acyclic_indvary3_step1_batch_yyy03.pl,q6,no,1.71,no,corr,None,None,None,None
2622,exp_acyclic_indvary3_step1_batch_yyy03.pl,u1,no,1.73,no,corr,None,None,None,None
2623,exp_acyclic_indvary3_step1_batch_yyy03.pl,c5,no,1.75,no,corr,None,None,None,None
2624,exp_acyclic_indvary3_step1_batch_yyy03.pl,t7,no,1.71,no,corr,None,None,None,None
2625,exp_acyclic_indvary3_step1_batch_yyy03.pl,y2,no,1.87,no,corr,None,None,None,None
2626,exp_acyclic_indvary3_step1_batch_yyy03.pl,e2,yes,1.67,yes,corr,None,None,None,None
2627,exp_acyclic_indvary3_step1_batch_yyy03.pl,e3,no,1.66,no,corr,None,None,None,None
2628,exp_acyclic_indvary3_step1_batch_yyy03.pl,r4,no,1.66,no,corr,None,None,None,None
2629,exp_acyclic_indvary3_step1_batch_yyy03.pl,y1,yes,1.7,yes,corr,None,None,None,None
2630,exp_acyclic_indvary3_step1_batch_yyy03.pl,s1,no,1.6,no,corr,None,None,None,None
2631,exp_acyclic_indvary3_step1_batch_yyy04.pl,z5,no,1.52,no,corr,None,None,None,None
2632,exp_acyclic_indvary3_step1_batch_yyy04.pl,d4,no,1.53,no,corr,None,None,None,None
2633,exp_acyclic_indvary3_step1_batch_yyy04.pl,u4,no,1.47,no,corr,None,None,None,None
2634,exp_acyclic_indvary3_step1_batch_yyy04.pl,b1,yes,1.53,yes,corr,None,None,None,None
2635,exp_acyclic_indvary3_step1_batch_yyy04.pl,x7,no,1.55,no,corr,None,None,None,None
2636,exp_acyclic_indvary3_step1_batch_yyy04.pl,s6,no,1.54,no,corr,None,None,None,None
2637,exp_acyclic_indvary3_step1_batch_yyy04.pl,d2,no,1.57,no,corr,None,None,None,None
2638,exp_acyclic_indvary3_step1_batch_yyy04.pl,r2,no,1.54,no,corr,None,None,None,None
2639,exp_acyclic_indvary3_step1_batch_yyy04.pl,c3,yes,1.58,yes,corr,None,None,None,None
2640,exp_acyclic_indvary3_step1_batch_yyy04.pl,s3,yes,1.53,yes,corr,None,None,None,None
2641,exp_acyclic_indvary3_step1_batch_yyy05.pl,z6,no,1.77,no,corr,None,None,None,None
2642,exp_acyclic_indvary3_step1_batch_yyy05.pl,b3,no,1.72,no,corr,None,None,None,None
2643,exp_acyclic_indvary3_step1_batch_yyy05.pl,v2,no,1.77,no,corr,None,None,None,None
2644,exp_acyclic_indvary3_step1_batch_yyy05.pl,x3,yes,1.87,yes,corr,None,None,None,None
2645,exp_acyclic_indvary3_step1_batch_yyy05.pl,t3,yes,1.86,yes,corr,None,None,None,None
2646,exp_acyclic_indvary3_step1_batch_yyy05.pl,w4,no,1.8,no,corr,None,None,None,None
2647,exp_acyclic_indvary3_step1_batch_yyy05.pl,t2,yes,1.77,yes,corr,None,None,None,None
2648,exp_acyclic_indvary3_step1_batch_yyy05.pl,r2,no,1.81,no,corr,None,None,None,None
2649,exp_acyclic_indvary3_step1_batch_yyy05.pl,s1,yes,1.96,yes,corr,None,None,None,None
2650,exp_acyclic_indvary3_step1_batch_yyy05.pl,d2,yes,1.87,yes,corr,None,None,None,None
2651,exp_acyclic_indvary3_step1_batch_yyy06.pl,u6,no,1.23,no,corr,None,None,None,None
2652,exp_acyclic_indvary3_step1_batch_yyy06.pl,d3,no,1.23,no,corr,None,None,None,None
2653,exp_acyclic_indvary3_step1_batch_yyy06.pl,w5,no,1.24,no,corr,None,None,None,None
2654,exp_acyclic_indvary3_step1_batch_yyy06.pl,b4,no,1.24,no,corr,None,None,None,None
2655,exp_acyclic_indvary3_step1_batch_yyy06.pl,v1,yes,1.65,yes,corr,None,None,None,None
2656,exp_acyclic_indvary3_step1_batch_yyy06.pl,t7,no,1.23,no,corr,None,None,None,None
2657,exp_acyclic_indvary3_step1_batch_yyy06.pl,p2,no,1.23,no,corr,None,None,None,None
2658,exp_acyclic_indvary3_step1_batch_yyy06.pl,q3,yes,1.3,yes,corr,None,None,None,None
2659,exp_acyclic_indvary3_step1_batch_yyy06.pl,v3,no,1.33,no,corr,None,None,None,None
2660,exp_acyclic_indvary3_step1_batch_yyy06.pl,a2,no,1.67,no,corr,None,None,None,None
2661,exp_acyclic_indvary3_step1_batch_yyy07.pl,b2,yes,1.15,yes,corr,None,None,None,None
2662,exp_acyclic_indvary3_step1_batch_yyy07.pl,c2,no,1.46,no,corr,None,None,None,None
2663,exp_acyclic_indvary3_step1_batch_yyy07.pl,u3,no,1.01,no,corr,None,None,None,None
2664,exp_acyclic_indvary3_step1_batch_yyy07.pl,y1,no,1.05,no,corr,None,None,None,None
2665,exp_acyclic_indvary3_step1_batch_yyy07.pl,r2,no,1.09,no,corr,None,None,None,None
2666,exp_acyclic_indvary3_step1_batch_yyy07.pl,u2,no,1.06,no,corr,None,None,None,None
2667,exp_acyclic_indvary3_step1_batch_yyy07.pl,q7,no,1.12,no,corr,None,None,None,None
2668,exp_acyclic_indvary3_step1_batch_yyy07.pl,y5,no,1.13,no,corr,None,None,None,None
2669,exp_acyclic_indvary3_step1_batch_yyy07.pl,p6,no,1.06,no,corr,None,None,None,None
2670,exp_acyclic_indvary3_step1_batch_yyy07.pl,q2,no,1.05,no,corr,None,None,None,None
2671,exp_acyclic_indvary3_step1_batch_yyy08.pl,s3,no,1.66,no,corr,None,None,None,None
2672,exp_acyclic_indvary3_step1_batch_yyy08.pl,s4,no,1.56,no,corr,None,None,None,None
2673,exp_acyclic_indvary3_step1_batch_yyy08.pl,x3,yes,1.64,yes,corr,None,None,None,None
2674,exp_acyclic_indvary3_step1_batch_yyy08.pl,f1,no,1.63,no,corr,None,None,None,None
2675,exp_acyclic_indvary3_step1_batch_yyy08.pl,q1,yes,1.72,yes,corr,None,None,None,None
2676,exp_acyclic_indvary3_step1_batch_yyy08.pl,p6,no,1.64,no,corr,None,None,None,None
2677,exp_acyclic_indvary3_step1_batch_yyy08.pl,z5,no,1.69,no,corr,None,None,None,None
2678,exp_acyclic_indvary3_step1_batch_yyy08.pl,v2,yes,1.8,yes,corr,None,None,None,None
2679,exp_acyclic_indvary3_step1_batch_yyy08.pl,q3,no,1.83,no,corr,None,None,None,None
2680,exp_acyclic_indvary3_step1_batch_yyy08.pl,x6,no,1.69,no,corr,None,None,None,None
2681,exp_acyclic_indvary3_step1_batch_yyy09.pl,v6,no,1.54,no,corr,None,None,None,None
2682,exp_acyclic_indvary3_step1_batch_yyy09.pl,v5,no,1.52,no,corr,None,None,None,None
2683,exp_acyclic_indvary3_step1_batch_yyy09.pl,c3,no,1.89,no,corr,None,None,None,None
2684,exp_acyclic_indvary3_step1_batch_yyy09.pl,t5,no,1.58,no,corr,None,None,None,None
2685,exp_acyclic_indvary3_step1_batch_yyy09.pl,d3,no,1.55,no,corr,None,None,None,None
2686,exp_acyclic_indvary3_step1_batch_yyy09.pl,u4,no,1.61,no,corr,None,None,None,None
2687,exp_acyclic_indvary3_step1_batch_yyy09.pl,s2,yes,1.65,yes,corr,None,None,None,None
2688,exp_acyclic_indvary3_step1_batch_yyy09.pl,c2,yes,1.65,yes,corr,None,None,None,None
2689,exp_acyclic_indvary3_step1_batch_yyy09.pl,y3,yes,1.68,yes,corr,None,None,None,None
2690,exp_acyclic_indvary3_step1_batch_yyy09.pl,r5,no,1.55,no,corr,None,None,None,None
2691,exp_acyclic_indvary3_step1_batch_yyy10.pl,d5,no,1.48,no,corr,None,None,None,None
2692,exp_acyclic_indvary3_step1_batch_yyy10.pl,w7,no,1.42,no,corr,None,None,None,None
2693,exp_acyclic_indvary3_step1_batch_yyy10.pl,e5,no,1.43,no,corr,None,None,None,None
2694,exp_acyclic_indvary3_step1_batch_yyy10.pl,c5,no,1.41,no,corr,None,None,None,None
2695,exp_acyclic_indvary3_step1_batch_yyy10.pl,p3,yes,1.42,yes,corr,None,None,None,None
2696,exp_acyclic_indvary3_step1_batch_yyy10.pl,c1,yes,1.36,yes,corr,None,None,None,None
2697,exp_acyclic_indvary3_step1_batch_yyy10.pl,r1,no,1.29,no,corr,None,None,None,None
2698,exp_acyclic_indvary3_step1_batch_yyy10.pl,b6,no,1.35,no,corr,None,None,None,None
2699,exp_acyclic_indvary3_step1_batch_yyy10.pl,v3,no,1.35,no,corr,None,None,None,None
2700,exp_acyclic_indvary3_step1_batch_yyy10.pl,e2,yes,1.38,yes,corr,None,None,None,None
2701,exp_acyclic_indvary3_step2_batch_yyy01.pl,u6,no,1.87,no,corr,None,None,None,None
2702,exp_acyclic_indvary3_step2_batch_yyy01.pl,q6,no,1.86,no,corr,None,None,None,None
2703,exp_acyclic_indvary3_step2_batch_yyy01.pl,p4,yes,3.3,yes,corr,None,None,None,None
2704,exp_acyclic_indvary3_step2_batch_yyy01.pl,e5,no,1.88,no,corr,None,None,None,None
2705,exp_acyclic_indvary3_step2_batch_yyy01.pl,x7,no,1.87,no,corr,None,None,None,None
2706,exp_acyclic_indvary3_step2_batch_yyy01.pl,z4,no,1.85,no,corr,None,None,None,None
2707,exp_acyclic_indvary3_step2_batch_yyy01.pl,r4,no,1.94,no,corr,None,None,None,None
2708,exp_acyclic_indvary3_step2_batch_yyy01.pl,x1,no,2.73,no,corr,None,None,None,None
2709,exp_acyclic_indvary3_step2_batch_yyy01.pl,q7,no,1.84,no,corr,None,None,None,None
2710,exp_acyclic_indvary3_step2_batch_yyy01.pl,a2,no,2.03,no,corr,None,None,None,None
2711,exp_acyclic_indvary3_step2_batch_yyy02.pl,d5,no,1.99,no,corr,None,None,None,None
2712,exp_acyclic_indvary3_step2_batch_yyy02.pl,c4,no,2.0,no,corr,None,None,None,None
2713,exp_acyclic_indvary3_step2_batch_yyy02.pl,w7,no,1.99,no,corr,None,None,None,None
2714,exp_acyclic_indvary3_step2_batch_yyy02.pl,x3,no,1.95,no,corr,None,None,None,None
2715,exp_acyclic_indvary3_step2_batch_yyy02.pl,u4,no,1.96,no,corr,None,None,None,None
2716,exp_acyclic_indvary3_step2_batch_yyy02.pl,a4,no,2.03,no,corr,None,None,None,None
2717,exp_acyclic_indvary3_step2_batch_yyy02.pl,e4,no,1.96,no,corr,None,None,None,None
2718,exp_acyclic_indvary3_step2_batch_yyy02.pl,u3,no,2.01,no,corr,None,None,None,None
2719,exp_acyclic_indvary3_step2_batch_yyy02.pl,q3,no,2.95,no,corr,None,None,None,None
2720,exp_acyclic_indvary3_step2_batch_yyy02.pl,v3,no,9.9,no,corr,None,None,None,None
2721,exp_acyclic_indvary3_step2_batch_yyy03.pl,v7,no,2.61,no,corr,None,None,None,None
2722,exp_acyclic_indvary3_step2_batch_yyy03.pl,v6,no,2.58,no,corr,None,None,None,None
2723,exp_acyclic_indvary3_step2_batch_yyy03.pl,u4,no,2.62,no,corr,None,None,None,None
2724,exp_acyclic_indvary3_step2_batch_yyy03.pl,v5,no,2.58,no,corr,None,None,None,None
2725,exp_acyclic_indvary3_step2_batch_yyy03.pl,t7,no,2.69,no,corr,None,None,None,None
2726,exp_acyclic_indvary3_step2_batch_yyy03.pl,s1,no,2.75,no,corr,None,None,None,None
2727,exp_acyclic_indvary3_step2_batch_yyy03.pl,v1,no,2.76,no,corr,None,None,None,None
2728,exp_acyclic_indvary3_step2_batch_yyy03.pl,w1,,600.0,no,TIMEOUT,,,,
2729,exp_acyclic_indvary3_step2_batch_yyy03.pl,p6,no,7.86,no,corr,None,None,None,None
2730,exp_acyclic_indvary3_step2_batch_yyy03.pl,q2,no,7.71,no,corr,None,None,None,None
2731,exp_acyclic_indvary3_step2_batch_yyy04.pl,t5,no,6.6,no,corr,None,None,None,None
2732,exp_acyclic_indvary3_step2_batch_yyy04.pl,w7,no,6.51,no,corr,None,None,None,None
2733,exp_acyclic_indvary3_step2_batch_yyy04.pl,v6,no,6.47,no,corr,None,None,None,None
2734,exp_acyclic_indvary3_step2_batch_yyy04.pl,s5,no,6.41,no,corr,None,None,None,None
2735,exp_acyclic_indvary3_step2_batch_yyy04.pl,s2,no,6.38,no,corr,None,None,None,None
2736,exp_acyclic_indvary3_step2_batch_yyy04.pl,x2,no,6.42,no,corr,None,None,None,None
2737,exp_acyclic_indvary3_step2_batch_yyy04.pl,y3,,600.0,no,TIMEOUT,,,,
2738,exp_acyclic_indvary3_step2_batch_yyy04.pl,u2,yes,12.29,yes,corr,None,None,None,None
2739,exp_acyclic_indvary3_step2_batch_yyy04.pl,y6,no,8.8,no,corr,None,None,None,None
2740,exp_acyclic_indvary3_step2_batch_yyy04.pl,p6,no,8.27,no,corr,None,None,None,None
2741,exp_acyclic_indvary3_step2_batch_yyy05.pl,b2,yes,8.79,yes,corr,None,None,None,None
2742,exp_acyclic_indvary3_step2_batch_yyy05.pl,z5,no,8.09,no,corr,None,None,None,None
2743,exp_acyclic_indvary3_step2_batch_yyy05.pl,e4,no,7.92,no,corr,None,None,None,None
2744,exp_acyclic_indvary3_step2_batch_yyy05.pl,v1,yes,10.45,yes,corr,None,None,None,None
2745,exp_acyclic_indvary3_step2_batch_yyy05.pl,y2,yes,11.81,yes,corr,None,None,None,None
2746,exp_acyclic_indvary3_step2_batch_yyy05.pl,x4,no,8.01,no,corr,None,None,None,None
2747,exp_acyclic_indvary3_step2_batch_yyy05.pl,c1,yes,12.39,yes,corr,None,None,None,None
2748,exp_acyclic_indvary3_step2_batch_yyy05.pl,b5,no,7.87,no,corr,None,None,None,None
2749,exp_acyclic_indvary3_step2_batch_yyy05.pl,f4,no,8.12,no,corr,None,None,None,None
2750,exp_acyclic_indvary3_step2_batch_yyy05.pl,z3,,600.0,no,TIMEOUT,,,,
2751,exp_acyclic_indvary3_step2_batch_yyy06.pl,z6,no,9.67,no,corr,None,None,None,None
2752,exp_acyclic_indvary3_step2_batch_yyy06.pl,s4,no,9.52,no,corr,None,None,None,None
2753,exp_acyclic_indvary3_step2_batch_yyy06.pl,v2,no,42.27,no,corr,None,None,None,None
2754,exp_acyclic_indvary3_step2_batch_yyy06.pl,d3,no,9.82,no,corr,None,None,None,None
2755,exp_acyclic_indvary3_step2_batch_yyy06.pl,a5,no,9.56,no,corr,None,None,None,None
2756,exp_acyclic_indvary3_step2_batch_yyy06.pl,x4,no,9.57,no,corr,None,None,None,None
2757,exp_acyclic_indvary3_step2_batch_yyy06.pl,q5,no,9.54,no,corr,None,None,None,None
2758,exp_acyclic_indvary3_step2_batch_yyy06.pl,t3,no,9.29,no,corr,None,None,None,None
2759,exp_acyclic_indvary3_step2_batch_yyy06.pl,b6,no,9.54,no,corr,None,None,None,None
2760,exp_acyclic_indvary3_step2_batch_yyy06.pl,a1,yes,13.57,yes,corr,None,None,None,None
2761,exp_acyclic_indvary3_step2_batch_yyy07.pl,s4,no,9.41,no,corr,None,None,None,None
2762,exp_acyclic_indvary3_step2_batch_yyy07.pl,p4,no,9.28,no,corr,None,None,None,None
2763,exp_acyclic_indvary3_step2_batch_yyy07.pl,a4,no,8.5,no,corr,None,None,None,None
2764,exp_acyclic_indvary3_step2_batch_yyy07.pl,r5,no,9.28,no,corr,None,None,None,None
2765,exp_acyclic_indvary3_step2_batch_yyy07.pl,v4,no,9.08,no,corr,None,None,None,None
2766,exp_acyclic_indvary3_step2_batch_yyy07.pl,f4,no,9.04,no,corr,None,None,None,None
2767,exp_acyclic_indvary3_step2_batch_yyy07.pl,x6,no,9.04,no,corr,None,None,None,None
2768,exp_acyclic_indvary3_step2_batch_yyy07.pl,r7,no,9.32,no,corr,None,None,None,None
2769,exp_acyclic_indvary3_step2_batch_yyy07.pl,x5,no,9.16,no,corr,None,None,None,None
2770,exp_acyclic_indvary3_step2_batch_yyy07.pl,c1,yes,8.99,yes,corr,None,None,None,None
2771,exp_acyclic_indvary3_step2_batch_yyy08.pl,u5,no,12.32,no,corr,None,None,None,None
2772,exp_acyclic_indvary3_step2_batch_yyy08.pl,r6,no,11.77,no,corr,None,None,None,None
2773,exp_acyclic_indvary3_step2_batch_yyy08.pl,a4,no,12.06,no,corr,None,None,None,None
2774,exp_acyclic_indvary3_step2_batch_yyy08.pl,a3,yes,18.61,yes,corr,None,None,None,None
2775,exp_acyclic_indvary3_step2_batch_yyy08.pl,b6,no,12.18,no,corr,None,None,None,None
2776,exp_acyclic_indvary3_step2_batch_yyy08.pl,q2,no,29.66,no,corr,None,None,None,None
2777,exp_acyclic_indvary3_step2_batch_yyy08.pl,s2,no,11.75,no,corr,None,None,None,None
2778,exp_acyclic_indvary3_step2_batch_yyy08.pl,b1,yes,13.0,yes,corr,None,None,None,None
2779,exp_acyclic_indvary3_step2_batch_yyy08.pl,c1,no,27.17,no,corr,None,None,None,None
2780,exp_acyclic_indvary3_step2_batch_yyy08.pl,t2,,600.0,no,TIMEOUT,,,,
2781,exp_acyclic_indvary3_step2_batch_yyy09.pl,z5,no,11.17,no,corr,None,None,None,None
2782,exp_acyclic_indvary3_step2_batch_yyy09.pl,u7,no,11.54,no,corr,None,None,None,None
2783,exp_acyclic_indvary3_step2_batch_yyy09.pl,v1,no,11.45,no,corr,None,None,None,None
2784,exp_acyclic_indvary3_step2_batch_yyy09.pl,y2,no,11.71,no,corr,None,None,None,None
2785,exp_acyclic_indvary3_step2_batch_yyy09.pl,b6,no,12.06,no,corr,None,None,None,None
2786,exp_acyclic_indvary3_step2_batch_yyy09.pl,a6,no,12.06,no,corr,None,None,None,None
2787,exp_acyclic_indvary3_step2_batch_yyy09.pl,v7,no,10.49,no,corr,None,None,None,None
2788,exp_acyclic_indvary3_step2_batch_yyy09.pl,z4,no,11.54,no,corr,None,None,None,None
2789,exp_acyclic_indvary3_step2_batch_yyy09.pl,r5,no,10.58,no,corr,None,None,None,None
2790,exp_acyclic_indvary3_step2_batch_yyy09.pl,e4,no,11.78,no,corr,None,None,None,None
2791,exp_acyclic_indvary3_step2_batch_yyy10.pl,f5,no,10.72,no,corr,None,None,None,None
2792,exp_acyclic_indvary3_step2_batch_yyy10.pl,z4,no,9.41,no,corr,None,None,None,None
2793,exp_acyclic_indvary3_step2_batch_yyy10.pl,x5,no,9.47,no,corr,None,None,None,None
2794,exp_acyclic_indvary3_step2_batch_yyy10.pl,y1,no,9.43,no,corr,None,None,None,None
2795,exp_acyclic_indvary3_step2_batch_yyy10.pl,x6,no,9.08,no,corr,None,None,None,None
2796,exp_acyclic_indvary3_step2_batch_yyy10.pl,d1,yes,14.19,yes,corr,None,None,None,None
2797,exp_acyclic_indvary3_step2_batch_yyy10.pl,a6,no,9.86,no,corr,None,None,None,None
2798,exp_acyclic_indvary3_step2_batch_yyy10.pl,b3,yes,10.36,yes,corr,None,None,None,None
2799,exp_acyclic_indvary3_step2_batch_yyy10.pl,z1,no,19.01,no,corr,None,None,None,None
2800,exp_acyclic_indvary3_step2_batch_yyy10.pl,b1,no,9.64,no,corr,None,None,None,None
2801,exp_acyclic_indvary3_step3_batch_yyy01.pl,u5,no,12.59,no,corr,None,None,None,None
2802,exp_acyclic_indvary3_step3_batch_yyy01.pl,t4,no,11.86,no,corr,None,None,None,None
2803,exp_acyclic_indvary3_step3_batch_yyy01.pl,b3,yes,13.05,yes,corr,None,None,None,None
2804,exp_acyclic_indvary3_step3_batch_yyy01.pl,t3,yes,17.19,yes,corr,None,None,None,None
2805,exp_acyclic_indvary3_step3_batch_yyy01.pl,c1,yes,12.31,yes,corr,None,None,None,None
2806,exp_acyclic_indvary3_step3_batch_yyy01.pl,s1,no,12.32,no,corr,None,None,None,None
2807,exp_acyclic_indvary3_step3_batch_yyy01.pl,a3,no,24.97,no,corr,None,None,None,None
2808,exp_acyclic_indvary3_step3_batch_yyy01.pl,x4,no,11.76,no,corr,None,None,None,None
2809,exp_acyclic_indvary3_step3_batch_yyy01.pl,d1,yes,13.31,yes,corr,None,None,None,None
2810,exp_acyclic_indvary3_step3_batch_yyy01.pl,t1,no,20.75,no,corr,None,None,None,None
2811,exp_acyclic_indvary3_step3_batch_yyy02.pl,z6,no,12.72,no,corr,None,None,None,None
2812,exp_acyclic_indvary3_step3_batch_yyy02.pl,p4,no,12.9,no,corr,None,None,None,None
2813,exp_acyclic_indvary3_step3_batch_yyy02.pl,w2,no,18.88,no,corr,None,None,None,None
2814,exp_acyclic_indvary3_step3_batch_yyy02.pl,x2,no,25.08,no,corr,None,None,None,None
2815,exp_acyclic_indvary3_step3_batch_yyy02.pl,w4,no,12.37,no,corr,None,None,None,None
2816,exp_acyclic_indvary3_step3_batch_yyy02.pl,p2,no,12.93,no,corr,None,None,None,None
2817,exp_acyclic_indvary3_step3_batch_yyy02.pl,s4,no,12.91,no,corr,None,None,None,None
2818,exp_acyclic_indvary3_step3_batch_yyy02.pl,y4,no,12.66,no,corr,None,None,None,None
2819,exp_acyclic_indvary3_step3_batch_yyy02.pl,q7,no,12.89,no,corr,None,None,None,None
2820,exp_acyclic_indvary3_step3_batch_yyy02.pl,y5,no,12.88,no,corr,None,None,None,None
2821,exp_acyclic_indvary3_step3_batch_yyy03.pl,z5,no,13.88,no,corr,None,None,None,None
2822,exp_acyclic_indvary3_step3_batch_yyy03.pl,p5,no,13.78,no,corr,None,None,None,None
2823,exp_acyclic_indvary3_step3_batch_yyy03.pl,u7,no,13.8,no,corr,None,None,None,None
2824,exp_acyclic_indvary3_step3_batch_yyy03.pl,q5,no,14.12,no,corr,None,None,None,None
2825,exp_acyclic_indvary3_step3_batch_yyy03.pl,c2,no,14.93,no,corr,None,None,None,None
2826,exp_acyclic_indvary3_step3_batch_yyy03.pl,f3,no,13.99,no,corr,None,None,None,None
2827,exp_acyclic_indvary3_step3_batch_yyy03.pl,z2,no,55.64,no,corr,None,None,None,None
2828,exp_acyclic_indvary3_step3_batch_yyy03.pl,x1,no,13.8,no,corr,None,None,None,None
2829,exp_acyclic_indvary3_step3_batch_yyy03.pl,r3,no,13.4,no,corr,None,None,None,None
2830,exp_acyclic_indvary3_step3_batch_yyy03.pl,y6,no,11.16,no,corr,None,None,None,None
2831,exp_acyclic_indvary3_step3_batch_yyy04.pl,s3,no,33.43,no,corr,None,None,None,None
2832,exp_acyclic_indvary3_step3_batch_yyy04.pl,c2,yes,14.05,yes,corr,None,None,None,None
2833,exp_acyclic_indvary3_step3_batch_yyy04.pl,t7,no,9.59,no,corr,None,None,None,None
2834,exp_acyclic_indvary3_step3_batch_yyy04.pl,z3,no,14.44,no,corr,None,None,None,None
2835,exp_acyclic_indvary3_step3_batch_yyy04.pl,b6,no,10.07,no,corr,None,None,None,None
2836,exp_acyclic_indvary3_step3_batch_yyy04.pl,u2,no,9.86,no,corr,None,None,None,None
2837,exp_acyclic_indvary3_step3_batch_yyy04.pl,y6,no,10.09,no,corr,None,None,None,None
2838,exp_acyclic_indvary3_step3_batch_yyy04.pl,p6,no,9.95,no,corr,None,None,None,None
2839,exp_acyclic_indvary3_step3_batch_yyy04.pl,u5,no,10.1,no,corr,None,None,None,None
2840,exp_acyclic_indvary3_step3_batch_yyy04.pl,d5,no,10.12,no,corr,None,None,None,None
2841,exp_acyclic_indvary3_step3_batch_yyy05.pl,b3,yes,8.51,yes,corr,None,None,None,None
2842,exp_acyclic_indvary3_step3_batch_yyy05.pl,w5,no,8.4,no,corr,None,None,None,None
2843,exp_acyclic_indvary3_step3_batch_yyy05.pl,s5,no,8.29,no,corr,None,None,None,None
2844,exp_acyclic_indvary3_step3_batch_yyy05.pl,r5,no,8.28,no,corr,None,None,None,None
2845,exp_acyclic_indvary3_step3_batch_yyy05.pl,w4,no,8.5,no,corr,None,None,None,None
2846,exp_acyclic_indvary3_step3_batch_yyy05.pl,t1,no,11.44,no,corr,None,None,None,None
2847,exp_acyclic_indvary3_step3_batch_yyy05.pl,q2,no,22.69,no,corr,None,None,None,None
2848,exp_acyclic_indvary3_step3_batch_yyy05.pl,w2,no,16.2,no,corr,None,None,None,None
2849,exp_acyclic_indvary3_step3_batch_yyy05.pl,r6,no,7.65,no,corr,None,None,None,None
2850,exp_acyclic_indvary3_step3_batch_yyy05.pl,f1,yes,8.37,yes,corr,None,None,None,None
2851,exp_acyclic_indvary3_step3_batch_yyy06.pl,u6,no,10.33,no,corr,None,None,None,None
2852,exp_acyclic_indvary3_step3_batch_yyy06.pl,x3,no,10.42,no,corr,None,None,None,None
2853,exp_acyclic_indvary3_step3_batch_yyy06.pl,s5,no,9.85,no,corr,None,None,None,None
2854,exp_acyclic_indvary3_step3_batch_yyy06.pl,q4,no,10.34,no,corr,None,None,None,None
2855,exp_acyclic_indvary3_step3_batch_yyy06.pl,f3,no,10.44,no,corr,None,None,None,None
2856,exp_acyclic_indvary3_step3_batch_yyy06.pl,r7,no,10.35,no,corr,None,None,None,None
2857,exp_acyclic_indvary3_step3_batch_yyy06.pl,t4,no,10.46,no,corr,None,None,None,None
2858,exp_acyclic_indvary3_step3_batch_yyy06.pl,t5,no,10.36,no,corr,None,None,None,None
2859,exp_acyclic_indvary3_step3_batch_yyy06.pl,y2,no,20.58,no,corr,None,None,None,None
2860,exp_acyclic_indvary3_step3_batch_yyy06.pl,x6,no,10.61,no,corr,None,None,None,None
2861,exp_acyclic_indvary3_step3_batch_yyy07.pl,f1,yes,9.68,yes,corr,None,None,None,None
2862,exp_acyclic_indvary3_step3_batch_yyy07.pl,v5,no,8.82,no,corr,None,None,None,None
2863,exp_acyclic_indvary3_step3_batch_yyy07.pl,x7,no,9.26,no,corr,None,None,None,None
2864,exp_acyclic_indvary3_step3_batch_yyy07.pl,f3,no,9.01,no,corr,None,None,None,None
2865,exp_acyclic_indvary3_step3_batch_yyy07.pl,r4,no,9.18,no,corr,None,None,None,None
2866,exp_acyclic_indvary3_step3_batch_yyy07.pl,d2,yes,9.08,yes,corr,None,None,None,None
2867,exp_acyclic_indvary3_step3_batch_yyy07.pl,x6,no,9.18,no,corr,None,None,None,None
2868,exp_acyclic_indvary3_step3_batch_yyy07.pl,x1,no,9.08,no,corr,None,None,None,None
2869,exp_acyclic_indvary3_step3_batch_yyy07.pl,r2,no,11.8,no,corr,None,None,None,None
2870,exp_acyclic_indvary3_step3_batch_yyy07.pl,r7,no,9.71,no,corr,None,None,None,None
2871,exp_acyclic_indvary3_step3_batch_yyy08.pl,d5,no,10.36,no,corr,None,None,None,None
2872,exp_acyclic_indvary3_step3_batch_yyy08.pl,c3,yes,13.54,yes,corr,None,None,None,None
2873,exp_acyclic_indvary3_step3_batch_yyy08.pl,z6,no,9.43,no,corr,None,None,None,None
2874,exp_acyclic_indvary3_step3_batch_yyy08.pl,v7,no,9.24,no,corr,None,None,None,None
2875,exp_acyclic_indvary3_step3_batch_yyy08.pl,p7,no,9.02,no,corr,None,None,None,None
2876,exp_acyclic_indvary3_step3_batch_yyy08.pl,b4,no,9.44,no,corr,None,None,None,None
2877,exp_acyclic_indvary3_step3_batch_yyy08.pl,p3,no,36.45,no,corr,None,None,None,None
2878,exp_acyclic_indvary3_step3_batch_yyy08.pl,p6,no,9.44,no,corr,None,None,None,None
2879,exp_acyclic_indvary3_step3_batch_yyy08.pl,r1,no,539.18,no,corr,None,None,None,None
2880,exp_acyclic_indvary3_step3_batch_yyy08.pl,d2,,600.0,no,TIMEOUT,,,,
2881,exp_acyclic_indvary3_step3_batch_yyy09.pl,v7,no,10.52,no,corr,None,None,None,None
2882,exp_acyclic_indvary3_step3_batch_yyy09.pl,q6,no,10.34,no,corr,None,None,None,None
2883,exp_acyclic_indvary3_step3_batch_yyy09.pl,w2,no,16.32,no,corr,None,None,None,None
2884,exp_acyclic_indvary3_step3_batch_yyy09.pl,v5,no,10.49,no,corr,None,None,None,None
2885,exp_acyclic_indvary3_step3_batch_yyy09.pl,v1,no,10.5,no,corr,None,None,None,None
2886,exp_acyclic_indvary3_step3_batch_yyy09.pl,u3,no,10.51,no,corr,None,None,None,None
2887,exp_acyclic_indvary3_step3_batch_yyy09.pl,a1,yes,10.34,yes,corr,None,None,None,None
2888,exp_acyclic_indvary3_step3_batch_yyy09.pl,q7,no,9.9,no,corr,None,None,None,None
2889,exp_acyclic_indvary3_step3_batch_yyy09.pl,c1,no,11.08,no,corr,None,None,None,None
2890,exp_acyclic_indvary3_step3_batch_yyy09.pl,b5,no,10.28,no,corr,None,None,None,None
2891,exp_acyclic_indvary3_step3_batch_yyy10.pl,c3,yes,10.36,yes,corr,None,None,None,None
2892,exp_acyclic_indvary3_step3_batch_yyy10.pl,v7,no,9.9,no,corr,None,None,None,None
2893,exp_acyclic_indvary3_step3_batch_yyy10.pl,d3,no,9.81,no,corr,None,None,None,None
2894,exp_acyclic_indvary3_step3_batch_yyy10.pl,q5,no,10.13,no,corr,None,None,None,None
2895,exp_acyclic_indvary3_step3_batch_yyy10.pl,x7,no,9.98,no,corr,None,None,None,None
2896,exp_acyclic_indvary3_step3_batch_yyy10.pl,a4,no,10.05,no,corr,None,None,None,None
2897,exp_acyclic_indvary3_step3_batch_yyy10.pl,d2,yes,9.94,yes,corr,None,None,None,None
2898,exp_acyclic_indvary3_step3_batch_yyy10.pl,a3,no,13.77,no,corr,None,None,None,None
2899,exp_acyclic_indvary3_step3_batch_yyy10.pl,t1,no,9.95,no,corr,None,None,None,None
2900,exp_acyclic_indvary3_step3_batch_yyy10.pl,y6,no,10.06,no,corr,None,None,None,None
2901,exp_acyclic_indvary3_step4_batch_yyy01.pl,z6,no,12.58,no,corr,None,None,None,None
2902,exp_acyclic_indvary3_step4_batch_yyy01.pl,p7,no,12.39,no,corr,None,None,None,None
2903,exp_acyclic_indvary3_step4_batch_yyy01.pl,v1,no,52.45,no,corr,None,None,None,None
2904,exp_acyclic_indvary3_step4_batch_yyy01.pl,p1,no,12.83,no,corr,None,None,None,None
2905,exp_acyclic_indvary3_step4_batch_yyy01.pl,s4,no,12.33,no,corr,None,None,None,None
2906,exp_acyclic_indvary3_step4_batch_yyy01.pl,v7,no,12.64,no,corr,None,None,None,None
2907,exp_acyclic_indvary3_step4_batch_yyy01.pl,c5,no,12.06,no,corr,None,None,None,None
2908,exp_acyclic_indvary3_step4_batch_yyy01.pl,t6,no,12.38,no,corr,None,None,None,None
2909,exp_acyclic_indvary3_step4_batch_yyy01.pl,u2,no,12.64,no,corr,None,None,None,None
2910,exp_acyclic_indvary3_step4_batch_yyy01.pl,t1,no,23.45,no,corr,None,None,None,None
2911,exp_acyclic_indvary3_step4_batch_yyy02.pl,d5,no,13.68,no,corr,None,None,None,None
2912,exp_acyclic_indvary3_step4_batch_yyy02.pl,v5,no,13.31,no,corr,None,None,None,None
2913,exp_acyclic_indvary3_step4_batch_yyy02.pl,c5,no,13.6,no,corr,None,None,None,None
2914,exp_acyclic_indvary3_step4_batch_yyy02.pl,y3,no,19.93,no,corr,None,None,None,None
2915,exp_acyclic_indvary3_step4_batch_yyy02.pl,t2,no,29.21,no,corr,None,None,None,None
2916,exp_acyclic_indvary3_step4_batch_yyy02.pl,u3,no,19.29,no,corr,None,None,None,None
2917,exp_acyclic_indvary3_step4_batch_yyy02.pl,t5,no,12.69,no,corr,None,None,None,None
2918,exp_acyclic_indvary3_step4_batch_yyy02.pl,c4,no,13.71,no,corr,None,None,None,None
2919,exp_acyclic_indvary3_step4_batch_yyy02.pl,z5,no,13.58,no,corr,None,None,None,None
2920,exp_acyclic_indvary3_step4_batch_yyy02.pl,v2,no,26.82,no,corr,None,None,None,None
2921,exp_acyclic_indvary3_step4_batch_yyy03.pl,b3,yes,14.62,yes,corr,None,None,None,None
2922,exp_acyclic_indvary3_step4_batch_yyy03.pl,q5,no,12.92,no,corr,None,None,None,None
2923,exp_acyclic_indvary3_step4_batch_yyy03.pl,x7,no,13.25,no,corr,None,None,None,None
2924,exp_acyclic_indvary3_step4_batch_yyy03.pl,f3,no,13.32,no,corr,None,None,None,None
2925,exp_acyclic_indvary3_step4_batch_yyy03.pl,x5,no,12.98,no,corr,None,None,None,None
2926,exp_acyclic_indvary3_step4_batch_yyy03.pl,u3,no,13.16,no,corr,None,None,None,None
2927,exp_acyclic_indvary3_step4_batch_yyy03.pl,r3,no,35.16,no,corr,None,None,None,None
2928,exp_acyclic_indvary3_step4_batch_yyy03.pl,x4,no,12.99,no,corr,None,None,None,None
2929,exp_acyclic_indvary3_step4_batch_yyy03.pl,s1,no,13.6,no,corr,None,None,None,None
2930,exp_acyclic_indvary3_step4_batch_yyy03.pl,d2,yes,14.33,yes,corr,None,None,None,None
2931,exp_acyclic_indvary3_step4_batch_yyy04.pl,z5,no,12.86,no,corr,None,None,None,None
2932,exp_acyclic_indvary3_step4_batch_yyy04.pl,p7,no,12.64,no,corr,None,None,None,None
2933,exp_acyclic_indvary3_step4_batch_yyy04.pl,f1,yes,13.75,yes,corr,None,None,None,None
2934,exp_acyclic_indvary3_step4_batch_yyy04.pl,u7,no,13.11,no,corr,None,None,None,None
2935,exp_acyclic_indvary3_step4_batch_yyy04.pl,r5,no,12.75,no,corr,None,None,None,None
2936,exp_acyclic_indvary3_step4_batch_yyy04.pl,z3,no,12.72,no,corr,None,None,None,None
2937,exp_acyclic_indvary3_step4_batch_yyy04.pl,a1,no,14.19,no,corr,None,None,None,None
2938,exp_acyclic_indvary3_step4_batch_yyy04.pl,f2,yes,12.0,yes,corr,None,None,None,None
2939,exp_acyclic_indvary3_step4_batch_yyy04.pl,b3,yes,12.79,yes,corr,None,None,None,None
2940,exp_acyclic_indvary3_step4_batch_yyy04.pl,w7,no,12.91,no,corr,None,None,None,None
2941,exp_acyclic_indvary3_step4_batch_yyy05.pl,d5,no,12.65,no,corr,None,None,None,None
2942,exp_acyclic_indvary3_step4_batch_yyy05.pl,b4,no,12.41,no,corr,None,None,None,None
2943,exp_acyclic_indvary3_step4_batch_yyy05.pl,t6,no,12.63,no,corr,None,None,None,None
2944,exp_acyclic_indvary3_step4_batch_yyy05.pl,w1,no,20.33,no,corr,None,None,None,None
2945,exp_acyclic_indvary3_step4_batch_yyy05.pl,t2,no,12.73,no,corr,None,None,None,None
2946,exp_acyclic_indvary3_step4_batch_yyy05.pl,x6,no,12.24,no,corr,None,None,None,None
2947,exp_acyclic_indvary3_step4_batch_yyy05.pl,v3,no,12.02,no,corr,None,None,None,None
2948,exp_acyclic_indvary3_step4_batch_yyy05.pl,w3,no,30.68,no,corr,None,None,None,None
2949,exp_acyclic_indvary3_step4_batch_yyy05.pl,u3,no,25.56,no,corr,None,None,None,None
2950,exp_acyclic_indvary3_step4_batch_yyy05.pl,r4,no,13.64,no,corr,None,None,None,None
2951,exp_acyclic_indvary3_step4_batch_yyy06.pl,d3,no,13.34,no,corr,None,None,None,None
2952,exp_acyclic_indvary3_step4_batch_yyy06.pl,z1,no,13.29,no,corr,None,None,None,None
2953,exp_acyclic_indvary3_step4_batch_yyy06.pl,s1,no,12.68,no,corr,None,None,None,None
2954,exp_acyclic_indvary3_step4_batch_yyy06.pl,x6,no,12.73,no,corr,None,None,None,None
2955,exp_acyclic_indvary3_step4_batch_yyy06.pl,b3,no,13.42,no,corr,None,None,None,None
2956,exp_acyclic_indvary3_step4_batch_yyy06.pl,w7,no,12.93,no,corr,None,None,None,None
2957,exp_acyclic_indvary3_step4_batch_yyy06.pl,z4,no,12.92,no,corr,None,None,None,None
2958,exp_acyclic_indvary3_step4_batch_yyy06.pl,y3,no,13.3,no,corr,None,None,None,None
2959,exp_acyclic_indvary3_step4_batch_yyy06.pl,q7,no,13.24,no,corr,None,None,None,None
2960,exp_acyclic_indvary3_step4_batch_yyy06.pl,y6,no,12.75,no,corr,None,None,None,None
2961,exp_acyclic_indvary3_step4_batch_yyy07.pl,q6,no,12.74,no,corr,None,None,None,None
2962,exp_acyclic_indvary3_step4_batch_yyy07.pl,p5,no,12.57,no,corr,None,None,None,None
2963,exp_acyclic_indvary3_step4_batch_yyy07.pl,d3,no,11.93,no,corr,None,None,None,None
2964,exp_acyclic_indvary3_step4_batch_yyy07.pl,r5,no,12.24,no,corr,None,None,None,None
2965,exp_acyclic_indvary3_step4_batch_yyy07.pl,p3,no,12.54,no,corr,None,None,None,None
2966,exp_acyclic_indvary3_step4_batch_yyy07.pl,s6,no,12.21,no,corr,None,None,None,None
2967,exp_acyclic_indvary3_step4_batch_yyy07.pl,e2,yes,12.57,yes,corr,None,None,None,None
2968,exp_acyclic_indvary3_step4_batch_yyy07.pl,a2,no,13.38,no,corr,None,None,None,None
2969,exp_acyclic_indvary3_step4_batch_yyy07.pl,u3,no,12.1,no,corr,None,None,None,None
2970,exp_acyclic_indvary3_step4_batch_yyy07.pl,r4,no,12.43,no,corr,None,None,None,None
2971,exp_acyclic_indvary3_step4_batch_yyy08.pl,b3,yes,14.04,yes,corr,None,None,None,None
2972,exp_acyclic_indvary3_step4_batch_yyy08.pl,z5,no,13.3,no,corr,None,None,None,None
2973,exp_acyclic_indvary3_step4_batch_yyy08.pl,a4,no,13.02,no,corr,None,None,None,None
2974,exp_acyclic_indvary3_step4_batch_yyy08.pl,v3,no,13.6,no,corr,None,None,None,None
2975,exp_acyclic_indvary3_step4_batch_yyy08.pl,p4,no,13.19,no,corr,None,None,None,None
2976,exp_acyclic_indvary3_step4_batch_yyy08.pl,p5,no,13.72,no,corr,None,None,None,None
2977,exp_acyclic_indvary3_step4_batch_yyy08.pl,u2,no,72.63,no,corr,None,None,None,None
2978,exp_acyclic_indvary3_step4_batch_yyy08.pl,t1,no,13.51,no,corr,None,None,None,None
2979,exp_acyclic_indvary3_step4_batch_yyy08.pl,x4,no,13.27,no,corr,None,None,None,None
2980,exp_acyclic_indvary3_step4_batch_yyy08.pl,w3,no,13.66,no,corr,None,None,None,None
2981,exp_acyclic_indvary3_step4_batch_yyy09.pl,u5,no,14.16,no,corr,None,None,None,None
2982,exp_acyclic_indvary3_step4_batch_yyy09.pl,q6,no,14.25,no,corr,None,None,None,None
2983,exp_acyclic_indvary3_step4_batch_yyy09.pl,f1,yes,14.22,yes,corr,None,None,None,None
2984,exp_acyclic_indvary3_step4_batch_yyy09.pl,f3,no,13.99,no,corr,None,None,None,None
2985,exp_acyclic_indvary3_step4_batch_yyy09.pl,s6,no,14.6,no,corr,None,None,None,None
2986,exp_acyclic_indvary3_step4_batch_yyy09.pl,r4,no,14.07,no,corr,None,None,None,None
2987,exp_acyclic_indvary3_step4_batch_yyy09.pl,r1,no,14.09,no,corr,None,None,None,None
2988,exp_acyclic_indvary3_step4_batch_yyy09.pl,r2,no,250.36,no,corr,None,None,None,None
2989,exp_acyclic_indvary3_step4_batch_yyy09.pl,y6,no,14.15,no,corr,None,None,None,None
2990,exp_acyclic_indvary3_step4_batch_yyy09.pl,q2,no,14.37,no,corr,None,None,None,None
2991,exp_acyclic_indvary3_step4_batch_yyy10.pl,u5,no,12.48,no,corr,None,None,None,None
2992,exp_acyclic_indvary3_step4_batch_yyy10.pl,b2,no,13.4,no,corr,None,None,None,None
2993,exp_acyclic_indvary3_step4_batch_yyy10.pl,d3,no,12.26,no,corr,None,None,None,None
2994,exp_acyclic_indvary3_step4_batch_yyy10.pl,f3,no,12.28,no,corr,None,None,None,None
2995,exp_acyclic_indvary3_step4_batch_yyy10.pl,e3,no,12.54,no,corr,None,None,None,None
2996,exp_acyclic_indvary3_step4_batch_yyy10.pl,r7,no,12.53,no,corr,None,None,None,None
2997,exp_acyclic_indvary3_step4_batch_yyy10.pl,c3,yes,11.99,yes,corr,None,None,None,None
2998,exp_acyclic_indvary3_step4_batch_yyy10.pl,t5,no,12.53,no,corr,None,None,None,None
2999,exp_acyclic_indvary3_step4_batch_yyy10.pl,s5,no,12.12,no,corr,None,None,None,None
3000,exp_acyclic_indvary3_step4_batch_yyy10.pl,b4,no,12.23,no,corr,None,None,None,None
3001,exp_acyclic_indvary3_step5_batch_yyy01.pl,s4,no,14.91,no,corr,None,None,None,None
3002,exp_acyclic_indvary3_step5_batch_yyy01.pl,w5,no,14.21,no,corr,None,None,None,None
3003,exp_acyclic_indvary3_step5_batch_yyy01.pl,b1,no,14.51,no,corr,None,None,None,None
3004,exp_acyclic_indvary3_step5_batch_yyy01.pl,t2,no,14.56,no,corr,None,None,None,None
3005,exp_acyclic_indvary3_step5_batch_yyy01.pl,y1,no,14.14,no,corr,None,None,None,None
3006,exp_acyclic_indvary3_step5_batch_yyy01.pl,p1,no,20.82,no,corr,None,None,None,None
3007,exp_acyclic_indvary3_step5_batch_yyy01.pl,y5,no,14.45,no,corr,None,None,None,None
3008,exp_acyclic_indvary3_step5_batch_yyy01.pl,s5,no,14.39,no,corr,None,None,None,None
3009,exp_acyclic_indvary3_step5_batch_yyy01.pl,b4,no,14.66,no,corr,None,None,None,None
3010,exp_acyclic_indvary3_step5_batch_yyy01.pl,q5,no,14.55,no,corr,None,None,None,None
3011,exp_acyclic_indvary3_step5_batch_yyy02.pl,z6,no,14.54,no,corr,None,None,None,None
3012,exp_acyclic_indvary3_step5_batch_yyy02.pl,z5,no,14.68,no,corr,None,None,None,None
3013,exp_acyclic_indvary3_step5_batch_yyy02.pl,v6,no,13.96,no,corr,None,None,None,None
3014,exp_acyclic_indvary3_step5_batch_yyy02.pl,z2,no,14.52,no,corr,None,None,None,None
3015,exp_acyclic_indvary3_step5_batch_yyy02.pl,x1,no,13.82,no,corr,None,None,None,None
3016,exp_acyclic_indvary3_step5_batch_yyy02.pl,a1,yes,14.11,yes,corr,None,None,None,None
3017,exp_acyclic_indvary3_step5_batch_yyy02.pl,u2,,600.0,no,TIMEOUT,,,,
3018,exp_acyclic_indvary3_step5_batch_yyy02.pl,p6,no,16.1,no,corr,None,None,None,None
3019,exp_acyclic_indvary3_step5_batch_yyy02.pl,x2,no,17.06,no,corr,None,None,None,None
3020,exp_acyclic_indvary3_step5_batch_yyy02.pl,f5,no,17.15,no,corr,None,None,None,None
3021,exp_acyclic_indvary3_step5_batch_yyy03.pl,q6,no,20.07,no,corr,None,None,None,None
3022,exp_acyclic_indvary3_step5_batch_yyy03.pl,p4,no,20.2,no,corr,None,None,None,None
3023,exp_acyclic_indvary3_step5_batch_yyy03.pl,v6,no,20.08,no,corr,None,None,None,None
3024,exp_acyclic_indvary3_step5_batch_yyy03.pl,u7,no,19.7,no,corr,None,None,None,None
3025,exp_acyclic_indvary3_step5_batch_yyy03.pl,t3,,600.0,no,TIMEOUT,,,,
3026,exp_acyclic_indvary3_step5_batch_yyy03.pl,y2,no,19.71,no,corr,None,None,None,None
3027,exp_acyclic_indvary3_step5_batch_yyy03.pl,c6,no,19.72,no,corr,None,None,None,None
3028,exp_acyclic_indvary3_step5_batch_yyy03.pl,b5,no,19.23,no,corr,None,None,None,None
3029,exp_acyclic_indvary3_step5_batch_yyy03.pl,q7,no,20.59,no,corr,None,None,None,None
3030,exp_acyclic_indvary3_step5_batch_yyy03.pl,y6,no,22.13,no,corr,None,None,None,None
3031,exp_acyclic_indvary3_step5_batch_yyy04.pl,a6,no,19.22,no,corr,None,None,None,None
3032,exp_acyclic_indvary3_step5_batch_yyy04.pl,v2,no,50.7,no,corr,None,None,None,None
3033,exp_acyclic_indvary3_step5_batch_yyy04.pl,f1,yes,20.84,yes,corr,None,None,None,None
3034,exp_acyclic_indvary3_step5_batch_yyy04.pl,d3,no,19.3,no,corr,None,None,None,None
3035,exp_acyclic_indvary3_step5_batch_yyy04.pl,u7,no,19.28,no,corr,None,None,None,None
3036,exp_acyclic_indvary3_step5_batch_yyy04.pl,s5,no,19.25,no,corr,None,None,None,None
3037,exp_acyclic_indvary3_step5_batch_yyy04.pl,a5,no,19.23,no,corr,None,None,None,None
3038,exp_acyclic_indvary3_step5_batch_yyy04.pl,v1,no,19.2,no,corr,None,None,None,None
3039,exp_acyclic_indvary3_step5_batch_yyy04.pl,s7,no,19.04,no,corr,None,None,None,None
3040,exp_acyclic_indvary3_step5_batch_yyy04.pl,e2,yes,19.4,yes,corr,None,None,None,None
3041,exp_acyclic_indvary3_step5_batch_yyy05.pl,u6,no,19.64,no,corr,None,None,None,None
3042,exp_acyclic_indvary3_step5_batch_yyy05.pl,b2,yes,21.35,yes,corr,None,None,None,None
3043,exp_acyclic_indvary3_step5_batch_yyy05.pl,y2,no,20.06,no,corr,None,None,None,None
3044,exp_acyclic_indvary3_step5_batch_yyy05.pl,p1,no,18.84,no,corr,None,None,None,None
3045,exp_acyclic_indvary3_step5_batch_yyy05.pl,a6,no,19.98,no,corr,None,None,None,None
3046,exp_acyclic_indvary3_step5_batch_yyy05.pl,s4,no,19.71,no,corr,None,None,None,None
3047,exp_acyclic_indvary3_step5_batch_yyy05.pl,s2,no,20.01,no,corr,None,None,None,None
3048,exp_acyclic_indvary3_step5_batch_yyy05.pl,t6,no,19.97,no,corr,None,None,None,None
3049,exp_acyclic_indvary3_step5_batch_yyy05.pl,r1,no,28.52,no,corr,None,None,None,None
3050,exp_acyclic_indvary3_step5_batch_yyy05.pl,d2,no,21.23,no,corr,None,None,None,None
3051,exp_acyclic_indvary3_step5_batch_yyy06.pl,z5,no,18.06,no,corr,None,None,None,None
3052,exp_acyclic_indvary3_step5_batch_yyy06.pl,u7,no,17.65,no,corr,None,None,None,None
3053,exp_acyclic_indvary3_step5_batch_yyy06.pl,f5,no,17.47,no,corr,None,None,None,None
3054,exp_acyclic_indvary3_step5_batch_yyy06.pl,a3,yes,18.25,yes,corr,None,None,None,None
3055,exp_acyclic_indvary3_step5_batch_yyy06.pl,u2,no,18.23,no,corr,None,None,None,None
3056,exp_acyclic_indvary3_step5_batch_yyy06.pl,a2,no,19.32,no,corr,None,None,None,None
3057,exp_acyclic_indvary3_step5_batch_yyy06.pl,w2,no,114.42,no,corr,None,None,None,None
3058,exp_acyclic_indvary3_step5_batch_yyy06.pl,f1,yes,18.9,yes,corr,None,None,None,None
3059,exp_acyclic_indvary3_step5_batch_yyy06.pl,d3,no,18.02,no,corr,None,None,None,None
3060,exp_acyclic_indvary3_step5_batch_yyy06.pl,u4,no,17.36,no,corr,None,None,None,None
3061,exp_acyclic_indvary3_step5_batch_yyy07.pl,p5,no,20.63,no,corr,None,None,None,None
3062,exp_acyclic_indvary3_step5_batch_yyy07.pl,u7,no,20.51,no,corr,None,None,None,None
3063,exp_acyclic_indvary3_step5_batch_yyy07.pl,q3,no,193.22,no,corr,None,None,None,None
3064,exp_acyclic_indvary3_step5_batch_yyy07.pl,r7,no,20.8,no,corr,None,None,None,None
3065,exp_acyclic_indvary3_step5_batch_yyy07.pl,a2,yes,20.91,yes,corr,None,None,None,None
3066,exp_acyclic_indvary3_step5_batch_yyy07.pl,p6,no,21.88,no,corr,None,None,None,None
3067,exp_acyclic_indvary3_step5_batch_yyy07.pl,t7,no,21.52,no,corr,None,None,None,None
3068,exp_acyclic_indvary3_step5_batch_yyy07.pl,z2,no,65.59,no,corr,None,None,None,None
3069,exp_acyclic_indvary3_step5_batch_yyy07.pl,r3,no,29.95,no,corr,None,None,None,None
3070,exp_acyclic_indvary3_step5_batch_yyy07.pl,q1,,600.0,no,TIMEOUT,,,,
3071,exp_acyclic_indvary3_step5_batch_yyy08.pl,v2,no,26.19,no,corr,None,None,None,None
3072,exp_acyclic_indvary3_step5_batch_yyy08.pl,p5,no,26.03,no,corr,None,None,None,None
3073,exp_acyclic_indvary3_step5_batch_yyy08.pl,f1,yes,28.44,yes,corr,None,None,None,None
3074,exp_acyclic_indvary3_step5_batch_yyy08.pl,r7,no,25.31,no,corr,None,None,None,None
3075,exp_acyclic_indvary3_step5_batch_yyy08.pl,p1,no,71.76,no,corr,None,None,None,None
3076,exp_acyclic_indvary3_step5_batch_yyy08.pl,u3,no,25.03,no,corr,None,None,None,None
3077,exp_acyclic_indvary3_step5_batch_yyy08.pl,v4,no,25.7,no,corr,None,None,None,None
3078,exp_acyclic_indvary3_step5_batch_yyy08.pl,e3,no,26.04,no,corr,None,None,None,None
3079,exp_acyclic_indvary3_step5_batch_yyy08.pl,y1,no,48.72,no,corr,None,None,None,None
3080,exp_acyclic_indvary3_step5_batch_yyy08.pl,s1,no,25.94,no,corr,None,None,None,None
3081,exp_acyclic_indvary3_step5_batch_yyy09.pl,f1,no,24.7,no,corr,None,None,None,None
3082,exp_acyclic_indvary3_step5_batch_yyy09.pl,b4,no,21.96,no,corr,None,None,None,None
3083,exp_acyclic_indvary3_step5_batch_yyy09.pl,v1,no,22.6,no,corr,None,None,None,None
3084,exp_acyclic_indvary3_step5_batch_yyy09.pl,t2,no,103.61,no,corr,None,None,None,None
3085,exp_acyclic_indvary3_step5_batch_yyy09.pl,r1,no,21.9,no,corr,None,None,None,None
3086,exp_acyclic_indvary3_step5_batch_yyy09.pl,w3,no,22.21,no,corr,None,None,None,None
3087,exp_acyclic_indvary3_step5_batch_yyy09.pl,t5,no,22.03,no,corr,None,None,None,None
3088,exp_acyclic_indvary3_step5_batch_yyy09.pl,c4,no,21.58,no,corr,None,None,None,None
3089,exp_acyclic_indvary3_step5_batch_yyy09.pl,f2,yes,22.0,yes,corr,None,None,None,None
3090,exp_acyclic_indvary3_step5_batch_yyy09.pl,q2,no,21.96,no,corr,None,None,None,None
3091,exp_acyclic_indvary3_step5_batch_yyy10.pl,a6,no,24.9,no,corr,None,None,None,None
