id,instance,goal,result,duration,correct_result,verdict,steps_obtained,constraints_no,constraints_max,constraints_min
1,exp_acyclic_depvary_step10_batch_yyy01.pl,w2,yes,36.4,yes,corr,None,None,None,None
2,exp_acyclic_depvary_step10_batch_yyy01.pl,w5,yes,33.64,yes,corr,None,None,None,None
3,exp_acyclic_depvary_step10_batch_yyy01.pl,q4,no,310.06,no,corr,None,None,None,None
4,exp_acyclic_depvary_step10_batch_yyy01.pl,x5,yes,34.96,yes,corr,None,None,None,None
5,exp_acyclic_depvary_step10_batch_yyy01.pl,z3,yes,47.11,yes,corr,None,None,None,None
6,exp_acyclic_depvary_step10_batch_yyy01.pl,u2,yes,36.11,yes,corr,None,None,None,None
7,exp_acyclic_depvary_step10_batch_yyy01.pl,t4,yes,34.77,yes,corr,None,None,None,None
8,exp_acyclic_depvary_step10_batch_yyy01.pl,c4,no,31.71,no,corr,None,None,None,None
9,exp_acyclic_depvary_step10_batch_yyy01.pl,u3,,600.0,no,TIMEOUT,,,,
10,exp_acyclic_depvary_step10_batch_yyy01.pl,v4,yes,74.75,yes,corr,None,None,None,None
11,exp_acyclic_depvary_step10_batch_yyy02.pl,p5,no,75.75,no,corr,None,None,None,None
12,exp_acyclic_depvary_step10_batch_yyy02.pl,c5,no,89.37,no,corr,None,None,None,None
13,exp_acyclic_depvary_step10_batch_yyy02.pl,q4,no,73.16,no,corr,None,None,None,None
14,exp_acyclic_depvary_step10_batch_yyy02.pl,a4,yes,78.54,yes,corr,None,None,None,None
15,exp_acyclic_depvary_step10_batch_yyy02.pl,r5,yes,78.11,yes,corr,None,None,None,None
16,exp_acyclic_depvary_step10_batch_yyy02.pl,w4,yes,78.36,yes,corr,None,None,None,None
17,exp_acyclic_depvary_step10_batch_yyy02.pl,b6,yes,78.73,yes,corr,None,None,None,None
18,exp_acyclic_depvary_step10_batch_yyy02.pl,p1,yes,78.45,yes,corr,None,None,None,None
19,exp_acyclic_depvary_step10_batch_yyy02.pl,u3,no,72.63,no,corr,None,None,None,None
20,exp_acyclic_depvary_step10_batch_yyy02.pl,e3,no,72.88,no,corr,None,None,None,None
21,exp_acyclic_depvary_step10_batch_yyy03.pl,s3,no,68.32,no,corr,None,None,None,None
22,exp_acyclic_depvary_step10_batch_yyy03.pl,y4,no,291.46,no,corr,None,None,None,None
23,exp_acyclic_depvary_step10_batch_yyy03.pl,x2,yes,69.12,yes,corr,None,None,None,None
24,exp_acyclic_depvary_step10_batch_yyy03.pl,e4,,600.0,no,TIMEOUT,,,,
25,exp_acyclic_depvary_step10_batch_yyy03.pl,f3,yes,143.22,yes,corr,None,None,None,None
26,exp_acyclic_depvary_step10_batch_yyy03.pl,u3,yes,103.62,yes,corr,None,None,None,None
27,exp_acyclic_depvary_step10_batch_yyy03.pl,f4,no,128.14,no,corr,None,None,None,None
28,exp_acyclic_depvary_step10_batch_yyy03.pl,w3,yes,98.14,yes,corr,None,None,None,None
29,exp_acyclic_depvary_step10_batch_yyy03.pl,v1,,600.0,no,TIMEOUT,,,,
30,exp_acyclic_depvary_step10_batch_yyy03.pl,p3,no,216.45,no,corr,None,None,None,None
31,exp_acyclic_depvary_step10_batch_yyy04.pl,t4,no,169.81,no,corr,None,None,None,None
32,exp_acyclic_depvary_step10_batch_yyy04.pl,s5,yes,199.96,yes,corr,None,None,None,None
33,exp_acyclic_depvary_step10_batch_yyy04.pl,q4,yes,325.23,yes,corr,None,None,None,None
34,exp_acyclic_depvary_step10_batch_yyy04.pl,e4,yes,182.56,yes,corr,None,None,None,None
35,exp_acyclic_depvary_step10_batch_yyy04.pl,w1,yes,182.06,yes,corr,None,None,None,None
36,exp_acyclic_depvary_step10_batch_yyy04.pl,y1,,600.0,no,TIMEOUT,,,,
37,exp_acyclic_depvary_step10_batch_yyy04.pl,p2,,600.0,no,TIMEOUT,,,,
38,exp_acyclic_depvary_step10_batch_yyy04.pl,r2,no,537.76,no,corr,None,None,None,None
39,exp_acyclic_depvary_step10_batch_yyy04.pl,a4,,600.0,yes,TIMEOUT,,,,
40,exp_acyclic_depvary_step10_batch_yyy04.pl,x2,yes,322.09,yes,corr,None,None,None,None
41,exp_acyclic_depvary_step10_batch_yyy05.pl,c3,no,430.82,no,corr,None,None,None,None
42,exp_acyclic_depvary_step10_batch_yyy05.pl,e1,no,297.29,no,corr,None,None,None,None
43,exp_acyclic_depvary_step10_batch_yyy05.pl,f5,yes,315.76,yes,corr,None,None,None,None
44,exp_acyclic_depvary_step10_batch_yyy05.pl,y3,yes,328.6,yes,corr,None,None,None,None
45,exp_acyclic_depvary_step10_batch_yyy05.pl,r4,yes,464.1,yes,corr,None,None,None,None
46,exp_acyclic_depvary_step10_batch_yyy05.pl,p1,no,414.32,no,corr,None,None,None,None
47,exp_acyclic_depvary_step10_batch_yyy05.pl,c2,,600.0,no,TIMEOUT,,,,
48,exp_acyclic_depvary_step10_batch_yyy05.pl,b1,yes,368.54,yes,corr,None,None,None,None
49,exp_acyclic_depvary_step10_batch_yyy05.pl,u2,,600.0,no,TIMEOUT,,,,
50,exp_acyclic_depvary_step10_batch_yyy05.pl,t1,yes,346.44,yes,corr,None,None,None,None
51,exp_acyclic_depvary_step10_batch_yyy06.pl,y4,no,358.15,no,corr,None,None,None,None
52,exp_acyclic_depvary_step10_batch_yyy06.pl,t3,yes,378.87,yes,corr,None,None,None,None
53,exp_acyclic_depvary_step10_batch_yyy06.pl,a5,no,356.03,no,corr,None,None,None,None
54,exp_acyclic_depvary_step10_batch_yyy06.pl,q4,no,354.23,no,corr,None,None,None,None
55,exp_acyclic_depvary_step10_batch_yyy06.pl,f5,yes,371.22,yes,corr,None,None,None,None
56,exp_acyclic_depvary_step10_batch_yyy06.pl,z4,yes,336.72,yes,corr,None,None,None,None
57,exp_acyclic_depvary_step10_batch_yyy06.pl,c1,yes,321.48,yes,corr,None,None,None,None
58,exp_acyclic_depvary_step10_batch_yyy06.pl,r4,no,288.8,no,corr,None,None,None,None
59,exp_acyclic_depvary_step10_batch_yyy06.pl,y1,no,475.23,no,corr,None,None,None,None
60,exp_acyclic_depvary_step10_batch_yyy06.pl,p1,yes,310.64,yes,corr,None,None,None,None
61,exp_acyclic_depvary_step10_batch_yyy07.pl,d4,,600.0,no,TIMEOUT,,,,
62,exp_acyclic_depvary_step10_batch_yyy07.pl,u4,no,307.54,no,corr,None,None,None,None
63,exp_acyclic_depvary_step10_batch_yyy07.pl,b4,,600.0,no,TIMEOUT,,,,
64,exp_acyclic_depvary_step10_batch_yyy07.pl,z4,,600.0,no,TIMEOUT,,,,
65,exp_acyclic_depvary_step10_batch_yyy07.pl,y1,,600.0,no,TIMEOUT,,,,
66,exp_acyclic_depvary_step10_batch_yyy07.pl,r2,yes,532.35,yes,corr,None,None,None,None
67,exp_acyclic_depvary_step10_batch_yyy07.pl,u2,yes,469.18,yes,corr,None,None,None,None
68,exp_acyclic_depvary_step10_batch_yyy07.pl,a6,yes,450.13,yes,corr,None,None,None,None
69,exp_acyclic_depvary_step10_batch_yyy07.pl,b3,yes,438.62,yes,corr,None,None,None,None
70,exp_acyclic_depvary_step10_batch_yyy07.pl,y4,,600.0,no,TIMEOUT,,,,
71,exp_acyclic_depvary_step10_batch_yyy08.pl,c3,yes,457.62,yes,corr,None,None,None,None
72,exp_acyclic_depvary_step10_batch_yyy08.pl,e1,yes,446.76,yes,corr,None,None,None,None
73,exp_acyclic_depvary_step10_batch_yyy08.pl,v5,,600.0,yes,TIMEOUT,,,,
74,exp_acyclic_depvary_step10_batch_yyy08.pl,a5,yes,493.57,yes,corr,None,None,None,None
75,exp_acyclic_depvary_step10_batch_yyy08.pl,a4,,600.0,no,TIMEOUT,,,,
76,exp_acyclic_depvary_step10_batch_yyy08.pl,z2,,600.0,no,TIMEOUT,,,,
77,exp_acyclic_depvary_step10_batch_yyy08.pl,q3,yes,492.3,yes,corr,None,None,None,None
78,exp_acyclic_depvary_step10_batch_yyy08.pl,t1,,600.0,no,TIMEOUT,,,,
79,exp_acyclic_depvary_step10_batch_yyy08.pl,z4,yes,527.46,yes,corr,None,None,None,None
80,exp_acyclic_depvary_step10_batch_yyy08.pl,r5,no,457.62,no,corr,None,None,None,None
81,exp_acyclic_depvary_step10_batch_yyy09.pl,b2,,600.0,no,TIMEOUT,,,,
82,exp_acyclic_depvary_step10_batch_yyy09.pl,y4,no,560.46,no,corr,None,None,None,None
83,exp_acyclic_depvary_step10_batch_yyy09.pl,t3,yes,563.64,yes,corr,None,None,None,None
84,exp_acyclic_depvary_step10_batch_yyy09.pl,z1,yes,562.42,yes,corr,None,None,None,None
85,exp_acyclic_depvary_step10_batch_yyy09.pl,f5,yes,559.13,yes,corr,None,None,None,None
86,exp_acyclic_depvary_step10_batch_yyy09.pl,z4,no,524.5,no,corr,None,None,None,None
87,exp_acyclic_depvary_step10_batch_yyy09.pl,e3,no,523.13,no,corr,None,None,None,None
88,exp_acyclic_depvary_step10_batch_yyy09.pl,y1,no,521.52,no,corr,None,None,None,None
89,exp_acyclic_depvary_step10_batch_yyy09.pl,a3,no,519.91,no,corr,None,None,None,None
90,exp_acyclic_depvary_step10_batch_yyy09.pl,q2,,600.0,no,TIMEOUT,,,,
91,exp_acyclic_depvary_step10_batch_yyy10.pl,d5,yes,488.98,yes,corr,None,None,None,None
92,exp_acyclic_depvary_step10_batch_yyy10.pl,a6,yes,524.86,yes,corr,None,None,None,None
93,exp_acyclic_depvary_step10_batch_yyy10.pl,v2,no,491.69,no,corr,None,None,None,None
94,exp_acyclic_depvary_step10_batch_yyy10.pl,x3,yes,527.58,yes,corr,None,None,None,None
95,exp_acyclic_depvary_step10_batch_yyy10.pl,x2,no,490.92,no,corr,None,None,None,None
96,exp_acyclic_depvary_step10_batch_yyy10.pl,y3,no,489.74,no,corr,None,None,None,None
97,exp_acyclic_depvary_step10_batch_yyy10.pl,b5,,600.0,no,TIMEOUT,,,,
98,exp_acyclic_depvary_step10_batch_yyy10.pl,e3,yes,563.71,yes,corr,None,None,None,None
99,exp_acyclic_depvary_step10_batch_yyy10.pl,x1,yes,566.38,yes,corr,None,None,None,None
100,exp_acyclic_depvary_step10_batch_yyy10.pl,r3,no,527.63,no,corr,None,None,None,None
101,exp_acyclic_depvary_step1_batch_yyy01.pl,u5,no,7.23,no,corr,None,None,None,None
102,exp_acyclic_depvary_step1_batch_yyy01.pl,s4,no,6.96,no,corr,None,None,None,None
103,exp_acyclic_depvary_step1_batch_yyy01.pl,d3,no,7.31,no,corr,None,None,None,None
104,exp_acyclic_depvary_step1_batch_yyy01.pl,q5,no,6.67,no,corr,None,None,None,None
105,exp_acyclic_depvary_step1_batch_yyy01.pl,z4,no,7.33,no,corr,None,None,None,None
106,exp_acyclic_depvary_step1_batch_yyy01.pl,s1,yes,7.12,yes,corr,None,None,None,None
107,exp_acyclic_depvary_step1_batch_yyy01.pl,z3,no,7.56,no,corr,None,None,None,None
108,exp_acyclic_depvary_step1_batch_yyy01.pl,u2,no,7.37,no,corr,None,None,None,None
109,exp_acyclic_depvary_step1_batch_yyy01.pl,c5,no,7.46,no,corr,None,None,None,None
110,exp_acyclic_depvary_step1_batch_yyy01.pl,b1,no,5.51,no,corr,None,None,None,None
111,exp_acyclic_depvary_step1_batch_yyy02.pl,y4,no,6.3,no,corr,None,None,None,None
112,exp_acyclic_depvary_step1_batch_yyy02.pl,z5,no,6.41,no,corr,None,None,None,None
113,exp_acyclic_depvary_step1_batch_yyy02.pl,x3,no,6.31,no,corr,None,None,None,None
114,exp_acyclic_depvary_step1_batch_yyy02.pl,q4,no,6.13,no,corr,None,None,None,None
115,exp_acyclic_depvary_step1_batch_yyy02.pl,x2,no,5.49,no,corr,None,None,None,None
116,exp_acyclic_depvary_step1_batch_yyy02.pl,c6,no,6.37,no,corr,None,None,None,None
117,exp_acyclic_depvary_step1_batch_yyy02.pl,d2,no,6.18,no,corr,None,None,None,None
118,exp_acyclic_depvary_step1_batch_yyy02.pl,y2,no,6.27,no,corr,None,None,None,None
119,exp_acyclic_depvary_step1_batch_yyy02.pl,e2,no,6.48,no,corr,None,None,None,None
120,exp_acyclic_depvary_step1_batch_yyy02.pl,q2,no,5.81,no,corr,None,None,None,None
121,exp_acyclic_depvary_step1_batch_yyy03.pl,u4,no,7.45,no,corr,None,None,None,None
122,exp_acyclic_depvary_step1_batch_yyy03.pl,b1,no,8.1,no,corr,None,None,None,None
123,exp_acyclic_depvary_step1_batch_yyy03.pl,x2,no,7.7,no,corr,None,None,None,None
124,exp_acyclic_depvary_step1_batch_yyy03.pl,r5,no,6.6,no,corr,None,None,None,None
125,exp_acyclic_depvary_step1_batch_yyy03.pl,x4,no,7.12,no,corr,None,None,None,None
126,exp_acyclic_depvary_step1_batch_yyy03.pl,q2,no,7.62,no,corr,None,None,None,None
127,exp_acyclic_depvary_step1_batch_yyy03.pl,c6,no,7.42,no,corr,None,None,None,None
128,exp_acyclic_depvary_step1_batch_yyy03.pl,z2,no,7.61,no,corr,None,None,None,None
129,exp_acyclic_depvary_step1_batch_yyy03.pl,v4,no,6.79,no,corr,None,None,None,None
130,exp_acyclic_depvary_step1_batch_yyy03.pl,e3,no,7.61,no,corr,None,None,None,None
131,exp_acyclic_depvary_step1_batch_yyy04.pl,u4,no,5.55,no,corr,None,None,None,None
132,exp_acyclic_depvary_step1_batch_yyy04.pl,p3,no,6.02,no,corr,None,None,None,None
133,exp_acyclic_depvary_step1_batch_yyy04.pl,v4,no,6.26,no,corr,None,None,None,None
134,exp_acyclic_depvary_step1_batch_yyy04.pl,r1,yes,7.75,yes,corr,None,None,None,None
135,exp_acyclic_depvary_step1_batch_yyy04.pl,a3,no,6.14,no,corr,None,None,None,None
136,exp_acyclic_depvary_step1_batch_yyy04.pl,p1,yes,6.46,yes,corr,None,None,None,None
137,exp_acyclic_depvary_step1_batch_yyy04.pl,p5,no,6.58,no,corr,None,None,None,None
138,exp_acyclic_depvary_step1_batch_yyy04.pl,x3,no,5.74,no,corr,None,None,None,None
139,exp_acyclic_depvary_step1_batch_yyy04.pl,r2,no,6.27,no,corr,None,None,None,None
140,exp_acyclic_depvary_step1_batch_yyy04.pl,b6,no,6.35,no,corr,None,None,None,None
141,exp_acyclic_depvary_step1_batch_yyy05.pl,v2,no,8.5,no,corr,None,None,None,None
142,exp_acyclic_depvary_step1_batch_yyy05.pl,x3,no,8.21,no,corr,None,None,None,None
143,exp_acyclic_depvary_step1_batch_yyy05.pl,f1,no,7.92,no,corr,None,None,None,None
144,exp_acyclic_depvary_step1_batch_yyy05.pl,q5,no,8.35,no,corr,None,None,None,None
145,exp_acyclic_depvary_step1_batch_yyy05.pl,w4,no,8.21,no,corr,None,None,None,None
146,exp_acyclic_depvary_step1_batch_yyy05.pl,x5,no,8.6,no,corr,None,None,None,None
147,exp_acyclic_depvary_step1_batch_yyy05.pl,y2,no,8.67,no,corr,None,None,None,None
148,exp_acyclic_depvary_step1_batch_yyy05.pl,q2,no,7.36,no,corr,None,None,None,None
149,exp_acyclic_depvary_step1_batch_yyy05.pl,v4,no,7.9,no,corr,None,None,None,None
150,exp_acyclic_depvary_step1_batch_yyy05.pl,e3,no,8.58,no,corr,None,None,None,None
151,exp_acyclic_depvary_step1_batch_yyy06.pl,b2,no,6.54,no,corr,None,None,None,None
152,exp_acyclic_depvary_step1_batch_yyy06.pl,w5,no,6.31,no,corr,None,None,None,None
153,exp_acyclic_depvary_step1_batch_yyy06.pl,s5,no,6.03,no,corr,None,None,None,None
154,exp_acyclic_depvary_step1_batch_yyy06.pl,q4,no,6.22,no,corr,None,None,None,None
155,exp_acyclic_depvary_step1_batch_yyy06.pl,w4,no,6.45,no,corr,None,None,None,None
156,exp_acyclic_depvary_step1_batch_yyy06.pl,r4,no,5.75,no,corr,None,None,None,None
157,exp_acyclic_depvary_step1_batch_yyy06.pl,b6,no,6.67,no,corr,None,None,None,None
158,exp_acyclic_depvary_step1_batch_yyy06.pl,d1,yes,8.21,yes,corr,None,None,None,None
159,exp_acyclic_depvary_step1_batch_yyy06.pl,z1,no,6.26,no,corr,None,None,None,None
160,exp_acyclic_depvary_step1_batch_yyy06.pl,b1,yes,6.38,yes,corr,None,None,None,None
161,exp_acyclic_depvary_step1_batch_yyy07.pl,c4,no,7.98,no,corr,None,None,None,None
162,exp_acyclic_depvary_step1_batch_yyy07.pl,v5,no,7.48,no,corr,None,None,None,None
163,exp_acyclic_depvary_step1_batch_yyy07.pl,z4,no,8.12,no,corr,None,None,None,None
164,exp_acyclic_depvary_step1_batch_yyy07.pl,s1,yes,7.69,yes,corr,None,None,None,None
165,exp_acyclic_depvary_step1_batch_yyy07.pl,q1,yes,7.6,yes,corr,None,None,None,None
166,exp_acyclic_depvary_step1_batch_yyy07.pl,x4,no,8.06,no,corr,None,None,None,None
167,exp_acyclic_depvary_step1_batch_yyy07.pl,f1,no,7.11,no,corr,None,None,None,None
168,exp_acyclic_depvary_step1_batch_yyy07.pl,e5,no,7.79,no,corr,None,None,None,None
169,exp_acyclic_depvary_step1_batch_yyy07.pl,t2,no,8.06,no,corr,None,None,None,None
170,exp_acyclic_depvary_step1_batch_yyy07.pl,z2,no,7.74,no,corr,None,None,None,None
171,exp_acyclic_depvary_step1_batch_yyy08.pl,t5,no,7.56,no,corr,None,None,None,None
172,exp_acyclic_depvary_step1_batch_yyy08.pl,y4,no,8.06,no,corr,None,None,None,None
173,exp_acyclic_depvary_step1_batch_yyy08.pl,w2,no,7.77,no,corr,None,None,None,None
174,exp_acyclic_depvary_step1_batch_yyy08.pl,f5,no,7.93,no,corr,None,None,None,None
175,exp_acyclic_depvary_step1_batch_yyy08.pl,e3,no,8.08,no,corr,None,None,None,None
176,exp_acyclic_depvary_step1_batch_yyy08.pl,d2,no,7.58,no,corr,None,None,None,None
177,exp_acyclic_depvary_step1_batch_yyy08.pl,v3,no,7.83,no,corr,None,None,None,None
178,exp_acyclic_depvary_step1_batch_yyy08.pl,f2,no,7.91,no,corr,None,None,None,None
179,exp_acyclic_depvary_step1_batch_yyy08.pl,f4,no,7.66,no,corr,None,None,None,None
180,exp_acyclic_depvary_step1_batch_yyy08.pl,a3,no,7.48,no,corr,None,None,None,None
181,exp_acyclic_depvary_step1_batch_yyy09.pl,t4,no,5.8,no,corr,None,None,None,None
182,exp_acyclic_depvary_step1_batch_yyy09.pl,b3,no,6.31,no,corr,None,None,None,None
183,exp_acyclic_depvary_step1_batch_yyy09.pl,d3,no,6.38,no,corr,None,None,None,None
184,exp_acyclic_depvary_step1_batch_yyy09.pl,x5,no,6.7,no,corr,None,None,None,None
185,exp_acyclic_depvary_step1_batch_yyy09.pl,r1,yes,6.53,yes,corr,None,None,None,None
186,exp_acyclic_depvary_step1_batch_yyy09.pl,q3,no,5.85,no,corr,None,None,None,None
187,exp_acyclic_depvary_step1_batch_yyy09.pl,e3,no,6.39,no,corr,None,None,None,None
188,exp_acyclic_depvary_step1_batch_yyy09.pl,r4,no,6.22,no,corr,None,None,None,None
189,exp_acyclic_depvary_step1_batch_yyy09.pl,e2,no,6.58,no,corr,None,None,None,None
190,exp_acyclic_depvary_step1_batch_yyy09.pl,r3,no,5.82,no,corr,None,None,None,None
191,exp_acyclic_depvary_step1_batch_yyy10.pl,c4,no,8.54,no,corr,None,None,None,None
192,exp_acyclic_depvary_step1_batch_yyy10.pl,d4,no,8.62,no,corr,None,None,None,None
193,exp_acyclic_depvary_step1_batch_yyy10.pl,b1,yes,9.13,yes,corr,None,None,None,None
194,exp_acyclic_depvary_step1_batch_yyy10.pl,a4,no,9.06,no,corr,None,None,None,None
195,exp_acyclic_depvary_step1_batch_yyy10.pl,y3,no,8.16,no,corr,None,None,None,None
196,exp_acyclic_depvary_step1_batch_yyy10.pl,e3,no,9.19,no,corr,None,None,None,None
197,exp_acyclic_depvary_step1_batch_yyy10.pl,r3,no,9.13,no,corr,None,None,None,None
198,exp_acyclic_depvary_step1_batch_yyy10.pl,f2,no,8.54,no,corr,None,None,None,None
199,exp_acyclic_depvary_step1_batch_yyy10.pl,q3,no,8.33,no,corr,None,None,None,None
200,exp_acyclic_depvary_step1_batch_yyy10.pl,y2,no,8.75,no,corr,None,None,None,None
201,exp_acyclic_depvary_step2_batch_yyy01.pl,b2,no,12.31,no,corr,None,None,None,None
202,exp_acyclic_depvary_step2_batch_yyy01.pl,e1,yes,9.68,yes,corr,None,None,None,None
203,exp_acyclic_depvary_step2_batch_yyy01.pl,e5,no,9.64,no,corr,None,None,None,None
204,exp_acyclic_depvary_step2_batch_yyy01.pl,c5,no,9.94,no,corr,None,None,None,None
205,exp_acyclic_depvary_step2_batch_yyy01.pl,z4,no,9.59,no,corr,None,None,None,None
206,exp_acyclic_depvary_step2_batch_yyy01.pl,c1,no,12.65,no,corr,None,None,None,None
207,exp_acyclic_depvary_step2_batch_yyy01.pl,p1,no,12.53,no,corr,None,None,None,None
208,exp_acyclic_depvary_step2_batch_yyy01.pl,y5,no,8.83,no,corr,None,None,None,None
209,exp_acyclic_depvary_step2_batch_yyy01.pl,a6,no,9.36,no,corr,None,None,None,None
210,exp_acyclic_depvary_step2_batch_yyy01.pl,s4,no,9.44,no,corr,None,None,None,None
211,exp_acyclic_depvary_step2_batch_yyy02.pl,z5,no,16.45,no,corr,None,None,None,None
212,exp_acyclic_depvary_step2_batch_yyy02.pl,e5,no,16.51,no,corr,None,None,None,None
213,exp_acyclic_depvary_step2_batch_yyy02.pl,s5,no,16.35,no,corr,None,None,None,None
214,exp_acyclic_depvary_step2_batch_yyy02.pl,p2,yes,16.64,yes,corr,None,None,None,None
215,exp_acyclic_depvary_step2_batch_yyy02.pl,a1,no,16.2,no,corr,None,None,None,None
216,exp_acyclic_depvary_step2_batch_yyy02.pl,q2,no,16.35,no,corr,None,None,None,None
217,exp_acyclic_depvary_step2_batch_yyy02.pl,d3,no,16.53,no,corr,None,None,None,None
218,exp_acyclic_depvary_step2_batch_yyy02.pl,u4,no,15.87,no,corr,None,None,None,None
219,exp_acyclic_depvary_step2_batch_yyy02.pl,w1,no,15.95,no,corr,None,None,None,None
220,exp_acyclic_depvary_step2_batch_yyy02.pl,p3,no,16.34,no,corr,None,None,None,None
221,exp_acyclic_depvary_step2_batch_yyy03.pl,d5,no,15.55,no,corr,None,None,None,None
222,exp_acyclic_depvary_step2_batch_yyy03.pl,p5,no,15.81,no,corr,None,None,None,None
223,exp_acyclic_depvary_step2_batch_yyy03.pl,v5,no,15.71,no,corr,None,None,None,None
224,exp_acyclic_depvary_step2_batch_yyy03.pl,f5,no,16.07,no,corr,None,None,None,None
225,exp_acyclic_depvary_step2_batch_yyy03.pl,p3,no,15.3,no,corr,None,None,None,None
226,exp_acyclic_depvary_step2_batch_yyy03.pl,u3,no,15.73,no,corr,None,None,None,None
227,exp_acyclic_depvary_step2_batch_yyy03.pl,y2,no,15.37,no,corr,None,None,None,None
228,exp_acyclic_depvary_step2_batch_yyy03.pl,d1,yes,16.9,yes,corr,None,None,None,None
229,exp_acyclic_depvary_step2_batch_yyy03.pl,y3,no,16.3,no,corr,None,None,None,None
230,exp_acyclic_depvary_step2_batch_yyy03.pl,r5,no,15.36,no,corr,None,None,None,None
231,exp_acyclic_depvary_step2_batch_yyy04.pl,e1,no,17.75,no,corr,None,None,None,None
232,exp_acyclic_depvary_step2_batch_yyy04.pl,f1,yes,14.76,yes,corr,None,None,None,None
233,exp_acyclic_depvary_step2_batch_yyy04.pl,v5,no,13.84,no,corr,None,None,None,None
234,exp_acyclic_depvary_step2_batch_yyy04.pl,q5,no,14.58,no,corr,None,None,None,None
235,exp_acyclic_depvary_step2_batch_yyy04.pl,v1,yes,14.9,yes,corr,None,None,None,None
236,exp_acyclic_depvary_step2_batch_yyy04.pl,c6,no,14.04,no,corr,None,None,None,None
237,exp_acyclic_depvary_step2_batch_yyy04.pl,a6,no,14.58,no,corr,None,None,None,None
238,exp_acyclic_depvary_step2_batch_yyy04.pl,y4,no,14.59,no,corr,None,None,None,None
239,exp_acyclic_depvary_step2_batch_yyy04.pl,e2,no,14.64,no,corr,None,None,None,None
240,exp_acyclic_depvary_step2_batch_yyy04.pl,u2,no,14.43,no,corr,None,None,None,None
241,exp_acyclic_depvary_step2_batch_yyy05.pl,b2,no,15.14,no,corr,None,None,None,None
242,exp_acyclic_depvary_step2_batch_yyy05.pl,y4,no,14.28,no,corr,None,None,None,None
243,exp_acyclic_depvary_step2_batch_yyy05.pl,e1,yes,15.27,yes,corr,None,None,None,None
244,exp_acyclic_depvary_step2_batch_yyy05.pl,f1,yes,14.91,yes,corr,None,None,None,None
245,exp_acyclic_depvary_step2_batch_yyy05.pl,w5,no,13.96,no,corr,None,None,None,None
246,exp_acyclic_depvary_step2_batch_yyy05.pl,q4,no,14.79,no,corr,None,None,None,None
247,exp_acyclic_depvary_step2_batch_yyy05.pl,y3,no,13.89,no,corr,None,None,None,None
248,exp_acyclic_depvary_step2_batch_yyy05.pl,f4,no,14.75,no,corr,None,None,None,None
249,exp_acyclic_depvary_step2_batch_yyy05.pl,z1,yes,15.35,yes,corr,None,None,None,None
250,exp_acyclic_depvary_step2_batch_yyy05.pl,b1,yes,15.21,yes,corr,None,None,None,None
251,exp_acyclic_depvary_step2_batch_yyy06.pl,c3,no,16.16,no,corr,None,None,None,None
252,exp_acyclic_depvary_step2_batch_yyy06.pl,u1,yes,17.12,yes,corr,None,None,None,None
253,exp_acyclic_depvary_step2_batch_yyy06.pl,d3,no,16.49,no,corr,None,None,None,None
254,exp_acyclic_depvary_step2_batch_yyy06.pl,q4,no,16.59,no,corr,None,None,None,None
255,exp_acyclic_depvary_step2_batch_yyy06.pl,x2,no,16.25,no,corr,None,None,None,None
256,exp_acyclic_depvary_step2_batch_yyy06.pl,x5,no,16.29,no,corr,None,None,None,None
257,exp_acyclic_depvary_step2_batch_yyy06.pl,a1,yes,17.08,yes,corr,None,None,None,None
258,exp_acyclic_depvary_step2_batch_yyy06.pl,x4,no,16.5,no,corr,None,None,None,None
259,exp_acyclic_depvary_step2_batch_yyy06.pl,p5,no,15.84,no,corr,None,None,None,None
260,exp_acyclic_depvary_step2_batch_yyy06.pl,x3,no,16.18,no,corr,None,None,None,None
261,exp_acyclic_depvary_step2_batch_yyy07.pl,d5,no,10.61,no,corr,None,None,None,None
262,exp_acyclic_depvary_step2_batch_yyy07.pl,f1,yes,14.67,yes,corr,None,None,None,None
263,exp_acyclic_depvary_step2_batch_yyy07.pl,w5,no,11.14,no,corr,None,None,None,None
264,exp_acyclic_depvary_step2_batch_yyy07.pl,y3,no,9.97,no,corr,None,None,None,None
265,exp_acyclic_depvary_step2_batch_yyy07.pl,x1,yes,10.77,yes,corr,None,None,None,None
266,exp_acyclic_depvary_step2_batch_yyy07.pl,f2,no,10.06,no,corr,None,None,None,None
267,exp_acyclic_depvary_step2_batch_yyy07.pl,c5,no,10.28,no,corr,None,None,None,None
268,exp_acyclic_depvary_step2_batch_yyy07.pl,a5,no,11.02,no,corr,None,None,None,None
269,exp_acyclic_depvary_step2_batch_yyy07.pl,d1,no,13.5,no,corr,None,None,None,None
270,exp_acyclic_depvary_step2_batch_yyy07.pl,t1,yes,13.84,yes,corr,None,None,None,None
271,exp_acyclic_depvary_step2_batch_yyy08.pl,s3,no,14.54,no,corr,None,None,None,None
272,exp_acyclic_depvary_step2_batch_yyy08.pl,x3,no,14.75,no,corr,None,None,None,None
273,exp_acyclic_depvary_step2_batch_yyy08.pl,s5,no,15.15,no,corr,None,None,None,None
274,exp_acyclic_depvary_step2_batch_yyy08.pl,p3,no,15.5,no,corr,None,None,None,None
275,exp_acyclic_depvary_step2_batch_yyy08.pl,d2,no,14.56,no,corr,None,None,None,None
276,exp_acyclic_depvary_step2_batch_yyy08.pl,z3,no,15.69,no,corr,None,None,None,None
277,exp_acyclic_depvary_step2_batch_yyy08.pl,y2,no,15.58,no,corr,None,None,None,None
278,exp_acyclic_depvary_step2_batch_yyy08.pl,c6,no,15.41,no,corr,None,None,None,None
279,exp_acyclic_depvary_step2_batch_yyy08.pl,z2,no,14.87,no,corr,None,None,None,None
280,exp_acyclic_depvary_step2_batch_yyy08.pl,b5,no,15.69,no,corr,None,None,None,None
281,exp_acyclic_depvary_step2_batch_yyy09.pl,u5,no,14.37,no,corr,None,None,None,None
282,exp_acyclic_depvary_step2_batch_yyy09.pl,t4,no,14.2,no,corr,None,None,None,None
283,exp_acyclic_depvary_step2_batch_yyy09.pl,b2,no,16.78,no,corr,None,None,None,None
284,exp_acyclic_depvary_step2_batch_yyy09.pl,b3,no,14.09,no,corr,None,None,None,None
285,exp_acyclic_depvary_step2_batch_yyy09.pl,p4,no,14.16,no,corr,None,None,None,None
286,exp_acyclic_depvary_step2_batch_yyy09.pl,b4,no,14.63,no,corr,None,None,None,None
287,exp_acyclic_depvary_step2_batch_yyy09.pl,z1,no,14.22,no,corr,None,None,None,None
288,exp_acyclic_depvary_step2_batch_yyy09.pl,w4,no,14.37,no,corr,None,None,None,None
289,exp_acyclic_depvary_step2_batch_yyy09.pl,d1,yes,14.63,yes,corr,None,None,None,None
290,exp_acyclic_depvary_step2_batch_yyy09.pl,x4,no,14.19,no,corr,None,None,None,None
291,exp_acyclic_depvary_step2_batch_yyy10.pl,u5,no,13.21,no,corr,None,None,None,None
292,exp_acyclic_depvary_step2_batch_yyy10.pl,d4,no,12.85,no,corr,None,None,None,None
293,exp_acyclic_depvary_step2_batch_yyy10.pl,t3,no,13.19,no,corr,None,None,None,None
294,exp_acyclic_depvary_step2_batch_yyy10.pl,v4,no,13.35,no,corr,None,None,None,None
295,exp_acyclic_depvary_step2_batch_yyy10.pl,f4,no,13.53,no,corr,None,None,None,None
296,exp_acyclic_depvary_step2_batch_yyy10.pl,r2,yes,14.01,yes,corr,None,None,None,None
297,exp_acyclic_depvary_step2_batch_yyy10.pl,v2,no,12.93,no,corr,None,None,None,None
298,exp_acyclic_depvary_step2_batch_yyy10.pl,e1,no,19.58,no,corr,None,None,None,None
299,exp_acyclic_depvary_step2_batch_yyy10.pl,s1,yes,13.66,yes,corr,None,None,None,None
300,exp_acyclic_depvary_step2_batch_yyy10.pl,d2,no,13.57,no,corr,None,None,None,None
301,exp_acyclic_depvary_step3_batch_yyy01.pl,u1,yes,29.3,yes,corr,None,None,None,None
302,exp_acyclic_depvary_step3_batch_yyy01.pl,c2,no,35.36,no,corr,None,None,None,None
303,exp_acyclic_depvary_step3_batch_yyy01.pl,a4,no,28.54,no,corr,None,None,None,None
304,exp_acyclic_depvary_step3_batch_yyy01.pl,y1,yes,28.72,yes,corr,None,None,None,None
305,exp_acyclic_depvary_step3_batch_yyy01.pl,q1,yes,29.92,yes,corr,None,None,None,None
306,exp_acyclic_depvary_step3_batch_yyy01.pl,a2,no,26.47,no,corr,None,None,None,None
307,exp_acyclic_depvary_step3_batch_yyy01.pl,s5,no,28.71,no,corr,None,None,None,None
308,exp_acyclic_depvary_step3_batch_yyy01.pl,b4,no,27.8,no,corr,None,None,None,None
309,exp_acyclic_depvary_step3_batch_yyy01.pl,z3,no,28.65,no,corr,None,None,None,None
310,exp_acyclic_depvary_step3_batch_yyy01.pl,a3,no,28.35,no,corr,None,None,None,None
311,exp_acyclic_depvary_step3_batch_yyy02.pl,d5,no,20.19,no,corr,None,None,None,None
312,exp_acyclic_depvary_step3_batch_yyy02.pl,z5,no,20.72,no,corr,None,None,None,None
313,exp_acyclic_depvary_step3_batch_yyy02.pl,b4,no,20.85,no,corr,None,None,None,None
314,exp_acyclic_depvary_step3_batch_yyy02.pl,c2,yes,20.04,yes,corr,None,None,None,None
315,exp_acyclic_depvary_step3_batch_yyy02.pl,r5,no,20.75,no,corr,None,None,None,None
316,exp_acyclic_depvary_step3_batch_yyy02.pl,r1,yes,19.57,yes,corr,None,None,None,None
317,exp_acyclic_depvary_step3_batch_yyy02.pl,p2,yes,20.77,yes,corr,None,None,None,None
318,exp_acyclic_depvary_step3_batch_yyy02.pl,e2,yes,28.07,yes,corr,None,None,None,None
319,exp_acyclic_depvary_step3_batch_yyy02.pl,d1,yes,29.22,yes,corr,None,None,None,None
320,exp_acyclic_depvary_step3_batch_yyy02.pl,q1,no,27.41,no,corr,None,None,None,None
321,exp_acyclic_depvary_step3_batch_yyy03.pl,p4,no,28.76,no,corr,None,None,None,None
322,exp_acyclic_depvary_step3_batch_yyy03.pl,u4,no,28.84,no,corr,None,None,None,None
323,exp_acyclic_depvary_step3_batch_yyy03.pl,z1,no,28.92,no,corr,None,None,None,None
324,exp_acyclic_depvary_step3_batch_yyy03.pl,c6,no,28.83,no,corr,None,None,None,None
325,exp_acyclic_depvary_step3_batch_yyy03.pl,y1,no,27.92,no,corr,None,None,None,None
326,exp_acyclic_depvary_step3_batch_yyy03.pl,y2,no,28.76,no,corr,None,None,None,None
327,exp_acyclic_depvary_step3_batch_yyy03.pl,e2,no,27.92,no,corr,None,None,None,None
328,exp_acyclic_depvary_step3_batch_yyy03.pl,r3,no,28.86,no,corr,None,None,None,None
329,exp_acyclic_depvary_step3_batch_yyy03.pl,f2,no,28.48,no,corr,None,None,None,None
330,exp_acyclic_depvary_step3_batch_yyy03.pl,q2,no,27.15,no,corr,None,None,None,None
331,exp_acyclic_depvary_step3_batch_yyy04.pl,t5,no,28.1,no,corr,None,None,None,None
332,exp_acyclic_depvary_step3_batch_yyy04.pl,s4,no,28.71,no,corr,None,None,None,None
333,exp_acyclic_depvary_step3_batch_yyy04.pl,u4,no,28.93,no,corr,None,None,None,None
334,exp_acyclic_depvary_step3_batch_yyy04.pl,c5,no,28.58,no,corr,None,None,None,None
335,exp_acyclic_depvary_step3_batch_yyy04.pl,e4,no,27.95,no,corr,None,None,None,None
336,exp_acyclic_depvary_step3_batch_yyy04.pl,w1,no,29.06,no,corr,None,None,None,None
337,exp_acyclic_depvary_step3_batch_yyy04.pl,s1,yes,30.35,yes,corr,None,None,None,None
338,exp_acyclic_depvary_step3_batch_yyy04.pl,z3,no,28.25,no,corr,None,None,None,None
339,exp_acyclic_depvary_step3_batch_yyy04.pl,r3,no,28.16,no,corr,None,None,None,None
340,exp_acyclic_depvary_step3_batch_yyy04.pl,q2,yes,29.59,yes,corr,None,None,None,None
341,exp_acyclic_depvary_step3_batch_yyy05.pl,e1,yes,19.71,yes,corr,None,None,None,None
342,exp_acyclic_depvary_step3_batch_yyy05.pl,f1,yes,19.07,yes,corr,None,None,None,None
343,exp_acyclic_depvary_step3_batch_yyy05.pl,c5,no,18.65,no,corr,None,None,None,None
344,exp_acyclic_depvary_step3_batch_yyy05.pl,r4,no,18.48,no,corr,None,None,None,None
345,exp_acyclic_depvary_step3_batch_yyy05.pl,a3,no,18.92,no,corr,None,None,None,None
346,exp_acyclic_depvary_step3_batch_yyy05.pl,x1,yes,18.3,yes,corr,None,None,None,None
347,exp_acyclic_depvary_step3_batch_yyy05.pl,s5,no,17.8,no,corr,None,None,None,None
348,exp_acyclic_depvary_step3_batch_yyy05.pl,b4,no,18.78,no,corr,None,None,None,None
349,exp_acyclic_depvary_step3_batch_yyy05.pl,r5,no,18.05,no,corr,None,None,None,None
350,exp_acyclic_depvary_step3_batch_yyy05.pl,e4,no,17.88,no,corr,None,None,None,None
351,exp_acyclic_depvary_step3_batch_yyy06.pl,c4,no,25.52,no,corr,None,None,None,None
352,exp_acyclic_depvary_step3_batch_yyy06.pl,u4,no,26.49,no,corr,None,None,None,None
353,exp_acyclic_depvary_step3_batch_yyy06.pl,a1,no,45.58,no,corr,None,None,None,None
354,exp_acyclic_depvary_step3_batch_yyy06.pl,u2,no,26.28,no,corr,None,None,None,None
355,exp_acyclic_depvary_step3_batch_yyy06.pl,x4,no,26.98,no,corr,None,None,None,None
356,exp_acyclic_depvary_step3_batch_yyy06.pl,z5,no,26.43,no,corr,None,None,None,None
357,exp_acyclic_depvary_step3_batch_yyy06.pl,e1,yes,27.07,yes,corr,None,None,None,None
358,exp_acyclic_depvary_step3_batch_yyy06.pl,x5,no,26.21,no,corr,None,None,None,None
359,exp_acyclic_depvary_step3_batch_yyy06.pl,c6,no,27.08,no,corr,None,None,None,None
360,exp_acyclic_depvary_step3_batch_yyy06.pl,b5,no,26.42,no,corr,None,None,None,None
361,exp_acyclic_depvary_step3_batch_yyy07.pl,w2,no,28.33,no,corr,None,None,None,None
362,exp_acyclic_depvary_step3_batch_yyy07.pl,q5,no,28.17,no,corr,None,None,None,None
363,exp_acyclic_depvary_step3_batch_yyy07.pl,c2,yes,29.09,yes,corr,None,None,None,None
364,exp_acyclic_depvary_step3_batch_yyy07.pl,x2,yes,28.76,yes,corr,None,None,None,None
365,exp_acyclic_depvary_step3_batch_yyy07.pl,e4,no,28.55,no,corr,None,None,None,None
366,exp_acyclic_depvary_step3_batch_yyy07.pl,a1,yes,29.42,yes,corr,None,None,None,None
367,exp_acyclic_depvary_step3_batch_yyy07.pl,t4,no,28.13,no,corr,None,None,None,None
368,exp_acyclic_depvary_step3_batch_yyy07.pl,s3,no,28.19,no,corr,None,None,None,None
369,exp_acyclic_depvary_step3_batch_yyy07.pl,r3,no,28.26,no,corr,None,None,None,None
370,exp_acyclic_depvary_step3_batch_yyy07.pl,q1,no,27.21,no,corr,None,None,None,None
371,exp_acyclic_depvary_step3_batch_yyy08.pl,d4,no,15.02,no,corr,None,None,None,None
372,exp_acyclic_depvary_step3_batch_yyy08.pl,w2,yes,14.66,yes,corr,None,None,None,None
373,exp_acyclic_depvary_step3_batch_yyy08.pl,a5,no,14.81,no,corr,None,None,None,None
374,exp_acyclic_depvary_step3_batch_yyy08.pl,y3,no,14.95,no,corr,None,None,None,None
375,exp_acyclic_depvary_step3_batch_yyy08.pl,c6,no,13.84,no,corr,None,None,None,None
376,exp_acyclic_depvary_step3_batch_yyy08.pl,q3,no,14.98,no,corr,None,None,None,None
377,exp_acyclic_depvary_step3_batch_yyy08.pl,u2,no,14.37,no,corr,None,None,None,None
378,exp_acyclic_depvary_step3_batch_yyy08.pl,y5,no,14.31,no,corr,None,None,None,None
379,exp_acyclic_depvary_step3_batch_yyy08.pl,f4,no,14.71,no,corr,None,None,None,None
380,exp_acyclic_depvary_step3_batch_yyy08.pl,z3,no,14.4,no,corr,None,None,None,None
381,exp_acyclic_depvary_step3_batch_yyy09.pl,b3,no,17.78,no,corr,None,None,None,None
382,exp_acyclic_depvary_step3_batch_yyy09.pl,d4,no,17.97,no,corr,None,None,None,None
383,exp_acyclic_depvary_step3_batch_yyy09.pl,w5,no,17.79,no,corr,None,None,None,None
384,exp_acyclic_depvary_step3_batch_yyy09.pl,b1,no,24.43,no,corr,None,None,None,None
385,exp_acyclic_depvary_step3_batch_yyy09.pl,a4,no,17.75,no,corr,None,None,None,None
386,exp_acyclic_depvary_step3_batch_yyy09.pl,p3,no,18.34,no,corr,None,None,None,None
387,exp_acyclic_depvary_step3_batch_yyy09.pl,e3,no,17.53,no,corr,None,None,None,None
388,exp_acyclic_depvary_step3_batch_yyy09.pl,r1,yes,23.5,yes,corr,None,None,None,None
389,exp_acyclic_depvary_step3_batch_yyy09.pl,e2,yes,26.42,yes,corr,None,None,None,None
390,exp_acyclic_depvary_step3_batch_yyy09.pl,d1,yes,24.79,yes,corr,None,None,None,None
391,exp_acyclic_depvary_step3_batch_yyy10.pl,s3,no,18.34,no,corr,None,None,None,None
392,exp_acyclic_depvary_step3_batch_yyy10.pl,b3,no,18.6,no,corr,None,None,None,None
393,exp_acyclic_depvary_step3_batch_yyy10.pl,e1,yes,27.11,yes,corr,None,None,None,None
394,exp_acyclic_depvary_step3_batch_yyy10.pl,t2,no,31.49,no,corr,None,None,None,None
395,exp_acyclic_depvary_step3_batch_yyy10.pl,e3,no,19.06,no,corr,None,None,None,None
396,exp_acyclic_depvary_step3_batch_yyy10.pl,u5,no,18.57,no,corr,None,None,None,None
397,exp_acyclic_depvary_step3_batch_yyy10.pl,d5,no,17.72,no,corr,None,None,None,None
398,exp_acyclic_depvary_step3_batch_yyy10.pl,e2,no,27.64,no,corr,None,None,None,None
399,exp_acyclic_depvary_step3_batch_yyy10.pl,r3,no,18.12,no,corr,None,None,None,None
400,exp_acyclic_depvary_step3_batch_yyy10.pl,d1,no,36.42,no,corr,None,None,None,None
401,exp_acyclic_depvary_step4_batch_yyy01.pl,b3,yes,44.53,yes,corr,None,None,None,None
402,exp_acyclic_depvary_step4_batch_yyy01.pl,u1,no,43.11,no,corr,None,None,None,None
403,exp_acyclic_depvary_step4_batch_yyy01.pl,d3,no,42.15,no,corr,None,None,None,None
404,exp_acyclic_depvary_step4_batch_yyy01.pl,q5,no,42.52,no,corr,None,None,None,None
405,exp_acyclic_depvary_step4_batch_yyy01.pl,c2,yes,45.43,yes,corr,None,None,None,None
406,exp_acyclic_depvary_step4_batch_yyy01.pl,f5,no,42.06,no,corr,None,None,None,None
407,exp_acyclic_depvary_step4_batch_yyy01.pl,w1,no,42.02,no,corr,None,None,None,None
408,exp_acyclic_depvary_step4_batch_yyy01.pl,s1,yes,43.99,yes,corr,None,None,None,None
409,exp_acyclic_depvary_step4_batch_yyy01.pl,x1,no,44.98,no,corr,None,None,None,None
410,exp_acyclic_depvary_step4_batch_yyy01.pl,f2,yes,44.11,yes,corr,None,None,None,None
411,exp_acyclic_depvary_step4_batch_yyy02.pl,u1,yes,38.08,yes,corr,None,None,None,None
412,exp_acyclic_depvary_step4_batch_yyy02.pl,y3,no,35.36,no,corr,None,None,None,None
413,exp_acyclic_depvary_step4_batch_yyy02.pl,d2,yes,38.68,yes,corr,None,None,None,None
414,exp_acyclic_depvary_step4_batch_yyy02.pl,y5,no,36.15,no,corr,None,None,None,None
415,exp_acyclic_depvary_step4_batch_yyy02.pl,w3,no,35.66,no,corr,None,None,None,None
416,exp_acyclic_depvary_step4_batch_yyy02.pl,b3,yes,39.1,yes,corr,None,None,None,None
417,exp_acyclic_depvary_step4_batch_yyy02.pl,y4,no,36.02,no,corr,None,None,None,None
418,exp_acyclic_depvary_step4_batch_yyy02.pl,e2,yes,35.53,yes,corr,None,None,None,None
419,exp_acyclic_depvary_step4_batch_yyy02.pl,t1,no,36.31,no,corr,None,None,None,None
420,exp_acyclic_depvary_step4_batch_yyy02.pl,q1,yes,35.56,yes,corr,None,None,None,None
421,exp_acyclic_depvary_step4_batch_yyy03.pl,b2,yes,41.62,yes,corr,None,None,None,None
422,exp_acyclic_depvary_step4_batch_yyy03.pl,p5,no,38.2,no,corr,None,None,None,None
423,exp_acyclic_depvary_step4_batch_yyy03.pl,d3,no,39.54,no,corr,None,None,None,None
424,exp_acyclic_depvary_step4_batch_yyy03.pl,t3,no,39.61,no,corr,None,None,None,None
425,exp_acyclic_depvary_step4_batch_yyy03.pl,u3,no,39.33,no,corr,None,None,None,None
426,exp_acyclic_depvary_step4_batch_yyy03.pl,s1,no,39.47,no,corr,None,None,None,None
427,exp_acyclic_depvary_step4_batch_yyy03.pl,q3,yes,40.64,yes,corr,None,None,None,None
428,exp_acyclic_depvary_step4_batch_yyy03.pl,b6,no,39.34,no,corr,None,None,None,None
429,exp_acyclic_depvary_step4_batch_yyy03.pl,c3,no,39.38,no,corr,None,None,None,None
430,exp_acyclic_depvary_step4_batch_yyy03.pl,t4,no,39.22,no,corr,None,None,None,None
431,exp_acyclic_depvary_step4_batch_yyy04.pl,u5,no,28.54,no,corr,None,None,None,None
432,exp_acyclic_depvary_step4_batch_yyy04.pl,b2,yes,28.65,yes,corr,None,None,None,None
433,exp_acyclic_depvary_step4_batch_yyy04.pl,d4,no,28.79,no,corr,None,None,None,None
434,exp_acyclic_depvary_step4_batch_yyy04.pl,b4,no,27.95,no,corr,None,None,None,None
435,exp_acyclic_depvary_step4_batch_yyy04.pl,p3,,600.0,no,TIMEOUT,,,,
436,exp_acyclic_depvary_step4_batch_yyy04.pl,y1,no,91.39,no,corr,None,None,None,None
437,exp_acyclic_depvary_step4_batch_yyy04.pl,b6,no,30.31,no,corr,None,None,None,None
438,exp_acyclic_depvary_step4_batch_yyy04.pl,q1,no,52.76,no,corr,None,None,None,None
439,exp_acyclic_depvary_step4_batch_yyy04.pl,x2,yes,29.46,yes,corr,None,None,None,None
440,exp_acyclic_depvary_step4_batch_yyy04.pl,f5,no,27.83,no,corr,None,None,None,None
441,exp_acyclic_depvary_step4_batch_yyy05.pl,t4,no,31.21,no,corr,None,None,None,None
442,exp_acyclic_depvary_step4_batch_yyy05.pl,p5,no,30.77,no,corr,None,None,None,None
443,exp_acyclic_depvary_step4_batch_yyy05.pl,t3,no,30.95,no,corr,None,None,None,None
444,exp_acyclic_depvary_step4_batch_yyy05.pl,y1,no,83.01,no,corr,None,None,None,None
445,exp_acyclic_depvary_step4_batch_yyy05.pl,a3,no,30.16,no,corr,None,None,None,None
446,exp_acyclic_depvary_step4_batch_yyy05.pl,x4,no,31.04,no,corr,None,None,None,None
447,exp_acyclic_depvary_step4_batch_yyy05.pl,v5,no,30.16,no,corr,None,None,None,None
448,exp_acyclic_depvary_step4_batch_yyy05.pl,w5,no,30.69,no,corr,None,None,None,None
449,exp_acyclic_depvary_step4_batch_yyy05.pl,c6,no,31.14,no,corr,None,None,None,None
450,exp_acyclic_depvary_step4_batch_yyy05.pl,z2,yes,30.45,yes,corr,None,None,None,None
451,exp_acyclic_depvary_step4_batch_yyy06.pl,b3,no,39.35,no,corr,None,None,None,None
452,exp_acyclic_depvary_step4_batch_yyy06.pl,z5,no,38.7,no,corr,None,None,None,None
453,exp_acyclic_depvary_step4_batch_yyy06.pl,c2,yes,41.63,yes,corr,None,None,None,None
454,exp_acyclic_depvary_step4_batch_yyy06.pl,x2,no,39.63,no,corr,None,None,None,None
455,exp_acyclic_depvary_step4_batch_yyy06.pl,z4,no,39.74,no,corr,None,None,None,None
456,exp_acyclic_depvary_step4_batch_yyy06.pl,v4,no,39.4,no,corr,None,None,None,None
457,exp_acyclic_depvary_step4_batch_yyy06.pl,r3,no,39.6,no,corr,None,None,None,None
458,exp_acyclic_depvary_step4_batch_yyy06.pl,u2,no,39.06,no,corr,None,None,None,None
459,exp_acyclic_depvary_step4_batch_yyy06.pl,a2,yes,41.9,yes,corr,None,None,None,None
460,exp_acyclic_depvary_step4_batch_yyy06.pl,w3,no,38.46,no,corr,None,None,None,None
461,exp_acyclic_depvary_step4_batch_yyy07.pl,u5,no,48.79,no,corr,None,None,None,None
462,exp_acyclic_depvary_step4_batch_yyy07.pl,t5,no,48.18,no,corr,None,None,None,None
463,exp_acyclic_depvary_step4_batch_yyy07.pl,q4,no,49.13,no,corr,None,None,None,None
464,exp_acyclic_depvary_step4_batch_yyy07.pl,f3,no,48.99,no,corr,None,None,None,None
465,exp_acyclic_depvary_step4_batch_yyy07.pl,a1,yes,53.31,yes,corr,None,None,None,None
466,exp_acyclic_depvary_step4_batch_yyy07.pl,x4,no,48.55,no,corr,None,None,None,None
467,exp_acyclic_depvary_step4_batch_yyy07.pl,s1,yes,50.07,yes,corr,None,None,None,None
468,exp_acyclic_depvary_step4_batch_yyy07.pl,d2,yes,51.91,yes,corr,None,None,None,None
469,exp_acyclic_depvary_step4_batch_yyy07.pl,t1,no,48.78,no,corr,None,None,None,None
470,exp_acyclic_depvary_step4_batch_yyy07.pl,q1,no,48.42,no,corr,None,None,None,None
471,exp_acyclic_depvary_step4_batch_yyy08.pl,t5,no,36.21,no,corr,None,None,None,None
472,exp_acyclic_depvary_step4_batch_yyy08.pl,d4,no,36.25,no,corr,None,None,None,None
473,exp_acyclic_depvary_step4_batch_yyy08.pl,t3,no,35.59,no,corr,None,None,None,None
474,exp_acyclic_depvary_step4_batch_yyy08.pl,f3,no,35.42,no,corr,None,None,None,None
475,exp_acyclic_depvary_step4_batch_yyy08.pl,r1,no,59.67,no,corr,None,None,None,None
476,exp_acyclic_depvary_step4_batch_yyy08.pl,y2,yes,43.37,yes,corr,None,None,None,None
477,exp_acyclic_depvary_step4_batch_yyy08.pl,v3,no,35.64,no,corr,None,None,None,None
478,exp_acyclic_depvary_step4_batch_yyy08.pl,y5,no,35.48,no,corr,None,None,None,None
479,exp_acyclic_depvary_step4_batch_yyy08.pl,w3,no,35.23,no,corr,None,None,None,None
480,exp_acyclic_depvary_step4_batch_yyy08.pl,f2,no,40.96,no,corr,None,None,None,None
481,exp_acyclic_depvary_step4_batch_yyy09.pl,v2,no,46.36,no,corr,None,None,None,None
482,exp_acyclic_depvary_step4_batch_yyy09.pl,d3,no,26.97,no,corr,None,None,None,None
483,exp_acyclic_depvary_step4_batch_yyy09.pl,t3,no,25.9,no,corr,None,None,None,None
484,exp_acyclic_depvary_step4_batch_yyy09.pl,z4,no,27.02,no,corr,None,None,None,None
485,exp_acyclic_depvary_step4_batch_yyy09.pl,v1,no,52.12,no,corr,None,None,None,None
486,exp_acyclic_depvary_step4_batch_yyy09.pl,c1,yes,27.0,yes,corr,None,None,None,None
487,exp_acyclic_depvary_step4_batch_yyy09.pl,a6,no,26.92,no,corr,None,None,None,None
488,exp_acyclic_depvary_step4_batch_yyy09.pl,s4,no,26.5,no,corr,None,None,None,None
489,exp_acyclic_depvary_step4_batch_yyy09.pl,a4,no,26.47,no,corr,None,None,None,None
490,exp_acyclic_depvary_step4_batch_yyy09.pl,x2,no,36.7,no,corr,None,None,None,None
491,exp_acyclic_depvary_step4_batch_yyy10.pl,w5,no,41.06,no,corr,None,None,None,None
492,exp_acyclic_depvary_step4_batch_yyy10.pl,q4,no,41.05,no,corr,None,None,None,None
493,exp_acyclic_depvary_step4_batch_yyy10.pl,r5,no,41.16,no,corr,None,None,None,None
494,exp_acyclic_depvary_step4_batch_yyy10.pl,w4,no,41.33,no,corr,None,None,None,None
495,exp_acyclic_depvary_step4_batch_yyy10.pl,t2,no,40.93,no,corr,None,None,None,None
496,exp_acyclic_depvary_step4_batch_yyy10.pl,b6,no,40.36,no,corr,None,None,None,None
497,exp_acyclic_depvary_step4_batch_yyy10.pl,d1,yes,44.27,yes,corr,None,None,None,None
498,exp_acyclic_depvary_step4_batch_yyy10.pl,f2,no,40.6,no,corr,None,None,None,None
499,exp_acyclic_depvary_step4_batch_yyy10.pl,u5,no,41.46,no,corr,None,None,None,None
500,exp_acyclic_depvary_step4_batch_yyy10.pl,d5,no,41.37,no,corr,None,None,None,None
501,exp_acyclic_depvary_step5_batch_yyy01.pl,d5,no,61.43,no,corr,None,None,None,None
502,exp_acyclic_depvary_step5_batch_yyy01.pl,p5,no,61.73,no,corr,None,None,None,None
503,exp_acyclic_depvary_step5_batch_yyy01.pl,a4,no,60.87,no,corr,None,None,None,None
504,exp_acyclic_depvary_step5_batch_yyy01.pl,p2,no,113.9,no,corr,None,None,None,None
505,exp_acyclic_depvary_step5_batch_yyy01.pl,v2,yes,64.04,yes,corr,None,None,None,None
506,exp_acyclic_depvary_step5_batch_yyy01.pl,e1,yes,87.75,yes,corr,None,None,None,None
507,exp_acyclic_depvary_step5_batch_yyy01.pl,c5,no,61.71,no,corr,None,None,None,None
508,exp_acyclic_depvary_step5_batch_yyy01.pl,b1,yes,60.89,yes,corr,None,None,None,None
509,exp_acyclic_depvary_step5_batch_yyy01.pl,d1,no,83.42,no,corr,None,None,None,None
510,exp_acyclic_depvary_step5_batch_yyy01.pl,q1,yes,60.88,yes,corr,None,None,None,None
511,exp_acyclic_depvary_step5_batch_yyy02.pl,u5,no,64.6,no,corr,None,None,None,None
512,exp_acyclic_depvary_step5_batch_yyy02.pl,t4,no,65.49,no,corr,None,None,None,None
513,exp_acyclic_depvary_step5_batch_yyy02.pl,e1,yes,69.32,yes,corr,None,None,None,None
514,exp_acyclic_depvary_step5_batch_yyy02.pl,q4,no,65.34,no,corr,None,None,None,None
515,exp_acyclic_depvary_step5_batch_yyy02.pl,f5,no,65.58,no,corr,None,None,None,None
516,exp_acyclic_depvary_step5_batch_yyy02.pl,r5,no,66.17,no,corr,None,None,None,None
517,exp_acyclic_depvary_step5_batch_yyy02.pl,r1,no,76.14,no,corr,None,None,None,None
518,exp_acyclic_depvary_step5_batch_yyy02.pl,d1,yes,69.6,yes,corr,None,None,None,None
519,exp_acyclic_depvary_step5_batch_yyy02.pl,p4,no,65.78,no,corr,None,None,None,None
520,exp_acyclic_depvary_step5_batch_yyy02.pl,d4,no,64.83,no,corr,None,None,None,None
521,exp_acyclic_depvary_step5_batch_yyy03.pl,s4,no,59.78,no,corr,None,None,None,None
522,exp_acyclic_depvary_step5_batch_yyy03.pl,d4,no,59.81,no,corr,None,None,None,None
523,exp_acyclic_depvary_step5_batch_yyy03.pl,s2,yes,64.28,yes,corr,None,None,None,None
524,exp_acyclic_depvary_step5_batch_yyy03.pl,w1,no,60.04,no,corr,None,None,None,None
525,exp_acyclic_depvary_step5_batch_yyy03.pl,f3,no,139.09,no,corr,None,None,None,None
526,exp_acyclic_depvary_step5_batch_yyy03.pl,t2,yes,61.6,yes,corr,None,None,None,None
527,exp_acyclic_depvary_step5_batch_yyy03.pl,y1,no,59.6,no,corr,None,None,None,None
528,exp_acyclic_depvary_step5_batch_yyy03.pl,y5,no,60.17,no,corr,None,None,None,None
529,exp_acyclic_depvary_step5_batch_yyy03.pl,b6,no,60.25,no,corr,None,None,None,None
530,exp_acyclic_depvary_step5_batch_yyy03.pl,a1,no,132.21,no,corr,None,None,None,None
531,exp_acyclic_depvary_step5_batch_yyy04.pl,p5,no,59.33,no,corr,None,None,None,None
532,exp_acyclic_depvary_step5_batch_yyy04.pl,f1,yes,60.36,yes,corr,None,None,None,None
533,exp_acyclic_depvary_step5_batch_yyy04.pl,v5,no,59.49,no,corr,None,None,None,None
534,exp_acyclic_depvary_step5_batch_yyy04.pl,w1,,600.0,no,TIMEOUT,,,,
535,exp_acyclic_depvary_step5_batch_yyy04.pl,v4,no,64.77,no,corr,None,None,None,None
536,exp_acyclic_depvary_step5_batch_yyy04.pl,v3,no,159.35,no,corr,None,None,None,None
537,exp_acyclic_depvary_step5_batch_yyy04.pl,s5,no,59.97,no,corr,None,None,None,None
538,exp_acyclic_depvary_step5_batch_yyy04.pl,b4,no,60.2,no,corr,None,None,None,None
539,exp_acyclic_depvary_step5_batch_yyy04.pl,r3,yes,63.9,yes,corr,None,None,None,None
540,exp_acyclic_depvary_step5_batch_yyy04.pl,t1,,600.0,no,TIMEOUT,,,,
541,exp_acyclic_depvary_step5_batch_yyy05.pl,t5,no,80.46,no,corr,None,None,None,None
542,exp_acyclic_depvary_step5_batch_yyy05.pl,y4,no,80.6,no,corr,None,None,None,None
543,exp_acyclic_depvary_step5_batch_yyy05.pl,a5,no,81.2,no,corr,None,None,None,None
544,exp_acyclic_depvary_step5_batch_yyy05.pl,y3,no,81.62,no,corr,None,None,None,None
545,exp_acyclic_depvary_step5_batch_yyy05.pl,x5,no,81.66,no,corr,None,None,None,None
546,exp_acyclic_depvary_step5_batch_yyy05.pl,r4,no,81.66,no,corr,None,None,None,None
547,exp_acyclic_depvary_step5_batch_yyy05.pl,d2,yes,89.78,yes,corr,None,None,None,None
548,exp_acyclic_depvary_step5_batch_yyy05.pl,y2,yes,85.61,yes,corr,None,None,None,None
549,exp_acyclic_depvary_step5_batch_yyy05.pl,b4,no,81.37,no,corr,None,None,None,None
550,exp_acyclic_depvary_step5_batch_yyy05.pl,q5,no,81.43,no,corr,None,None,None,None
551,exp_acyclic_depvary_step5_batch_yyy06.pl,t5,no,65.81,no,corr,None,None,None,None
552,exp_acyclic_depvary_step5_batch_yyy06.pl,y4,no,65.63,no,corr,None,None,None,None
553,exp_acyclic_depvary_step5_batch_yyy06.pl,z5,no,65.25,no,corr,None,None,None,None
554,exp_acyclic_depvary_step5_batch_yyy06.pl,e3,yes,69.99,yes,corr,None,None,None,None
555,exp_acyclic_depvary_step5_batch_yyy06.pl,y1,no,68.55,no,corr,None,None,None,None
556,exp_acyclic_depvary_step5_batch_yyy06.pl,q3,,600.0,no,TIMEOUT,,,,
557,exp_acyclic_depvary_step5_batch_yyy06.pl,p1,no,80.25,no,corr,None,None,None,None
558,exp_acyclic_depvary_step5_batch_yyy06.pl,a2,yes,77.99,yes,corr,None,None,None,None
559,exp_acyclic_depvary_step5_batch_yyy06.pl,z4,no,70.77,no,corr,None,None,None,None
560,exp_acyclic_depvary_step5_batch_yyy06.pl,e4,no,70.17,no,corr,None,None,None,None
561,exp_acyclic_depvary_step5_batch_yyy07.pl,p5,no,80.23,no,corr,None,None,None,None
562,exp_acyclic_depvary_step5_batch_yyy07.pl,u1,no,77.58,no,corr,None,None,None,None
563,exp_acyclic_depvary_step5_batch_yyy07.pl,u4,no,74.69,no,corr,None,None,None,None
564,exp_acyclic_depvary_step5_batch_yyy07.pl,p3,no,74.6,no,corr,None,None,None,None
565,exp_acyclic_depvary_step5_batch_yyy07.pl,s1,yes,78.76,yes,corr,None,None,None,None
566,exp_acyclic_depvary_step5_batch_yyy07.pl,p2,no,74.48,no,corr,None,None,None,None
567,exp_acyclic_depvary_step5_batch_yyy07.pl,r3,no,73.97,no,corr,None,None,None,None
568,exp_acyclic_depvary_step5_batch_yyy07.pl,a2,no,74.61,no,corr,None,None,None,None
569,exp_acyclic_depvary_step5_batch_yyy07.pl,q3,no,72.32,no,corr,None,None,None,None
570,exp_acyclic_depvary_step5_batch_yyy07.pl,y2,no,70.37,no,corr,None,None,None,None
571,exp_acyclic_depvary_step5_batch_yyy08.pl,c4,no,73.43,no,corr,None,None,None,None
572,exp_acyclic_depvary_step5_batch_yyy08.pl,d4,no,73.11,no,corr,None,None,None,None
573,exp_acyclic_depvary_step5_batch_yyy08.pl,e5,no,72.25,no,corr,None,None,None,None
574,exp_acyclic_depvary_step5_batch_yyy08.pl,p3,no,73.02,no,corr,None,None,None,None
575,exp_acyclic_depvary_step5_batch_yyy08.pl,y2,no,72.72,no,corr,None,None,None,None
576,exp_acyclic_depvary_step5_batch_yyy08.pl,b6,no,72.12,no,corr,None,None,None,None
577,exp_acyclic_depvary_step5_batch_yyy08.pl,p1,yes,77.05,yes,corr,None,None,None,None
578,exp_acyclic_depvary_step5_batch_yyy08.pl,f2,no,72.14,no,corr,None,None,None,None
579,exp_acyclic_depvary_step5_batch_yyy08.pl,u3,no,72.93,no,corr,None,None,None,None
580,exp_acyclic_depvary_step5_batch_yyy08.pl,v4,no,73.04,no,corr,None,None,None,None
581,exp_acyclic_depvary_step5_batch_yyy09.pl,b3,no,79.62,no,corr,None,None,None,None
582,exp_acyclic_depvary_step5_batch_yyy09.pl,z1,yes,87.76,yes,corr,None,None,None,None
583,exp_acyclic_depvary_step5_batch_yyy09.pl,e4,no,83.69,no,corr,None,None,None,None
584,exp_acyclic_depvary_step5_batch_yyy09.pl,v1,no,110.06,no,corr,None,None,None,None
585,exp_acyclic_depvary_step5_batch_yyy09.pl,t2,no,82.77,no,corr,None,None,None,None
586,exp_acyclic_depvary_step5_batch_yyy09.pl,y1,no,82.37,no,corr,None,None,None,None
587,exp_acyclic_depvary_step5_batch_yyy09.pl,a3,yes,84.42,yes,corr,None,None,None,None
588,exp_acyclic_depvary_step5_batch_yyy09.pl,e2,no,105.95,no,corr,None,None,None,None
589,exp_acyclic_depvary_step5_batch_yyy09.pl,y2,yes,87.94,yes,corr,None,None,None,None
590,exp_acyclic_depvary_step5_batch_yyy09.pl,x1,no,83.54,no,corr,None,None,None,None
591,exp_acyclic_depvary_step5_batch_yyy10.pl,e1,no,74.71,no,corr,None,None,None,None
592,exp_acyclic_depvary_step5_batch_yyy10.pl,d4,no,74.88,no,corr,None,None,None,None
593,exp_acyclic_depvary_step5_batch_yyy10.pl,w4,no,74.8,no,corr,None,None,None,None
594,exp_acyclic_depvary_step5_batch_yyy10.pl,t2,yes,79.83,yes,corr,None,None,None,None
595,exp_acyclic_depvary_step5_batch_yyy10.pl,z3,no,75.15,no,corr,None,None,None,None
596,exp_acyclic_depvary_step5_batch_yyy10.pl,x4,no,74.75,no,corr,None,None,None,None
597,exp_acyclic_depvary_step5_batch_yyy10.pl,t5,no,74.07,no,corr,None,None,None,None
598,exp_acyclic_depvary_step5_batch_yyy10.pl,s3,yes,79.41,yes,corr,None,None,None,None
599,exp_acyclic_depvary_step5_batch_yyy10.pl,v4,no,74.32,no,corr,None,None,None,None
600,exp_acyclic_depvary_step5_batch_yyy10.pl,e3,no,75.52,no,corr,None,None,None,None
601,exp_acyclic_depvary_step6_batch_yyy01.pl,d5,no,84.57,no,corr,None,None,None,None
602,exp_acyclic_depvary_step6_batch_yyy01.pl,s3,yes,114.7,yes,corr,None,None,None,None
603,exp_acyclic_depvary_step6_batch_yyy01.pl,w5,no,84.02,no,corr,None,None,None,None
604,exp_acyclic_depvary_step6_batch_yyy01.pl,b4,,600.0,no,TIMEOUT,,,,
605,exp_acyclic_depvary_step6_batch_yyy01.pl,a5,no,91.0,no,corr,None,None,None,None
606,exp_acyclic_depvary_step6_batch_yyy01.pl,t2,no,374.49,no,corr,None,None,None,None
607,exp_acyclic_depvary_step6_batch_yyy01.pl,r4,no,91.08,no,corr,None,None,None,None
608,exp_acyclic_depvary_step6_batch_yyy01.pl,u2,no,92.48,no,corr,None,None,None,None
609,exp_acyclic_depvary_step6_batch_yyy01.pl,z4,no,92.02,no,corr,None,None,None,None
610,exp_acyclic_depvary_step6_batch_yyy01.pl,e4,no,90.98,no,corr,None,None,None,None
611,exp_acyclic_depvary_step6_batch_yyy02.pl,q4,no,115.46,no,corr,None,None,None,None
612,exp_acyclic_depvary_step6_batch_yyy02.pl,r5,no,99.68,no,corr,None,None,None,None
613,exp_acyclic_depvary_step6_batch_yyy02.pl,r4,no,99.87,no,corr,None,None,None,None
614,exp_acyclic_depvary_step6_batch_yyy02.pl,p2,yes,106.36,yes,corr,None,None,None,None
615,exp_acyclic_depvary_step6_batch_yyy02.pl,p5,no,98.82,no,corr,None,None,None,None
616,exp_acyclic_depvary_step6_batch_yyy02.pl,x3,yes,102.18,yes,corr,None,None,None,None
617,exp_acyclic_depvary_step6_batch_yyy02.pl,u1,no,91.55,no,corr,None,None,None,None
618,exp_acyclic_depvary_step6_batch_yyy02.pl,f1,yes,98.94,yes,corr,None,None,None,None
619,exp_acyclic_depvary_step6_batch_yyy02.pl,x5,no,92.05,no,corr,None,None,None,None
620,exp_acyclic_depvary_step6_batch_yyy02.pl,z2,yes,98.75,yes,corr,None,None,None,None
621,exp_acyclic_depvary_step6_batch_yyy03.pl,d5,no,115.32,no,corr,None,None,None,None
622,exp_acyclic_depvary_step6_batch_yyy03.pl,b2,yes,121.08,yes,corr,None,None,None,None
623,exp_acyclic_depvary_step6_batch_yyy03.pl,e1,no,108.28,no,corr,None,None,None,None
624,exp_acyclic_depvary_step6_batch_yyy03.pl,d4,no,113.4,no,corr,None,None,None,None
625,exp_acyclic_depvary_step6_batch_yyy03.pl,u1,yes,111.66,yes,corr,None,None,None,None
626,exp_acyclic_depvary_step6_batch_yyy03.pl,s1,no,99.29,no,corr,None,None,None,None
627,exp_acyclic_depvary_step6_batch_yyy03.pl,r3,no,104.84,no,corr,None,None,None,None
628,exp_acyclic_depvary_step6_batch_yyy03.pl,f2,yes,112.19,yes,corr,None,None,None,None
629,exp_acyclic_depvary_step6_batch_yyy03.pl,t4,no,106.22,no,corr,None,None,None,None
630,exp_acyclic_depvary_step6_batch_yyy03.pl,s3,yes,111.29,yes,corr,None,None,None,None
631,exp_acyclic_depvary_step6_batch_yyy04.pl,d5,no,104.98,no,corr,None,None,None,None
632,exp_acyclic_depvary_step6_batch_yyy04.pl,q5,no,105.06,no,corr,None,None,None,None
633,exp_acyclic_depvary_step6_batch_yyy04.pl,c2,yes,112.69,yes,corr,None,None,None,None
634,exp_acyclic_depvary_step6_batch_yyy04.pl,w1,no,258.95,no,corr,None,None,None,None
635,exp_acyclic_depvary_step6_batch_yyy04.pl,p2,no,105.03,no,corr,None,None,None,None
636,exp_acyclic_depvary_step6_batch_yyy04.pl,q2,no,105.63,no,corr,None,None,None,None
637,exp_acyclic_depvary_step6_batch_yyy04.pl,p4,yes,112.33,yes,corr,None,None,None,None
638,exp_acyclic_depvary_step6_batch_yyy04.pl,d4,no,105.91,no,corr,None,None,None,None
639,exp_acyclic_depvary_step6_batch_yyy04.pl,r2,yes,112.26,yes,corr,None,None,None,None
640,exp_acyclic_depvary_step6_batch_yyy04.pl,a1,no,163.14,no,corr,None,None,None,None
641,exp_acyclic_depvary_step6_batch_yyy05.pl,b2,yes,122.27,yes,corr,None,None,None,None
642,exp_acyclic_depvary_step6_batch_yyy05.pl,q5,no,120.78,no,corr,None,None,None,None
643,exp_acyclic_depvary_step6_batch_yyy05.pl,v1,yes,122.66,yes,corr,None,None,None,None
644,exp_acyclic_depvary_step6_batch_yyy05.pl,z2,no,121.1,no,corr,None,None,None,None
645,exp_acyclic_depvary_step6_batch_yyy05.pl,d2,no,120.75,no,corr,None,None,None,None
646,exp_acyclic_depvary_step6_batch_yyy05.pl,a3,no,125.15,no,corr,None,None,None,None
647,exp_acyclic_depvary_step6_batch_yyy05.pl,u3,,600.0,no,TIMEOUT,,,,
648,exp_acyclic_depvary_step6_batch_yyy05.pl,v4,no,131.66,no,corr,None,None,None,None
649,exp_acyclic_depvary_step6_batch_yyy05.pl,d1,yes,136.13,yes,corr,None,None,None,None
650,exp_acyclic_depvary_step6_batch_yyy05.pl,q1,yes,138.29,yes,corr,None,None,None,None
651,exp_acyclic_depvary_step6_batch_yyy06.pl,e5,no,110.07,no,corr,None,None,None,None
652,exp_acyclic_depvary_step6_batch_yyy06.pl,w5,no,109.75,no,corr,None,None,None,None
653,exp_acyclic_depvary_step6_batch_yyy06.pl,a5,no,108.62,no,corr,None,None,None,None
654,exp_acyclic_depvary_step6_batch_yyy06.pl,z4,no,108.26,no,corr,None,None,None,None
655,exp_acyclic_depvary_step6_batch_yyy06.pl,e3,yes,115.79,yes,corr,None,None,None,None
656,exp_acyclic_depvary_step6_batch_yyy06.pl,q3,no,302.21,no,corr,None,None,None,None
657,exp_acyclic_depvary_step6_batch_yyy06.pl,p1,yes,129.24,yes,corr,None,None,None,None
658,exp_acyclic_depvary_step6_batch_yyy06.pl,a2,yes,107.98,yes,corr,None,None,None,None
659,exp_acyclic_depvary_step6_batch_yyy06.pl,s5,no,100.81,no,corr,None,None,None,None
660,exp_acyclic_depvary_step6_batch_yyy06.pl,q5,no,100.43,no,corr,None,None,None,None
661,exp_acyclic_depvary_step6_batch_yyy07.pl,b2,no,106.8,no,corr,None,None,None,None
662,exp_acyclic_depvary_step6_batch_yyy07.pl,z5,no,98.95,no,corr,None,None,None,None
663,exp_acyclic_depvary_step6_batch_yyy07.pl,w2,yes,104.81,yes,corr,None,None,None,None
664,exp_acyclic_depvary_step6_batch_yyy07.pl,q5,no,98.55,no,corr,None,None,None,None
665,exp_acyclic_depvary_step6_batch_yyy07.pl,c2,yes,100.0,yes,corr,None,None,None,None
666,exp_acyclic_depvary_step6_batch_yyy07.pl,e4,no,99.21,no,corr,None,None,None,None
667,exp_acyclic_depvary_step6_batch_yyy07.pl,a3,no,98.08,no,corr,None,None,None,None
668,exp_acyclic_depvary_step6_batch_yyy07.pl,y2,yes,104.84,yes,corr,None,None,None,None
669,exp_acyclic_depvary_step6_batch_yyy07.pl,a2,yes,104.3,yes,corr,None,None,None,None
670,exp_acyclic_depvary_step6_batch_yyy07.pl,x4,no,99.18,no,corr,None,None,None,None
671,exp_acyclic_depvary_step6_batch_yyy08.pl,r5,no,79.72,no,corr,None,None,None,None
672,exp_acyclic_depvary_step6_batch_yyy08.pl,c1,no,182.43,no,corr,None,None,None,None
673,exp_acyclic_depvary_step6_batch_yyy08.pl,e3,no,254.52,no,corr,None,None,None,None
674,exp_acyclic_depvary_step6_batch_yyy08.pl,r1,yes,78.68,yes,corr,None,None,None,None
675,exp_acyclic_depvary_step6_batch_yyy08.pl,z3,no,82.4,no,corr,None,None,None,None
676,exp_acyclic_depvary_step6_batch_yyy08.pl,p1,no,387.06,no,corr,None,None,None,None
677,exp_acyclic_depvary_step6_batch_yyy08.pl,w1,yes,78.06,yes,corr,None,None,None,None
678,exp_acyclic_depvary_step6_batch_yyy08.pl,p3,yes,78.72,yes,corr,None,None,None,None
679,exp_acyclic_depvary_step6_batch_yyy08.pl,e2,no,77.72,no,corr,None,None,None,None
680,exp_acyclic_depvary_step6_batch_yyy08.pl,u2,,600.0,no,TIMEOUT,,,,
681,exp_acyclic_depvary_step6_batch_yyy09.pl,d5,no,104.32,no,corr,None,None,None,None
682,exp_acyclic_depvary_step6_batch_yyy09.pl,t5,no,104.96,no,corr,None,None,None,None
683,exp_acyclic_depvary_step6_batch_yyy09.pl,w5,no,104.73,no,corr,None,None,None,None
684,exp_acyclic_depvary_step6_batch_yyy09.pl,c5,no,104.9,no,corr,None,None,None,None
685,exp_acyclic_depvary_step6_batch_yyy09.pl,q4,yes,106.86,yes,corr,None,None,None,None
686,exp_acyclic_depvary_step6_batch_yyy09.pl,f3,yes,102.78,yes,corr,None,None,None,None
687,exp_acyclic_depvary_step6_batch_yyy09.pl,v4,no,96.03,no,corr,None,None,None,None
688,exp_acyclic_depvary_step6_batch_yyy09.pl,f2,no,107.86,no,corr,None,None,None,None
689,exp_acyclic_depvary_step6_batch_yyy09.pl,x2,yes,100.22,yes,corr,None,None,None,None
690,exp_acyclic_depvary_step6_batch_yyy09.pl,f5,no,96.14,no,corr,None,None,None,None
691,exp_acyclic_depvary_step6_batch_yyy10.pl,d5,no,86.89,no,corr,None,None,None,None
692,exp_acyclic_depvary_step6_batch_yyy10.pl,f1,yes,86.88,yes,corr,None,None,None,None
693,exp_acyclic_depvary_step6_batch_yyy10.pl,t3,no,86.58,no,corr,None,None,None,None
694,exp_acyclic_depvary_step6_batch_yyy10.pl,q4,no,86.7,no,corr,None,None,None,None
695,exp_acyclic_depvary_step6_batch_yyy10.pl,y3,yes,87.11,yes,corr,None,None,None,None
696,exp_acyclic_depvary_step6_batch_yyy10.pl,p3,yes,214.04,yes,corr,None,None,None,None
697,exp_acyclic_depvary_step6_batch_yyy10.pl,t4,no,87.14,no,corr,None,None,None,None
698,exp_acyclic_depvary_step6_batch_yyy10.pl,s3,no,194.15,no,corr,None,None,None,None
699,exp_acyclic_depvary_step6_batch_yyy10.pl,s2,yes,86.79,yes,corr,None,None,None,None
700,exp_acyclic_depvary_step6_batch_yyy10.pl,c5,no,87.44,no,corr,None,None,None,None
701,exp_acyclic_depvary_step7_batch_yyy01.pl,s4,yes,356.59,yes,corr,None,None,None,None
702,exp_acyclic_depvary_step7_batch_yyy01.pl,p5,no,93.78,no,corr,None,None,None,None
703,exp_acyclic_depvary_step7_batch_yyy01.pl,q4,no,314.5,no,corr,None,None,None,None
704,exp_acyclic_depvary_step7_batch_yyy01.pl,e3,yes,132.32,yes,corr,None,None,None,None
705,exp_acyclic_depvary_step7_batch_yyy01.pl,a3,yes,122.39,yes,corr,None,None,None,None
706,exp_acyclic_depvary_step7_batch_yyy01.pl,v3,,600.0,no,TIMEOUT,,,,
707,exp_acyclic_depvary_step7_batch_yyy01.pl,e2,yes,563.9,yes,corr,None,None,None,None
708,exp_acyclic_depvary_step7_batch_yyy01.pl,f2,no,459.41,no,corr,None,None,None,None
709,exp_acyclic_depvary_step7_batch_yyy01.pl,y1,yes,103.5,yes,corr,None,None,None,None
710,exp_acyclic_depvary_step7_batch_yyy01.pl,r1,no,234.27,no,corr,None,None,None,None
711,exp_acyclic_depvary_step7_batch_yyy02.pl,v2,no,143.22,no,corr,None,None,None,None
712,exp_acyclic_depvary_step7_batch_yyy02.pl,c5,no,142.89,no,corr,None,None,None,None
713,exp_acyclic_depvary_step7_batch_yyy02.pl,c1,yes,153.82,yes,corr,None,None,None,None
714,exp_acyclic_depvary_step7_batch_yyy02.pl,q3,yes,152.66,yes,corr,None,None,None,None
715,exp_acyclic_depvary_step7_batch_yyy02.pl,q2,no,141.49,no,corr,None,None,None,None
716,exp_acyclic_depvary_step7_batch_yyy02.pl,t4,no,146.49,no,corr,None,None,None,None
717,exp_acyclic_depvary_step7_batch_yyy02.pl,s3,no,143.67,no,corr,None,None,None,None
718,exp_acyclic_depvary_step7_batch_yyy02.pl,c4,yes,153.82,yes,corr,None,None,None,None
719,exp_acyclic_depvary_step7_batch_yyy02.pl,s5,no,143.75,no,corr,None,None,None,None
720,exp_acyclic_depvary_step7_batch_yyy02.pl,t3,yes,151.99,yes,corr,None,None,None,None
721,exp_acyclic_depvary_step7_batch_yyy03.pl,b2,yes,182.28,yes,corr,None,None,None,None
722,exp_acyclic_depvary_step7_batch_yyy03.pl,b3,,600.0,no,TIMEOUT,,,,
723,exp_acyclic_depvary_step7_batch_yyy03.pl,v2,yes,186.18,yes,corr,None,None,None,None
724,exp_acyclic_depvary_step7_batch_yyy03.pl,p4,no,179.51,no,corr,None,None,None,None
725,exp_acyclic_depvary_step7_batch_yyy03.pl,q5,no,171.97,no,corr,None,None,None,None
726,exp_acyclic_depvary_step7_batch_yyy03.pl,r5,no,171.58,no,corr,None,None,None,None
727,exp_acyclic_depvary_step7_batch_yyy03.pl,r1,no,173.14,no,corr,None,None,None,None
728,exp_acyclic_depvary_step7_batch_yyy03.pl,f4,no,243.4,no,corr,None,None,None,None
729,exp_acyclic_depvary_step7_batch_yyy03.pl,q3,yes,185.61,yes,corr,None,None,None,None
730,exp_acyclic_depvary_step7_batch_yyy03.pl,p1,yes,177.05,yes,corr,None,None,None,None
731,exp_acyclic_depvary_step7_batch_yyy04.pl,u5,no,132.6,no,corr,None,None,None,None
732,exp_acyclic_depvary_step7_batch_yyy04.pl,t4,,600.0,no,TIMEOUT,,,,
733,exp_acyclic_depvary_step7_batch_yyy04.pl,b2,yes,154.91,yes,corr,None,None,None,None
734,exp_acyclic_depvary_step7_batch_yyy04.pl,e5,no,143.43,no,corr,None,None,None,None
735,exp_acyclic_depvary_step7_batch_yyy04.pl,c2,,600.0,no,TIMEOUT,,,,
736,exp_acyclic_depvary_step7_batch_yyy04.pl,v1,no,200.95,no,corr,None,None,None,None
737,exp_acyclic_depvary_step7_batch_yyy04.pl,t2,,600.0,no,TIMEOUT,,,,
738,exp_acyclic_depvary_step7_batch_yyy04.pl,f4,,600.0,no,TIMEOUT,,,,
739,exp_acyclic_depvary_step7_batch_yyy04.pl,x2,,600.0,no,TIMEOUT,,,,
740,exp_acyclic_depvary_step7_batch_yyy04.pl,f5,no,181.4,no,corr,None,None,None,None
741,exp_acyclic_depvary_step7_batch_yyy05.pl,c4,no,228.54,no,corr,None,None,None,None
742,exp_acyclic_depvary_step7_batch_yyy05.pl,p4,no,559.42,no,corr,None,None,None,None
743,exp_acyclic_depvary_step7_batch_yyy05.pl,u1,no,221.59,no,corr,None,None,None,None
744,exp_acyclic_depvary_step7_batch_yyy05.pl,b4,yes,230.39,yes,corr,None,None,None,None
745,exp_acyclic_depvary_step7_batch_yyy05.pl,x2,yes,229.24,yes,corr,None,None,None,None
746,exp_acyclic_depvary_step7_batch_yyy05.pl,r5,no,215.17,no,corr,None,None,None,None
747,exp_acyclic_depvary_step7_batch_yyy05.pl,w4,no,214.5,no,corr,None,None,None,None
748,exp_acyclic_depvary_step7_batch_yyy05.pl,p2,yes,228.31,yes,corr,None,None,None,None
749,exp_acyclic_depvary_step7_batch_yyy05.pl,x1,yes,215.67,yes,corr,None,None,None,None
750,exp_acyclic_depvary_step7_batch_yyy05.pl,r2,no,214.51,no,corr,None,None,None,None
751,exp_acyclic_depvary_step7_batch_yyy06.pl,y4,no,195.76,no,corr,None,None,None,None
752,exp_acyclic_depvary_step7_batch_yyy06.pl,w2,yes,210.67,yes,corr,None,None,None,None
753,exp_acyclic_depvary_step7_batch_yyy06.pl,e4,yes,198.94,yes,corr,None,None,None,None
754,exp_acyclic_depvary_step7_batch_yyy06.pl,b5,no,195.16,no,corr,None,None,None,None
755,exp_acyclic_depvary_step7_batch_yyy06.pl,a3,no,204.59,no,corr,None,None,None,None
756,exp_acyclic_depvary_step7_batch_yyy06.pl,q3,yes,208.36,yes,corr,None,None,None,None
757,exp_acyclic_depvary_step7_batch_yyy06.pl,r2,yes,570.65,yes,corr,None,None,None,None
758,exp_acyclic_depvary_step7_batch_yyy06.pl,p1,yes,201.31,yes,corr,None,None,None,None
759,exp_acyclic_depvary_step7_batch_yyy06.pl,a2,yes,207.46,yes,corr,None,None,None,None
760,exp_acyclic_depvary_step7_batch_yyy06.pl,x4,no,196.33,no,corr,None,None,None,None
761,exp_acyclic_depvary_step7_batch_yyy07.pl,t5,no,214.58,no,corr,None,None,None,None
762,exp_acyclic_depvary_step7_batch_yyy07.pl,v2,no,213.31,no,corr,None,None,None,None
763,exp_acyclic_depvary_step7_batch_yyy07.pl,b4,no,474.31,no,corr,None,None,None,None
764,exp_acyclic_depvary_step7_batch_yyy07.pl,r5,no,214.12,no,corr,None,None,None,None
765,exp_acyclic_depvary_step7_batch_yyy07.pl,p3,yes,228.59,yes,corr,None,None,None,None
766,exp_acyclic_depvary_step7_batch_yyy07.pl,c1,yes,228.56,yes,corr,None,None,None,None
767,exp_acyclic_depvary_step7_batch_yyy07.pl,v4,no,253.38,no,corr,None,None,None,None
768,exp_acyclic_depvary_step7_batch_yyy07.pl,y5,no,214.81,no,corr,None,None,None,None
769,exp_acyclic_depvary_step7_batch_yyy07.pl,y2,yes,216.56,yes,corr,None,None,None,None
770,exp_acyclic_depvary_step7_batch_yyy07.pl,x1,yes,227.88,yes,corr,None,None,None,None
771,exp_acyclic_depvary_step7_batch_yyy08.pl,c3,,600.0,no,TIMEOUT,,,,
772,exp_acyclic_depvary_step7_batch_yyy08.pl,w5,no,220.98,no,corr,None,None,None,None
773,exp_acyclic_depvary_step7_batch_yyy08.pl,c5,no,221.52,no,corr,None,None,None,None
774,exp_acyclic_depvary_step7_batch_yyy08.pl,r5,no,220.94,no,corr,None,None,None,None
775,exp_acyclic_depvary_step7_batch_yyy08.pl,b5,no,221.96,no,corr,None,None,None,None
776,exp_acyclic_depvary_step7_batch_yyy08.pl,a1,no,262.53,no,corr,None,None,None,None
777,exp_acyclic_depvary_step7_batch_yyy08.pl,s4,no,237.07,no,corr,None,None,None,None
778,exp_acyclic_depvary_step7_batch_yyy08.pl,y4,no,208.31,no,corr,None,None,None,None
779,exp_acyclic_depvary_step7_batch_yyy08.pl,e2,yes,268.76,yes,corr,None,None,None,None
780,exp_acyclic_depvary_step7_batch_yyy08.pl,t1,yes,222.72,yes,corr,None,None,None,None
781,exp_acyclic_depvary_step7_batch_yyy09.pl,b2,yes,465.32,yes,corr,None,None,None,None
782,exp_acyclic_depvary_step7_batch_yyy09.pl,v2,no,244.19,no,corr,None,None,None,None
783,exp_acyclic_depvary_step7_batch_yyy09.pl,u1,,600.0,yes,TIMEOUT,,,,
784,exp_acyclic_depvary_step7_batch_yyy09.pl,s5,no,279.57,no,corr,None,None,None,None
785,exp_acyclic_depvary_step7_batch_yyy09.pl,a5,no,280.11,no,corr,None,None,None,None
786,exp_acyclic_depvary_step7_batch_yyy09.pl,p2,yes,296.85,yes,corr,None,None,None,None
787,exp_acyclic_depvary_step7_batch_yyy09.pl,y2,yes,283.76,yes,corr,None,None,None,None
788,exp_acyclic_depvary_step7_batch_yyy09.pl,p1,no,278.04,no,corr,None,None,None,None
789,exp_acyclic_depvary_step7_batch_yyy09.pl,t1,,600.0,no,TIMEOUT,,,,
790,exp_acyclic_depvary_step7_batch_yyy09.pl,q1,,600.0,no,TIMEOUT,,,,
791,exp_acyclic_depvary_step7_batch_yyy10.pl,b2,yes,215.48,yes,corr,None,None,None,None
792,exp_acyclic_depvary_step7_batch_yyy10.pl,s4,no,211.91,no,corr,None,None,None,None
793,exp_acyclic_depvary_step7_batch_yyy10.pl,u1,no,488.61,no,corr,None,None,None,None
794,exp_acyclic_depvary_step7_batch_yyy10.pl,r5,no,202.84,no,corr,None,None,None,None
795,exp_acyclic_depvary_step7_batch_yyy10.pl,t2,no,203.15,no,corr,None,None,None,None
796,exp_acyclic_depvary_step7_batch_yyy10.pl,r4,no,203.19,no,corr,None,None,None,None
797,exp_acyclic_depvary_step7_batch_yyy10.pl,y1,yes,216.41,yes,corr,None,None,None,None
798,exp_acyclic_depvary_step7_batch_yyy10.pl,f2,yes,216.15,yes,corr,None,None,None,None
799,exp_acyclic_depvary_step7_batch_yyy10.pl,s2,yes,218.19,yes,corr,None,None,None,None
800,exp_acyclic_depvary_step7_batch_yyy10.pl,z1,no,210.47,no,corr,None,None,None,None
801,exp_acyclic_depvary_step8_batch_yyy01.pl,t4,,600.0,no,TIMEOUT,,,,
802,exp_acyclic_depvary_step8_batch_yyy01.pl,x2,,600.0,yes,TIMEOUT,,,,
803,exp_acyclic_depvary_step8_batch_yyy01.pl,r5,no,344.6,no,corr,None,None,None,None
804,exp_acyclic_depvary_step8_batch_yyy01.pl,v1,no,345.35,no,corr,None,None,None,None
805,exp_acyclic_depvary_step8_batch_yyy01.pl,p2,yes,373.21,yes,corr,None,None,None,None
806,exp_acyclic_depvary_step8_batch_yyy01.pl,a3,no,333.09,no,corr,None,None,None,None
807,exp_acyclic_depvary_step8_batch_yyy01.pl,c2,no,314.46,no,corr,None,None,None,None
808,exp_acyclic_depvary_step8_batch_yyy01.pl,b1,,600.0,no,TIMEOUT,,,,
809,exp_acyclic_depvary_step8_batch_yyy01.pl,x4,no,325.31,no,corr,None,None,None,None
810,exp_acyclic_depvary_step8_batch_yyy01.pl,w3,no,375.97,no,corr,None,None,None,None
811,exp_acyclic_depvary_step8_batch_yyy02.pl,s3,no,568.91,no,corr,None,None,None,None
812,exp_acyclic_depvary_step8_batch_yyy02.pl,y4,yes,307.9,yes,corr,None,None,None,None
813,exp_acyclic_depvary_step8_batch_yyy02.pl,p5,no,287.11,no,corr,None,None,None,None
814,exp_acyclic_depvary_step8_batch_yyy02.pl,d3,,600.0,no,TIMEOUT,,,,
815,exp_acyclic_depvary_step8_batch_yyy02.pl,w5,no,303.65,no,corr,None,None,None,None
816,exp_acyclic_depvary_step8_batch_yyy02.pl,s5,no,303.27,no,corr,None,None,None,None
817,exp_acyclic_depvary_step8_batch_yyy02.pl,c5,no,320.62,no,corr,None,None,None,None
818,exp_acyclic_depvary_step8_batch_yyy02.pl,u3,,600.0,no,TIMEOUT,,,,
819,exp_acyclic_depvary_step8_batch_yyy02.pl,s1,yes,345.12,yes,corr,None,None,None,None
820,exp_acyclic_depvary_step8_batch_yyy02.pl,r1,yes,329.66,yes,corr,None,None,None,None
821,exp_acyclic_depvary_step8_batch_yyy03.pl,b2,no,384.39,no,corr,None,None,None,None
822,exp_acyclic_depvary_step8_batch_yyy03.pl,s4,yes,412.3,yes,corr,None,None,None,None
823,exp_acyclic_depvary_step8_batch_yyy03.pl,e1,no,384.33,no,corr,None,None,None,None
824,exp_acyclic_depvary_step8_batch_yyy03.pl,v5,no,383.16,no,corr,None,None,None,None
825,exp_acyclic_depvary_step8_batch_yyy03.pl,c5,yes,412.11,yes,corr,None,None,None,None
826,exp_acyclic_depvary_step8_batch_yyy03.pl,a4,yes,411.53,yes,corr,None,None,None,None
827,exp_acyclic_depvary_step8_batch_yyy03.pl,w1,no,383.04,no,corr,None,None,None,None
828,exp_acyclic_depvary_step8_batch_yyy03.pl,f3,no,385.13,no,corr,None,None,None,None
829,exp_acyclic_depvary_step8_batch_yyy03.pl,e3,,600.0,no,TIMEOUT,,,,
830,exp_acyclic_depvary_step8_batch_yyy03.pl,z3,,600.0,no,TIMEOUT,,,,
831,exp_acyclic_depvary_step8_batch_yyy04.pl,d5,no,376.82,no,corr,None,None,None,None
832,exp_acyclic_depvary_step8_batch_yyy04.pl,z5,no,374.86,no,corr,None,None,None,None
833,exp_acyclic_depvary_step8_batch_yyy04.pl,p5,yes,384.76,yes,corr,None,None,None,None
834,exp_acyclic_depvary_step8_batch_yyy04.pl,u4,yes,402.58,yes,corr,None,None,None,None
835,exp_acyclic_depvary_step8_batch_yyy04.pl,v5,no,377.45,no,corr,None,None,None,None
836,exp_acyclic_depvary_step8_batch_yyy04.pl,t2,no,377.13,no,corr,None,None,None,None
837,exp_acyclic_depvary_step8_batch_yyy04.pl,b6,no,377.8,no,corr,None,None,None,None
838,exp_acyclic_depvary_step8_batch_yyy04.pl,r3,yes,404.24,yes,corr,None,None,None,None
839,exp_acyclic_depvary_step8_batch_yyy04.pl,w1,,600.0,yes,TIMEOUT,,,,
840,exp_acyclic_depvary_step8_batch_yyy04.pl,p3,,600.0,no,TIMEOUT,,,,
841,exp_acyclic_depvary_step8_batch_yyy05.pl,v2,yes,440.2,yes,corr,None,None,None,None
842,exp_acyclic_depvary_step8_batch_yyy05.pl,s2,yes,422.17,yes,corr,None,None,None,None
843,exp_acyclic_depvary_step8_batch_yyy05.pl,q4,yes,422.86,yes,corr,None,None,None,None
844,exp_acyclic_depvary_step8_batch_yyy05.pl,v1,,600.0,no,TIMEOUT,,,,
845,exp_acyclic_depvary_step8_batch_yyy05.pl,f3,yes,419.2,yes,corr,None,None,None,None
846,exp_acyclic_depvary_step8_batch_yyy05.pl,t2,yes,425.95,yes,corr,None,None,None,None
847,exp_acyclic_depvary_step8_batch_yyy05.pl,b6,no,397.8,no,corr,None,None,None,None
848,exp_acyclic_depvary_step8_batch_yyy05.pl,q2,no,396.45,no,corr,None,None,None,None
849,exp_acyclic_depvary_step8_batch_yyy05.pl,t4,,600.0,no,TIMEOUT,,,,
850,exp_acyclic_depvary_step8_batch_yyy05.pl,t5,no,419.66,no,corr,None,None,None,None
851,exp_acyclic_depvary_step8_batch_yyy06.pl,t4,yes,489.2,yes,corr,None,None,None,None
852,exp_acyclic_depvary_step8_batch_yyy06.pl,t3,yes,497.34,yes,corr,None,None,None,None
853,exp_acyclic_depvary_step8_batch_yyy06.pl,p3,no,465.31,no,corr,None,None,None,None
854,exp_acyclic_depvary_step8_batch_yyy06.pl,w3,yes,499.74,yes,corr,None,None,None,None
855,exp_acyclic_depvary_step8_batch_yyy06.pl,b3,no,478.28,no,corr,None,None,None,None
856,exp_acyclic_depvary_step8_batch_yyy06.pl,y4,,600.0,no,TIMEOUT,,,,
857,exp_acyclic_depvary_step8_batch_yyy06.pl,s2,no,443.08,no,corr,None,None,None,None
858,exp_acyclic_depvary_step8_batch_yyy06.pl,c5,,600.0,yes,TIMEOUT,,,,
859,exp_acyclic_depvary_step8_batch_yyy06.pl,x5,no,428.82,no,corr,None,None,None,None
860,exp_acyclic_depvary_step8_batch_yyy06.pl,t2,yes,598.88,yes,corr,None,None,None,None
861,exp_acyclic_depvary_step8_batch_yyy07.pl,s2,,600.0,no,TIMEOUT,,,,
862,exp_acyclic_depvary_step8_batch_yyy07.pl,c6,no,309.08,no,corr,None,None,None,None
863,exp_acyclic_depvary_step8_batch_yyy07.pl,f4,no,310.91,no,corr,None,None,None,None
864,exp_acyclic_depvary_step8_batch_yyy07.pl,a2,yes,351.05,yes,corr,None,None,None,None
865,exp_acyclic_depvary_step8_batch_yyy07.pl,z4,no,310.92,no,corr,None,None,None,None
866,exp_acyclic_depvary_step8_batch_yyy07.pl,e4,no,308.04,no,corr,None,None,None,None
867,exp_acyclic_depvary_step8_batch_yyy07.pl,r2,yes,333.66,yes,corr,None,None,None,None
868,exp_acyclic_depvary_step8_batch_yyy07.pl,a1,yes,350.76,yes,corr,None,None,None,None
869,exp_acyclic_depvary_step8_batch_yyy07.pl,r3,no,310.43,no,corr,None,None,None,None
870,exp_acyclic_depvary_step8_batch_yyy07.pl,u2,yes,334.11,yes,corr,None,None,None,None
871,exp_acyclic_depvary_step8_batch_yyy08.pl,a5,yes,402.29,yes,corr,None,None,None,None
872,exp_acyclic_depvary_step8_batch_yyy08.pl,v1,no,371.57,no,corr,None,None,None,None
873,exp_acyclic_depvary_step8_batch_yyy08.pl,t2,yes,400.14,yes,corr,None,None,None,None
874,exp_acyclic_depvary_step8_batch_yyy08.pl,r1,no,366.25,no,corr,None,None,None,None
875,exp_acyclic_depvary_step8_batch_yyy08.pl,f4,yes,377.55,yes,corr,None,None,None,None
876,exp_acyclic_depvary_step8_batch_yyy08.pl,r2,yes,378.09,yes,corr,None,None,None,None
877,exp_acyclic_depvary_step8_batch_yyy08.pl,s4,no,354.77,no,corr,None,None,None,None
878,exp_acyclic_depvary_step8_batch_yyy08.pl,b3,no,423.9,no,corr,None,None,None,None
879,exp_acyclic_depvary_step8_batch_yyy08.pl,d1,yes,377.87,yes,corr,None,None,None,None
880,exp_acyclic_depvary_step8_batch_yyy08.pl,q1,yes,376.49,yes,corr,None,None,None,None
881,exp_acyclic_depvary_step8_batch_yyy09.pl,a4,no,387.2,no,corr,None,None,None,None
882,exp_acyclic_depvary_step8_batch_yyy09.pl,p2,yes,391.19,yes,corr,None,None,None,None
883,exp_acyclic_depvary_step8_batch_yyy09.pl,y2,no,383.32,no,corr,None,None,None,None
884,exp_acyclic_depvary_step8_batch_yyy09.pl,v3,yes,378.86,yes,corr,None,None,None,None
885,exp_acyclic_depvary_step8_batch_yyy09.pl,q1,yes,412.1,yes,corr,None,None,None,None
886,exp_acyclic_depvary_step8_batch_yyy09.pl,f2,no,385.32,no,corr,None,None,None,None
887,exp_acyclic_depvary_step8_batch_yyy09.pl,c3,no,382.62,no,corr,None,None,None,None
888,exp_acyclic_depvary_step8_batch_yyy09.pl,c4,no,387.4,no,corr,None,None,None,None
889,exp_acyclic_depvary_step8_batch_yyy09.pl,p5,yes,405.1,yes,corr,None,None,None,None
890,exp_acyclic_depvary_step8_batch_yyy09.pl,x3,yes,409.56,yes,corr,None,None,None,None
891,exp_acyclic_depvary_step8_batch_yyy10.pl,b2,yes,342.1,yes,corr,None,None,None,None
892,exp_acyclic_depvary_step8_batch_yyy10.pl,x3,no,320.23,no,corr,None,None,None,None
893,exp_acyclic_depvary_step8_batch_yyy10.pl,f1,yes,345.1,yes,corr,None,None,None,None
894,exp_acyclic_depvary_step8_batch_yyy10.pl,s5,no,322.1,no,corr,None,None,None,None
895,exp_acyclic_depvary_step8_batch_yyy10.pl,f5,no,321.41,no,corr,None,None,None,None
896,exp_acyclic_depvary_step8_batch_yyy10.pl,r4,yes,345.21,yes,corr,None,None,None,None
897,exp_acyclic_depvary_step8_batch_yyy10.pl,w3,no,319.32,no,corr,None,None,None,None
898,exp_acyclic_depvary_step8_batch_yyy10.pl,f2,yes,345.98,yes,corr,None,None,None,None
899,exp_acyclic_depvary_step8_batch_yyy10.pl,t5,no,321.06,no,corr,None,None,None,None
900,exp_acyclic_depvary_step8_batch_yyy10.pl,s3,yes,339.57,yes,corr,None,None,None,None
901,exp_acyclic_depvary_step9_batch_yyy01.pl,a6,no,333.61,no,corr,None,None,None,None
902,exp_acyclic_depvary_step9_batch_yyy01.pl,p5,yes,448.38,yes,corr,None,None,None,None
903,exp_acyclic_depvary_step9_batch_yyy01.pl,v5,no,333.11,no,corr,None,None,None,None
904,exp_acyclic_depvary_step9_batch_yyy01.pl,q4,no,335.49,no,corr,None,None,None,None
905,exp_acyclic_depvary_step9_batch_yyy01.pl,z3,yes,334.06,yes,corr,None,None,None,None
906,exp_acyclic_depvary_step9_batch_yyy01.pl,w2,yes,436.37,yes,corr,None,None,None,None
907,exp_acyclic_depvary_step9_batch_yyy01.pl,e5,no,349.83,no,corr,None,None,None,None
908,exp_acyclic_depvary_step9_batch_yyy01.pl,a4,yes,349.92,yes,corr,None,None,None,None
909,exp_acyclic_depvary_step9_batch_yyy01.pl,x2,yes,334.95,yes,corr,None,None,None,None
910,exp_acyclic_depvary_step9_batch_yyy01.pl,f5,no,434.71,no,corr,None,None,None,None
911,exp_acyclic_depvary_step9_batch_yyy02.pl,u5,,600.0,no,TIMEOUT,,,,
912,exp_acyclic_depvary_step9_batch_yyy02.pl,s3,,600.0,yes,TIMEOUT,,,,
913,exp_acyclic_depvary_step9_batch_yyy02.pl,v2,yes,525.79,yes,corr,None,None,None,None
914,exp_acyclic_depvary_step9_batch_yyy02.pl,r4,,600.0,no,TIMEOUT,,,,
915,exp_acyclic_depvary_step9_batch_yyy02.pl,u2,yes,540.86,yes,corr,None,None,None,None
916,exp_acyclic_depvary_step9_batch_yyy02.pl,q2,,600.0,no,TIMEOUT,,,,
917,exp_acyclic_depvary_step9_batch_yyy02.pl,w2,no,536.72,no,corr,None,None,None,None
918,exp_acyclic_depvary_step9_batch_yyy02.pl,e5,,600.0,no,TIMEOUT,,,,
919,exp_acyclic_depvary_step9_batch_yyy02.pl,s1,,600.0,no,TIMEOUT,,,,
920,exp_acyclic_depvary_step9_batch_yyy02.pl,d2,yes,576.78,yes,corr,None,None,None,None
921,exp_acyclic_depvary_step9_batch_yyy03.pl,u5,yes,552.36,yes,corr,None,None,None,None
922,exp_acyclic_depvary_step9_batch_yyy03.pl,x3,no,545.91,no,corr,None,None,None,None
923,exp_acyclic_depvary_step9_batch_yyy03.pl,q5,no,519.86,no,corr,None,None,None,None
924,exp_acyclic_depvary_step9_batch_yyy03.pl,q4,,600.0,yes,TIMEOUT,,,,
925,exp_acyclic_depvary_step9_batch_yyy03.pl,z4,no,530.27,no,corr,None,None,None,None
926,exp_acyclic_depvary_step9_batch_yyy03.pl,p2,yes,524.49,yes,corr,None,None,None,None
927,exp_acyclic_depvary_step9_batch_yyy03.pl,x1,,600.0,yes,TIMEOUT,,,,
928,exp_acyclic_depvary_step9_batch_yyy03.pl,a1,no,500.8,no,corr,None,None,None,None
929,exp_acyclic_depvary_step9_batch_yyy03.pl,s4,no,520.42,no,corr,None,None,None,None
930,exp_acyclic_depvary_step9_batch_yyy03.pl,y4,yes,542.6,yes,corr,None,None,None,None
931,exp_acyclic_depvary_step9_batch_yyy04.pl,a6,no,560.54,no,corr,None,None,None,None
932,exp_acyclic_depvary_step9_batch_yyy04.pl,v2,no,560.98,no,corr,None,None,None,None
933,exp_acyclic_depvary_step9_batch_yyy04.pl,p5,,600.0,yes,TIMEOUT,,,,
934,exp_acyclic_depvary_step9_batch_yyy04.pl,b1,no,560.95,no,corr,None,None,None,None
935,exp_acyclic_depvary_step9_batch_yyy04.pl,p3,no,559.83,no,corr,None,None,None,None
936,exp_acyclic_depvary_step9_batch_yyy04.pl,v4,no,558.21,no,corr,None,None,None,None
937,exp_acyclic_depvary_step9_batch_yyy04.pl,c6,no,560.97,no,corr,None,None,None,None
938,exp_acyclic_depvary_step9_batch_yyy04.pl,b5,yes,597.12,yes,corr,None,None,None,None
939,exp_acyclic_depvary_step9_batch_yyy04.pl,e2,,600.0,no,TIMEOUT,,,,
940,exp_acyclic_depvary_step9_batch_yyy04.pl,d1,,600.0,no,TIMEOUT,,,,
941,exp_acyclic_depvary_step9_batch_yyy05.pl,t5,yes,577.93,yes,corr,None,None,None,None
942,exp_acyclic_depvary_step9_batch_yyy05.pl,p5,yes,577.34,yes,corr,None,None,None,None
943,exp_acyclic_depvary_step9_batch_yyy05.pl,w5,no,537.1,no,corr,None,None,None,None
944,exp_acyclic_depvary_step9_batch_yyy05.pl,b4,,600.0,yes,TIMEOUT,,,,
945,exp_acyclic_depvary_step9_batch_yyy05.pl,w1,,600.0,no,TIMEOUT,,,,
946,exp_acyclic_depvary_step9_batch_yyy05.pl,d1,yes,575.25,yes,corr,None,None,None,None
947,exp_acyclic_depvary_step9_batch_yyy05.pl,r5,yes,576.1,yes,corr,None,None,None,None
948,exp_acyclic_depvary_step9_batch_yyy05.pl,e4,,600.0,no,TIMEOUT,,,,
949,exp_acyclic_depvary_step9_batch_yyy05.pl,q3,,600.0,no,TIMEOUT,,,,
950,exp_acyclic_depvary_step9_batch_yyy05.pl,y2,,600.0,yes,TIMEOUT,,,,
951,exp_acyclic_depvary_step9_batch_yyy06.pl,u4,yes,598.75,yes,corr,None,None,None,None
952,exp_acyclic_depvary_step9_batch_yyy06.pl,q5,no,557.77,no,corr,None,None,None,None
953,exp_acyclic_depvary_step9_batch_yyy06.pl,c5,no,556.84,no,corr,None,None,None,None
954,exp_acyclic_depvary_step9_batch_yyy06.pl,f4,,600.0,no,TIMEOUT,,,,
955,exp_acyclic_depvary_step9_batch_yyy06.pl,r2,,600.0,no,TIMEOUT,,,,
956,exp_acyclic_depvary_step9_batch_yyy06.pl,t1,,600.0,no,TIMEOUT,,,,
957,exp_acyclic_depvary_step9_batch_yyy06.pl,s3,,600.0,no,TIMEOUT,,,,
958,exp_acyclic_depvary_step9_batch_yyy06.pl,c4,no,588.21,no,corr,None,None,None,None
959,exp_acyclic_depvary_step9_batch_yyy06.pl,c1,no,588.81,no,corr,None,None,None,None
960,exp_acyclic_depvary_step9_batch_yyy06.pl,b5,,600.0,yes,TIMEOUT,,,,
961,exp_acyclic_depvary_step9_batch_yyy07.pl,t4,yes,585.16,yes,corr,None,None,None,None
962,exp_acyclic_depvary_step9_batch_yyy07.pl,v2,no,540.77,no,corr,None,None,None,None
963,exp_acyclic_depvary_step9_batch_yyy07.pl,d4,,600.0,no,TIMEOUT,,,,
964,exp_acyclic_depvary_step9_batch_yyy07.pl,w2,,600.0,no,TIMEOUT,,,,
965,exp_acyclic_depvary_step9_batch_yyy07.pl,z1,,600.0,yes,TIMEOUT,,,,
966,exp_acyclic_depvary_step9_batch_yyy07.pl,t2,,600.0,no,TIMEOUT,,,,
967,exp_acyclic_depvary_step9_batch_yyy07.pl,v4,,600.0,yes,TIMEOUT,,,,
968,exp_acyclic_depvary_step9_batch_yyy07.pl,f4,,600.0,no,TIMEOUT,,,,
969,exp_acyclic_depvary_step9_batch_yyy07.pl,a6,,600.0,no,TIMEOUT,,,,
970,exp_acyclic_depvary_step9_batch_yyy07.pl,y4,,600.0,no,TIMEOUT,,,,
971,exp_acyclic_depvary_step9_batch_yyy08.pl,d5,,600.0,yes,TIMEOUT,,,,
972,exp_acyclic_depvary_step9_batch_yyy08.pl,t5,,600.0,no,TIMEOUT,,,,
973,exp_acyclic_depvary_step9_batch_yyy08.pl,b4,,600.0,yes,TIMEOUT,,,,
974,exp_acyclic_depvary_step9_batch_yyy08.pl,b1,,600.0,no,TIMEOUT,,,,
975,exp_acyclic_depvary_step9_batch_yyy08.pl,y3,,600.0,no,TIMEOUT,,,,
976,exp_acyclic_depvary_step9_batch_yyy08.pl,f3,,600.0,no,TIMEOUT,,,,
977,exp_acyclic_depvary_step9_batch_yyy08.pl,q3,,600.0,no,TIMEOUT,,,,
978,exp_acyclic_depvary_step9_batch_yyy08.pl,a1,,600.0,yes,TIMEOUT,,,,
979,exp_acyclic_depvary_step9_batch_yyy08.pl,p1,,600.0,no,TIMEOUT,,,,
980,exp_acyclic_depvary_step9_batch_yyy08.pl,f2,,600.0,no,TIMEOUT,,,,
981,exp_acyclic_depvary_step9_batch_yyy09.pl,u2,,600.0,no,TIMEOUT,,,,
982,exp_acyclic_depvary_step9_batch_yyy09.pl,w3,,600.0,yes,TIMEOUT,,,,
983,exp_acyclic_depvary_step9_batch_yyy09.pl,q2,,600.0,yes,TIMEOUT,,,,
984,exp_acyclic_depvary_step9_batch_yyy09.pl,a6,,600.0,no,TIMEOUT,,,,
985,exp_acyclic_depvary_step9_batch_yyy09.pl,s4,,600.0,yes,TIMEOUT,,,,
986,exp_acyclic_depvary_step9_batch_yyy09.pl,y4,,600.0,no,TIMEOUT,,,,
987,exp_acyclic_depvary_step9_batch_yyy09.pl,a5,,600.0,no,TIMEOUT,,,,
988,exp_acyclic_depvary_step9_batch_yyy09.pl,b1,,600.0,no,TIMEOUT,,,,
989,exp_acyclic_depvary_step9_batch_yyy09.pl,f4,,600.0,no,TIMEOUT,,,,
990,exp_acyclic_depvary_step9_batch_yyy09.pl,z3,,600.0,no,TIMEOUT,,,,
991,exp_acyclic_depvary_step9_batch_yyy10.pl,u5,,600.0,yes,TIMEOUT,,,,
992,exp_acyclic_depvary_step9_batch_yyy10.pl,x3,,600.0,yes,TIMEOUT,,,,
993,exp_acyclic_depvary_step9_batch_yyy10.pl,w5,,600.0,no,TIMEOUT,,,,
994,exp_acyclic_depvary_step9_batch_yyy10.pl,c6,,600.0,no,TIMEOUT,,,,
995,exp_acyclic_depvary_step9_batch_yyy10.pl,u3,,600.0,no,TIMEOUT,,,,
996,exp_acyclic_depvary_step9_batch_yyy10.pl,q2,,600.0,no,TIMEOUT,,,,
997,exp_acyclic_depvary_step9_batch_yyy10.pl,b4,,600.0,no,TIMEOUT,,,,
998,exp_acyclic_depvary_step9_batch_yyy10.pl,q5,,600.0,no,TIMEOUT,,,,
999,exp_acyclic_depvary_step9_batch_yyy10.pl,d1,,600.0,yes,TIMEOUT,,,,
1000,exp_acyclic_depvary_step9_batch_yyy10.pl,q1,,600.0,yes,TIMEOUT,,,,
1001,exp_acyclic_indvary1_step1_batch_yyy01.pl,u1,no,20.33,no,corr,None,None,None,None
1002,exp_acyclic_indvary1_step1_batch_yyy01.pl,v5,no,20.94,no,corr,None,None,None,None
1003,exp_acyclic_indvary1_step1_batch_yyy01.pl,a5,no,21.03,no,corr,None,None,None,None
1004,exp_acyclic_indvary1_step1_batch_yyy01.pl,y3,no,20.97,no,corr,None,None,None,None
1005,exp_acyclic_indvary1_step1_batch_yyy01.pl,w1,no,21.01,no,corr,None,None,None,None
1006,exp_acyclic_indvary1_step1_batch_yyy01.pl,r4,no,20.01,no,corr,None,None,None,None
1007,exp_acyclic_indvary1_step1_batch_yyy01.pl,d2,yes,20.66,yes,corr,None,None,None,None
1008,exp_acyclic_indvary1_step1_batch_yyy01.pl,y5,no,20.21,no,corr,None,None,None,None
1009,exp_acyclic_indvary1_step1_batch_yyy01.pl,c3,no,20.24,no,corr,None,None,None,None
1010,exp_acyclic_indvary1_step1_batch_yyy01.pl,t4,no,20.12,no,corr,None,None,None,None
1011,exp_acyclic_indvary1_step1_batch_yyy02.pl,b2,no,15.66,no,corr,None,None,None,None
1012,exp_acyclic_indvary1_step1_batch_yyy02.pl,b3,yes,16.45,yes,corr,None,None,None,None
1013,exp_acyclic_indvary1_step1_batch_yyy02.pl,e1,yes,16.49,yes,corr,None,None,None,None
1014,exp_acyclic_indvary1_step1_batch_yyy02.pl,p5,no,15.74,no,corr,None,None,None,None
1015,exp_acyclic_indvary1_step1_batch_yyy02.pl,b5,no,15.72,no,corr,None,None,None,None
1016,exp_acyclic_indvary1_step1_batch_yyy02.pl,d2,no,20.66,no,corr,None,None,None,None
1017,exp_acyclic_indvary1_step1_batch_yyy02.pl,p1,yes,16.55,yes,corr,None,None,None,None
1018,exp_acyclic_indvary1_step1_batch_yyy02.pl,c5,no,15.72,no,corr,None,None,None,None
1019,exp_acyclic_indvary1_step1_batch_yyy02.pl,c2,yes,16.13,yes,corr,None,None,None,None
1020,exp_acyclic_indvary1_step1_batch_yyy02.pl,b1,no,15.11,no,corr,None,None,None,None
1021,exp_acyclic_indvary1_step1_batch_yyy03.pl,b2,yes,19.81,yes,corr,None,None,None,None
1022,exp_acyclic_indvary1_step1_batch_yyy03.pl,y4,no,18.91,no,corr,None,None,None,None
1023,exp_acyclic_indvary1_step1_batch_yyy03.pl,z5,no,18.82,no,corr,None,None,None,None
1024,exp_acyclic_indvary1_step1_batch_yyy03.pl,e5,no,18.5,no,corr,None,None,None,None
1025,exp_acyclic_indvary1_step1_batch_yyy03.pl,z4,no,19.04,no,corr,None,None,None,None
1026,exp_acyclic_indvary1_step1_batch_yyy03.pl,v4,no,18.8,no,corr,None,None,None,None
1027,exp_acyclic_indvary1_step1_batch_yyy03.pl,d2,yes,19.52,yes,corr,None,None,None,None
1028,exp_acyclic_indvary1_step1_batch_yyy03.pl,a1,yes,19.65,yes,corr,None,None,None,None
1029,exp_acyclic_indvary1_step1_batch_yyy03.pl,v3,no,19.08,no,corr,None,None,None,None
1030,exp_acyclic_indvary1_step1_batch_yyy03.pl,q1,yes,19.86,yes,corr,None,None,None,None
1031,exp_acyclic_indvary1_step1_batch_yyy04.pl,b3,no,20.61,no,corr,None,None,None,None
1032,exp_acyclic_indvary1_step1_batch_yyy04.pl,u4,no,20.71,no,corr,None,None,None,None
1033,exp_acyclic_indvary1_step1_batch_yyy04.pl,s2,no,20.09,no,corr,None,None,None,None
1034,exp_acyclic_indvary1_step1_batch_yyy04.pl,v1,no,20.25,no,corr,None,None,None,None
1035,exp_acyclic_indvary1_step1_batch_yyy04.pl,r4,no,20.36,no,corr,None,None,None,None
1036,exp_acyclic_indvary1_step1_batch_yyy04.pl,d2,yes,20.49,yes,corr,None,None,None,None
1037,exp_acyclic_indvary1_step1_batch_yyy04.pl,z3,no,20.55,no,corr,None,None,None,None
1038,exp_acyclic_indvary1_step1_batch_yyy04.pl,x4,no,20.51,no,corr,None,None,None,None
1039,exp_acyclic_indvary1_step1_batch_yyy04.pl,c1,yes,20.07,yes,corr,None,None,None,None
1040,exp_acyclic_indvary1_step1_batch_yyy04.pl,t2,no,20.46,no,corr,None,None,None,None
1041,exp_acyclic_indvary1_step1_batch_yyy05.pl,b1,yes,23.11,yes,corr,None,None,None,None
1042,exp_acyclic_indvary1_step1_batch_yyy05.pl,x2,no,16.74,no,corr,None,None,None,None
1043,exp_acyclic_indvary1_step1_batch_yyy05.pl,r5,no,16.43,no,corr,None,None,None,None
1044,exp_acyclic_indvary1_step1_batch_yyy05.pl,f3,no,16.97,no,corr,None,None,None,None
1045,exp_acyclic_indvary1_step1_batch_yyy05.pl,a3,no,24.04,no,corr,None,None,None,None
1046,exp_acyclic_indvary1_step1_batch_yyy05.pl,a2,yes,24.78,yes,corr,None,None,None,None
1047,exp_acyclic_indvary1_step1_batch_yyy05.pl,t4,no,16.74,no,corr,None,None,None,None
1048,exp_acyclic_indvary1_step1_batch_yyy05.pl,c4,no,16.55,no,corr,None,None,None,None
1049,exp_acyclic_indvary1_step1_batch_yyy05.pl,t2,no,16.51,no,corr,None,None,None,None
1050,exp_acyclic_indvary1_step1_batch_yyy05.pl,z2,no,16.76,no,corr,None,None,None,None
1051,exp_acyclic_indvary1_step1_batch_yyy06.pl,t4,no,11.35,no,corr,None,None,None,None
1052,exp_acyclic_indvary1_step1_batch_yyy06.pl,p4,no,11.07,no,corr,None,None,None,None
1053,exp_acyclic_indvary1_step1_batch_yyy06.pl,u1,no,11.27,no,corr,None,None,None,None
1054,exp_acyclic_indvary1_step1_batch_yyy06.pl,t3,no,11.17,no,corr,None,None,None,None
1055,exp_acyclic_indvary1_step1_batch_yyy06.pl,q4,no,11.1,no,corr,None,None,None,None
1056,exp_acyclic_indvary1_step1_batch_yyy06.pl,r3,no,10.7,no,corr,None,None,None,None
1057,exp_acyclic_indvary1_step1_batch_yyy06.pl,z1,no,11.03,no,corr,None,None,None,None
1058,exp_acyclic_indvary1_step1_batch_yyy06.pl,b1,yes,15.19,yes,corr,None,None,None,None
1059,exp_acyclic_indvary1_step1_batch_yyy06.pl,u3,no,11.28,no,corr,None,None,None,None
1060,exp_acyclic_indvary1_step1_batch_yyy06.pl,r4,no,11.1,no,corr,None,None,None,None
1061,exp_acyclic_indvary1_step1_batch_yyy07.pl,w2,no,16.56,no,corr,None,None,None,None
1062,exp_acyclic_indvary1_step1_batch_yyy07.pl,u4,no,16.68,no,corr,None,None,None,None
1063,exp_acyclic_indvary1_step1_batch_yyy07.pl,c2,no,16.59,no,corr,None,None,None,None
1064,exp_acyclic_indvary1_step1_batch_yyy07.pl,z4,no,16.47,no,corr,None,None,None,None
1065,exp_acyclic_indvary1_step1_batch_yyy07.pl,f3,no,16.76,no,corr,None,None,None,None
1066,exp_acyclic_indvary1_step1_batch_yyy07.pl,e3,no,16.61,no,corr,None,None,None,None
1067,exp_acyclic_indvary1_step1_batch_yyy07.pl,y1,no,16.44,no,corr,None,None,None,None
1068,exp_acyclic_indvary1_step1_batch_yyy07.pl,w3,no,16.56,no,corr,None,None,None,None
1069,exp_acyclic_indvary1_step1_batch_yyy07.pl,e2,no,16.42,no,corr,None,None,None,None
1070,exp_acyclic_indvary1_step1_batch_yyy07.pl,d1,yes,17.42,yes,corr,None,None,None,None
1071,exp_acyclic_indvary1_step1_batch_yyy08.pl,y4,no,17.08,no,corr,None,None,None,None
1072,exp_acyclic_indvary1_step1_batch_yyy08.pl,z5,no,17.48,no,corr,None,None,None,None
1073,exp_acyclic_indvary1_step1_batch_yyy08.pl,w5,no,17.46,no,corr,None,None,None,None
1074,exp_acyclic_indvary1_step1_batch_yyy08.pl,f5,no,17.31,no,corr,None,None,None,None
1075,exp_acyclic_indvary1_step1_batch_yyy08.pl,z4,no,17.09,no,corr,None,None,None,None
1076,exp_acyclic_indvary1_step1_batch_yyy08.pl,x5,no,16.87,no,corr,None,None,None,None
1077,exp_acyclic_indvary1_step1_batch_yyy08.pl,f4,no,17.25,no,corr,None,None,None,None
1078,exp_acyclic_indvary1_step1_batch_yyy08.pl,y5,no,17.41,no,corr,None,None,None,None
1079,exp_acyclic_indvary1_step1_batch_yyy08.pl,s2,no,17.43,no,corr,None,None,None,None
1080,exp_acyclic_indvary1_step1_batch_yyy08.pl,b1,no,17.27,no,corr,None,None,None,None
1081,exp_acyclic_indvary1_step1_batch_yyy09.pl,s3,no,15.04,no,corr,None,None,None,None
1082,exp_acyclic_indvary1_step1_batch_yyy09.pl,z5,no,15.02,no,corr,None,None,None,None
1083,exp_acyclic_indvary1_step1_batch_yyy09.pl,s5,no,15.07,no,corr,None,None,None,None
1084,exp_acyclic_indvary1_step1_batch_yyy09.pl,x2,no,15.65,no,corr,None,None,None,None
1085,exp_acyclic_indvary1_step1_batch_yyy09.pl,e4,no,15.37,no,corr,None,None,None,None
1086,exp_acyclic_indvary1_step1_batch_yyy09.pl,u2,no,15.38,no,corr,None,None,None,None
1087,exp_acyclic_indvary1_step1_batch_yyy09.pl,p1,yes,15.95,yes,corr,None,None,None,None
1088,exp_acyclic_indvary1_step1_batch_yyy09.pl,a2,no,15.31,no,corr,None,None,None,None
1089,exp_acyclic_indvary1_step1_batch_yyy09.pl,s2,no,15.04,no,corr,None,None,None,None
1090,exp_acyclic_indvary1_step1_batch_yyy09.pl,z1,no,15.7,no,corr,None,None,None,None
1091,exp_acyclic_indvary1_step1_batch_yyy10.pl,d5,no,18.54,no,corr,None,None,None,None
1092,exp_acyclic_indvary1_step1_batch_yyy10.pl,v2,no,18.37,no,corr,None,None,None,None
1093,exp_acyclic_indvary1_step1_batch_yyy10.pl,p5,no,17.92,no,corr,None,None,None,None
1094,exp_acyclic_indvary1_step1_batch_yyy10.pl,v5,no,18.22,no,corr,None,None,None,None
1095,exp_acyclic_indvary1_step1_batch_yyy10.pl,a4,no,18.44,no,corr,None,None,None,None
1096,exp_acyclic_indvary1_step1_batch_yyy10.pl,p3,no,18.25,no,corr,None,None,None,None
1097,exp_acyclic_indvary1_step1_batch_yyy10.pl,d2,yes,18.87,yes,corr,None,None,None,None
1098,exp_acyclic_indvary1_step1_batch_yyy10.pl,u2,no,18.53,no,corr,None,None,None,None
1099,exp_acyclic_indvary1_step1_batch_yyy10.pl,b6,no,18.15,no,corr,None,None,None,None
1100,exp_acyclic_indvary1_step1_batch_yyy10.pl,a1,no,17.38,no,corr,None,None,None,None
1101,exp_acyclic_indvary1_step2_batch_yyy01.pl,d5,no,57.51,no,corr,None,None,None,None
1102,exp_acyclic_indvary1_step2_batch_yyy01.pl,z5,no,57.31,no,corr,None,None,None,None
1103,exp_acyclic_indvary1_step2_batch_yyy01.pl,p4,no,57.37,no,corr,None,None,None,None
1104,exp_acyclic_indvary1_step2_batch_yyy01.pl,z4,no,56.81,no,corr,None,None,None,None
1105,exp_acyclic_indvary1_step2_batch_yyy01.pl,u3,no,57.25,no,corr,None,None,None,None
1106,exp_acyclic_indvary1_step2_batch_yyy01.pl,r1,yes,59.82,yes,corr,None,None,None,None
1107,exp_acyclic_indvary1_step2_batch_yyy01.pl,a1,yes,60.8,yes,corr,None,None,None,None
1108,exp_acyclic_indvary1_step2_batch_yyy01.pl,v3,no,57.62,no,corr,None,None,None,None
1109,exp_acyclic_indvary1_step2_batch_yyy01.pl,d1,no,57.43,no,corr,None,None,None,None
1110,exp_acyclic_indvary1_step2_batch_yyy01.pl,u2,no,57.46,no,corr,None,None,None,None
1111,exp_acyclic_indvary1_step2_batch_yyy02.pl,w2,no,55.41,no,corr,None,None,None,None
1112,exp_acyclic_indvary1_step2_batch_yyy02.pl,a5,no,55.14,no,corr,None,None,None,None
1113,exp_acyclic_indvary1_step2_batch_yyy02.pl,y3,no,54.97,no,corr,None,None,None,None
1114,exp_acyclic_indvary1_step2_batch_yyy02.pl,w4,no,55.65,no,corr,None,None,None,None
1115,exp_acyclic_indvary1_step2_batch_yyy02.pl,p2,yes,57.87,yes,corr,None,None,None,None
1116,exp_acyclic_indvary1_step2_batch_yyy02.pl,a3,yes,55.12,yes,corr,None,None,None,None
1117,exp_acyclic_indvary1_step2_batch_yyy02.pl,x5,no,55.43,no,corr,None,None,None,None
1118,exp_acyclic_indvary1_step2_batch_yyy02.pl,t2,no,55.49,no,corr,None,None,None,None
1119,exp_acyclic_indvary1_step2_batch_yyy02.pl,u3,no,55.02,no,corr,None,None,None,None
1120,exp_acyclic_indvary1_step2_batch_yyy02.pl,e3,no,54.78,no,corr,None,None,None,None
1121,exp_acyclic_indvary1_step2_batch_yyy03.pl,v2,no,46.52,no,corr,None,None,None,None
1122,exp_acyclic_indvary1_step2_batch_yyy03.pl,c5,no,46.04,no,corr,None,None,None,None
1123,exp_acyclic_indvary1_step2_batch_yyy03.pl,b5,no,46.37,no,corr,None,None,None,None
1124,exp_acyclic_indvary1_step2_batch_yyy03.pl,v4,no,46.54,no,corr,None,None,None,None
1125,exp_acyclic_indvary1_step2_batch_yyy03.pl,a3,no,46.72,no,corr,None,None,None,None
1126,exp_acyclic_indvary1_step2_batch_yyy03.pl,x1,yes,51.65,yes,corr,None,None,None,None
1127,exp_acyclic_indvary1_step2_batch_yyy03.pl,y5,no,46.56,no,corr,None,None,None,None
1128,exp_acyclic_indvary1_step2_batch_yyy03.pl,t4,no,45.97,no,corr,None,None,None,None
1129,exp_acyclic_indvary1_step2_batch_yyy03.pl,t5,no,46.12,no,corr,None,None,None,None
1130,exp_acyclic_indvary1_step2_batch_yyy03.pl,s3,no,46.34,no,corr,None,None,None,None
1131,exp_acyclic_indvary1_step2_batch_yyy04.pl,u5,no,59.26,no,corr,None,None,None,None
1132,exp_acyclic_indvary1_step2_batch_yyy04.pl,s3,no,59.07,no,corr,None,None,None,None
1133,exp_acyclic_indvary1_step2_batch_yyy04.pl,u1,yes,62.33,yes,corr,None,None,None,None
1134,exp_acyclic_indvary1_step2_batch_yyy04.pl,d3,no,58.8,no,corr,None,None,None,None
1135,exp_acyclic_indvary1_step2_batch_yyy04.pl,w5,no,59.8,no,corr,None,None,None,None
1136,exp_acyclic_indvary1_step2_batch_yyy04.pl,c5,no,59.83,no,corr,None,None,None,None
1137,exp_acyclic_indvary1_step2_batch_yyy04.pl,v4,no,59.17,no,corr,None,None,None,None
1138,exp_acyclic_indvary1_step2_batch_yyy04.pl,p2,yes,62.46,yes,corr,None,None,None,None
1139,exp_acyclic_indvary1_step2_batch_yyy04.pl,a1,yes,61.95,yes,corr,None,None,None,None
1140,exp_acyclic_indvary1_step2_batch_yyy04.pl,d1,no,82.94,no,corr,None,None,None,None
1141,exp_acyclic_indvary1_step2_batch_yyy05.pl,p5,no,53.7,no,corr,None,None,None,None
1142,exp_acyclic_indvary1_step2_batch_yyy05.pl,w2,no,53.06,no,corr,None,None,None,None
1143,exp_acyclic_indvary1_step2_batch_yyy05.pl,s5,no,53.78,no,corr,None,None,None,None
1144,exp_acyclic_indvary1_step2_batch_yyy05.pl,d2,no,58.32,no,corr,None,None,None,None
1145,exp_acyclic_indvary1_step2_batch_yyy05.pl,v3,no,53.71,no,corr,None,None,None,None
1146,exp_acyclic_indvary1_step2_batch_yyy05.pl,u2,no,54.21,no,corr,None,None,None,None
1147,exp_acyclic_indvary1_step2_batch_yyy05.pl,u5,no,53.86,no,corr,None,None,None,None
1148,exp_acyclic_indvary1_step2_batch_yyy05.pl,d5,no,53.34,no,corr,None,None,None,None
1149,exp_acyclic_indvary1_step2_batch_yyy05.pl,a4,no,53.23,no,corr,None,None,None,None
1150,exp_acyclic_indvary1_step2_batch_yyy05.pl,f5,no,53.36,no,corr,None,None,None,None
1151,exp_acyclic_indvary1_step2_batch_yyy06.pl,q4,no,54.83,no,corr,None,None,None,None
1152,exp_acyclic_indvary1_step2_batch_yyy06.pl,z4,no,55.1,no,corr,None,None,None,None
1153,exp_acyclic_indvary1_step2_batch_yyy06.pl,v1,yes,57.88,yes,corr,None,None,None,None
1154,exp_acyclic_indvary1_step2_batch_yyy06.pl,x5,no,54.84,no,corr,None,None,None,None
1155,exp_acyclic_indvary1_step2_batch_yyy06.pl,s1,yes,57.78,yes,corr,None,None,None,None
1156,exp_acyclic_indvary1_step2_batch_yyy06.pl,v3,no,54.49,no,corr,None,None,None,None
1157,exp_acyclic_indvary1_step2_batch_yyy06.pl,w3,no,55.87,no,corr,None,None,None,None
1158,exp_acyclic_indvary1_step2_batch_yyy06.pl,q2,yes,55.86,yes,corr,None,None,None,None
1159,exp_acyclic_indvary1_step2_batch_yyy06.pl,w2,no,54.56,no,corr,None,None,None,None
1160,exp_acyclic_indvary1_step2_batch_yyy06.pl,e5,no,54.31,no,corr,None,None,None,None
1161,exp_acyclic_indvary1_step2_batch_yyy07.pl,a6,no,60.83,no,corr,None,None,None,None
1162,exp_acyclic_indvary1_step2_batch_yyy07.pl,e5,no,61.14,no,corr,None,None,None,None
1163,exp_acyclic_indvary1_step2_batch_yyy07.pl,d3,no,60.7,no,corr,None,None,None,None
1164,exp_acyclic_indvary1_step2_batch_yyy07.pl,q5,no,60.79,no,corr,None,None,None,None
1165,exp_acyclic_indvary1_step2_batch_yyy07.pl,s1,yes,63.44,yes,corr,None,None,None,None
1166,exp_acyclic_indvary1_step2_batch_yyy07.pl,p2,no,61.27,no,corr,None,None,None,None
1167,exp_acyclic_indvary1_step2_batch_yyy07.pl,c3,no,80.79,no,corr,None,None,None,None
1168,exp_acyclic_indvary1_step2_batch_yyy07.pl,s3,no,60.69,no,corr,None,None,None,None
1169,exp_acyclic_indvary1_step2_batch_yyy07.pl,a2,no,95.51,no,corr,None,None,None,None
1170,exp_acyclic_indvary1_step2_batch_yyy07.pl,x4,no,61.1,no,corr,None,None,None,None
1171,exp_acyclic_indvary1_step2_batch_yyy08.pl,d5,no,47.56,no,corr,None,None,None,None
1172,exp_acyclic_indvary1_step2_batch_yyy08.pl,s3,no,47.94,no,corr,None,None,None,None
1173,exp_acyclic_indvary1_step2_batch_yyy08.pl,b2,yes,45.44,yes,corr,None,None,None,None
1174,exp_acyclic_indvary1_step2_batch_yyy08.pl,u1,no,49.47,no,corr,None,None,None,None
1175,exp_acyclic_indvary1_step2_batch_yyy08.pl,d2,yes,49.94,yes,corr,None,None,None,None
1176,exp_acyclic_indvary1_step2_batch_yyy08.pl,b6,no,47.79,no,corr,None,None,None,None
1177,exp_acyclic_indvary1_step2_batch_yyy08.pl,d1,no,84.54,no,corr,None,None,None,None
1178,exp_acyclic_indvary1_step2_batch_yyy08.pl,y5,no,47.61,no,corr,None,None,None,None
1179,exp_acyclic_indvary1_step2_batch_yyy08.pl,x5,no,47.68,no,corr,None,None,None,None
1180,exp_acyclic_indvary1_step2_batch_yyy08.pl,z2,no,47.95,no,corr,None,None,None,None
1181,exp_acyclic_indvary1_step2_batch_yyy09.pl,a6,no,48.2,no,corr,None,None,None,None
1182,exp_acyclic_indvary1_step2_batch_yyy09.pl,p4,no,48.27,no,corr,None,None,None,None
1183,exp_acyclic_indvary1_step2_batch_yyy09.pl,f1,yes,50.04,yes,corr,None,None,None,None
1184,exp_acyclic_indvary1_step2_batch_yyy09.pl,z1,yes,50.94,yes,corr,None,None,None,None
1185,exp_acyclic_indvary1_step2_batch_yyy09.pl,a4,no,48.33,no,corr,None,None,None,None
1186,exp_acyclic_indvary1_step2_batch_yyy09.pl,t1,yes,50.75,yes,corr,None,None,None,None
1187,exp_acyclic_indvary1_step2_batch_yyy09.pl,a2,yes,51.17,yes,corr,None,None,None,None
1188,exp_acyclic_indvary1_step2_batch_yyy09.pl,q2,no,47.68,no,corr,None,None,None,None
1189,exp_acyclic_indvary1_step2_batch_yyy09.pl,t2,no,48.6,no,corr,None,None,None,None
1190,exp_acyclic_indvary1_step2_batch_yyy09.pl,c6,no,48.9,no,corr,None,None,None,None
1191,exp_acyclic_indvary1_step2_batch_yyy10.pl,u5,no,50.63,no,corr,None,None,None,None
1192,exp_acyclic_indvary1_step2_batch_yyy10.pl,e5,no,49.85,no,corr,None,None,None,None
1193,exp_acyclic_indvary1_step2_batch_yyy10.pl,z1,yes,56.4,yes,corr,None,None,None,None
1194,exp_acyclic_indvary1_step2_batch_yyy10.pl,x5,no,50.56,no,corr,None,None,None,None
1195,exp_acyclic_indvary1_step2_batch_yyy10.pl,a3,yes,56.88,yes,corr,None,None,None,None
1196,exp_acyclic_indvary1_step2_batch_yyy10.pl,r2,yes,53.48,yes,corr,None,None,None,None
1197,exp_acyclic_indvary1_step2_batch_yyy10.pl,v3,no,50.53,no,corr,None,None,None,None
1198,exp_acyclic_indvary1_step2_batch_yyy10.pl,q1,no,50.35,no,corr,None,None,None,None
1199,exp_acyclic_indvary1_step2_batch_yyy10.pl,v5,no,50.2,no,corr,None,None,None,None
1200,exp_acyclic_indvary1_step2_batch_yyy10.pl,w5,no,50.71,no,corr,None,None,None,None
1201,exp_acyclic_indvary1_step3_batch_yyy01.pl,p5,no,73.8,no,corr,None,None,None,None
1202,exp_acyclic_indvary1_step3_batch_yyy01.pl,w5,no,73.54,no,corr,None,None,None,None
1203,exp_acyclic_indvary1_step3_batch_yyy01.pl,q5,no,73.92,no,corr,None,None,None,None
1204,exp_acyclic_indvary1_step3_batch_yyy01.pl,v1,no,73.23,no,corr,None,None,None,None
1205,exp_acyclic_indvary1_step3_batch_yyy01.pl,z2,yes,78.07,yes,corr,None,None,None,None
1206,exp_acyclic_indvary1_step3_batch_yyy01.pl,v3,no,74.11,no,corr,None,None,None,None
1207,exp_acyclic_indvary1_step3_batch_yyy01.pl,a6,no,73.41,no,corr,None,None,None,None
1208,exp_acyclic_indvary1_step3_batch_yyy01.pl,y4,no,73.77,no,corr,None,None,None,None
1209,exp_acyclic_indvary1_step3_batch_yyy01.pl,w2,no,232.34,no,corr,None,None,None,None
1210,exp_acyclic_indvary1_step3_batch_yyy01.pl,u1,no,124.15,no,corr,None,None,None,None
1211,exp_acyclic_indvary1_step3_batch_yyy02.pl,t3,no,68.05,no,corr,None,None,None,None
1212,exp_acyclic_indvary1_step3_batch_yyy02.pl,f3,no,68.48,no,corr,None,None,None,None
1213,exp_acyclic_indvary1_step3_batch_yyy02.pl,e3,no,68.78,no,corr,None,None,None,None
1214,exp_acyclic_indvary1_step3_batch_yyy02.pl,y1,yes,67.46,yes,corr,None,None,None,None
1215,exp_acyclic_indvary1_step3_batch_yyy02.pl,y2,yes,71.95,yes,corr,None,None,None,None
1216,exp_acyclic_indvary1_step3_batch_yyy02.pl,f2,no,68.27,no,corr,None,None,None,None
1217,exp_acyclic_indvary1_step3_batch_yyy02.pl,c2,yes,71.85,yes,corr,None,None,None,None
1218,exp_acyclic_indvary1_step3_batch_yyy02.pl,b1,no,68.42,no,corr,None,None,None,None
1219,exp_acyclic_indvary1_step3_batch_yyy02.pl,d1,no,68.29,no,corr,None,None,None,None
1220,exp_acyclic_indvary1_step3_batch_yyy02.pl,t1,yes,72.14,yes,corr,None,None,None,None
1221,exp_acyclic_indvary1_step3_batch_yyy03.pl,y4,no,58.78,no,corr,None,None,None,None
1222,exp_acyclic_indvary1_step3_batch_yyy03.pl,c6,no,58.96,no,corr,None,None,None,None
1223,exp_acyclic_indvary1_step3_batch_yyy03.pl,d2,yes,86.83,yes,corr,None,None,None,None
1224,exp_acyclic_indvary1_step3_batch_yyy03.pl,w3,no,58.7,no,corr,None,None,None,None
1225,exp_acyclic_indvary1_step3_batch_yyy03.pl,t4,no,59.06,no,corr,None,None,None,None
1226,exp_acyclic_indvary1_step3_batch_yyy03.pl,t5,no,58.85,no,corr,None,None,None,None
1227,exp_acyclic_indvary1_step3_batch_yyy03.pl,s5,no,59.08,no,corr,None,None,None,None
1228,exp_acyclic_indvary1_step3_batch_yyy03.pl,q5,no,58.76,no,corr,None,None,None,None
1229,exp_acyclic_indvary1_step3_batch_yyy03.pl,a4,no,58.92,no,corr,None,None,None,None
1230,exp_acyclic_indvary1_step3_batch_yyy03.pl,x2,no,136.84,no,corr,None,None,None,None
1231,exp_acyclic_indvary1_step3_batch_yyy04.pl,t4,no,76.44,no,corr,None,None,None,None
1232,exp_acyclic_indvary1_step3_batch_yyy04.pl,p5,no,76.28,no,corr,None,None,None,None
1233,exp_acyclic_indvary1_step3_batch_yyy04.pl,t3,no,76.84,no,corr,None,None,None,None
1234,exp_acyclic_indvary1_step3_batch_yyy04.pl,s2,yes,80.92,yes,corr,None,None,None,None
1235,exp_acyclic_indvary1_step3_batch_yyy04.pl,q4,no,76.86,no,corr,None,None,None,None
1236,exp_acyclic_indvary1_step3_batch_yyy04.pl,z3,no,76.04,no,corr,None,None,None,None
1237,exp_acyclic_indvary1_step3_batch_yyy04.pl,d3,no,76.25,no,corr,None,None,None,None
1238,exp_acyclic_indvary1_step3_batch_yyy04.pl,u4,no,76.82,no,corr,None,None,None,None
1239,exp_acyclic_indvary1_step3_batch_yyy04.pl,v4,no,76.08,no,corr,None,None,None,None
1240,exp_acyclic_indvary1_step3_batch_yyy04.pl,e3,no,77.2,no,corr,None,None,None,None
1241,exp_acyclic_indvary1_step3_batch_yyy05.pl,u5,no,41.33,no,corr,None,None,None,None
1242,exp_acyclic_indvary1_step3_batch_yyy05.pl,t4,no,41.74,no,corr,None,None,None,None
1243,exp_acyclic_indvary1_step3_batch_yyy05.pl,v2,yes,57.9,yes,corr,None,None,None,None
1244,exp_acyclic_indvary1_step3_batch_yyy05.pl,d4,no,41.51,no,corr,None,None,None,None
1245,exp_acyclic_indvary1_step3_batch_yyy05.pl,u4,no,40.87,no,corr,None,None,None,None
1246,exp_acyclic_indvary1_step3_batch_yyy05.pl,v5,no,41.46,no,corr,None,None,None,None
1247,exp_acyclic_indvary1_step3_batch_yyy05.pl,q4,no,41.76,no,corr,None,None,None,None
1248,exp_acyclic_indvary1_step3_batch_yyy05.pl,p3,no,64.69,no,corr,None,None,None,None
1249,exp_acyclic_indvary1_step3_batch_yyy05.pl,y5,no,41.31,no,corr,None,None,None,None
1250,exp_acyclic_indvary1_step3_batch_yyy05.pl,q2,no,60.8,no,corr,None,None,None,None
1251,exp_acyclic_indvary1_step3_batch_yyy06.pl,c3,yes,66.01,yes,corr,None,None,None,None
1252,exp_acyclic_indvary1_step3_batch_yyy06.pl,e5,no,62.57,no,corr,None,None,None,None
1253,exp_acyclic_indvary1_step3_batch_yyy06.pl,s5,no,62.02,no,corr,None,None,None,None
1254,exp_acyclic_indvary1_step3_batch_yyy06.pl,s2,yes,65.3,yes,corr,None,None,None,None
1255,exp_acyclic_indvary1_step3_batch_yyy06.pl,f3,no,62.39,no,corr,None,None,None,None
1256,exp_acyclic_indvary1_step3_batch_yyy06.pl,r4,no,62.64,no,corr,None,None,None,None
1257,exp_acyclic_indvary1_step3_batch_yyy06.pl,z3,no,62.26,no,corr,None,None,None,None
1258,exp_acyclic_indvary1_step3_batch_yyy06.pl,r2,no,62.07,no,corr,None,None,None,None
1259,exp_acyclic_indvary1_step3_batch_yyy06.pl,x4,no,61.91,no,corr,None,None,None,None
1260,exp_acyclic_indvary1_step3_batch_yyy06.pl,q2,yes,65.57,yes,corr,None,None,None,None
1261,exp_acyclic_indvary1_step3_batch_yyy07.pl,c4,no,54.85,no,corr,None,None,None,None
1262,exp_acyclic_indvary1_step3_batch_yyy07.pl,u4,no,55.36,no,corr,None,None,None,None
1263,exp_acyclic_indvary1_step3_batch_yyy07.pl,e4,no,54.74,no,corr,None,None,None,None
1264,exp_acyclic_indvary1_step3_batch_yyy07.pl,r4,no,55.0,no,corr,None,None,None,None
1265,exp_acyclic_indvary1_step3_batch_yyy07.pl,p2,no,86.22,no,corr,None,None,None,None
1266,exp_acyclic_indvary1_step3_batch_yyy07.pl,f4,no,54.58,no,corr,None,None,None,None
1267,exp_acyclic_indvary1_step3_batch_yyy07.pl,q1,yes,77.7,yes,corr,None,None,None,None
1268,exp_acyclic_indvary1_step3_batch_yyy07.pl,a2,yes,55.15,yes,corr,None,None,None,None
1269,exp_acyclic_indvary1_step3_batch_yyy07.pl,c2,no,77.78,no,corr,None,None,None,None
1270,exp_acyclic_indvary1_step3_batch_yyy07.pl,a5,no,54.48,no,corr,None,None,None,None
1271,exp_acyclic_indvary1_step3_batch_yyy08.pl,u1,yes,68.49,yes,corr,None,None,None,None
1272,exp_acyclic_indvary1_step3_batch_yyy08.pl,q4,no,64.44,no,corr,None,None,None,None
1273,exp_acyclic_indvary1_step3_batch_yyy08.pl,e4,no,64.95,no,corr,None,None,None,None
1274,exp_acyclic_indvary1_step3_batch_yyy08.pl,w1,no,65.17,no,corr,None,None,None,None
1275,exp_acyclic_indvary1_step3_batch_yyy08.pl,v4,no,65.39,no,corr,None,None,None,None
1276,exp_acyclic_indvary1_step3_batch_yyy08.pl,f2,no,65.35,no,corr,None,None,None,None
1277,exp_acyclic_indvary1_step3_batch_yyy08.pl,b4,no,65.6,no,corr,None,None,None,None
1278,exp_acyclic_indvary1_step3_batch_yyy08.pl,q5,no,65.39,no,corr,None,None,None,None
1279,exp_acyclic_indvary1_step3_batch_yyy08.pl,c2,yes,69.44,yes,corr,None,None,None,None
1280,exp_acyclic_indvary1_step3_batch_yyy08.pl,b1,no,65.7,no,corr,None,None,None,None
1281,exp_acyclic_indvary1_step3_batch_yyy09.pl,b3,yes,90.0,yes,corr,None,None,None,None
1282,exp_acyclic_indvary1_step3_batch_yyy09.pl,d4,no,84.9,no,corr,None,None,None,None
1283,exp_acyclic_indvary1_step3_batch_yyy09.pl,u1,no,98.7,no,corr,None,None,None,None
1284,exp_acyclic_indvary1_step3_batch_yyy09.pl,t3,no,85.31,no,corr,None,None,None,None
1285,exp_acyclic_indvary1_step3_batch_yyy09.pl,q4,no,84.86,no,corr,None,None,None,None
1286,exp_acyclic_indvary1_step3_batch_yyy09.pl,v1,no,115.47,no,corr,None,None,None,None
1287,exp_acyclic_indvary1_step3_batch_yyy09.pl,q1,no,84.77,no,corr,None,None,None,None
1288,exp_acyclic_indvary1_step3_batch_yyy09.pl,c1,no,85.11,no,corr,None,None,None,None
1289,exp_acyclic_indvary1_step3_batch_yyy09.pl,t2,no,84.8,no,corr,None,None,None,None
1290,exp_acyclic_indvary1_step3_batch_yyy09.pl,c6,no,84.13,no,corr,None,None,None,None
1291,exp_acyclic_indvary1_step3_batch_yyy10.pl,e1,yes,47.41,yes,corr,None,None,None,None
1292,exp_acyclic_indvary1_step3_batch_yyy10.pl,w5,no,45.98,no,corr,None,None,None,None
1293,exp_acyclic_indvary1_step3_batch_yyy10.pl,z1,yes,46.33,yes,corr,None,None,None,None
1294,exp_acyclic_indvary1_step3_batch_yyy10.pl,a4,no,46.62,no,corr,None,None,None,None
1295,exp_acyclic_indvary1_step3_batch_yyy10.pl,p3,no,96.69,no,corr,None,None,None,None
1296,exp_acyclic_indvary1_step3_batch_yyy10.pl,b6,no,45.96,no,corr,None,None,None,None
1297,exp_acyclic_indvary1_step3_batch_yyy10.pl,d1,no,47.71,no,corr,None,None,None,None
1298,exp_acyclic_indvary1_step3_batch_yyy10.pl,c3,no,46.09,no,corr,None,None,None,None
1299,exp_acyclic_indvary1_step3_batch_yyy10.pl,t5,no,45.91,no,corr,None,None,None,None
1300,exp_acyclic_indvary1_step3_batch_yyy10.pl,s3,no,46.03,no,corr,None,None,None,None
1301,exp_acyclic_indvary1_step4_batch_yyy01.pl,u1,yes,68.15,yes,corr,None,None,None,None
1302,exp_acyclic_indvary1_step4_batch_yyy01.pl,a5,no,69.37,no,corr,None,None,None,None
1303,exp_acyclic_indvary1_step4_batch_yyy01.pl,e4,no,68.64,no,corr,None,None,None,None
1304,exp_acyclic_indvary1_step4_batch_yyy01.pl,v4,no,69.31,no,corr,None,None,None,None
1305,exp_acyclic_indvary1_step4_batch_yyy01.pl,v3,yes,69.7,yes,corr,None,None,None,None
1306,exp_acyclic_indvary1_step4_batch_yyy01.pl,e2,no,71.82,no,corr,None,None,None,None
1307,exp_acyclic_indvary1_step4_batch_yyy01.pl,s5,no,69.48,no,corr,None,None,None,None
1308,exp_acyclic_indvary1_step4_batch_yyy01.pl,q5,no,69.29,no,corr,None,None,None,None
1309,exp_acyclic_indvary1_step4_batch_yyy01.pl,y2,yes,73.74,yes,corr,None,None,None,None
1310,exp_acyclic_indvary1_step4_batch_yyy01.pl,x1,no,69.92,no,corr,None,None,None,None
1311,exp_acyclic_indvary1_step4_batch_yyy02.pl,s3,yes,45.16,yes,corr,None,None,None,None
1312,exp_acyclic_indvary1_step4_batch_yyy02.pl,b1,no,45.26,no,corr,None,None,None,None
1313,exp_acyclic_indvary1_step4_batch_yyy02.pl,w4,no,45.17,no,corr,None,None,None,None
1314,exp_acyclic_indvary1_step4_batch_yyy02.pl,a3,yes,44.49,yes,corr,None,None,None,None
1315,exp_acyclic_indvary1_step4_batch_yyy02.pl,x1,no,45.11,no,corr,None,None,None,None
1316,exp_acyclic_indvary1_step4_batch_yyy02.pl,a1,yes,45.41,yes,corr,None,None,None,None
1317,exp_acyclic_indvary1_step4_batch_yyy02.pl,r3,no,73.07,no,corr,None,None,None,None
1318,exp_acyclic_indvary1_step4_batch_yyy02.pl,f2,yes,44.63,yes,corr,None,None,None,None
1319,exp_acyclic_indvary1_step4_batch_yyy02.pl,b3,yes,87.13,yes,corr,None,None,None,None
1320,exp_acyclic_indvary1_step4_batch_yyy02.pl,y4,no,45.16,no,corr,None,None,None,None
1321,exp_acyclic_indvary1_step4_batch_yyy03.pl,u5,no,88.35,no,corr,None,None,None,None
1322,exp_acyclic_indvary1_step4_batch_yyy03.pl,q4,no,100.46,no,corr,None,None,None,None
1323,exp_acyclic_indvary1_step4_batch_yyy03.pl,z4,no,88.25,no,corr,None,None,None,None
1324,exp_acyclic_indvary1_step4_batch_yyy03.pl,y2,no,87.23,no,corr,None,None,None,None
1325,exp_acyclic_indvary1_step4_batch_yyy03.pl,r2,yes,93.71,yes,corr,None,None,None,None
1326,exp_acyclic_indvary1_step4_batch_yyy03.pl,v3,no,87.54,no,corr,None,None,None,None
1327,exp_acyclic_indvary1_step4_batch_yyy03.pl,t4,no,88.4,no,corr,None,None,None,None
1328,exp_acyclic_indvary1_step4_batch_yyy03.pl,c4,no,87.51,no,corr,None,None,None,None
1329,exp_acyclic_indvary1_step4_batch_yyy03.pl,p5,no,88.16,no,corr,None,None,None,None
1330,exp_acyclic_indvary1_step4_batch_yyy03.pl,x3,yes,92.79,yes,corr,None,None,None,None
1331,exp_acyclic_indvary1_step4_batch_yyy04.pl,a6,no,59.5,no,corr,None,None,None,None
1332,exp_acyclic_indvary1_step4_batch_yyy04.pl,z5,no,57.75,no,corr,None,None,None,None
1333,exp_acyclic_indvary1_step4_batch_yyy04.pl,p2,yes,58.49,yes,corr,None,None,None,None
1334,exp_acyclic_indvary1_step4_batch_yyy04.pl,a3,yes,58.69,yes,corr,None,None,None,None
1335,exp_acyclic_indvary1_step4_batch_yyy04.pl,w3,no,114.0,no,corr,None,None,None,None
1336,exp_acyclic_indvary1_step4_batch_yyy04.pl,f2,no,81.22,no,corr,None,None,None,None
1337,exp_acyclic_indvary1_step4_batch_yyy04.pl,c2,yes,58.8,yes,corr,None,None,None,None
1338,exp_acyclic_indvary1_step4_batch_yyy04.pl,b1,yes,59.35,yes,corr,None,None,None,None
1339,exp_acyclic_indvary1_step4_batch_yyy04.pl,e3,no,58.95,no,corr,None,None,None,None
1340,exp_acyclic_indvary1_step4_batch_yyy04.pl,r4,no,58.75,no,corr,None,None,None,None
1341,exp_acyclic_indvary1_step4_batch_yyy05.pl,v2,no,50.3,no,corr,None,None,None,None
1342,exp_acyclic_indvary1_step4_batch_yyy05.pl,w5,no,50.52,no,corr,None,None,None,None
1343,exp_acyclic_indvary1_step4_batch_yyy05.pl,b4,no,50.69,no,corr,None,None,None,None
1344,exp_acyclic_indvary1_step4_batch_yyy05.pl,c5,no,50.32,no,corr,None,None,None,None
1345,exp_acyclic_indvary1_step4_batch_yyy05.pl,q4,yes,49.62,yes,corr,None,None,None,None
1346,exp_acyclic_indvary1_step4_batch_yyy05.pl,y3,no,123.23,no,corr,None,None,None,None
1347,exp_acyclic_indvary1_step4_batch_yyy05.pl,w4,no,50.98,no,corr,None,None,None,None
1348,exp_acyclic_indvary1_step4_batch_yyy05.pl,v4,no,50.29,no,corr,None,None,None,None
1349,exp_acyclic_indvary1_step4_batch_yyy05.pl,x1,yes,50.52,yes,corr,None,None,None,None
1350,exp_acyclic_indvary1_step4_batch_yyy05.pl,a2,no,71.3,no,corr,None,None,None,None
1351,exp_acyclic_indvary1_step4_batch_yyy06.pl,a6,no,44.77,no,corr,None,None,None,None
1352,exp_acyclic_indvary1_step4_batch_yyy06.pl,p5,no,45.21,no,corr,None,None,None,None
1353,exp_acyclic_indvary1_step4_batch_yyy06.pl,d3,no,44.7,no,corr,None,None,None,None
1354,exp_acyclic_indvary1_step4_batch_yyy06.pl,t3,no,44.84,no,corr,None,None,None,None
1355,exp_acyclic_indvary1_step4_batch_yyy06.pl,a4,no,44.53,no,corr,None,None,None,None
1356,exp_acyclic_indvary1_step4_batch_yyy06.pl,d2,no,69.15,no,corr,None,None,None,None
1357,exp_acyclic_indvary1_step4_batch_yyy06.pl,q1,yes,60.65,yes,corr,None,None,None,None
1358,exp_acyclic_indvary1_step4_batch_yyy06.pl,p1,no,45.23,no,corr,None,None,None,None
1359,exp_acyclic_indvary1_step4_batch_yyy06.pl,b6,no,44.84,no,corr,None,None,None,None
1360,exp_acyclic_indvary1_step4_batch_yyy06.pl,a1,yes,61.97,yes,corr,None,None,None,None
1361,exp_acyclic_indvary1_step4_batch_yyy07.pl,s3,yes,81.32,yes,corr,None,None,None,None
1362,exp_acyclic_indvary1_step4_batch_yyy07.pl,w2,no,76.39,no,corr,None,None,None,None
1363,exp_acyclic_indvary1_step4_batch_yyy07.pl,d3,no,76.21,no,corr,None,None,None,None
1364,exp_acyclic_indvary1_step4_batch_yyy07.pl,b4,no,76.16,no,corr,None,None,None,None
1365,exp_acyclic_indvary1_step4_batch_yyy07.pl,z1,no,76.67,no,corr,None,None,None,None
1366,exp_acyclic_indvary1_step4_batch_yyy07.pl,q4,yes,80.36,yes,corr,None,None,None,None
1367,exp_acyclic_indvary1_step4_batch_yyy07.pl,p3,yes,80.07,yes,corr,None,None,None,None
1368,exp_acyclic_indvary1_step4_batch_yyy07.pl,y1,no,76.21,no,corr,None,None,None,None
1369,exp_acyclic_indvary1_step4_batch_yyy07.pl,p1,yes,80.7,yes,corr,None,None,None,None
1370,exp_acyclic_indvary1_step4_batch_yyy07.pl,a2,yes,80.63,yes,corr,None,None,None,None
1371,exp_acyclic_indvary1_step4_batch_yyy08.pl,u5,no,46.58,no,corr,None,None,None,None
1372,exp_acyclic_indvary1_step4_batch_yyy08.pl,v2,no,46.9,no,corr,None,None,None,None
1373,exp_acyclic_indvary1_step4_batch_yyy08.pl,f1,no,64.55,no,corr,None,None,None,None
1374,exp_acyclic_indvary1_step4_batch_yyy08.pl,f3,no,46.84,no,corr,None,None,None,None
1375,exp_acyclic_indvary1_step4_batch_yyy08.pl,b6,no,46.9,no,corr,None,None,None,None
1376,exp_acyclic_indvary1_step4_batch_yyy08.pl,x4,no,46.85,no,corr,None,None,None,None
1377,exp_acyclic_indvary1_step4_batch_yyy08.pl,s4,no,47.32,no,corr,None,None,None,None
1378,exp_acyclic_indvary1_step4_batch_yyy08.pl,b3,no,47.37,no,corr,None,None,None,None
1379,exp_acyclic_indvary1_step4_batch_yyy08.pl,z4,no,47.45,no,corr,None,None,None,None
1380,exp_acyclic_indvary1_step4_batch_yyy08.pl,y3,no,47.38,no,corr,None,None,None,None
1381,exp_acyclic_indvary1_step4_batch_yyy09.pl,c3,yes,76.81,yes,corr,None,None,None,None
1382,exp_acyclic_indvary1_step4_batch_yyy09.pl,f5,no,50.21,no,corr,None,None,None,None
1383,exp_acyclic_indvary1_step4_batch_yyy09.pl,c1,yes,51.84,yes,corr,None,None,None,None
1384,exp_acyclic_indvary1_step4_batch_yyy09.pl,p2,no,131.08,no,corr,None,None,None,None
1385,exp_acyclic_indvary1_step4_batch_yyy09.pl,q3,no,69.99,no,corr,None,None,None,None
1386,exp_acyclic_indvary1_step4_batch_yyy09.pl,y2,no,73.38,no,corr,None,None,None,None
1387,exp_acyclic_indvary1_step4_batch_yyy09.pl,r2,yes,50.47,yes,corr,None,None,None,None
1388,exp_acyclic_indvary1_step4_batch_yyy09.pl,a1,yes,76.38,yes,corr,None,None,None,None
1389,exp_acyclic_indvary1_step4_batch_yyy09.pl,u2,no,50.02,no,corr,None,None,None,None
1390,exp_acyclic_indvary1_step4_batch_yyy09.pl,q1,no,75.43,no,corr,None,None,None,None
1391,exp_acyclic_indvary1_step4_batch_yyy10.pl,b2,yes,86.35,yes,corr,None,None,None,None
1392,exp_acyclic_indvary1_step4_batch_yyy10.pl,p5,no,86.34,no,corr,None,None,None,None
1393,exp_acyclic_indvary1_step4_batch_yyy10.pl,w5,no,85.41,no,corr,None,None,None,None
1394,exp_acyclic_indvary1_step4_batch_yyy10.pl,w4,no,85.33,no,corr,None,None,None,None
1395,exp_acyclic_indvary1_step4_batch_yyy10.pl,x5,no,82.04,no,corr,None,None,None,None
1396,exp_acyclic_indvary1_step4_batch_yyy10.pl,e3,no,81.58,no,corr,None,None,None,None
1397,exp_acyclic_indvary1_step4_batch_yyy10.pl,f4,no,82.52,no,corr,None,None,None,None
1398,exp_acyclic_indvary1_step4_batch_yyy10.pl,q3,yes,86.63,yes,corr,None,None,None,None
1399,exp_acyclic_indvary1_step4_batch_yyy10.pl,w2,yes,87.34,yes,corr,None,None,None,None
1400,exp_acyclic_indvary1_step4_batch_yyy10.pl,f1,yes,86.89,yes,corr,None,None,None,None
1401,exp_acyclic_indvary1_step5_batch_yyy01.pl,z5,no,60.97,no,corr,None,None,None,None
1402,exp_acyclic_indvary1_step5_batch_yyy01.pl,u1,no,60.03,no,corr,None,None,None,None
1403,exp_acyclic_indvary1_step5_batch_yyy01.pl,q5,no,60.29,no,corr,None,None,None,None
1404,exp_acyclic_indvary1_step5_batch_yyy01.pl,w4,no,59.98,no,corr,None,None,None,None
1405,exp_acyclic_indvary1_step5_batch_yyy01.pl,f4,no,60.36,no,corr,None,None,None,None
1406,exp_acyclic_indvary1_step5_batch_yyy01.pl,a2,yes,63.52,yes,corr,None,None,None,None
1407,exp_acyclic_indvary1_step5_batch_yyy01.pl,t4,no,59.34,no,corr,None,None,None,None
1408,exp_acyclic_indvary1_step5_batch_yyy01.pl,t5,no,60.46,no,corr,None,None,None,None
1409,exp_acyclic_indvary1_step5_batch_yyy01.pl,c6,no,60.15,no,corr,None,None,None,None
1410,exp_acyclic_indvary1_step5_batch_yyy01.pl,z2,yes,59.84,yes,corr,None,None,None,None
1411,exp_acyclic_indvary1_step5_batch_yyy02.pl,d5,no,66.98,no,corr,None,None,None,None
1412,exp_acyclic_indvary1_step5_batch_yyy02.pl,z5,no,66.5,no,corr,None,None,None,None
1413,exp_acyclic_indvary1_step5_batch_yyy02.pl,p4,yes,70.96,yes,corr,None,None,None,None
1414,exp_acyclic_indvary1_step5_batch_yyy02.pl,y3,no,66.56,no,corr,None,None,None,None
1415,exp_acyclic_indvary1_step5_batch_yyy02.pl,x4,yes,70.02,yes,corr,None,None,None,None
1416,exp_acyclic_indvary1_step5_batch_yyy02.pl,f2,no,66.33,no,corr,None,None,None,None
1417,exp_acyclic_indvary1_step5_batch_yyy02.pl,y1,no,65.84,no,corr,None,None,None,None
1418,exp_acyclic_indvary1_step5_batch_yyy02.pl,r1,no,109.23,no,corr,None,None,None,None
1419,exp_acyclic_indvary1_step5_batch_yyy02.pl,t1,no,66.97,no,corr,None,None,None,None
1420,exp_acyclic_indvary1_step5_batch_yyy02.pl,q1,no,66.27,no,corr,None,None,None,None
1421,exp_acyclic_indvary1_step5_batch_yyy03.pl,s3,no,42.21,no,corr,None,None,None,None
1422,exp_acyclic_indvary1_step5_batch_yyy03.pl,z5,no,42.45,no,corr,None,None,None,None
1423,exp_acyclic_indvary1_step5_batch_yyy03.pl,p4,no,42.6,no,corr,None,None,None,None
1424,exp_acyclic_indvary1_step5_batch_yyy03.pl,e5,no,42.24,no,corr,None,None,None,None
1425,exp_acyclic_indvary1_step5_batch_yyy03.pl,t3,yes,41.69,yes,corr,None,None,None,None
1426,exp_acyclic_indvary1_step5_batch_yyy03.pl,e4,no,42.64,no,corr,None,None,None,None
1427,exp_acyclic_indvary1_step5_batch_yyy03.pl,x1,no,42.3,no,corr,None,None,None,None
1428,exp_acyclic_indvary1_step5_batch_yyy03.pl,b6,no,42.58,no,corr,None,None,None,None
1429,exp_acyclic_indvary1_step5_batch_yyy03.pl,s4,yes,42.38,yes,corr,None,None,None,None
1430,exp_acyclic_indvary1_step5_batch_yyy03.pl,b3,no,42.26,no,corr,None,None,None,None
1431,exp_acyclic_indvary1_step5_batch_yyy04.pl,e1,yes,40.42,yes,corr,None,None,None,None
1432,exp_acyclic_indvary1_step5_batch_yyy04.pl,p4,yes,39.58,yes,corr,None,None,None,None
1433,exp_acyclic_indvary1_step5_batch_yyy04.pl,f1,no,55.36,no,corr,None,None,None,None
1434,exp_acyclic_indvary1_step5_batch_yyy04.pl,q4,yes,59.41,yes,corr,None,None,None,None
1435,exp_acyclic_indvary1_step5_batch_yyy04.pl,r5,no,41.04,no,corr,None,None,None,None
1436,exp_acyclic_indvary1_step5_batch_yyy04.pl,x5,no,40.97,no,corr,None,None,None,None
1437,exp_acyclic_indvary1_step5_batch_yyy04.pl,a3,no,40.46,no,corr,None,None,None,None
1438,exp_acyclic_indvary1_step5_batch_yyy04.pl,y2,no,54.78,no,corr,None,None,None,None
1439,exp_acyclic_indvary1_step5_batch_yyy04.pl,a1,no,40.84,no,corr,None,None,None,None
1440,exp_acyclic_indvary1_step5_batch_yyy04.pl,p1,no,40.11,no,corr,None,None,None,None
1441,exp_acyclic_indvary1_step5_batch_yyy05.pl,t5,no,58.83,no,corr,None,None,None,None
1442,exp_acyclic_indvary1_step5_batch_yyy05.pl,e1,yes,61.95,yes,corr,None,None,None,None
1443,exp_acyclic_indvary1_step5_batch_yyy05.pl,z1,no,58.89,no,corr,None,None,None,None
1444,exp_acyclic_indvary1_step5_batch_yyy05.pl,f5,no,58.63,no,corr,None,None,None,None
1445,exp_acyclic_indvary1_step5_batch_yyy05.pl,c1,yes,61.76,yes,corr,None,None,None,None
1446,exp_acyclic_indvary1_step5_batch_yyy05.pl,u3,yes,63.0,yes,corr,None,None,None,None
1447,exp_acyclic_indvary1_step5_batch_yyy05.pl,r2,no,59.04,no,corr,None,None,None,None
1448,exp_acyclic_indvary1_step5_batch_yyy05.pl,w3,no,59.4,no,corr,None,None,None,None
1449,exp_acyclic_indvary1_step5_batch_yyy05.pl,p4,yes,63.1,yes,corr,None,None,None,None
1450,exp_acyclic_indvary1_step5_batch_yyy05.pl,x3,no,59.63,no,corr,None,None,None,None
1451,exp_acyclic_indvary1_step5_batch_yyy06.pl,d3,no,41.32,no,corr,None,None,None,None
1452,exp_acyclic_indvary1_step5_batch_yyy06.pl,v1,yes,40.85,yes,corr,None,None,None,None
1453,exp_acyclic_indvary1_step5_batch_yyy06.pl,s1,no,41.59,no,corr,None,None,None,None
1454,exp_acyclic_indvary1_step5_batch_yyy06.pl,p2,yes,63.02,yes,corr,None,None,None,None
1455,exp_acyclic_indvary1_step5_batch_yyy06.pl,x4,yes,40.63,yes,corr,None,None,None,None
1456,exp_acyclic_indvary1_step5_batch_yyy06.pl,t5,no,41.42,no,corr,None,None,None,None
1457,exp_acyclic_indvary1_step5_batch_yyy06.pl,s3,yes,41.35,yes,corr,None,None,None,None
1458,exp_acyclic_indvary1_step5_batch_yyy06.pl,c4,no,41.12,no,corr,None,None,None,None
1459,exp_acyclic_indvary1_step5_batch_yyy06.pl,e3,no,40.88,no,corr,None,None,None,None
1460,exp_acyclic_indvary1_step5_batch_yyy06.pl,r4,no,68.66,no,corr,None,None,None,None
1461,exp_acyclic_indvary1_step5_batch_yyy07.pl,b2,yes,61.8,yes,corr,None,None,None,None
1462,exp_acyclic_indvary1_step5_batch_yyy07.pl,p4,no,61.58,no,corr,None,None,None,None
1463,exp_acyclic_indvary1_step5_batch_yyy07.pl,w5,no,44.27,no,corr,None,None,None,None
1464,exp_acyclic_indvary1_step5_batch_yyy07.pl,b1,yes,65.73,yes,corr,None,None,None,None
1465,exp_acyclic_indvary1_step5_batch_yyy07.pl,e3,no,44.9,no,corr,None,None,None,None
1466,exp_acyclic_indvary1_step5_batch_yyy07.pl,s1,no,59.81,no,corr,None,None,None,None
1467,exp_acyclic_indvary1_step5_batch_yyy07.pl,q3,no,44.82,no,corr,None,None,None,None
1468,exp_acyclic_indvary1_step5_batch_yyy07.pl,p1,yes,45.69,yes,corr,None,None,None,None
1469,exp_acyclic_indvary1_step5_batch_yyy07.pl,v1,no,45.48,no,corr,None,None,None,None
1470,exp_acyclic_indvary1_step5_batch_yyy07.pl,w1,yes,44.43,yes,corr,None,None,None,None
1471,exp_acyclic_indvary1_step5_batch_yyy08.pl,d4,no,55.0,no,corr,None,None,None,None
1472,exp_acyclic_indvary1_step5_batch_yyy08.pl,u1,no,54.49,no,corr,None,None,None,None
1473,exp_acyclic_indvary1_step5_batch_yyy08.pl,v5,no,55.05,no,corr,None,None,None,None
1474,exp_acyclic_indvary1_step5_batch_yyy08.pl,a4,no,53.57,no,corr,None,None,None,None
1475,exp_acyclic_indvary1_step5_batch_yyy08.pl,r5,no,52.09,no,corr,None,None,None,None
1476,exp_acyclic_indvary1_step5_batch_yyy08.pl,f3,no,52.03,no,corr,None,None,None,None
1477,exp_acyclic_indvary1_step5_batch_yyy08.pl,c6,no,52.22,no,corr,None,None,None,None
1478,exp_acyclic_indvary1_step5_batch_yyy08.pl,e3,no,51.85,no,corr,None,None,None,None
1479,exp_acyclic_indvary1_step5_batch_yyy08.pl,y2,no,51.29,no,corr,None,None,None,None
1480,exp_acyclic_indvary1_step5_batch_yyy08.pl,x1,yes,54.91,yes,corr,None,None,None,None
1481,exp_acyclic_indvary1_step5_batch_yyy09.pl,c4,no,56.82,no,corr,None,None,None,None
1482,exp_acyclic_indvary1_step5_batch_yyy09.pl,b2,yes,59.33,yes,corr,None,None,None,None
1483,exp_acyclic_indvary1_step5_batch_yyy09.pl,w5,no,56.16,no,corr,None,None,None,None
1484,exp_acyclic_indvary1_step5_batch_yyy09.pl,a5,no,55.92,no,corr,None,None,None,None
1485,exp_acyclic_indvary1_step5_batch_yyy09.pl,x2,no,56.08,no,corr,None,None,None,None
1486,exp_acyclic_indvary1_step5_batch_yyy09.pl,r5,no,56.11,no,corr,None,None,None,None
1487,exp_acyclic_indvary1_step5_batch_yyy09.pl,w1,yes,56.56,yes,corr,None,None,None,None
1488,exp_acyclic_indvary1_step5_batch_yyy09.pl,c1,no,56.61,no,corr,None,None,None,None
1489,exp_acyclic_indvary1_step5_batch_yyy09.pl,d2,no,56.57,no,corr,None,None,None,None
1490,exp_acyclic_indvary1_step5_batch_yyy09.pl,y2,yes,59.55,yes,corr,None,None,None,None
1491,exp_acyclic_indvary1_step5_batch_yyy10.pl,b3,no,63.96,no,corr,None,None,None,None
1492,exp_acyclic_indvary1_step5_batch_yyy10.pl,u4,yes,68.53,yes,corr,None,None,None,None
1493,exp_acyclic_indvary1_step5_batch_yyy10.pl,a5,no,64.72,no,corr,None,None,None,None
1494,exp_acyclic_indvary1_step5_batch_yyy10.pl,w1,no,64.38,no,corr,None,None,None,None
1495,exp_acyclic_indvary1_step5_batch_yyy10.pl,y1,yes,67.82,yes,corr,None,None,None,None
1496,exp_acyclic_indvary1_step5_batch_yyy10.pl,a3,yes,68.58,yes,corr,None,None,None,None
1497,exp_acyclic_indvary1_step5_batch_yyy10.pl,t1,yes,63.86,yes,corr,None,None,None,None
1498,exp_acyclic_indvary1_step5_batch_yyy10.pl,q2,no,64.37,no,corr,None,None,None,None
1499,exp_acyclic_indvary1_step5_batch_yyy10.pl,e3,no,64.42,no,corr,None,None,None,None
1500,exp_acyclic_indvary1_step5_batch_yyy10.pl,r4,no,63.72,no,corr,None,None,None,None
1501,exp_acyclic_indvary1_step6_batch_yyy01.pl,d5,no,52.99,no,corr,None,None,None,None
1502,exp_acyclic_indvary1_step6_batch_yyy01.pl,v2,no,53.01,no,corr,None,None,None,None
1503,exp_acyclic_indvary1_step6_batch_yyy01.pl,f1,no,53.42,no,corr,None,None,None,None
1504,exp_acyclic_indvary1_step6_batch_yyy01.pl,t3,no,52.93,no,corr,None,None,None,None
1505,exp_acyclic_indvary1_step6_batch_yyy01.pl,s2,no,53.19,no,corr,None,None,None,None
1506,exp_acyclic_indvary1_step6_batch_yyy01.pl,f3,no,53.14,no,corr,None,None,None,None
1507,exp_acyclic_indvary1_step6_batch_yyy01.pl,x5,no,52.3,no,corr,None,None,None,None
1508,exp_acyclic_indvary1_step6_batch_yyy01.pl,f4,no,53.26,no,corr,None,None,None,None
1509,exp_acyclic_indvary1_step6_batch_yyy01.pl,y2,no,52.78,no,corr,None,None,None,None
1510,exp_acyclic_indvary1_step6_batch_yyy01.pl,x4,yes,57.71,yes,corr,None,None,None,None
1511,exp_acyclic_indvary1_step6_batch_yyy02.pl,y4,no,42.54,no,corr,None,None,None,None
1512,exp_acyclic_indvary1_step6_batch_yyy02.pl,e5,no,42.22,no,corr,None,None,None,None
1513,exp_acyclic_indvary1_step6_batch_yyy02.pl,v5,no,61.21,no,corr,None,None,None,None
1514,exp_acyclic_indvary1_step6_batch_yyy02.pl,b1,yes,42.77,yes,corr,None,None,None,None
1515,exp_acyclic_indvary1_step6_batch_yyy02.pl,f5,no,42.94,no,corr,None,None,None,None
1516,exp_acyclic_indvary1_step6_batch_yyy02.pl,f3,no,42.12,no,corr,None,None,None,None
1517,exp_acyclic_indvary1_step6_batch_yyy02.pl,b5,no,41.95,no,corr,None,None,None,None
1518,exp_acyclic_indvary1_step6_batch_yyy02.pl,e3,no,42.78,no,corr,None,None,None,None
1519,exp_acyclic_indvary1_step6_batch_yyy02.pl,x4,no,42.09,no,corr,None,None,None,None
1520,exp_acyclic_indvary1_step6_batch_yyy02.pl,f2,no,58.62,no,corr,None,None,None,None
1521,exp_acyclic_indvary1_step6_batch_yyy03.pl,v2,no,56.13,no,corr,None,None,None,None
1522,exp_acyclic_indvary1_step6_batch_yyy03.pl,p5,no,56.24,no,corr,None,None,None,None
1523,exp_acyclic_indvary1_step6_batch_yyy03.pl,a5,no,56.11,no,corr,None,None,None,None
1524,exp_acyclic_indvary1_step6_batch_yyy03.pl,r5,no,55.83,no,corr,None,None,None,None
1525,exp_acyclic_indvary1_step6_batch_yyy03.pl,v1,no,56.95,no,corr,None,None,None,None
1526,exp_acyclic_indvary1_step6_batch_yyy03.pl,r4,no,56.43,no,corr,None,None,None,None
1527,exp_acyclic_indvary1_step6_batch_yyy03.pl,z3,no,55.86,no,corr,None,None,None,None
1528,exp_acyclic_indvary1_step6_batch_yyy03.pl,x1,no,56.22,no,corr,None,None,None,None
1529,exp_acyclic_indvary1_step6_batch_yyy03.pl,e2,yes,59.39,yes,corr,None,None,None,None
1530,exp_acyclic_indvary1_step6_batch_yyy03.pl,p1,no,56.27,no,corr,None,None,None,None
1531,exp_acyclic_indvary1_step6_batch_yyy04.pl,s3,no,62.05,no,corr,None,None,None,None
1532,exp_acyclic_indvary1_step6_batch_yyy04.pl,b2,yes,65.07,yes,corr,None,None,None,None
1533,exp_acyclic_indvary1_step6_batch_yyy04.pl,e1,no,61.67,no,corr,None,None,None,None
1534,exp_acyclic_indvary1_step6_batch_yyy04.pl,p5,yes,63.72,yes,corr,None,None,None,None
1535,exp_acyclic_indvary1_step6_batch_yyy04.pl,a5,no,61.03,no,corr,None,None,None,None
1536,exp_acyclic_indvary1_step6_batch_yyy04.pl,x2,no,61.59,no,corr,None,None,None,None
1537,exp_acyclic_indvary1_step6_batch_yyy04.pl,v1,no,61.82,no,corr,None,None,None,None
1538,exp_acyclic_indvary1_step6_batch_yyy04.pl,a3,yes,64.87,yes,corr,None,None,None,None
1539,exp_acyclic_indvary1_step6_batch_yyy04.pl,d1,yes,64.87,yes,corr,None,None,None,None
1540,exp_acyclic_indvary1_step6_batch_yyy04.pl,u2,yes,65.49,yes,corr,None,None,None,None
1541,exp_acyclic_indvary1_step6_batch_yyy05.pl,a6,no,44.6,no,corr,None,None,None,None
1542,exp_acyclic_indvary1_step6_batch_yyy05.pl,p5,no,44.07,no,corr,None,None,None,None
1543,exp_acyclic_indvary1_step6_batch_yyy05.pl,z4,no,44.38,no,corr,None,None,None,None
1544,exp_acyclic_indvary1_step6_batch_yyy05.pl,z2,no,84.49,no,corr,None,None,None,None
1545,exp_acyclic_indvary1_step6_batch_yyy05.pl,r4,no,43.86,no,corr,None,None,None,None
1546,exp_acyclic_indvary1_step6_batch_yyy05.pl,t4,yes,64.8,yes,corr,None,None,None,None
1547,exp_acyclic_indvary1_step6_batch_yyy05.pl,s3,no,44.44,no,corr,None,None,None,None
1548,exp_acyclic_indvary1_step6_batch_yyy05.pl,c4,no,44.61,no,corr,None,None,None,None
1549,exp_acyclic_indvary1_step6_batch_yyy05.pl,f4,no,44.23,no,corr,None,None,None,None
1550,exp_acyclic_indvary1_step6_batch_yyy05.pl,z3,no,44.38,no,corr,None,None,None,None
1551,exp_acyclic_indvary1_step6_batch_yyy06.pl,t5,yes,54.3,yes,corr,None,None,None,None
1552,exp_acyclic_indvary1_step6_batch_yyy06.pl,w2,yes,53.17,yes,corr,None,None,None,None
1553,exp_acyclic_indvary1_step6_batch_yyy06.pl,t3,no,53.44,no,corr,None,None,None,None
1554,exp_acyclic_indvary1_step6_batch_yyy06.pl,e4,no,52.97,no,corr,None,None,None,None
1555,exp_acyclic_indvary1_step6_batch_yyy06.pl,v1,no,53.4,no,corr,None,None,None,None
1556,exp_acyclic_indvary1_step6_batch_yyy06.pl,b5,no,53.62,no,corr,None,None,None,None
1557,exp_acyclic_indvary1_step6_batch_yyy06.pl,v4,no,53.54,no,corr,None,None,None,None
1558,exp_acyclic_indvary1_step6_batch_yyy06.pl,e3,no,53.04,no,corr,None,None,None,None
1559,exp_acyclic_indvary1_step6_batch_yyy06.pl,d1,yes,53.21,yes,corr,None,None,None,None
1560,exp_acyclic_indvary1_step6_batch_yyy06.pl,u2,no,52.21,no,corr,None,None,None,None
1561,exp_acyclic_indvary1_step6_batch_yyy07.pl,t5,no,61.92,no,corr,None,None,None,None
1562,exp_acyclic_indvary1_step6_batch_yyy07.pl,x3,no,62.53,no,corr,None,None,None,None
1563,exp_acyclic_indvary1_step6_batch_yyy07.pl,f1,yes,66.13,yes,corr,None,None,None,None
1564,exp_acyclic_indvary1_step6_batch_yyy07.pl,z4,no,62.52,no,corr,None,None,None,None
1565,exp_acyclic_indvary1_step6_batch_yyy07.pl,u3,no,62.58,no,corr,None,None,None,None
1566,exp_acyclic_indvary1_step6_batch_yyy07.pl,r2,no,62.03,no,corr,None,None,None,None
1567,exp_acyclic_indvary1_step6_batch_yyy07.pl,t1,no,62.13,no,corr,None,None,None,None
1568,exp_acyclic_indvary1_step6_batch_yyy07.pl,y5,no,65.75,no,corr,None,None,None,None
1569,exp_acyclic_indvary1_step6_batch_yyy07.pl,a2,yes,63.69,yes,corr,None,None,None,None
1570,exp_acyclic_indvary1_step6_batch_yyy07.pl,w3,no,78.15,no,corr,None,None,None,None
1571,exp_acyclic_indvary1_step6_batch_yyy08.pl,w5,yes,59.92,yes,corr,None,None,None,None
1572,exp_acyclic_indvary1_step6_batch_yyy08.pl,q5,yes,60.24,yes,corr,None,None,None,None
1573,exp_acyclic_indvary1_step6_batch_yyy08.pl,z4,no,56.89,no,corr,None,None,None,None
1574,exp_acyclic_indvary1_step6_batch_yyy08.pl,p3,yes,60.13,yes,corr,None,None,None,None
1575,exp_acyclic_indvary1_step6_batch_yyy08.pl,b5,no,57.28,no,corr,None,None,None,None
1576,exp_acyclic_indvary1_step6_batch_yyy08.pl,q2,yes,60.2,yes,corr,None,None,None,None
1577,exp_acyclic_indvary1_step6_batch_yyy08.pl,s4,no,56.63,no,corr,None,None,None,None
1578,exp_acyclic_indvary1_step6_batch_yyy08.pl,b3,yes,59.78,yes,corr,None,None,None,None
1579,exp_acyclic_indvary1_step6_batch_yyy08.pl,u3,no,56.41,no,corr,None,None,None,None
1580,exp_acyclic_indvary1_step6_batch_yyy08.pl,r4,no,58.98,no,corr,None,None,None,None
1581,exp_acyclic_indvary1_step6_batch_yyy09.pl,s4,yes,50.43,yes,corr,None,None,None,None
1582,exp_acyclic_indvary1_step6_batch_yyy09.pl,p4,no,49.81,no,corr,None,None,None,None
1583,exp_acyclic_indvary1_step6_batch_yyy09.pl,a4,no,50.5,no,corr,None,None,None,None
1584,exp_acyclic_indvary1_step6_batch_yyy09.pl,v1,yes,50.52,yes,corr,None,None,None,None
1585,exp_acyclic_indvary1_step6_batch_yyy09.pl,t2,no,50.42,no,corr,None,None,None,None
1586,exp_acyclic_indvary1_step6_batch_yyy09.pl,q2,no,49.91,no,corr,None,None,None,None
1587,exp_acyclic_indvary1_step6_batch_yyy09.pl,y1,no,77.83,no,corr,None,None,None,None
1588,exp_acyclic_indvary1_step6_batch_yyy09.pl,r1,no,49.87,no,corr,None,None,None,None
1589,exp_acyclic_indvary1_step6_batch_yyy09.pl,d1,yes,50.08,yes,corr,None,None,None,None
1590,exp_acyclic_indvary1_step6_batch_yyy09.pl,u2,no,49.9,no,corr,None,None,None,None
1591,exp_acyclic_indvary1_step6_batch_yyy10.pl,d5,no,47.46,no,corr,None,None,None,None
1592,exp_acyclic_indvary1_step6_batch_yyy10.pl,v5,yes,65.93,yes,corr,None,None,None,None
1593,exp_acyclic_indvary1_step6_batch_yyy10.pl,p3,no,47.7,no,corr,None,None,None,None
1594,exp_acyclic_indvary1_step6_batch_yyy10.pl,z2,no,46.62,no,corr,None,None,None,None
1595,exp_acyclic_indvary1_step6_batch_yyy10.pl,r3,no,47.08,no,corr,None,None,None,None
1596,exp_acyclic_indvary1_step6_batch_yyy10.pl,y5,no,47.63,no,corr,None,None,None,None
1597,exp_acyclic_indvary1_step6_batch_yyy10.pl,a2,yes,69.08,yes,corr,None,None,None,None
1598,exp_acyclic_indvary1_step6_batch_yyy10.pl,u3,no,46.99,no,corr,None,None,None,None
1599,exp_acyclic_indvary1_step6_batch_yyy10.pl,v4,no,46.72,no,corr,None,None,None,None
1600,exp_acyclic_indvary1_step6_batch_yyy10.pl,r4,yes,47.57,yes,corr,None,None,None,None
1601,exp_acyclic_indvary1_step7_batch_yyy01.pl,c4,no,39.38,no,corr,None,None,None,None
1602,exp_acyclic_indvary1_step7_batch_yyy01.pl,u1,no,39.13,no,corr,None,None,None,None
1603,exp_acyclic_indvary1_step7_batch_yyy01.pl,a5,no,39.39,no,corr,None,None,None,None
1604,exp_acyclic_indvary1_step7_batch_yyy01.pl,q4,no,38.61,no,corr,None,None,None,None
1605,exp_acyclic_indvary1_step7_batch_yyy01.pl,w4,no,69.79,no,corr,None,None,None,None
1606,exp_acyclic_indvary1_step7_batch_yyy01.pl,b5,no,38.7,no,corr,None,None,None,None
1607,exp_acyclic_indvary1_step7_batch_yyy01.pl,p2,no,39.06,no,corr,None,None,None,None
1608,exp_acyclic_indvary1_step7_batch_yyy01.pl,p1,no,38.44,no,corr,None,None,None,None
1609,exp_acyclic_indvary1_step7_batch_yyy01.pl,a2,yes,38.89,yes,corr,None,None,None,None
1610,exp_acyclic_indvary1_step7_batch_yyy01.pl,f2,no,52.25,no,corr,None,None,None,None
1611,exp_acyclic_indvary1_step7_batch_yyy02.pl,u6,no,59.35,no,corr,None,None,None,None
1612,exp_acyclic_indvary1_step7_batch_yyy02.pl,d4,no,59.86,no,corr,None,None,None,None
1613,exp_acyclic_indvary1_step7_batch_yyy02.pl,u1,no,60.36,no,corr,None,None,None,None
1614,exp_acyclic_indvary1_step7_batch_yyy02.pl,p1,no,148.38,no,corr,None,None,None,None
1615,exp_acyclic_indvary1_step7_batch_yyy02.pl,x4,no,60.11,no,corr,None,None,None,None
1616,exp_acyclic_indvary1_step7_batch_yyy02.pl,p6,no,60.28,no,corr,None,None,None,None
1617,exp_acyclic_indvary1_step7_batch_yyy02.pl,a6,no,59.7,no,corr,None,None,None,None
1618,exp_acyclic_indvary1_step7_batch_yyy02.pl,s4,no,60.15,no,corr,None,None,None,None
1619,exp_acyclic_indvary1_step7_batch_yyy02.pl,w4,no,60.04,no,corr,None,None,None,None
1620,exp_acyclic_indvary1_step7_batch_yyy02.pl,f3,no,60.27,no,corr,None,None,None,None
1621,exp_acyclic_indvary1_step7_batch_yyy03.pl,t4,no,66.0,no,corr,None,None,None,None
1622,exp_acyclic_indvary1_step7_batch_yyy03.pl,p5,no,66.6,no,corr,None,None,None,None
1623,exp_acyclic_indvary1_step7_batch_yyy03.pl,w6,no,64.21,no,corr,None,None,None,None
1624,exp_acyclic_indvary1_step7_batch_yyy03.pl,s6,no,65.79,no,corr,None,None,None,None
1625,exp_acyclic_indvary1_step7_batch_yyy03.pl,r1,no,66.29,no,corr,None,None,None,None
1626,exp_acyclic_indvary1_step7_batch_yyy03.pl,v3,yes,69.56,yes,corr,None,None,None,None
1627,exp_acyclic_indvary1_step7_batch_yyy03.pl,z5,no,66.25,no,corr,None,None,None,None
1628,exp_acyclic_indvary1_step7_batch_yyy03.pl,v2,no,66.36,no,corr,None,None,None,None
1629,exp_acyclic_indvary1_step7_batch_yyy03.pl,t6,no,66.11,no,corr,None,None,None,None
1630,exp_acyclic_indvary1_step7_batch_yyy03.pl,a5,no,66.14,no,corr,None,None,None,None
1631,exp_acyclic_indvary1_step7_batch_yyy04.pl,d4,no,41.67,no,corr,None,None,None,None
1632,exp_acyclic_indvary1_step7_batch_yyy04.pl,f1,yes,41.98,yes,corr,None,None,None,None
1633,exp_acyclic_indvary1_step7_batch_yyy04.pl,w5,no,41.52,no,corr,None,None,None,None
1634,exp_acyclic_indvary1_step7_batch_yyy04.pl,z1,no,41.41,no,corr,None,None,None,None
1635,exp_acyclic_indvary1_step7_batch_yyy04.pl,x2,no,41.72,no,corr,None,None,None,None
1636,exp_acyclic_indvary1_step7_batch_yyy04.pl,f3,no,41.49,no,corr,None,None,None,None
1637,exp_acyclic_indvary1_step7_batch_yyy04.pl,r1,no,41.97,no,corr,None,None,None,None
1638,exp_acyclic_indvary1_step7_batch_yyy04.pl,a3,no,77.5,no,corr,None,None,None,None
1639,exp_acyclic_indvary1_step7_batch_yyy04.pl,b6,no,41.77,no,corr,None,None,None,None
1640,exp_acyclic_indvary1_step7_batch_yyy04.pl,p6,yes,41.72,yes,corr,None,None,None,None
1641,exp_acyclic_indvary1_step7_batch_yyy05.pl,d4,no,51.43,no,corr,None,None,None,None
1642,exp_acyclic_indvary1_step7_batch_yyy05.pl,y3,no,52.69,no,corr,None,None,None,None
1643,exp_acyclic_indvary1_step7_batch_yyy05.pl,s6,no,51.88,no,corr,None,None,None,None
1644,exp_acyclic_indvary1_step7_batch_yyy05.pl,u3,no,51.69,no,corr,None,None,None,None
1645,exp_acyclic_indvary1_step7_batch_yyy05.pl,f4,no,51.97,no,corr,None,None,None,None
1646,exp_acyclic_indvary1_step7_batch_yyy05.pl,e2,no,69.57,no,corr,None,None,None,None
1647,exp_acyclic_indvary1_step7_batch_yyy05.pl,w3,no,51.08,no,corr,None,None,None,None
1648,exp_acyclic_indvary1_step7_batch_yyy05.pl,q2,no,51.14,no,corr,None,None,None,None
1649,exp_acyclic_indvary1_step7_batch_yyy05.pl,c5,no,52.29,no,corr,None,None,None,None
1650,exp_acyclic_indvary1_step7_batch_yyy05.pl,a5,no,51.37,no,corr,None,None,None,None
1651,exp_acyclic_indvary1_step7_batch_yyy06.pl,d5,no,51.21,no,corr,None,None,None,None
1652,exp_acyclic_indvary1_step7_batch_yyy06.pl,t4,no,50.99,no,corr,None,None,None,None
1653,exp_acyclic_indvary1_step7_batch_yyy06.pl,e1,no,51.22,no,corr,None,None,None,None
1654,exp_acyclic_indvary1_step7_batch_yyy06.pl,x3,no,50.93,no,corr,None,None,None,None
1655,exp_acyclic_indvary1_step7_batch_yyy06.pl,u4,no,50.37,no,corr,None,None,None,None
1656,exp_acyclic_indvary1_step7_batch_yyy06.pl,r1,no,50.71,no,corr,None,None,None,None
1657,exp_acyclic_indvary1_step7_batch_yyy06.pl,b6,no,50.58,no,corr,None,None,None,None
1658,exp_acyclic_indvary1_step7_batch_yyy06.pl,v3,yes,50.49,yes,corr,None,None,None,None
1659,exp_acyclic_indvary1_step7_batch_yyy06.pl,y6,no,50.64,no,corr,None,None,None,None
1660,exp_acyclic_indvary1_step7_batch_yyy06.pl,x4,no,51.74,no,corr,None,None,None,None
1661,exp_acyclic_indvary1_step7_batch_yyy07.pl,p4,no,43.05,no,corr,None,None,None,None
1662,exp_acyclic_indvary1_step7_batch_yyy07.pl,z1,no,42.89,no,corr,None,None,None,None
1663,exp_acyclic_indvary1_step7_batch_yyy07.pl,z4,yes,42.28,yes,corr,None,None,None,None
1664,exp_acyclic_indvary1_step7_batch_yyy07.pl,p2,no,43.15,no,corr,None,None,None,None
1665,exp_acyclic_indvary1_step7_batch_yyy07.pl,y2,no,42.67,no,corr,None,None,None,None
1666,exp_acyclic_indvary1_step7_batch_yyy07.pl,b5,no,42.8,no,corr,None,None,None,None
1667,exp_acyclic_indvary1_step7_batch_yyy07.pl,z2,no,42.84,no,corr,None,None,None,None
1668,exp_acyclic_indvary1_step7_batch_yyy07.pl,s6,no,42.5,no,corr,None,None,None,None
1669,exp_acyclic_indvary1_step7_batch_yyy07.pl,v4,no,42.74,no,corr,None,None,None,None
1670,exp_acyclic_indvary1_step7_batch_yyy07.pl,r4,no,42.37,no,corr,None,None,None,None
1671,exp_acyclic_indvary1_step7_batch_yyy08.pl,c4,no,42.04,no,corr,None,None,None,None
1672,exp_acyclic_indvary1_step7_batch_yyy08.pl,y4,no,41.86,no,corr,None,None,None,None
1673,exp_acyclic_indvary1_step7_batch_yyy08.pl,w5,no,42.53,no,corr,None,None,None,None
1674,exp_acyclic_indvary1_step7_batch_yyy08.pl,q5,no,41.97,no,corr,None,None,None,None
1675,exp_acyclic_indvary1_step7_batch_yyy08.pl,a5,no,42.28,no,corr,None,None,None,None
1676,exp_acyclic_indvary1_step7_batch_yyy08.pl,p3,no,42.56,no,corr,None,None,None,None
1677,exp_acyclic_indvary1_step7_batch_yyy08.pl,c1,no,42.11,no,corr,None,None,None,None
1678,exp_acyclic_indvary1_step7_batch_yyy08.pl,a3,yes,59.74,yes,corr,None,None,None,None
1679,exp_acyclic_indvary1_step7_batch_yyy08.pl,y5,no,42.09,no,corr,None,None,None,None
1680,exp_acyclic_indvary1_step7_batch_yyy08.pl,y6,no,63.89,no,corr,None,None,None,None
1681,exp_acyclic_indvary1_step7_batch_yyy09.pl,e1,no,62.72,no,corr,None,None,None,None
1682,exp_acyclic_indvary1_step7_batch_yyy09.pl,p2,no,62.25,no,corr,None,None,None,None
1683,exp_acyclic_indvary1_step7_batch_yyy09.pl,a1,yes,67.93,yes,corr,None,None,None,None
1684,exp_acyclic_indvary1_step7_batch_yyy09.pl,q2,yes,66.18,yes,corr,None,None,None,None
1685,exp_acyclic_indvary1_step7_batch_yyy09.pl,s2,no,62.38,no,corr,None,None,None,None
1686,exp_acyclic_indvary1_step7_batch_yyy09.pl,z1,no,63.2,no,corr,None,None,None,None
1687,exp_acyclic_indvary1_step7_batch_yyy09.pl,f4,no,62.57,no,corr,None,None,None,None
1688,exp_acyclic_indvary1_step7_batch_yyy09.pl,a3,yes,66.74,yes,corr,None,None,None,None
1689,exp_acyclic_indvary1_step7_batch_yyy09.pl,r3,yes,66.53,yes,corr,None,None,None,None
1690,exp_acyclic_indvary1_step7_batch_yyy09.pl,t1,no,62.8,no,corr,None,None,None,None
1691,exp_acyclic_indvary1_step7_batch_yyy10.pl,e5,no,63.53,no,corr,None,None,None,None
1692,exp_acyclic_indvary1_step7_batch_yyy10.pl,c2,yes,66.68,yes,corr,None,None,None,None
1693,exp_acyclic_indvary1_step7_batch_yyy10.pl,v1,no,63.03,no,corr,None,None,None,None
1694,exp_acyclic_indvary1_step7_batch_yyy10.pl,r2,no,63.55,no,corr,None,None,None,None
1695,exp_acyclic_indvary1_step7_batch_yyy10.pl,y5,no,63.64,no,corr,None,None,None,None
1696,exp_acyclic_indvary1_step7_batch_yyy10.pl,q2,no,67.93,no,corr,None,None,None,None
1697,exp_acyclic_indvary1_step7_batch_yyy10.pl,a4,no,62.41,no,corr,None,None,None,None
1698,exp_acyclic_indvary1_step7_batch_yyy10.pl,f5,no,63.46,no,corr,None,None,None,None
1699,exp_acyclic_indvary1_step7_batch_yyy10.pl,y1,yes,66.17,yes,corr,None,None,None,None
1700,exp_acyclic_indvary1_step7_batch_yyy10.pl,s1,no,62.45,no,corr,None,None,None,None
1701,exp_acyclic_indvary1_step8_batch_yyy01.pl,u5,no,35.08,no,corr,None,None,None,None
1702,exp_acyclic_indvary1_step8_batch_yyy01.pl,b3,yes,35.68,yes,corr,None,None,None,None
1703,exp_acyclic_indvary1_step8_batch_yyy01.pl,z2,no,35.07,no,corr,None,None,None,None
1704,exp_acyclic_indvary1_step8_batch_yyy01.pl,y6,no,35.11,no,corr,None,None,None,None
1705,exp_acyclic_indvary1_step8_batch_yyy01.pl,a2,yes,35.39,yes,corr,None,None,None,None
1706,exp_acyclic_indvary1_step8_batch_yyy01.pl,z1,yes,35.5,yes,corr,None,None,None,None
1707,exp_acyclic_indvary1_step8_batch_yyy01.pl,t6,no,36.11,no,corr,None,None,None,None
1708,exp_acyclic_indvary1_step8_batch_yyy01.pl,d1,yes,35.3,yes,corr,None,None,None,None
1709,exp_acyclic_indvary1_step8_batch_yyy01.pl,u2,no,35.01,no,corr,None,None,None,None
1710,exp_acyclic_indvary1_step8_batch_yyy01.pl,t1,no,35.13,no,corr,None,None,None,None
1711,exp_acyclic_indvary1_step8_batch_yyy02.pl,t4,yes,49.33,yes,corr,None,None,None,None
1712,exp_acyclic_indvary1_step8_batch_yyy02.pl,z5,yes,51.17,yes,corr,None,None,None,None
1713,exp_acyclic_indvary1_step8_batch_yyy02.pl,w2,no,48.79,no,corr,None,None,None,None
1714,exp_acyclic_indvary1_step8_batch_yyy02.pl,s2,yes,49.47,yes,corr,None,None,None,None
1715,exp_acyclic_indvary1_step8_batch_yyy02.pl,v4,yes,51.25,yes,corr,None,None,None,None
1716,exp_acyclic_indvary1_step8_batch_yyy02.pl,z3,no,48.91,no,corr,None,None,None,None
1717,exp_acyclic_indvary1_step8_batch_yyy02.pl,q1,no,49.11,no,corr,None,None,None,None
1718,exp_acyclic_indvary1_step8_batch_yyy02.pl,f2,no,48.61,no,corr,None,None,None,None
1719,exp_acyclic_indvary1_step8_batch_yyy02.pl,s4,no,48.2,no,corr,None,None,None,None
1720,exp_acyclic_indvary1_step8_batch_yyy02.pl,y4,no,48.44,no,corr,None,None,None,None
1721,exp_acyclic_indvary1_step8_batch_yyy03.pl,x7,no,40.03,no,corr,None,None,None,None
1722,exp_acyclic_indvary1_step8_batch_yyy03.pl,a4,no,39.24,no,corr,None,None,None,None
1723,exp_acyclic_indvary1_step8_batch_yyy03.pl,w1,yes,39.4,yes,corr,None,None,None,None
1724,exp_acyclic_indvary1_step8_batch_yyy03.pl,u3,yes,52.71,yes,corr,None,None,None,None
1725,exp_acyclic_indvary1_step8_batch_yyy03.pl,r1,no,39.48,no,corr,None,None,None,None
1726,exp_acyclic_indvary1_step8_batch_yyy03.pl,x4,no,40.06,no,corr,None,None,None,None
1727,exp_acyclic_indvary1_step8_batch_yyy03.pl,f2,yes,39.35,yes,corr,None,None,None,None
1728,exp_acyclic_indvary1_step8_batch_yyy03.pl,c1,yes,39.64,yes,corr,None,None,None,None
1729,exp_acyclic_indvary1_step8_batch_yyy03.pl,s6,no,39.96,no,corr,None,None,None,None
1730,exp_acyclic_indvary1_step8_batch_yyy03.pl,b5,no,40.03,no,corr,None,None,None,None
1731,exp_acyclic_indvary1_step8_batch_yyy04.pl,t5,no,43.02,no,corr,None,None,None,None
1732,exp_acyclic_indvary1_step8_batch_yyy04.pl,f1,yes,43.23,yes,corr,None,None,None,None
1733,exp_acyclic_indvary1_step8_batch_yyy04.pl,t3,no,43.36,no,corr,None,None,None,None
1734,exp_acyclic_indvary1_step8_batch_yyy04.pl,s2,no,42.71,no,corr,None,None,None,None
1735,exp_acyclic_indvary1_step8_batch_yyy04.pl,c6,no,42.44,no,corr,None,None,None,None
1736,exp_acyclic_indvary1_step8_batch_yyy04.pl,y6,no,42.76,no,corr,None,None,None,None
1737,exp_acyclic_indvary1_step8_batch_yyy04.pl,v2,no,57.03,no,corr,None,None,None,None
1738,exp_acyclic_indvary1_step8_batch_yyy04.pl,q6,yes,42.99,yes,corr,None,None,None,None
1739,exp_acyclic_indvary1_step8_batch_yyy04.pl,a4,no,42.5,no,corr,None,None,None,None
1740,exp_acyclic_indvary1_step8_batch_yyy04.pl,w6,no,42.6,no,corr,None,None,None,None
1741,exp_acyclic_indvary1_step8_batch_yyy05.pl,u5,no,38.15,no,corr,None,None,None,None
1742,exp_acyclic_indvary1_step8_batch_yyy05.pl,x2,no,38.76,no,corr,None,None,None,None
1743,exp_acyclic_indvary1_step8_batch_yyy05.pl,x1,no,38.38,no,corr,None,None,None,None
1744,exp_acyclic_indvary1_step8_batch_yyy05.pl,r2,no,38.35,no,corr,None,None,None,None
1745,exp_acyclic_indvary1_step8_batch_yyy05.pl,s4,no,38.76,no,corr,None,None,None,None
1746,exp_acyclic_indvary1_step8_batch_yyy05.pl,w7,yes,38.04,yes,corr,None,None,None,None
1747,exp_acyclic_indvary1_step8_batch_yyy05.pl,z4,no,38.65,no,corr,None,None,None,None
1748,exp_acyclic_indvary1_step8_batch_yyy05.pl,r5,no,38.21,no,corr,None,None,None,None
1749,exp_acyclic_indvary1_step8_batch_yyy05.pl,t7,no,38.91,no,corr,None,None,None,None
1750,exp_acyclic_indvary1_step8_batch_yyy05.pl,c6,no,38.87,no,corr,None,None,None,None
1751,exp_acyclic_indvary1_step8_batch_yyy06.pl,c3,yes,34.19,yes,corr,None,None,None,None
1752,exp_acyclic_indvary1_step8_batch_yyy06.pl,v6,no,34.99,no,corr,None,None,None,None
1753,exp_acyclic_indvary1_step8_batch_yyy06.pl,w5,no,34.92,no,corr,None,None,None,None
1754,exp_acyclic_indvary1_step8_batch_yyy06.pl,x2,yes,34.45,yes,corr,None,None,None,None
1755,exp_acyclic_indvary1_step8_batch_yyy06.pl,x6,no,34.34,no,corr,None,None,None,None
1756,exp_acyclic_indvary1_step8_batch_yyy06.pl,v3,no,34.65,no,corr,None,None,None,None
1757,exp_acyclic_indvary1_step8_batch_yyy06.pl,d1,no,46.23,no,corr,None,None,None,None
1758,exp_acyclic_indvary1_step8_batch_yyy06.pl,q7,no,34.2,no,corr,None,None,None,None
1759,exp_acyclic_indvary1_step8_batch_yyy06.pl,z5,no,34.67,no,corr,None,None,None,None
1760,exp_acyclic_indvary1_step8_batch_yyy06.pl,v2,no,35.03,no,corr,None,None,None,None
1761,exp_acyclic_indvary1_step8_batch_yyy07.pl,p5,no,52.96,no,corr,None,None,None,None
1762,exp_acyclic_indvary1_step8_batch_yyy07.pl,r6,yes,56.06,yes,corr,None,None,None,None
1763,exp_acyclic_indvary1_step8_batch_yyy07.pl,s2,yes,55.53,yes,corr,None,None,None,None
1764,exp_acyclic_indvary1_step8_batch_yyy07.pl,v1,no,53.6,no,corr,None,None,None,None
1765,exp_acyclic_indvary1_step8_batch_yyy07.pl,f3,no,52.58,no,corr,None,None,None,None
1766,exp_acyclic_indvary1_step8_batch_yyy07.pl,e3,no,52.63,no,corr,None,None,None,None
1767,exp_acyclic_indvary1_step8_batch_yyy07.pl,q7,no,53.32,no,corr,None,None,None,None
1768,exp_acyclic_indvary1_step8_batch_yyy07.pl,f2,yes,55.11,yes,corr,None,None,None,None
1769,exp_acyclic_indvary1_step8_batch_yyy07.pl,c3,yes,55.71,yes,corr,None,None,None,None
1770,exp_acyclic_indvary1_step8_batch_yyy07.pl,c4,no,52.57,no,corr,None,None,None,None
1771,exp_acyclic_indvary1_step8_batch_yyy08.pl,e5,no,54.1,no,corr,None,None,None,None
1772,exp_acyclic_indvary1_step8_batch_yyy08.pl,u4,no,54.71,no,corr,None,None,None,None
1773,exp_acyclic_indvary1_step8_batch_yyy08.pl,w5,no,54.22,no,corr,None,None,None,None
1774,exp_acyclic_indvary1_step8_batch_yyy08.pl,c2,yes,57.53,yes,corr,None,None,None,None
1775,exp_acyclic_indvary1_step8_batch_yyy08.pl,q4,no,54.6,no,corr,None,None,None,None
1776,exp_acyclic_indvary1_step8_batch_yyy08.pl,f5,no,54.02,no,corr,None,None,None,None
1777,exp_acyclic_indvary1_step8_batch_yyy08.pl,r4,yes,54.54,yes,corr,None,None,None,None
1778,exp_acyclic_indvary1_step8_batch_yyy08.pl,z3,no,54.35,no,corr,None,None,None,None
1779,exp_acyclic_indvary1_step8_batch_yyy08.pl,y2,no,93.55,no,corr,None,None,None,None
1780,exp_acyclic_indvary1_step8_batch_yyy08.pl,q1,no,53.97,no,corr,None,None,None,None
1781,exp_acyclic_indvary1_step8_batch_yyy09.pl,c4,no,41.67,no,corr,None,None,None,None
1782,exp_acyclic_indvary1_step8_batch_yyy09.pl,s4,no,41.64,no,corr,None,None,None,None
1783,exp_acyclic_indvary1_step8_batch_yyy09.pl,e1,yes,42.88,yes,corr,None,None,None,None
1784,exp_acyclic_indvary1_step8_batch_yyy09.pl,e5,no,41.06,no,corr,None,None,None,None
1785,exp_acyclic_indvary1_step8_batch_yyy09.pl,d3,no,41.55,no,corr,None,None,None,None
1786,exp_acyclic_indvary1_step8_batch_yyy09.pl,a4,no,41.65,no,corr,None,None,None,None
1787,exp_acyclic_indvary1_step8_batch_yyy09.pl,x5,no,42.3,no,corr,None,None,None,None
1788,exp_acyclic_indvary1_step8_batch_yyy09.pl,w3,no,41.13,no,corr,None,None,None,None
1789,exp_acyclic_indvary1_step8_batch_yyy09.pl,s2,no,41.59,no,corr,None,None,None,None
1790,exp_acyclic_indvary1_step8_batch_yyy09.pl,z1,no,66.96,no,corr,None,None,None,None
1791,exp_acyclic_indvary1_step8_batch_yyy10.pl,p4,no,70.05,no,corr,None,None,None,None
1792,exp_acyclic_indvary1_step8_batch_yyy10.pl,b4,no,70.0,no,corr,None,None,None,None
1793,exp_acyclic_indvary1_step8_batch_yyy10.pl,c5,no,70.19,no,corr,None,None,None,None
1794,exp_acyclic_indvary1_step8_batch_yyy10.pl,t2,no,75.75,no,corr,None,None,None,None
1795,exp_acyclic_indvary1_step8_batch_yyy10.pl,u3,yes,71.04,yes,corr,None,None,None,None
1796,exp_acyclic_indvary1_step8_batch_yyy10.pl,r7,no,70.67,no,corr,None,None,None,None
1797,exp_acyclic_indvary1_step8_batch_yyy10.pl,q7,no,70.02,no,corr,None,None,None,None
1798,exp_acyclic_indvary1_step8_batch_yyy10.pl,a2,yes,75.24,yes,corr,None,None,None,None
1799,exp_acyclic_indvary1_step8_batch_yyy10.pl,u5,no,70.46,no,corr,None,None,None,None
1800,exp_acyclic_indvary1_step8_batch_yyy10.pl,d5,no,70.05,no,corr,None,None,None,None
1801,exp_acyclic_indvary2_step1_batch_yyy01.pl,d5,no,75.29,no,corr,None,None,None,None
1802,exp_acyclic_indvary2_step1_batch_yyy01.pl,c4,no,74.98,no,corr,None,None,None,None
1803,exp_acyclic_indvary2_step1_batch_yyy01.pl,t3,no,75.03,no,corr,None,None,None,None
1804,exp_acyclic_indvary2_step1_batch_yyy01.pl,t6,no,75.39,no,corr,None,None,None,None
1805,exp_acyclic_indvary2_step1_batch_yyy01.pl,p1,yes,74.81,yes,corr,None,None,None,None
1806,exp_acyclic_indvary2_step1_batch_yyy01.pl,x4,no,75.06,no,corr,None,None,None,None
1807,exp_acyclic_indvary2_step1_batch_yyy01.pl,p4,no,75.28,no,corr,None,None,None,None
1808,exp_acyclic_indvary2_step1_batch_yyy01.pl,x3,no,74.83,no,corr,None,None,None,None
1809,exp_acyclic_indvary2_step1_batch_yyy01.pl,t2,yes,75.62,yes,corr,None,None,None,None
1810,exp_acyclic_indvary2_step1_batch_yyy01.pl,b5,no,74.82,no,corr,None,None,None,None
1811,exp_acyclic_indvary2_step1_batch_yyy02.pl,d5,no,58.61,no,corr,None,None,None,None
1812,exp_acyclic_indvary2_step1_batch_yyy02.pl,s3,no,58.53,no,corr,None,None,None,None
1813,exp_acyclic_indvary2_step1_batch_yyy02.pl,b3,no,74.63,no,corr,None,None,None,None
1814,exp_acyclic_indvary2_step1_batch_yyy02.pl,p5,no,58.11,no,corr,None,None,None,None
1815,exp_acyclic_indvary2_step1_batch_yyy02.pl,x7,no,58.03,no,corr,None,None,None,None
1816,exp_acyclic_indvary2_step1_batch_yyy02.pl,r4,no,57.91,no,corr,None,None,None,None
1817,exp_acyclic_indvary2_step1_batch_yyy02.pl,z3,no,58.28,no,corr,None,None,None,None
1818,exp_acyclic_indvary2_step1_batch_yyy02.pl,w3,no,58.31,no,corr,None,None,None,None
1819,exp_acyclic_indvary2_step1_batch_yyy02.pl,u2,yes,61.3,yes,corr,None,None,None,None
1820,exp_acyclic_indvary2_step1_batch_yyy02.pl,t1,yes,70.96,yes,corr,None,None,None,None
1821,exp_acyclic_indvary2_step1_batch_yyy03.pl,u6,no,80.29,no,corr,None,None,None,None
1822,exp_acyclic_indvary2_step1_batch_yyy03.pl,t5,no,80.54,no,corr,None,None,None,None
1823,exp_acyclic_indvary2_step1_batch_yyy03.pl,y4,no,80.26,no,corr,None,None,None,None
1824,exp_acyclic_indvary2_step1_batch_yyy03.pl,s5,no,80.22,no,corr,None,None,None,None
1825,exp_acyclic_indvary2_step1_batch_yyy03.pl,c5,no,80.18,no,corr,None,None,None,None
1826,exp_acyclic_indvary2_step1_batch_yyy03.pl,e4,no,79.49,no,corr,None,None,None,None
1827,exp_acyclic_indvary2_step1_batch_yyy03.pl,v4,no,80.18,no,corr,None,None,None,None
1828,exp_acyclic_indvary2_step1_batch_yyy03.pl,v6,no,79.63,no,corr,None,None,None,None
1829,exp_acyclic_indvary2_step1_batch_yyy03.pl,u1,no,78.76,no,corr,None,None,None,None
1830,exp_acyclic_indvary2_step1_batch_yyy03.pl,f1,yes,84.48,yes,corr,None,None,None,None
1831,exp_acyclic_indvary2_step1_batch_yyy04.pl,c3,no,70.51,no,corr,None,None,None,None
1832,exp_acyclic_indvary2_step1_batch_yyy04.pl,q6,no,47.75,no,corr,None,None,None,None
1833,exp_acyclic_indvary2_step1_batch_yyy04.pl,x3,no,47.94,no,corr,None,None,None,None
1834,exp_acyclic_indvary2_step1_batch_yyy04.pl,c5,no,47.14,no,corr,None,None,None,None
1835,exp_acyclic_indvary2_step1_batch_yyy04.pl,q4,no,47.86,no,corr,None,None,None,None
1836,exp_acyclic_indvary2_step1_batch_yyy04.pl,v4,no,48.11,no,corr,None,None,None,None
1837,exp_acyclic_indvary2_step1_batch_yyy04.pl,y2,no,47.27,no,corr,None,None,None,None
1838,exp_acyclic_indvary2_step1_batch_yyy04.pl,r7,no,47.84,no,corr,None,None,None,None
1839,exp_acyclic_indvary2_step1_batch_yyy04.pl,q7,no,47.86,no,corr,None,None,None,None
1840,exp_acyclic_indvary2_step1_batch_yyy04.pl,x4,no,47.86,no,corr,None,None,None,None
1841,exp_acyclic_indvary2_step1_batch_yyy05.pl,s3,no,53.77,no,corr,None,None,None,None
1842,exp_acyclic_indvary2_step1_batch_yyy05.pl,y4,no,53.84,no,corr,None,None,None,None
1843,exp_acyclic_indvary2_step1_batch_yyy05.pl,v2,yes,56.81,yes,corr,None,None,None,None
1844,exp_acyclic_indvary2_step1_batch_yyy05.pl,u7,no,54.48,no,corr,None,None,None,None
1845,exp_acyclic_indvary2_step1_batch_yyy05.pl,x7,no,54.46,no,corr,None,None,None,None
1846,exp_acyclic_indvary2_step1_batch_yyy05.pl,x2,yes,57.42,yes,corr,None,None,None,None
1847,exp_acyclic_indvary2_step1_batch_yyy05.pl,r5,no,53.95,no,corr,None,None,None,None
1848,exp_acyclic_indvary2_step1_batch_yyy05.pl,a2,no,54.31,no,corr,None,None,None,None
1849,exp_acyclic_indvary2_step1_batch_yyy05.pl,s2,no,54.12,no,corr,None,None,None,None
1850,exp_acyclic_indvary2_step1_batch_yyy05.pl,b1,no,57.23,no,corr,None,None,None,None
1851,exp_acyclic_indvary2_step1_batch_yyy06.pl,q5,no,42.27,no,corr,None,None,None,None
1852,exp_acyclic_indvary2_step1_batch_yyy06.pl,c2,yes,62.18,yes,corr,None,None,None,None
1853,exp_acyclic_indvary2_step1_batch_yyy06.pl,y3,no,41.91,no,corr,None,None,None,None
1854,exp_acyclic_indvary2_step1_batch_yyy06.pl,t2,no,62.1,no,corr,None,None,None,None
1855,exp_acyclic_indvary2_step1_batch_yyy06.pl,u3,no,43.0,no,corr,None,None,None,None
1856,exp_acyclic_indvary2_step1_batch_yyy06.pl,s1,yes,42.54,yes,corr,None,None,None,None
1857,exp_acyclic_indvary2_step1_batch_yyy06.pl,z3,no,42.07,no,corr,None,None,None,None
1858,exp_acyclic_indvary2_step1_batch_yyy06.pl,r7,no,42.52,no,corr,None,None,None,None
1859,exp_acyclic_indvary2_step1_batch_yyy06.pl,y4,no,42.32,no,corr,None,None,None,None
1860,exp_acyclic_indvary2_step1_batch_yyy06.pl,v7,no,42.66,no,corr,None,None,None,None
1861,exp_acyclic_indvary2_step1_batch_yyy07.pl,d5,no,64.58,no,corr,None,None,None,None
1862,exp_acyclic_indvary2_step1_batch_yyy07.pl,a6,no,64.95,no,corr,None,None,None,None
1863,exp_acyclic_indvary2_step1_batch_yyy07.pl,e1,yes,69.61,yes,corr,None,None,None,None
1864,exp_acyclic_indvary2_step1_batch_yyy07.pl,c5,no,65.38,no,corr,None,None,None,None
1865,exp_acyclic_indvary2_step1_batch_yyy07.pl,y3,no,65.4,no,corr,None,None,None,None
1866,exp_acyclic_indvary2_step1_batch_yyy07.pl,w4,no,64.79,no,corr,None,None,None,None
1867,exp_acyclic_indvary2_step1_batch_yyy07.pl,q1,no,64.61,no,corr,None,None,None,None
1868,exp_acyclic_indvary2_step1_batch_yyy07.pl,w3,no,64.74,no,corr,None,None,None,None
1869,exp_acyclic_indvary2_step1_batch_yyy07.pl,c3,yes,68.31,yes,corr,None,None,None,None
1870,exp_acyclic_indvary2_step1_batch_yyy07.pl,t4,no,65.14,no,corr,None,None,None,None
1871,exp_acyclic_indvary2_step1_batch_yyy08.pl,w2,no,147.35,no,corr,None,None,None,None
1872,exp_acyclic_indvary2_step1_batch_yyy08.pl,s2,yes,76.18,yes,corr,None,None,None,None
1873,exp_acyclic_indvary2_step1_batch_yyy08.pl,y5,no,72.06,no,corr,None,None,None,None
1874,exp_acyclic_indvary2_step1_batch_yyy08.pl,a6,no,72.52,no,corr,None,None,None,None
1875,exp_acyclic_indvary2_step1_batch_yyy08.pl,b3,yes,76.33,yes,corr,None,None,None,None
1876,exp_acyclic_indvary2_step1_batch_yyy08.pl,y4,no,72.38,no,corr,None,None,None,None
1877,exp_acyclic_indvary2_step1_batch_yyy08.pl,z4,no,71.72,no,corr,None,None,None,None
1878,exp_acyclic_indvary2_step1_batch_yyy08.pl,r5,no,72.69,no,corr,None,None,None,None
1879,exp_acyclic_indvary2_step1_batch_yyy08.pl,r2,yes,76.35,yes,corr,None,None,None,None
1880,exp_acyclic_indvary2_step1_batch_yyy08.pl,a1,yes,76.17,yes,corr,None,None,None,None
1881,exp_acyclic_indvary2_step1_batch_yyy09.pl,z6,no,65.95,no,corr,None,None,None,None
1882,exp_acyclic_indvary2_step1_batch_yyy09.pl,t3,no,66.21,no,corr,None,None,None,None
1883,exp_acyclic_indvary2_step1_batch_yyy09.pl,u5,no,65.7,no,corr,None,None,None,None
1884,exp_acyclic_indvary2_step1_batch_yyy09.pl,d5,no,65.89,no,corr,None,None,None,None
1885,exp_acyclic_indvary2_step1_batch_yyy09.pl,w2,no,65.65,no,corr,None,None,None,None
1886,exp_acyclic_indvary2_step1_batch_yyy09.pl,e5,no,65.43,no,corr,None,None,None,None
1887,exp_acyclic_indvary2_step1_batch_yyy09.pl,b6,no,65.88,no,corr,None,None,None,None
1888,exp_acyclic_indvary2_step1_batch_yyy09.pl,a1,yes,73.37,yes,corr,None,None,None,None
1889,exp_acyclic_indvary2_step1_batch_yyy09.pl,u2,yes,69.78,yes,corr,None,None,None,None
1890,exp_acyclic_indvary2_step1_batch_yyy09.pl,q1,no,65.94,no,corr,None,None,None,None
1891,exp_acyclic_indvary2_step1_batch_yyy10.pl,w7,no,75.85,no,corr,None,None,None,None
1892,exp_acyclic_indvary2_step1_batch_yyy10.pl,f1,yes,80.34,yes,corr,None,None,None,None
1893,exp_acyclic_indvary2_step1_batch_yyy10.pl,d3,no,75.84,no,corr,None,None,None,None
1894,exp_acyclic_indvary2_step1_batch_yyy10.pl,u7,no,76.84,no,corr,None,None,None,None
1895,exp_acyclic_indvary2_step1_batch_yyy10.pl,x2,yes,77.34,yes,corr,None,None,None,None
1896,exp_acyclic_indvary2_step1_batch_yyy10.pl,u3,no,76.42,no,corr,None,None,None,None
1897,exp_acyclic_indvary2_step1_batch_yyy10.pl,r7,no,75.96,no,corr,None,None,None,None
1898,exp_acyclic_indvary2_step1_batch_yyy10.pl,y5,no,75.89,no,corr,None,None,None,None
1899,exp_acyclic_indvary2_step1_batch_yyy10.pl,c1,yes,80.6,yes,corr,None,None,None,None
1900,exp_acyclic_indvary2_step1_batch_yyy10.pl,z2,yes,78.72,yes,corr,None,None,None,None
1901,exp_acyclic_indvary2_step2_batch_yyy01.pl,u6,no,119.46,no,corr,None,None,None,None
1902,exp_acyclic_indvary2_step2_batch_yyy01.pl,t4,no,119.47,no,corr,None,None,None,None
1903,exp_acyclic_indvary2_step2_batch_yyy01.pl,b2,yes,120.99,yes,corr,None,None,None,None
1904,exp_acyclic_indvary2_step2_batch_yyy01.pl,y4,no,119.67,no,corr,None,None,None,None
1905,exp_acyclic_indvary2_step2_batch_yyy01.pl,p3,no,119.16,no,corr,None,None,None,None
1906,exp_acyclic_indvary2_step2_batch_yyy01.pl,f3,no,119.43,no,corr,None,None,None,None
1907,exp_acyclic_indvary2_step2_batch_yyy01.pl,u2,no,118.83,no,corr,None,None,None,None
1908,exp_acyclic_indvary2_step2_batch_yyy01.pl,r2,yes,125.75,yes,corr,None,None,None,None
1909,exp_acyclic_indvary2_step2_batch_yyy01.pl,r7,no,118.59,no,corr,None,None,None,None
1910,exp_acyclic_indvary2_step2_batch_yyy01.pl,a1,yes,121.12,yes,corr,None,None,None,None
1911,exp_acyclic_indvary2_step2_batch_yyy02.pl,v2,yes,116.48,yes,corr,None,None,None,None
1912,exp_acyclic_indvary2_step2_batch_yyy02.pl,x7,no,111.06,no,corr,None,None,None,None
1913,exp_acyclic_indvary2_step2_batch_yyy02.pl,z4,no,110.83,no,corr,None,None,None,None
1914,exp_acyclic_indvary2_step2_batch_yyy02.pl,q1,yes,117.13,yes,corr,None,None,None,None
1915,exp_acyclic_indvary2_step2_batch_yyy02.pl,p4,no,110.56,no,corr,None,None,None,None
1916,exp_acyclic_indvary2_step2_batch_yyy02.pl,x3,no,110.61,no,corr,None,None,None,None
1917,exp_acyclic_indvary2_step2_batch_yyy02.pl,v6,no,111.79,no,corr,None,None,None,None
1918,exp_acyclic_indvary2_step2_batch_yyy02.pl,f1,no,149.03,no,corr,None,None,None,None
1919,exp_acyclic_indvary2_step2_batch_yyy02.pl,x4,no,111.32,no,corr,None,None,None,None
1920,exp_acyclic_indvary2_step2_batch_yyy02.pl,w3,no,111.08,no,corr,None,None,None,None
1921,exp_acyclic_indvary2_step2_batch_yyy03.pl,d5,no,147.64,no,corr,None,None,None,None
1922,exp_acyclic_indvary2_step2_batch_yyy03.pl,y4,no,148.37,no,corr,None,None,None,None
1923,exp_acyclic_indvary2_step2_batch_yyy03.pl,p4,no,148.65,no,corr,None,None,None,None
1924,exp_acyclic_indvary2_step2_batch_yyy03.pl,z1,yes,156.52,yes,corr,None,None,None,None
1925,exp_acyclic_indvary2_step2_batch_yyy03.pl,w6,no,148.35,no,corr,None,None,None,None
1926,exp_acyclic_indvary2_step2_batch_yyy03.pl,c6,no,148.53,no,corr,None,None,None,None
1927,exp_acyclic_indvary2_step2_batch_yyy03.pl,f4,no,147.97,no,corr,None,None,None,None
1928,exp_acyclic_indvary2_step2_batch_yyy03.pl,r3,yes,156.5,yes,corr,None,None,None,None
1929,exp_acyclic_indvary2_step2_batch_yyy03.pl,q7,no,149.01,no,corr,None,None,None,None
1930,exp_acyclic_indvary2_step2_batch_yyy03.pl,f2,no,149.38,no,corr,None,None,None,None
1931,exp_acyclic_indvary2_step2_batch_yyy04.pl,t4,no,142.69,no,corr,None,None,None,None
1932,exp_acyclic_indvary2_step2_batch_yyy04.pl,b2,no,154.7,no,corr,None,None,None,None
1933,exp_acyclic_indvary2_step2_batch_yyy04.pl,y4,no,141.92,no,corr,None,None,None,None
1934,exp_acyclic_indvary2_step2_batch_yyy04.pl,f1,yes,136.99,yes,corr,None,None,None,None
1935,exp_acyclic_indvary2_step2_batch_yyy04.pl,v5,no,142.36,no,corr,None,None,None,None
1936,exp_acyclic_indvary2_step2_batch_yyy04.pl,c2,no,135.35,no,corr,None,None,None,None
1937,exp_acyclic_indvary2_step2_batch_yyy04.pl,e4,no,142.16,no,corr,None,None,None,None
1938,exp_acyclic_indvary2_step2_batch_yyy04.pl,t7,no,142.98,no,corr,None,None,None,None
1939,exp_acyclic_indvary2_step2_batch_yyy04.pl,p2,no,142.33,no,corr,None,None,None,None
1940,exp_acyclic_indvary2_step2_batch_yyy04.pl,a3,yes,143.6,yes,corr,None,None,None,None
1941,exp_acyclic_indvary2_step2_batch_yyy05.pl,t4,no,144.47,no,corr,None,None,None,None
1942,exp_acyclic_indvary2_step2_batch_yyy05.pl,z6,no,144.08,no,corr,None,None,None,None
1943,exp_acyclic_indvary2_step2_batch_yyy05.pl,f1,yes,141.67,yes,corr,None,None,None,None
1944,exp_acyclic_indvary2_step2_batch_yyy05.pl,v5,no,143.92,no,corr,None,None,None,None
1945,exp_acyclic_indvary2_step2_batch_yyy05.pl,w1,no,143.44,no,corr,None,None,None,None
1946,exp_acyclic_indvary2_step2_batch_yyy05.pl,e3,no,144.16,no,corr,None,None,None,None
1947,exp_acyclic_indvary2_step2_batch_yyy05.pl,e2,no,134.28,no,corr,None,None,None,None
1948,exp_acyclic_indvary2_step2_batch_yyy05.pl,q7,no,143.6,no,corr,None,None,None,None
1949,exp_acyclic_indvary2_step2_batch_yyy05.pl,b3,yes,143.26,yes,corr,None,None,None,None
1950,exp_acyclic_indvary2_step2_batch_yyy05.pl,v7,no,143.81,no,corr,None,None,None,None
1951,exp_acyclic_indvary2_step2_batch_yyy06.pl,c3,no,175.52,no,corr,None,None,None,None
1952,exp_acyclic_indvary2_step2_batch_yyy06.pl,y4,no,116.46,no,corr,None,None,None,None
1953,exp_acyclic_indvary2_step2_batch_yyy06.pl,v6,no,115.81,no,corr,None,None,None,None
1954,exp_acyclic_indvary2_step2_batch_yyy06.pl,w1,yes,116.88,yes,corr,None,None,None,None
1955,exp_acyclic_indvary2_step2_batch_yyy06.pl,b5,no,115.54,no,corr,None,None,None,None
1956,exp_acyclic_indvary2_step2_batch_yyy06.pl,z3,no,116.36,no,corr,None,None,None,None
1957,exp_acyclic_indvary2_step2_batch_yyy06.pl,p7,no,116.01,no,corr,None,None,None,None
1958,exp_acyclic_indvary2_step2_batch_yyy06.pl,p5,no,115.77,no,corr,None,None,None,None
1959,exp_acyclic_indvary2_step2_batch_yyy06.pl,e2,no,169.82,no,corr,None,None,None,None
1960,exp_acyclic_indvary2_step2_batch_yyy06.pl,r3,no,233.33,no,corr,None,None,None,None
1961,exp_acyclic_indvary2_step2_batch_yyy07.pl,t5,no,126.93,no,corr,None,None,None,None
1962,exp_acyclic_indvary2_step2_batch_yyy07.pl,y4,no,127.16,no,corr,None,None,None,None
1963,exp_acyclic_indvary2_step2_batch_yyy07.pl,v5,no,126.83,no,corr,None,None,None,None
1964,exp_acyclic_indvary2_step2_batch_yyy07.pl,a4,no,127.55,no,corr,None,None,None,None
1965,exp_acyclic_indvary2_step2_batch_yyy07.pl,z4,no,126.56,no,corr,None,None,None,None
1966,exp_acyclic_indvary2_step2_batch_yyy07.pl,u3,no,126.47,no,corr,None,None,None,None
1967,exp_acyclic_indvary2_step2_batch_yyy07.pl,t1,yes,129.75,yes,corr,None,None,None,None
1968,exp_acyclic_indvary2_step2_batch_yyy07.pl,p6,no,127.35,no,corr,None,None,None,None
1969,exp_acyclic_indvary2_step2_batch_yyy07.pl,r2,yes,128.86,yes,corr,None,None,None,None
1970,exp_acyclic_indvary2_step2_batch_yyy07.pl,a1,no,126.62,no,corr,None,None,None,None
1971,exp_acyclic_indvary2_step2_batch_yyy08.pl,d5,no,107.18,no,corr,None,None,None,None
1972,exp_acyclic_indvary2_step2_batch_yyy08.pl,v7,no,107.19,no,corr,None,None,None,None
1973,exp_acyclic_indvary2_step2_batch_yyy08.pl,u1,yes,113.78,yes,corr,None,None,None,None
1974,exp_acyclic_indvary2_step2_batch_yyy08.pl,c5,no,107.0,no,corr,None,None,None,None
1975,exp_acyclic_indvary2_step2_batch_yyy08.pl,x2,no,107.1,no,corr,None,None,None,None
1976,exp_acyclic_indvary2_step2_batch_yyy08.pl,a3,no,110.9,no,corr,None,None,None,None
1977,exp_acyclic_indvary2_step2_batch_yyy08.pl,q7,no,106.61,no,corr,None,None,None,None
1978,exp_acyclic_indvary2_step2_batch_yyy08.pl,x5,no,106.96,no,corr,None,None,None,None
1979,exp_acyclic_indvary2_step2_batch_yyy08.pl,z2,yes,114.09,yes,corr,None,None,None,None
1980,exp_acyclic_indvary2_step2_batch_yyy08.pl,b5,no,108.24,no,corr,None,None,None,None
1981,exp_acyclic_indvary2_step2_batch_yyy09.pl,c3,yes,118.64,yes,corr,None,None,None,None
1982,exp_acyclic_indvary2_step2_batch_yyy09.pl,f1,no,180.49,no,corr,None,None,None,None
1983,exp_acyclic_indvary2_step2_batch_yyy09.pl,f3,no,110.93,no,corr,None,None,None,None
1984,exp_acyclic_indvary2_step2_batch_yyy09.pl,r1,yes,118.29,yes,corr,None,None,None,None
1985,exp_acyclic_indvary2_step2_batch_yyy09.pl,q3,yes,118.99,yes,corr,None,None,None,None
1986,exp_acyclic_indvary2_step2_batch_yyy09.pl,p1,yes,124.86,yes,corr,None,None,None,None
1987,exp_acyclic_indvary2_step2_batch_yyy09.pl,z4,no,110.7,no,corr,None,None,None,None
1988,exp_acyclic_indvary2_step2_batch_yyy09.pl,r5,no,111.12,no,corr,None,None,None,None
1989,exp_acyclic_indvary2_step2_batch_yyy09.pl,u3,no,111.32,no,corr,None,None,None,None
1990,exp_acyclic_indvary2_step2_batch_yyy09.pl,e3,no,111.58,no,corr,None,None,None,None
1991,exp_acyclic_indvary2_step2_batch_yyy10.pl,t5,no,131.87,no,corr,None,None,None,None
1992,exp_acyclic_indvary2_step2_batch_yyy10.pl,z6,no,131.04,no,corr,None,None,None,None
1993,exp_acyclic_indvary2_step2_batch_yyy10.pl,s4,no,131.29,no,corr,None,None,None,None
1994,exp_acyclic_indvary2_step2_batch_yyy10.pl,e1,yes,138.67,yes,corr,None,None,None,None
1995,exp_acyclic_indvary2_step2_batch_yyy10.pl,x3,no,130.81,no,corr,None,None,None,None
1996,exp_acyclic_indvary2_step2_batch_yyy10.pl,v6,no,131.83,no,corr,None,None,None,None
1997,exp_acyclic_indvary2_step2_batch_yyy10.pl,c5,no,131.34,no,corr,None,None,None,None
1998,exp_acyclic_indvary2_step2_batch_yyy10.pl,q4,no,131.47,no,corr,None,None,None,None
1999,exp_acyclic_indvary2_step2_batch_yyy10.pl,c1,no,131.69,no,corr,None,None,None,None
2000,exp_acyclic_indvary2_step2_batch_yyy10.pl,a3,yes,139.98,yes,corr,None,None,None,None
2001,exp_acyclic_indvary2_step3_batch_yyy01.pl,d5,no,178.21,no,corr,None,None,None,None
2002,exp_acyclic_indvary2_step3_batch_yyy01.pl,s3,no,178.56,no,corr,None,None,None,None
2003,exp_acyclic_indvary2_step3_batch_yyy01.pl,u7,no,177.57,no,corr,None,None,None,None
2004,exp_acyclic_indvary2_step3_batch_yyy01.pl,x7,no,177.57,no,corr,None,None,None,None
2005,exp_acyclic_indvary2_step3_batch_yyy01.pl,v1,no,199.81,no,corr,None,None,None,None
2006,exp_acyclic_indvary2_step3_batch_yyy01.pl,r2,no,188.35,no,corr,None,None,None,None
2007,exp_acyclic_indvary2_step3_batch_yyy01.pl,p7,no,177.82,no,corr,None,None,None,None
2008,exp_acyclic_indvary2_step3_batch_yyy01.pl,d4,no,178.5,no,corr,None,None,None,None
2009,exp_acyclic_indvary2_step3_batch_yyy01.pl,q7,no,178.29,no,corr,None,None,None,None
2010,exp_acyclic_indvary2_step3_batch_yyy01.pl,y5,no,177.75,no,corr,None,None,None,None
2011,exp_acyclic_indvary2_step3_batch_yyy02.pl,e1,yes,208.71,yes,corr,None,None,None,None
2012,exp_acyclic_indvary2_step3_batch_yyy02.pl,v5,no,198.62,no,corr,None,None,None,None
2013,exp_acyclic_indvary2_step3_batch_yyy02.pl,z4,no,198.08,no,corr,None,None,None,None
2014,exp_acyclic_indvary2_step3_batch_yyy02.pl,c1,yes,209.74,yes,corr,None,None,None,None
2015,exp_acyclic_indvary2_step3_batch_yyy02.pl,b6,no,198.26,no,corr,None,None,None,None
2016,exp_acyclic_indvary2_step3_batch_yyy02.pl,u2,yes,209.58,yes,corr,None,None,None,None
2017,exp_acyclic_indvary2_step3_batch_yyy02.pl,y5,no,199.28,no,corr,None,None,None,None
2018,exp_acyclic_indvary2_step3_batch_yyy02.pl,x4,no,197.75,no,corr,None,None,None,None
2019,exp_acyclic_indvary2_step3_batch_yyy02.pl,t4,no,198.32,no,corr,None,None,None,None
2020,exp_acyclic_indvary2_step3_batch_yyy02.pl,s3,no,197.88,no,corr,None,None,None,None
2021,exp_acyclic_indvary2_step3_batch_yyy03.pl,v2,yes,195.52,yes,corr,None,None,None,None
2022,exp_acyclic_indvary2_step3_batch_yyy03.pl,d4,no,186.64,no,corr,None,None,None,None
2023,exp_acyclic_indvary2_step3_batch_yyy03.pl,v1,no,196.01,no,corr,None,None,None,None
2024,exp_acyclic_indvary2_step3_batch_yyy03.pl,v4,no,186.61,no,corr,None,None,None,None
2025,exp_acyclic_indvary2_step3_batch_yyy03.pl,q2,yes,195.26,yes,corr,None,None,None,None
2026,exp_acyclic_indvary2_step3_batch_yyy03.pl,c5,no,186.81,no,corr,None,None,None,None
2027,exp_acyclic_indvary2_step3_batch_yyy03.pl,c2,no,230.47,no,corr,None,None,None,None
2028,exp_acyclic_indvary2_step3_batch_yyy03.pl,a5,no,186.3,no,corr,None,None,None,None
2029,exp_acyclic_indvary2_step3_batch_yyy03.pl,y1,no,186.87,no,corr,None,None,None,None
2030,exp_acyclic_indvary2_step3_batch_yyy03.pl,r1,no,256.73,no,corr,None,None,None,None
2031,exp_acyclic_indvary2_step3_batch_yyy04.pl,u5,no,195.45,no,corr,None,None,None,None
2032,exp_acyclic_indvary2_step3_batch_yyy04.pl,d4,no,195.46,no,corr,None,None,None,None
2033,exp_acyclic_indvary2_step3_batch_yyy04.pl,u7,no,195.12,no,corr,None,None,None,None
2034,exp_acyclic_indvary2_step3_batch_yyy04.pl,x7,no,196.2,no,corr,None,None,None,None
2035,exp_acyclic_indvary2_step3_batch_yyy04.pl,f5,no,194.87,no,corr,None,None,None,None
2036,exp_acyclic_indvary2_step3_batch_yyy04.pl,p3,yes,206.08,yes,corr,None,None,None,None
2037,exp_acyclic_indvary2_step3_batch_yyy04.pl,v4,no,194.51,no,corr,None,None,None,None
2038,exp_acyclic_indvary2_step3_batch_yyy04.pl,q3,no,194.38,no,corr,None,None,None,None
2039,exp_acyclic_indvary2_step3_batch_yyy04.pl,t1,yes,206.25,yes,corr,None,None,None,None
2040,exp_acyclic_indvary2_step3_batch_yyy04.pl,w3,no,195.62,no,corr,None,None,None,None
2041,exp_acyclic_indvary2_step3_batch_yyy05.pl,r6,no,215.02,no,corr,None,None,None,None
2042,exp_acyclic_indvary2_step3_batch_yyy05.pl,b1,yes,213.29,yes,corr,None,None,None,None
2043,exp_acyclic_indvary2_step3_batch_yyy05.pl,w1,yes,226.49,yes,corr,None,None,None,None
2044,exp_acyclic_indvary2_step3_batch_yyy05.pl,q7,no,215.61,no,corr,None,None,None,None
2045,exp_acyclic_indvary2_step3_batch_yyy05.pl,z6,no,215.6,no,corr,None,None,None,None
2046,exp_acyclic_indvary2_step3_batch_yyy05.pl,b2,no,203.73,no,corr,None,None,None,None
2047,exp_acyclic_indvary2_step3_batch_yyy05.pl,v4,no,216.71,no,corr,None,None,None,None
2048,exp_acyclic_indvary2_step3_batch_yyy05.pl,e3,no,215.52,no,corr,None,None,None,None
2049,exp_acyclic_indvary2_step3_batch_yyy05.pl,a2,no,204.85,no,corr,None,None,None,None
2050,exp_acyclic_indvary2_step3_batch_yyy05.pl,w3,no,215.2,no,corr,None,None,None,None
2051,exp_acyclic_indvary2_step3_batch_yyy06.pl,t4,no,195.51,no,corr,None,None,None,None
2052,exp_acyclic_indvary2_step3_batch_yyy06.pl,x3,no,196.12,no,corr,None,None,None,None
2053,exp_acyclic_indvary2_step3_batch_yyy06.pl,t3,no,195.41,no,corr,None,None,None,None
2054,exp_acyclic_indvary2_step3_batch_yyy06.pl,a5,no,195.84,no,corr,None,None,None,None
2055,exp_acyclic_indvary2_step3_batch_yyy06.pl,w1,yes,206.16,yes,corr,None,None,None,None
2056,exp_acyclic_indvary2_step3_batch_yyy06.pl,b5,no,196.18,no,corr,None,None,None,None
2057,exp_acyclic_indvary2_step3_batch_yyy06.pl,z3,no,195.9,no,corr,None,None,None,None
2058,exp_acyclic_indvary2_step3_batch_yyy06.pl,r3,no,301.52,no,corr,None,None,None,None
2059,exp_acyclic_indvary2_step3_batch_yyy06.pl,q7,no,195.31,no,corr,None,None,None,None
2060,exp_acyclic_indvary2_step3_batch_yyy06.pl,q2,yes,205.92,yes,corr,None,None,None,None
2061,exp_acyclic_indvary2_step3_batch_yyy07.pl,y4,no,191.74,no,corr,None,None,None,None
2062,exp_acyclic_indvary2_step3_batch_yyy07.pl,q5,no,192.47,no,corr,None,None,None,None
2063,exp_acyclic_indvary2_step3_batch_yyy07.pl,w1,yes,203.21,yes,corr,None,None,None,None
2064,exp_acyclic_indvary2_step3_batch_yyy07.pl,f3,no,194.07,no,corr,None,None,None,None
2065,exp_acyclic_indvary2_step3_batch_yyy07.pl,r4,no,192.54,no,corr,None,None,None,None
2066,exp_acyclic_indvary2_step3_batch_yyy07.pl,q1,yes,203.1,yes,corr,None,None,None,None
2067,exp_acyclic_indvary2_step3_batch_yyy07.pl,z5,no,192.46,no,corr,None,None,None,None
2068,exp_acyclic_indvary2_step3_batch_yyy07.pl,v2,no,192.04,no,corr,None,None,None,None
2069,exp_acyclic_indvary2_step3_batch_yyy07.pl,a4,no,191.65,no,corr,None,None,None,None
2070,exp_acyclic_indvary2_step3_batch_yyy07.pl,w6,no,191.42,no,corr,None,None,None,None
2071,exp_acyclic_indvary2_step3_batch_yyy08.pl,d5,no,208.22,no,corr,None,None,None,None
2072,exp_acyclic_indvary2_step3_batch_yyy08.pl,t5,no,208.82,no,corr,None,None,None,None
2073,exp_acyclic_indvary2_step3_batch_yyy08.pl,w7,no,207.51,no,corr,None,None,None,None
2074,exp_acyclic_indvary2_step3_batch_yyy08.pl,a4,no,207.49,no,corr,None,None,None,None
2075,exp_acyclic_indvary2_step3_batch_yyy08.pl,r5,no,207.04,no,corr,None,None,None,None
2076,exp_acyclic_indvary2_step3_batch_yyy08.pl,u3,no,207.52,no,corr,None,None,None,None
2077,exp_acyclic_indvary2_step3_batch_yyy08.pl,r2,no,211.06,no,corr,None,None,None,None
2078,exp_acyclic_indvary2_step3_batch_yyy08.pl,y6,no,208.17,no,corr,None,None,None,None
2079,exp_acyclic_indvary2_step3_batch_yyy08.pl,p4,no,207.91,no,corr,None,None,None,None
2080,exp_acyclic_indvary2_step3_batch_yyy08.pl,x3,no,208.12,no,corr,None,None,None,None
2081,exp_acyclic_indvary2_step3_batch_yyy09.pl,b1,no,190.28,no,corr,None,None,None,None
2082,exp_acyclic_indvary2_step3_batch_yyy09.pl,r5,no,187.06,no,corr,None,None,None,None
2083,exp_acyclic_indvary2_step3_batch_yyy09.pl,a3,yes,198.84,yes,corr,None,None,None,None
2084,exp_acyclic_indvary2_step3_batch_yyy09.pl,a1,yes,197.9,yes,corr,None,None,None,None
2085,exp_acyclic_indvary2_step3_batch_yyy09.pl,f2,no,187.98,no,corr,None,None,None,None
2086,exp_acyclic_indvary2_step3_batch_yyy09.pl,v1,yes,198.77,yes,corr,None,None,None,None
2087,exp_acyclic_indvary2_step3_batch_yyy09.pl,p3,no,191.83,no,corr,None,None,None,None
2088,exp_acyclic_indvary2_step3_batch_yyy09.pl,c1,no,187.79,no,corr,None,None,None,None
2089,exp_acyclic_indvary2_step3_batch_yyy09.pl,c6,no,187.58,no,corr,None,None,None,None
2090,exp_acyclic_indvary2_step3_batch_yyy09.pl,z2,no,188.01,no,corr,None,None,None,None
2091,exp_acyclic_indvary2_step3_batch_yyy10.pl,w2,yes,201.64,yes,corr,None,None,None,None
2092,exp_acyclic_indvary2_step3_batch_yyy10.pl,u3,no,190.82,no,corr,None,None,None,None
2093,exp_acyclic_indvary2_step3_batch_yyy10.pl,p1,yes,202.54,yes,corr,None,None,None,None
2094,exp_acyclic_indvary2_step3_batch_yyy10.pl,p7,no,190.7,no,corr,None,None,None,None
2095,exp_acyclic_indvary2_step3_batch_yyy10.pl,p5,no,191.0,no,corr,None,None,None,None
2096,exp_acyclic_indvary2_step3_batch_yyy10.pl,c2,no,198.27,no,corr,None,None,None,None
2097,exp_acyclic_indvary2_step3_batch_yyy10.pl,t6,no,191.77,no,corr,None,None,None,None
2098,exp_acyclic_indvary2_step3_batch_yyy10.pl,d1,no,190.61,no,corr,None,None,None,None
2099,exp_acyclic_indvary2_step3_batch_yyy10.pl,u2,yes,201.58,yes,corr,None,None,None,None
2100,exp_acyclic_indvary2_step3_batch_yyy10.pl,t1,yes,201.39,yes,corr,None,None,None,None
2101,exp_acyclic_indvary2_step4_batch_yyy01.pl,p4,no,249.32,no,corr,None,None,None,None
2102,exp_acyclic_indvary2_step4_batch_yyy01.pl,e5,no,248.78,no,corr,None,None,None,None
2103,exp_acyclic_indvary2_step4_batch_yyy01.pl,d3,no,248.47,no,corr,None,None,None,None
2104,exp_acyclic_indvary2_step4_batch_yyy01.pl,s1,yes,263.33,yes,corr,None,None,None,None
2105,exp_acyclic_indvary2_step4_batch_yyy01.pl,t5,no,248.23,no,corr,None,None,None,None
2106,exp_acyclic_indvary2_step4_batch_yyy01.pl,s3,no,249.78,no,corr,None,None,None,None
2107,exp_acyclic_indvary2_step4_batch_yyy01.pl,r3,no,249.39,no,corr,None,None,None,None
2108,exp_acyclic_indvary2_step4_batch_yyy01.pl,d1,no,249.52,no,corr,None,None,None,None
2109,exp_acyclic_indvary2_step4_batch_yyy01.pl,x4,no,248.56,no,corr,None,None,None,None
2110,exp_acyclic_indvary2_step4_batch_yyy01.pl,w3,no,249.42,no,corr,None,None,None,None
2111,exp_acyclic_indvary2_step4_batch_yyy02.pl,u5,no,251.19,no,corr,None,None,None,None
2112,exp_acyclic_indvary2_step4_batch_yyy02.pl,c3,no,250.77,no,corr,None,None,None,None
2113,exp_acyclic_indvary2_step4_batch_yyy02.pl,z6,no,252.65,no,corr,None,None,None,None
2114,exp_acyclic_indvary2_step4_batch_yyy02.pl,p7,no,251.64,no,corr,None,None,None,None
2115,exp_acyclic_indvary2_step4_batch_yyy02.pl,w5,no,251.46,no,corr,None,None,None,None
2116,exp_acyclic_indvary2_step4_batch_yyy02.pl,r3,yes,282.85,yes,corr,None,None,None,None
2117,exp_acyclic_indvary2_step4_batch_yyy02.pl,p1,yes,266.94,yes,corr,None,None,None,None
2118,exp_acyclic_indvary2_step4_batch_yyy02.pl,a2,yes,266.73,yes,corr,None,None,None,None
2119,exp_acyclic_indvary2_step4_batch_yyy02.pl,u3,no,252.23,no,corr,None,None,None,None
2120,exp_acyclic_indvary2_step4_batch_yyy02.pl,r4,no,251.91,no,corr,None,None,None,None
2121,exp_acyclic_indvary2_step4_batch_yyy03.pl,b2,yes,270.97,yes,corr,None,None,None,None
2122,exp_acyclic_indvary2_step4_batch_yyy03.pl,d3,no,256.79,no,corr,None,None,None,None
2123,exp_acyclic_indvary2_step4_batch_yyy03.pl,w6,no,256.2,no,corr,None,None,None,None
2124,exp_acyclic_indvary2_step4_batch_yyy03.pl,c1,no,353.19,no,corr,None,None,None,None
2125,exp_acyclic_indvary2_step4_batch_yyy03.pl,s1,yes,271.37,yes,corr,None,None,None,None
2126,exp_acyclic_indvary2_step4_batch_yyy03.pl,q3,yes,270.04,yes,corr,None,None,None,None
2127,exp_acyclic_indvary2_step4_batch_yyy03.pl,b6,no,255.55,no,corr,None,None,None,None
2128,exp_acyclic_indvary2_step4_batch_yyy03.pl,y5,no,256.61,no,corr,None,None,None,None
2129,exp_acyclic_indvary2_step4_batch_yyy03.pl,a2,yes,270.46,yes,corr,None,None,None,None
2130,exp_acyclic_indvary2_step4_batch_yyy03.pl,w3,no,255.41,no,corr,None,None,None,None
2131,exp_acyclic_indvary2_step4_batch_yyy04.pl,t5,no,238.82,no,corr,None,None,None,None
2132,exp_acyclic_indvary2_step4_batch_yyy04.pl,a6,no,238.55,no,corr,None,None,None,None
2133,exp_acyclic_indvary2_step4_batch_yyy04.pl,r5,no,239.36,no,corr,None,None,None,None
2134,exp_acyclic_indvary2_step4_batch_yyy04.pl,v1,yes,253.17,yes,corr,None,None,None,None
2135,exp_acyclic_indvary2_step4_batch_yyy04.pl,x6,no,239.01,no,corr,None,None,None,None
2136,exp_acyclic_indvary2_step4_batch_yyy04.pl,q1,yes,252.88,yes,corr,None,None,None,None
2137,exp_acyclic_indvary2_step4_batch_yyy04.pl,w2,yes,252.64,yes,corr,None,None,None,None
2138,exp_acyclic_indvary2_step4_batch_yyy04.pl,u1,yes,252.14,yes,corr,None,None,None,None
2139,exp_acyclic_indvary2_step4_batch_yyy04.pl,a2,yes,267.81,yes,corr,None,None,None,None
2140,exp_acyclic_indvary2_step4_batch_yyy04.pl,x4,no,238.6,no,corr,None,None,None,None
2141,exp_acyclic_indvary2_step4_batch_yyy05.pl,p5,no,245.04,no,corr,None,None,None,None
2142,exp_acyclic_indvary2_step4_batch_yyy05.pl,t3,no,245.1,no,corr,None,None,None,None
2143,exp_acyclic_indvary2_step4_batch_yyy05.pl,t6,no,244.9,no,corr,None,None,None,None
2144,exp_acyclic_indvary2_step4_batch_yyy05.pl,a4,no,244.65,no,corr,None,None,None,None
2145,exp_acyclic_indvary2_step4_batch_yyy05.pl,v4,no,244.8,no,corr,None,None,None,None
2146,exp_acyclic_indvary2_step4_batch_yyy05.pl,f4,no,244.23,no,corr,None,None,None,None
2147,exp_acyclic_indvary2_step4_batch_yyy05.pl,x6,no,244.89,no,corr,None,None,None,None
2148,exp_acyclic_indvary2_step4_batch_yyy05.pl,p1,yes,258.52,yes,corr,None,None,None,None
2149,exp_acyclic_indvary2_step4_batch_yyy05.pl,a6,no,243.98,no,corr,None,None,None,None
2150,exp_acyclic_indvary2_step4_batch_yyy05.pl,w7,no,244.85,no,corr,None,None,None,None
2151,exp_acyclic_indvary2_step4_batch_yyy06.pl,d5,no,266.73,no,corr,None,None,None,None
2152,exp_acyclic_indvary2_step4_batch_yyy06.pl,p7,no,267.49,no,corr,None,None,None,None
2153,exp_acyclic_indvary2_step4_batch_yyy06.pl,v5,no,267.26,no,corr,None,None,None,None
2154,exp_acyclic_indvary2_step4_batch_yyy06.pl,b1,yes,266.7,yes,corr,None,None,None,None
2155,exp_acyclic_indvary2_step4_batch_yyy06.pl,p3,yes,281.31,yes,corr,None,None,None,None
2156,exp_acyclic_indvary2_step4_batch_yyy06.pl,f3,no,266.84,no,corr,None,None,None,None
2157,exp_acyclic_indvary2_step4_batch_yyy06.pl,e3,no,267.0,no,corr,None,None,None,None
2158,exp_acyclic_indvary2_step4_batch_yyy06.pl,a3,yes,280.9,yes,corr,None,None,None,None
2159,exp_acyclic_indvary2_step4_batch_yyy06.pl,r7,no,267.01,no,corr,None,None,None,None
2160,exp_acyclic_indvary2_step4_batch_yyy06.pl,d1,yes,281.3,yes,corr,None,None,None,None
2161,exp_acyclic_indvary2_step4_batch_yyy07.pl,w2,yes,278.61,yes,corr,None,None,None,None
2162,exp_acyclic_indvary2_step4_batch_yyy07.pl,u4,no,248.45,no,corr,None,None,None,None
2163,exp_acyclic_indvary2_step4_batch_yyy07.pl,z1,no,248.61,no,corr,None,None,None,None
2164,exp_acyclic_indvary2_step4_batch_yyy07.pl,v1,no,247.75,no,corr,None,None,None,None
2165,exp_acyclic_indvary2_step4_batch_yyy07.pl,s1,yes,262.84,yes,corr,None,None,None,None
2166,exp_acyclic_indvary2_step4_batch_yyy07.pl,z3,no,248.8,no,corr,None,None,None,None
2167,exp_acyclic_indvary2_step4_batch_yyy07.pl,s4,no,249.6,no,corr,None,None,None,None
2168,exp_acyclic_indvary2_step4_batch_yyy07.pl,y4,no,248.98,no,corr,None,None,None,None
2169,exp_acyclic_indvary2_step4_batch_yyy07.pl,t2,no,248.58,no,corr,None,None,None,None
2170,exp_acyclic_indvary2_step4_batch_yyy07.pl,t7,no,248.52,no,corr,None,None,None,None
2171,exp_acyclic_indvary2_step4_batch_yyy08.pl,u6,no,267.46,no,corr,None,None,None,None
2172,exp_acyclic_indvary2_step4_batch_yyy08.pl,f5,no,266.96,no,corr,None,None,None,None
2173,exp_acyclic_indvary2_step4_batch_yyy08.pl,f3,no,266.97,no,corr,None,None,None,None
2174,exp_acyclic_indvary2_step4_batch_yyy08.pl,t7,no,266.87,no,corr,None,None,None,None
2175,exp_acyclic_indvary2_step4_batch_yyy08.pl,v4,no,266.84,no,corr,None,None,None,None
2176,exp_acyclic_indvary2_step4_batch_yyy08.pl,s7,no,266.32,no,corr,None,None,None,None
2177,exp_acyclic_indvary2_step4_batch_yyy08.pl,y2,yes,377.74,yes,corr,None,None,None,None
2178,exp_acyclic_indvary2_step4_batch_yyy08.pl,x6,no,266.82,no,corr,None,None,None,None
2179,exp_acyclic_indvary2_step4_batch_yyy08.pl,r3,yes,284.26,yes,corr,None,None,None,None
2180,exp_acyclic_indvary2_step4_batch_yyy08.pl,t1,yes,283.37,yes,corr,None,None,None,None
2181,exp_acyclic_indvary2_step4_batch_yyy09.pl,e1,no,298.83,no,corr,None,None,None,None
2182,exp_acyclic_indvary2_step4_batch_yyy09.pl,s5,no,243.99,no,corr,None,None,None,None
2183,exp_acyclic_indvary2_step4_batch_yyy09.pl,c5,no,243.13,no,corr,None,None,None,None
2184,exp_acyclic_indvary2_step4_batch_yyy09.pl,x7,no,242.94,no,corr,None,None,None,None
2185,exp_acyclic_indvary2_step4_batch_yyy09.pl,e3,no,243.51,no,corr,None,None,None,None
2186,exp_acyclic_indvary2_step4_batch_yyy09.pl,p2,yes,256.97,yes,corr,None,None,None,None
2187,exp_acyclic_indvary2_step4_batch_yyy09.pl,y2,yes,257.89,yes,corr,None,None,None,None
2188,exp_acyclic_indvary2_step4_batch_yyy09.pl,r2,yes,257.38,yes,corr,None,None,None,None
2189,exp_acyclic_indvary2_step4_batch_yyy09.pl,b6,no,243.27,no,corr,None,None,None,None
2190,exp_acyclic_indvary2_step4_batch_yyy09.pl,a1,yes,256.08,yes,corr,None,None,None,None
2191,exp_acyclic_indvary2_step4_batch_yyy10.pl,t5,no,270.78,no,corr,None,None,None,None
2192,exp_acyclic_indvary2_step4_batch_yyy10.pl,z6,no,271.42,no,corr,None,None,None,None
2193,exp_acyclic_indvary2_step4_batch_yyy10.pl,p7,no,270.6,no,corr,None,None,None,None
2194,exp_acyclic_indvary2_step4_batch_yyy10.pl,z4,no,271.19,no,corr,None,None,None,None
2195,exp_acyclic_indvary2_step4_batch_yyy10.pl,c1,no,271.15,no,corr,None,None,None,None
2196,exp_acyclic_indvary2_step4_batch_yyy10.pl,r7,no,270.68,no,corr,None,None,None,None
2197,exp_acyclic_indvary2_step4_batch_yyy10.pl,u2,yes,270.76,yes,corr,None,None,None,None
2198,exp_acyclic_indvary2_step4_batch_yyy10.pl,x4,no,272.26,no,corr,None,None,None,None
2199,exp_acyclic_indvary2_step4_batch_yyy10.pl,y2,yes,270.96,yes,corr,None,None,None,None
2200,exp_acyclic_indvary2_step4_batch_yyy10.pl,x1,yes,270.49,yes,corr,None,None,None,None
2201,exp_acyclic_indvary2_step5_batch_yyy01.pl,d3,no,314.27,no,corr,None,None,None,None
2202,exp_acyclic_indvary2_step5_batch_yyy01.pl,u7,no,314.46,no,corr,None,None,None,None
2203,exp_acyclic_indvary2_step5_batch_yyy01.pl,e4,no,313.74,no,corr,None,None,None,None
2204,exp_acyclic_indvary2_step5_batch_yyy01.pl,f3,no,314.23,no,corr,None,None,None,None
2205,exp_acyclic_indvary2_step5_batch_yyy01.pl,t2,no,313.68,no,corr,None,None,None,None
2206,exp_acyclic_indvary2_step5_batch_yyy01.pl,v4,no,312.88,no,corr,None,None,None,None
2207,exp_acyclic_indvary2_step5_batch_yyy01.pl,a3,no,417.48,no,corr,None,None,None,None
2208,exp_acyclic_indvary2_step5_batch_yyy01.pl,y6,no,313.33,no,corr,None,None,None,None
2209,exp_acyclic_indvary2_step5_batch_yyy01.pl,s2,yes,332.32,yes,corr,None,None,None,None
2210,exp_acyclic_indvary2_step5_batch_yyy01.pl,z1,yes,333.11,yes,corr,None,None,None,None
2211,exp_acyclic_indvary2_step5_batch_yyy02.pl,s3,no,344.66,no,corr,None,None,None,None
2212,exp_acyclic_indvary2_step5_batch_yyy02.pl,v7,no,343.49,no,corr,None,None,None,None
2213,exp_acyclic_indvary2_step5_batch_yyy02.pl,v2,yes,364.39,yes,corr,None,None,None,None
2214,exp_acyclic_indvary2_step5_batch_yyy02.pl,w1,yes,364.33,yes,corr,None,None,None,None
2215,exp_acyclic_indvary2_step5_batch_yyy02.pl,r4,no,344.08,no,corr,None,None,None,None
2216,exp_acyclic_indvary2_step5_batch_yyy02.pl,p2,no,342.74,no,corr,None,None,None,None
2217,exp_acyclic_indvary2_step5_batch_yyy02.pl,d1,yes,365.44,yes,corr,None,None,None,None
2218,exp_acyclic_indvary2_step5_batch_yyy02.pl,q2,yes,364.92,yes,corr,None,None,None,None
2219,exp_acyclic_indvary2_step5_batch_yyy02.pl,b6,no,344.46,no,corr,None,None,None,None
2220,exp_acyclic_indvary2_step5_batch_yyy02.pl,a1,no,343.38,no,corr,None,None,None,None
2221,exp_acyclic_indvary2_step5_batch_yyy03.pl,u6,no,330.1,no,corr,None,None,None,None
2222,exp_acyclic_indvary2_step5_batch_yyy03.pl,p5,no,329.5,no,corr,None,None,None,None
2223,exp_acyclic_indvary2_step5_batch_yyy03.pl,r6,no,330.15,no,corr,None,None,None,None
2224,exp_acyclic_indvary2_step5_batch_yyy03.pl,v5,no,330.08,no,corr,None,None,None,None
2225,exp_acyclic_indvary2_step5_batch_yyy03.pl,u3,no,329.15,no,corr,None,None,None,None
2226,exp_acyclic_indvary2_step5_batch_yyy03.pl,p2,no,327.97,no,corr,None,None,None,None
2227,exp_acyclic_indvary2_step5_batch_yyy03.pl,r7,no,329.81,no,corr,None,None,None,None
2228,exp_acyclic_indvary2_step5_batch_yyy03.pl,e2,no,443.81,no,corr,None,None,None,None
2229,exp_acyclic_indvary2_step5_batch_yyy03.pl,c6,no,329.52,no,corr,None,None,None,None
2230,exp_acyclic_indvary2_step5_batch_yyy03.pl,b5,no,329.04,no,corr,None,None,None,None
2231,exp_acyclic_indvary2_step5_batch_yyy04.pl,c4,no,332.94,no,corr,None,None,None,None
2232,exp_acyclic_indvary2_step5_batch_yyy04.pl,s4,no,333.86,no,corr,None,None,None,None
2233,exp_acyclic_indvary2_step5_batch_yyy04.pl,v2,yes,352.13,yes,corr,None,None,None,None
2234,exp_acyclic_indvary2_step5_batch_yyy04.pl,x2,yes,351.37,yes,corr,None,None,None,None
2235,exp_acyclic_indvary2_step5_batch_yyy04.pl,y2,yes,352.6,yes,corr,None,None,None,None
2236,exp_acyclic_indvary2_step5_batch_yyy04.pl,x5,no,332.46,no,corr,None,None,None,None
2237,exp_acyclic_indvary2_step5_batch_yyy04.pl,c1,yes,352.04,yes,corr,None,None,None,None
2238,exp_acyclic_indvary2_step5_batch_yyy04.pl,t7,no,333.57,no,corr,None,None,None,None
2239,exp_acyclic_indvary2_step5_batch_yyy04.pl,x4,no,332.88,no,corr,None,None,None,None
2240,exp_acyclic_indvary2_step5_batch_yyy04.pl,w3,no,333.21,no,corr,None,None,None,None
2241,exp_acyclic_indvary2_step5_batch_yyy05.pl,z6,no,313.53,no,corr,None,None,None,None
2242,exp_acyclic_indvary2_step5_batch_yyy05.pl,p5,no,313.66,no,corr,None,None,None,None
2243,exp_acyclic_indvary2_step5_batch_yyy05.pl,w2,yes,319.11,yes,corr,None,None,None,None
2244,exp_acyclic_indvary2_step5_batch_yyy05.pl,w5,no,314.17,no,corr,None,None,None,None
2245,exp_acyclic_indvary2_step5_batch_yyy05.pl,z2,yes,333.12,yes,corr,None,None,None,None
2246,exp_acyclic_indvary2_step5_batch_yyy05.pl,d2,no,509.38,no,corr,None,None,None,None
2247,exp_acyclic_indvary2_step5_batch_yyy05.pl,u2,yes,333.93,yes,corr,None,None,None,None
2248,exp_acyclic_indvary2_step5_batch_yyy05.pl,x4,no,313.49,no,corr,None,None,None,None
2249,exp_acyclic_indvary2_step5_batch_yyy05.pl,c3,no,312.57,no,corr,None,None,None,None
2250,exp_acyclic_indvary2_step5_batch_yyy05.pl,t5,no,314.12,no,corr,None,None,None,None
2251,exp_acyclic_indvary2_step5_batch_yyy06.pl,y4,no,335.82,no,corr,None,None,None,None
2252,exp_acyclic_indvary2_step5_batch_yyy06.pl,t3,no,336.14,no,corr,None,None,None,None
2253,exp_acyclic_indvary2_step5_batch_yyy06.pl,x7,no,335.6,no,corr,None,None,None,None
2254,exp_acyclic_indvary2_step5_batch_yyy06.pl,a4,no,335.79,no,corr,None,None,None,None
2255,exp_acyclic_indvary2_step5_batch_yyy06.pl,w4,no,336.79,no,corr,None,None,None,None
2256,exp_acyclic_indvary2_step5_batch_yyy06.pl,t7,no,335.56,no,corr,None,None,None,None
2257,exp_acyclic_indvary2_step5_batch_yyy06.pl,q3,yes,373.82,yes,corr,None,None,None,None
2258,exp_acyclic_indvary2_step5_batch_yyy06.pl,v3,no,336.73,no,corr,None,None,None,None
2259,exp_acyclic_indvary2_step5_batch_yyy06.pl,r3,yes,355.93,yes,corr,None,None,None,None
2260,exp_acyclic_indvary2_step5_batch_yyy06.pl,w3,no,335.58,no,corr,None,None,None,None
2261,exp_acyclic_indvary2_step5_batch_yyy07.pl,u6,no,349.43,no,corr,None,None,None,None
2262,exp_acyclic_indvary2_step5_batch_yyy07.pl,x3,no,349.07,no,corr,None,None,None,None
2263,exp_acyclic_indvary2_step5_batch_yyy07.pl,e5,no,349.46,no,corr,None,None,None,None
2264,exp_acyclic_indvary2_step5_batch_yyy07.pl,a5,no,349.19,no,corr,None,None,None,None
2265,exp_acyclic_indvary2_step5_batch_yyy07.pl,r5,no,348.94,no,corr,None,None,None,None
2266,exp_acyclic_indvary2_step5_batch_yyy07.pl,y6,no,348.44,no,corr,None,None,None,None
2267,exp_acyclic_indvary2_step5_batch_yyy07.pl,c3,no,327.88,no,corr,None,None,None,None
2268,exp_acyclic_indvary2_step5_batch_yyy07.pl,t5,no,348.58,no,corr,None,None,None,None
2269,exp_acyclic_indvary2_step5_batch_yyy07.pl,b3,no,348.05,no,corr,None,None,None,None
2270,exp_acyclic_indvary2_step5_batch_yyy07.pl,w7,no,349.45,no,corr,None,None,None,None
2271,exp_acyclic_indvary2_step5_batch_yyy08.pl,d5,no,337.74,no,corr,None,None,None,None
2272,exp_acyclic_indvary2_step5_batch_yyy08.pl,c3,no,425.98,no,corr,None,None,None,None
2273,exp_acyclic_indvary2_step5_batch_yyy08.pl,q6,no,336.75,no,corr,None,None,None,None
2274,exp_acyclic_indvary2_step5_batch_yyy08.pl,e5,no,336.68,no,corr,None,None,None,None
2275,exp_acyclic_indvary2_step5_batch_yyy08.pl,c5,no,336.56,no,corr,None,None,None,None
2276,exp_acyclic_indvary2_step5_batch_yyy08.pl,e4,no,336.41,no,corr,None,None,None,None
2277,exp_acyclic_indvary2_step5_batch_yyy08.pl,w4,no,335.77,no,corr,None,None,None,None
2278,exp_acyclic_indvary2_step5_batch_yyy08.pl,v4,no,336.12,no,corr,None,None,None,None
2279,exp_acyclic_indvary2_step5_batch_yyy08.pl,s7,no,335.93,no,corr,None,None,None,None
2280,exp_acyclic_indvary2_step5_batch_yyy08.pl,p1,yes,355.31,yes,corr,None,None,None,None
2281,exp_acyclic_indvary2_step5_batch_yyy09.pl,a6,no,317.43,no,corr,None,None,None,None
2282,exp_acyclic_indvary2_step5_batch_yyy09.pl,d4,no,317.04,no,corr,None,None,None,None
2283,exp_acyclic_indvary2_step5_batch_yyy09.pl,u7,no,317.98,no,corr,None,None,None,None
2284,exp_acyclic_indvary2_step5_batch_yyy09.pl,c5,no,317.7,no,corr,None,None,None,None
2285,exp_acyclic_indvary2_step5_batch_yyy09.pl,a4,no,317.0,no,corr,None,None,None,None
2286,exp_acyclic_indvary2_step5_batch_yyy09.pl,x5,no,316.67,no,corr,None,None,None,None
2287,exp_acyclic_indvary2_step5_batch_yyy09.pl,a3,no,402.97,no,corr,None,None,None,None
2288,exp_acyclic_indvary2_step5_batch_yyy09.pl,y2,no,304.96,no,corr,None,None,None,None
2289,exp_acyclic_indvary2_step5_batch_yyy09.pl,v1,yes,318.8,yes,corr,None,None,None,None
2290,exp_acyclic_indvary2_step5_batch_yyy09.pl,p3,yes,319.1,yes,corr,None,None,None,None
2291,exp_acyclic_indvary2_step5_batch_yyy10.pl,v7,no,320.33,no,corr,None,None,None,None
2292,exp_acyclic_indvary2_step5_batch_yyy10.pl,v2,yes,340.92,yes,corr,None,None,None,None
2293,exp_acyclic_indvary2_step5_batch_yyy10.pl,u1,yes,356.78,yes,corr,None,None,None,None
2294,exp_acyclic_indvary2_step5_batch_yyy10.pl,d3,no,321.31,no,corr,None,None,None,None
2295,exp_acyclic_indvary2_step5_batch_yyy10.pl,z1,yes,340.17,yes,corr,None,None,None,None
2296,exp_acyclic_indvary2_step5_batch_yyy10.pl,q4,no,321.46,no,corr,None,None,None,None
2297,exp_acyclic_indvary2_step5_batch_yyy10.pl,v1,yes,339.65,yes,corr,None,None,None,None
2298,exp_acyclic_indvary2_step5_batch_yyy10.pl,t2,yes,339.98,yes,corr,None,None,None,None
2299,exp_acyclic_indvary2_step5_batch_yyy10.pl,s7,no,321.51,no,corr,None,None,None,None
2300,exp_acyclic_indvary2_step5_batch_yyy10.pl,w3,no,320.36,no,corr,None,None,None,None
2301,exp_acyclic_indvary2_step6_batch_yyy01.pl,v2,no,361.66,no,corr,None,None,None,None
2302,exp_acyclic_indvary2_step6_batch_yyy01.pl,u4,no,362.9,no,corr,None,None,None,None
2303,exp_acyclic_indvary2_step6_batch_yyy01.pl,w5,no,362.26,no,corr,None,None,None,None
2304,exp_acyclic_indvary2_step6_batch_yyy01.pl,t7,no,362.78,no,corr,None,None,None,None
2305,exp_acyclic_indvary2_step6_batch_yyy01.pl,x6,no,361.86,no,corr,None,None,None,None
2306,exp_acyclic_indvary2_step6_batch_yyy01.pl,r2,no,361.47,no,corr,None,None,None,None
2307,exp_acyclic_indvary2_step6_batch_yyy01.pl,a6,no,362.49,no,corr,None,None,None,None
2308,exp_acyclic_indvary2_step6_batch_yyy01.pl,s4,no,362.09,no,corr,None,None,None,None
2309,exp_acyclic_indvary2_step6_batch_yyy01.pl,f1,no,360.55,no,corr,None,None,None,None
2310,exp_acyclic_indvary2_step6_batch_yyy01.pl,e5,no,362.41,no,corr,None,None,None,None
2311,exp_acyclic_indvary2_step6_batch_yyy02.pl,z6,no,369.47,no,corr,None,None,None,None
2312,exp_acyclic_indvary2_step6_batch_yyy02.pl,x3,no,368.19,no,corr,None,None,None,None
2313,exp_acyclic_indvary2_step6_batch_yyy02.pl,v5,no,368.22,no,corr,None,None,None,None
2314,exp_acyclic_indvary2_step6_batch_yyy02.pl,s5,no,369.09,no,corr,None,None,None,None
2315,exp_acyclic_indvary2_step6_batch_yyy02.pl,a5,no,369.42,no,corr,None,None,None,None
2316,exp_acyclic_indvary2_step6_batch_yyy02.pl,t2,yes,391.53,yes,corr,None,None,None,None
2317,exp_acyclic_indvary2_step6_batch_yyy02.pl,d1,yes,389.64,yes,corr,None,None,None,None
2318,exp_acyclic_indvary2_step6_batch_yyy02.pl,q2,yes,389.73,yes,corr,None,None,None,None
2319,exp_acyclic_indvary2_step6_batch_yyy02.pl,w7,no,20.16,no,corr,None,None,None,None
2320,exp_acyclic_indvary2_step6_batch_yyy02.pl,v7,no,19.58,no,corr,None,None,None,None
2321,exp_acyclic_indvary2_step6_batch_yyy03.pl,v7,no,19.2,no,corr,None,None,None,None
2322,exp_acyclic_indvary2_step6_batch_yyy03.pl,x3,no,19.44,no,corr,None,None,None,None
2323,exp_acyclic_indvary2_step6_batch_yyy03.pl,f1,no,19.63,no,corr,None,None,None,None
2324,exp_acyclic_indvary2_step6_batch_yyy03.pl,s2,no,19.33,no,corr,None,None,None,None
2325,exp_acyclic_indvary2_step6_batch_yyy03.pl,c1,no,19.13,no,corr,None,None,None,None
2326,exp_acyclic_indvary2_step6_batch_yyy03.pl,s1,yes,20.93,yes,corr,None,None,None,None
2327,exp_acyclic_indvary2_step6_batch_yyy03.pl,a1,no,19.16,no,corr,None,None,None,None
2328,exp_acyclic_indvary2_step6_batch_yyy03.pl,u3,no,18.89,no,corr,None,None,None,None
2329,exp_acyclic_indvary2_step6_batch_yyy03.pl,e3,no,19.63,no,corr,None,None,None,None
2330,exp_acyclic_indvary2_step6_batch_yyy03.pl,r4,no,19.35,no,corr,None,None,None,None
2331,exp_acyclic_indvary2_step6_batch_yyy04.pl,a6,no,19.94,no,corr,None,None,None,None
2332,exp_acyclic_indvary2_step6_batch_yyy04.pl,u4,no,20.79,no,corr,None,None,None,None
2333,exp_acyclic_indvary2_step6_batch_yyy04.pl,w5,no,20.32,no,corr,None,None,None,None
2334,exp_acyclic_indvary2_step6_batch_yyy04.pl,c2,no,20.41,no,corr,None,None,None,None
2335,exp_acyclic_indvary2_step6_batch_yyy04.pl,e4,no,20.32,no,corr,None,None,None,None
2336,exp_acyclic_indvary2_step6_batch_yyy04.pl,c6,no,20.91,no,corr,None,None,None,None
2337,exp_acyclic_indvary2_step6_batch_yyy04.pl,a3,no,20.09,no,corr,None,None,None,None
2338,exp_acyclic_indvary2_step6_batch_yyy04.pl,y6,no,20.73,no,corr,None,None,None,None
2339,exp_acyclic_indvary2_step6_batch_yyy04.pl,y1,yes,21.55,yes,corr,None,None,None,None
2340,exp_acyclic_indvary2_step6_batch_yyy04.pl,r1,no,20.17,no,corr,None,None,None,None
2341,exp_acyclic_indvary2_step6_batch_yyy05.pl,e1,no,24.94,no,corr,None,None,None,None
2342,exp_acyclic_indvary2_step6_batch_yyy05.pl,c2,no,21.03,no,corr,None,None,None,None
2343,exp_acyclic_indvary2_step6_batch_yyy05.pl,x7,no,21.62,no,corr,None,None,None,None
2344,exp_acyclic_indvary2_step6_batch_yyy05.pl,w6,no,20.65,no,corr,None,None,None,None
2345,exp_acyclic_indvary2_step6_batch_yyy05.pl,e4,no,22.54,no,corr,None,None,None,None
2346,exp_acyclic_indvary2_step6_batch_yyy05.pl,f2,no,20.27,no,corr,None,None,None,None
2347,exp_acyclic_indvary2_step6_batch_yyy05.pl,y1,yes,21.93,yes,corr,None,None,None,None
2348,exp_acyclic_indvary2_step6_batch_yyy05.pl,s1,yes,20.21,yes,corr,None,None,None,None
2349,exp_acyclic_indvary2_step6_batch_yyy05.pl,y2,yes,20.14,yes,corr,None,None,None,None
2350,exp_acyclic_indvary2_step6_batch_yyy05.pl,x6,no,18.9,no,corr,None,None,None,None
2351,exp_acyclic_indvary2_step6_batch_yyy06.pl,t5,no,17.35,no,corr,None,None,None,None
2352,exp_acyclic_indvary2_step6_batch_yyy06.pl,z5,no,17.06,no,corr,None,None,None,None
2353,exp_acyclic_indvary2_step6_batch_yyy06.pl,e5,no,17.04,no,corr,None,None,None,None
2354,exp_acyclic_indvary2_step6_batch_yyy06.pl,s2,yes,18.3,yes,corr,None,None,None,None
2355,exp_acyclic_indvary2_step6_batch_yyy06.pl,z4,no,17.01,no,corr,None,None,None,None
2356,exp_acyclic_indvary2_step6_batch_yyy06.pl,v4,no,17.15,no,corr,None,None,None,None
2357,exp_acyclic_indvary2_step6_batch_yyy06.pl,a3,no,23.46,no,corr,None,None,None,None
2358,exp_acyclic_indvary2_step6_batch_yyy06.pl,x1,yes,18.97,yes,corr,None,None,None,None
2359,exp_acyclic_indvary2_step6_batch_yyy06.pl,s7,no,17.83,no,corr,None,None,None,None
2360,exp_acyclic_indvary2_step6_batch_yyy06.pl,f2,no,17.26,no,corr,None,None,None,None
2361,exp_acyclic_indvary2_step6_batch_yyy07.pl,u5,no,18.93,no,corr,None,None,None,None
2362,exp_acyclic_indvary2_step6_batch_yyy07.pl,u1,yes,19.67,yes,corr,None,None,None,None
2363,exp_acyclic_indvary2_step6_batch_yyy07.pl,v5,no,18.69,no,corr,None,None,None,None
2364,exp_acyclic_indvary2_step6_batch_yyy07.pl,s2,yes,19.78,yes,corr,None,None,None,None
2365,exp_acyclic_indvary2_step6_batch_yyy07.pl,e3,no,18.7,no,corr,None,None,None,None
2366,exp_acyclic_indvary2_step6_batch_yyy07.pl,d2,no,20.71,no,corr,None,None,None,None
2367,exp_acyclic_indvary2_step6_batch_yyy07.pl,v1,yes,19.85,yes,corr,None,None,None,None
2368,exp_acyclic_indvary2_step6_batch_yyy07.pl,p3,yes,18.78,yes,corr,None,None,None,None
2369,exp_acyclic_indvary2_step6_batch_yyy07.pl,t2,no,19.18,no,corr,None,None,None,None
2370,exp_acyclic_indvary2_step6_batch_yyy07.pl,s6,no,18.79,no,corr,None,None,None,None
2371,exp_acyclic_indvary2_step6_batch_yyy08.pl,u5,no,19.96,no,corr,None,None,None,None
2372,exp_acyclic_indvary2_step6_batch_yyy08.pl,b3,no,27.0,no,corr,None,None,None,None
2373,exp_acyclic_indvary2_step6_batch_yyy08.pl,t6,no,19.31,no,corr,None,None,None,None
2374,exp_acyclic_indvary2_step6_batch_yyy08.pl,d2,yes,19.57,yes,corr,None,None,None,None
2375,exp_acyclic_indvary2_step6_batch_yyy08.pl,x1,no,19.39,no,corr,None,None,None,None
2376,exp_acyclic_indvary2_step6_batch_yyy08.pl,s7,no,19.01,no,corr,None,None,None,None
2377,exp_acyclic_indvary2_step6_batch_yyy08.pl,e2,no,18.18,no,corr,None,None,None,None
2378,exp_acyclic_indvary2_step6_batch_yyy08.pl,q2,no,18.98,no,corr,None,None,None,None
2379,exp_acyclic_indvary2_step6_batch_yyy08.pl,w2,yes,19.39,yes,corr,None,None,None,None
2380,exp_acyclic_indvary2_step6_batch_yyy08.pl,e5,no,19.87,no,corr,None,None,None,None
2381,exp_acyclic_indvary2_step6_batch_yyy09.pl,u5,no,18.5,no,corr,None,None,None,None
2382,exp_acyclic_indvary2_step6_batch_yyy09.pl,t5,no,18.03,no,corr,None,None,None,None
2383,exp_acyclic_indvary2_step6_batch_yyy09.pl,b2,no,24.93,no,corr,None,None,None,None
2384,exp_acyclic_indvary2_step6_batch_yyy09.pl,p5,no,18.04,no,corr,None,None,None,None
2385,exp_acyclic_indvary2_step6_batch_yyy09.pl,e5,no,18.12,no,corr,None,None,None,None
2386,exp_acyclic_indvary2_step6_batch_yyy09.pl,t3,no,17.94,no,corr,None,None,None,None
2387,exp_acyclic_indvary2_step6_batch_yyy09.pl,b1,no,21.58,no,corr,None,None,None,None
2388,exp_acyclic_indvary2_step6_batch_yyy09.pl,b5,no,18.0,no,corr,None,None,None,None
2389,exp_acyclic_indvary2_step6_batch_yyy09.pl,d2,yes,19.07,yes,corr,None,None,None,None
2390,exp_acyclic_indvary2_step6_batch_yyy09.pl,e2,yes,19.23,yes,corr,None,None,None,None
2391,exp_acyclic_indvary2_step6_batch_yyy10.pl,z6,no,18.75,no,corr,None,None,None,None
2392,exp_acyclic_indvary2_step6_batch_yyy10.pl,p7,no,19.68,no,corr,None,None,None,None
2393,exp_acyclic_indvary2_step6_batch_yyy10.pl,x2,no,18.55,no,corr,None,None,None,None
2394,exp_acyclic_indvary2_step6_batch_yyy10.pl,c6,no,18.65,no,corr,None,None,None,None
2395,exp_acyclic_indvary2_step6_batch_yyy10.pl,x1,yes,19.77,yes,corr,None,None,None,None
2396,exp_acyclic_indvary2_step6_batch_yyy10.pl,r7,no,18.71,no,corr,None,None,None,None
2397,exp_acyclic_indvary2_step6_batch_yyy10.pl,e2,no,18.42,no,corr,None,None,None,None
2398,exp_acyclic_indvary2_step6_batch_yyy10.pl,q7,no,18.64,no,corr,None,None,None,None
2399,exp_acyclic_indvary2_step6_batch_yyy10.pl,c5,no,18.58,no,corr,None,None,None,None
2400,exp_acyclic_indvary2_step6_batch_yyy10.pl,c2,yes,20.76,yes,corr,None,None,None,None
2401,exp_acyclic_indvary2_step7_batch_yyy01.pl,t4,no,21.11,no,corr,None,None,None,None
2402,exp_acyclic_indvary2_step7_batch_yyy01.pl,b2,yes,22.62,yes,corr,None,None,None,None
2403,exp_acyclic_indvary2_step7_batch_yyy01.pl,p5,no,21.18,no,corr,None,None,None,None
2404,exp_acyclic_indvary2_step7_batch_yyy01.pl,r5,no,21.06,no,corr,None,None,None,None
2405,exp_acyclic_indvary2_step7_batch_yyy01.pl,z2,yes,22.92,yes,corr,None,None,None,None
2406,exp_acyclic_indvary2_step7_batch_yyy01.pl,b6,no,21.19,no,corr,None,None,None,None
2407,exp_acyclic_indvary2_step7_batch_yyy01.pl,r3,no,21.22,no,corr,None,None,None,None
2408,exp_acyclic_indvary2_step7_batch_yyy01.pl,w3,no,21.18,no,corr,None,None,None,None
2409,exp_acyclic_indvary2_step7_batch_yyy01.pl,r6,no,21.46,no,corr,None,None,None,None
2410,exp_acyclic_indvary2_step7_batch_yyy01.pl,e5,no,21.18,no,corr,None,None,None,None
2411,exp_acyclic_indvary2_step7_batch_yyy02.pl,s3,no,24.0,no,corr,None,None,None,None
2412,exp_acyclic_indvary2_step7_batch_yyy02.pl,z6,no,24.92,no,corr,None,None,None,None
2413,exp_acyclic_indvary2_step7_batch_yyy02.pl,e1,yes,26.36,yes,corr,None,None,None,None
2414,exp_acyclic_indvary2_step7_batch_yyy02.pl,v5,no,24.44,no,corr,None,None,None,None
2415,exp_acyclic_indvary2_step7_batch_yyy02.pl,q5,no,24.28,no,corr,None,None,None,None
2416,exp_acyclic_indvary2_step7_batch_yyy02.pl,c5,no,25.61,no,corr,None,None,None,None
2417,exp_acyclic_indvary2_step7_batch_yyy02.pl,f5,no,24.43,no,corr,None,None,None,None
2418,exp_acyclic_indvary2_step7_batch_yyy02.pl,p3,yes,26.54,yes,corr,None,None,None,None
2419,exp_acyclic_indvary2_step7_batch_yyy02.pl,z4,no,23.93,no,corr,None,None,None,None
2420,exp_acyclic_indvary2_step7_batch_yyy02.pl,r5,no,24.74,no,corr,None,None,None,None
2421,exp_acyclic_indvary2_step7_batch_yyy03.pl,z5,no,24.47,no,corr,None,None,None,None
2422,exp_acyclic_indvary2_step7_batch_yyy03.pl,x3,no,25.0,no,corr,None,None,None,None
2423,exp_acyclic_indvary2_step7_batch_yyy03.pl,w2,yes,25.84,yes,corr,None,None,None,None
2424,exp_acyclic_indvary2_step7_batch_yyy03.pl,u7,no,24.77,no,corr,None,None,None,None
2425,exp_acyclic_indvary2_step7_batch_yyy03.pl,s5,no,24.6,no,corr,None,None,None,None
2426,exp_acyclic_indvary2_step7_batch_yyy03.pl,c2,no,23.9,no,corr,None,None,None,None
2427,exp_acyclic_indvary2_step7_batch_yyy03.pl,b5,no,25.68,no,corr,None,None,None,None
2428,exp_acyclic_indvary2_step7_batch_yyy03.pl,u3,no,25.22,no,corr,None,None,None,None
2429,exp_acyclic_indvary2_step7_batch_yyy03.pl,r1,no,25.23,no,corr,None,None,None,None
2430,exp_acyclic_indvary2_step7_batch_yyy03.pl,r7,no,25.13,no,corr,None,None,None,None
2431,exp_acyclic_indvary2_step7_batch_yyy04.pl,t4,no,23.42,no,corr,None,None,None,None
2432,exp_acyclic_indvary2_step7_batch_yyy04.pl,u7,no,22.96,no,corr,None,None,None,None
2433,exp_acyclic_indvary2_step7_batch_yyy04.pl,t3,no,23.63,no,corr,None,None,None,None
2434,exp_acyclic_indvary2_step7_batch_yyy04.pl,c5,no,23.0,no,corr,None,None,None,None
2435,exp_acyclic_indvary2_step7_batch_yyy04.pl,d2,no,33.13,no,corr,None,None,None,None
2436,exp_acyclic_indvary2_step7_batch_yyy04.pl,t1,yes,24.67,yes,corr,None,None,None,None
2437,exp_acyclic_indvary2_step7_batch_yyy04.pl,q3,yes,25.31,yes,corr,None,None,None,None
2438,exp_acyclic_indvary2_step7_batch_yyy04.pl,y2,yes,26.06,yes,corr,None,None,None,None
2439,exp_acyclic_indvary2_step7_batch_yyy04.pl,y5,no,23.02,no,corr,None,None,None,None
2440,exp_acyclic_indvary2_step7_batch_yyy04.pl,y6,no,23.1,no,corr,None,None,None,None
2441,exp_acyclic_indvary2_step7_batch_yyy05.pl,u6,no,23.48,no,corr,None,None,None,None
2442,exp_acyclic_indvary2_step7_batch_yyy05.pl,c4,no,22.82,no,corr,None,None,None,None
2443,exp_acyclic_indvary2_step7_batch_yyy05.pl,s4,no,22.92,no,corr,None,None,None,None
2444,exp_acyclic_indvary2_step7_batch_yyy05.pl,c5,no,23.19,no,corr,None,None,None,None
2445,exp_acyclic_indvary2_step7_batch_yyy05.pl,q4,no,22.88,no,corr,None,None,None,None
2446,exp_acyclic_indvary2_step7_batch_yyy05.pl,f5,no,23.41,no,corr,None,None,None,None
2447,exp_acyclic_indvary2_step7_batch_yyy05.pl,w1,yes,24.45,yes,corr,None,None,None,None
2448,exp_acyclic_indvary2_step7_batch_yyy05.pl,e3,no,22.77,no,corr,None,None,None,None
2449,exp_acyclic_indvary2_step7_batch_yyy05.pl,y2,yes,24.81,yes,corr,None,None,None,None
2450,exp_acyclic_indvary2_step7_batch_yyy05.pl,q2,yes,25.19,yes,corr,None,None,None,None
2451,exp_acyclic_indvary2_step7_batch_yyy06.pl,s4,no,22.94,no,corr,None,None,None,None
2452,exp_acyclic_indvary2_step7_batch_yyy06.pl,w2,yes,24.27,yes,corr,None,None,None,None
2453,exp_acyclic_indvary2_step7_batch_yyy06.pl,w4,no,22.82,no,corr,None,None,None,None
2454,exp_acyclic_indvary2_step7_batch_yyy06.pl,f4,no,23.06,no,corr,None,None,None,None
2455,exp_acyclic_indvary2_step7_batch_yyy06.pl,x1,yes,24.4,yes,corr,None,None,None,None
2456,exp_acyclic_indvary2_step7_batch_yyy06.pl,r7,no,23.29,no,corr,None,None,None,None
2457,exp_acyclic_indvary2_step7_batch_yyy06.pl,p1,yes,24.18,yes,corr,None,None,None,None
2458,exp_acyclic_indvary2_step7_batch_yyy06.pl,a2,yes,24.42,yes,corr,None,None,None,None
2459,exp_acyclic_indvary2_step7_batch_yyy06.pl,p6,no,22.97,no,corr,None,None,None,None
2460,exp_acyclic_indvary2_step7_batch_yyy06.pl,q2,yes,24.41,yes,corr,None,None,None,None
2461,exp_acyclic_indvary2_step7_batch_yyy07.pl,u6,no,22.96,no,corr,None,None,None,None
2462,exp_acyclic_indvary2_step7_batch_yyy07.pl,b2,yes,24.67,yes,corr,None,None,None,None
2463,exp_acyclic_indvary2_step7_batch_yyy07.pl,v7,no,23.46,no,corr,None,None,None,None
2464,exp_acyclic_indvary2_step7_batch_yyy07.pl,z5,no,23.14,no,corr,None,None,None,None
2465,exp_acyclic_indvary2_step7_batch_yyy07.pl,s1,yes,24.69,yes,corr,None,None,None,None
2466,exp_acyclic_indvary2_step7_batch_yyy07.pl,f4,no,23.28,no,corr,None,None,None,None
2467,exp_acyclic_indvary2_step7_batch_yyy07.pl,y2,yes,24.9,yes,corr,None,None,None,None
2468,exp_acyclic_indvary2_step7_batch_yyy07.pl,r7,no,23.37,no,corr,None,None,None,None
2469,exp_acyclic_indvary2_step7_batch_yyy07.pl,z4,no,23.04,no,corr,None,None,None,None
2470,exp_acyclic_indvary2_step7_batch_yyy07.pl,r5,no,23.33,no,corr,None,None,None,None
2471,exp_acyclic_indvary2_step7_batch_yyy08.pl,q6,no,24.33,no,corr,None,None,None,None
2472,exp_acyclic_indvary2_step7_batch_yyy08.pl,d3,no,24.53,no,corr,None,None,None,None
2473,exp_acyclic_indvary2_step7_batch_yyy08.pl,v5,no,24.49,no,corr,None,None,None,None
2474,exp_acyclic_indvary2_step7_batch_yyy08.pl,w6,no,24.41,no,corr,None,None,None,None
2475,exp_acyclic_indvary2_step7_batch_yyy08.pl,r5,no,24.31,no,corr,None,None,None,None
2476,exp_acyclic_indvary2_step7_batch_yyy08.pl,u2,yes,26.67,yes,corr,None,None,None,None
2477,exp_acyclic_indvary2_step7_batch_yyy08.pl,s4,no,24.36,no,corr,None,None,None,None
2478,exp_acyclic_indvary2_step7_batch_yyy08.pl,v7,no,24.42,no,corr,None,None,None,None
2479,exp_acyclic_indvary2_step7_batch_yyy08.pl,y2,yes,26.16,yes,corr,None,None,None,None
2480,exp_acyclic_indvary2_step7_batch_yyy08.pl,x6,no,24.08,no,corr,None,None,None,None
2481,exp_acyclic_indvary2_step7_batch_yyy09.pl,a6,no,25.34,no,corr,None,None,None,None
2482,exp_acyclic_indvary2_step7_batch_yyy09.pl,e1,no,23.51,no,corr,None,None,None,None
2483,exp_acyclic_indvary2_step7_batch_yyy09.pl,d4,no,24.76,no,corr,None,None,None,None
2484,exp_acyclic_indvary2_step7_batch_yyy09.pl,b4,no,25.53,no,corr,None,None,None,None
2485,exp_acyclic_indvary2_step7_batch_yyy09.pl,a4,no,24.9,no,corr,None,None,None,None
2486,exp_acyclic_indvary2_step7_batch_yyy09.pl,z4,no,25.15,no,corr,None,None,None,None
2487,exp_acyclic_indvary2_step7_batch_yyy09.pl,v1,yes,26.74,yes,corr,None,None,None,None
2488,exp_acyclic_indvary2_step7_batch_yyy09.pl,b5,no,25.18,no,corr,None,None,None,None
2489,exp_acyclic_indvary2_step7_batch_yyy09.pl,y2,no,24.96,no,corr,None,None,None,None
2490,exp_acyclic_indvary2_step7_batch_yyy09.pl,q7,no,25.22,no,corr,None,None,None,None
2491,exp_acyclic_indvary2_step7_batch_yyy10.pl,t5,no,25.65,no,corr,None,None,None,None
2492,exp_acyclic_indvary2_step7_batch_yyy10.pl,z6,no,25.48,no,corr,None,None,None,None
2493,exp_acyclic_indvary2_step7_batch_yyy10.pl,e1,no,33.62,no,corr,None,None,None,None
2494,exp_acyclic_indvary2_step7_batch_yyy10.pl,s5,no,25.32,no,corr,None,None,None,None
2495,exp_acyclic_indvary2_step7_batch_yyy10.pl,x1,yes,27.59,yes,corr,None,None,None,None
2496,exp_acyclic_indvary2_step7_batch_yyy10.pl,p6,no,25.3,no,corr,None,None,None,None
2497,exp_acyclic_indvary2_step7_batch_yyy10.pl,s4,no,25.51,no,corr,None,None,None,None
2498,exp_acyclic_indvary2_step7_batch_yyy10.pl,w7,no,25.23,no,corr,None,None,None,None
2499,exp_acyclic_indvary2_step7_batch_yyy10.pl,c1,no,34.07,no,corr,None,None,None,None
2500,exp_acyclic_indvary2_step7_batch_yyy10.pl,s6,no,25.46,no,corr,None,None,None,None
2501,exp_acyclic_indvary2_step8_batch_yyy01.pl,q6,no,26.6,no,corr,None,None,None,None
2502,exp_acyclic_indvary2_step8_batch_yyy01.pl,c5,no,26.84,no,corr,None,None,None,None
2503,exp_acyclic_indvary2_step8_batch_yyy01.pl,v4,no,26.5,no,corr,None,None,None,None
2504,exp_acyclic_indvary2_step8_batch_yyy01.pl,d2,yes,28.4,yes,corr,None,None,None,None
2505,exp_acyclic_indvary2_step8_batch_yyy01.pl,p2,yes,28.41,yes,corr,None,None,None,None
2506,exp_acyclic_indvary2_step8_batch_yyy01.pl,r7,no,26.57,no,corr,None,None,None,None
2507,exp_acyclic_indvary2_step8_batch_yyy01.pl,w3,no,26.76,no,corr,None,None,None,None
2508,exp_acyclic_indvary2_step8_batch_yyy01.pl,x5,no,26.64,no,corr,None,None,None,None
2509,exp_acyclic_indvary2_step8_batch_yyy01.pl,t2,yes,28.37,yes,corr,None,None,None,None
2510,exp_acyclic_indvary2_step8_batch_yyy01.pl,s6,no,26.82,no,corr,None,None,None,None
2511,exp_acyclic_indvary2_step8_batch_yyy02.pl,f1,yes,30.01,yes,corr,None,None,None,None
2512,exp_acyclic_indvary2_step8_batch_yyy02.pl,r5,no,27.82,no,corr,None,None,None,None
2513,exp_acyclic_indvary2_step8_batch_yyy02.pl,v3,no,27.85,no,corr,None,None,None,None
2514,exp_acyclic_indvary2_step8_batch_yyy02.pl,d1,yes,29.8,yes,corr,None,None,None,None
2515,exp_acyclic_indvary2_step8_batch_yyy02.pl,y5,no,28.05,no,corr,None,None,None,None
2516,exp_acyclic_indvary2_step8_batch_yyy02.pl,f2,yes,29.87,yes,corr,None,None,None,None
2517,exp_acyclic_indvary2_step8_batch_yyy02.pl,v2,no,27.96,no,corr,None,None,None,None
2518,exp_acyclic_indvary2_step8_batch_yyy02.pl,q6,no,27.95,no,corr,None,None,None,None
2519,exp_acyclic_indvary2_step8_batch_yyy02.pl,v5,no,28.07,no,corr,None,None,None,None
2520,exp_acyclic_indvary2_step8_batch_yyy02.pl,w5,no,28.12,no,corr,None,None,None,None
2521,exp_acyclic_indvary2_step8_batch_yyy03.pl,d5,no,26.33,no,corr,None,None,None,None
2522,exp_acyclic_indvary2_step8_batch_yyy03.pl,v7,no,26.91,no,corr,None,None,None,None
2523,exp_acyclic_indvary2_step8_batch_yyy03.pl,d3,no,26.21,no,corr,None,None,None,None
2524,exp_acyclic_indvary2_step8_batch_yyy03.pl,t6,no,26.17,no,corr,None,None,None,None
2525,exp_acyclic_indvary2_step8_batch_yyy03.pl,f5,no,26.3,no,corr,None,None,None,None
2526,exp_acyclic_indvary2_step8_batch_yyy03.pl,z3,no,26.84,no,corr,None,None,None,None
2527,exp_acyclic_indvary2_step8_batch_yyy03.pl,d1,yes,28.09,yes,corr,None,None,None,None
2528,exp_acyclic_indvary2_step8_batch_yyy03.pl,q7,no,26.22,no,corr,None,None,None,None
2529,exp_acyclic_indvary2_step8_batch_yyy03.pl,r2,yes,28.06,yes,corr,None,None,None,None
2530,exp_acyclic_indvary2_step8_batch_yyy03.pl,r7,no,26.33,no,corr,None,None,None,None
2531,exp_acyclic_indvary2_step8_batch_yyy04.pl,p4,no,27.01,no,corr,None,None,None,None
2532,exp_acyclic_indvary2_step8_batch_yyy04.pl,q5,no,26.62,no,corr,None,None,None,None
2533,exp_acyclic_indvary2_step8_batch_yyy04.pl,x5,no,26.45,no,corr,None,None,None,None
2534,exp_acyclic_indvary2_step8_batch_yyy04.pl,p2,no,26.4,no,corr,None,None,None,None
2535,exp_acyclic_indvary2_step8_batch_yyy04.pl,f1,yes,29.07,yes,corr,None,None,None,None
2536,exp_acyclic_indvary2_step8_batch_yyy04.pl,e5,no,26.38,no,corr,None,None,None,None
2537,exp_acyclic_indvary2_step8_batch_yyy04.pl,w5,no,26.42,no,corr,None,None,None,None
2538,exp_acyclic_indvary2_step8_batch_yyy04.pl,u7,no,26.77,no,corr,None,None,None,None
2539,exp_acyclic_indvary2_step8_batch_yyy04.pl,e2,no,26.19,no,corr,None,None,None,None
2540,exp_acyclic_indvary2_step8_batch_yyy04.pl,t1,yes,30.16,yes,corr,None,None,None,None
2541,exp_acyclic_indvary2_step8_batch_yyy05.pl,p4,no,27.14,no,corr,None,None,None,None
2542,exp_acyclic_indvary2_step8_batch_yyy05.pl,w2,yes,28.93,yes,corr,None,None,None,None
2543,exp_acyclic_indvary2_step8_batch_yyy05.pl,b1,yes,28.6,yes,corr,None,None,None,None
2544,exp_acyclic_indvary2_step8_batch_yyy05.pl,x2,yes,28.78,yes,corr,None,None,None,None
2545,exp_acyclic_indvary2_step8_batch_yyy05.pl,t2,yes,27.29,yes,corr,None,None,None,None
2546,exp_acyclic_indvary2_step8_batch_yyy05.pl,y2,yes,25.79,yes,corr,None,None,None,None
2547,exp_acyclic_indvary2_step8_batch_yyy05.pl,b6,no,24.16,no,corr,None,None,None,None
2548,exp_acyclic_indvary2_step8_batch_yyy05.pl,a2,no,41.11,no,corr,None,None,None,None
2549,exp_acyclic_indvary2_step8_batch_yyy05.pl,b4,no,24.08,no,corr,None,None,None,None
2550,exp_acyclic_indvary2_step8_batch_yyy05.pl,t3,no,24.1,no,corr,None,None,None,None
2551,exp_acyclic_indvary2_step8_batch_yyy06.pl,v6,no,23.73,no,corr,None,None,None,None
2552,exp_acyclic_indvary2_step8_batch_yyy06.pl,w5,no,23.75,no,corr,None,None,None,None
2553,exp_acyclic_indvary2_step8_batch_yyy06.pl,f3,no,24.22,no,corr,None,None,None,None
2554,exp_acyclic_indvary2_step8_batch_yyy06.pl,e3,no,23.91,no,corr,None,None,None,None
2555,exp_acyclic_indvary2_step8_batch_yyy06.pl,r1,yes,26.75,yes,corr,None,None,None,None
2556,exp_acyclic_indvary2_step8_batch_yyy06.pl,b6,no,23.88,no,corr,None,None,None,None
2557,exp_acyclic_indvary2_step8_batch_yyy06.pl,p1,yes,25.6,yes,corr,None,None,None,None
2558,exp_acyclic_indvary2_step8_batch_yyy06.pl,q2,no,23.81,no,corr,None,None,None,None
2559,exp_acyclic_indvary2_step8_batch_yyy06.pl,c5,no,23.87,no,corr,None,None,None,None
2560,exp_acyclic_indvary2_step8_batch_yyy06.pl,b1,no,23.79,no,corr,None,None,None,None
2561,exp_acyclic_indvary2_step8_batch_yyy07.pl,u5,no,25.81,no,corr,None,None,None,None
2562,exp_acyclic_indvary2_step8_batch_yyy07.pl,z5,no,25.76,no,corr,None,None,None,None
2563,exp_acyclic_indvary2_step8_batch_yyy07.pl,b4,no,25.74,no,corr,None,None,None,None
2564,exp_acyclic_indvary2_step8_batch_yyy07.pl,w1,yes,27.48,yes,corr,None,None,None,None
2565,exp_acyclic_indvary2_step8_batch_yyy07.pl,x5,no,25.98,no,corr,None,None,None,None
2566,exp_acyclic_indvary2_step8_batch_yyy07.pl,u3,no,25.81,no,corr,None,None,None,None
2567,exp_acyclic_indvary2_step8_batch_yyy07.pl,s2,yes,27.37,yes,corr,None,None,None,None
2568,exp_acyclic_indvary2_step8_batch_yyy07.pl,a5,no,25.82,no,corr,None,None,None,None
2569,exp_acyclic_indvary2_step8_batch_yyy07.pl,y1,yes,27.38,yes,corr,None,None,None,None
2570,exp_acyclic_indvary2_step8_batch_yyy07.pl,r1,yes,27.44,yes,corr,None,None,None,None
2571,exp_acyclic_indvary2_step8_batch_yyy08.pl,z6,no,24.41,no,corr,None,None,None,None
2572,exp_acyclic_indvary2_step8_batch_yyy08.pl,v2,yes,25.93,yes,corr,None,None,None,None
2573,exp_acyclic_indvary2_step8_batch_yyy08.pl,c5,no,24.53,no,corr,None,None,None,None
2574,exp_acyclic_indvary2_step8_batch_yyy08.pl,w6,no,24.55,no,corr,None,None,None,None
2575,exp_acyclic_indvary2_step8_batch_yyy08.pl,z4,no,24.57,no,corr,None,None,None,None
2576,exp_acyclic_indvary2_step8_batch_yyy08.pl,s1,yes,27.48,yes,corr,None,None,None,None
2577,exp_acyclic_indvary2_step8_batch_yyy08.pl,a3,yes,26.17,yes,corr,None,None,None,None
2578,exp_acyclic_indvary2_step8_batch_yyy08.pl,q7,no,24.25,no,corr,None,None,None,None
2579,exp_acyclic_indvary2_step8_batch_yyy08.pl,x5,no,24.48,no,corr,None,None,None,None
2580,exp_acyclic_indvary2_step8_batch_yyy08.pl,b5,no,24.5,no,corr,None,None,None,None
2581,exp_acyclic_indvary2_step8_batch_yyy09.pl,q6,no,24.08,no,corr,None,None,None,None
2582,exp_acyclic_indvary2_step8_batch_yyy09.pl,t6,no,23.8,no,corr,None,None,None,None
2583,exp_acyclic_indvary2_step8_batch_yyy09.pl,e3,no,23.63,no,corr,None,None,None,None
2584,exp_acyclic_indvary2_step8_batch_yyy09.pl,r1,no,25.04,no,corr,None,None,None,None
2585,exp_acyclic_indvary2_step8_batch_yyy09.pl,d4,no,25.52,no,corr,None,None,None,None
2586,exp_acyclic_indvary2_step8_batch_yyy09.pl,x3,no,26.96,no,corr,None,None,None,None
2587,exp_acyclic_indvary2_step8_batch_yyy09.pl,f1,no,37.89,no,corr,None,None,None,None
2588,exp_acyclic_indvary2_step8_batch_yyy09.pl,e5,no,26.6,no,corr,None,None,None,None
2589,exp_acyclic_indvary2_step8_batch_yyy09.pl,f4,no,26.28,no,corr,None,None,None,None
2590,exp_acyclic_indvary2_step8_batch_yyy09.pl,a3,no,38.14,no,corr,None,None,None,None
2591,exp_acyclic_indvary2_step8_batch_yyy10.pl,c3,no,26.76,no,corr,None,None,None,None
2592,exp_acyclic_indvary2_step8_batch_yyy10.pl,v7,no,28.64,no,corr,None,None,None,None
2593,exp_acyclic_indvary2_step8_batch_yyy10.pl,v6,no,28.55,no,corr,None,None,None,None
2594,exp_acyclic_indvary2_step8_batch_yyy10.pl,b4,no,28.18,no,corr,None,None,None,None
2595,exp_acyclic_indvary2_step8_batch_yyy10.pl,t6,no,28.5,no,corr,None,None,None,None
2596,exp_acyclic_indvary2_step8_batch_yyy10.pl,e3,no,28.18,no,corr,None,None,None,None
2597,exp_acyclic_indvary2_step8_batch_yyy10.pl,a3,yes,28.78,yes,corr,None,None,None,None
2598,exp_acyclic_indvary2_step8_batch_yyy10.pl,d1,no,26.86,no,corr,None,None,None,None
2599,exp_acyclic_indvary2_step8_batch_yyy10.pl,w6,no,28.84,no,corr,None,None,None,None
2600,exp_acyclic_indvary2_step8_batch_yyy10.pl,x2,yes,30.13,yes,corr,None,None,None,None
2601,exp_acyclic_indvary3_step1_batch_yyy01.pl,t3,no,2.58,no,corr,None,None,None,None
2602,exp_acyclic_indvary3_step1_batch_yyy01.pl,a5,no,2.54,no,corr,None,None,None,None
2603,exp_acyclic_indvary3_step1_batch_yyy01.pl,p3,yes,2.71,yes,corr,None,None,None,None
2604,exp_acyclic_indvary3_step1_batch_yyy01.pl,c1,no,3.16,no,corr,None,None,None,None
2605,exp_acyclic_indvary3_step1_batch_yyy01.pl,e3,no,2.49,no,corr,None,None,None,None
2606,exp_acyclic_indvary3_step1_batch_yyy01.pl,q3,yes,2.6,yes,corr,None,None,None,None
2607,exp_acyclic_indvary3_step1_batch_yyy01.pl,r7,no,2.41,no,corr,None,None,None,None
2608,exp_acyclic_indvary3_step1_batch_yyy01.pl,u2,yes,2.59,yes,corr,None,None,None,None
2609,exp_acyclic_indvary3_step1_batch_yyy01.pl,r1,no,2.49,no,corr,None,None,None,None
2610,exp_acyclic_indvary3_step1_batch_yyy01.pl,d2,yes,2.64,yes,corr,None,None,None,None
2611,exp_acyclic_indvary3_step1_batch_yyy02.pl,u6,no,2.49,no,corr,None,None,None,None
2612,exp_acyclic_indvary3_step1_batch_yyy02.pl,z5,no,2.37,no,corr,None,None,None,None
2613,exp_acyclic_indvary3_step1_batch_yyy02.pl,f1,no,2.4,no,corr,None,None,None,None
2614,exp_acyclic_indvary3_step1_batch_yyy02.pl,v5,no,2.33,no,corr,None,None,None,None
2615,exp_acyclic_indvary3_step1_batch_yyy02.pl,c2,yes,2.48,yes,corr,None,None,None,None
2616,exp_acyclic_indvary3_step1_batch_yyy02.pl,x7,no,2.48,no,corr,None,None,None,None
2617,exp_acyclic_indvary3_step1_batch_yyy02.pl,f5,no,2.41,no,corr,None,None,None,None
2618,exp_acyclic_indvary3_step1_batch_yyy02.pl,v1,yes,2.47,yes,corr,None,None,None,None
2619,exp_acyclic_indvary3_step1_batch_yyy02.pl,t7,no,2.38,no,corr,None,None,None,None
2620,exp_acyclic_indvary3_step1_batch_yyy02.pl,y5,no,2.41,no,corr,None,None,None,None
2621,exp_acyclic_indvary3_step1_batch_yyy03.pl,q6,no,2.61,no,corr,None,None,None,None
2622,exp_acyclic_indvary3_step1_batch_yyy03.pl,u1,no,2.56,no,corr,None,None,None,None
2623,exp_acyclic_indvary3_step1_batch_yyy03.pl,c5,no,2.52,no,corr,None,None,None,None
2624,exp_acyclic_indvary3_step1_batch_yyy03.pl,t7,no,2.5,no,corr,None,None,None,None
2625,exp_acyclic_indvary3_step1_batch_yyy03.pl,y2,no,2.88,no,corr,None,None,None,None
2626,exp_acyclic_indvary3_step1_batch_yyy03.pl,e2,yes,2.78,yes,corr,None,None,None,None
2627,exp_acyclic_indvary3_step1_batch_yyy03.pl,e3,no,2.59,no,corr,None,None,None,None
2628,exp_acyclic_indvary3_step1_batch_yyy03.pl,r4,no,2.54,no,corr,None,None,None,None
2629,exp_acyclic_indvary3_step1_batch_yyy03.pl,y1,yes,2.61,yes,corr,None,None,None,None
2630,exp_acyclic_indvary3_step1_batch_yyy03.pl,s1,no,2.51,no,corr,None,None,None,None
2631,exp_acyclic_indvary3_step1_batch_yyy04.pl,z5,no,2.35,no,corr,None,None,None,None
2632,exp_acyclic_indvary3_step1_batch_yyy04.pl,d4,no,2.27,no,corr,None,None,None,None
2633,exp_acyclic_indvary3_step1_batch_yyy04.pl,u4,no,2.25,no,corr,None,None,None,None
2634,exp_acyclic_indvary3_step1_batch_yyy04.pl,b1,yes,2.47,yes,corr,None,None,None,None
2635,exp_acyclic_indvary3_step1_batch_yyy04.pl,x7,no,2.36,no,corr,None,None,None,None
2636,exp_acyclic_indvary3_step1_batch_yyy04.pl,s6,no,2.39,no,corr,None,None,None,None
2637,exp_acyclic_indvary3_step1_batch_yyy04.pl,d2,no,2.4,no,corr,None,None,None,None
2638,exp_acyclic_indvary3_step1_batch_yyy04.pl,r2,no,2.34,no,corr,None,None,None,None
2639,exp_acyclic_indvary3_step1_batch_yyy04.pl,c3,yes,2.52,yes,corr,None,None,None,None
2640,exp_acyclic_indvary3_step1_batch_yyy04.pl,s3,yes,2.5,yes,corr,None,None,None,None
2641,exp_acyclic_indvary3_step1_batch_yyy05.pl,z6,no,2.86,no,corr,None,None,None,None
2642,exp_acyclic_indvary3_step1_batch_yyy05.pl,b3,no,2.76,no,corr,None,None,None,None
2643,exp_acyclic_indvary3_step1_batch_yyy05.pl,v2,no,2.77,no,corr,None,None,None,None
2644,exp_acyclic_indvary3_step1_batch_yyy05.pl,x3,yes,2.91,yes,corr,None,None,None,None
2645,exp_acyclic_indvary3_step1_batch_yyy05.pl,t3,yes,2.79,yes,corr,None,None,None,None
2646,exp_acyclic_indvary3_step1_batch_yyy05.pl,w4,no,2.62,no,corr,None,None,None,None
2647,exp_acyclic_indvary3_step1_batch_yyy05.pl,t2,yes,2.6,yes,corr,None,None,None,None
2648,exp_acyclic_indvary3_step1_batch_yyy05.pl,r2,no,2.61,no,corr,None,None,None,None
2649,exp_acyclic_indvary3_step1_batch_yyy05.pl,s1,yes,2.79,yes,corr,None,None,None,None
2650,exp_acyclic_indvary3_step1_batch_yyy05.pl,d2,yes,2.87,yes,corr,None,None,None,None
2651,exp_acyclic_indvary3_step1_batch_yyy06.pl,u6,no,1.92,no,corr,None,None,None,None
2652,exp_acyclic_indvary3_step1_batch_yyy06.pl,d3,no,1.84,no,corr,None,None,None,None
2653,exp_acyclic_indvary3_step1_batch_yyy06.pl,w5,no,1.92,no,corr,None,None,None,None
2654,exp_acyclic_indvary3_step1_batch_yyy06.pl,b4,no,1.93,no,corr,None,None,None,None
2655,exp_acyclic_indvary3_step1_batch_yyy06.pl,v1,yes,2.57,yes,corr,None,None,None,None
2656,exp_acyclic_indvary3_step1_batch_yyy06.pl,t7,no,1.97,no,corr,None,None,None,None
2657,exp_acyclic_indvary3_step1_batch_yyy06.pl,p2,no,1.93,no,corr,None,None,None,None
2658,exp_acyclic_indvary3_step1_batch_yyy06.pl,q3,yes,1.92,yes,corr,None,None,None,None
2659,exp_acyclic_indvary3_step1_batch_yyy06.pl,v3,no,1.91,no,corr,None,None,None,None
2660,exp_acyclic_indvary3_step1_batch_yyy06.pl,a2,no,2.55,no,corr,None,None,None,None
2661,exp_acyclic_indvary3_step1_batch_yyy07.pl,b2,yes,1.78,yes,corr,None,None,None,None
2662,exp_acyclic_indvary3_step1_batch_yyy07.pl,c2,no,2.23,no,corr,None,None,None,None
2663,exp_acyclic_indvary3_step1_batch_yyy07.pl,u3,no,1.64,no,corr,None,None,None,None
2664,exp_acyclic_indvary3_step1_batch_yyy07.pl,y1,no,1.67,no,corr,None,None,None,None
2665,exp_acyclic_indvary3_step1_batch_yyy07.pl,r2,no,1.6,no,corr,None,None,None,None
2666,exp_acyclic_indvary3_step1_batch_yyy07.pl,u2,no,1.66,no,corr,None,None,None,None
2667,exp_acyclic_indvary3_step1_batch_yyy07.pl,q7,no,1.65,no,corr,None,None,None,None
2668,exp_acyclic_indvary3_step1_batch_yyy07.pl,y5,no,1.63,no,corr,None,None,None,None
2669,exp_acyclic_indvary3_step1_batch_yyy07.pl,p6,no,1.6,no,corr,None,None,None,None
2670,exp_acyclic_indvary3_step1_batch_yyy07.pl,q2,no,1.66,no,corr,None,None,None,None
2671,exp_acyclic_indvary3_step1_batch_yyy08.pl,s3,no,2.56,no,corr,None,None,None,None
2672,exp_acyclic_indvary3_step1_batch_yyy08.pl,s4,no,2.45,no,corr,None,None,None,None
2673,exp_acyclic_indvary3_step1_batch_yyy08.pl,x3,yes,2.55,yes,corr,None,None,None,None
2674,exp_acyclic_indvary3_step1_batch_yyy08.pl,f1,no,2.45,no,corr,None,None,None,None
2675,exp_acyclic_indvary3_step1_batch_yyy08.pl,q1,yes,2.59,yes,corr,None,None,None,None
2676,exp_acyclic_indvary3_step1_batch_yyy08.pl,p6,no,2.43,no,corr,None,None,None,None
2677,exp_acyclic_indvary3_step1_batch_yyy08.pl,z5,no,2.42,no,corr,None,None,None,None
2678,exp_acyclic_indvary3_step1_batch_yyy08.pl,v2,yes,2.63,yes,corr,None,None,None,None
2679,exp_acyclic_indvary3_step1_batch_yyy08.pl,q3,no,2.78,no,corr,None,None,None,None
2680,exp_acyclic_indvary3_step1_batch_yyy08.pl,x6,no,2.54,no,corr,None,None,None,None
2681,exp_acyclic_indvary3_step1_batch_yyy09.pl,v6,no,2.46,no,corr,None,None,None,None
2682,exp_acyclic_indvary3_step1_batch_yyy09.pl,v5,no,2.41,no,corr,None,None,None,None
2683,exp_acyclic_indvary3_step1_batch_yyy09.pl,c3,no,2.67,no,corr,None,None,None,None
2684,exp_acyclic_indvary3_step1_batch_yyy09.pl,t5,no,2.48,no,corr,None,None,None,None
2685,exp_acyclic_indvary3_step1_batch_yyy09.pl,d3,no,2.47,no,corr,None,None,None,None
2686,exp_acyclic_indvary3_step1_batch_yyy09.pl,u4,no,2.29,no,corr,None,None,None,None
2687,exp_acyclic_indvary3_step1_batch_yyy09.pl,s2,yes,2.42,yes,corr,None,None,None,None
2688,exp_acyclic_indvary3_step1_batch_yyy09.pl,c2,yes,2.52,yes,corr,None,None,None,None
2689,exp_acyclic_indvary3_step1_batch_yyy09.pl,y3,yes,2.48,yes,corr,None,None,None,None
2690,exp_acyclic_indvary3_step1_batch_yyy09.pl,r5,no,2.37,no,corr,None,None,None,None
2691,exp_acyclic_indvary3_step1_batch_yyy10.pl,d5,no,2.07,no,corr,None,None,None,None
2692,exp_acyclic_indvary3_step1_batch_yyy10.pl,w7,no,2.12,no,corr,None,None,None,None
2693,exp_acyclic_indvary3_step1_batch_yyy10.pl,e5,no,2.11,no,corr,None,None,None,None
2694,exp_acyclic_indvary3_step1_batch_yyy10.pl,c5,no,2.11,no,corr,None,None,None,None
2695,exp_acyclic_indvary3_step1_batch_yyy10.pl,p3,yes,2.09,yes,corr,None,None,None,None
2696,exp_acyclic_indvary3_step1_batch_yyy10.pl,c1,yes,2.19,yes,corr,None,None,None,None
2697,exp_acyclic_indvary3_step1_batch_yyy10.pl,r1,no,2.13,no,corr,None,None,None,None
2698,exp_acyclic_indvary3_step1_batch_yyy10.pl,b6,no,2.18,no,corr,None,None,None,None
2699,exp_acyclic_indvary3_step1_batch_yyy10.pl,v3,no,2.19,no,corr,None,None,None,None
2700,exp_acyclic_indvary3_step1_batch_yyy10.pl,e2,yes,2.21,yes,corr,None,None,None,None
2701,exp_acyclic_indvary3_step2_batch_yyy01.pl,u6,no,3.0,no,corr,None,None,None,None
2702,exp_acyclic_indvary3_step2_batch_yyy01.pl,q6,no,2.96,no,corr,None,None,None,None
2703,exp_acyclic_indvary3_step2_batch_yyy01.pl,p4,yes,4.67,yes,corr,None,None,None,None
2704,exp_acyclic_indvary3_step2_batch_yyy01.pl,e5,no,2.91,no,corr,None,None,None,None
2705,exp_acyclic_indvary3_step2_batch_yyy01.pl,x7,no,2.82,no,corr,None,None,None,None
2706,exp_acyclic_indvary3_step2_batch_yyy01.pl,z4,no,2.84,no,corr,None,None,None,None
2707,exp_acyclic_indvary3_step2_batch_yyy01.pl,r4,no,2.85,no,corr,None,None,None,None
2708,exp_acyclic_indvary3_step2_batch_yyy01.pl,x1,no,4.33,no,corr,None,None,None,None
2709,exp_acyclic_indvary3_step2_batch_yyy01.pl,q7,no,2.94,no,corr,None,None,None,None
2710,exp_acyclic_indvary3_step2_batch_yyy01.pl,a2,no,3.12,no,corr,None,None,None,None
2711,exp_acyclic_indvary3_step2_batch_yyy02.pl,d5,no,3.15,no,corr,None,None,None,None
2712,exp_acyclic_indvary3_step2_batch_yyy02.pl,c4,no,3.05,no,corr,None,None,None,None
2713,exp_acyclic_indvary3_step2_batch_yyy02.pl,w7,no,3.07,no,corr,None,None,None,None
2714,exp_acyclic_indvary3_step2_batch_yyy02.pl,x3,no,3.05,no,corr,None,None,None,None
2715,exp_acyclic_indvary3_step2_batch_yyy02.pl,u4,no,2.94,no,corr,None,None,None,None
2716,exp_acyclic_indvary3_step2_batch_yyy02.pl,a4,no,2.97,no,corr,None,None,None,None
2717,exp_acyclic_indvary3_step2_batch_yyy02.pl,e4,no,2.91,no,corr,None,None,None,None
2718,exp_acyclic_indvary3_step2_batch_yyy02.pl,u3,no,2.94,no,corr,None,None,None,None
2719,exp_acyclic_indvary3_step2_batch_yyy02.pl,q3,no,4.31,no,corr,None,None,None,None
2720,exp_acyclic_indvary3_step2_batch_yyy02.pl,v3,no,19.93,no,corr,None,None,None,None
2721,exp_acyclic_indvary3_step2_batch_yyy03.pl,v7,no,4.01,no,corr,None,None,None,None
2722,exp_acyclic_indvary3_step2_batch_yyy03.pl,v6,no,3.94,no,corr,None,None,None,None
2723,exp_acyclic_indvary3_step2_batch_yyy03.pl,u4,no,4.01,no,corr,None,None,None,None
2724,exp_acyclic_indvary3_step2_batch_yyy03.pl,v5,no,4.09,no,corr,None,None,None,None
2725,exp_acyclic_indvary3_step2_batch_yyy03.pl,t7,no,4.16,no,corr,None,None,None,None
2726,exp_acyclic_indvary3_step2_batch_yyy03.pl,s1,no,4.1,no,corr,None,None,None,None
2727,exp_acyclic_indvary3_step2_batch_yyy03.pl,v1,no,4.03,no,corr,None,None,None,None
2728,exp_acyclic_indvary3_step2_batch_yyy03.pl,w1,,600.0,no,TIMEOUT,,,,
2729,exp_acyclic_indvary3_step2_batch_yyy03.pl,p6,no,10.72,no,corr,None,None,None,None
2730,exp_acyclic_indvary3_step2_batch_yyy03.pl,q2,no,10.7,no,corr,None,None,None,None
2731,exp_acyclic_indvary3_step2_batch_yyy04.pl,t5,no,8.77,no,corr,None,None,None,None
2732,exp_acyclic_indvary3_step2_batch_yyy04.pl,w7,no,8.8,no,corr,None,None,None,None
2733,exp_acyclic_indvary3_step2_batch_yyy04.pl,v6,no,8.87,no,corr,None,None,None,None
2734,exp_acyclic_indvary3_step2_batch_yyy04.pl,s5,no,8.66,no,corr,None,None,None,None
2735,exp_acyclic_indvary3_step2_batch_yyy04.pl,s2,no,8.74,no,corr,None,None,None,None
2736,exp_acyclic_indvary3_step2_batch_yyy04.pl,x2,no,8.81,no,corr,None,None,None,None
2737,exp_acyclic_indvary3_step2_batch_yyy04.pl,y3,,600.0,no,TIMEOUT,,,,
2738,exp_acyclic_indvary3_step2_batch_yyy04.pl,u2,yes,17.65,yes,corr,None,None,None,None
2739,exp_acyclic_indvary3_step2_batch_yyy04.pl,y6,no,11.7,no,corr,None,None,None,None
2740,exp_acyclic_indvary3_step2_batch_yyy04.pl,p6,no,12.01,no,corr,None,None,None,None
2741,exp_acyclic_indvary3_step2_batch_yyy05.pl,b2,yes,11.95,yes,corr,None,None,None,None
2742,exp_acyclic_indvary3_step2_batch_yyy05.pl,z5,no,11.35,no,corr,None,None,None,None
2743,exp_acyclic_indvary3_step2_batch_yyy05.pl,e4,no,11.29,no,corr,None,None,None,None
2744,exp_acyclic_indvary3_step2_batch_yyy05.pl,v1,yes,14.55,yes,corr,None,None,None,None
2745,exp_acyclic_indvary3_step2_batch_yyy05.pl,y2,yes,90.01,yes,corr,None,None,None,None
2746,exp_acyclic_indvary3_step2_batch_yyy05.pl,x4,no,11.14,no,corr,None,None,None,None
2747,exp_acyclic_indvary3_step2_batch_yyy05.pl,c1,yes,16.16,yes,corr,None,None,None,None
2748,exp_acyclic_indvary3_step2_batch_yyy05.pl,b5,no,11.76,no,corr,None,None,None,None
2749,exp_acyclic_indvary3_step2_batch_yyy05.pl,f4,no,11.0,no,corr,None,None,None,None
2750,exp_acyclic_indvary3_step2_batch_yyy05.pl,z3,,600.0,no,TIMEOUT,,,,
2751,exp_acyclic_indvary3_step2_batch_yyy06.pl,z6,no,13.43,no,corr,None,None,None,None
2752,exp_acyclic_indvary3_step2_batch_yyy06.pl,s4,no,13.4,no,corr,None,None,None,None
2753,exp_acyclic_indvary3_step2_batch_yyy06.pl,v2,no,71.28,no,corr,None,None,None,None
2754,exp_acyclic_indvary3_step2_batch_yyy06.pl,d3,no,12.84,no,corr,None,None,None,None
2755,exp_acyclic_indvary3_step2_batch_yyy06.pl,a5,no,13.51,no,corr,None,None,None,None
2756,exp_acyclic_indvary3_step2_batch_yyy06.pl,x4,no,13.46,no,corr,None,None,None,None
2757,exp_acyclic_indvary3_step2_batch_yyy06.pl,q5,no,13.3,no,corr,None,None,None,None
2758,exp_acyclic_indvary3_step2_batch_yyy06.pl,t3,no,13.61,no,corr,None,None,None,None
2759,exp_acyclic_indvary3_step2_batch_yyy06.pl,b6,no,12.77,no,corr,None,None,None,None
2760,exp_acyclic_indvary3_step2_batch_yyy06.pl,a1,yes,19.51,yes,corr,None,None,None,None
2761,exp_acyclic_indvary3_step2_batch_yyy07.pl,s4,no,11.77,no,corr,None,None,None,None
2762,exp_acyclic_indvary3_step2_batch_yyy07.pl,p4,no,10.04,no,corr,None,None,None,None
2763,exp_acyclic_indvary3_step2_batch_yyy07.pl,a4,no,10.16,no,corr,None,None,None,None
2764,exp_acyclic_indvary3_step2_batch_yyy07.pl,r5,no,10.2,no,corr,None,None,None,None
2765,exp_acyclic_indvary3_step2_batch_yyy07.pl,v4,no,9.56,no,corr,None,None,None,None
2766,exp_acyclic_indvary3_step2_batch_yyy07.pl,f4,no,10.14,no,corr,None,None,None,None
2767,exp_acyclic_indvary3_step2_batch_yyy07.pl,x6,no,10.3,no,corr,None,None,None,None
2768,exp_acyclic_indvary3_step2_batch_yyy07.pl,r7,no,10.07,no,corr,None,None,None,None
2769,exp_acyclic_indvary3_step2_batch_yyy07.pl,x5,no,9.84,no,corr,None,None,None,None
2770,exp_acyclic_indvary3_step2_batch_yyy07.pl,c1,yes,10.36,yes,corr,None,None,None,None
2771,exp_acyclic_indvary3_step2_batch_yyy08.pl,u5,no,13.7,no,corr,None,None,None,None
2772,exp_acyclic_indvary3_step2_batch_yyy08.pl,r6,no,13.57,no,corr,None,None,None,None
2773,exp_acyclic_indvary3_step2_batch_yyy08.pl,a4,no,13.66,no,corr,None,None,None,None
2774,exp_acyclic_indvary3_step2_batch_yyy08.pl,a3,yes,20.3,yes,corr,None,None,None,None
2775,exp_acyclic_indvary3_step2_batch_yyy08.pl,b6,no,13.95,no,corr,None,None,None,None
2776,exp_acyclic_indvary3_step2_batch_yyy08.pl,q2,no,27.57,no,corr,None,None,None,None
2777,exp_acyclic_indvary3_step2_batch_yyy08.pl,s2,no,13.96,no,corr,None,None,None,None
2778,exp_acyclic_indvary3_step2_batch_yyy08.pl,b1,yes,14.44,yes,corr,None,None,None,None
2779,exp_acyclic_indvary3_step2_batch_yyy08.pl,c1,no,27.79,no,corr,None,None,None,None
2780,exp_acyclic_indvary3_step2_batch_yyy08.pl,t2,no,387.61,no,corr,None,None,None,None
2781,exp_acyclic_indvary3_step2_batch_yyy09.pl,z5,no,9.12,no,corr,None,None,None,None
2782,exp_acyclic_indvary3_step2_batch_yyy09.pl,u7,no,9.23,no,corr,None,None,None,None
2783,exp_acyclic_indvary3_step2_batch_yyy09.pl,v1,no,8.96,no,corr,None,None,None,None
2784,exp_acyclic_indvary3_step2_batch_yyy09.pl,y2,no,8.92,no,corr,None,None,None,None
2785,exp_acyclic_indvary3_step2_batch_yyy09.pl,b6,no,9.02,no,corr,None,None,None,None
2786,exp_acyclic_indvary3_step2_batch_yyy09.pl,a6,no,9.25,no,corr,None,None,None,None
2787,exp_acyclic_indvary3_step2_batch_yyy09.pl,v7,no,8.93,no,corr,None,None,None,None
2788,exp_acyclic_indvary3_step2_batch_yyy09.pl,z4,no,8.95,no,corr,None,None,None,None
2789,exp_acyclic_indvary3_step2_batch_yyy09.pl,r5,no,9.05,no,corr,None,None,None,None
2790,exp_acyclic_indvary3_step2_batch_yyy09.pl,e4,no,8.98,no,corr,None,None,None,None
2791,exp_acyclic_indvary3_step2_batch_yyy10.pl,f5,no,8.08,no,corr,None,None,None,None
2792,exp_acyclic_indvary3_step2_batch_yyy10.pl,z4,no,8.02,no,corr,None,None,None,None
2793,exp_acyclic_indvary3_step2_batch_yyy10.pl,x5,no,8.08,no,corr,None,None,None,None
2794,exp_acyclic_indvary3_step2_batch_yyy10.pl,y1,no,8.06,no,corr,None,None,None,None
2795,exp_acyclic_indvary3_step2_batch_yyy10.pl,x6,no,8.01,no,corr,None,None,None,None
2796,exp_acyclic_indvary3_step2_batch_yyy10.pl,d1,yes,11.41,yes,corr,None,None,None,None
2797,exp_acyclic_indvary3_step2_batch_yyy10.pl,a6,no,8.07,no,corr,None,None,None,None
2798,exp_acyclic_indvary3_step2_batch_yyy10.pl,b3,yes,8.63,yes,corr,None,None,None,None
2799,exp_acyclic_indvary3_step2_batch_yyy10.pl,z1,no,15.81,no,corr,None,None,None,None
2800,exp_acyclic_indvary3_step2_batch_yyy10.pl,b1,no,8.44,no,corr,None,None,None,None
2801,exp_acyclic_indvary3_step3_batch_yyy01.pl,u5,no,9.88,no,corr,None,None,None,None
2802,exp_acyclic_indvary3_step3_batch_yyy01.pl,t4,no,9.76,no,corr,None,None,None,None
2803,exp_acyclic_indvary3_step3_batch_yyy01.pl,b3,yes,10.51,yes,corr,None,None,None,None
2804,exp_acyclic_indvary3_step3_batch_yyy01.pl,t3,yes,13.67,yes,corr,None,None,None,None
2805,exp_acyclic_indvary3_step3_batch_yyy01.pl,c1,yes,10.32,yes,corr,None,None,None,None
2806,exp_acyclic_indvary3_step3_batch_yyy01.pl,s1,no,9.82,no,corr,None,None,None,None
2807,exp_acyclic_indvary3_step3_batch_yyy01.pl,a3,no,18.22,no,corr,None,None,None,None
2808,exp_acyclic_indvary3_step3_batch_yyy01.pl,x4,no,9.79,no,corr,None,None,None,None
2809,exp_acyclic_indvary3_step3_batch_yyy01.pl,d1,yes,10.49,yes,corr,None,None,None,None
2810,exp_acyclic_indvary3_step3_batch_yyy01.pl,t1,no,16.22,no,corr,None,None,None,None
2811,exp_acyclic_indvary3_step3_batch_yyy02.pl,z6,no,10.23,no,corr,None,None,None,None
2812,exp_acyclic_indvary3_step3_batch_yyy02.pl,p4,no,10.15,no,corr,None,None,None,None
2813,exp_acyclic_indvary3_step3_batch_yyy02.pl,w2,no,14.76,no,corr,None,None,None,None
2814,exp_acyclic_indvary3_step3_batch_yyy02.pl,x2,no,24.16,no,corr,None,None,None,None
2815,exp_acyclic_indvary3_step3_batch_yyy02.pl,w4,no,10.11,no,corr,None,None,None,None
2816,exp_acyclic_indvary3_step3_batch_yyy02.pl,p2,no,10.12,no,corr,None,None,None,None
2817,exp_acyclic_indvary3_step3_batch_yyy02.pl,s4,no,10.21,no,corr,None,None,None,None
2818,exp_acyclic_indvary3_step3_batch_yyy02.pl,y4,no,10.22,no,corr,None,None,None,None
2819,exp_acyclic_indvary3_step3_batch_yyy02.pl,q7,no,10.1,no,corr,None,None,None,None
2820,exp_acyclic_indvary3_step3_batch_yyy02.pl,y5,no,10.24,no,corr,None,None,None,None
2821,exp_acyclic_indvary3_step3_batch_yyy03.pl,z5,no,11.29,no,corr,None,None,None,None
2822,exp_acyclic_indvary3_step3_batch_yyy03.pl,p5,no,11.19,no,corr,None,None,None,None
2823,exp_acyclic_indvary3_step3_batch_yyy03.pl,u7,no,11.29,no,corr,None,None,None,None
2824,exp_acyclic_indvary3_step3_batch_yyy03.pl,q5,no,11.29,no,corr,None,None,None,None
2825,exp_acyclic_indvary3_step3_batch_yyy03.pl,c2,no,11.99,no,corr,None,None,None,None
2826,exp_acyclic_indvary3_step3_batch_yyy03.pl,f3,no,11.33,no,corr,None,None,None,None
2827,exp_acyclic_indvary3_step3_batch_yyy03.pl,z2,no,52.86,no,corr,None,None,None,None
2828,exp_acyclic_indvary3_step3_batch_yyy03.pl,x1,no,11.18,no,corr,None,None,None,None
2829,exp_acyclic_indvary3_step3_batch_yyy03.pl,r3,no,11.28,no,corr,None,None,None,None
2830,exp_acyclic_indvary3_step3_batch_yyy03.pl,y6,no,12.3,no,corr,None,None,None,None
2831,exp_acyclic_indvary3_step3_batch_yyy04.pl,s3,no,25.63,no,corr,None,None,None,None
2832,exp_acyclic_indvary3_step3_batch_yyy04.pl,c2,yes,14.69,yes,corr,None,None,None,None
2833,exp_acyclic_indvary3_step3_batch_yyy04.pl,t7,no,10.16,no,corr,None,None,None,None
2834,exp_acyclic_indvary3_step3_batch_yyy04.pl,z3,no,14.56,no,corr,None,None,None,None
2835,exp_acyclic_indvary3_step3_batch_yyy04.pl,b6,no,10.12,no,corr,None,None,None,None
2836,exp_acyclic_indvary3_step3_batch_yyy04.pl,u2,no,10.18,no,corr,None,None,None,None
2837,exp_acyclic_indvary3_step3_batch_yyy04.pl,y6,no,10.21,no,corr,None,None,None,None
2838,exp_acyclic_indvary3_step3_batch_yyy04.pl,p6,no,10.09,no,corr,None,None,None,None
2839,exp_acyclic_indvary3_step3_batch_yyy04.pl,u5,no,10.13,no,corr,None,None,None,None
2840,exp_acyclic_indvary3_step3_batch_yyy04.pl,d5,no,10.17,no,corr,None,None,None,None
2841,exp_acyclic_indvary3_step3_batch_yyy05.pl,b3,yes,9.31,yes,corr,None,None,None,None
2842,exp_acyclic_indvary3_step3_batch_yyy05.pl,w5,no,8.59,no,corr,None,None,None,None
2843,exp_acyclic_indvary3_step3_batch_yyy05.pl,s5,no,8.65,no,corr,None,None,None,None
2844,exp_acyclic_indvary3_step3_batch_yyy05.pl,r5,no,8.72,no,corr,None,None,None,None
2845,exp_acyclic_indvary3_step3_batch_yyy05.pl,w4,no,8.65,no,corr,None,None,None,None
2846,exp_acyclic_indvary3_step3_batch_yyy05.pl,t1,no,11.61,no,corr,None,None,None,None
2847,exp_acyclic_indvary3_step3_batch_yyy05.pl,q2,no,20.42,no,corr,None,None,None,None
2848,exp_acyclic_indvary3_step3_batch_yyy05.pl,w2,no,16.2,no,corr,None,None,None,None
2849,exp_acyclic_indvary3_step3_batch_yyy05.pl,r6,no,8.7,no,corr,None,None,None,None
2850,exp_acyclic_indvary3_step3_batch_yyy05.pl,f1,yes,8.64,yes,corr,None,None,None,None
2851,exp_acyclic_indvary3_step3_batch_yyy06.pl,u6,no,10.5,no,corr,None,None,None,None
2852,exp_acyclic_indvary3_step3_batch_yyy06.pl,x3,no,10.39,no,corr,None,None,None,None
2853,exp_acyclic_indvary3_step3_batch_yyy06.pl,s5,no,10.5,no,corr,None,None,None,None
2854,exp_acyclic_indvary3_step3_batch_yyy06.pl,q4,no,10.44,no,corr,None,None,None,None
2855,exp_acyclic_indvary3_step3_batch_yyy06.pl,f3,no,10.4,no,corr,None,None,None,None
2856,exp_acyclic_indvary3_step3_batch_yyy06.pl,r7,no,10.43,no,corr,None,None,None,None
2857,exp_acyclic_indvary3_step3_batch_yyy06.pl,t4,no,10.47,no,corr,None,None,None,None
2858,exp_acyclic_indvary3_step3_batch_yyy06.pl,t5,no,10.45,no,corr,None,None,None,None
2859,exp_acyclic_indvary3_step3_batch_yyy06.pl,y2,no,18.75,no,corr,None,None,None,None
2860,exp_acyclic_indvary3_step3_batch_yyy06.pl,x6,no,10.49,no,corr,None,None,None,None
2861,exp_acyclic_indvary3_step3_batch_yyy07.pl,f1,yes,9.98,yes,corr,None,None,None,None
2862,exp_acyclic_indvary3_step3_batch_yyy07.pl,v5,no,9.25,no,corr,None,None,None,None
2863,exp_acyclic_indvary3_step3_batch_yyy07.pl,x7,no,9.34,no,corr,None,None,None,None
2864,exp_acyclic_indvary3_step3_batch_yyy07.pl,f3,no,9.31,no,corr,None,None,None,None
2865,exp_acyclic_indvary3_step3_batch_yyy07.pl,r4,no,9.27,no,corr,None,None,None,None
2866,exp_acyclic_indvary3_step3_batch_yyy07.pl,d2,yes,9.86,yes,corr,None,None,None,None
2867,exp_acyclic_indvary3_step3_batch_yyy07.pl,x6,no,9.33,no,corr,None,None,None,None
2868,exp_acyclic_indvary3_step3_batch_yyy07.pl,x1,no,9.4,no,corr,None,None,None,None
2869,exp_acyclic_indvary3_step3_batch_yyy07.pl,r2,no,12.53,no,corr,None,None,None,None
2870,exp_acyclic_indvary3_step3_batch_yyy07.pl,r7,no,9.25,no,corr,None,None,None,None
2871,exp_acyclic_indvary3_step3_batch_yyy08.pl,d5,no,12.42,no,corr,None,None,None,None
2872,exp_acyclic_indvary3_step3_batch_yyy08.pl,c3,yes,18.35,yes,corr,None,None,None,None
2873,exp_acyclic_indvary3_step3_batch_yyy08.pl,z6,no,12.27,no,corr,None,None,None,None
2874,exp_acyclic_indvary3_step3_batch_yyy08.pl,v7,no,12.23,no,corr,None,None,None,None
2875,exp_acyclic_indvary3_step3_batch_yyy08.pl,p7,no,12.18,no,corr,None,None,None,None
2876,exp_acyclic_indvary3_step3_batch_yyy08.pl,b4,no,12.3,no,corr,None,None,None,None
2877,exp_acyclic_indvary3_step3_batch_yyy08.pl,p3,no,50.57,no,corr,None,None,None,None
2878,exp_acyclic_indvary3_step3_batch_yyy08.pl,p6,no,13.3,no,corr,None,None,None,None
2879,exp_acyclic_indvary3_step3_batch_yyy08.pl,r1,no,476.86,no,corr,None,None,None,None
2880,exp_acyclic_indvary3_step3_batch_yyy08.pl,d2,,600.0,no,TIMEOUT,,,,
2881,exp_acyclic_indvary3_step3_batch_yyy09.pl,v7,no,14.6,no,corr,None,None,None,None
2882,exp_acyclic_indvary3_step3_batch_yyy09.pl,q6,no,15.16,no,corr,None,None,None,None
2883,exp_acyclic_indvary3_step3_batch_yyy09.pl,w2,no,26.07,no,corr,None,None,None,None
2884,exp_acyclic_indvary3_step3_batch_yyy09.pl,v5,no,14.89,no,corr,None,None,None,None
2885,exp_acyclic_indvary3_step3_batch_yyy09.pl,v1,no,14.89,no,corr,None,None,None,None
2886,exp_acyclic_indvary3_step3_batch_yyy09.pl,u3,no,14.72,no,corr,None,None,None,None
2887,exp_acyclic_indvary3_step3_batch_yyy09.pl,a1,yes,14.59,yes,corr,None,None,None,None
2888,exp_acyclic_indvary3_step3_batch_yyy09.pl,q7,no,15.5,no,corr,None,None,None,None
2889,exp_acyclic_indvary3_step3_batch_yyy09.pl,c1,no,16.04,no,corr,None,None,None,None
2890,exp_acyclic_indvary3_step3_batch_yyy09.pl,b5,no,14.69,no,corr,None,None,None,None
2891,exp_acyclic_indvary3_step3_batch_yyy10.pl,c3,yes,14.27,yes,corr,None,None,None,None
2892,exp_acyclic_indvary3_step3_batch_yyy10.pl,v7,no,14.38,no,corr,None,None,None,None
2893,exp_acyclic_indvary3_step3_batch_yyy10.pl,d3,no,14.66,no,corr,None,None,None,None
2894,exp_acyclic_indvary3_step3_batch_yyy10.pl,q5,no,14.0,no,corr,None,None,None,None
2895,exp_acyclic_indvary3_step3_batch_yyy10.pl,x7,no,14.3,no,corr,None,None,None,None
2896,exp_acyclic_indvary3_step3_batch_yyy10.pl,a4,no,14.62,no,corr,None,None,None,None
2897,exp_acyclic_indvary3_step3_batch_yyy10.pl,d2,yes,14.6,yes,corr,None,None,None,None
2898,exp_acyclic_indvary3_step3_batch_yyy10.pl,a3,no,20.75,no,corr,None,None,None,None
2899,exp_acyclic_indvary3_step3_batch_yyy10.pl,t1,no,14.13,no,corr,None,None,None,None
2900,exp_acyclic_indvary3_step3_batch_yyy10.pl,y6,no,14.38,no,corr,None,None,None,None
2901,exp_acyclic_indvary3_step4_batch_yyy01.pl,z6,no,19.12,no,corr,None,None,None,None
2902,exp_acyclic_indvary3_step4_batch_yyy01.pl,p7,no,18.94,no,corr,None,None,None,None
2903,exp_acyclic_indvary3_step4_batch_yyy01.pl,v1,no,88.54,no,corr,None,None,None,None
2904,exp_acyclic_indvary3_step4_batch_yyy01.pl,p1,no,18.29,no,corr,None,None,None,None
2905,exp_acyclic_indvary3_step4_batch_yyy01.pl,s4,no,18.93,no,corr,None,None,None,None
2906,exp_acyclic_indvary3_step4_batch_yyy01.pl,v7,no,18.96,no,corr,None,None,None,None
2907,exp_acyclic_indvary3_step4_batch_yyy01.pl,c5,no,18.1,no,corr,None,None,None,None
2908,exp_acyclic_indvary3_step4_batch_yyy01.pl,t6,no,19.44,no,corr,None,None,None,None
2909,exp_acyclic_indvary3_step4_batch_yyy01.pl,u2,no,18.33,no,corr,None,None,None,None
2910,exp_acyclic_indvary3_step4_batch_yyy01.pl,t1,no,48.66,no,corr,None,None,None,None
2911,exp_acyclic_indvary3_step4_batch_yyy02.pl,d5,no,20.87,no,corr,None,None,None,None
2912,exp_acyclic_indvary3_step4_batch_yyy02.pl,v5,no,21.1,no,corr,None,None,None,None
2913,exp_acyclic_indvary3_step4_batch_yyy02.pl,c5,no,20.25,no,corr,None,None,None,None
2914,exp_acyclic_indvary3_step4_batch_yyy02.pl,y3,no,31.59,no,corr,None,None,None,None
2915,exp_acyclic_indvary3_step4_batch_yyy02.pl,t2,no,44.99,no,corr,None,None,None,None
2916,exp_acyclic_indvary3_step4_batch_yyy02.pl,u3,no,30.64,no,corr,None,None,None,None
2917,exp_acyclic_indvary3_step4_batch_yyy02.pl,t5,no,20.57,no,corr,None,None,None,None
2918,exp_acyclic_indvary3_step4_batch_yyy02.pl,c4,no,21.17,no,corr,None,None,None,None
2919,exp_acyclic_indvary3_step4_batch_yyy02.pl,z5,no,20.25,no,corr,None,None,None,None
2920,exp_acyclic_indvary3_step4_batch_yyy02.pl,v2,no,45.18,no,corr,None,None,None,None
2921,exp_acyclic_indvary3_step4_batch_yyy03.pl,b3,yes,22.59,yes,corr,None,None,None,None
2922,exp_acyclic_indvary3_step4_batch_yyy03.pl,q5,no,20.63,no,corr,None,None,None,None
2923,exp_acyclic_indvary3_step4_batch_yyy03.pl,x7,no,20.7,no,corr,None,None,None,None
2924,exp_acyclic_indvary3_step4_batch_yyy03.pl,f3,no,20.45,no,corr,None,None,None,None
2925,exp_acyclic_indvary3_step4_batch_yyy03.pl,x5,no,21.02,no,corr,None,None,None,None
2926,exp_acyclic_indvary3_step4_batch_yyy03.pl,u3,no,20.02,no,corr,None,None,None,None
2927,exp_acyclic_indvary3_step4_batch_yyy03.pl,r3,no,50.98,no,corr,None,None,None,None
2928,exp_acyclic_indvary3_step4_batch_yyy03.pl,x4,no,20.32,no,corr,None,None,None,None
2929,exp_acyclic_indvary3_step4_batch_yyy03.pl,s1,no,20.22,no,corr,None,None,None,None
2930,exp_acyclic_indvary3_step4_batch_yyy03.pl,d2,yes,23.15,yes,corr,None,None,None,None
2931,exp_acyclic_indvary3_step4_batch_yyy04.pl,z5,no,19.88,no,corr,None,None,None,None
2932,exp_acyclic_indvary3_step4_batch_yyy04.pl,p7,no,19.29,no,corr,None,None,None,None
2933,exp_acyclic_indvary3_step4_batch_yyy04.pl,f1,yes,22.16,yes,corr,None,None,None,None
2934,exp_acyclic_indvary3_step4_batch_yyy04.pl,u7,no,20.02,no,corr,None,None,None,None
2935,exp_acyclic_indvary3_step4_batch_yyy04.pl,r5,no,19.01,no,corr,None,None,None,None
2936,exp_acyclic_indvary3_step4_batch_yyy04.pl,z3,no,19.61,no,corr,None,None,None,None
2937,exp_acyclic_indvary3_step4_batch_yyy04.pl,a1,no,20.97,no,corr,None,None,None,None
2938,exp_acyclic_indvary3_step4_batch_yyy04.pl,f2,yes,19.1,yes,corr,None,None,None,None
2939,exp_acyclic_indvary3_step4_batch_yyy04.pl,b3,yes,18.85,yes,corr,None,None,None,None
2940,exp_acyclic_indvary3_step4_batch_yyy04.pl,w7,no,19.21,no,corr,None,None,None,None
2941,exp_acyclic_indvary3_step4_batch_yyy05.pl,d5,no,18.59,no,corr,None,None,None,None
2942,exp_acyclic_indvary3_step4_batch_yyy05.pl,b4,no,18.69,no,corr,None,None,None,None
2943,exp_acyclic_indvary3_step4_batch_yyy05.pl,t6,no,18.2,no,corr,None,None,None,None
2944,exp_acyclic_indvary3_step4_batch_yyy05.pl,w1,no,31.26,no,corr,None,None,None,None
2945,exp_acyclic_indvary3_step4_batch_yyy05.pl,t2,no,18.35,no,corr,None,None,None,None
2946,exp_acyclic_indvary3_step4_batch_yyy05.pl,x6,no,18.38,no,corr,None,None,None,None
2947,exp_acyclic_indvary3_step4_batch_yyy05.pl,v3,no,18.98,no,corr,None,None,None,None
2948,exp_acyclic_indvary3_step4_batch_yyy05.pl,w3,no,42.99,no,corr,None,None,None,None
2949,exp_acyclic_indvary3_step4_batch_yyy05.pl,u3,no,35.58,no,corr,None,None,None,None
2950,exp_acyclic_indvary3_step4_batch_yyy05.pl,r4,no,18.64,no,corr,None,None,None,None
2951,exp_acyclic_indvary3_step4_batch_yyy06.pl,d3,no,19.28,no,corr,None,None,None,None
2952,exp_acyclic_indvary3_step4_batch_yyy06.pl,z1,no,19.55,no,corr,None,None,None,None
2953,exp_acyclic_indvary3_step4_batch_yyy06.pl,s1,no,19.25,no,corr,None,None,None,None
2954,exp_acyclic_indvary3_step4_batch_yyy06.pl,x6,no,19.05,no,corr,None,None,None,None
2955,exp_acyclic_indvary3_step4_batch_yyy06.pl,b3,no,20.98,no,corr,None,None,None,None
2956,exp_acyclic_indvary3_step4_batch_yyy06.pl,w7,no,19.82,no,corr,None,None,None,None
2957,exp_acyclic_indvary3_step4_batch_yyy06.pl,z4,no,19.34,no,corr,None,None,None,None
2958,exp_acyclic_indvary3_step4_batch_yyy06.pl,y3,no,19.59,no,corr,None,None,None,None
2959,exp_acyclic_indvary3_step4_batch_yyy06.pl,q7,no,18.95,no,corr,None,None,None,None
2960,exp_acyclic_indvary3_step4_batch_yyy06.pl,y6,no,18.56,no,corr,None,None,None,None
2961,exp_acyclic_indvary3_step4_batch_yyy07.pl,q6,no,18.43,no,corr,None,None,None,None
2962,exp_acyclic_indvary3_step4_batch_yyy07.pl,p5,no,18.45,no,corr,None,None,None,None
2963,exp_acyclic_indvary3_step4_batch_yyy07.pl,d3,no,18.5,no,corr,None,None,None,None
2964,exp_acyclic_indvary3_step4_batch_yyy07.pl,r5,no,18.02,no,corr,None,None,None,None
2965,exp_acyclic_indvary3_step4_batch_yyy07.pl,p3,no,18.57,no,corr,None,None,None,None
2966,exp_acyclic_indvary3_step4_batch_yyy07.pl,s6,no,17.93,no,corr,None,None,None,None
2967,exp_acyclic_indvary3_step4_batch_yyy07.pl,e2,yes,18.46,yes,corr,None,None,None,None
2968,exp_acyclic_indvary3_step4_batch_yyy07.pl,a2,no,19.87,no,corr,None,None,None,None
2969,exp_acyclic_indvary3_step4_batch_yyy07.pl,u3,no,18.36,no,corr,None,None,None,None
2970,exp_acyclic_indvary3_step4_batch_yyy07.pl,r4,no,18.51,no,corr,None,None,None,None
2971,exp_acyclic_indvary3_step4_batch_yyy08.pl,b3,yes,21.07,yes,corr,None,None,None,None
2972,exp_acyclic_indvary3_step4_batch_yyy08.pl,z5,no,20.11,no,corr,None,None,None,None
2973,exp_acyclic_indvary3_step4_batch_yyy08.pl,a4,no,19.33,no,corr,None,None,None,None
2974,exp_acyclic_indvary3_step4_batch_yyy08.pl,v3,no,20.17,no,corr,None,None,None,None
2975,exp_acyclic_indvary3_step4_batch_yyy08.pl,p4,no,19.43,no,corr,None,None,None,None
2976,exp_acyclic_indvary3_step4_batch_yyy08.pl,p5,no,19.91,no,corr,None,None,None,None
2977,exp_acyclic_indvary3_step4_batch_yyy08.pl,u2,no,97.88,no,corr,None,None,None,None
2978,exp_acyclic_indvary3_step4_batch_yyy08.pl,t1,no,20.11,no,corr,None,None,None,None
2979,exp_acyclic_indvary3_step4_batch_yyy08.pl,x4,no,19.97,no,corr,None,None,None,None
2980,exp_acyclic_indvary3_step4_batch_yyy08.pl,w3,no,19.75,no,corr,None,None,None,None
2981,exp_acyclic_indvary3_step4_batch_yyy09.pl,u5,no,21.85,no,corr,None,None,None,None
2982,exp_acyclic_indvary3_step4_batch_yyy09.pl,q6,no,21.58,no,corr,None,None,None,None
2983,exp_acyclic_indvary3_step4_batch_yyy09.pl,f1,yes,21.01,yes,corr,None,None,None,None
2984,exp_acyclic_indvary3_step4_batch_yyy09.pl,f3,no,20.72,no,corr,None,None,None,None
2985,exp_acyclic_indvary3_step4_batch_yyy09.pl,s6,no,21.46,no,corr,None,None,None,None
2986,exp_acyclic_indvary3_step4_batch_yyy09.pl,r4,no,19.38,no,corr,None,None,None,None
2987,exp_acyclic_indvary3_step4_batch_yyy09.pl,r1,no,19.35,no,corr,None,None,None,None
2988,exp_acyclic_indvary3_step4_batch_yyy09.pl,r2,no,206.72,no,corr,None,None,None,None
2989,exp_acyclic_indvary3_step4_batch_yyy09.pl,y6,no,19.45,no,corr,None,None,None,None
2990,exp_acyclic_indvary3_step4_batch_yyy09.pl,q2,no,19.28,no,corr,None,None,None,None
2991,exp_acyclic_indvary3_step4_batch_yyy10.pl,u5,no,16.54,no,corr,None,None,None,None
2992,exp_acyclic_indvary3_step4_batch_yyy10.pl,b2,no,18.11,no,corr,None,None,None,None
2993,exp_acyclic_indvary3_step4_batch_yyy10.pl,d3,no,16.69,no,corr,None,None,None,None
2994,exp_acyclic_indvary3_step4_batch_yyy10.pl,f3,no,16.95,no,corr,None,None,None,None
2995,exp_acyclic_indvary3_step4_batch_yyy10.pl,e3,no,16.79,no,corr,None,None,None,None
2996,exp_acyclic_indvary3_step4_batch_yyy10.pl,r7,no,16.87,no,corr,None,None,None,None
2997,exp_acyclic_indvary3_step4_batch_yyy10.pl,c3,yes,16.52,yes,corr,None,None,None,None
2998,exp_acyclic_indvary3_step4_batch_yyy10.pl,t5,no,16.93,no,corr,None,None,None,None
2999,exp_acyclic_indvary3_step4_batch_yyy10.pl,s5,no,16.57,no,corr,None,None,None,None
3000,exp_acyclic_indvary3_step4_batch_yyy10.pl,b4,no,16.39,no,corr,None,None,None,None
3001,exp_acyclic_indvary3_step5_batch_yyy01.pl,s4,no,19.25,no,corr,None,None,None,None
3002,exp_acyclic_indvary3_step5_batch_yyy01.pl,w5,no,20.08,no,corr,None,None,None,None
3003,exp_acyclic_indvary3_step5_batch_yyy01.pl,b1,no,20.63,no,corr,None,None,None,None
3004,exp_acyclic_indvary3_step5_batch_yyy01.pl,t2,no,20.06,no,corr,None,None,None,None
3005,exp_acyclic_indvary3_step5_batch_yyy01.pl,y1,no,20.03,no,corr,None,None,None,None
3006,exp_acyclic_indvary3_step5_batch_yyy01.pl,p1,no,28.54,no,corr,None,None,None,None
3007,exp_acyclic_indvary3_step5_batch_yyy01.pl,y5,no,20.16,no,corr,None,None,None,None
3008,exp_acyclic_indvary3_step5_batch_yyy01.pl,s5,no,19.77,no,corr,None,None,None,None
3009,exp_acyclic_indvary3_step5_batch_yyy01.pl,b4,no,20.13,no,corr,None,None,None,None
3010,exp_acyclic_indvary3_step5_batch_yyy01.pl,q5,no,19.73,no,corr,None,None,None,None
3011,exp_acyclic_indvary3_step5_batch_yyy02.pl,z6,no,20.0,no,corr,None,None,None,None
3012,exp_acyclic_indvary3_step5_batch_yyy02.pl,z5,no,20.03,no,corr,None,None,None,None
3013,exp_acyclic_indvary3_step5_batch_yyy02.pl,v6,no,20.12,no,corr,None,None,None,None
3014,exp_acyclic_indvary3_step5_batch_yyy02.pl,z2,no,19.46,no,corr,None,None,None,None
3015,exp_acyclic_indvary3_step5_batch_yyy02.pl,x1,no,20.78,no,corr,None,None,None,None
3016,exp_acyclic_indvary3_step5_batch_yyy02.pl,a1,yes,21.59,yes,corr,None,None,None,None
3017,exp_acyclic_indvary3_step5_batch_yyy02.pl,u2,,600.0,no,TIMEOUT,,,,
3018,exp_acyclic_indvary3_step5_batch_yyy02.pl,p6,no,27.14,no,corr,None,None,None,None
3019,exp_acyclic_indvary3_step5_batch_yyy02.pl,x2,no,27.93,no,corr,None,None,None,None
3020,exp_acyclic_indvary3_step5_batch_yyy02.pl,f5,no,28.68,no,corr,None,None,None,None
3021,exp_acyclic_indvary3_step5_batch_yyy03.pl,q6,no,33.05,no,corr,None,None,None,None
3022,exp_acyclic_indvary3_step5_batch_yyy03.pl,p4,no,32.97,no,corr,None,None,None,None
3023,exp_acyclic_indvary3_step5_batch_yyy03.pl,v6,no,32.35,no,corr,None,None,None,None
3024,exp_acyclic_indvary3_step5_batch_yyy03.pl,u7,no,31.76,no,corr,None,None,None,None
3025,exp_acyclic_indvary3_step5_batch_yyy03.pl,t3,,600.0,no,TIMEOUT,,,,
3026,exp_acyclic_indvary3_step5_batch_yyy03.pl,y2,no,39.92,no,corr,None,None,None,None
3027,exp_acyclic_indvary3_step5_batch_yyy03.pl,c6,no,40.07,no,corr,None,None,None,None
3028,exp_acyclic_indvary3_step5_batch_yyy03.pl,b5,no,40.88,no,corr,None,None,None,None
3029,exp_acyclic_indvary3_step5_batch_yyy03.pl,q7,no,39.37,no,corr,None,None,None,None
3030,exp_acyclic_indvary3_step5_batch_yyy03.pl,y6,no,40.34,no,corr,None,None,None,None
3031,exp_acyclic_indvary3_step5_batch_yyy04.pl,a6,no,34.02,no,corr,None,None,None,None
3032,exp_acyclic_indvary3_step5_batch_yyy04.pl,v2,no,92.92,no,corr,None,None,None,None
3033,exp_acyclic_indvary3_step5_batch_yyy04.pl,f1,yes,38.8,yes,corr,None,None,None,None
3034,exp_acyclic_indvary3_step5_batch_yyy04.pl,d3,no,34.58,no,corr,None,None,None,None
3035,exp_acyclic_indvary3_step5_batch_yyy04.pl,u7,no,33.79,no,corr,None,None,None,None
3036,exp_acyclic_indvary3_step5_batch_yyy04.pl,s5,no,35.26,no,corr,None,None,None,None
3037,exp_acyclic_indvary3_step5_batch_yyy04.pl,a5,no,33.72,no,corr,None,None,None,None
3038,exp_acyclic_indvary3_step5_batch_yyy04.pl,v1,no,34.99,no,corr,None,None,None,None
3039,exp_acyclic_indvary3_step5_batch_yyy04.pl,s7,no,34.9,no,corr,None,None,None,None
3040,exp_acyclic_indvary3_step5_batch_yyy04.pl,e2,yes,34.92,yes,corr,None,None,None,None
3041,exp_acyclic_indvary3_step5_batch_yyy05.pl,u6,no,36.17,no,corr,None,None,None,None
3042,exp_acyclic_indvary3_step5_batch_yyy05.pl,b2,yes,38.9,yes,corr,None,None,None,None
3043,exp_acyclic_indvary3_step5_batch_yyy05.pl,y2,no,36.17,no,corr,None,None,None,None
3044,exp_acyclic_indvary3_step5_batch_yyy05.pl,p1,no,36.46,no,corr,None,None,None,None
3045,exp_acyclic_indvary3_step5_batch_yyy05.pl,a6,no,36.24,no,corr,None,None,None,None
3046,exp_acyclic_indvary3_step5_batch_yyy05.pl,s4,no,35.65,no,corr,None,None,None,None
3047,exp_acyclic_indvary3_step5_batch_yyy05.pl,s2,no,36.1,no,corr,None,None,None,None
3048,exp_acyclic_indvary3_step5_batch_yyy05.pl,t6,no,35.71,no,corr,None,None,None,None
3049,exp_acyclic_indvary3_step5_batch_yyy05.pl,r1,no,54.13,no,corr,None,None,None,None
3050,exp_acyclic_indvary3_step5_batch_yyy05.pl,d2,no,39.84,no,corr,None,None,None,None
3051,exp_acyclic_indvary3_step5_batch_yyy06.pl,z5,no,32.56,no,corr,None,None,None,None
3052,exp_acyclic_indvary3_step5_batch_yyy06.pl,u7,no,32.59,no,corr,None,None,None,None
3053,exp_acyclic_indvary3_step5_batch_yyy06.pl,f5,no,32.05,no,corr,None,None,None,None
3054,exp_acyclic_indvary3_step5_batch_yyy06.pl,a3,yes,32.37,yes,corr,None,None,None,None
3055,exp_acyclic_indvary3_step5_batch_yyy06.pl,u2,no,32.11,no,corr,None,None,None,None
3056,exp_acyclic_indvary3_step5_batch_yyy06.pl,a2,no,35.61,no,corr,None,None,None,None
3057,exp_acyclic_indvary3_step5_batch_yyy06.pl,w2,no,314.53,no,corr,None,None,None,None
3058,exp_acyclic_indvary3_step5_batch_yyy06.pl,f1,yes,35.94,yes,corr,None,None,None,None
3059,exp_acyclic_indvary3_step5_batch_yyy06.pl,d3,no,32.7,no,corr,None,None,None,None
3060,exp_acyclic_indvary3_step5_batch_yyy06.pl,u4,no,32.71,no,corr,None,None,None,None
3061,exp_acyclic_indvary3_step5_batch_yyy07.pl,p5,no,37.32,no,corr,None,None,None,None
3062,exp_acyclic_indvary3_step5_batch_yyy07.pl,u7,no,37.44,no,corr,None,None,None,None
3063,exp_acyclic_indvary3_step5_batch_yyy07.pl,q3,no,331.14,no,corr,None,None,None,None
3064,exp_acyclic_indvary3_step5_batch_yyy07.pl,r7,no,36.47,no,corr,None,None,None,None
3065,exp_acyclic_indvary3_step5_batch_yyy07.pl,a2,yes,36.72,yes,corr,None,None,None,None
3066,exp_acyclic_indvary3_step5_batch_yyy07.pl,p6,no,37.45,no,corr,None,None,None,None
3067,exp_acyclic_indvary3_step5_batch_yyy07.pl,t7,no,38.0,no,corr,None,None,None,None
3068,exp_acyclic_indvary3_step5_batch_yyy07.pl,z2,no,124.08,no,corr,None,None,None,None
3069,exp_acyclic_indvary3_step5_batch_yyy07.pl,r3,no,56.2,no,corr,None,None,None,None
3070,exp_acyclic_indvary3_step5_batch_yyy07.pl,q1,,600.0,no,TIMEOUT,,,,
3071,exp_acyclic_indvary3_step5_batch_yyy08.pl,v2,no,40.18,no,corr,None,None,None,None
3072,exp_acyclic_indvary3_step5_batch_yyy08.pl,p5,no,40.23,no,corr,None,None,None,None
3073,exp_acyclic_indvary3_step5_batch_yyy08.pl,f1,yes,44.34,yes,corr,None,None,None,None
3074,exp_acyclic_indvary3_step5_batch_yyy08.pl,r7,no,39.49,no,corr,None,None,None,None
3075,exp_acyclic_indvary3_step5_batch_yyy08.pl,p1,no,96.03,no,corr,None,None,None,None
3076,exp_acyclic_indvary3_step5_batch_yyy08.pl,u3,no,40.47,no,corr,None,None,None,None
3077,exp_acyclic_indvary3_step5_batch_yyy08.pl,v4,no,40.31,no,corr,None,None,None,None
3078,exp_acyclic_indvary3_step5_batch_yyy08.pl,e3,no,39.4,no,corr,None,None,None,None
3079,exp_acyclic_indvary3_step5_batch_yyy08.pl,y1,no,88.98,no,corr,None,None,None,None
3080,exp_acyclic_indvary3_step5_batch_yyy08.pl,s1,no,40.42,no,corr,None,None,None,None
3081,exp_acyclic_indvary3_step5_batch_yyy09.pl,f1,no,38.77,no,corr,None,None,None,None
3082,exp_acyclic_indvary3_step5_batch_yyy09.pl,b4,no,35.15,no,corr,None,None,None,None
3083,exp_acyclic_indvary3_step5_batch_yyy09.pl,v1,no,34.89,no,corr,None,None,None,None
3084,exp_acyclic_indvary3_step5_batch_yyy09.pl,t2,no,149.89,no,corr,None,None,None,None
3085,exp_acyclic_indvary3_step5_batch_yyy09.pl,r1,no,34.06,no,corr,None,None,None,None
3086,exp_acyclic_indvary3_step5_batch_yyy09.pl,w3,no,37.36,no,corr,None,None,None,None
3087,exp_acyclic_indvary3_step5_batch_yyy09.pl,t5,no,38.66,no,corr,None,None,None,None
3088,exp_acyclic_indvary3_step5_batch_yyy09.pl,c4,no,38.45,no,corr,None,None,None,None
3089,exp_acyclic_indvary3_step5_batch_yyy09.pl,f2,yes,38.64,yes,corr,None,None,None,None
3090,exp_acyclic_indvary3_step5_batch_yyy09.pl,q2,no,37.81,no,corr,None,None,None,None
3091,exp_acyclic_indvary3_step5_batch_yyy10.pl,a6,no,43.59,no,corr,None,None,None,None
3092,exp_acyclic_indvary3_step5_batch_yyy10.pl,v2,no,281.95,no,corr,None,None,None,None
3093,exp_acyclic_indvary3_step5_batch_yyy10.pl,w2,no,80.92,no,corr,None,None,None,None
3094,exp_acyclic_indvary3_step5_batch_yyy10.pl,d3,no,44.1,no,corr,None,None,None,None
3095,exp_acyclic_indvary3_step5_batch_yyy10.pl,e4,no,44.1,no,corr,None,None,None,None
3096,exp_acyclic_indvary3_step5_batch_yyy10.pl,a3,yes,44.12,yes,corr,None,None,None,None
3097,exp_acyclic_indvary3_step5_batch_yyy10.pl,u3,no,44.32,no,corr,None,None,None,None
3098,exp_acyclic_indvary3_step5_batch_yyy10.pl,e3,no,43.49,no,corr,None,None,None,None
3099,exp_acyclic_indvary3_step5_batch_yyy10.pl,r3,no,43.94,no,corr,None,None,None,None
3100,exp_acyclic_indvary3_step5_batch_yyy10.pl,u2,no,43.41,no,corr,None,None,None,None
3101,exp_acyclic_indvary3_step6_batch_yyy01.pl,q6,no,48.8,no,corr,None,None,None,None
3102,exp_acyclic_indvary3_step6_batch_yyy01.pl,w4,no,48.34,no,corr,None,None,None,None
3103,exp_acyclic_indvary3_step6_batch_yyy01.pl,d2,yes,45.02,yes,corr,None,None,None,None
3104,exp_acyclic_indvary3_step6_batch_yyy01.pl,x1,no,40.11,no,corr,None,None,None,None
3105,exp_acyclic_indvary3_step6_batch_yyy01.pl,y4,no,40.65,no,corr,None,None,None,None
3106,exp_acyclic_indvary3_step6_batch_yyy01.pl,v7,no,41.08,no,corr,None,None,None,None
3107,exp_acyclic_indvary3_step6_batch_yyy01.pl,p7,no,40.44,no,corr,None,None,None,None
3108,exp_acyclic_indvary3_step6_batch_yyy01.pl,x3,no,41.24,no,corr,None,None,None,None
3109,exp_acyclic_indvary3_step6_batch_yyy01.pl,e2,yes,45.36,yes,corr,None,None,None,None
3110,exp_acyclic_indvary3_step6_batch_yyy01.pl,t1,no,59.94,no,corr,None,None,None,None
3111,exp_acyclic_indvary3_step6_batch_yyy02.pl,z6,no,38.08,no,corr,None,None,None,None
3112,exp_acyclic_indvary3_step6_batch_yyy02.pl,p7,no,38.21,no,corr,None,None,None,None
3113,exp_acyclic_indvary3_step6_batch_yyy02.pl,v6,no,37.63,no,corr,None,None,None,None
3114,exp_acyclic_indvary3_step6_batch_yyy02.pl,c5,no,37.51,no,corr,None,None,None,None
3115,exp_acyclic_indvary3_step6_batch_yyy02.pl,q4,no,38.42,no,corr,None,None,None,None
3116,exp_acyclic_indvary3_step6_batch_yyy02.pl,f3,no,37.67,no,corr,None,None,None,None
3117,exp_acyclic_indvary3_step6_batch_yyy02.pl,u3,no,38.33,no,corr,None,None,None,None
3118,exp_acyclic_indvary3_step6_batch_yyy02.pl,y5,no,37.91,no,corr,None,None,None,None
3119,exp_acyclic_indvary3_step6_batch_yyy02.pl,s7,no,38.15,no,corr,None,None,None,None
3120,exp_acyclic_indvary3_step6_batch_yyy02.pl,a1,yes,43.96,yes,corr,None,None,None,None
3121,exp_acyclic_indvary3_step6_batch_yyy03.pl,u5,no,37.09,no,corr,None,None,None,None
3122,exp_acyclic_indvary3_step6_batch_yyy03.pl,q4,no,35.51,no,corr,None,None,None,None
3123,exp_acyclic_indvary3_step6_batch_yyy03.pl,y3,no,35.97,no,corr,None,None,None,None
3124,exp_acyclic_indvary3_step6_batch_yyy03.pl,b5,no,36.61,no,corr,None,None,None,None
3125,exp_acyclic_indvary3_step6_batch_yyy03.pl,e3,no,34.94,no,corr,None,None,None,None
3126,exp_acyclic_indvary3_step6_batch_yyy03.pl,p2,,600.0,no,TIMEOUT,,,,
3127,exp_acyclic_indvary3_step6_batch_yyy03.pl,r3,no,55.42,no,corr,None,None,None,None
3128,exp_acyclic_indvary3_step6_batch_yyy03.pl,y6,no,44.97,no,corr,None,None,None,None
3129,exp_acyclic_indvary3_step6_batch_yyy03.pl,f1,,600.0,no,TIMEOUT,,,,
3130,exp_acyclic_indvary3_step6_batch_yyy03.pl,e5,no,42.16,no,corr,None,None,None,None
3131,exp_acyclic_indvary3_step6_batch_yyy04.pl,v7,no,42.28,no,corr,None,None,None,None
3132,exp_acyclic_indvary3_step6_batch_yyy04.pl,q6,no,39.54,no,corr,None,None,None,None
3133,exp_acyclic_indvary3_step6_batch_yyy04.pl,d3,no,40.96,no,corr,None,None,None,None
3134,exp_acyclic_indvary3_step6_batch_yyy04.pl,y2,no,39.07,no,corr,None,None,None,None
3135,exp_acyclic_indvary3_step6_batch_yyy04.pl,y5,no,40.09,no,corr,None,None,None,None
3136,exp_acyclic_indvary3_step6_batch_yyy04.pl,s2,,600.0,no,TIMEOUT,,,,
3137,exp_acyclic_indvary3_step6_batch_yyy04.pl,a5,no,41.68,no,corr,None,None,None,None
3138,exp_acyclic_indvary3_step6_batch_yyy04.pl,e2,yes,41.79,yes,corr,None,None,None,None
3139,exp_acyclic_indvary3_step6_batch_yyy04.pl,d1,yes,41.54,yes,corr,None,None,None,None
3140,exp_acyclic_indvary3_step6_batch_yyy04.pl,u2,no,41.71,no,corr,None,None,None,None
3141,exp_acyclic_indvary3_step6_batch_yyy05.pl,d5,no,58.08,no,corr,None,None,None,None
3142,exp_acyclic_indvary3_step6_batch_yyy05.pl,e1,yes,58.1,yes,corr,None,None,None,None
3143,exp_acyclic_indvary3_step6_batch_yyy05.pl,b4,no,58.18,no,corr,None,None,None,None
3144,exp_acyclic_indvary3_step6_batch_yyy05.pl,x7,no,57.96,no,corr,None,None,None,None
3145,exp_acyclic_indvary3_step6_batch_yyy05.pl,d2,yes,57.03,yes,corr,None,None,None,None
3146,exp_acyclic_indvary3_step6_batch_yyy05.pl,p2,no,57.94,no,corr,None,None,None,None
3147,exp_acyclic_indvary3_step6_batch_yyy05.pl,a3,yes,57.42,yes,corr,None,None,None,None
3148,exp_acyclic_indvary3_step6_batch_yyy05.pl,q3,no,302.97,no,corr,None,None,None,None
3149,exp_acyclic_indvary3_step6_batch_yyy05.pl,a1,no,67.79,no,corr,None,None,None,None
3150,exp_acyclic_indvary3_step6_batch_yyy05.pl,e2,yes,63.46,yes,corr,None,None,None,None
3151,exp_acyclic_indvary3_step6_batch_yyy06.pl,y4,no,53.5,no,corr,None,None,None,None
3152,exp_acyclic_indvary3_step6_batch_yyy06.pl,u7,no,53.74,no,corr,None,None,None,None
3153,exp_acyclic_indvary3_step6_batch_yyy06.pl,c5,no,53.53,no,corr,None,None,None,None
3154,exp_acyclic_indvary3_step6_batch_yyy06.pl,r5,no,54.1,no,corr,None,None,None,None
3155,exp_acyclic_indvary3_step6_batch_yyy06.pl,f3,no,54.24,no,corr,None,None,None,None
3156,exp_acyclic_indvary3_step6_batch_yyy06.pl,s6,no,55.08,no,corr,None,None,None,None
3157,exp_acyclic_indvary3_step6_batch_yyy06.pl,u2,no,103.74,no,corr,None,None,None,None
3158,exp_acyclic_indvary3_step6_batch_yyy06.pl,a2,yes,59.82,yes,corr,None,None,None,None
3159,exp_acyclic_indvary3_step6_batch_yyy06.pl,v1,no,155.49,no,corr,None,None,None,None
3160,exp_acyclic_indvary3_step6_batch_yyy06.pl,p3,no,90.97,no,corr,None,None,None,None
3161,exp_acyclic_indvary3_step6_batch_yyy07.pl,t4,no,52.53,no,corr,None,None,None,None
3162,exp_acyclic_indvary3_step6_batch_yyy07.pl,s4,no,52.16,no,corr,None,None,None,None
3163,exp_acyclic_indvary3_step6_batch_yyy07.pl,u1,no,51.57,no,corr,None,None,None,None
3164,exp_acyclic_indvary3_step6_batch_yyy07.pl,w5,no,51.23,no,corr,None,None,None,None
3165,exp_acyclic_indvary3_step6_batch_yyy07.pl,z1,no,75.68,no,corr,None,None,None,None
3166,exp_acyclic_indvary3_step6_batch_yyy07.pl,t7,no,53.29,no,corr,None,None,None,None
3167,exp_acyclic_indvary3_step6_batch_yyy07.pl,q3,no,104.08,no,corr,None,None,None,None
3168,exp_acyclic_indvary3_step6_batch_yyy07.pl,r2,no,56.05,no,corr,None,None,None,None
3169,exp_acyclic_indvary3_step6_batch_yyy07.pl,t1,no,74.46,no,corr,None,None,None,None
3170,exp_acyclic_indvary3_step6_batch_yyy07.pl,w3,no,42.35,no,corr,None,None,None,None
3171,exp_acyclic_indvary3_step6_batch_yyy08.pl,w5,no,52.23,no,corr,None,None,None,None
3172,exp_acyclic_indvary3_step6_batch_yyy08.pl,x2,no,81.71,no,corr,None,None,None,None
3173,exp_acyclic_indvary3_step6_batch_yyy08.pl,s7,no,54.26,no,corr,None,None,None,None
3174,exp_acyclic_indvary3_step6_batch_yyy08.pl,p7,no,55.06,no,corr,None,None,None,None
3175,exp_acyclic_indvary3_step6_batch_yyy08.pl,d4,no,51.66,no,corr,None,None,None,None
3176,exp_acyclic_indvary3_step6_batch_yyy08.pl,r6,no,54.85,no,corr,None,None,None,None
3177,exp_acyclic_indvary3_step6_batch_yyy08.pl,f1,yes,51.56,yes,corr,None,None,None,None
3178,exp_acyclic_indvary3_step6_batch_yyy08.pl,c5,no,52.53,no,corr,None,None,None,None
3179,exp_acyclic_indvary3_step6_batch_yyy08.pl,c2,yes,56.53,yes,corr,None,None,None,None
3180,exp_acyclic_indvary3_step6_batch_yyy08.pl,b1,yes,50.27,yes,corr,None,None,None,None
3181,exp_acyclic_indvary3_step6_batch_yyy09.pl,u5,no,46.74,no,corr,None,None,None,None
3182,exp_acyclic_indvary3_step6_batch_yyy09.pl,t5,no,47.32,no,corr,None,None,None,None
3183,exp_acyclic_indvary3_step6_batch_yyy09.pl,u1,no,46.77,no,corr,None,None,None,None
3184,exp_acyclic_indvary3_step6_batch_yyy09.pl,t6,no,46.92,no,corr,None,None,None,None
3185,exp_acyclic_indvary3_step6_batch_yyy09.pl,x7,no,46.78,no,corr,None,None,None,None
3186,exp_acyclic_indvary3_step6_batch_yyy09.pl,c1,no,132.11,no,corr,None,None,None,None
3187,exp_acyclic_indvary3_step6_batch_yyy09.pl,a1,yes,50.05,yes,corr,None,None,None,None
3188,exp_acyclic_indvary3_step6_batch_yyy09.pl,u2,no,305.65,no,corr,None,None,None,None
3189,exp_acyclic_indvary3_step6_batch_yyy09.pl,w4,no,46.56,no,corr,None,None,None,None
3190,exp_acyclic_indvary3_step6_batch_yyy09.pl,f3,no,46.87,no,corr,None,None,None,None
3191,exp_acyclic_indvary3_step6_batch_yyy10.pl,w7,no,46.69,no,corr,None,None,None,None
3192,exp_acyclic_indvary3_step6_batch_yyy10.pl,p7,no,46.75,no,corr,None,None,None,None
3193,exp_acyclic_indvary3_step6_batch_yyy10.pl,e5,no,47.74,no,corr,None,None,None,None
3194,exp_acyclic_indvary3_step6_batch_yyy10.pl,a5,no,46.98,no,corr,None,None,None,None
3195,exp_acyclic_indvary3_step6_batch_yyy10.pl,w6,no,47.13,no,corr,None,None,None,None
3196,exp_acyclic_indvary3_step6_batch_yyy10.pl,z4,no,46.87,no,corr,None,None,None,None
3197,exp_acyclic_indvary3_step6_batch_yyy10.pl,w1,no,47.06,no,corr,None,None,None,None
3198,exp_acyclic_indvary3_step6_batch_yyy10.pl,v3,no,69.31,no,corr,None,None,None,None
3199,exp_acyclic_indvary3_step6_batch_yyy10.pl,q1,no,70.93,no,corr,None,None,None,None
3200,exp_acyclic_indvary3_step6_batch_yyy10.pl,p6,no,43.55,no,corr,None,None,None,None
3201,exp_acyclic_indvary3_step7_batch_yyy01.pl,y4,no,52.52,no,corr,None,None,None,None
3202,exp_acyclic_indvary3_step7_batch_yyy01.pl,x2,no,52.59,no,corr,None,None,None,None
3203,exp_acyclic_indvary3_step7_batch_yyy01.pl,x5,no,52.48,no,corr,None,None,None,None
3204,exp_acyclic_indvary3_step7_batch_yyy01.pl,a3,yes,52.16,yes,corr,None,None,None,None
3205,exp_acyclic_indvary3_step7_batch_yyy01.pl,r2,no,51.8,no,corr,None,None,None,None
3206,exp_acyclic_indvary3_step7_batch_yyy01.pl,q1,no,51.56,no,corr,None,None,None,None
3207,exp_acyclic_indvary3_step7_batch_yyy01.pl,q2,no,185.52,no,corr,None,None,None,None
3208,exp_acyclic_indvary3_step7_batch_yyy01.pl,c5,no,51.6,no,corr,None,None,None,None
3209,exp_acyclic_indvary3_step7_batch_yyy01.pl,c2,yes,56.78,yes,corr,None,None,None,None
3210,exp_acyclic_indvary3_step7_batch_yyy01.pl,b1,no,117.55,no,corr,None,None,None,None
3211,exp_acyclic_indvary3_step7_batch_yyy02.pl,c4,no,50.07,no,corr,None,None,None,None
3212,exp_acyclic_indvary3_step7_batch_yyy02.pl,x3,no,50.35,no,corr,None,None,None,None
3213,exp_acyclic_indvary3_step7_batch_yyy02.pl,w5,no,49.94,no,corr,None,None,None,None
3214,exp_acyclic_indvary3_step7_batch_yyy02.pl,b4,no,49.85,no,corr,None,None,None,None
3215,exp_acyclic_indvary3_step7_batch_yyy02.pl,c1,yes,57.9,yes,corr,None,None,None,None
3216,exp_acyclic_indvary3_step7_batch_yyy02.pl,r1,no,55.22,no,corr,None,None,None,None
3217,exp_acyclic_indvary3_step7_batch_yyy02.pl,s2,no,54.79,no,corr,None,None,None,None
3218,exp_acyclic_indvary3_step7_batch_yyy02.pl,c5,no,55.4,no,corr,None,None,None,None
3219,exp_acyclic_indvary3_step7_batch_yyy02.pl,x6,no,54.69,no,corr,None,None,None,None
3220,exp_acyclic_indvary3_step7_batch_yyy02.pl,x1,no,55.36,no,corr,None,None,None,None
3221,exp_acyclic_indvary3_step7_batch_yyy03.pl,v2,no,83.3,no,corr,None,None,None,None
3222,exp_acyclic_indvary3_step7_batch_yyy03.pl,p7,no,52.16,no,corr,None,None,None,None
3223,exp_acyclic_indvary3_step7_batch_yyy03.pl,v5,no,52.78,no,corr,None,None,None,None
3224,exp_acyclic_indvary3_step7_batch_yyy03.pl,b4,no,54.06,no,corr,None,None,None,None
3225,exp_acyclic_indvary3_step7_batch_yyy03.pl,w1,no,77.56,no,corr,None,None,None,None
3226,exp_acyclic_indvary3_step7_batch_yyy03.pl,t2,no,52.92,no,corr,None,None,None,None
3227,exp_acyclic_indvary3_step7_batch_yyy03.pl,s4,no,53.63,no,corr,None,None,None,None
3228,exp_acyclic_indvary3_step7_batch_yyy03.pl,v7,no,53.73,no,corr,None,None,None,None
3229,exp_acyclic_indvary3_step7_batch_yyy03.pl,r7,no,53.59,no,corr,None,None,None,None
3230,exp_acyclic_indvary3_step7_batch_yyy03.pl,b6,no,53.6,no,corr,None,None,None,None
3231,exp_acyclic_indvary3_step7_batch_yyy04.pl,s4,no,47.3,no,corr,None,None,None,None
3232,exp_acyclic_indvary3_step7_batch_yyy04.pl,a5,no,45.69,no,corr,None,None,None,None
3233,exp_acyclic_indvary3_step7_batch_yyy04.pl,r5,no,46.3,no,corr,None,None,None,None
3234,exp_acyclic_indvary3_step7_batch_yyy04.pl,w4,no,46.18,no,corr,None,None,None,None
3235,exp_acyclic_indvary3_step7_batch_yyy04.pl,c1,yes,50.72,yes,corr,None,None,None,None
3236,exp_acyclic_indvary3_step7_batch_yyy04.pl,z3,no,268.55,no,corr,None,None,None,None
3237,exp_acyclic_indvary3_step7_batch_yyy04.pl,b6,no,46.89,no,corr,None,None,None,None
3238,exp_acyclic_indvary3_step7_batch_yyy04.pl,y5,no,46.56,no,corr,None,None,None,None
3239,exp_acyclic_indvary3_step7_batch_yyy04.pl,v6,no,46.35,no,corr,None,None,None,None
3240,exp_acyclic_indvary3_step7_batch_yyy04.pl,f1,yes,45.48,yes,corr,None,None,None,None
3241,exp_acyclic_indvary3_step7_batch_yyy05.pl,d5,no,54.61,no,corr,None,None,None,None
3242,exp_acyclic_indvary3_step7_batch_yyy05.pl,s3,no,55.42,no,corr,None,None,None,None
3243,exp_acyclic_indvary3_step7_batch_yyy05.pl,x3,no,95.17,no,corr,None,None,None,None
3244,exp_acyclic_indvary3_step7_batch_yyy05.pl,d3,no,54.51,no,corr,None,None,None,None
3245,exp_acyclic_indvary3_step7_batch_yyy05.pl,a4,no,54.6,no,corr,None,None,None,None
3246,exp_acyclic_indvary3_step7_batch_yyy05.pl,x5,no,55.2,no,corr,None,None,None,None
3247,exp_acyclic_indvary3_step7_batch_yyy05.pl,r3,no,55.64,no,corr,None,None,None,None
3248,exp_acyclic_indvary3_step7_batch_yyy05.pl,q6,no,54.41,no,corr,None,None,None,None
3249,exp_acyclic_indvary3_step7_batch_yyy05.pl,z5,no,55.23,no,corr,None,None,None,None
3250,exp_acyclic_indvary3_step7_batch_yyy05.pl,v2,no,54.25,no,corr,None,None,None,None
3251,exp_acyclic_indvary3_step7_batch_yyy06.pl,z1,no,60.27,no,corr,None,None,None,None
3252,exp_acyclic_indvary3_step7_batch_yyy06.pl,r1,no,88.5,no,corr,None,None,None,None
3253,exp_acyclic_indvary3_step7_batch_yyy06.pl,z3,no,60.15,no,corr,None,None,None,None
3254,exp_acyclic_indvary3_step7_batch_yyy06.pl,b4,no,59.0,no,corr,None,None,None,None
3255,exp_acyclic_indvary3_step7_batch_yyy06.pl,t3,no,131.77,no,corr,None,None,None,None
3256,exp_acyclic_indvary3_step7_batch_yyy06.pl,q3,no,60.37,no,corr,None,None,None,None
3257,exp_acyclic_indvary3_step7_batch_yyy06.pl,x6,no,59.91,no,corr,None,None,None,None
3258,exp_acyclic_indvary3_step7_batch_yyy06.pl,e2,yes,57.2,yes,corr,None,None,None,None
3259,exp_acyclic_indvary3_step7_batch_yyy06.pl,d1,yes,57.12,yes,corr,None,None,None,None
3260,exp_acyclic_indvary3_step7_batch_yyy06.pl,t1,no,60.57,no,corr,None,None,None,None
3261,exp_acyclic_indvary3_step7_batch_yyy07.pl,u5,no,53.71,no,corr,None,None,None,None
3262,exp_acyclic_indvary3_step7_batch_yyy07.pl,t4,no,55.08,no,corr,None,None,None,None
3263,exp_acyclic_indvary3_step7_batch_yyy07.pl,a6,no,53.36,no,corr,None,None,None,None
3264,exp_acyclic_indvary3_step7_batch_yyy07.pl,e1,yes,88.87,yes,corr,None,None,None,None
3265,exp_acyclic_indvary3_step7_batch_yyy07.pl,z1,no,78.51,no,corr,None,None,None,None
3266,exp_acyclic_indvary3_step7_batch_yyy07.pl,r4,no,54.01,no,corr,None,None,None,None
3267,exp_acyclic_indvary3_step7_batch_yyy07.pl,q7,no,54.41,no,corr,None,None,None,None
3268,exp_acyclic_indvary3_step7_batch_yyy07.pl,w3,no,82.66,no,corr,None,None,None,None
3269,exp_acyclic_indvary3_step7_batch_yyy07.pl,z4,no,54.31,no,corr,None,None,None,None
3270,exp_acyclic_indvary3_step7_batch_yyy07.pl,e4,no,50.96,no,corr,None,None,None,None
3271,exp_acyclic_indvary3_step7_batch_yyy08.pl,t4,no,49.29,no,corr,None,None,None,None
3272,exp_acyclic_indvary3_step7_batch_yyy08.pl,v2,no,48.0,no,corr,None,None,None,None
3273,exp_acyclic_indvary3_step7_batch_yyy08.pl,w2,no,48.48,no,corr,None,None,None,None
3274,exp_acyclic_indvary3_step7_batch_yyy08.pl,z4,no,48.87,no,corr,None,None,None,None
3275,exp_acyclic_indvary3_step7_batch_yyy08.pl,y6,no,49.23,no,corr,None,None,None,None
3276,exp_acyclic_indvary3_step7_batch_yyy08.pl,a2,no,53.48,no,corr,None,None,None,None
3277,exp_acyclic_indvary3_step7_batch_yyy08.pl,z1,no,49.09,no,corr,None,None,None,None
3278,exp_acyclic_indvary3_step7_batch_yyy08.pl,c2,no,53.42,no,corr,None,None,None,None
3279,exp_acyclic_indvary3_step7_batch_yyy08.pl,r3,no,48.03,no,corr,None,None,None,None
3280,exp_acyclic_indvary3_step7_batch_yyy08.pl,d1,yes,53.59,yes,corr,None,None,None,None
3281,exp_acyclic_indvary3_step7_batch_yyy09.pl,u6,no,54.27,no,corr,None,None,None,None
3282,exp_acyclic_indvary3_step7_batch_yyy09.pl,v7,no,55.29,no,corr,None,None,None,None
3283,exp_acyclic_indvary3_step7_batch_yyy09.pl,p4,no,115.55,no,corr,None,None,None,None
3284,exp_acyclic_indvary3_step7_batch_yyy09.pl,p3,no,81.09,no,corr,None,None,None,None
3285,exp_acyclic_indvary3_step7_batch_yyy09.pl,d2,no,152.06,no,corr,None,None,None,None
3286,exp_acyclic_indvary3_step7_batch_yyy09.pl,r3,no,60.22,no,corr,None,None,None,None
3287,exp_acyclic_indvary3_step7_batch_yyy09.pl,w3,no,93.27,no,corr,None,None,None,None
3288,exp_acyclic_indvary3_step7_batch_yyy09.pl,q2,no,60.31,no,corr,None,None,None,None
3289,exp_acyclic_indvary3_step7_batch_yyy09.pl,t7,no,60.37,no,corr,None,None,None,None
3290,exp_acyclic_indvary3_step7_batch_yyy09.pl,b5,no,60.05,no,corr,None,None,None,None
3291,exp_acyclic_indvary3_step7_batch_yyy10.pl,c4,no,55.72,no,corr,None,None,None,None
3292,exp_acyclic_indvary3_step7_batch_yyy10.pl,x3,no,191.75,no,corr,None,None,None,None
3293,exp_acyclic_indvary3_step7_batch_yyy10.pl,s2,no,175.92,no,corr,None,None,None,None
3294,exp_acyclic_indvary3_step7_batch_yyy10.pl,f3,no,54.76,no,corr,None,None,None,None
3295,exp_acyclic_indvary3_step7_batch_yyy10.pl,t7,no,55.38,no,corr,None,None,None,None
3296,exp_acyclic_indvary3_step7_batch_yyy10.pl,q1,no,80.68,no,corr,None,None,None,None
3297,exp_acyclic_indvary3_step7_batch_yyy10.pl,y6,no,54.78,no,corr,None,None,None,None
3298,exp_acyclic_indvary3_step7_batch_yyy10.pl,a2,yes,54.85,yes,corr,None,None,None,None
3299,exp_acyclic_indvary3_step7_batch_yyy10.pl,s7,no,54.98,no,corr,None,None,None,None
3300,exp_acyclic_indvary3_step7_batch_yyy10.pl,b6,no,55.19,no,corr,None,None,None,None
3301,exp_acyclic_indvary3_step8_batch_yyy01.pl,v7,no,59.48,no,corr,None,None,None,None
3302,exp_acyclic_indvary3_step8_batch_yyy01.pl,u1,no,88.82,no,corr,None,None,None,None
3303,exp_acyclic_indvary3_step8_batch_yyy01.pl,t3,no,59.23,no,corr,None,None,None,None
3304,exp_acyclic_indvary3_step8_batch_yyy01.pl,s2,no,59.63,no,corr,None,None,None,None
3305,exp_acyclic_indvary3_step8_batch_yyy01.pl,r4,no,59.53,no,corr,None,None,None,None
3306,exp_acyclic_indvary3_step8_batch_yyy01.pl,r2,no,59.36,no,corr,None,None,None,None
3307,exp_acyclic_indvary3_step8_batch_yyy01.pl,p1,no,92.45,no,corr,None,None,None,None
3308,exp_acyclic_indvary3_step8_batch_yyy01.pl,f2,yes,64.32,yes,corr,None,None,None,None
3309,exp_acyclic_indvary3_step8_batch_yyy01.pl,v1,no,58.38,no,corr,None,None,None,None
3310,exp_acyclic_indvary3_step8_batch_yyy01.pl,p3,no,59.23,no,corr,None,None,None,None
3311,exp_acyclic_indvary3_step8_batch_yyy02.pl,a6,no,62.38,no,corr,None,None,None,None
3312,exp_acyclic_indvary3_step8_batch_yyy02.pl,q5,no,61.72,no,corr,None,None,None,None
3313,exp_acyclic_indvary3_step8_batch_yyy02.pl,z1,no,198.07,no,corr,None,None,None,None
3314,exp_acyclic_indvary3_step8_batch_yyy02.pl,w6,no,60.38,no,corr,None,None,None,None
3315,exp_acyclic_indvary3_step8_batch_yyy02.pl,p3,no,60.87,no,corr,None,None,None,None
3316,exp_acyclic_indvary3_step8_batch_yyy02.pl,y2,no,61.49,no,corr,None,None,None,None
3317,exp_acyclic_indvary3_step8_batch_yyy02.pl,y6,no,61.38,no,corr,None,None,None,None
3318,exp_acyclic_indvary3_step8_batch_yyy02.pl,q2,no,61.61,no,corr,None,None,None,None
3319,exp_acyclic_indvary3_step8_batch_yyy02.pl,t2,no,61.06,no,corr,None,None,None,None
3320,exp_acyclic_indvary3_step8_batch_yyy02.pl,z2,no,130.44,no,corr,None,None,None,None
3321,exp_acyclic_indvary3_step8_batch_yyy03.pl,d5,no,58.87,no,corr,None,None,None,None
3322,exp_acyclic_indvary3_step8_batch_yyy03.pl,z5,no,59.2,no,corr,None,None,None,None
3323,exp_acyclic_indvary3_step8_batch_yyy03.pl,p5,no,59.14,no,corr,None,None,None,None
3324,exp_acyclic_indvary3_step8_batch_yyy03.pl,q4,no,87.2,no,corr,None,None,None,None
3325,exp_acyclic_indvary3_step8_batch_yyy03.pl,p3,no,86.97,no,corr,None,None,None,None
3326,exp_acyclic_indvary3_step8_batch_yyy03.pl,f3,no,59.42,no,corr,None,None,None,None
3327,exp_acyclic_indvary3_step8_batch_yyy03.pl,r1,no,58.83,no,corr,None,None,None,None
3328,exp_acyclic_indvary3_step8_batch_yyy03.pl,p1,no,58.77,no,corr,None,None,None,None
3329,exp_acyclic_indvary3_step8_batch_yyy03.pl,z1,no,87.84,no,corr,None,None,None,None
3330,exp_acyclic_indvary3_step8_batch_yyy03.pl,c5,no,58.68,no,corr,None,None,None,None
3331,exp_acyclic_indvary3_step8_batch_yyy04.pl,t5,no,54.58,no,corr,None,None,None,None
3332,exp_acyclic_indvary3_step8_batch_yyy04.pl,z5,no,50.88,no,corr,None,None,None,None
3333,exp_acyclic_indvary3_step8_batch_yyy04.pl,e5,no,43.42,no,corr,None,None,None,None
3334,exp_acyclic_indvary3_step8_batch_yyy04.pl,c5,no,42.9,no,corr,None,None,None,None
3335,exp_acyclic_indvary3_step8_batch_yyy04.pl,w1,no,42.06,no,corr,None,None,None,None
3336,exp_acyclic_indvary3_step8_batch_yyy04.pl,c6,no,43.17,no,corr,None,None,None,None
3337,exp_acyclic_indvary3_step8_batch_yyy04.pl,r7,no,42.44,no,corr,None,None,None,None
3338,exp_acyclic_indvary3_step8_batch_yyy04.pl,p1,no,42.69,no,corr,None,None,None,None
3339,exp_acyclic_indvary3_step8_batch_yyy04.pl,a6,no,43.03,no,corr,None,None,None,None
3340,exp_acyclic_indvary3_step8_batch_yyy04.pl,s4,no,43.09,no,corr,None,None,None,None
3341,exp_acyclic_indvary3_step8_batch_yyy05.pl,w7,no,36.75,no,corr,None,None,None,None
3342,exp_acyclic_indvary3_step8_batch_yyy05.pl,d3,no,35.27,no,corr,None,None,None,None
3343,exp_acyclic_indvary3_step8_batch_yyy05.pl,v5,no,34.37,no,corr,None,None,None,None
3344,exp_acyclic_indvary3_step8_batch_yyy05.pl,c2,no,37.1,no,corr,None,None,None,None
3345,exp_acyclic_indvary3_step8_batch_yyy05.pl,r2,no,34.94,no,corr,None,None,None,None
3346,exp_acyclic_indvary3_step8_batch_yyy05.pl,r3,no,34.61,no,corr,None,None,None,None
3347,exp_acyclic_indvary3_step8_batch_yyy05.pl,e1,yes,35.69,yes,corr,None,None,None,None
3348,exp_acyclic_indvary3_step8_batch_yyy05.pl,q6,no,34.95,no,corr,None,None,None,None
3349,exp_acyclic_indvary3_step8_batch_yyy05.pl,a4,no,35.01,no,corr,None,None,None,None
3350,exp_acyclic_indvary3_step8_batch_yyy05.pl,x2,no,35.11,no,corr,None,None,None,None
3351,exp_acyclic_indvary3_step8_batch_yyy06.pl,a6,no,35.37,no,corr,None,None,None,None
3352,exp_acyclic_indvary3_step8_batch_yyy06.pl,v2,no,33.49,no,corr,None,None,None,None
3353,exp_acyclic_indvary3_step8_batch_yyy06.pl,p4,no,72.06,no,corr,None,None,None,None
3354,exp_acyclic_indvary3_step8_batch_yyy06.pl,y3,no,36.09,no,corr,None,None,None,None
3355,exp_acyclic_indvary3_step8_batch_yyy06.pl,q7,no,36.76,no,corr,None,None,None,None
3356,exp_acyclic_indvary3_step8_batch_yyy06.pl,p6,no,37.23,no,corr,None,None,None,None
3357,exp_acyclic_indvary3_step8_batch_yyy06.pl,t4,no,38.07,no,corr,None,None,None,None
3358,exp_acyclic_indvary3_step8_batch_yyy06.pl,t5,no,37.01,no,corr,None,None,None,None
3359,exp_acyclic_indvary3_step8_batch_yyy06.pl,s5,no,37.21,no,corr,None,None,None,None
3360,exp_acyclic_indvary3_step8_batch_yyy06.pl,b4,no,38.64,no,corr,None,None,None,None
3361,exp_acyclic_indvary3_step8_batch_yyy07.pl,p7,no,42.0,no,corr,None,None,None,None
3362,exp_acyclic_indvary3_step8_batch_yyy07.pl,v6,no,43.55,no,corr,None,None,None,None
3363,exp_acyclic_indvary3_step8_batch_yyy07.pl,f5,no,42.86,no,corr,None,None,None,None
3364,exp_acyclic_indvary3_step8_batch_yyy07.pl,y1,no,42.84,no,corr,None,None,None,None
3365,exp_acyclic_indvary3_step8_batch_yyy07.pl,w3,no,42.74,no,corr,None,None,None,None
3366,exp_acyclic_indvary3_step8_batch_yyy07.pl,p6,no,43.96,no,corr,None,None,None,None
3367,exp_acyclic_indvary3_step8_batch_yyy07.pl,b4,no,43.46,no,corr,None,None,None,None
3368,exp_acyclic_indvary3_step8_batch_yyy07.pl,t3,no,42.44,no,corr,None,None,None,None
3369,exp_acyclic_indvary3_step8_batch_yyy07.pl,e2,no,66.3,no,corr,None,None,None,None
3370,exp_acyclic_indvary3_step8_batch_yyy07.pl,r3,no,62.67,no,corr,None,None,None,None
3371,exp_acyclic_indvary3_step8_batch_yyy08.pl,y4,no,40.1,no,corr,None,None,None,None
3372,exp_acyclic_indvary3_step8_batch_yyy08.pl,u1,no,40.94,no,corr,None,None,None,None
3373,exp_acyclic_indvary3_step8_batch_yyy08.pl,x7,no,40.79,no,corr,None,None,None,None
3374,exp_acyclic_indvary3_step8_batch_yyy08.pl,a4,no,40.17,no,corr,None,None,None,None
3375,exp_acyclic_indvary3_step8_batch_yyy08.pl,a1,yes,64.61,yes,corr,None,None,None,None
3376,exp_acyclic_indvary3_step8_batch_yyy08.pl,r3,no,63.19,no,corr,None,None,None,None
3377,exp_acyclic_indvary3_step8_batch_yyy08.pl,z4,no,40.82,no,corr,None,None,None,None
3378,exp_acyclic_indvary3_step8_batch_yyy08.pl,y3,no,40.95,no,corr,None,None,None,None
3379,exp_acyclic_indvary3_step8_batch_yyy08.pl,u3,no,41.75,no,corr,None,None,None,None
3380,exp_acyclic_indvary3_step8_batch_yyy08.pl,v4,no,40.89,no,corr,None,None,None,None
3381,exp_acyclic_indvary3_step8_batch_yyy09.pl,u6,no,48.16,no,corr,None,None,None,None
3382,exp_acyclic_indvary3_step8_batch_yyy09.pl,a6,no,41.24,no,corr,None,None,None,None
3383,exp_acyclic_indvary3_step8_batch_yyy09.pl,w5,no,40.64,no,corr,None,None,None,None
3384,exp_acyclic_indvary3_step8_batch_yyy09.pl,c2,yes,40.81,yes,corr,None,None,None,None
3385,exp_acyclic_indvary3_step8_batch_yyy09.pl,z4,no,41.18,no,corr,None,None,None,None
3386,exp_acyclic_indvary3_step8_batch_yyy09.pl,t2,no,64.18,no,corr,None,None,None,None
3387,exp_acyclic_indvary3_step8_batch_yyy09.pl,p2,no,95.25,no,corr,None,None,None,None
3388,exp_acyclic_indvary3_step8_batch_yyy09.pl,u2,no,80.83,no,corr,None,None,None,None
3389,exp_acyclic_indvary3_step8_batch_yyy09.pl,z5,no,41.24,no,corr,None,None,None,None
3390,exp_acyclic_indvary3_step8_batch_yyy09.pl,q6,no,40.95,no,corr,None,None,None,None
3391,exp_acyclic_indvary3_step8_batch_yyy10.pl,b3,yes,41.26,yes,corr,None,None,None,None
3392,exp_acyclic_indvary3_step8_batch_yyy10.pl,p4,no,55.96,no,corr,None,None,None,None
3393,exp_acyclic_indvary3_step8_batch_yyy10.pl,u1,no,57.53,no,corr,None,None,None,None
3394,exp_acyclic_indvary3_step8_batch_yyy10.pl,b4,no,37.39,no,corr,None,None,None,None
3395,exp_acyclic_indvary3_step8_batch_yyy10.pl,t7,no,38.4,no,corr,None,None,None,None
3396,exp_acyclic_indvary3_step8_batch_yyy10.pl,z3,no,37.95,no,corr,None,None,None,None
3397,exp_acyclic_indvary3_step8_batch_yyy10.pl,s7,no,38.74,no,corr,None,None,None,None
3398,exp_acyclic_indvary3_step8_batch_yyy10.pl,d1,no,42.3,no,corr,None,None,None,None
3399,exp_acyclic_indvary3_step8_batch_yyy10.pl,w6,no,37.94,no,corr,None,None,None,None
3400,exp_acyclic_indvary3_step8_batch_yyy10.pl,f5,no,38.95,no,corr,None,None,None,None
3401,exp_cycles_depvary_step10_batch_yyy01.pl,u6,no,359.15,no,corr,None,None,None,None
3402,exp_cycles_depvary_step10_batch_yyy01.pl,b3,,600.0,no,TIMEOUT,,,,
3403,exp_cycles_depvary_step10_batch_yyy01.pl,v2,no,419.01,no,corr,None,None,None,None
3404,exp_cycles_depvary_step10_batch_yyy01.pl,s5,no,330.07,no,corr,None,None,None,None
3405,exp_cycles_depvary_step10_batch_yyy01.pl,r3,no,330.76,no,corr,None,None,None,None
3406,exp_cycles_depvary_step10_batch_yyy01.pl,f2,yes,362.54,yes,corr,None,None,None,None
3407,exp_cycles_depvary_step10_batch_yyy01.pl,z4,,600.0,yes,TIMEOUT,,,,
3408,exp_cycles_depvary_step10_batch_yyy01.pl,y3,,600.0,yes,TIMEOUT,,,,
3409,exp_cycles_depvary_step10_batch_yyy01.pl,c1,,600.0,no,TIMEOUT,,,,
3410,exp_cycles_depvary_step10_batch_yyy01.pl,c6,,600.0,no,TIMEOUT,,,,
3411,exp_cycles_depvary_step10_batch_yyy02.pl,v2,,600.0,no,TIMEOUT,,,,
3412,exp_cycles_depvary_step10_batch_yyy02.pl,d3,yes,589.45,yes,corr,None,None,None,None
3413,exp_cycles_depvary_step10_batch_yyy02.pl,z4,yes,569.39,yes,corr,None,None,None,None
3414,exp_cycles_depvary_step10_batch_yyy02.pl,a3,,600.0,no,TIMEOUT,,,,
3415,exp_cycles_depvary_step10_batch_yyy02.pl,q1,,600.0,no,TIMEOUT,,,,
3416,exp_cycles_depvary_step10_batch_yyy02.pl,u6,,600.0,no,TIMEOUT,,,,
3417,exp_cycles_depvary_step10_batch_yyy02.pl,d5,,600.0,yes,TIMEOUT,,,,
3418,exp_cycles_depvary_step10_batch_yyy02.pl,w2,,600.0,yes,TIMEOUT,,,,
3419,exp_cycles_depvary_step10_batch_yyy02.pl,v6,no,575.0,no,corr,None,None,None,None
3420,exp_cycles_depvary_step10_batch_yyy02.pl,f1,yes,567.96,yes,corr,None,None,None,None
3421,exp_cycles_depvary_step10_batch_yyy03.pl,a6,no,569.9,no,corr,None,None,None,None
3422,exp_cycles_depvary_step10_batch_yyy03.pl,p4,,600.0,no,TIMEOUT,,,,
3423,exp_cycles_depvary_step10_batch_yyy03.pl,u1,,600.0,no,TIMEOUT,,,,
3424,exp_cycles_depvary_step10_batch_yyy03.pl,x2,yes,582.58,yes,corr,None,None,None,None
3425,exp_cycles_depvary_step10_batch_yyy03.pl,b5,,600.0,yes,TIMEOUT,,,,
3426,exp_cycles_depvary_step10_batch_yyy03.pl,y2,yes,581.16,yes,corr,None,None,None,None
3427,exp_cycles_depvary_step10_batch_yyy03.pl,v4,no,539.64,no,corr,None,None,None,None
3428,exp_cycles_depvary_step10_batch_yyy03.pl,r4,no,494.57,no,corr,None,None,None,None
3429,exp_cycles_depvary_step10_batch_yyy03.pl,s7,no,492.28,no,corr,None,None,None,None
3430,exp_cycles_depvary_step10_batch_yyy03.pl,a1,yes,587.43,yes,corr,None,None,None,None
3431,exp_cycles_depvary_step10_batch_yyy04.pl,z1,,600.0,no,TIMEOUT,,,,
3432,exp_cycles_depvary_step10_batch_yyy04.pl,r5,,600.0,yes,TIMEOUT,,,,
3433,exp_cycles_depvary_step10_batch_yyy04.pl,f3,,600.0,no,TIMEOUT,,,,
3434,exp_cycles_depvary_step10_batch_yyy04.pl,u3,,600.0,no,TIMEOUT,,,,
3435,exp_cycles_depvary_step10_batch_yyy04.pl,a3,,600.0,yes,TIMEOUT,,,,
3436,exp_cycles_depvary_step10_batch_yyy04.pl,r7,,600.0,no,TIMEOUT,,,,
3437,exp_cycles_depvary_step10_batch_yyy04.pl,f2,,600.0,no,TIMEOUT,,,,
3438,exp_cycles_depvary_step10_batch_yyy04.pl,c1,,600.0,no,TIMEOUT,,,,
3439,exp_cycles_depvary_step10_batch_yyy04.pl,t2,,600.0,yes,TIMEOUT,,,,
3440,exp_cycles_depvary_step10_batch_yyy04.pl,c6,,600.0,yes,TIMEOUT,,,,
3441,exp_cycles_depvary_step10_batch_yyy05.pl,t5,,600.0,yes,TIMEOUT,,,,
3442,exp_cycles_depvary_step10_batch_yyy05.pl,b2,,600.0,yes,TIMEOUT,,,,
3443,exp_cycles_depvary_step10_batch_yyy05.pl,w5,,600.0,yes,TIMEOUT,,,,
3444,exp_cycles_depvary_step10_batch_yyy05.pl,s2,,600.0,yes,TIMEOUT,,,,
3445,exp_cycles_depvary_step10_batch_yyy05.pl,f5,,600.0,no,TIMEOUT,,,,
3446,exp_cycles_depvary_step10_batch_yyy05.pl,y3,,600.0,no,TIMEOUT,,,,
3447,exp_cycles_depvary_step10_batch_yyy05.pl,t2,,600.0,no,TIMEOUT,,,,
3448,exp_cycles_depvary_step10_batch_yyy05.pl,r1,,600.0,no,TIMEOUT,,,,
3449,exp_cycles_depvary_step10_batch_yyy05.pl,r2,,600.0,no,TIMEOUT,,,,
3450,exp_cycles_depvary_step10_batch_yyy05.pl,u2,,600.0,no,TIMEOUT,,,,
3451,exp_cycles_depvary_step10_batch_yyy06.pl,u5,,600.0,no,TIMEOUT,,,,
3452,exp_cycles_depvary_step10_batch_yyy06.pl,z5,,600.0,no,TIMEOUT,,,,
3453,exp_cycles_depvary_step10_batch_yyy06.pl,w2,,600.0,no,TIMEOUT,,,,
3454,exp_cycles_depvary_step10_batch_yyy06.pl,d3,,600.0,yes,TIMEOUT,,,,
3455,exp_cycles_depvary_step10_batch_yyy06.pl,u3,,600.0,no,TIMEOUT,,,,
3456,exp_cycles_depvary_step10_batch_yyy06.pl,y2,,600.0,no,TIMEOUT,,,,
3457,exp_cycles_depvary_step10_batch_yyy06.pl,s7,,600.0,no,TIMEOUT,,,,
3458,exp_cycles_depvary_step10_batch_yyy06.pl,r3,,600.0,yes,TIMEOUT,,,,
3459,exp_cycles_depvary_step10_batch_yyy06.pl,c2,,600.0,yes,TIMEOUT,,,,
3460,exp_cycles_depvary_step10_batch_yyy06.pl,b1,no,549.34,no,corr,None,None,None,None
3461,exp_cycles_depvary_step10_batch_yyy07.pl,a6,yes,573.56,yes,corr,None,None,None,None
3462,exp_cycles_depvary_step10_batch_yyy07.pl,e1,no,533.33,no,corr,None,None,None,None
3463,exp_cycles_depvary_step10_batch_yyy07.pl,u4,yes,571.16,yes,corr,None,None,None,None
3464,exp_cycles_depvary_step10_batch_yyy07.pl,c6,no,550.36,no,corr,None,None,None,None
3465,exp_cycles_depvary_step10_batch_yyy07.pl,r4,no,550.62,no,corr,None,None,None,None
3466,exp_cycles_depvary_step10_batch_yyy07.pl,p2,,600.0,yes,TIMEOUT,,,,
3467,exp_cycles_depvary_step10_batch_yyy07.pl,s7,,600.0,no,TIMEOUT,,,,
3468,exp_cycles_depvary_step10_batch_yyy07.pl,p1,,600.0,no,TIMEOUT,,,,
3469,exp_cycles_depvary_step10_batch_yyy07.pl,x4,,600.0,no,TIMEOUT,,,,
3470,exp_cycles_depvary_step10_batch_yyy07.pl,p6,,600.0,no,TIMEOUT,,,,
3471,exp_cycles_depvary_step10_batch_yyy08.pl,c4,,600.0,no,TIMEOUT,,,,
3472,exp_cycles_depvary_step10_batch_yyy08.pl,v5,,600.0,yes,TIMEOUT,,,,
3473,exp_cycles_depvary_step10_batch_yyy08.pl,b4,,600.0,yes,TIMEOUT,,,,
3474,exp_cycles_depvary_step10_batch_yyy08.pl,x2,,600.0,no,TIMEOUT,,,,
3475,exp_cycles_depvary_step10_batch_yyy08.pl,r5,,600.0,no,TIMEOUT,,,,
3476,exp_cycles_depvary_step10_batch_yyy08.pl,v4,,600.0,no,TIMEOUT,,,,
3477,exp_cycles_depvary_step10_batch_yyy08.pl,y1,,600.0,no,TIMEOUT,,,,
3478,exp_cycles_depvary_step10_batch_yyy08.pl,q3,,600.0,yes,TIMEOUT,,,,
3479,exp_cycles_depvary_step10_batch_yyy08.pl,r6,,600.0,no,TIMEOUT,,,,
3480,exp_cycles_depvary_step10_batch_yyy08.pl,e5,,600.0,no,TIMEOUT,,,,
3481,exp_cycles_depvary_step10_batch_yyy09.pl,d5,,600.0,yes,TIMEOUT,,,,
3482,exp_cycles_depvary_step10_batch_yyy09.pl,z5,,600.0,yes,TIMEOUT,,,,
3483,exp_cycles_depvary_step10_batch_yyy09.pl,x7,no,596.19,no,corr,None,None,None,None
3484,exp_cycles_depvary_step10_batch_yyy09.pl,e4,,600.0,yes,TIMEOUT,,,,
3485,exp_cycles_depvary_step10_batch_yyy09.pl,v1,,600.0,yes,TIMEOUT,,,,
3486,exp_cycles_depvary_step10_batch_yyy09.pl,x5,,600.0,yes,TIMEOUT,,,,
3487,exp_cycles_depvary_step10_batch_yyy09.pl,p2,,600.0,yes,TIMEOUT,,,,
3488,exp_cycles_depvary_step10_batch_yyy09.pl,q1,no,599.09,no,corr,None,None,None,None
3489,exp_cycles_depvary_step10_batch_yyy09.pl,s4,,600.0,yes,TIMEOUT,,,,
3490,exp_cycles_depvary_step10_batch_yyy09.pl,v7,no,594.92,no,corr,None,None,None,None
3491,exp_cycles_depvary_step10_batch_yyy10.pl,w7,,600.0,no,TIMEOUT,,,,
3492,exp_cycles_depvary_step10_batch_yyy10.pl,f1,,600.0,no,TIMEOUT,,,,
3493,exp_cycles_depvary_step10_batch_yyy10.pl,v5,,600.0,no,TIMEOUT,,,,
3494,exp_cycles_depvary_step10_batch_yyy10.pl,w6,,600.0,no,TIMEOUT,,,,
3495,exp_cycles_depvary_step10_batch_yyy10.pl,r1,,600.0,yes,TIMEOUT,,,,
3496,exp_cycles_depvary_step10_batch_yyy10.pl,s7,,600.0,no,TIMEOUT,,,,
3497,exp_cycles_depvary_step10_batch_yyy10.pl,d1,,600.0,yes,TIMEOUT,,,,
3498,exp_cycles_depvary_step10_batch_yyy10.pl,f2,,600.0,yes,TIMEOUT,,,,
3499,exp_cycles_depvary_step10_batch_yyy10.pl,q7,,600.0,no,TIMEOUT,,,,
3500,exp_cycles_depvary_step10_batch_yyy10.pl,y6,no,597.3,no,corr,None,None,None,None
3501,exp_cycles_depvary_step1_batch_yyy01.pl,b3,no,6.19,no,corr,None,None,None,None
3502,exp_cycles_depvary_step1_batch_yyy01.pl,e1,no,5.08,no,corr,None,None,None,None
3503,exp_cycles_depvary_step1_batch_yyy01.pl,a4,no,5.46,no,corr,None,None,None,None
3504,exp_cycles_depvary_step1_batch_yyy01.pl,y3,no,6.17,no,corr,None,None,None,None
3505,exp_cycles_depvary_step1_batch_yyy01.pl,w4,no,5.92,no,corr,None,None,None,None
3506,exp_cycles_depvary_step1_batch_yyy01.pl,a3,no,5.82,no,corr,None,None,None,None
3507,exp_cycles_depvary_step1_batch_yyy01.pl,a1,no,6.12,no,corr,None,None,None,None
3508,exp_cycles_depvary_step1_batch_yyy01.pl,y5,no,6.12,no,corr,None,None,None,None
3509,exp_cycles_depvary_step1_batch_yyy01.pl,x5,no,6.5,no,corr,None,None,None,None
3510,exp_cycles_depvary_step1_batch_yyy01.pl,c6,no,5.8,no,corr,None,None,None,None
3511,exp_cycles_depvary_step1_batch_yyy02.pl,d5,no,6.08,no,corr,None,None,None,None
3512,exp_cycles_depvary_step1_batch_yyy02.pl,s4,no,6.13,no,corr,None,None,None,None
3513,exp_cycles_depvary_step1_batch_yyy02.pl,e5,no,5.14,no,corr,None,None,None,None
3514,exp_cycles_depvary_step1_batch_yyy02.pl,u4,no,5.69,no,corr,None,None,None,None
3515,exp_cycles_depvary_step1_batch_yyy02.pl,t3,no,5.8,no,corr,None,None,None,None
3516,exp_cycles_depvary_step1_batch_yyy02.pl,r5,no,5.85,no,corr,None,None,None,None
3517,exp_cycles_depvary_step1_batch_yyy02.pl,f3,no,5.8,no,corr,None,None,None,None
3518,exp_cycles_depvary_step1_batch_yyy02.pl,y2,no,5.65,no,corr,None,None,None,None
3519,exp_cycles_depvary_step1_batch_yyy02.pl,z6,no,5.93,no,corr,None,None,None,None
3520,exp_cycles_depvary_step1_batch_yyy02.pl,b2,no,5.98,no,corr,None,None,None,None
3521,exp_cycles_depvary_step1_batch_yyy03.pl,c4,no,6.34,no,corr,None,None,None,None
3522,exp_cycles_depvary_step1_batch_yyy03.pl,t6,no,8.22,no,corr,None,None,None,None
3523,exp_cycles_depvary_step1_batch_yyy03.pl,z4,no,6.76,no,corr,None,None,None,None
3524,exp_cycles_depvary_step1_batch_yyy03.pl,w4,no,6.26,no,corr,None,None,None,None
3525,exp_cycles_depvary_step1_batch_yyy03.pl,u3,no,6.2,no,corr,None,None,None,None
3526,exp_cycles_depvary_step1_batch_yyy03.pl,r2,no,5.95,no,corr,None,None,None,None
3527,exp_cycles_depvary_step1_batch_yyy03.pl,v3,no,6.27,no,corr,None,None,None,None
3528,exp_cycles_depvary_step1_batch_yyy03.pl,u2,no,6.28,no,corr,None,None,None,None
3529,exp_cycles_depvary_step1_batch_yyy03.pl,p4,no,6.34,no,corr,None,None,None,None
3530,exp_cycles_depvary_step1_batch_yyy03.pl,x3,no,6.37,no,corr,None,None,None,None
3531,exp_cycles_depvary_step1_batch_yyy04.pl,w7,no,5.66,no,corr,None,None,None,None
3532,exp_cycles_depvary_step1_batch_yyy04.pl,v2,no,5.76,no,corr,None,None,None,None
3533,exp_cycles_depvary_step1_batch_yyy04.pl,u7,no,5.52,no,corr,None,None,None,None
3534,exp_cycles_depvary_step1_batch_yyy04.pl,a4,no,4.7,no,corr,None,None,None,None
3535,exp_cycles_depvary_step1_batch_yyy04.pl,z4,no,5.57,no,corr,None,None,None,None
3536,exp_cycles_depvary_step1_batch_yyy04.pl,p3,no,5.81,no,corr,None,None,None,None
3537,exp_cycles_depvary_step1_batch_yyy04.pl,v4,no,5.48,no,corr,None,None,None,None
3538,exp_cycles_depvary_step1_batch_yyy04.pl,x1,yes,5.72,yes,corr,None,None,None,None
3539,exp_cycles_depvary_step1_batch_yyy04.pl,r2,no,5.16,no,corr,None,None,None,None
3540,exp_cycles_depvary_step1_batch_yyy04.pl,d1,no,4.93,no,corr,None,None,None,None
3541,exp_cycles_depvary_step1_batch_yyy05.pl,u7,no,4.92,no,corr,None,None,None,None
3542,exp_cycles_depvary_step1_batch_yyy05.pl,q5,no,4.37,no,corr,None,None,None,None
3543,exp_cycles_depvary_step1_batch_yyy05.pl,b1,yes,4.91,yes,corr,None,None,None,None
3544,exp_cycles_depvary_step1_batch_yyy05.pl,f5,no,5.01,no,corr,None,None,None,None
3545,exp_cycles_depvary_step1_batch_yyy05.pl,a1,yes,5.3,yes,corr,None,None,None,None
3546,exp_cycles_depvary_step1_batch_yyy05.pl,d1,no,4.87,no,corr,None,None,None,None
3547,exp_cycles_depvary_step1_batch_yyy05.pl,z6,no,5.45,no,corr,None,None,None,None
3548,exp_cycles_depvary_step1_batch_yyy05.pl,b2,no,4.85,no,corr,None,None,None,None
3549,exp_cycles_depvary_step1_batch_yyy05.pl,y3,no,5.48,no,corr,None,None,None,None
3550,exp_cycles_depvary_step1_batch_yyy05.pl,r5,no,4.2,no,corr,None,None,None,None
3551,exp_cycles_depvary_step1_batch_yyy06.pl,u1,no,4.42,no,corr,None,None,None,None
3552,exp_cycles_depvary_step1_batch_yyy06.pl,c2,no,4.37,no,corr,None,None,None,None
3553,exp_cycles_depvary_step1_batch_yyy06.pl,v1,no,5.21,no,corr,None,None,None,None
3554,exp_cycles_depvary_step1_batch_yyy06.pl,r7,no,3.84,no,corr,None,None,None,None
3555,exp_cycles_depvary_step1_batch_yyy06.pl,p1,yes,4.75,yes,corr,None,None,None,None
3556,exp_cycles_depvary_step1_batch_yyy06.pl,y5,no,4.45,no,corr,None,None,None,None
3557,exp_cycles_depvary_step1_batch_yyy06.pl,s3,no,4.89,no,corr,None,None,None,None
3558,exp_cycles_depvary_step1_batch_yyy06.pl,c4,no,4.54,no,corr,None,None,None,None
3559,exp_cycles_depvary_step1_batch_yyy06.pl,a6,no,4.68,no,corr,None,None,None,None
3560,exp_cycles_depvary_step1_batch_yyy06.pl,v7,no,3.88,no,corr,None,None,None,None
3561,exp_cycles_depvary_step1_batch_yyy07.pl,w7,no,6.73,no,corr,None,None,None,None
3562,exp_cycles_depvary_step1_batch_yyy07.pl,d4,no,8.78,no,corr,None,None,None,None
3563,exp_cycles_depvary_step1_batch_yyy07.pl,w2,no,5.86,no,corr,None,None,None,None
3564,exp_cycles_depvary_step1_batch_yyy07.pl,w4,no,6.06,no,corr,None,None,None,None
3565,exp_cycles_depvary_step1_batch_yyy07.pl,t2,no,6.33,no,corr,None,None,None,None
3566,exp_cycles_depvary_step1_batch_yyy07.pl,d2,no,5.93,no,corr,None,None,None,None
3567,exp_cycles_depvary_step1_batch_yyy07.pl,y6,no,6.04,no,corr,None,None,None,None
3568,exp_cycles_depvary_step1_batch_yyy07.pl,x4,no,5.4,no,corr,None,None,None,None
3569,exp_cycles_depvary_step1_batch_yyy07.pl,s5,no,5.89,no,corr,None,None,None,None
3570,exp_cycles_depvary_step1_batch_yyy07.pl,t3,no,6.36,no,corr,None,None,None,None
3571,exp_cycles_depvary_step1_batch_yyy08.pl,c4,no,4.52,no,corr,None,None,None,None
3572,exp_cycles_depvary_step1_batch_yyy08.pl,u7,no,5.33,no,corr,None,None,None,None
3573,exp_cycles_depvary_step1_batch_yyy08.pl,t3,no,4.38,no,corr,None,None,None,None
3574,exp_cycles_depvary_step1_batch_yyy08.pl,t6,no,5.83,no,corr,None,None,None,None
3575,exp_cycles_depvary_step1_batch_yyy08.pl,w1,yes,5.99,yes,corr,None,None,None,None
3576,exp_cycles_depvary_step1_batch_yyy08.pl,y5,no,5.53,no,corr,None,None,None,None
3577,exp_cycles_depvary_step1_batch_yyy08.pl,y3,no,4.26,no,corr,None,None,None,None
3578,exp_cycles_depvary_step1_batch_yyy08.pl,e4,no,5.49,no,corr,None,None,None,None
3579,exp_cycles_depvary_step1_batch_yyy08.pl,r2,no,5.55,no,corr,None,None,None,None
3580,exp_cycles_depvary_step1_batch_yyy08.pl,a1,no,5.1,no,corr,None,None,None,None
3581,exp_cycles_depvary_step1_batch_yyy09.pl,y4,no,5.8,no,corr,None,None,None,None
3582,exp_cycles_depvary_step1_batch_yyy09.pl,p4,no,5.51,no,corr,None,None,None,None
3583,exp_cycles_depvary_step1_batch_yyy09.pl,v5,no,5.18,no,corr,None,None,None,None
3584,exp_cycles_depvary_step1_batch_yyy09.pl,t6,no,4.96,no,corr,None,None,None,None
3585,exp_cycles_depvary_step1_batch_yyy09.pl,q4,no,5.79,no,corr,None,None,None,None
3586,exp_cycles_depvary_step1_batch_yyy09.pl,v1,no,4.47,no,corr,None,None,None,None
3587,exp_cycles_depvary_step1_batch_yyy09.pl,f3,no,5.95,no,corr,None,None,None,None
3588,exp_cycles_depvary_step1_batch_yyy09.pl,q7,no,5.8,no,corr,None,None,None,None
3589,exp_cycles_depvary_step1_batch_yyy09.pl,r3,no,5.02,no,corr,None,None,None,None
3590,exp_cycles_depvary_step1_batch_yyy09.pl,u2,no,5.79,no,corr,None,None,None,None
3591,exp_cycles_depvary_step1_batch_yyy10.pl,u5,no,3.63,no,corr,None,None,None,None
3592,exp_cycles_depvary_step1_batch_yyy10.pl,r4,no,3.3,no,corr,None,None,None,None
3593,exp_cycles_depvary_step1_batch_yyy10.pl,a3,no,3.09,no,corr,None,None,None,None
3594,exp_cycles_depvary_step1_batch_yyy10.pl,d1,no,4.26,no,corr,None,None,None,None
3595,exp_cycles_depvary_step1_batch_yyy10.pl,y6,no,4.17,no,corr,None,None,None,None
3596,exp_cycles_depvary_step1_batch_yyy10.pl,a2,no,3.71,no,corr,None,None,None,None
3597,exp_cycles_depvary_step1_batch_yyy10.pl,a6,no,3.87,no,corr,None,None,None,None
3598,exp_cycles_depvary_step1_batch_yyy10.pl,v7,no,3.7,no,corr,None,None,None,None
3599,exp_cycles_depvary_step1_batch_yyy10.pl,z5,no,4.29,no,corr,None,None,None,None
3600,exp_cycles_depvary_step1_batch_yyy10.pl,e1,no,3.65,no,corr,None,None,None,None
3601,exp_cycles_depvary_step2_batch_yyy01.pl,d3,no,10.04,no,corr,None,None,None,None
3602,exp_cycles_depvary_step2_batch_yyy01.pl,t6,no,9.78,no,corr,None,None,None,None
3603,exp_cycles_depvary_step2_batch_yyy01.pl,a4,no,10.33,no,corr,None,None,None,None
3604,exp_cycles_depvary_step2_batch_yyy01.pl,b5,no,10.06,no,corr,None,None,None,None
3605,exp_cycles_depvary_step2_batch_yyy01.pl,c3,no,10.28,no,corr,None,None,None,None
3606,exp_cycles_depvary_step2_batch_yyy01.pl,t5,no,8.87,no,corr,None,None,None,None
3607,exp_cycles_depvary_step2_batch_yyy01.pl,v1,no,13.01,no,corr,None,None,None,None
3608,exp_cycles_depvary_step2_batch_yyy01.pl,p3,no,10.5,no,corr,None,None,None,None
3609,exp_cycles_depvary_step2_batch_yyy01.pl,d1,no,11.43,no,corr,None,None,None,None
3610,exp_cycles_depvary_step2_batch_yyy01.pl,u2,no,10.23,no,corr,None,None,None,None
3611,exp_cycles_depvary_step2_batch_yyy02.pl,u5,no,10.23,no,corr,None,None,None,None
3612,exp_cycles_depvary_step2_batch_yyy02.pl,y4,no,9.07,no,corr,None,None,None,None
3613,exp_cycles_depvary_step2_batch_yyy02.pl,p5,no,9.81,no,corr,None,None,None,None
3614,exp_cycles_depvary_step2_batch_yyy02.pl,b4,no,9.48,no,corr,None,None,None,None
3615,exp_cycles_depvary_step2_batch_yyy02.pl,x7,no,9.25,no,corr,None,None,None,None
3616,exp_cycles_depvary_step2_batch_yyy02.pl,w1,no,9.7,no,corr,None,None,None,None
3617,exp_cycles_depvary_step2_batch_yyy02.pl,r2,no,9.49,no,corr,None,None,None,None
3618,exp_cycles_depvary_step2_batch_yyy02.pl,e2,no,10.22,no,corr,None,None,None,None
3619,exp_cycles_depvary_step2_batch_yyy02.pl,y6,no,10.15,no,corr,None,None,None,None
3620,exp_cycles_depvary_step2_batch_yyy02.pl,w3,no,9.15,no,corr,None,None,None,None
3621,exp_cycles_depvary_step2_batch_yyy03.pl,t4,no,9.12,no,corr,None,None,None,None
3622,exp_cycles_depvary_step2_batch_yyy03.pl,w7,no,9.3,no,corr,None,None,None,None
3623,exp_cycles_depvary_step2_batch_yyy03.pl,d4,no,9.32,no,corr,None,None,None,None
3624,exp_cycles_depvary_step2_batch_yyy03.pl,v6,no,9.22,no,corr,None,None,None,None
3625,exp_cycles_depvary_step2_batch_yyy03.pl,s2,yes,9.26,yes,corr,None,None,None,None
3626,exp_cycles_depvary_step2_batch_yyy03.pl,t2,no,8.62,no,corr,None,None,None,None
3627,exp_cycles_depvary_step2_batch_yyy03.pl,s1,no,9.39,no,corr,None,None,None,None
3628,exp_cycles_depvary_step2_batch_yyy03.pl,a1,yes,9.49,yes,corr,None,None,None,None
3629,exp_cycles_depvary_step2_batch_yyy03.pl,p1,yes,9.2,yes,corr,None,None,None,None
3630,exp_cycles_depvary_step2_batch_yyy03.pl,p6,no,9.01,no,corr,None,None,None,None
3631,exp_cycles_depvary_step2_batch_yyy04.pl,v2,no,11.0,no,corr,None,None,None,None
3632,exp_cycles_depvary_step2_batch_yyy04.pl,t3,no,11.23,no,corr,None,None,None,None
3633,exp_cycles_depvary_step2_batch_yyy04.pl,a4,no,11.35,no,corr,None,None,None,None
3634,exp_cycles_depvary_step2_batch_yyy04.pl,c6,no,11.06,no,corr,None,None,None,None
3635,exp_cycles_depvary_step2_batch_yyy04.pl,d1,yes,11.55,yes,corr,None,None,None,None
3636,exp_cycles_depvary_step2_batch_yyy04.pl,z1,no,12.05,no,corr,None,None,None,None
3637,exp_cycles_depvary_step2_batch_yyy04.pl,a5,no,11.71,no,corr,None,None,None,None
3638,exp_cycles_depvary_step2_batch_yyy04.pl,q3,no,11.04,no,corr,None,None,None,None
3639,exp_cycles_depvary_step2_batch_yyy04.pl,y2,no,11.1,no,corr,None,None,None,None
3640,exp_cycles_depvary_step2_batch_yyy04.pl,x1,yes,11.93,yes,corr,None,None,None,None
3641,exp_cycles_depvary_step2_batch_yyy05.pl,z1,yes,9.92,yes,corr,None,None,None,None
3642,exp_cycles_depvary_step2_batch_yyy05.pl,q4,no,10.33,no,corr,None,None,None,None
3643,exp_cycles_depvary_step2_batch_yyy05.pl,v1,yes,9.54,yes,corr,None,None,None,None
3644,exp_cycles_depvary_step2_batch_yyy05.pl,r4,no,8.64,no,corr,None,None,None,None
3645,exp_cycles_depvary_step2_batch_yyy05.pl,p2,no,9.63,no,corr,None,None,None,None
3646,exp_cycles_depvary_step2_batch_yyy05.pl,a3,no,9.59,no,corr,None,None,None,None
3647,exp_cycles_depvary_step2_batch_yyy05.pl,v3,no,9.62,no,corr,None,None,None,None
3648,exp_cycles_depvary_step2_batch_yyy05.pl,q1,yes,8.97,yes,corr,None,None,None,None
3649,exp_cycles_depvary_step2_batch_yyy05.pl,p5,no,9.5,no,corr,None,None,None,None
3650,exp_cycles_depvary_step2_batch_yyy05.pl,d4,no,9.39,no,corr,None,None,None,None
3651,exp_cycles_depvary_step2_batch_yyy06.pl,t4,no,8.42,no,corr,None,None,None,None
3652,exp_cycles_depvary_step2_batch_yyy06.pl,z5,no,7.57,no,corr,None,None,None,None
3653,exp_cycles_depvary_step2_batch_yyy06.pl,w5,no,7.89,no,corr,None,None,None,None
3654,exp_cycles_depvary_step2_batch_yyy06.pl,x7,no,8.34,no,corr,None,None,None,None
3655,exp_cycles_depvary_step2_batch_yyy06.pl,f3,no,7.75,no,corr,None,None,None,None
3656,exp_cycles_depvary_step2_batch_yyy06.pl,d2,no,8.08,no,corr,None,None,None,None
3657,exp_cycles_depvary_step2_batch_yyy06.pl,f4,no,7.99,no,corr,None,None,None,None
3658,exp_cycles_depvary_step2_batch_yyy06.pl,p1,yes,7.49,yes,corr,None,None,None,None
3659,exp_cycles_depvary_step2_batch_yyy06.pl,u1,yes,8.12,yes,corr,None,None,None,None
3660,exp_cycles_depvary_step2_batch_yyy06.pl,r6,no,8.11,no,corr,None,None,None,None
3661,exp_cycles_depvary_step2_batch_yyy07.pl,t4,no,8.39,no,corr,None,None,None,None
3662,exp_cycles_depvary_step2_batch_yyy07.pl,v2,no,8.32,no,corr,None,None,None,None
3663,exp_cycles_depvary_step2_batch_yyy07.pl,x3,no,8.13,no,corr,None,None,None,None
3664,exp_cycles_depvary_step2_batch_yyy07.pl,y3,no,7.68,no,corr,None,None,None,None
3665,exp_cycles_depvary_step2_batch_yyy07.pl,z2,no,7.92,no,corr,None,None,None,None
3666,exp_cycles_depvary_step2_batch_yyy07.pl,r4,no,8.61,no,corr,None,None,None,None
3667,exp_cycles_depvary_step2_batch_yyy07.pl,s1,yes,13.35,yes,corr,None,None,None,None
3668,exp_cycles_depvary_step2_batch_yyy07.pl,r7,no,7.45,no,corr,None,None,None,None
3669,exp_cycles_depvary_step2_batch_yyy07.pl,f4,no,8.2,no,corr,None,None,None,None
3670,exp_cycles_depvary_step2_batch_yyy07.pl,a3,no,7.1,no,corr,None,None,None,None
3671,exp_cycles_depvary_step2_batch_yyy08.pl,u6,no,9.95,no,corr,None,None,None,None
3672,exp_cycles_depvary_step2_batch_yyy08.pl,p5,no,9.15,no,corr,None,None,None,None
3673,exp_cycles_depvary_step2_batch_yyy08.pl,d3,no,9.81,no,corr,None,None,None,None
3674,exp_cycles_depvary_step2_batch_yyy08.pl,v5,no,10.02,no,corr,None,None,None,None
3675,exp_cycles_depvary_step2_batch_yyy08.pl,s5,no,10.28,no,corr,None,None,None,None
3676,exp_cycles_depvary_step2_batch_yyy08.pl,w4,no,10.19,no,corr,None,None,None,None
3677,exp_cycles_depvary_step2_batch_yyy08.pl,t7,no,9.46,no,corr,None,None,None,None
3678,exp_cycles_depvary_step2_batch_yyy08.pl,f2,no,9.87,no,corr,None,None,None,None
3679,exp_cycles_depvary_step2_batch_yyy08.pl,z4,no,9.41,no,corr,None,None,None,None
3680,exp_cycles_depvary_step2_batch_yyy08.pl,e4,no,9.91,no,corr,None,None,None,None
3681,exp_cycles_depvary_step2_batch_yyy09.pl,c4,no,10.5,no,corr,None,None,None,None
3682,exp_cycles_depvary_step2_batch_yyy09.pl,z5,no,9.42,no,corr,None,None,None,None
3683,exp_cycles_depvary_step2_batch_yyy09.pl,p7,no,9.7,no,corr,None,None,None,None
3684,exp_cycles_depvary_step2_batch_yyy09.pl,v5,no,9.86,no,corr,None,None,None,None
3685,exp_cycles_depvary_step2_batch_yyy09.pl,b4,no,9.98,no,corr,None,None,None,None
3686,exp_cycles_depvary_step2_batch_yyy09.pl,z1,yes,10.78,yes,corr,None,None,None,None
3687,exp_cycles_depvary_step2_batch_yyy09.pl,u3,no,10.59,no,corr,None,None,None,None
3688,exp_cycles_depvary_step2_batch_yyy09.pl,y2,no,10.31,no,corr,None,None,None,None
3689,exp_cycles_depvary_step2_batch_yyy09.pl,v3,no,10.29,no,corr,None,None,None,None
3690,exp_cycles_depvary_step2_batch_yyy09.pl,u2,no,10.46,no,corr,None,None,None,None
3691,exp_cycles_depvary_step2_batch_yyy10.pl,t4,no,11.44,no,corr,None,None,None,None
3692,exp_cycles_depvary_step2_batch_yyy10.pl,e1,yes,11.24,yes,corr,None,None,None,None
3693,exp_cycles_depvary_step2_batch_yyy10.pl,t3,no,11.07,no,corr,None,None,None,None
3694,exp_cycles_depvary_step2_batch_yyy10.pl,z1,yes,13.5,yes,corr,None,None,None,None
3695,exp_cycles_depvary_step2_batch_yyy10.pl,x7,no,11.16,no,corr,None,None,None,None
3696,exp_cycles_depvary_step2_batch_yyy10.pl,x5,no,10.88,no,corr,None,None,None,None
3697,exp_cycles_depvary_step2_batch_yyy10.pl,s7,no,11.48,no,corr,None,None,None,None
3698,exp_cycles_depvary_step2_batch_yyy10.pl,p1,yes,11.72,yes,corr,None,None,None,None
3699,exp_cycles_depvary_step2_batch_yyy10.pl,y1,no,11.98,no,corr,None,None,None,None
3700,exp_cycles_depvary_step2_batch_yyy10.pl,s1,yes,11.48,yes,corr,None,None,None,None
3701,exp_cycles_depvary_step3_batch_yyy01.pl,z5,no,22.74,no,corr,None,None,None,None
3702,exp_cycles_depvary_step3_batch_yyy01.pl,u7,no,22.78,no,corr,None,None,None,None
3703,exp_cycles_depvary_step3_batch_yyy01.pl,e4,no,22.29,no,corr,None,None,None,None
3704,exp_cycles_depvary_step3_batch_yyy01.pl,b5,no,22.66,no,corr,None,None,None,None
3705,exp_cycles_depvary_step3_batch_yyy01.pl,d2,yes,24.35,yes,corr,None,None,None,None
3706,exp_cycles_depvary_step3_batch_yyy01.pl,v3,no,22.69,no,corr,None,None,None,None
3707,exp_cycles_depvary_step3_batch_yyy01.pl,y6,no,22.52,no,corr,None,None,None,None
3708,exp_cycles_depvary_step3_batch_yyy01.pl,w3,no,22.77,no,corr,None,None,None,None
3709,exp_cycles_depvary_step3_batch_yyy01.pl,u6,no,22.94,no,corr,None,None,None,None
3710,exp_cycles_depvary_step3_batch_yyy01.pl,d5,no,22.0,no,corr,None,None,None,None
3711,exp_cycles_depvary_step3_batch_yyy02.pl,z5,no,24.66,no,corr,None,None,None,None
3712,exp_cycles_depvary_step3_batch_yyy02.pl,b4,no,24.88,no,corr,None,None,None,None
3713,exp_cycles_depvary_step3_batch_yyy02.pl,c2,yes,24.91,yes,corr,None,None,None,None
3714,exp_cycles_depvary_step3_batch_yyy02.pl,w6,no,24.67,no,corr,None,None,None,None
3715,exp_cycles_depvary_step3_batch_yyy02.pl,v1,no,36.71,no,corr,None,None,None,None
3716,exp_cycles_depvary_step3_batch_yyy02.pl,s6,no,24.91,no,corr,None,None,None,None
3717,exp_cycles_depvary_step3_batch_yyy02.pl,r4,no,24.45,no,corr,None,None,None,None
3718,exp_cycles_depvary_step3_batch_yyy02.pl,q3,no,23.86,no,corr,None,None,None,None
3719,exp_cycles_depvary_step3_batch_yyy02.pl,u6,no,25.37,no,corr,None,None,None,None
3720,exp_cycles_depvary_step3_batch_yyy02.pl,d5,no,25.45,no,corr,None,None,None,None
3721,exp_cycles_depvary_step3_batch_yyy03.pl,z6,no,15.54,no,corr,None,None,None,None
3722,exp_cycles_depvary_step3_batch_yyy03.pl,x3,no,15.15,no,corr,None,None,None,None
3723,exp_cycles_depvary_step3_batch_yyy03.pl,e5,no,14.77,no,corr,None,None,None,None
3724,exp_cycles_depvary_step3_batch_yyy03.pl,t3,no,14.84,no,corr,None,None,None,None
3725,exp_cycles_depvary_step3_batch_yyy03.pl,c2,no,15.53,no,corr,None,None,None,None
3726,exp_cycles_depvary_step3_batch_yyy03.pl,z4,no,19.48,no,corr,None,None,None,None
3727,exp_cycles_depvary_step3_batch_yyy03.pl,w1,yes,14.92,yes,corr,None,None,None,None
3728,exp_cycles_depvary_step3_batch_yyy03.pl,t7,no,13.79,no,corr,None,None,None,None
3729,exp_cycles_depvary_step3_batch_yyy03.pl,y2,no,15.18,no,corr,None,None,None,None
3730,exp_cycles_depvary_step3_batch_yyy03.pl,d1,no,43.1,no,corr,None,None,None,None
3731,exp_cycles_depvary_step3_batch_yyy04.pl,v6,no,21.35,no,corr,None,None,None,None
3732,exp_cycles_depvary_step3_batch_yyy04.pl,u7,no,20.78,no,corr,None,None,None,None
3733,exp_cycles_depvary_step3_batch_yyy04.pl,x7,no,21.25,no,corr,None,None,None,None
3734,exp_cycles_depvary_step3_batch_yyy04.pl,y3,no,21.62,no,corr,None,None,None,None
3735,exp_cycles_depvary_step3_batch_yyy04.pl,s1,no,22.54,no,corr,None,None,None,None
3736,exp_cycles_depvary_step3_batch_yyy04.pl,y6,no,25.49,no,corr,None,None,None,None
3737,exp_cycles_depvary_step3_batch_yyy04.pl,z1,no,31.08,no,corr,None,None,None,None
3738,exp_cycles_depvary_step3_batch_yyy04.pl,t6,no,21.0,no,corr,None,None,None,None
3739,exp_cycles_depvary_step3_batch_yyy04.pl,u2,no,24.11,no,corr,None,None,None,None
3740,exp_cycles_depvary_step3_batch_yyy04.pl,q1,yes,23.9,yes,corr,None,None,None,None
3741,exp_cycles_depvary_step3_batch_yyy05.pl,p5,no,23.47,no,corr,None,None,None,None
3742,exp_cycles_depvary_step3_batch_yyy05.pl,u1,yes,24.4,yes,corr,None,None,None,None
3743,exp_cycles_depvary_step3_batch_yyy05.pl,c2,no,22.68,no,corr,None,None,None,None
3744,exp_cycles_depvary_step3_batch_yyy05.pl,x7,no,22.12,no,corr,None,None,None,None
3745,exp_cycles_depvary_step3_batch_yyy05.pl,x2,yes,24.41,yes,corr,None,None,None,None
3746,exp_cycles_depvary_step3_batch_yyy05.pl,p3,no,23.46,no,corr,None,None,None,None
3747,exp_cycles_depvary_step3_batch_yyy05.pl,z2,no,23.68,no,corr,None,None,None,None
3748,exp_cycles_depvary_step3_batch_yyy05.pl,w3,no,25.75,no,corr,None,None,None,None
3749,exp_cycles_depvary_step3_batch_yyy05.pl,y3,no,22.62,no,corr,None,None,None,None
3750,exp_cycles_depvary_step3_batch_yyy05.pl,e4,no,22.09,no,corr,None,None,None,None
3751,exp_cycles_depvary_step3_batch_yyy06.pl,s3,no,20.81,no,corr,None,None,None,None
3752,exp_cycles_depvary_step3_batch_yyy06.pl,z5,no,22.93,no,corr,None,None,None,None
3753,exp_cycles_depvary_step3_batch_yyy06.pl,p5,no,24.37,no,corr,None,None,None,None
3754,exp_cycles_depvary_step3_batch_yyy06.pl,r6,no,21.63,no,corr,None,None,None,None
3755,exp_cycles_depvary_step3_batch_yyy06.pl,w5,no,21.85,no,corr,None,None,None,None
3756,exp_cycles_depvary_step3_batch_yyy06.pl,t3,no,21.55,no,corr,None,None,None,None
3757,exp_cycles_depvary_step3_batch_yyy06.pl,t6,no,21.68,no,corr,None,None,None,None
3758,exp_cycles_depvary_step3_batch_yyy06.pl,r7,no,21.81,no,corr,None,None,None,None
3759,exp_cycles_depvary_step3_batch_yyy06.pl,d1,no,23.52,no,corr,None,None,None,None
3760,exp_cycles_depvary_step3_batch_yyy06.pl,u2,no,29.04,no,corr,None,None,None,None
3761,exp_cycles_depvary_step3_batch_yyy07.pl,t5,no,20.53,no,corr,None,None,None,None
3762,exp_cycles_depvary_step3_batch_yyy07.pl,y4,no,20.52,no,corr,None,None,None,None
3763,exp_cycles_depvary_step3_batch_yyy07.pl,u4,no,20.58,no,corr,None,None,None,None
3764,exp_cycles_depvary_step3_batch_yyy07.pl,a4,no,20.75,no,corr,None,None,None,None
3765,exp_cycles_depvary_step3_batch_yyy07.pl,d2,yes,20.0,yes,corr,None,None,None,None
3766,exp_cycles_depvary_step3_batch_yyy07.pl,q3,no,20.4,no,corr,None,None,None,None
3767,exp_cycles_depvary_step3_batch_yyy07.pl,t1,yes,32.56,yes,corr,None,None,None,None
3768,exp_cycles_depvary_step3_batch_yyy07.pl,y5,no,20.39,no,corr,None,None,None,None
3769,exp_cycles_depvary_step3_batch_yyy07.pl,c5,no,20.31,no,corr,None,None,None,None
3770,exp_cycles_depvary_step3_batch_yyy07.pl,t6,no,20.7,no,corr,None,None,None,None
3771,exp_cycles_depvary_step3_batch_yyy08.pl,e1,no,25.58,no,corr,None,None,None,None
3772,exp_cycles_depvary_step3_batch_yyy08.pl,t3,no,25.73,no,corr,None,None,None,None
3773,exp_cycles_depvary_step3_batch_yyy08.pl,p3,no,25.59,no,corr,None,None,None,None
3774,exp_cycles_depvary_step3_batch_yyy08.pl,t7,no,25.64,no,corr,None,None,None,None
3775,exp_cycles_depvary_step3_batch_yyy08.pl,e3,no,25.89,no,corr,None,None,None,None
3776,exp_cycles_depvary_step3_batch_yyy08.pl,x1,yes,27.15,yes,corr,None,None,None,None
3777,exp_cycles_depvary_step3_batch_yyy08.pl,v3,no,26.15,no,corr,None,None,None,None
3778,exp_cycles_depvary_step3_batch_yyy08.pl,p6,no,25.65,no,corr,None,None,None,None
3779,exp_cycles_depvary_step3_batch_yyy08.pl,y1,yes,27.4,yes,corr,None,None,None,None
3780,exp_cycles_depvary_step3_batch_yyy08.pl,s1,yes,26.17,yes,corr,None,None,None,None
3781,exp_cycles_depvary_step3_batch_yyy09.pl,d5,no,29.21,no,corr,None,None,None,None
3782,exp_cycles_depvary_step3_batch_yyy09.pl,a6,no,29.78,no,corr,None,None,None,None
3783,exp_cycles_depvary_step3_batch_yyy09.pl,d4,no,29.27,no,corr,None,None,None,None
3784,exp_cycles_depvary_step3_batch_yyy09.pl,u1,yes,32.34,yes,corr,None,None,None,None
3785,exp_cycles_depvary_step3_batch_yyy09.pl,t3,no,29.82,no,corr,None,None,None,None
3786,exp_cycles_depvary_step3_batch_yyy09.pl,c2,no,29.05,no,corr,None,None,None,None
3787,exp_cycles_depvary_step3_batch_yyy09.pl,t2,no,36.94,no,corr,None,None,None,None
3788,exp_cycles_depvary_step3_batch_yyy09.pl,a3,no,29.46,no,corr,None,None,None,None
3789,exp_cycles_depvary_step3_batch_yyy09.pl,r2,yes,31.06,yes,corr,None,None,None,None
3790,exp_cycles_depvary_step3_batch_yyy09.pl,a1,yes,31.61,yes,corr,None,None,None,None
3791,exp_cycles_depvary_step3_batch_yyy10.pl,d5,no,27.81,no,corr,None,None,None,None
3792,exp_cycles_depvary_step3_batch_yyy10.pl,b2,no,28.65,no,corr,None,None,None,None
3793,exp_cycles_depvary_step3_batch_yyy10.pl,w7,no,27.43,no,corr,None,None,None,None
3794,exp_cycles_depvary_step3_batch_yyy10.pl,w2,yes,28.73,yes,corr,None,None,None,None
3795,exp_cycles_depvary_step3_batch_yyy10.pl,b4,no,27.42,no,corr,None,None,None,None
3796,exp_cycles_depvary_step3_batch_yyy10.pl,s2,no,33.19,no,corr,None,None,None,None
3797,exp_cycles_depvary_step3_batch_yyy10.pl,t1,no,27.36,no,corr,None,None,None,None
3798,exp_cycles_depvary_step3_batch_yyy10.pl,p1,yes,28.8,yes,corr,None,None,None,None
3799,exp_cycles_depvary_step3_batch_yyy10.pl,w3,no,27.69,no,corr,None,None,None,None
3800,exp_cycles_depvary_step3_batch_yyy10.pl,q2,no,28.27,no,corr,None,None,None,None
3801,exp_cycles_depvary_step4_batch_yyy01.pl,s4,no,50.93,no,corr,None,None,None,None
3802,exp_cycles_depvary_step4_batch_yyy01.pl,u1,yes,50.76,yes,corr,None,None,None,None
3803,exp_cycles_depvary_step4_batch_yyy01.pl,u4,no,49.58,no,corr,None,None,None,None
3804,exp_cycles_depvary_step4_batch_yyy01.pl,q4,no,50.66,no,corr,None,None,None,None
3805,exp_cycles_depvary_step4_batch_yyy01.pl,v1,no,50.62,no,corr,None,None,None,None
3806,exp_cycles_depvary_step4_batch_yyy01.pl,z2,no,93.26,no,corr,None,None,None,None
3807,exp_cycles_depvary_step4_batch_yyy01.pl,y1,no,50.2,no,corr,None,None,None,None
3808,exp_cycles_depvary_step4_batch_yyy01.pl,y5,no,50.79,no,corr,None,None,None,None
3809,exp_cycles_depvary_step4_batch_yyy01.pl,f2,no,73.92,no,corr,None,None,None,None
3810,exp_cycles_depvary_step4_batch_yyy01.pl,q2,no,113.02,no,corr,None,None,None,None
3811,exp_cycles_depvary_step4_batch_yyy02.pl,r6,no,52.19,no,corr,None,None,None,None
3812,exp_cycles_depvary_step4_batch_yyy02.pl,c5,no,51.7,no,corr,None,None,None,None
3813,exp_cycles_depvary_step4_batch_yyy02.pl,q4,no,51.87,no,corr,None,None,None,None
3814,exp_cycles_depvary_step4_batch_yyy02.pl,v1,yes,68.78,yes,corr,None,None,None,None
3815,exp_cycles_depvary_step4_batch_yyy02.pl,w4,no,52.32,no,corr,None,None,None,None
3816,exp_cycles_depvary_step4_batch_yyy02.pl,u2,no,52.47,no,corr,None,None,None,None
3817,exp_cycles_depvary_step4_batch_yyy02.pl,a6,no,51.9,no,corr,None,None,None,None
3818,exp_cycles_depvary_step4_batch_yyy02.pl,y4,no,52.19,no,corr,None,None,None,None
3819,exp_cycles_depvary_step4_batch_yyy02.pl,z4,no,52.41,no,corr,None,None,None,None
3820,exp_cycles_depvary_step4_batch_yyy02.pl,r5,no,54.24,no,corr,None,None,None,None
3821,exp_cycles_depvary_step4_batch_yyy03.pl,u1,yes,53.19,yes,corr,None,None,None,None
3822,exp_cycles_depvary_step4_batch_yyy03.pl,t3,no,49.48,no,corr,None,None,None,None
3823,exp_cycles_depvary_step4_batch_yyy03.pl,x5,no,48.81,no,corr,None,None,None,None
3824,exp_cycles_depvary_step4_batch_yyy03.pl,s1,no,82.78,no,corr,None,None,None,None
3825,exp_cycles_depvary_step4_batch_yyy03.pl,b6,no,48.91,no,corr,None,None,None,None
3826,exp_cycles_depvary_step4_batch_yyy03.pl,q1,no,49.87,no,corr,None,None,None,None
3827,exp_cycles_depvary_step4_batch_yyy03.pl,t5,no,49.2,no,corr,None,None,None,None
3828,exp_cycles_depvary_step4_batch_yyy03.pl,s3,no,49.05,no,corr,None,None,None,None
3829,exp_cycles_depvary_step4_batch_yyy03.pl,s4,no,48.67,no,corr,None,None,None,None
3830,exp_cycles_depvary_step4_batch_yyy03.pl,v7,no,49.32,no,corr,None,None,None,None
3831,exp_cycles_depvary_step4_batch_yyy04.pl,b3,yes,58.51,yes,corr,None,None,None,None
3832,exp_cycles_depvary_step4_batch_yyy04.pl,z5,no,56.7,no,corr,None,None,None,None
3833,exp_cycles_depvary_step4_batch_yyy04.pl,w6,no,57.32,no,corr,None,None,None,None
3834,exp_cycles_depvary_step4_batch_yyy04.pl,v1,yes,57.98,yes,corr,None,None,None,None
3835,exp_cycles_depvary_step4_batch_yyy04.pl,u3,no,58.32,no,corr,None,None,None,None
3836,exp_cycles_depvary_step4_batch_yyy04.pl,z3,no,58.23,no,corr,None,None,None,None
3837,exp_cycles_depvary_step4_batch_yyy04.pl,e2,yes,56.38,yes,corr,None,None,None,None
3838,exp_cycles_depvary_step4_batch_yyy04.pl,d1,no,57.77,no,corr,None,None,None,None
3839,exp_cycles_depvary_step4_batch_yyy04.pl,u2,yes,56.69,yes,corr,None,None,None,None
3840,exp_cycles_depvary_step4_batch_yyy04.pl,t1,no,57.78,no,corr,None,None,None,None
3841,exp_cycles_depvary_step4_batch_yyy05.pl,z6,no,33.92,no,corr,None,None,None,None
3842,exp_cycles_depvary_step4_batch_yyy05.pl,w5,no,31.49,no,corr,None,None,None,None
3843,exp_cycles_depvary_step4_batch_yyy05.pl,y3,no,31.39,no,corr,None,None,None,None
3844,exp_cycles_depvary_step4_batch_yyy05.pl,s4,no,31.59,no,corr,None,None,None,None
3845,exp_cycles_depvary_step4_batch_yyy05.pl,y4,no,31.34,no,corr,None,None,None,None
3846,exp_cycles_depvary_step4_batch_yyy05.pl,p4,no,32.36,no,corr,None,None,None,None
3847,exp_cycles_depvary_step4_batch_yyy05.pl,p5,no,31.56,no,corr,None,None,None,None
3848,exp_cycles_depvary_step4_batch_yyy05.pl,d4,no,31.45,no,corr,None,None,None,None
3849,exp_cycles_depvary_step4_batch_yyy05.pl,x5,no,34.2,no,corr,None,None,None,None
3850,exp_cycles_depvary_step4_batch_yyy05.pl,t7,no,31.66,no,corr,None,None,None,None
3851,exp_cycles_depvary_step4_batch_yyy06.pl,q6,no,49.89,no,corr,None,None,None,None
3852,exp_cycles_depvary_step4_batch_yyy06.pl,u1,yes,55.68,yes,corr,None,None,None,None
3853,exp_cycles_depvary_step4_batch_yyy06.pl,u7,no,50.55,no,corr,None,None,None,None
3854,exp_cycles_depvary_step4_batch_yyy06.pl,t3,no,50.47,no,corr,None,None,None,None
3855,exp_cycles_depvary_step4_batch_yyy06.pl,f5,no,50.83,no,corr,None,None,None,None
3856,exp_cycles_depvary_step4_batch_yyy06.pl,x6,no,49.7,no,corr,None,None,None,None
3857,exp_cycles_depvary_step4_batch_yyy06.pl,r7,no,50.85,no,corr,None,None,None,None
3858,exp_cycles_depvary_step4_batch_yyy06.pl,q2,yes,53.55,yes,corr,None,None,None,None
3859,exp_cycles_depvary_step4_batch_yyy06.pl,z1,yes,53.54,yes,corr,None,None,None,None
3860,exp_cycles_depvary_step4_batch_yyy06.pl,c2,no,51.85,no,corr,None,None,None,None
3861,exp_cycles_depvary_step4_batch_yyy07.pl,x3,no,34.99,no,corr,None,None,None,None
3862,exp_cycles_depvary_step4_batch_yyy07.pl,t3,no,33.98,no,corr,None,None,None,None
3863,exp_cycles_depvary_step4_batch_yyy07.pl,c2,yes,55.48,yes,corr,None,None,None,None
3864,exp_cycles_depvary_step4_batch_yyy07.pl,x2,yes,33.96,yes,corr,None,None,None,None
3865,exp_cycles_depvary_step4_batch_yyy07.pl,p3,no,34.56,no,corr,None,None,None,None
3866,exp_cycles_depvary_step4_batch_yyy07.pl,t2,yes,36.86,yes,corr,None,None,None,None
3867,exp_cycles_depvary_step4_batch_yyy07.pl,z3,no,36.48,no,corr,None,None,None,None
3868,exp_cycles_depvary_step4_batch_yyy07.pl,q1,yes,53.66,yes,corr,None,None,None,None
3869,exp_cycles_depvary_step4_batch_yyy07.pl,x4,no,33.58,no,corr,None,None,None,None
3870,exp_cycles_depvary_step4_batch_yyy07.pl,w3,no,33.57,no,corr,None,None,None,None
3871,exp_cycles_depvary_step4_batch_yyy08.pl,x2,yes,43.52,yes,corr,None,None,None,None
3872,exp_cycles_depvary_step4_batch_yyy08.pl,e4,no,41.92,no,corr,None,None,None,None
3873,exp_cycles_depvary_step4_batch_yyy08.pl,b5,no,42.01,no,corr,None,None,None,None
3874,exp_cycles_depvary_step4_batch_yyy08.pl,f4,no,42.16,no,corr,None,None,None,None
3875,exp_cycles_depvary_step4_batch_yyy08.pl,u2,yes,43.33,yes,corr,None,None,None,None
3876,exp_cycles_depvary_step4_batch_yyy08.pl,a2,no,42.89,no,corr,None,None,None,None
3877,exp_cycles_depvary_step4_batch_yyy08.pl,s4,no,41.35,no,corr,None,None,None,None
3878,exp_cycles_depvary_step4_batch_yyy08.pl,v7,no,40.94,no,corr,None,None,None,None
3879,exp_cycles_depvary_step4_batch_yyy08.pl,c2,no,40.83,no,corr,None,None,None,None
3880,exp_cycles_depvary_step4_batch_yyy08.pl,t6,no,41.25,no,corr,None,None,None,None
3881,exp_cycles_depvary_step4_batch_yyy09.pl,t5,no,30.13,no,corr,None,None,None,None
3882,exp_cycles_depvary_step4_batch_yyy09.pl,e4,no,30.74,no,corr,None,None,None,None
3883,exp_cycles_depvary_step4_batch_yyy09.pl,x5,no,31.51,no,corr,None,None,None,None
3884,exp_cycles_depvary_step4_batch_yyy09.pl,y5,no,30.4,no,corr,None,None,None,None
3885,exp_cycles_depvary_step4_batch_yyy09.pl,w3,no,29.95,no,corr,None,None,None,None
3886,exp_cycles_depvary_step4_batch_yyy09.pl,p4,no,30.18,no,corr,None,None,None,None
3887,exp_cycles_depvary_step4_batch_yyy09.pl,p7,no,30.45,no,corr,None,None,None,None
3888,exp_cycles_depvary_step4_batch_yyy09.pl,p5,no,30.17,no,corr,None,None,None,None
3889,exp_cycles_depvary_step4_batch_yyy09.pl,w6,no,30.0,no,corr,None,None,None,None
3890,exp_cycles_depvary_step4_batch_yyy09.pl,f5,no,30.39,no,corr,None,None,None,None
3891,exp_cycles_depvary_step4_batch_yyy10.pl,c3,no,98.62,no,corr,None,None,None,None
3892,exp_cycles_depvary_step4_batch_yyy10.pl,u7,no,48.4,no,corr,None,None,None,None
3893,exp_cycles_depvary_step4_batch_yyy10.pl,z4,no,48.88,no,corr,None,None,None,None
3894,exp_cycles_depvary_step4_batch_yyy10.pl,p3,yes,51.92,yes,corr,None,None,None,None
3895,exp_cycles_depvary_step4_batch_yyy10.pl,x5,no,48.6,no,corr,None,None,None,None
3896,exp_cycles_depvary_step4_batch_yyy10.pl,u3,no,48.94,no,corr,None,None,None,None
3897,exp_cycles_depvary_step4_batch_yyy10.pl,f4,no,50.17,no,corr,None,None,None,None
3898,exp_cycles_depvary_step4_batch_yyy10.pl,a2,no,117.84,no,corr,None,None,None,None
3899,exp_cycles_depvary_step4_batch_yyy10.pl,p7,no,48.48,no,corr,None,None,None,None
3900,exp_cycles_depvary_step4_batch_yyy10.pl,x3,no,48.59,no,corr,None,None,None,None
3901,exp_cycles_depvary_step5_batch_yyy01.pl,u5,no,102.17,no,corr,None,None,None,None
3902,exp_cycles_depvary_step5_batch_yyy01.pl,c4,no,102.35,no,corr,None,None,None,None
3903,exp_cycles_depvary_step5_batch_yyy01.pl,d4,no,103.41,no,corr,None,None,None,None
3904,exp_cycles_depvary_step5_batch_yyy01.pl,u4,no,103.93,no,corr,None,None,None,None
3905,exp_cycles_depvary_step5_batch_yyy01.pl,s2,no,240.63,no,corr,None,None,None,None
3906,exp_cycles_depvary_step5_batch_yyy01.pl,w4,no,101.41,no,corr,None,None,None,None
3907,exp_cycles_depvary_step5_batch_yyy01.pl,s7,no,102.31,no,corr,None,None,None,None
3908,exp_cycles_depvary_step5_batch_yyy01.pl,e2,yes,109.02,yes,corr,None,None,None,None
3909,exp_cycles_depvary_step5_batch_yyy01.pl,e1,no,100.86,no,corr,None,None,None,None
3910,exp_cycles_depvary_step5_batch_yyy01.pl,q6,no,101.65,no,corr,None,None,None,None
3911,exp_cycles_depvary_step5_batch_yyy02.pl,c4,no,108.24,no,corr,None,None,None,None
3912,exp_cycles_depvary_step5_batch_yyy02.pl,p7,no,106.09,no,corr,None,None,None,None
3913,exp_cycles_depvary_step5_batch_yyy02.pl,w2,no,106.24,no,corr,None,None,None,None
3914,exp_cycles_depvary_step5_batch_yyy02.pl,b4,no,104.52,no,corr,None,None,None,None
3915,exp_cycles_depvary_step5_batch_yyy02.pl,e4,no,104.94,no,corr,None,None,None,None
3916,exp_cycles_depvary_step5_batch_yyy02.pl,z2,yes,111.78,yes,corr,None,None,None,None
3917,exp_cycles_depvary_step5_batch_yyy02.pl,v3,,600.0,no,TIMEOUT,,,,
3918,exp_cycles_depvary_step5_batch_yyy02.pl,q7,no,120.52,no,corr,None,None,None,None
3919,exp_cycles_depvary_step5_batch_yyy02.pl,u3,yes,128.83,yes,corr,None,None,None,None
3920,exp_cycles_depvary_step5_batch_yyy02.pl,r4,no,122.67,no,corr,None,None,None,None
3921,exp_cycles_depvary_step5_batch_yyy03.pl,a6,no,114.69,no,corr,None,None,None,None
3922,exp_cycles_depvary_step5_batch_yyy03.pl,f1,no,110.38,no,corr,None,None,None,None
3923,exp_cycles_depvary_step5_batch_yyy03.pl,v5,no,113.87,no,corr,None,None,None,None
3924,exp_cycles_depvary_step5_batch_yyy03.pl,s2,no,112.66,no,corr,None,None,None,None
3925,exp_cycles_depvary_step5_batch_yyy03.pl,f5,no,112.6,no,corr,None,None,None,None
3926,exp_cycles_depvary_step5_batch_yyy03.pl,r7,no,112.87,no,corr,None,None,None,None
3927,exp_cycles_depvary_step5_batch_yyy03.pl,q1,no,144.45,no,corr,None,None,None,None
3928,exp_cycles_depvary_step5_batch_yyy03.pl,q7,no,114.19,no,corr,None,None,None,None
3929,exp_cycles_depvary_step5_batch_yyy03.pl,z5,no,114.01,no,corr,None,None,None,None
3930,exp_cycles_depvary_step5_batch_yyy03.pl,v2,yes,121.77,yes,corr,None,None,None,None
3931,exp_cycles_depvary_step5_batch_yyy04.pl,s3,,600.0,no,TIMEOUT,,,,
3932,exp_cycles_depvary_step5_batch_yyy04.pl,a6,no,117.33,no,corr,None,None,None,None
3933,exp_cycles_depvary_step5_batch_yyy04.pl,v5,no,117.62,no,corr,None,None,None,None
3934,exp_cycles_depvary_step5_batch_yyy04.pl,w6,no,116.29,no,corr,None,None,None,None
3935,exp_cycles_depvary_step5_batch_yyy04.pl,y3,no,116.49,no,corr,None,None,None,None
3936,exp_cycles_depvary_step5_batch_yyy04.pl,z2,yes,124.83,yes,corr,None,None,None,None
3937,exp_cycles_depvary_step5_batch_yyy04.pl,f2,no,156.34,no,corr,None,None,None,None
3938,exp_cycles_depvary_step5_batch_yyy04.pl,v6,no,116.37,no,corr,None,None,None,None
3939,exp_cycles_depvary_step5_batch_yyy04.pl,r6,no,117.41,no,corr,None,None,None,None
3940,exp_cycles_depvary_step5_batch_yyy04.pl,e5,no,117.22,no,corr,None,None,None,None
3941,exp_cycles_depvary_step5_batch_yyy05.pl,v2,no,157.15,no,corr,None,None,None,None
3942,exp_cycles_depvary_step5_batch_yyy05.pl,r5,no,100.61,no,corr,None,None,None,None
3943,exp_cycles_depvary_step5_batch_yyy05.pl,y6,no,99.41,no,corr,None,None,None,None
3944,exp_cycles_depvary_step5_batch_yyy05.pl,c2,yes,107.33,yes,corr,None,None,None,None
3945,exp_cycles_depvary_step5_batch_yyy05.pl,a5,no,99.17,no,corr,None,None,None,None
3946,exp_cycles_depvary_step5_batch_yyy05.pl,b1,no,401.88,no,corr,None,None,None,None
3947,exp_cycles_depvary_step5_batch_yyy05.pl,t2,yes,107.15,yes,corr,None,None,None,None
3948,exp_cycles_depvary_step5_batch_yyy05.pl,z2,yes,106.64,yes,corr,None,None,None,None
3949,exp_cycles_depvary_step5_batch_yyy05.pl,q3,no,130.87,no,corr,None,None,None,None
3950,exp_cycles_depvary_step5_batch_yyy05.pl,y2,no,189.99,no,corr,None,None,None,None
3951,exp_cycles_depvary_step5_batch_yyy06.pl,u5,no,130.1,no,corr,None,None,None,None
3952,exp_cycles_depvary_step5_batch_yyy06.pl,t5,no,130.21,no,corr,None,None,None,None
3953,exp_cycles_depvary_step5_batch_yyy06.pl,y4,no,130.84,no,corr,None,None,None,None
3954,exp_cycles_depvary_step5_batch_yyy06.pl,v6,no,130.71,no,corr,None,None,None,None
3955,exp_cycles_depvary_step5_batch_yyy06.pl,s5,no,130.11,no,corr,None,None,None,None
3956,exp_cycles_depvary_step5_batch_yyy06.pl,c2,no,122.72,no,corr,None,None,None,None
3957,exp_cycles_depvary_step5_batch_yyy06.pl,p3,yes,130.63,yes,corr,None,None,None,None
3958,exp_cycles_depvary_step5_batch_yyy06.pl,c6,no,130.0,no,corr,None,None,None,None
3959,exp_cycles_depvary_step5_batch_yyy06.pl,d2,yes,138.13,yes,corr,None,None,None,None
3960,exp_cycles_depvary_step5_batch_yyy06.pl,a3,no,238.02,no,corr,None,None,None,None
3961,exp_cycles_depvary_step5_batch_yyy07.pl,u6,no,124.99,no,corr,None,None,None,None
3962,exp_cycles_depvary_step5_batch_yyy07.pl,q6,no,130.71,no,corr,None,None,None,None
3963,exp_cycles_depvary_step5_batch_yyy07.pl,d3,yes,134.6,yes,corr,None,None,None,None
3964,exp_cycles_depvary_step5_batch_yyy07.pl,z4,no,125.31,no,corr,None,None,None,None
3965,exp_cycles_depvary_step5_batch_yyy07.pl,f3,yes,130.04,yes,corr,None,None,None,None
3966,exp_cycles_depvary_step5_batch_yyy07.pl,p2,no,110.74,no,corr,None,None,None,None
3967,exp_cycles_depvary_step5_batch_yyy07.pl,f4,no,111.74,no,corr,None,None,None,None
3968,exp_cycles_depvary_step5_batch_yyy07.pl,e2,no,369.97,no,corr,None,None,None,None
3969,exp_cycles_depvary_step5_batch_yyy07.pl,p6,no,111.37,no,corr,None,None,None,None
3970,exp_cycles_depvary_step5_batch_yyy07.pl,f2,no,112.09,no,corr,None,None,None,None
3971,exp_cycles_depvary_step5_batch_yyy08.pl,v2,yes,127.57,yes,corr,None,None,None,None
3972,exp_cycles_depvary_step5_batch_yyy08.pl,d4,no,84.59,no,corr,None,None,None,None
3973,exp_cycles_depvary_step5_batch_yyy08.pl,u1,yes,90.15,yes,corr,None,None,None,None
3974,exp_cycles_depvary_step5_batch_yyy08.pl,d3,yes,85.64,yes,corr,None,None,None,None
3975,exp_cycles_depvary_step5_batch_yyy08.pl,f5,no,87.9,no,corr,None,None,None,None
3976,exp_cycles_depvary_step5_batch_yyy08.pl,y1,yes,90.49,yes,corr,None,None,None,None
3977,exp_cycles_depvary_step5_batch_yyy08.pl,y6,no,85.31,no,corr,None,None,None,None
3978,exp_cycles_depvary_step5_batch_yyy08.pl,c3,yes,90.52,yes,corr,None,None,None,None
3979,exp_cycles_depvary_step5_batch_yyy08.pl,t5,no,83.92,no,corr,None,None,None,None
3980,exp_cycles_depvary_step5_batch_yyy08.pl,s3,yes,90.65,yes,corr,None,None,None,None
3981,exp_cycles_depvary_step5_batch_yyy09.pl,w5,no,116.61,no,corr,None,None,None,None
3982,exp_cycles_depvary_step5_batch_yyy09.pl,c2,no,206.16,no,corr,None,None,None,None
3983,exp_cycles_depvary_step5_batch_yyy09.pl,v3,,600.0,no,TIMEOUT,,,,
3984,exp_cycles_depvary_step5_batch_yyy09.pl,q7,no,129.96,no,corr,None,None,None,None
3985,exp_cycles_depvary_step5_batch_yyy09.pl,p6,no,129.79,no,corr,None,None,None,None
3986,exp_cycles_depvary_step5_batch_yyy09.pl,s4,no,129.13,no,corr,None,None,None,None
3987,exp_cycles_depvary_step5_batch_yyy09.pl,y4,no,128.96,no,corr,None,None,None,None
3988,exp_cycles_depvary_step5_batch_yyy09.pl,x5,no,130.53,no,corr,None,None,None,None
3989,exp_cycles_depvary_step5_batch_yyy09.pl,c1,no,118.56,no,corr,None,None,None,None
3990,exp_cycles_depvary_step5_batch_yyy09.pl,z2,yes,123.81,yes,corr,None,None,None,None
3991,exp_cycles_depvary_step5_batch_yyy10.pl,p4,no,87.7,no,corr,None,None,None,None
3992,exp_cycles_depvary_step5_batch_yyy10.pl,u1,no,85.78,no,corr,None,None,None,None
3993,exp_cycles_depvary_step5_batch_yyy10.pl,t3,yes,93.56,yes,corr,None,None,None,None
3994,exp_cycles_depvary_step5_batch_yyy10.pl,x2,no,89.13,no,corr,None,None,None,None
3995,exp_cycles_depvary_step5_batch_yyy10.pl,x5,no,86.09,no,corr,None,None,None,None
3996,exp_cycles_depvary_step5_batch_yyy10.pl,v3,yes,93.61,yes,corr,None,None,None,None
3997,exp_cycles_depvary_step5_batch_yyy10.pl,s4,no,87.2,no,corr,None,None,None,None
3998,exp_cycles_depvary_step5_batch_yyy10.pl,y4,no,87.64,no,corr,None,None,None,None
3999,exp_cycles_depvary_step5_batch_yyy10.pl,y2,yes,93.37,yes,corr,None,None,None,None
4000,exp_cycles_depvary_step5_batch_yyy10.pl,x1,no,92.77,no,corr,None,None,None,None
4001,exp_cycles_depvary_step6_batch_yyy01.pl,z5,no,165.56,no,corr,None,None,None,None
4002,exp_cycles_depvary_step6_batch_yyy01.pl,d3,yes,176.88,yes,corr,None,None,None,None
4003,exp_cycles_depvary_step6_batch_yyy01.pl,s5,no,167.66,no,corr,None,None,None,None
4004,exp_cycles_depvary_step6_batch_yyy01.pl,z3,yes,179.15,yes,corr,None,None,None,None
4005,exp_cycles_depvary_step6_batch_yyy01.pl,y5,no,166.01,no,corr,None,None,None,None
4006,exp_cycles_depvary_step6_batch_yyy01.pl,q2,no,165.98,no,corr,None,None,None,None
4007,exp_cycles_depvary_step6_batch_yyy01.pl,t5,no,166.46,no,corr,None,None,None,None
4008,exp_cycles_depvary_step6_batch_yyy01.pl,s3,yes,185.04,yes,corr,None,None,None,None
4009,exp_cycles_depvary_step6_batch_yyy01.pl,a6,no,167.16,no,corr,None,None,None,None
4010,exp_cycles_depvary_step6_batch_yyy01.pl,s4,no,166.44,no,corr,None,None,None,None
4011,exp_cycles_depvary_step6_batch_yyy02.pl,y4,no,99.13,no,corr,None,None,None,None
4012,exp_cycles_depvary_step6_batch_yyy02.pl,t3,,600.0,no,TIMEOUT,,,,
4013,exp_cycles_depvary_step6_batch_yyy02.pl,z1,no,111.02,no,corr,None,None,None,None
4014,exp_cycles_depvary_step6_batch_yyy02.pl,x2,no,111.95,no,corr,None,None,None,None
4015,exp_cycles_depvary_step6_batch_yyy02.pl,u3,,600.0,no,TIMEOUT,,,,
4016,exp_cycles_depvary_step6_batch_yyy02.pl,d1,yes,201.58,yes,corr,None,None,None,None
4017,exp_cycles_depvary_step6_batch_yyy02.pl,p7,no,123.7,no,corr,None,None,None,None
4018,exp_cycles_depvary_step6_batch_yyy02.pl,p5,no,123.92,no,corr,None,None,None,None
4019,exp_cycles_depvary_step6_batch_yyy02.pl,w2,,600.0,no,TIMEOUT,,,,
4020,exp_cycles_depvary_step6_batch_yyy02.pl,u1,no,135.83,no,corr,None,None,None,None
4021,exp_cycles_depvary_step6_batch_yyy03.pl,d3,yes,250.41,yes,corr,None,None,None,None
4022,exp_cycles_depvary_step6_batch_yyy03.pl,a5,no,220.32,no,corr,None,None,None,None
4023,exp_cycles_depvary_step6_batch_yyy03.pl,z4,no,221.43,no,corr,None,None,None,None
4024,exp_cycles_depvary_step6_batch_yyy03.pl,c1,,600.0,no,TIMEOUT,,,,
4025,exp_cycles_depvary_step6_batch_yyy03.pl,a3,yes,245.51,yes,corr,None,None,None,None
4026,exp_cycles_depvary_step6_batch_yyy03.pl,r2,yes,257.24,yes,corr,None,None,None,None
4027,exp_cycles_depvary_step6_batch_yyy03.pl,x4,no,243.84,no,corr,None,None,None,None
4028,exp_cycles_depvary_step6_batch_yyy03.pl,p6,no,242.59,no,corr,None,None,None,None
4029,exp_cycles_depvary_step6_batch_yyy03.pl,y2,yes,257.03,yes,corr,None,None,None,None
4030,exp_cycles_depvary_step6_batch_yyy03.pl,x6,no,243.54,no,corr,None,None,None,None
4031,exp_cycles_depvary_step6_batch_yyy04.pl,z6,no,215.04,no,corr,None,None,None,None
4032,exp_cycles_depvary_step6_batch_yyy04.pl,b3,no,473.84,no,corr,None,None,None,None
4033,exp_cycles_depvary_step6_batch_yyy04.pl,c5,no,220.19,no,corr,None,None,None,None
4034,exp_cycles_depvary_step6_batch_yyy04.pl,e3,yes,231.6,yes,corr,None,None,None,None
4035,exp_cycles_depvary_step6_batch_yyy04.pl,y2,yes,230.5,yes,corr,None,None,None,None
4036,exp_cycles_depvary_step6_batch_yyy04.pl,y5,no,212.64,no,corr,None,None,None,None
4037,exp_cycles_depvary_step6_batch_yyy04.pl,t4,no,213.53,no,corr,None,None,None,None
4038,exp_cycles_depvary_step6_batch_yyy04.pl,s3,no,213.19,no,corr,None,None,None,None
4039,exp_cycles_depvary_step6_batch_yyy04.pl,d4,no,215.07,no,corr,None,None,None,None
4040,exp_cycles_depvary_step6_batch_yyy04.pl,x3,yes,229.48,yes,corr,None,None,None,None
4041,exp_cycles_depvary_step6_batch_yyy05.pl,u6,no,281.01,no,corr,None,None,None,None
4042,exp_cycles_depvary_step6_batch_yyy05.pl,s3,no,282.56,no,corr,None,None,None,None
4043,exp_cycles_depvary_step6_batch_yyy05.pl,b2,,600.0,no,TIMEOUT,,,,
4044,exp_cycles_depvary_step6_batch_yyy05.pl,w7,no,304.26,no,corr,None,None,None,None
4045,exp_cycles_depvary_step6_batch_yyy05.pl,q6,no,307.78,no,corr,None,None,None,None
4046,exp_cycles_depvary_step6_batch_yyy05.pl,x3,yes,326.65,yes,corr,None,None,None,None
4047,exp_cycles_depvary_step6_batch_yyy05.pl,v6,no,305.0,no,corr,None,None,None,None
4048,exp_cycles_depvary_step6_batch_yyy05.pl,v5,no,306.89,no,corr,None,None,None,None
4049,exp_cycles_depvary_step6_batch_yyy05.pl,a5,no,304.9,no,corr,None,None,None,None
4050,exp_cycles_depvary_step6_batch_yyy05.pl,f2,,600.0,no,TIMEOUT,,,,
4051,exp_cycles_depvary_step6_batch_yyy06.pl,u5,no,278.5,no,corr,None,None,None,None
4052,exp_cycles_depvary_step6_batch_yyy06.pl,w7,no,271.52,no,corr,None,None,None,None
4053,exp_cycles_depvary_step6_batch_yyy06.pl,z5,no,272.63,no,corr,None,None,None,None
4054,exp_cycles_depvary_step6_batch_yyy06.pl,y3,no,272.13,no,corr,None,None,None,None
4055,exp_cycles_depvary_step6_batch_yyy06.pl,v1,no,403.67,no,corr,None,None,None,None
4056,exp_cycles_depvary_step6_batch_yyy06.pl,x5,no,272.31,no,corr,None,None,None,None
4057,exp_cycles_depvary_step6_batch_yyy06.pl,u2,yes,335.83,yes,corr,None,None,None,None
4058,exp_cycles_depvary_step6_batch_yyy06.pl,a2,yes,292.22,yes,corr,None,None,None,None
4059,exp_cycles_depvary_step6_batch_yyy06.pl,a5,no,272.75,no,corr,None,None,None,None
4060,exp_cycles_depvary_step6_batch_yyy06.pl,b1,yes,312.23,yes,corr,None,None,None,None
4061,exp_cycles_depvary_step6_batch_yyy07.pl,t5,no,321.47,no,corr,None,None,None,None
4062,exp_cycles_depvary_step6_batch_yyy07.pl,s4,no,322.11,no,corr,None,None,None,None
4063,exp_cycles_depvary_step6_batch_yyy07.pl,b4,no,372.34,no,corr,None,None,None,None
4064,exp_cycles_depvary_step6_batch_yyy07.pl,z1,yes,325.86,yes,corr,None,None,None,None
4065,exp_cycles_depvary_step6_batch_yyy07.pl,a4,yes,342.82,yes,corr,None,None,None,None
4066,exp_cycles_depvary_step6_batch_yyy07.pl,s1,yes,343.2,yes,corr,None,None,None,None
4067,exp_cycles_depvary_step6_batch_yyy07.pl,a2,no,320.31,no,corr,None,None,None,None
4068,exp_cycles_depvary_step6_batch_yyy07.pl,p6,no,320.96,no,corr,None,None,None,None
4069,exp_cycles_depvary_step6_batch_yyy07.pl,w1,yes,343.02,yes,corr,None,None,None,None
4070,exp_cycles_depvary_step6_batch_yyy07.pl,p3,yes,342.49,yes,corr,None,None,None,None
4071,exp_cycles_depvary_step6_batch_yyy08.pl,b3,,600.0,no,TIMEOUT,,,,
4072,exp_cycles_depvary_step6_batch_yyy08.pl,p4,,600.0,no,TIMEOUT,,,,
4073,exp_cycles_depvary_step6_batch_yyy08.pl,e5,no,352.37,no,corr,None,None,None,None
4074,exp_cycles_depvary_step6_batch_yyy08.pl,q5,no,350.91,no,corr,None,None,None,None
4075,exp_cycles_depvary_step6_batch_yyy08.pl,b1,,600.0,no,TIMEOUT,,,,
4076,exp_cycles_depvary_step6_batch_yyy08.pl,f5,no,378.48,no,corr,None,None,None,None
4077,exp_cycles_depvary_step6_batch_yyy08.pl,e2,,600.0,yes,TIMEOUT,,,,
4078,exp_cycles_depvary_step6_batch_yyy08.pl,p1,yes,431.13,yes,corr,None,None,None,None
4079,exp_cycles_depvary_step6_batch_yyy08.pl,b6,no,403.96,no,corr,None,None,None,None
4080,exp_cycles_depvary_step6_batch_yyy08.pl,a1,,600.0,no,TIMEOUT,,,,
4081,exp_cycles_depvary_step6_batch_yyy09.pl,p7,no,358.77,no,corr,None,None,None,None
4082,exp_cycles_depvary_step6_batch_yyy09.pl,q5,no,340.63,no,corr,None,None,None,None
4083,exp_cycles_depvary_step6_batch_yyy09.pl,w6,no,340.25,no,corr,None,None,None,None
4084,exp_cycles_depvary_step6_batch_yyy09.pl,e4,no,337.99,no,corr,None,None,None,None
4085,exp_cycles_depvary_step6_batch_yyy09.pl,x5,no,336.72,no,corr,None,None,None,None
4086,exp_cycles_depvary_step6_batch_yyy09.pl,r4,no,335.67,no,corr,None,None,None,None
4087,exp_cycles_depvary_step6_batch_yyy09.pl,y2,no,337.47,no,corr,None,None,None,None
4088,exp_cycles_depvary_step6_batch_yyy09.pl,q1,yes,362.45,yes,corr,None,None,None,None
4089,exp_cycles_depvary_step6_batch_yyy09.pl,y6,no,335.53,no,corr,None,None,None,None
4090,exp_cycles_depvary_step6_batch_yyy09.pl,q2,no,337.55,no,corr,None,None,None,None
4091,exp_cycles_depvary_step6_batch_yyy10.pl,y4,no,319.74,no,corr,None,None,None,None
4092,exp_cycles_depvary_step6_batch_yyy10.pl,v6,no,320.1,no,corr,None,None,None,None
4093,exp_cycles_depvary_step6_batch_yyy10.pl,c6,no,320.82,no,corr,None,None,None,None
4094,exp_cycles_depvary_step6_batch_yyy10.pl,x1,no,318.35,no,corr,None,None,None,None
4095,exp_cycles_depvary_step6_batch_yyy10.pl,c3,yes,358.09,yes,corr,None,None,None,None
4096,exp_cycles_depvary_step6_batch_yyy10.pl,t5,no,321.62,no,corr,None,None,None,None
4097,exp_cycles_depvary_step6_batch_yyy10.pl,c5,no,320.73,no,corr,None,None,None,None
4098,exp_cycles_depvary_step6_batch_yyy10.pl,b1,no,541.79,no,corr,None,None,None,None
4099,exp_cycles_depvary_step6_batch_yyy10.pl,v4,no,322.43,no,corr,None,None,None,None
4100,exp_cycles_depvary_step6_batch_yyy10.pl,r4,no,320.61,no,corr,None,None,None,None
4101,exp_cycles_depvary_step7_batch_yyy01.pl,d5,no,515.28,no,corr,None,None,None,None
4102,exp_cycles_depvary_step7_batch_yyy01.pl,b2,no,515.68,no,corr,None,None,None,None
4103,exp_cycles_depvary_step7_batch_yyy01.pl,d4,yes,553.51,yes,corr,None,None,None,None
4104,exp_cycles_depvary_step7_batch_yyy01.pl,f1,yes,553.29,yes,corr,None,None,None,None
4105,exp_cycles_depvary_step7_batch_yyy01.pl,u7,no,514.37,no,corr,None,None,None,None
4106,exp_cycles_depvary_step7_batch_yyy01.pl,q5,no,516.47,no,corr,None,None,None,None
4107,exp_cycles_depvary_step7_batch_yyy01.pl,p3,no,514.46,no,corr,None,None,None,None
4108,exp_cycles_depvary_step7_batch_yyy01.pl,q3,no,563.2,no,corr,None,None,None,None
4109,exp_cycles_depvary_step7_batch_yyy01.pl,t5,no,587.06,no,corr,None,None,None,None
4110,exp_cycles_depvary_step7_batch_yyy01.pl,s3,,600.0,no,TIMEOUT,,,,
4111,exp_cycles_depvary_step7_batch_yyy02.pl,u6,,600.0,no,TIMEOUT,,,,
4112,exp_cycles_depvary_step7_batch_yyy02.pl,b3,,600.0,no,TIMEOUT,,,,
4113,exp_cycles_depvary_step7_batch_yyy02.pl,z5,,600.0,no,TIMEOUT,,,,
4114,exp_cycles_depvary_step7_batch_yyy02.pl,w5,,600.0,no,TIMEOUT,,,,
4115,exp_cycles_depvary_step7_batch_yyy02.pl,q5,no,597.31,no,corr,None,None,None,None
4116,exp_cycles_depvary_step7_batch_yyy02.pl,s2,no,598.79,no,corr,None,None,None,None
4117,exp_cycles_depvary_step7_batch_yyy02.pl,r1,,600.0,no,TIMEOUT,,,,
4118,exp_cycles_depvary_step7_batch_yyy02.pl,y5,,600.0,no,TIMEOUT,,,,
4119,exp_cycles_depvary_step7_batch_yyy02.pl,x7,,600.0,no,TIMEOUT,,,,
4120,exp_cycles_depvary_step7_batch_yyy02.pl,q4,,600.0,yes,TIMEOUT,,,,
4121,exp_cycles_depvary_step7_batch_yyy03.pl,w2,yes,549.95,yes,corr,None,None,None,None
4122,exp_cycles_depvary_step7_batch_yyy03.pl,b4,,600.0,no,TIMEOUT,,,,
4123,exp_cycles_depvary_step7_batch_yyy03.pl,z1,,600.0,no,TIMEOUT,,,,
4124,exp_cycles_depvary_step7_batch_yyy03.pl,e4,,600.0,no,TIMEOUT,,,,
4125,exp_cycles_depvary_step7_batch_yyy03.pl,p3,no,591.38,no,corr,None,None,None,None
4126,exp_cycles_depvary_step7_batch_yyy03.pl,w4,no,592.36,no,corr,None,None,None,None
4127,exp_cycles_depvary_step7_batch_yyy03.pl,c6,no,591.58,no,corr,None,None,None,None
4128,exp_cycles_depvary_step7_batch_yyy03.pl,v4,,600.0,yes,TIMEOUT,,,,
4129,exp_cycles_depvary_step7_batch_yyy03.pl,a1,,600.0,no,TIMEOUT,,,,
4130,exp_cycles_depvary_step7_batch_yyy03.pl,y6,,600.0,no,TIMEOUT,,,,
4131,exp_cycles_depvary_step7_batch_yyy04.pl,u5,,600.0,no,TIMEOUT,,,,
4132,exp_cycles_depvary_step7_batch_yyy04.pl,z5,,600.0,no,TIMEOUT,,,,
4133,exp_cycles_depvary_step7_batch_yyy04.pl,q5,,600.0,no,TIMEOUT,,,,
4134,exp_cycles_depvary_step7_batch_yyy04.pl,x7,,600.0,no,TIMEOUT,,,,
4135,exp_cycles_depvary_step7_batch_yyy04.pl,v1,,600.0,no,TIMEOUT,,,,
4136,exp_cycles_depvary_step7_batch_yyy04.pl,f3,,600.0,yes,TIMEOUT,,,,
4137,exp_cycles_depvary_step7_batch_yyy04.pl,f4,,600.0,yes,TIMEOUT,,,,
4138,exp_cycles_depvary_step7_batch_yyy04.pl,x1,,600.0,yes,TIMEOUT,,,,
4139,exp_cycles_depvary_step7_batch_yyy04.pl,p4,,600.0,no,TIMEOUT,,,,
4140,exp_cycles_depvary_step7_batch_yyy04.pl,d4,,600.0,yes,TIMEOUT,,,,
4141,exp_cycles_depvary_step7_batch_yyy05.pl,z6,no,586.57,no,corr,None,None,None,None
4142,exp_cycles_depvary_step7_batch_yyy05.pl,w1,no,563.61,no,corr,None,None,None,None
4143,exp_cycles_depvary_step7_batch_yyy05.pl,r4,no,555.93,no,corr,None,None,None,None
4144,exp_cycles_depvary_step7_batch_yyy05.pl,y2,,600.0,no,TIMEOUT,,,,
4145,exp_cycles_depvary_step7_batch_yyy05.pl,v3,,600.0,no,TIMEOUT,,,,
4146,exp_cycles_depvary_step7_batch_yyy05.pl,y5,no,582.54,no,corr,None,None,None,None
4147,exp_cycles_depvary_step7_batch_yyy05.pl,p4,,600.0,yes,TIMEOUT,,,,
4148,exp_cycles_depvary_step7_batch_yyy05.pl,p5,no,582.47,no,corr,None,None,None,None
4149,exp_cycles_depvary_step7_batch_yyy05.pl,s2,,600.0,no,TIMEOUT,,,,
4150,exp_cycles_depvary_step7_batch_yyy05.pl,a5,no,585.98,no,corr,None,None,None,None
4151,exp_cycles_depvary_step7_batch_yyy06.pl,t4,,600.0,yes,TIMEOUT,,,,
4152,exp_cycles_depvary_step7_batch_yyy06.pl,p5,,600.0,no,TIMEOUT,,,,
4153,exp_cycles_depvary_step7_batch_yyy06.pl,f1,,600.0,no,TIMEOUT,,,,
4154,exp_cycles_depvary_step7_batch_yyy06.pl,c5,,600.0,no,TIMEOUT,,,,
4155,exp_cycles_depvary_step7_batch_yyy06.pl,t2,,600.0,yes,TIMEOUT,,,,
4156,exp_cycles_depvary_step7_batch_yyy06.pl,e3,,600.0,yes,TIMEOUT,,,,
4157,exp_cycles_depvary_step7_batch_yyy06.pl,y4,,600.0,no,TIMEOUT,,,,
4158,exp_cycles_depvary_step7_batch_yyy06.pl,v7,,600.0,no,TIMEOUT,,,,
4159,exp_cycles_depvary_step7_batch_yyy06.pl,y2,,600.0,yes,TIMEOUT,,,,
4160,exp_cycles_depvary_step7_batch_yyy06.pl,x6,,600.0,no,TIMEOUT,,,,
4161,exp_cycles_depvary_step7_batch_yyy07.pl,u5,,600.0,no,TIMEOUT,,,,
4162,exp_cycles_depvary_step7_batch_yyy07.pl,p4,,600.0,yes,TIMEOUT,,,,
4163,exp_cycles_depvary_step7_batch_yyy07.pl,f1,,600.0,no,TIMEOUT,,,,
4164,exp_cycles_depvary_step7_batch_yyy07.pl,q4,,600.0,yes,TIMEOUT,,,,
4165,exp_cycles_depvary_step7_batch_yyy07.pl,a4,,600.0,no,TIMEOUT,,,,
4166,exp_cycles_depvary_step7_batch_yyy07.pl,r1,,600.0,yes,TIMEOUT,,,,
4167,exp_cycles_depvary_step7_batch_yyy07.pl,a3,,600.0,no,TIMEOUT,,,,
4168,exp_cycles_depvary_step7_batch_yyy07.pl,r2,,600.0,yes,TIMEOUT,,,,
4169,exp_cycles_depvary_step7_batch_yyy07.pl,y4,,600.0,no,TIMEOUT,,,,
4170,exp_cycles_depvary_step7_batch_yyy07.pl,v7,,600.0,no,TIMEOUT,,,,
4171,exp_cycles_depvary_step7_batch_yyy08.pl,v2,,600.0,yes,TIMEOUT,,,,
4172,exp_cycles_depvary_step7_batch_yyy08.pl,t3,,600.0,yes,TIMEOUT,,,,
4173,exp_cycles_depvary_step7_batch_yyy08.pl,x7,,600.0,no,TIMEOUT,,,,
4174,exp_cycles_depvary_step7_batch_yyy08.pl,a4,,600.0,no,TIMEOUT,,,,
4175,exp_cycles_depvary_step7_batch_yyy08.pl,e4,,600.0,yes,TIMEOUT,,,,
4176,exp_cycles_depvary_step7_batch_yyy08.pl,f3,,600.0,yes,TIMEOUT,,,,
4177,exp_cycles_depvary_step7_batch_yyy08.pl,x5,no,592.81,no,corr,None,None,None,None
4178,exp_cycles_depvary_step7_batch_yyy08.pl,r7,no,580.27,no,corr,None,None,None,None
4179,exp_cycles_depvary_step7_batch_yyy08.pl,r3,,600.0,yes,TIMEOUT,,,,
4180,exp_cycles_depvary_step7_batch_yyy08.pl,x4,no,581.04,no,corr,None,None,None,None
4181,exp_cycles_depvary_step7_batch_yyy09.pl,t4,yes,539.41,yes,corr,None,None,None,None
4182,exp_cycles_depvary_step7_batch_yyy09.pl,d3,,600.0,no,TIMEOUT,,,,
4183,exp_cycles_depvary_step7_batch_yyy09.pl,c2,yes,555.73,yes,corr,None,None,None,None
4184,exp_cycles_depvary_step7_batch_yyy09.pl,w1,yes,582.19,yes,corr,None,None,None,None
4185,exp_cycles_depvary_step7_batch_yyy09.pl,f3,no,576.34,no,corr,None,None,None,None
4186,exp_cycles_depvary_step7_batch_yyy09.pl,w3,,600.0,yes,TIMEOUT,,,,
4187,exp_cycles_depvary_step7_batch_yyy09.pl,a4,,600.0,no,TIMEOUT,,,,
4188,exp_cycles_depvary_step7_batch_yyy09.pl,w6,,600.0,no,TIMEOUT,,,,
4189,exp_cycles_depvary_step7_batch_yyy09.pl,y1,,600.0,yes,TIMEOUT,,,,
4190,exp_cycles_depvary_step7_batch_yyy09.pl,d2,,600.0,yes,TIMEOUT,,,,
4191,exp_cycles_depvary_step7_batch_yyy10.pl,b2,yes,589.3,yes,corr,None,None,None,None
4192,exp_cycles_depvary_step7_batch_yyy10.pl,d4,no,549.99,no,corr,None,None,None,None
4193,exp_cycles_depvary_step7_batch_yyy10.pl,u1,,600.0,no,TIMEOUT,,,,
4194,exp_cycles_depvary_step7_batch_yyy10.pl,v5,no,572.17,no,corr,None,None,None,None
4195,exp_cycles_depvary_step7_batch_yyy10.pl,q5,no,544.06,no,corr,None,None,None,None
4196,exp_cycles_depvary_step7_batch_yyy10.pl,p3,no,544.92,no,corr,None,None,None,None
4197,exp_cycles_depvary_step7_batch_yyy10.pl,c1,yes,582.06,yes,corr,None,None,None,None
4198,exp_cycles_depvary_step7_batch_yyy10.pl,z3,,600.0,yes,TIMEOUT,,,,
4199,exp_cycles_depvary_step7_batch_yyy10.pl,r3,yes,582.25,yes,corr,None,None,None,None
4200,exp_cycles_depvary_step7_batch_yyy10.pl,w3,no,544.61,no,corr,None,None,None,None
4201,exp_cycles_depvary_step8_batch_yyy01.pl,u5,,600.0,no,TIMEOUT,,,,
4202,exp_cycles_depvary_step8_batch_yyy01.pl,t5,,600.0,no,TIMEOUT,,,,
4203,exp_cycles_depvary_step8_batch_yyy01.pl,x3,,600.0,no,TIMEOUT,,,,
4204,exp_cycles_depvary_step8_batch_yyy01.pl,x7,,600.0,no,TIMEOUT,,,,
4205,exp_cycles_depvary_step8_batch_yyy01.pl,a3,,600.0,no,TIMEOUT,,,,
4206,exp_cycles_depvary_step8_batch_yyy01.pl,r3,,600.0,yes,TIMEOUT,,,,
4207,exp_cycles_depvary_step8_batch_yyy01.pl,y6,,600.0,no,TIMEOUT,,,,
4208,exp_cycles_depvary_step8_batch_yyy01.pl,q2,,600.0,no,TIMEOUT,,,,
4209,exp_cycles_depvary_step8_batch_yyy01.pl,c2,,600.0,yes,TIMEOUT,,,,
4210,exp_cycles_depvary_step8_batch_yyy01.pl,b1,,600.0,no,TIMEOUT,,,,
4211,exp_cycles_depvary_step8_batch_yyy02.pl,t4,,600.0,yes,TIMEOUT,,,,
4212,exp_cycles_depvary_step8_batch_yyy02.pl,z5,,600.0,no,TIMEOUT,,,,
4213,exp_cycles_depvary_step8_batch_yyy02.pl,u1,,600.0,no,TIMEOUT,,,,
4214,exp_cycles_depvary_step8_batch_yyy02.pl,q5,,600.0,no,TIMEOUT,,,,
4215,exp_cycles_depvary_step8_batch_yyy02.pl,c1,,600.0,no,TIMEOUT,,,,
4216,exp_cycles_depvary_step8_batch_yyy02.pl,u3,,600.0,yes,TIMEOUT,,,,
4217,exp_cycles_depvary_step8_batch_yyy02.pl,y1,,600.0,yes,TIMEOUT,,,,
4218,exp_cycles_depvary_step8_batch_yyy02.pl,a2,,600.0,no,TIMEOUT,,,,
4219,exp_cycles_depvary_step8_batch_yyy02.pl,r7,,600.0,no,TIMEOUT,,,,
4220,exp_cycles_depvary_step8_batch_yyy02.pl,b6,,600.0,no,TIMEOUT,,,,
4221,exp_cycles_depvary_step8_batch_yyy03.pl,c4,,600.0,no,TIMEOUT,,,,
4222,exp_cycles_depvary_step8_batch_yyy03.pl,p7,,600.0,no,TIMEOUT,,,,
4223,exp_cycles_depvary_step8_batch_yyy03.pl,d3,,600.0,yes,TIMEOUT,,,,
4224,exp_cycles_depvary_step8_batch_yyy03.pl,w6,,600.0,no,TIMEOUT,,,,
4225,exp_cycles_depvary_step8_batch_yyy03.pl,r5,,600.0,no,TIMEOUT,,,,
4226,exp_cycles_depvary_step8_batch_yyy03.pl,b5,,600.0,no,TIMEOUT,,,,
4227,exp_cycles_depvary_step8_batch_yyy03.pl,x1,,600.0,yes,TIMEOUT,,,,
4228,exp_cycles_depvary_step8_batch_yyy03.pl,p1,,600.0,no,TIMEOUT,,,,
4229,exp_cycles_depvary_step8_batch_yyy03.pl,c2,,600.0,no,TIMEOUT,,,,
4230,exp_cycles_depvary_step8_batch_yyy03.pl,a5,,600.0,no,TIMEOUT,,,,
4231,exp_cycles_depvary_step8_batch_yyy04.pl,s3,,600.0,yes,TIMEOUT,,,,
4232,exp_cycles_depvary_step8_batch_yyy04.pl,b2,,600.0,no,TIMEOUT,,,,
4233,exp_cycles_depvary_step8_batch_yyy04.pl,v7,,600.0,no,TIMEOUT,,,,
4234,exp_cycles_depvary_step8_batch_yyy04.pl,x3,,600.0,no,TIMEOUT,,,,
4235,exp_cycles_depvary_step8_batch_yyy04.pl,u7,,600.0,no,TIMEOUT,,,,
4236,exp_cycles_depvary_step8_batch_yyy04.pl,b1,,600.0,yes,TIMEOUT,,,,
4237,exp_cycles_depvary_step8_batch_yyy04.pl,w6,,600.0,no,TIMEOUT,,,,
4238,exp_cycles_depvary_step8_batch_yyy04.pl,p1,,600.0,yes,TIMEOUT,,,,
4239,exp_cycles_depvary_step8_batch_yyy04.pl,c1,,600.0,no,TIMEOUT,,,,
4240,exp_cycles_depvary_step8_batch_yyy04.pl,z2,,600.0,yes,TIMEOUT,,,,
4241,exp_cycles_depvary_step8_batch_yyy05.pl,q6,,600.0,no,TIMEOUT,,,,
4242,exp_cycles_depvary_step8_batch_yyy05.pl,v5,,600.0,no,TIMEOUT,,,,
4243,exp_cycles_depvary_step8_batch_yyy05.pl,v1,,600.0,yes,TIMEOUT,,,,
4244,exp_cycles_depvary_step8_batch_yyy05.pl,r4,,600.0,yes,TIMEOUT,,,,
4245,exp_cycles_depvary_step8_batch_yyy05.pl,r1,,600.0,no,TIMEOUT,,,,
4246,exp_cycles_depvary_step8_batch_yyy05.pl,z3,,600.0,yes,TIMEOUT,,,,
4247,exp_cycles_depvary_step8_batch_yyy05.pl,r3,,600.0,no,TIMEOUT,,,,
4248,exp_cycles_depvary_step8_batch_yyy05.pl,y5,,600.0,no,TIMEOUT,,,,
4249,exp_cycles_depvary_step8_batch_yyy05.pl,x5,,600.0,no,TIMEOUT,,,,
4250,exp_cycles_depvary_step8_batch_yyy05.pl,t2,,600.0,no,TIMEOUT,,,,
4251,exp_cycles_depvary_step8_batch_yyy06.pl,x3,,600.0,no,TIMEOUT,,,,
4252,exp_cycles_depvary_step8_batch_yyy06.pl,b1,,600.0,no,TIMEOUT,,,,
4253,exp_cycles_depvary_step8_batch_yyy06.pl,y3,,600.0,no,TIMEOUT,,,,
4254,exp_cycles_depvary_step8_batch_yyy06.pl,w1,,600.0,no,TIMEOUT,,,,
4255,exp_cycles_depvary_step8_batch_yyy06.pl,e1,,600.0,no,TIMEOUT,,,,
4256,exp_cycles_depvary_step8_batch_yyy06.pl,q6,,600.0,no,TIMEOUT,,,,
4257,exp_cycles_depvary_step8_batch_yyy06.pl,x2,,600.0,no,TIMEOUT,,,,
4258,exp_cycles_depvary_step8_batch_yyy06.pl,f5,,600.0,no,TIMEOUT,,,,
4259,exp_cycles_depvary_step8_batch_yyy06.pl,c1,,600.0,yes,TIMEOUT,,,,
4260,exp_cycles_depvary_step8_batch_yyy06.pl,s6,,600.0,no,TIMEOUT,,,,
4261,exp_cycles_depvary_step8_batch_yyy07.pl,w5,,600.0,no,TIMEOUT,,,,
4262,exp_cycles_depvary_step8_batch_yyy07.pl,s2,,600.0,yes,TIMEOUT,,,,
4263,exp_cycles_depvary_step8_batch_yyy07.pl,q4,,600.0,yes,TIMEOUT,,,,
4264,exp_cycles_depvary_step8_batch_yyy07.pl,s7,,600.0,no,TIMEOUT,,,,
4265,exp_cycles_depvary_step8_batch_yyy07.pl,y6,,600.0,no,TIMEOUT,,,,
4266,exp_cycles_depvary_step8_batch_yyy07.pl,a2,,600.0,yes,TIMEOUT,,,,
4267,exp_cycles_depvary_step8_batch_yyy07.pl,u1,,600.0,yes,TIMEOUT,,,,
4268,exp_cycles_depvary_step8_batch_yyy07.pl,f1,,600.0,no,TIMEOUT,,,,
4269,exp_cycles_depvary_step8_batch_yyy07.pl,c1,,600.0,yes,TIMEOUT,,,,
4270,exp_cycles_depvary_step8_batch_yyy07.pl,b5,,600.0,no,TIMEOUT,,,,
4271,exp_cycles_depvary_step8_batch_yyy08.pl,z6,,600.0,no,TIMEOUT,,,,
4272,exp_cycles_depvary_step8_batch_yyy08.pl,w2,,600.0,yes,TIMEOUT,,,,
4273,exp_cycles_depvary_step8_batch_yyy08.pl,v5,,600.0,no,TIMEOUT,,,,
4274,exp_cycles_depvary_step8_batch_yyy08.pl,z1,,600.0,no,TIMEOUT,,,,
4275,exp_cycles_depvary_step8_batch_yyy08.pl,q4,,600.0,no,TIMEOUT,,,,
4276,exp_cycles_depvary_step8_batch_yyy08.pl,w4,,600.0,no,TIMEOUT,,,,
4277,exp_cycles_depvary_step8_batch_yyy08.pl,r1,,600.0,yes,TIMEOUT,,,,
4278,exp_cycles_depvary_step8_batch_yyy08.pl,a1,,600.0,no,TIMEOUT,,,,
4279,exp_cycles_depvary_step8_batch_yyy08.pl,u2,,600.0,yes,TIMEOUT,,,,
4280,exp_cycles_depvary_step8_batch_yyy08.pl,w3,,600.0,yes,TIMEOUT,,,,
4281,exp_cycles_depvary_step8_batch_yyy09.pl,d5,,600.0,no,TIMEOUT,,,,
4282,exp_cycles_depvary_step8_batch_yyy09.pl,u4,,600.0,no,TIMEOUT,,,,
4283,exp_cycles_depvary_step8_batch_yyy09.pl,f5,,600.0,no,TIMEOUT,,,,
4284,exp_cycles_depvary_step8_batch_yyy09.pl,w1,,600.0,no,TIMEOUT,,,,
4285,exp_cycles_depvary_step8_batch_yyy09.pl,y2,,600.0,yes,TIMEOUT,,,,
4286,exp_cycles_depvary_step8_batch_yyy09.pl,r2,,600.0,yes,TIMEOUT,,,,
4287,exp_cycles_depvary_step8_batch_yyy09.pl,r3,,600.0,no,TIMEOUT,,,,
4288,exp_cycles_depvary_step8_batch_yyy09.pl,s2,,600.0,no,TIMEOUT,,,,
4289,exp_cycles_depvary_step8_batch_yyy09.pl,z1,,600.0,no,TIMEOUT,,,,
4290,exp_cycles_depvary_step8_batch_yyy09.pl,c5,,600.0,no,TIMEOUT,,,,
4291,exp_cycles_depvary_step8_batch_yyy10.pl,u5,,600.0,no,TIMEOUT,,,,
4292,exp_cycles_depvary_step8_batch_yyy10.pl,s3,,600.0,no,TIMEOUT,,,,
4293,exp_cycles_depvary_step8_batch_yyy10.pl,y4,,600.0,yes,TIMEOUT,,,,
4294,exp_cycles_depvary_step8_batch_yyy10.pl,f1,,600.0,no,TIMEOUT,,,,
4295,exp_cycles_depvary_step8_batch_yyy10.pl,d3,,600.0,no,TIMEOUT,,,,
4296,exp_cycles_depvary_step8_batch_yyy10.pl,w6,,600.0,no,TIMEOUT,,,,
4297,exp_cycles_depvary_step8_batch_yyy10.pl,x5,,600.0,no,TIMEOUT,,,,
4298,exp_cycles_depvary_step8_batch_yyy10.pl,f4,,600.0,no,TIMEOUT,,,,
4299,exp_cycles_depvary_step8_batch_yyy10.pl,x6,,600.0,no,TIMEOUT,,,,
4300,exp_cycles_depvary_step8_batch_yyy10.pl,r3,,600.0,no,TIMEOUT,,,,
4301,exp_cycles_depvary_step9_batch_yyy01.pl,e1,,600.0,no,TIMEOUT,,,,
4302,exp_cycles_depvary_step9_batch_yyy01.pl,p5,,600.0,no,TIMEOUT,,,,
4303,exp_cycles_depvary_step9_batch_yyy01.pl,v6,,600.0,no,TIMEOUT,,,,
4304,exp_cycles_depvary_step9_batch_yyy01.pl,w6,,600.0,no,TIMEOUT,,,,
4305,exp_cycles_depvary_step9_batch_yyy01.pl,p3,,600.0,yes,TIMEOUT,,,,
4306,exp_cycles_depvary_step9_batch_yyy01.pl,t7,,600.0,no,TIMEOUT,,,,
4307,exp_cycles_depvary_step9_batch_yyy01.pl,x6,,600.0,no,TIMEOUT,,,,
4308,exp_cycles_depvary_step9_batch_yyy01.pl,s7,,600.0,no,TIMEOUT,,,,
4309,exp_cycles_depvary_step9_batch_yyy01.pl,a6,,600.0,no,TIMEOUT,,,,
4310,exp_cycles_depvary_step9_batch_yyy01.pl,w7,,600.0,no,TIMEOUT,,,,
4311,exp_cycles_depvary_step9_batch_yyy02.pl,f1,,600.0,yes,TIMEOUT,,,,
4312,exp_cycles_depvary_step9_batch_yyy02.pl,c5,,600.0,no,TIMEOUT,,,,
4313,exp_cycles_depvary_step9_batch_yyy02.pl,s1,,600.0,yes,TIMEOUT,,,,
4314,exp_cycles_depvary_step9_batch_yyy02.pl,x4,,600.0,yes,TIMEOUT,,,,
4315,exp_cycles_depvary_step9_batch_yyy02.pl,c3,,600.0,yes,TIMEOUT,,,,
4316,exp_cycles_depvary_step9_batch_yyy02.pl,t5,,600.0,no,TIMEOUT,,,,
4317,exp_cycles_depvary_step9_batch_yyy02.pl,t2,,600.0,no,TIMEOUT,,,,
4318,exp_cycles_depvary_step9_batch_yyy02.pl,z2,,600.0,yes,TIMEOUT,,,,
4319,exp_cycles_depvary_step9_batch_yyy02.pl,r2,,600.0,no,TIMEOUT,,,,
4320,exp_cycles_depvary_step9_batch_yyy02.pl,r7,,600.0,no,TIMEOUT,,,,
4321,exp_cycles_depvary_step9_batch_yyy03.pl,c3,,600.0,no,TIMEOUT,,,,
4322,exp_cycles_depvary_step9_batch_yyy03.pl,d4,,600.0,yes,TIMEOUT,,,,
4323,exp_cycles_depvary_step9_batch_yyy03.pl,b4,,600.0,no,TIMEOUT,,,,
4324,exp_cycles_depvary_step9_batch_yyy03.pl,c5,,600.0,no,TIMEOUT,,,,
4325,exp_cycles_depvary_step9_batch_yyy03.pl,x7,,600.0,no,TIMEOUT,,,,
4326,exp_cycles_depvary_step9_batch_yyy03.pl,p1,,600.0,no,TIMEOUT,,,,
4327,exp_cycles_depvary_step9_batch_yyy03.pl,w4,,600.0,no,TIMEOUT,,,,
4328,exp_cycles_depvary_step9_batch_yyy03.pl,f3,,600.0,no,TIMEOUT,,,,
4329,exp_cycles_depvary_step9_batch_yyy03.pl,p6,,600.0,no,TIMEOUT,,,,
4330,exp_cycles_depvary_step9_batch_yyy03.pl,q2,,600.0,no,TIMEOUT,,,,
4331,exp_cycles_depvary_step9_batch_yyy04.pl,p4,,600.0,no,TIMEOUT,,,,
4332,exp_cycles_depvary_step9_batch_yyy04.pl,w2,,600.0,no,TIMEOUT,,,,
4333,exp_cycles_depvary_step9_batch_yyy04.pl,w5,,600.0,no,TIMEOUT,,,,
4334,exp_cycles_depvary_step9_batch_yyy04.pl,x7,,600.0,no,TIMEOUT,,,,
4335,exp_cycles_depvary_step9_batch_yyy04.pl,p3,,600.0,no,TIMEOUT,,,,
4336,exp_cycles_depvary_step9_batch_yyy04.pl,w4,,600.0,no,TIMEOUT,,,,
4337,exp_cycles_depvary_step9_batch_yyy04.pl,r4,,600.0,no,TIMEOUT,,,,
4338,exp_cycles_depvary_step9_batch_yyy04.pl,s7,,600.0,no,TIMEOUT,,,,
4339,exp_cycles_depvary_step9_batch_yyy04.pl,q7,,600.0,no,TIMEOUT,,,,
4340,exp_cycles_depvary_step9_batch_yyy04.pl,w3,,600.0,no,TIMEOUT,,,,
4341,exp_cycles_depvary_step9_batch_yyy05.pl,b2,,600.0,no,TIMEOUT,,,,
4342,exp_cycles_depvary_step9_batch_yyy05.pl,a5,,600.0,yes,TIMEOUT,,,,
4343,exp_cycles_depvary_step9_batch_yyy05.pl,e4,,600.0,no,TIMEOUT,,,,
4344,exp_cycles_depvary_step9_batch_yyy05.pl,w1,,600.0,yes,TIMEOUT,,,,
4345,exp_cycles_depvary_step9_batch_yyy05.pl,t2,,600.0,yes,TIMEOUT,,,,
4346,exp_cycles_depvary_step9_batch_yyy05.pl,v4,,600.0,yes,TIMEOUT,,,,
4347,exp_cycles_depvary_step9_batch_yyy05.pl,s7,,600.0,no,TIMEOUT,,,,
4348,exp_cycles_depvary_step9_batch_yyy05.pl,v3,,600.0,no,TIMEOUT,,,,
4349,exp_cycles_depvary_step9_batch_yyy05.pl,q1,,600.0,yes,TIMEOUT,,,,
4350,exp_cycles_depvary_step9_batch_yyy05.pl,p1,,600.0,no,TIMEOUT,,,,
4351,exp_cycles_depvary_step9_batch_yyy06.pl,v7,,600.0,no,TIMEOUT,,,,
4352,exp_cycles_depvary_step9_batch_yyy06.pl,z5,,600.0,no,TIMEOUT,,,,
4353,exp_cycles_depvary_step9_batch_yyy06.pl,w2,,600.0,yes,TIMEOUT,,,,
4354,exp_cycles_depvary_step9_batch_yyy06.pl,p2,,600.0,yes,TIMEOUT,,,,
4355,exp_cycles_depvary_step9_batch_yyy06.pl,x6,,600.0,no,TIMEOUT,,,,
4356,exp_cycles_depvary_step9_batch_yyy06.pl,r7,,600.0,no,TIMEOUT,,,,
4357,exp_cycles_depvary_step9_batch_yyy06.pl,t1,,600.0,no,TIMEOUT,,,,
4358,exp_cycles_depvary_step9_batch_yyy06.pl,z1,,600.0,no,TIMEOUT,,,,
4359,exp_cycles_depvary_step9_batch_yyy06.pl,t6,,600.0,no,TIMEOUT,,,,
4360,exp_cycles_depvary_step9_batch_yyy06.pl,a5,,600.0,no,TIMEOUT,,,,
4361,exp_cycles_depvary_step9_batch_yyy07.pl,v7,,600.0,no,TIMEOUT,,,,
4362,exp_cycles_depvary_step9_batch_yyy07.pl,a5,,600.0,no,TIMEOUT,,,,
4363,exp_cycles_depvary_step9_batch_yyy07.pl,q4,,600.0,yes,TIMEOUT,,,,
4364,exp_cycles_depvary_step9_batch_yyy07.pl,w1,,600.0,yes,TIMEOUT,,,,
4365,exp_cycles_depvary_step9_batch_yyy07.pl,v4,,600.0,no,TIMEOUT,,,,
4366,exp_cycles_depvary_step9_batch_yyy07.pl,s1,,600.0,no,TIMEOUT,,,,
4367,exp_cycles_depvary_step9_batch_yyy07.pl,y6,,600.0,no,TIMEOUT,,,,
4368,exp_cycles_depvary_step9_batch_yyy07.pl,w3,,600.0,no,TIMEOUT,,,,
4369,exp_cycles_depvary_step9_batch_yyy07.pl,t4,,600.0,yes,TIMEOUT,,,,
4370,exp_cycles_depvary_step9_batch_yyy07.pl,s3,,600.0,no,TIMEOUT,,,,
4371,exp_cycles_depvary_step9_batch_yyy08.pl,b2,,600.0,yes,TIMEOUT,,,,
4372,exp_cycles_depvary_step9_batch_yyy08.pl,z5,,600.0,no,TIMEOUT,,,,
4373,exp_cycles_depvary_step9_batch_yyy08.pl,e4,,600.0,no,TIMEOUT,,,,
4374,exp_cycles_depvary_step9_batch_yyy08.pl,t7,,600.0,no,TIMEOUT,,,,
4375,exp_cycles_depvary_step9_batch_yyy08.pl,r7,,600.0,no,TIMEOUT,,,,
4376,exp_cycles_depvary_step9_batch_yyy08.pl,v3,,600.0,yes,TIMEOUT,,,,
4377,exp_cycles_depvary_step9_batch_yyy08.pl,w2,,600.0,yes,TIMEOUT,,,,
4378,exp_cycles_depvary_step9_batch_yyy08.pl,f1,,600.0,no,TIMEOUT,,,,
4379,exp_cycles_depvary_step9_batch_yyy08.pl,v1,,600.0,yes,TIMEOUT,,,,
4380,exp_cycles_depvary_step9_batch_yyy08.pl,p3,,600.0,yes,TIMEOUT,,,,
4381,exp_cycles_depvary_step9_batch_yyy09.pl,d5,,600.0,yes,TIMEOUT,,,,
4382,exp_cycles_depvary_step9_batch_yyy09.pl,d4,,600.0,no,TIMEOUT,,,,
4383,exp_cycles_depvary_step9_batch_yyy09.pl,c2,,600.0,yes,TIMEOUT,,,,
4384,exp_cycles_depvary_step9_batch_yyy09.pl,x2,,600.0,no,TIMEOUT,,,,
4385,exp_cycles_depvary_step9_batch_yyy09.pl,w1,,600.0,no,TIMEOUT,,,,
4386,exp_cycles_depvary_step9_batch_yyy09.pl,y5,,600.0,no,TIMEOUT,,,,
4387,exp_cycles_depvary_step9_batch_yyy09.pl,w2,,600.0,no,TIMEOUT,,,,
4388,exp_cycles_depvary_step9_batch_yyy09.pl,e5,,600.0,yes,TIMEOUT,,,,
4389,exp_cycles_depvary_step9_batch_yyy09.pl,f4,,600.0,no,TIMEOUT,,,,
4390,exp_cycles_depvary_step9_batch_yyy09.pl,z3,,600.0,yes,TIMEOUT,,,,
4391,exp_cycles_depvary_step9_batch_yyy10.pl,t5,,600.0,no,TIMEOUT,,,,
4392,exp_cycles_depvary_step9_batch_yyy10.pl,c5,,600.0,yes,TIMEOUT,,,,
4393,exp_cycles_depvary_step9_batch_yyy10.pl,q4,,600.0,no,TIMEOUT,,,,
4394,exp_cycles_depvary_step9_batch_yyy10.pl,r5,,600.0,no,TIMEOUT,,,,
4395,exp_cycles_depvary_step9_batch_yyy10.pl,v1,,600.0,yes,TIMEOUT,,,,
4396,exp_cycles_depvary_step9_batch_yyy10.pl,w4,,600.0,no,TIMEOUT,,,,
4397,exp_cycles_depvary_step9_batch_yyy10.pl,z3,,600.0,yes,TIMEOUT,,,,
4398,exp_cycles_depvary_step9_batch_yyy10.pl,y2,,600.0,yes,TIMEOUT,,,,
4399,exp_cycles_depvary_step9_batch_yyy10.pl,w5,,600.0,no,TIMEOUT,,,,
4400,exp_cycles_depvary_step9_batch_yyy10.pl,u7,,600.0,no,TIMEOUT,,,,
4401,exp_cycles_indvary1_step1_batch_yyy01.pl,c3,yes,35.27,yes,corr,None,None,None,None
4402,exp_cycles_indvary1_step1_batch_yyy01.pl,a6,no,22.15,no,corr,None,None,None,None
4403,exp_cycles_indvary1_step1_batch_yyy01.pl,u4,no,21.98,no,corr,None,None,None,None
4404,exp_cycles_indvary1_step1_batch_yyy01.pl,t6,no,22.11,no,corr,None,None,None,None
4405,exp_cycles_indvary1_step1_batch_yyy01.pl,w6,no,22.42,no,corr,None,None,None,None
4406,exp_cycles_indvary1_step1_batch_yyy01.pl,y1,no,22.12,no,corr,None,None,None,None
4407,exp_cycles_indvary1_step1_batch_yyy01.pl,t1,no,542.91,no,corr,None,None,None,None
4408,exp_cycles_indvary1_step1_batch_yyy01.pl,x4,no,21.11,no,corr,None,None,None,None
4409,exp_cycles_indvary1_step1_batch_yyy01.pl,b6,no,21.22,no,corr,None,None,None,None
4410,exp_cycles_indvary1_step1_batch_yyy01.pl,a1,yes,34.94,yes,corr,None,None,None,None
4411,exp_cycles_indvary1_step1_batch_yyy02.pl,t5,no,26.55,no,corr,None,None,None,None
4412,exp_cycles_indvary1_step1_batch_yyy02.pl,v7,no,26.65,no,corr,None,None,None,None
4413,exp_cycles_indvary1_step1_batch_yyy02.pl,x3,no,26.41,no,corr,None,None,None,None
4414,exp_cycles_indvary1_step1_batch_yyy02.pl,f3,no,25.54,no,corr,None,None,None,None
4415,exp_cycles_indvary1_step1_batch_yyy02.pl,s1,yes,26.06,yes,corr,None,None,None,None
4416,exp_cycles_indvary1_step1_batch_yyy02.pl,a3,no,25.14,no,corr,None,None,None,None
4417,exp_cycles_indvary1_step1_batch_yyy02.pl,w2,no,25.14,no,corr,None,None,None,None
4418,exp_cycles_indvary1_step1_batch_yyy02.pl,e5,no,24.92,no,corr,None,None,None,None
4419,exp_cycles_indvary1_step1_batch_yyy02.pl,x5,no,25.04,no,corr,None,None,None,None
4420,exp_cycles_indvary1_step1_batch_yyy02.pl,c1,no,24.91,no,corr,None,None,None,None
4421,exp_cycles_indvary1_step1_batch_yyy03.pl,z6,no,17.54,no,corr,None,None,None,None
4422,exp_cycles_indvary1_step1_batch_yyy03.pl,x2,no,17.22,no,corr,None,None,None,None
4423,exp_cycles_indvary1_step1_batch_yyy03.pl,a3,yes,25.85,yes,corr,None,None,None,None
4424,exp_cycles_indvary1_step1_batch_yyy03.pl,q3,no,17.68,no,corr,None,None,None,None
4425,exp_cycles_indvary1_step1_batch_yyy03.pl,a1,yes,25.2,yes,corr,None,None,None,None
4426,exp_cycles_indvary1_step1_batch_yyy03.pl,v3,no,17.54,no,corr,None,None,None,None
4427,exp_cycles_indvary1_step1_batch_yyy03.pl,u2,no,17.15,no,corr,None,None,None,None
4428,exp_cycles_indvary1_step1_batch_yyy03.pl,w3,no,17.32,no,corr,None,None,None,None
4429,exp_cycles_indvary1_step1_batch_yyy03.pl,s5,no,17.74,no,corr,None,None,None,None
4430,exp_cycles_indvary1_step1_batch_yyy03.pl,t3,no,17.46,no,corr,None,None,None,None
4431,exp_cycles_indvary1_step1_batch_yyy04.pl,x3,no,17.39,no,corr,None,None,None,None
4432,exp_cycles_indvary1_step1_batch_yyy04.pl,u4,no,17.48,no,corr,None,None,None,None
4433,exp_cycles_indvary1_step1_batch_yyy04.pl,u7,no,17.56,no,corr,None,None,None,None
4434,exp_cycles_indvary1_step1_batch_yyy04.pl,q5,no,17.59,no,corr,None,None,None,None
4435,exp_cycles_indvary1_step1_batch_yyy04.pl,a4,no,17.69,no,corr,None,None,None,None
4436,exp_cycles_indvary1_step1_batch_yyy04.pl,s1,yes,17.43,yes,corr,None,None,None,None
4437,exp_cycles_indvary1_step1_batch_yyy04.pl,s7,no,17.69,no,corr,None,None,None,None
4438,exp_cycles_indvary1_step1_batch_yyy04.pl,y6,no,17.48,no,corr,None,None,None,None
4439,exp_cycles_indvary1_step1_batch_yyy04.pl,u2,no,17.15,no,corr,None,None,None,None
4440,exp_cycles_indvary1_step1_batch_yyy04.pl,q1,no,25.04,no,corr,None,None,None,None
4441,exp_cycles_indvary1_step1_batch_yyy05.pl,d3,no,17.28,no,corr,None,None,None,None
4442,exp_cycles_indvary1_step1_batch_yyy05.pl,s2,no,17.42,no,corr,None,None,None,None
4443,exp_cycles_indvary1_step1_batch_yyy05.pl,x7,no,17.47,no,corr,None,None,None,None
4444,exp_cycles_indvary1_step1_batch_yyy05.pl,x2,no,17.65,no,corr,None,None,None,None
4445,exp_cycles_indvary1_step1_batch_yyy05.pl,v1,no,17.49,no,corr,None,None,None,None
4446,exp_cycles_indvary1_step1_batch_yyy05.pl,v4,no,17.72,no,corr,None,None,None,None
4447,exp_cycles_indvary1_step1_batch_yyy05.pl,d2,yes,18.37,yes,corr,None,None,None,None
4448,exp_cycles_indvary1_step1_batch_yyy05.pl,x6,no,17.47,no,corr,None,None,None,None
4449,exp_cycles_indvary1_step1_batch_yyy05.pl,b6,no,17.36,no,corr,None,None,None,None
4450,exp_cycles_indvary1_step1_batch_yyy05.pl,v3,no,17.47,no,corr,None,None,None,None
4451,exp_cycles_indvary1_step1_batch_yyy06.pl,d3,no,21.51,no,corr,None,None,None,None
4452,exp_cycles_indvary1_step1_batch_yyy06.pl,x2,no,21.3,no,corr,None,None,None,None
4453,exp_cycles_indvary1_step1_batch_yyy06.pl,p2,no,21.59,no,corr,None,None,None,None
4454,exp_cycles_indvary1_step1_batch_yyy06.pl,b6,no,21.42,no,corr,None,None,None,None
4455,exp_cycles_indvary1_step1_batch_yyy06.pl,q1,yes,22.73,yes,corr,None,None,None,None
4456,exp_cycles_indvary1_step1_batch_yyy06.pl,c5,no,21.81,no,corr,None,None,None,None
4457,exp_cycles_indvary1_step1_batch_yyy06.pl,a5,no,21.88,no,corr,None,None,None,None
4458,exp_cycles_indvary1_step1_batch_yyy06.pl,b1,yes,22.56,yes,corr,None,None,None,None
4459,exp_cycles_indvary1_step1_batch_yyy06.pl,x5,no,21.75,no,corr,None,None,None,None
4460,exp_cycles_indvary1_step1_batch_yyy06.pl,c6,no,21.67,no,corr,None,None,None,None
4461,exp_cycles_indvary1_step1_batch_yyy07.pl,f4,no,25.12,no,corr,None,None,None,None
4462,exp_cycles_indvary1_step1_batch_yyy07.pl,b6,no,25.55,no,corr,None,None,None,None
4463,exp_cycles_indvary1_step1_batch_yyy07.pl,w7,no,25.1,no,corr,None,None,None,None
4464,exp_cycles_indvary1_step1_batch_yyy07.pl,v7,no,25.34,no,corr,None,None,None,None
4465,exp_cycles_indvary1_step1_batch_yyy07.pl,v2,no,25.35,no,corr,None,None,None,None
4466,exp_cycles_indvary1_step1_batch_yyy07.pl,q6,no,25.19,no,corr,None,None,None,None
4467,exp_cycles_indvary1_step1_batch_yyy07.pl,w2,no,25.08,no,corr,None,None,None,None
4468,exp_cycles_indvary1_step1_batch_yyy07.pl,u1,no,25.39,no,corr,None,None,None,None
4469,exp_cycles_indvary1_step1_batch_yyy07.pl,t7,no,25.32,no,corr,None,None,None,None
4470,exp_cycles_indvary1_step1_batch_yyy07.pl,z2,no,25.27,no,corr,None,None,None,None
4471,exp_cycles_indvary1_step1_batch_yyy08.pl,a6,no,18.05,no,corr,None,None,None,None
4472,exp_cycles_indvary1_step1_batch_yyy08.pl,d3,no,18.1,no,corr,None,None,None,None
4473,exp_cycles_indvary1_step1_batch_yyy08.pl,v5,no,18.46,no,corr,None,None,None,None
4474,exp_cycles_indvary1_step1_batch_yyy08.pl,c5,no,18.07,no,corr,None,None,None,None
4475,exp_cycles_indvary1_step1_batch_yyy08.pl,a4,no,17.82,no,corr,None,None,None,None
4476,exp_cycles_indvary1_step1_batch_yyy08.pl,q7,no,17.86,no,corr,None,None,None,None
4477,exp_cycles_indvary1_step1_batch_yyy08.pl,x5,no,17.87,no,corr,None,None,None,None
4478,exp_cycles_indvary1_step1_batch_yyy08.pl,c6,no,17.88,no,corr,None,None,None,None
4479,exp_cycles_indvary1_step1_batch_yyy08.pl,y1,no,17.85,no,corr,None,None,None,None
4480,exp_cycles_indvary1_step1_batch_yyy08.pl,d2,yes,28.56,yes,corr,None,None,None,None
4481,exp_cycles_indvary1_step1_batch_yyy09.pl,c4,no,25.24,no,corr,None,None,None,None
4482,exp_cycles_indvary1_step1_batch_yyy09.pl,w7,no,24.97,no,corr,None,None,None,None
4483,exp_cycles_indvary1_step1_batch_yyy09.pl,c5,no,25.38,no,corr,None,None,None,None
4484,exp_cycles_indvary1_step1_batch_yyy09.pl,a4,no,25.01,no,corr,None,None,None,None
4485,exp_cycles_indvary1_step1_batch_yyy09.pl,r1,yes,26.26,yes,corr,None,None,None,None
4486,exp_cycles_indvary1_step1_batch_yyy09.pl,x1,no,25.19,no,corr,None,None,None,None
4487,exp_cycles_indvary1_step1_batch_yyy09.pl,x4,no,25.06,no,corr,None,None,None,None
4488,exp_cycles_indvary1_step1_batch_yyy09.pl,q2,no,25.07,no,corr,None,None,None,None
4489,exp_cycles_indvary1_step1_batch_yyy09.pl,w5,no,25.23,no,corr,None,None,None,None
4490,exp_cycles_indvary1_step1_batch_yyy09.pl,u7,no,25.54,no,corr,None,None,None,None
4491,exp_cycles_indvary1_step1_batch_yyy10.pl,s4,no,18.48,no,corr,None,None,None,None
4492,exp_cycles_indvary1_step1_batch_yyy10.pl,v2,no,18.6,no,corr,None,None,None,None
4493,exp_cycles_indvary1_step1_batch_yyy10.pl,d4,no,18.89,no,corr,None,None,None,None
4494,exp_cycles_indvary1_step1_batch_yyy10.pl,r6,no,18.62,no,corr,None,None,None,None
4495,exp_cycles_indvary1_step1_batch_yyy10.pl,w5,no,18.24,no,corr,None,None,None,None
4496,exp_cycles_indvary1_step1_batch_yyy10.pl,p3,no,18.31,no,corr,None,None,None,None
4497,exp_cycles_indvary1_step1_batch_yyy10.pl,r4,no,18.23,no,corr,None,None,None,None
4498,exp_cycles_indvary1_step1_batch_yyy10.pl,r1,yes,19.11,yes,corr,None,None,None,None
4499,exp_cycles_indvary1_step1_batch_yyy10.pl,r3,no,18.75,no,corr,None,None,None,None
4500,exp_cycles_indvary1_step1_batch_yyy10.pl,u2,no,18.65,no,corr,None,None,None,None
4501,exp_cycles_indvary1_step2_batch_yyy01.pl,w1,yes,48.61,yes,corr,None,None,None,None
4502,exp_cycles_indvary1_step2_batch_yyy01.pl,x5,no,48.56,no,corr,None,None,None,None
4503,exp_cycles_indvary1_step2_batch_yyy01.pl,r4,no,48.34,no,corr,None,None,None,None
4504,exp_cycles_indvary1_step2_batch_yyy01.pl,y6,no,48.36,no,corr,None,None,None,None
4505,exp_cycles_indvary1_step2_batch_yyy01.pl,q2,no,100.35,no,corr,None,None,None,None
4506,exp_cycles_indvary1_step2_batch_yyy01.pl,y3,no,48.27,no,corr,None,None,None,None
4507,exp_cycles_indvary1_step2_batch_yyy01.pl,r5,no,48.7,no,corr,None,None,None,None
4508,exp_cycles_indvary1_step2_batch_yyy01.pl,d1,,600.0,no,TIMEOUT,,,,
4509,exp_cycles_indvary1_step2_batch_yyy01.pl,u2,no,51.32,no,corr,None,None,None,None
4510,exp_cycles_indvary1_step2_batch_yyy01.pl,t1,yes,75.7,yes,corr,None,None,None,None
4511,exp_cycles_indvary1_step2_batch_yyy02.pl,d4,no,87.97,no,corr,None,None,None,None
4512,exp_cycles_indvary1_step2_batch_yyy02.pl,x2,no,86.85,no,corr,None,None,None,None
4513,exp_cycles_indvary1_step2_batch_yyy02.pl,t7,no,87.06,no,corr,None,None,None,None
4514,exp_cycles_indvary1_step2_batch_yyy02.pl,d2,no,113.64,no,corr,None,None,None,None
4515,exp_cycles_indvary1_step2_batch_yyy02.pl,z3,no,87.6,no,corr,None,None,None,None
4516,exp_cycles_indvary1_step2_batch_yyy02.pl,q7,no,87.23,no,corr,None,None,None,None
4517,exp_cycles_indvary1_step2_batch_yyy02.pl,a6,no,86.8,no,corr,None,None,None,None
4518,exp_cycles_indvary1_step2_batch_yyy02.pl,s4,no,87.72,no,corr,None,None,None,None
4519,exp_cycles_indvary1_step2_batch_yyy02.pl,r6,no,86.88,no,corr,None,None,None,None
4520,exp_cycles_indvary1_step2_batch_yyy02.pl,e5,no,87.61,no,corr,None,None,None,None
4521,exp_cycles_indvary1_step2_batch_yyy03.pl,c4,no,82.79,no,corr,None,None,None,None
4522,exp_cycles_indvary1_step2_batch_yyy03.pl,v2,no,83.08,no,corr,None,None,None,None
4523,exp_cycles_indvary1_step2_batch_yyy03.pl,d3,no,83.33,no,corr,None,None,None,None
4524,exp_cycles_indvary1_step2_batch_yyy03.pl,w5,no,83.0,no,corr,None,None,None,None
4525,exp_cycles_indvary1_step2_batch_yyy03.pl,s5,no,83.67,no,corr,None,None,None,None
4526,exp_cycles_indvary1_step2_batch_yyy03.pl,b1,yes,83.9,yes,corr,None,None,None,None
4527,exp_cycles_indvary1_step2_batch_yyy03.pl,x7,no,84.71,no,corr,None,None,None,None
4528,exp_cycles_indvary1_step2_batch_yyy03.pl,e4,no,80.24,no,corr,None,None,None,None
4529,exp_cycles_indvary1_step2_batch_yyy03.pl,c6,no,80.97,no,corr,None,None,None,None
4530,exp_cycles_indvary1_step2_batch_yyy03.pl,f2,yes,86.36,yes,corr,None,None,None,None
4531,exp_cycles_indvary1_step2_batch_yyy04.pl,u5,no,88.62,no,corr,None,None,None,None
4532,exp_cycles_indvary1_step2_batch_yyy04.pl,d4,no,89.75,no,corr,None,None,None,None
4533,exp_cycles_indvary1_step2_batch_yyy04.pl,z1,yes,93.54,yes,corr,None,None,None,None
4534,exp_cycles_indvary1_step2_batch_yyy04.pl,x6,no,89.31,no,corr,None,None,None,None
4535,exp_cycles_indvary1_step2_batch_yyy04.pl,a1,no,87.72,no,corr,None,None,None,None
4536,exp_cycles_indvary1_step2_batch_yyy04.pl,p6,no,89.03,no,corr,None,None,None,None
4537,exp_cycles_indvary1_step2_batch_yyy04.pl,t4,no,87.73,no,corr,None,None,None,None
4538,exp_cycles_indvary1_step2_batch_yyy04.pl,t5,no,88.73,no,corr,None,None,None,None
4539,exp_cycles_indvary1_step2_batch_yyy04.pl,a6,no,88.45,no,corr,None,None,None,None
4540,exp_cycles_indvary1_step2_batch_yyy04.pl,v7,no,89.05,no,corr,None,None,None,None
4541,exp_cycles_indvary1_step2_batch_yyy05.pl,u6,no,84.22,no,corr,None,None,None,None
4542,exp_cycles_indvary1_step2_batch_yyy05.pl,v7,no,83.36,no,corr,None,None,None,None
4543,exp_cycles_indvary1_step2_batch_yyy05.pl,q5,no,85.14,no,corr,None,None,None,None
4544,exp_cycles_indvary1_step2_batch_yyy05.pl,b1,no,82.72,no,corr,None,None,None,None
4545,exp_cycles_indvary1_step2_batch_yyy05.pl,c6,no,83.69,no,corr,None,None,None,None
4546,exp_cycles_indvary1_step2_batch_yyy05.pl,r4,no,83.37,no,corr,None,None,None,None
4547,exp_cycles_indvary1_step2_batch_yyy05.pl,u2,no,83.59,no,corr,None,None,None,None
4548,exp_cycles_indvary1_step2_batch_yyy05.pl,p1,yes,89.13,yes,corr,None,None,None,None
4549,exp_cycles_indvary1_step2_batch_yyy05.pl,v2,no,83.42,no,corr,None,None,None,None
4550,exp_cycles_indvary1_step2_batch_yyy05.pl,e1,no,83.7,no,corr,None,None,None,None
4551,exp_cycles_indvary1_step2_batch_yyy06.pl,w7,no,69.0,no,corr,None,None,None,None
4552,exp_cycles_indvary1_step2_batch_yyy06.pl,e1,no,140.84,no,corr,None,None,None,None
4553,exp_cycles_indvary1_step2_batch_yyy06.pl,v5,no,69.08,no,corr,None,None,None,None
4554,exp_cycles_indvary1_step2_batch_yyy06.pl,t6,no,69.88,no,corr,None,None,None,None
4555,exp_cycles_indvary1_step2_batch_yyy06.pl,f5,no,70.06,no,corr,None,None,None,None
4556,exp_cycles_indvary1_step2_batch_yyy06.pl,u3,no,69.56,no,corr,None,None,None,None
4557,exp_cycles_indvary1_step2_batch_yyy06.pl,d1,no,83.47,no,corr,None,None,None,None
4558,exp_cycles_indvary1_step2_batch_yyy06.pl,x4,no,69.11,no,corr,None,None,None,None
4559,exp_cycles_indvary1_step2_batch_yyy06.pl,u1,yes,74.71,yes,corr,None,None,None,None
4560,exp_cycles_indvary1_step2_batch_yyy06.pl,e5,no,69.78,no,corr,None,None,None,None
4561,exp_cycles_indvary1_step2_batch_yyy07.pl,u6,no,79.4,no,corr,None,None,None,None
4562,exp_cycles_indvary1_step2_batch_yyy07.pl,w7,no,81.81,no,corr,None,None,None,None
4563,exp_cycles_indvary1_step2_batch_yyy07.pl,s5,no,79.42,no,corr,None,None,None,None
4564,exp_cycles_indvary1_step2_batch_yyy07.pl,s6,no,79.63,no,corr,None,None,None,None
4565,exp_cycles_indvary1_step2_batch_yyy07.pl,z3,no,79.89,no,corr,None,None,None,None
4566,exp_cycles_indvary1_step2_batch_yyy07.pl,q3,no,79.68,no,corr,None,None,None,None
4567,exp_cycles_indvary1_step2_batch_yyy07.pl,a4,no,80.55,no,corr,None,None,None,None
4568,exp_cycles_indvary1_step2_batch_yyy07.pl,w6,no,78.79,no,corr,None,None,None,None
4569,exp_cycles_indvary1_step2_batch_yyy07.pl,v1,yes,84.95,yes,corr,None,None,None,None
4570,exp_cycles_indvary1_step2_batch_yyy07.pl,p3,no,79.93,no,corr,None,None,None,None
4571,exp_cycles_indvary1_step2_batch_yyy08.pl,p4,no,63.0,no,corr,None,None,None,None
4572,exp_cycles_indvary1_step2_batch_yyy08.pl,v5,no,63.04,no,corr,None,None,None,None
4573,exp_cycles_indvary1_step2_batch_yyy08.pl,r5,no,62.82,no,corr,None,None,None,None
4574,exp_cycles_indvary1_step2_batch_yyy08.pl,t2,no,62.88,no,corr,None,None,None,None
4575,exp_cycles_indvary1_step2_batch_yyy08.pl,v4,no,63.04,no,corr,None,None,None,None
4576,exp_cycles_indvary1_step2_batch_yyy08.pl,v3,no,63.11,no,corr,None,None,None,None
4577,exp_cycles_indvary1_step2_batch_yyy08.pl,e2,yes,66.64,yes,corr,None,None,None,None
4578,exp_cycles_indvary1_step2_batch_yyy08.pl,q2,yes,67.98,yes,corr,None,None,None,None
4579,exp_cycles_indvary1_step2_batch_yyy08.pl,s5,no,64.27,no,corr,None,None,None,None
4580,exp_cycles_indvary1_step2_batch_yyy08.pl,t3,no,62.26,no,corr,None,None,None,None
4581,exp_cycles_indvary1_step2_batch_yyy09.pl,z6,no,93.85,no,corr,None,None,None,None
4582,exp_cycles_indvary1_step2_batch_yyy09.pl,u4,no,92.23,no,corr,None,None,None,None
4583,exp_cycles_indvary1_step2_batch_yyy09.pl,c5,no,92.22,no,corr,None,None,None,None
4584,exp_cycles_indvary1_step2_batch_yyy09.pl,x7,no,91.97,no,corr,None,None,None,None
4585,exp_cycles_indvary1_step2_batch_yyy09.pl,e4,no,92.57,no,corr,None,None,None,None
4586,exp_cycles_indvary1_step2_batch_yyy09.pl,t7,no,93.36,no,corr,None,None,None,None
4587,exp_cycles_indvary1_step2_batch_yyy09.pl,p1,no,460.45,no,corr,None,None,None,None
4588,exp_cycles_indvary1_step2_batch_yyy09.pl,a2,no,272.32,no,corr,None,None,None,None
4589,exp_cycles_indvary1_step2_batch_yyy09.pl,u3,no,92.84,no,corr,None,None,None,None
4590,exp_cycles_indvary1_step2_batch_yyy09.pl,e3,no,93.11,no,corr,None,None,None,None
4591,exp_cycles_indvary1_step2_batch_yyy10.pl,d5,no,83.08,no,corr,None,None,None,None
4592,exp_cycles_indvary1_step2_batch_yyy10.pl,b3,no,93.68,no,corr,None,None,None,None
4593,exp_cycles_indvary1_step2_batch_yyy10.pl,r6,no,84.54,no,corr,None,None,None,None
4594,exp_cycles_indvary1_step2_batch_yyy10.pl,w5,no,82.19,no,corr,None,None,None,None
4595,exp_cycles_indvary1_step2_batch_yyy10.pl,s5,no,82.77,no,corr,None,None,None,None
4596,exp_cycles_indvary1_step2_batch_yyy10.pl,a4,no,82.79,no,corr,None,None,None,None
4597,exp_cycles_indvary1_step2_batch_yyy10.pl,x1,yes,87.37,yes,corr,None,None,None,None
4598,exp_cycles_indvary1_step2_batch_yyy10.pl,q1,yes,94.27,yes,corr,None,None,None,None
4599,exp_cycles_indvary1_step2_batch_yyy10.pl,t2,no,82.5,no,corr,None,None,None,None
4600,exp_cycles_indvary1_step2_batch_yyy10.pl,c6,no,82.88,no,corr,None,None,None,None
4601,exp_cycles_indvary1_step3_batch_yyy01.pl,d4,no,129.46,no,corr,None,None,None,None
4602,exp_cycles_indvary1_step3_batch_yyy01.pl,c5,no,129.89,no,corr,None,None,None,None
4603,exp_cycles_indvary1_step3_batch_yyy01.pl,x2,no,129.16,no,corr,None,None,None,None
4604,exp_cycles_indvary1_step3_batch_yyy01.pl,r4,no,131.55,no,corr,None,None,None,None
4605,exp_cycles_indvary1_step3_batch_yyy01.pl,r1,no,129.26,no,corr,None,None,None,None
4606,exp_cycles_indvary1_step3_batch_yyy01.pl,x6,no,130.38,no,corr,None,None,None,None
4607,exp_cycles_indvary1_step3_batch_yyy01.pl,r2,yes,139.7,yes,corr,None,None,None,None
4608,exp_cycles_indvary1_step3_batch_yyy01.pl,q7,no,129.73,no,corr,None,None,None,None
4609,exp_cycles_indvary1_step3_batch_yyy01.pl,e2,no,162.3,no,corr,None,None,None,None
4610,exp_cycles_indvary1_step3_batch_yyy01.pl,r3,no,129.88,no,corr,None,None,None,None
4611,exp_cycles_indvary1_step3_batch_yyy02.pl,v7,no,106.79,no,corr,None,None,None,None
4612,exp_cycles_indvary1_step3_batch_yyy02.pl,p5,no,108.28,no,corr,None,None,None,None
4613,exp_cycles_indvary1_step3_batch_yyy02.pl,u4,no,106.72,no,corr,None,None,None,None
4614,exp_cycles_indvary1_step3_batch_yyy02.pl,r5,no,108.45,no,corr,None,None,None,None
4615,exp_cycles_indvary1_step3_batch_yyy02.pl,p3,no,111.81,no,corr,None,None,None,None
4616,exp_cycles_indvary1_step3_batch_yyy02.pl,r4,no,107.78,no,corr,None,None,None,None
4617,exp_cycles_indvary1_step3_batch_yyy02.pl,y2,no,106.45,no,corr,None,None,None,None
4618,exp_cycles_indvary1_step3_batch_yyy02.pl,f2,no,145.16,no,corr,None,None,None,None
4619,exp_cycles_indvary1_step3_batch_yyy02.pl,t2,no,100.48,no,corr,None,None,None,None
4620,exp_cycles_indvary1_step3_batch_yyy02.pl,s6,no,106.51,no,corr,None,None,None,None
4621,exp_cycles_indvary1_step3_batch_yyy03.pl,s3,no,144.73,no,corr,None,None,None,None
4622,exp_cycles_indvary1_step3_batch_yyy03.pl,d4,no,145.12,no,corr,None,None,None,None
4623,exp_cycles_indvary1_step3_batch_yyy03.pl,r6,no,144.51,no,corr,None,None,None,None
4624,exp_cycles_indvary1_step3_batch_yyy03.pl,b1,no,171.6,no,corr,None,None,None,None
4625,exp_cycles_indvary1_step3_batch_yyy03.pl,t7,no,145.67,no,corr,None,None,None,None
4626,exp_cycles_indvary1_step3_batch_yyy03.pl,u3,no,144.91,no,corr,None,None,None,None
4627,exp_cycles_indvary1_step3_batch_yyy03.pl,a1,yes,138.89,yes,corr,None,None,None,None
4628,exp_cycles_indvary1_step3_batch_yyy03.pl,t1,yes,150.83,yes,corr,None,None,None,None
4629,exp_cycles_indvary1_step3_batch_yyy03.pl,y6,no,147.09,no,corr,None,None,None,None
4630,exp_cycles_indvary1_step3_batch_yyy03.pl,w3,no,145.99,no,corr,None,None,None,None
4631,exp_cycles_indvary1_step3_batch_yyy04.pl,u5,no,124.73,no,corr,None,None,None,None
4632,exp_cycles_indvary1_step3_batch_yyy04.pl,y4,no,123.54,no,corr,None,None,None,None
4633,exp_cycles_indvary1_step3_batch_yyy04.pl,s5,no,123.71,no,corr,None,None,None,None
4634,exp_cycles_indvary1_step3_batch_yyy04.pl,s2,no,125.28,no,corr,None,None,None,None
4635,exp_cycles_indvary1_step3_batch_yyy04.pl,e4,no,122.03,no,corr,None,None,None,None
4636,exp_cycles_indvary1_step3_batch_yyy04.pl,u3,no,124.76,no,corr,None,None,None,None
4637,exp_cycles_indvary1_step3_batch_yyy04.pl,y1,,600.0,no,TIMEOUT,,,,
4638,exp_cycles_indvary1_step3_batch_yyy04.pl,f4,no,128.02,no,corr,None,None,None,None
4639,exp_cycles_indvary1_step3_batch_yyy04.pl,y2,yes,139.47,yes,corr,None,None,None,None
4640,exp_cycles_indvary1_step3_batch_yyy04.pl,a1,yes,132.85,yes,corr,None,None,None,None
4641,exp_cycles_indvary1_step3_batch_yyy05.pl,u6,no,114.52,no,corr,None,None,None,None
4642,exp_cycles_indvary1_step3_batch_yyy05.pl,t5,no,113.94,no,corr,None,None,None,None
4643,exp_cycles_indvary1_step3_batch_yyy05.pl,b3,yes,123.56,yes,corr,None,None,None,None
4644,exp_cycles_indvary1_step3_batch_yyy05.pl,p5,no,114.29,no,corr,None,None,None,None
4645,exp_cycles_indvary1_step3_batch_yyy05.pl,v5,no,115.11,no,corr,None,None,None,None
4646,exp_cycles_indvary1_step3_batch_yyy05.pl,s5,no,116.16,no,corr,None,None,None,None
4647,exp_cycles_indvary1_step3_batch_yyy05.pl,s2,no,169.6,no,corr,None,None,None,None
4648,exp_cycles_indvary1_step3_batch_yyy05.pl,e3,no,110.64,no,corr,None,None,None,None
4649,exp_cycles_indvary1_step3_batch_yyy05.pl,p6,no,111.81,no,corr,None,None,None,None
4650,exp_cycles_indvary1_step3_batch_yyy05.pl,f2,no,231.68,no,corr,None,None,None,None
4651,exp_cycles_indvary1_step3_batch_yyy06.pl,d5,no,129.99,no,corr,None,None,None,None
4652,exp_cycles_indvary1_step3_batch_yyy06.pl,v2,yes,139.29,yes,corr,None,None,None,None
4653,exp_cycles_indvary1_step3_batch_yyy06.pl,x3,no,130.81,no,corr,None,None,None,None
4654,exp_cycles_indvary1_step3_batch_yyy06.pl,d3,no,130.23,no,corr,None,None,None,None
4655,exp_cycles_indvary1_step3_batch_yyy06.pl,b4,no,130.13,no,corr,None,None,None,None
4656,exp_cycles_indvary1_step3_batch_yyy06.pl,a5,no,131.02,no,corr,None,None,None,None
4657,exp_cycles_indvary1_step3_batch_yyy06.pl,x2,yes,152.7,yes,corr,None,None,None,None
4658,exp_cycles_indvary1_step3_batch_yyy06.pl,z4,no,130.29,no,corr,None,None,None,None
4659,exp_cycles_indvary1_step3_batch_yyy06.pl,v1,yes,258.14,yes,corr,None,None,None,None
4660,exp_cycles_indvary1_step3_batch_yyy06.pl,d2,yes,145.79,yes,corr,None,None,None,None
4661,exp_cycles_indvary1_step3_batch_yyy07.pl,d4,no,118.2,no,corr,None,None,None,None
4662,exp_cycles_indvary1_step3_batch_yyy07.pl,u1,yes,133.78,yes,corr,None,None,None,None
4663,exp_cycles_indvary1_step3_batch_yyy07.pl,d3,no,117.4,no,corr,None,None,None,None
4664,exp_cycles_indvary1_step3_batch_yyy07.pl,f5,no,117.87,no,corr,None,None,None,None
4665,exp_cycles_indvary1_step3_batch_yyy07.pl,e4,no,117.43,no,corr,None,None,None,None
4666,exp_cycles_indvary1_step3_batch_yyy07.pl,s6,no,117.61,no,corr,None,None,None,None
4667,exp_cycles_indvary1_step3_batch_yyy07.pl,r1,no,117.52,no,corr,None,None,None,None
4668,exp_cycles_indvary1_step3_batch_yyy07.pl,y2,yes,125.78,yes,corr,None,None,None,None
4669,exp_cycles_indvary1_step3_batch_yyy07.pl,s4,no,118.16,no,corr,None,None,None,None
4670,exp_cycles_indvary1_step3_batch_yyy07.pl,v7,no,117.31,no,corr,None,None,None,None
4671,exp_cycles_indvary1_step3_batch_yyy08.pl,t4,no,132.77,no,corr,None,None,None,None
4672,exp_cycles_indvary1_step3_batch_yyy08.pl,y4,no,132.55,no,corr,None,None,None,None
4673,exp_cycles_indvary1_step3_batch_yyy08.pl,w2,yes,140.98,yes,corr,None,None,None,None
4674,exp_cycles_indvary1_step3_batch_yyy08.pl,t6,no,132.92,no,corr,None,None,None,None
4675,exp_cycles_indvary1_step3_batch_yyy08.pl,e4,no,129.23,no,corr,None,None,None,None
4676,exp_cycles_indvary1_step3_batch_yyy08.pl,v1,no,217.7,no,corr,None,None,None,None
4677,exp_cycles_indvary1_step3_batch_yyy08.pl,u3,no,124.81,no,corr,None,None,None,None
4678,exp_cycles_indvary1_step3_batch_yyy08.pl,r7,no,124.41,no,corr,None,None,None,None
4679,exp_cycles_indvary1_step3_batch_yyy08.pl,t2,yes,140.31,yes,corr,None,None,None,None
4680,exp_cycles_indvary1_step3_batch_yyy08.pl,b5,no,124.5,no,corr,None,None,None,None
4681,exp_cycles_indvary1_step3_batch_yyy09.pl,z6,no,122.17,no,corr,None,None,None,None
4682,exp_cycles_indvary1_step3_batch_yyy09.pl,y4,no,121.57,no,corr,None,None,None,None
4683,exp_cycles_indvary1_step3_batch_yyy09.pl,d4,no,121.22,no,corr,None,None,None,None
4684,exp_cycles_indvary1_step3_batch_yyy09.pl,c2,no,121.46,no,corr,None,None,None,None
4685,exp_cycles_indvary1_step3_batch_yyy09.pl,z2,no,121.3,no,corr,None,None,None,None
4686,exp_cycles_indvary1_step3_batch_yyy09.pl,r1,yes,130.98,yes,corr,None,None,None,None
4687,exp_cycles_indvary1_step3_batch_yyy09.pl,r2,yes,122.51,yes,corr,None,None,None,None
4688,exp_cycles_indvary1_step3_batch_yyy09.pl,p6,no,121.67,no,corr,None,None,None,None
4689,exp_cycles_indvary1_step3_batch_yyy09.pl,y2,yes,138.92,yes,corr,None,None,None,None
4690,exp_cycles_indvary1_step3_batch_yyy09.pl,x6,no,121.35,no,corr,None,None,None,None
4691,exp_cycles_indvary1_step3_batch_yyy10.pl,t5,no,106.19,no,corr,None,None,None,None
4692,exp_cycles_indvary1_step3_batch_yyy10.pl,v7,no,107.23,no,corr,None,None,None,None
4693,exp_cycles_indvary1_step3_batch_yyy10.pl,z5,no,106.52,no,corr,None,None,None,None
4694,exp_cycles_indvary1_step3_batch_yyy10.pl,u4,no,106.9,no,corr,None,None,None,None
4695,exp_cycles_indvary1_step3_batch_yyy10.pl,v1,no,106.7,no,corr,None,None,None,None
4696,exp_cycles_indvary1_step3_batch_yyy10.pl,z2,yes,112.93,yes,corr,None,None,None,None
4697,exp_cycles_indvary1_step3_batch_yyy10.pl,r3,no,113.42,no,corr,None,None,None,None
4698,exp_cycles_indvary1_step3_batch_yyy10.pl,z1,yes,114.06,yes,corr,None,None,None,None
4699,exp_cycles_indvary1_step3_batch_yyy10.pl,c5,no,107.21,no,corr,None,None,None,None
4700,exp_cycles_indvary1_step3_batch_yyy10.pl,b1,yes,107.13,yes,corr,None,None,None,None
4701,exp_cycles_indvary1_step4_batch_yyy01.pl,v7,no,112.64,no,corr,None,None,None,None
4702,exp_cycles_indvary1_step4_batch_yyy01.pl,z5,no,112.52,no,corr,None,None,None,None
4703,exp_cycles_indvary1_step4_batch_yyy01.pl,x3,no,113.35,no,corr,None,None,None,None
4704,exp_cycles_indvary1_step4_batch_yyy01.pl,y3,yes,122.43,yes,corr,None,None,None,None
4705,exp_cycles_indvary1_step4_batch_yyy01.pl,p3,no,112.71,no,corr,None,None,None,None
4706,exp_cycles_indvary1_step4_batch_yyy01.pl,u3,no,113.66,no,corr,None,None,None,None
4707,exp_cycles_indvary1_step4_batch_yyy01.pl,y2,yes,121.78,yes,corr,None,None,None,None
4708,exp_cycles_indvary1_step4_batch_yyy01.pl,r3,yes,122.65,yes,corr,None,None,None,None
4709,exp_cycles_indvary1_step4_batch_yyy01.pl,s3,no,112.58,no,corr,None,None,None,None
4710,exp_cycles_indvary1_step4_batch_yyy01.pl,c4,no,112.77,no,corr,None,None,None,None
4711,exp_cycles_indvary1_step4_batch_yyy02.pl,p4,no,103.98,no,corr,None,None,None,None
4712,exp_cycles_indvary1_step4_batch_yyy02.pl,u1,yes,111.33,yes,corr,None,None,None,None
4713,exp_cycles_indvary1_step4_batch_yyy02.pl,q5,no,104.73,no,corr,None,None,None,None
4714,exp_cycles_indvary1_step4_batch_yyy02.pl,z1,no,104.7,no,corr,None,None,None,None
4715,exp_cycles_indvary1_step4_batch_yyy02.pl,p2,no,101.3,no,corr,None,None,None,None
4716,exp_cycles_indvary1_step4_batch_yyy02.pl,u2,yes,111.59,yes,corr,None,None,None,None
4717,exp_cycles_indvary1_step4_batch_yyy02.pl,y4,no,103.89,no,corr,None,None,None,None
4718,exp_cycles_indvary1_step4_batch_yyy02.pl,v7,no,104.83,no,corr,None,None,None,None
4719,exp_cycles_indvary1_step4_batch_yyy02.pl,c1,no,104.24,no,corr,None,None,None,None
4720,exp_cycles_indvary1_step4_batch_yyy02.pl,z2,no,104.82,no,corr,None,None,None,None
4721,exp_cycles_indvary1_step4_batch_yyy03.pl,s3,no,65.89,no,corr,None,None,None,None
4722,exp_cycles_indvary1_step4_batch_yyy03.pl,b3,no,66.11,no,corr,None,None,None,None
4723,exp_cycles_indvary1_step4_batch_yyy03.pl,q5,no,65.75,no,corr,None,None,None,None
4724,exp_cycles_indvary1_step4_batch_yyy03.pl,f3,no,65.95,no,corr,None,None,None,None
4725,exp_cycles_indvary1_step4_batch_yyy03.pl,x5,no,66.58,no,corr,None,None,None,None
4726,exp_cycles_indvary1_step4_batch_yyy03.pl,v4,no,66.36,no,corr,None,None,None,None
4727,exp_cycles_indvary1_step4_batch_yyy03.pl,q1,no,66.0,no,corr,None,None,None,None
4728,exp_cycles_indvary1_step4_batch_yyy03.pl,w3,no,70.35,no,corr,None,None,None,None
4729,exp_cycles_indvary1_step4_batch_yyy03.pl,w2,no,65.48,no,corr,None,None,None,None
