id,instance,goal,result,duration,correct_result,verdict,steps_obtained,constraints_no,constraints_max,constraints_min
1,exp_acyclic_depvary_step10_batch_yyy01.pl,w2,yes,0.18,yes,corr,1,None,None,None
2,exp_acyclic_depvary_step10_batch_yyy01.pl,w5,yes,0.15,yes,corr,1,None,None,None
3,exp_acyclic_depvary_step10_batch_yyy01.pl,q4,no,0.16,no,corr,3,None,None,None
4,exp_acyclic_depvary_step10_batch_yyy01.pl,x5,yes,0.16,yes,corr,2,None,None,None
5,exp_acyclic_depvary_step10_batch_yyy01.pl,z3,no,0.19,yes,inc,3,None,None,None
6,exp_acyclic_depvary_step10_batch_yyy01.pl,u2,yes,0.13,yes,corr,1,None,None,None
7,exp_acyclic_depvary_step10_batch_yyy01.pl,t4,yes,0.13,yes,corr,1,None,None,None
8,exp_acyclic_depvary_step10_batch_yyy01.pl,c4,no,0.16,no,corr,2,None,None,None
9,exp_acyclic_depvary_step10_batch_yyy01.pl,u3,no,0.15,no,corr,3,None,None,None
10,exp_acyclic_depvary_step10_batch_yyy01.pl,v4,no,0.17,yes,inc,3,None,None,None
11,exp_acyclic_depvary_step10_batch_yyy02.pl,p5,no,0.17,no,corr,3,None,None,None
12,exp_acyclic_depvary_step10_batch_yyy02.pl,c5,no,0.24,no,corr,8,None,None,None
13,exp_acyclic_depvary_step10_batch_yyy02.pl,q4,no,0.17,no,corr,4,None,None,None
14,exp_acyclic_depvary_step10_batch_yyy02.pl,a4,no,0.19,yes,inc,5,None,None,None
15,exp_acyclic_depvary_step10_batch_yyy02.pl,r5,yes,0.12,yes,corr,1,None,None,None
16,exp_acyclic_depvary_step10_batch_yyy02.pl,w4,yes,0.12,yes,corr,1,None,None,None
17,exp_acyclic_depvary_step10_batch_yyy02.pl,b6,no,0.23,yes,inc,6,None,None,None
18,exp_acyclic_depvary_step10_batch_yyy02.pl,p1,yes,0.15,yes,corr,1,None,None,None
19,exp_acyclic_depvary_step10_batch_yyy02.pl,u3,no,0.17,no,corr,4,None,None,None
20,exp_acyclic_depvary_step10_batch_yyy02.pl,e3,no,0.22,no,corr,5,None,None,None
21,exp_acyclic_depvary_step10_batch_yyy03.pl,s3,no,0.23,no,corr,1,None,None,None
22,exp_acyclic_depvary_step10_batch_yyy03.pl,y4,no,0.17,no,corr,2,None,None,None
23,exp_acyclic_depvary_step10_batch_yyy03.pl,x2,yes,0.15,yes,corr,1,None,None,None
24,exp_acyclic_depvary_step10_batch_yyy03.pl,e4,no,0.12,no,corr,1,None,None,None
25,exp_acyclic_depvary_step10_batch_yyy03.pl,f3,no,0.12,yes,inc,1,None,None,None
26,exp_acyclic_depvary_step10_batch_yyy03.pl,u3,yes,0.17,yes,corr,1,None,None,None
27,exp_acyclic_depvary_step10_batch_yyy03.pl,f4,no,0.17,no,corr,1,None,None,None
28,exp_acyclic_depvary_step10_batch_yyy03.pl,w3,yes,0.17,yes,corr,1,None,None,None
29,exp_acyclic_depvary_step10_batch_yyy03.pl,v1,no,0.19,no,corr,2,None,None,None
30,exp_acyclic_depvary_step10_batch_yyy03.pl,p3,no,0.23,no,corr,2,None,None,None
31,exp_acyclic_depvary_step10_batch_yyy04.pl,t4,no,0.19,no,corr,2,None,None,None
32,exp_acyclic_depvary_step10_batch_yyy04.pl,s5,no,0.25,yes,inc,3,None,None,None
33,exp_acyclic_depvary_step10_batch_yyy04.pl,q4,no,0.3,yes,inc,3,None,None,None
34,exp_acyclic_depvary_step10_batch_yyy04.pl,e4,no,0.23,yes,inc,2,None,None,None
35,exp_acyclic_depvary_step10_batch_yyy04.pl,w1,yes,0.2,yes,corr,1,None,None,None
36,exp_acyclic_depvary_step10_batch_yyy04.pl,y1,no,0.23,no,corr,3,None,None,None
37,exp_acyclic_depvary_step10_batch_yyy04.pl,p2,no,0.23,no,corr,3,None,None,None
38,exp_acyclic_depvary_step10_batch_yyy04.pl,r2,no,0.21,no,corr,3,None,None,None
39,exp_acyclic_depvary_step10_batch_yyy04.pl,a4,no,0.24,yes,inc,2,None,None,None
40,exp_acyclic_depvary_step10_batch_yyy04.pl,x2,yes,0.19,yes,corr,1,None,None,None
41,exp_acyclic_depvary_step10_batch_yyy05.pl,c3,no,0.27,no,corr,4,None,None,None
42,exp_acyclic_depvary_step10_batch_yyy05.pl,e1,no,0.27,no,corr,4,None,None,None
43,exp_acyclic_depvary_step10_batch_yyy05.pl,f5,no,0.26,yes,inc,4,None,None,None
44,exp_acyclic_depvary_step10_batch_yyy05.pl,y3,yes,0.21,yes,corr,2,None,None,None
45,exp_acyclic_depvary_step10_batch_yyy05.pl,r4,no,0.35,yes,inc,5,None,None,None
46,exp_acyclic_depvary_step10_batch_yyy05.pl,p1,no,0.23,no,corr,5,None,None,None
47,exp_acyclic_depvary_step10_batch_yyy05.pl,c2,no,0.23,no,corr,4,None,None,None
48,exp_acyclic_depvary_step10_batch_yyy05.pl,b1,no,0.22,yes,inc,4,None,None,None
49,exp_acyclic_depvary_step10_batch_yyy05.pl,u2,no,0.26,no,corr,5,None,None,None
50,exp_acyclic_depvary_step10_batch_yyy05.pl,t1,yes,0.16,yes,corr,2,None,None,None
51,exp_acyclic_depvary_step10_batch_yyy06.pl,y4,no,0.15,no,corr,2,None,None,None
52,exp_acyclic_depvary_step10_batch_yyy06.pl,t3,yes,0.14,yes,corr,1,None,None,None
53,exp_acyclic_depvary_step10_batch_yyy06.pl,a5,no,0.15,no,corr,2,None,None,None
54,exp_acyclic_depvary_step10_batch_yyy06.pl,q4,no,0.18,no,corr,3,None,None,None
55,exp_acyclic_depvary_step10_batch_yyy06.pl,f5,no,0.27,yes,inc,7,None,None,None
56,exp_acyclic_depvary_step10_batch_yyy06.pl,z4,yes,0.15,yes,corr,1,None,None,None
57,exp_acyclic_depvary_step10_batch_yyy06.pl,c1,no,0.18,yes,inc,2,None,None,None
58,exp_acyclic_depvary_step10_batch_yyy06.pl,r4,no,0.14,no,corr,3,None,None,None
59,exp_acyclic_depvary_step10_batch_yyy06.pl,y1,no,0.14,no,corr,3,None,None,None
60,exp_acyclic_depvary_step10_batch_yyy06.pl,p1,yes,0.22,yes,corr,2,None,None,None
61,exp_acyclic_depvary_step10_batch_yyy07.pl,d4,no,0.21,no,corr,2,None,None,None
62,exp_acyclic_depvary_step10_batch_yyy07.pl,u4,no,0.19,no,corr,2,None,None,None
63,exp_acyclic_depvary_step10_batch_yyy07.pl,b4,no,0.23,no,corr,5,None,None,None
64,exp_acyclic_depvary_step10_batch_yyy07.pl,z4,no,0.18,no,corr,3,None,None,None
65,exp_acyclic_depvary_step10_batch_yyy07.pl,y1,no,0.18,no,corr,3,None,None,None
66,exp_acyclic_depvary_step10_batch_yyy07.pl,r2,no,0.19,yes,inc,3,None,None,None
67,exp_acyclic_depvary_step10_batch_yyy07.pl,u2,yes,0.15,yes,corr,1,None,None,None
68,exp_acyclic_depvary_step10_batch_yyy07.pl,a6,no,0.92,yes,inc,11,None,None,None
69,exp_acyclic_depvary_step10_batch_yyy07.pl,b3,no,0.17,yes,inc,2,None,None,None
70,exp_acyclic_depvary_step10_batch_yyy07.pl,y4,no,0.18,no,corr,3,None,None,None
71,exp_acyclic_depvary_step10_batch_yyy08.pl,c3,no,0.31,yes,inc,7,None,None,None
72,exp_acyclic_depvary_step10_batch_yyy08.pl,e1,no,0.2,yes,inc,2,None,None,None
73,exp_acyclic_depvary_step10_batch_yyy08.pl,v5,no,0.21,yes,inc,3,None,None,None
74,exp_acyclic_depvary_step10_batch_yyy08.pl,a5,no,0.2,yes,inc,3,None,None,None
75,exp_acyclic_depvary_step10_batch_yyy08.pl,a4,no,0.17,no,corr,2,None,None,None
76,exp_acyclic_depvary_step10_batch_yyy08.pl,z2,no,0.21,no,corr,3,None,None,None
77,exp_acyclic_depvary_step10_batch_yyy08.pl,q3,yes,0.16,yes,corr,1,None,None,None
78,exp_acyclic_depvary_step10_batch_yyy08.pl,t1,no,0.2,no,corr,3,None,None,None
79,exp_acyclic_depvary_step10_batch_yyy08.pl,z4,no,0.19,yes,inc,3,None,None,None
80,exp_acyclic_depvary_step10_batch_yyy08.pl,r5,no,0.14,no,corr,2,None,None,None
81,exp_acyclic_depvary_step10_batch_yyy09.pl,b2,no,0.19,no,corr,2,None,None,None
82,exp_acyclic_depvary_step10_batch_yyy09.pl,y4,no,0.17,no,corr,2,None,None,None
83,exp_acyclic_depvary_step10_batch_yyy09.pl,t3,yes,0.15,yes,corr,1,None,None,None
84,exp_acyclic_depvary_step10_batch_yyy09.pl,z1,yes,0.18,yes,corr,2,None,None,None
85,exp_acyclic_depvary_step10_batch_yyy09.pl,f5,no,0.17,yes,inc,2,None,None,None
86,exp_acyclic_depvary_step10_batch_yyy09.pl,z4,no,0.17,no,corr,3,None,None,None
87,exp_acyclic_depvary_step10_batch_yyy09.pl,e3,no,0.17,no,corr,3,None,None,None
88,exp_acyclic_depvary_step10_batch_yyy09.pl,y1,no,0.17,no,corr,2,None,None,None
89,exp_acyclic_depvary_step10_batch_yyy09.pl,a3,no,0.17,no,corr,2,None,None,None
90,exp_acyclic_depvary_step10_batch_yyy09.pl,q2,no,0.18,no,corr,3,None,None,None
91,exp_acyclic_depvary_step10_batch_yyy10.pl,d5,no,0.45,yes,inc,10,None,None,None
92,exp_acyclic_depvary_step10_batch_yyy10.pl,a6,no,0.17,yes,inc,2,None,None,None
93,exp_acyclic_depvary_step10_batch_yyy10.pl,v2,no,0.13,no,corr,2,None,None,None
94,exp_acyclic_depvary_step10_batch_yyy10.pl,x3,yes,0.13,yes,corr,1,None,None,None
95,exp_acyclic_depvary_step10_batch_yyy10.pl,x2,no,0.19,no,corr,2,None,None,None
96,exp_acyclic_depvary_step10_batch_yyy10.pl,y3,no,0.16,no,corr,2,None,None,None
97,exp_acyclic_depvary_step10_batch_yyy10.pl,b5,no,0.14,no,corr,2,None,None,None
98,exp_acyclic_depvary_step10_batch_yyy10.pl,e3,no,8.55,yes,inc,12,None,None,None
99,exp_acyclic_depvary_step10_batch_yyy10.pl,x1,no,0.19,yes,inc,3,None,None,None
100,exp_acyclic_depvary_step10_batch_yyy10.pl,r3,no,0.24,no,corr,3,None,None,None
101,exp_acyclic_depvary_step1_batch_yyy01.pl,u5,no,0.14,no,corr,2,None,None,None
102,exp_acyclic_depvary_step1_batch_yyy01.pl,s4,no,0.21,no,corr,2,None,None,None
103,exp_acyclic_depvary_step1_batch_yyy01.pl,d3,no,0.16,no,corr,2,None,None,None
104,exp_acyclic_depvary_step1_batch_yyy01.pl,q5,no,0.15,no,corr,2,None,None,None
105,exp_acyclic_depvary_step1_batch_yyy01.pl,z4,no,0.15,no,corr,2,None,None,None
106,exp_acyclic_depvary_step1_batch_yyy01.pl,s1,yes,0.16,yes,corr,1,None,None,None
107,exp_acyclic_depvary_step1_batch_yyy01.pl,z3,no,0.13,no,corr,2,None,None,None
108,exp_acyclic_depvary_step1_batch_yyy01.pl,u2,no,0.14,no,corr,2,None,None,None
109,exp_acyclic_depvary_step1_batch_yyy01.pl,c5,no,0.19,no,corr,2,None,None,None
110,exp_acyclic_depvary_step1_batch_yyy01.pl,b1,no,0.15,no,corr,2,None,None,None
111,exp_acyclic_depvary_step1_batch_yyy02.pl,y4,no,0.14,no,corr,1,None,None,None
112,exp_acyclic_depvary_step1_batch_yyy02.pl,z5,no,0.16,no,corr,1,None,None,None
113,exp_acyclic_depvary_step1_batch_yyy02.pl,x3,no,0.18,no,corr,1,None,None,None
114,exp_acyclic_depvary_step1_batch_yyy02.pl,q4,no,0.2,no,corr,1,None,None,None
115,exp_acyclic_depvary_step1_batch_yyy02.pl,x2,no,0.22,no,corr,1,None,None,None
116,exp_acyclic_depvary_step1_batch_yyy02.pl,c6,no,0.18,no,corr,1,None,None,None
117,exp_acyclic_depvary_step1_batch_yyy02.pl,d2,no,0.24,no,corr,1,None,None,None
118,exp_acyclic_depvary_step1_batch_yyy02.pl,y2,no,0.25,no,corr,1,None,None,None
119,exp_acyclic_depvary_step1_batch_yyy02.pl,e2,no,0.21,no,corr,1,None,None,None
120,exp_acyclic_depvary_step1_batch_yyy02.pl,q2,no,0.29,no,corr,1,None,None,None
121,exp_acyclic_depvary_step1_batch_yyy03.pl,u4,no,0.29,no,corr,2,None,None,None
122,exp_acyclic_depvary_step1_batch_yyy03.pl,b1,no,0.27,no,corr,2,None,None,None
123,exp_acyclic_depvary_step1_batch_yyy03.pl,x2,no,0.24,no,corr,2,None,None,None
124,exp_acyclic_depvary_step1_batch_yyy03.pl,r5,no,0.23,no,corr,2,None,None,None
125,exp_acyclic_depvary_step1_batch_yyy03.pl,x4,no,0.16,no,corr,2,None,None,None
126,exp_acyclic_depvary_step1_batch_yyy03.pl,q2,no,0.16,no,corr,2,None,None,None
127,exp_acyclic_depvary_step1_batch_yyy03.pl,c6,no,0.17,no,corr,2,None,None,None
128,exp_acyclic_depvary_step1_batch_yyy03.pl,z2,no,0.18,no,corr,2,None,None,None
129,exp_acyclic_depvary_step1_batch_yyy03.pl,v4,no,0.19,no,corr,2,None,None,None
130,exp_acyclic_depvary_step1_batch_yyy03.pl,e3,no,0.22,no,corr,2,None,None,None
131,exp_acyclic_depvary_step1_batch_yyy04.pl,u4,no,0.21,no,corr,1,None,None,None
132,exp_acyclic_depvary_step1_batch_yyy04.pl,p3,no,0.19,no,corr,1,None,None,None
133,exp_acyclic_depvary_step1_batch_yyy04.pl,v4,no,0.21,no,corr,1,None,None,None
134,exp_acyclic_depvary_step1_batch_yyy04.pl,r1,no,0.2,yes,inc,2,None,None,None
135,exp_acyclic_depvary_step1_batch_yyy04.pl,a3,no,0.2,no,corr,1,None,None,None
136,exp_acyclic_depvary_step1_batch_yyy04.pl,p1,yes,0.22,yes,corr,1,None,None,None
137,exp_acyclic_depvary_step1_batch_yyy04.pl,p5,no,0.21,no,corr,1,None,None,None
138,exp_acyclic_depvary_step1_batch_yyy04.pl,x3,no,0.17,no,corr,1,None,None,None
139,exp_acyclic_depvary_step1_batch_yyy04.pl,r2,no,0.19,no,corr,1,None,None,None
140,exp_acyclic_depvary_step1_batch_yyy04.pl,b6,no,0.16,no,corr,1,None,None,None
141,exp_acyclic_depvary_step1_batch_yyy05.pl,v2,no,0.19,no,corr,2,None,None,None
142,exp_acyclic_depvary_step1_batch_yyy05.pl,x3,no,0.17,no,corr,2,None,None,None
143,exp_acyclic_depvary_step1_batch_yyy05.pl,f1,no,0.2,no,corr,2,None,None,None
144,exp_acyclic_depvary_step1_batch_yyy05.pl,q5,no,0.18,no,corr,2,None,None,None
145,exp_acyclic_depvary_step1_batch_yyy05.pl,w4,no,0.17,no,corr,2,None,None,None
146,exp_acyclic_depvary_step1_batch_yyy05.pl,x5,no,0.21,no,corr,2,None,None,None
147,exp_acyclic_depvary_step1_batch_yyy05.pl,y2,no,0.18,no,corr,2,None,None,None
148,exp_acyclic_depvary_step1_batch_yyy05.pl,q2,no,0.15,no,corr,2,None,None,None
149,exp_acyclic_depvary_step1_batch_yyy05.pl,v4,no,0.18,no,corr,2,None,None,None
150,exp_acyclic_depvary_step1_batch_yyy05.pl,e3,no,0.16,no,corr,2,None,None,None
151,exp_acyclic_depvary_step1_batch_yyy06.pl,b2,no,0.2,no,corr,1,None,None,None
152,exp_acyclic_depvary_step1_batch_yyy06.pl,w5,no,0.21,no,corr,1,None,None,None
153,exp_acyclic_depvary_step1_batch_yyy06.pl,s5,no,0.23,no,corr,1,None,None,None
154,exp_acyclic_depvary_step1_batch_yyy06.pl,q4,no,0.18,no,corr,1,None,None,None
155,exp_acyclic_depvary_step1_batch_yyy06.pl,w4,no,0.15,no,corr,1,None,None,None
156,exp_acyclic_depvary_step1_batch_yyy06.pl,r4,no,0.16,no,corr,1,None,None,None
157,exp_acyclic_depvary_step1_batch_yyy06.pl,b6,no,0.16,no,corr,1,None,None,None
158,exp_acyclic_depvary_step1_batch_yyy06.pl,d1,no,0.22,yes,inc,1,None,None,None
159,exp_acyclic_depvary_step1_batch_yyy06.pl,z1,no,0.19,no,corr,1,None,None,None
160,exp_acyclic_depvary_step1_batch_yyy06.pl,b1,no,0.18,yes,inc,1,None,None,None
161,exp_acyclic_depvary_step1_batch_yyy07.pl,c4,no,0.2,no,corr,2,None,None,None
162,exp_acyclic_depvary_step1_batch_yyy07.pl,v5,no,0.24,no,corr,2,None,None,None
163,exp_acyclic_depvary_step1_batch_yyy07.pl,z4,no,0.21,no,corr,2,None,None,None
164,exp_acyclic_depvary_step1_batch_yyy07.pl,s1,yes,0.15,yes,corr,1,None,None,None
165,exp_acyclic_depvary_step1_batch_yyy07.pl,q1,yes,0.19,yes,corr,2,None,None,None
166,exp_acyclic_depvary_step1_batch_yyy07.pl,x4,no,0.23,no,corr,2,None,None,None
167,exp_acyclic_depvary_step1_batch_yyy07.pl,f1,no,0.25,no,corr,3,None,None,None
168,exp_acyclic_depvary_step1_batch_yyy07.pl,e5,no,0.19,no,corr,2,None,None,None
169,exp_acyclic_depvary_step1_batch_yyy07.pl,t2,no,0.24,no,corr,2,None,None,None
170,exp_acyclic_depvary_step1_batch_yyy07.pl,z2,no,0.23,no,corr,2,None,None,None
171,exp_acyclic_depvary_step1_batch_yyy08.pl,t5,no,0.26,no,corr,2,None,None,None
172,exp_acyclic_depvary_step1_batch_yyy08.pl,y4,no,0.26,no,corr,2,None,None,None
173,exp_acyclic_depvary_step1_batch_yyy08.pl,w2,no,0.22,no,corr,2,None,None,None
174,exp_acyclic_depvary_step1_batch_yyy08.pl,f5,no,0.2,no,corr,2,None,None,None
175,exp_acyclic_depvary_step1_batch_yyy08.pl,e3,no,0.22,no,corr,2,None,None,None
176,exp_acyclic_depvary_step1_batch_yyy08.pl,d2,no,0.19,no,corr,2,None,None,None
177,exp_acyclic_depvary_step1_batch_yyy08.pl,v3,no,0.23,no,corr,2,None,None,None
178,exp_acyclic_depvary_step1_batch_yyy08.pl,f2,no,0.23,no,corr,2,None,None,None
179,exp_acyclic_depvary_step1_batch_yyy08.pl,f4,no,0.21,no,corr,2,None,None,None
180,exp_acyclic_depvary_step1_batch_yyy08.pl,a3,no,0.2,no,corr,2,None,None,None
181,exp_acyclic_depvary_step1_batch_yyy09.pl,t4,no,0.19,no,corr,1,None,None,None
182,exp_acyclic_depvary_step1_batch_yyy09.pl,b3,no,0.18,no,corr,1,None,None,None
183,exp_acyclic_depvary_step1_batch_yyy09.pl,d3,no,0.19,no,corr,1,None,None,None
184,exp_acyclic_depvary_step1_batch_yyy09.pl,x5,no,0.16,no,corr,1,None,None,None
185,exp_acyclic_depvary_step1_batch_yyy09.pl,r1,yes,0.15,yes,corr,1,None,None,None
186,exp_acyclic_depvary_step1_batch_yyy09.pl,q3,no,0.17,no,corr,1,None,None,None
187,exp_acyclic_depvary_step1_batch_yyy09.pl,e3,no,0.19,no,corr,1,None,None,None
188,exp_acyclic_depvary_step1_batch_yyy09.pl,r4,no,0.21,no,corr,1,None,None,None
189,exp_acyclic_depvary_step1_batch_yyy09.pl,e2,no,0.22,no,corr,1,None,None,None
190,exp_acyclic_depvary_step1_batch_yyy09.pl,r3,no,0.23,no,corr,1,None,None,None
191,exp_acyclic_depvary_step1_batch_yyy10.pl,c4,no,0.28,no,corr,2,None,None,None
192,exp_acyclic_depvary_step1_batch_yyy10.pl,d4,no,0.31,no,corr,2,None,None,None
193,exp_acyclic_depvary_step1_batch_yyy10.pl,b1,no,0.29,yes,inc,3,None,None,None
194,exp_acyclic_depvary_step1_batch_yyy10.pl,a4,no,0.26,no,corr,2,None,None,None
195,exp_acyclic_depvary_step1_batch_yyy10.pl,y3,no,0.28,no,corr,2,None,None,None
196,exp_acyclic_depvary_step1_batch_yyy10.pl,e3,no,0.23,no,corr,2,None,None,None
197,exp_acyclic_depvary_step1_batch_yyy10.pl,r3,no,0.25,no,corr,2,None,None,None
198,exp_acyclic_depvary_step1_batch_yyy10.pl,f2,no,0.24,no,corr,2,None,None,None
199,exp_acyclic_depvary_step1_batch_yyy10.pl,q3,no,0.26,no,corr,2,None,None,None
200,exp_acyclic_depvary_step1_batch_yyy10.pl,y2,no,0.25,no,corr,2,None,None,None
201,exp_acyclic_depvary_step2_batch_yyy01.pl,b2,no,0.32,no,corr,3,None,None,None
202,exp_acyclic_depvary_step2_batch_yyy01.pl,e1,no,0.26,yes,inc,1,None,None,None
203,exp_acyclic_depvary_step2_batch_yyy01.pl,e5,no,0.24,no,corr,1,None,None,None
204,exp_acyclic_depvary_step2_batch_yyy01.pl,c5,no,0.24,no,corr,1,None,None,None
205,exp_acyclic_depvary_step2_batch_yyy01.pl,z4,no,0.23,no,corr,1,None,None,None
206,exp_acyclic_depvary_step2_batch_yyy01.pl,c1,no,0.21,no,corr,1,None,None,None
207,exp_acyclic_depvary_step2_batch_yyy01.pl,p1,no,0.26,no,corr,2,None,None,None
208,exp_acyclic_depvary_step2_batch_yyy01.pl,y5,no,0.21,no,corr,1,None,None,None
209,exp_acyclic_depvary_step2_batch_yyy01.pl,a6,no,0.2,no,corr,1,None,None,None
210,exp_acyclic_depvary_step2_batch_yyy01.pl,s4,no,0.22,no,corr,1,None,None,None
211,exp_acyclic_depvary_step2_batch_yyy02.pl,z5,no,0.24,no,corr,2,None,None,None
212,exp_acyclic_depvary_step2_batch_yyy02.pl,e5,no,0.22,no,corr,2,None,None,None
213,exp_acyclic_depvary_step2_batch_yyy02.pl,s5,no,0.22,no,corr,2,None,None,None
214,exp_acyclic_depvary_step2_batch_yyy02.pl,p2,yes,0.21,yes,corr,1,None,None,None
215,exp_acyclic_depvary_step2_batch_yyy02.pl,a1,no,0.18,no,corr,2,None,None,None
216,exp_acyclic_depvary_step2_batch_yyy02.pl,q2,no,0.15,no,corr,3,None,None,None
217,exp_acyclic_depvary_step2_batch_yyy02.pl,d3,no,0.15,no,corr,2,None,None,None
218,exp_acyclic_depvary_step2_batch_yyy02.pl,u4,no,0.16,no,corr,2,None,None,None
219,exp_acyclic_depvary_step2_batch_yyy02.pl,w1,no,0.15,no,corr,2,None,None,None
220,exp_acyclic_depvary_step2_batch_yyy02.pl,p3,no,0.14,no,corr,2,None,None,None
221,exp_acyclic_depvary_step2_batch_yyy03.pl,d5,no,0.14,no,corr,2,None,None,None
222,exp_acyclic_depvary_step2_batch_yyy03.pl,p5,no,0.13,no,corr,2,None,None,None
223,exp_acyclic_depvary_step2_batch_yyy03.pl,v5,no,0.14,no,corr,2,None,None,None
224,exp_acyclic_depvary_step2_batch_yyy03.pl,f5,no,0.15,no,corr,2,None,None,None
225,exp_acyclic_depvary_step2_batch_yyy03.pl,p3,no,0.14,no,corr,2,None,None,None
226,exp_acyclic_depvary_step2_batch_yyy03.pl,u3,no,0.15,no,corr,2,None,None,None
227,exp_acyclic_depvary_step2_batch_yyy03.pl,y2,no,0.14,no,corr,2,None,None,None
228,exp_acyclic_depvary_step2_batch_yyy03.pl,d1,no,0.17,yes,inc,2,None,None,None
229,exp_acyclic_depvary_step2_batch_yyy03.pl,y3,no,0.15,no,corr,2,None,None,None
230,exp_acyclic_depvary_step2_batch_yyy03.pl,r5,no,0.18,no,corr,2,None,None,None
231,exp_acyclic_depvary_step2_batch_yyy04.pl,e1,no,0.15,no,corr,4,None,None,None
232,exp_acyclic_depvary_step2_batch_yyy04.pl,f1,no,0.14,yes,inc,2,None,None,None
233,exp_acyclic_depvary_step2_batch_yyy04.pl,v5,no,0.15,no,corr,2,None,None,None
234,exp_acyclic_depvary_step2_batch_yyy04.pl,q5,no,0.15,no,corr,2,None,None,None
235,exp_acyclic_depvary_step2_batch_yyy04.pl,v1,yes,0.13,yes,corr,1,None,None,None
236,exp_acyclic_depvary_step2_batch_yyy04.pl,c6,no,0.14,no,corr,2,None,None,None
237,exp_acyclic_depvary_step2_batch_yyy04.pl,a6,no,0.15,no,corr,2,None,None,None
238,exp_acyclic_depvary_step2_batch_yyy04.pl,y4,no,0.14,no,corr,2,None,None,None
239,exp_acyclic_depvary_step2_batch_yyy04.pl,e2,no,0.15,no,corr,2,None,None,None
240,exp_acyclic_depvary_step2_batch_yyy04.pl,u2,no,0.13,no,corr,2,None,None,None
241,exp_acyclic_depvary_step2_batch_yyy05.pl,b2,no,0.15,no,corr,5,None,None,None
242,exp_acyclic_depvary_step2_batch_yyy05.pl,y4,no,0.13,no,corr,2,None,None,None
243,exp_acyclic_depvary_step2_batch_yyy05.pl,e1,no,0.17,yes,inc,2,None,None,None
244,exp_acyclic_depvary_step2_batch_yyy05.pl,f1,no,0.15,yes,inc,2,None,None,None
245,exp_acyclic_depvary_step2_batch_yyy05.pl,w5,no,0.16,no,corr,2,None,None,None
246,exp_acyclic_depvary_step2_batch_yyy05.pl,q4,no,0.19,no,corr,2,None,None,None
247,exp_acyclic_depvary_step2_batch_yyy05.pl,y3,no,0.17,no,corr,2,None,None,None
248,exp_acyclic_depvary_step2_batch_yyy05.pl,f4,no,0.18,no,corr,2,None,None,None
249,exp_acyclic_depvary_step2_batch_yyy05.pl,z1,no,0.21,yes,inc,3,None,None,None
250,exp_acyclic_depvary_step2_batch_yyy05.pl,b1,no,0.22,yes,inc,2,None,None,None
251,exp_acyclic_depvary_step2_batch_yyy06.pl,c3,no,0.2,no,corr,2,None,None,None
252,exp_acyclic_depvary_step2_batch_yyy06.pl,u1,yes,0.2,yes,corr,1,None,None,None
253,exp_acyclic_depvary_step2_batch_yyy06.pl,d3,no,0.2,no,corr,2,None,None,None
254,exp_acyclic_depvary_step2_batch_yyy06.pl,q4,no,0.2,no,corr,2,None,None,None
255,exp_acyclic_depvary_step2_batch_yyy06.pl,x2,no,0.2,no,corr,2,None,None,None
256,exp_acyclic_depvary_step2_batch_yyy06.pl,x5,no,0.2,no,corr,2,None,None,None
257,exp_acyclic_depvary_step2_batch_yyy06.pl,a1,no,0.23,yes,inc,2,None,None,None
258,exp_acyclic_depvary_step2_batch_yyy06.pl,x4,no,0.19,no,corr,2,None,None,None
259,exp_acyclic_depvary_step2_batch_yyy06.pl,p5,no,0.2,no,corr,2,None,None,None
260,exp_acyclic_depvary_step2_batch_yyy06.pl,x3,no,0.23,no,corr,2,None,None,None
261,exp_acyclic_depvary_step2_batch_yyy07.pl,d5,no,0.25,no,corr,1,None,None,None
262,exp_acyclic_depvary_step2_batch_yyy07.pl,f1,no,0.26,yes,inc,3,None,None,None
263,exp_acyclic_depvary_step2_batch_yyy07.pl,w5,no,0.21,no,corr,1,None,None,None
264,exp_acyclic_depvary_step2_batch_yyy07.pl,y3,no,0.17,no,corr,1,None,None,None
265,exp_acyclic_depvary_step2_batch_yyy07.pl,x1,yes,0.15,yes,corr,1,None,None,None
266,exp_acyclic_depvary_step2_batch_yyy07.pl,f2,no,0.14,no,corr,1,None,None,None
267,exp_acyclic_depvary_step2_batch_yyy07.pl,c5,no,0.13,no,corr,1,None,None,None
268,exp_acyclic_depvary_step2_batch_yyy07.pl,a5,no,0.13,no,corr,1,None,None,None
269,exp_acyclic_depvary_step2_batch_yyy07.pl,d1,no,0.12,no,corr,1,None,None,None
270,exp_acyclic_depvary_step2_batch_yyy07.pl,t1,no,0.14,yes,inc,2,None,None,None
271,exp_acyclic_depvary_step2_batch_yyy08.pl,s3,no,0.15,no,corr,2,None,None,None
272,exp_acyclic_depvary_step2_batch_yyy08.pl,x3,no,0.14,no,corr,2,None,None,None
273,exp_acyclic_depvary_step2_batch_yyy08.pl,s5,no,0.12,no,corr,2,None,None,None
274,exp_acyclic_depvary_step2_batch_yyy08.pl,p3,no,0.12,no,corr,2,None,None,None
275,exp_acyclic_depvary_step2_batch_yyy08.pl,d2,no,0.12,no,corr,2,None,None,None
276,exp_acyclic_depvary_step2_batch_yyy08.pl,z3,no,0.14,no,corr,2,None,None,None
277,exp_acyclic_depvary_step2_batch_yyy08.pl,y2,no,0.14,no,corr,2,None,None,None
278,exp_acyclic_depvary_step2_batch_yyy08.pl,c6,no,0.14,no,corr,2,None,None,None
279,exp_acyclic_depvary_step2_batch_yyy08.pl,z2,no,0.14,no,corr,2,None,None,None
280,exp_acyclic_depvary_step2_batch_yyy08.pl,b5,no,0.15,no,corr,2,None,None,None
281,exp_acyclic_depvary_step2_batch_yyy09.pl,u5,no,0.18,no,corr,2,None,None,None
282,exp_acyclic_depvary_step2_batch_yyy09.pl,t4,no,0.2,no,corr,2,None,None,None
283,exp_acyclic_depvary_step2_batch_yyy09.pl,b2,no,0.19,no,corr,2,None,None,None
284,exp_acyclic_depvary_step2_batch_yyy09.pl,b3,no,0.19,no,corr,2,None,None,None
285,exp_acyclic_depvary_step2_batch_yyy09.pl,p4,no,0.19,no,corr,2,None,None,None
286,exp_acyclic_depvary_step2_batch_yyy09.pl,b4,no,0.19,no,corr,2,None,None,None
287,exp_acyclic_depvary_step2_batch_yyy09.pl,z1,no,0.17,no,corr,2,None,None,None
288,exp_acyclic_depvary_step2_batch_yyy09.pl,w4,no,0.16,no,corr,2,None,None,None
289,exp_acyclic_depvary_step2_batch_yyy09.pl,d1,no,0.18,yes,inc,2,None,None,None
290,exp_acyclic_depvary_step2_batch_yyy09.pl,x4,no,0.17,no,corr,2,None,None,None
291,exp_acyclic_depvary_step2_batch_yyy10.pl,u5,no,0.18,no,corr,2,None,None,None
292,exp_acyclic_depvary_step2_batch_yyy10.pl,d4,no,0.21,no,corr,2,None,None,None
293,exp_acyclic_depvary_step2_batch_yyy10.pl,t3,no,0.19,no,corr,2,None,None,None
294,exp_acyclic_depvary_step2_batch_yyy10.pl,v4,no,0.17,no,corr,2,None,None,None
295,exp_acyclic_depvary_step2_batch_yyy10.pl,f4,no,0.14,no,corr,2,None,None,None
296,exp_acyclic_depvary_step2_batch_yyy10.pl,r2,yes,0.14,yes,corr,1,None,None,None
297,exp_acyclic_depvary_step2_batch_yyy10.pl,v2,no,0.14,no,corr,2,None,None,None
298,exp_acyclic_depvary_step2_batch_yyy10.pl,e1,no,0.14,no,corr,2,None,None,None
299,exp_acyclic_depvary_step2_batch_yyy10.pl,s1,yes,0.14,yes,corr,2,None,None,None
300,exp_acyclic_depvary_step2_batch_yyy10.pl,d2,no,0.18,no,corr,2,None,None,None
301,exp_acyclic_depvary_step3_batch_yyy01.pl,u1,yes,0.17,yes,corr,1,None,None,None
302,exp_acyclic_depvary_step3_batch_yyy01.pl,c2,no,0.17,no,corr,4,None,None,None
303,exp_acyclic_depvary_step3_batch_yyy01.pl,a4,no,0.12,no,corr,2,None,None,None
304,exp_acyclic_depvary_step3_batch_yyy01.pl,y1,no,0.13,yes,inc,3,None,None,None
305,exp_acyclic_depvary_step3_batch_yyy01.pl,q1,yes,0.11,yes,corr,2,None,None,None
306,exp_acyclic_depvary_step3_batch_yyy01.pl,a2,no,0.11,no,corr,2,None,None,None
307,exp_acyclic_depvary_step3_batch_yyy01.pl,s5,no,0.11,no,corr,2,None,None,None
308,exp_acyclic_depvary_step3_batch_yyy01.pl,b4,no,0.1,no,corr,2,None,None,None
309,exp_acyclic_depvary_step3_batch_yyy01.pl,z3,no,0.12,no,corr,2,None,None,None
310,exp_acyclic_depvary_step3_batch_yyy01.pl,a3,no,0.13,no,corr,2,None,None,None
311,exp_acyclic_depvary_step3_batch_yyy02.pl,d5,no,0.14,no,corr,1,None,None,None
312,exp_acyclic_depvary_step3_batch_yyy02.pl,z5,no,0.14,no,corr,1,None,None,None
313,exp_acyclic_depvary_step3_batch_yyy02.pl,b4,no,0.15,no,corr,1,None,None,None
314,exp_acyclic_depvary_step3_batch_yyy02.pl,c2,no,0.16,yes,inc,1,None,None,None
315,exp_acyclic_depvary_step3_batch_yyy02.pl,r5,no,0.1,no,corr,1,None,None,None
316,exp_acyclic_depvary_step3_batch_yyy02.pl,r1,yes,0.11,yes,corr,1,None,None,None
317,exp_acyclic_depvary_step3_batch_yyy02.pl,p2,yes,0.12,yes,corr,1,None,None,None
318,exp_acyclic_depvary_step3_batch_yyy02.pl,e2,no,0.12,yes,inc,1,None,None,None
319,exp_acyclic_depvary_step3_batch_yyy02.pl,d1,no,0.16,yes,inc,4,None,None,None
320,exp_acyclic_depvary_step3_batch_yyy02.pl,q1,no,0.15,no,corr,2,None,None,None
321,exp_acyclic_depvary_step3_batch_yyy03.pl,p4,no,0.12,no,corr,2,None,None,None
322,exp_acyclic_depvary_step3_batch_yyy03.pl,u4,no,0.12,no,corr,2,None,None,None
323,exp_acyclic_depvary_step3_batch_yyy03.pl,z1,no,0.13,no,corr,2,None,None,None
324,exp_acyclic_depvary_step3_batch_yyy03.pl,c6,no,0.14,no,corr,2,None,None,None
325,exp_acyclic_depvary_step3_batch_yyy03.pl,y1,no,0.1,no,corr,2,None,None,None
326,exp_acyclic_depvary_step3_batch_yyy03.pl,y2,no,0.11,no,corr,2,None,None,None
327,exp_acyclic_depvary_step3_batch_yyy03.pl,e2,no,0.11,no,corr,2,None,None,None
328,exp_acyclic_depvary_step3_batch_yyy03.pl,r3,no,0.11,no,corr,2,None,None,None
329,exp_acyclic_depvary_step3_batch_yyy03.pl,f2,no,0.12,no,corr,3,None,None,None
330,exp_acyclic_depvary_step3_batch_yyy03.pl,q2,no,0.13,no,corr,3,None,None,None
331,exp_acyclic_depvary_step3_batch_yyy04.pl,t5,no,0.13,no,corr,2,None,None,None
332,exp_acyclic_depvary_step3_batch_yyy04.pl,s4,no,0.13,no,corr,2,None,None,None
333,exp_acyclic_depvary_step3_batch_yyy04.pl,u4,no,0.12,no,corr,2,None,None,None
334,exp_acyclic_depvary_step3_batch_yyy04.pl,c5,no,0.13,no,corr,2,None,None,None
335,exp_acyclic_depvary_step3_batch_yyy04.pl,e4,no,0.14,no,corr,2,None,None,None
336,exp_acyclic_depvary_step3_batch_yyy04.pl,w1,no,0.14,no,corr,3,None,None,None
337,exp_acyclic_depvary_step3_batch_yyy04.pl,s1,yes,0.11,yes,corr,2,None,None,None
338,exp_acyclic_depvary_step3_batch_yyy04.pl,z3,no,0.11,no,corr,2,None,None,None
339,exp_acyclic_depvary_step3_batch_yyy04.pl,r3,no,0.13,no,corr,2,None,None,None
340,exp_acyclic_depvary_step3_batch_yyy04.pl,q2,yes,0.12,yes,corr,1,None,None,None
341,exp_acyclic_depvary_step3_batch_yyy05.pl,e1,no,0.09,yes,inc,1,None,None,None
342,exp_acyclic_depvary_step3_batch_yyy05.pl,f1,no,0.11,yes,inc,4,None,None,None
343,exp_acyclic_depvary_step3_batch_yyy05.pl,c5,no,0.1,no,corr,1,None,None,None
344,exp_acyclic_depvary_step3_batch_yyy05.pl,r4,no,0.09,no,corr,1,None,None,None
345,exp_acyclic_depvary_step3_batch_yyy05.pl,a3,no,0.09,no,corr,1,None,None,None
346,exp_acyclic_depvary_step3_batch_yyy05.pl,x1,yes,0.09,yes,corr,1,None,None,None
347,exp_acyclic_depvary_step3_batch_yyy05.pl,s5,no,0.1,no,corr,1,None,None,None
348,exp_acyclic_depvary_step3_batch_yyy05.pl,b4,no,0.1,no,corr,1,None,None,None
349,exp_acyclic_depvary_step3_batch_yyy05.pl,r5,no,0.1,no,corr,1,None,None,None
350,exp_acyclic_depvary_step3_batch_yyy05.pl,e4,no,0.1,no,corr,1,None,None,None
351,exp_acyclic_depvary_step3_batch_yyy06.pl,c4,no,0.1,no,corr,2,None,None,None
352,exp_acyclic_depvary_step3_batch_yyy06.pl,u4,no,0.1,no,corr,2,None,None,None
353,exp_acyclic_depvary_step3_batch_yyy06.pl,a1,no,0.1,no,corr,2,None,None,None
354,exp_acyclic_depvary_step3_batch_yyy06.pl,u2,no,0.11,no,corr,2,None,None,None
355,exp_acyclic_depvary_step3_batch_yyy06.pl,x4,no,0.1,no,corr,2,None,None,None
356,exp_acyclic_depvary_step3_batch_yyy06.pl,z5,no,0.1,no,corr,2,None,None,None
357,exp_acyclic_depvary_step3_batch_yyy06.pl,e1,no,0.1,yes,inc,2,None,None,None
358,exp_acyclic_depvary_step3_batch_yyy06.pl,x5,no,0.1,no,corr,2,None,None,None
359,exp_acyclic_depvary_step3_batch_yyy06.pl,c6,no,0.1,no,corr,2,None,None,None
360,exp_acyclic_depvary_step3_batch_yyy06.pl,b5,no,0.1,no,corr,2,None,None,None
361,exp_acyclic_depvary_step3_batch_yyy07.pl,w2,no,0.1,no,corr,2,None,None,None
362,exp_acyclic_depvary_step3_batch_yyy07.pl,q5,no,0.11,no,corr,2,None,None,None
363,exp_acyclic_depvary_step3_batch_yyy07.pl,c2,no,0.13,yes,inc,5,None,None,None
364,exp_acyclic_depvary_step3_batch_yyy07.pl,x2,yes,0.13,yes,corr,2,None,None,None
365,exp_acyclic_depvary_step3_batch_yyy07.pl,e4,no,0.1,no,corr,2,None,None,None
366,exp_acyclic_depvary_step3_batch_yyy07.pl,a1,no,0.11,yes,inc,2,None,None,None
367,exp_acyclic_depvary_step3_batch_yyy07.pl,t4,no,0.11,no,corr,2,None,None,None
368,exp_acyclic_depvary_step3_batch_yyy07.pl,s3,no,0.11,no,corr,2,None,None,None
369,exp_acyclic_depvary_step3_batch_yyy07.pl,r3,no,0.12,no,corr,2,None,None,None
370,exp_acyclic_depvary_step3_batch_yyy07.pl,q1,no,0.1,no,corr,2,None,None,None
371,exp_acyclic_depvary_step3_batch_yyy08.pl,d4,no,0.1,no,corr,1,None,None,None
372,exp_acyclic_depvary_step3_batch_yyy08.pl,w2,yes,0.1,yes,corr,1,None,None,None
373,exp_acyclic_depvary_step3_batch_yyy08.pl,a5,no,0.1,no,corr,1,None,None,None
374,exp_acyclic_depvary_step3_batch_yyy08.pl,y3,no,0.1,no,corr,1,None,None,None
375,exp_acyclic_depvary_step3_batch_yyy08.pl,c6,no,0.11,no,corr,1,None,None,None
376,exp_acyclic_depvary_step3_batch_yyy08.pl,q3,no,0.1,no,corr,1,None,None,None
377,exp_acyclic_depvary_step3_batch_yyy08.pl,u2,no,0.1,no,corr,1,None,None,None
378,exp_acyclic_depvary_step3_batch_yyy08.pl,y5,no,0.1,no,corr,1,None,None,None
379,exp_acyclic_depvary_step3_batch_yyy08.pl,f4,no,0.1,no,corr,1,None,None,None
380,exp_acyclic_depvary_step3_batch_yyy08.pl,z3,no,0.1,no,corr,1,None,None,None
381,exp_acyclic_depvary_step3_batch_yyy09.pl,b3,no,0.1,no,corr,1,None,None,None
382,exp_acyclic_depvary_step3_batch_yyy09.pl,d4,no,0.11,no,corr,1,None,None,None
383,exp_acyclic_depvary_step3_batch_yyy09.pl,w5,no,0.1,no,corr,1,None,None,None
384,exp_acyclic_depvary_step3_batch_yyy09.pl,b1,no,0.1,no,corr,1,None,None,None
385,exp_acyclic_depvary_step3_batch_yyy09.pl,a4,no,0.1,no,corr,1,None,None,None
386,exp_acyclic_depvary_step3_batch_yyy09.pl,p3,no,0.1,no,corr,1,None,None,None
387,exp_acyclic_depvary_step3_batch_yyy09.pl,e3,no,0.1,no,corr,1,None,None,None
388,exp_acyclic_depvary_step3_batch_yyy09.pl,r1,no,0.1,yes,inc,2,None,None,None
389,exp_acyclic_depvary_step3_batch_yyy09.pl,e2,no,0.11,yes,inc,5,None,None,None
390,exp_acyclic_depvary_step3_batch_yyy09.pl,d1,no,0.13,yes,inc,6,None,None,None
391,exp_acyclic_depvary_step3_batch_yyy10.pl,s3,no,0.1,no,corr,1,None,None,None
392,exp_acyclic_depvary_step3_batch_yyy10.pl,b3,no,0.1,no,corr,1,None,None,None
393,exp_acyclic_depvary_step3_batch_yyy10.pl,e1,no,0.15,yes,inc,5,None,None,None
394,exp_acyclic_depvary_step3_batch_yyy10.pl,t2,no,0.1,no,corr,2,None,None,None
395,exp_acyclic_depvary_step3_batch_yyy10.pl,e3,no,0.09,no,corr,1,None,None,None
396,exp_acyclic_depvary_step3_batch_yyy10.pl,u5,no,0.09,no,corr,1,None,None,None
397,exp_acyclic_depvary_step3_batch_yyy10.pl,d5,no,0.13,no,corr,1,None,None,None
398,exp_acyclic_depvary_step3_batch_yyy10.pl,e2,no,0.19,no,corr,6,None,None,None
399,exp_acyclic_depvary_step3_batch_yyy10.pl,r3,no,0.16,no,corr,1,None,None,None
400,exp_acyclic_depvary_step3_batch_yyy10.pl,d1,no,0.16,no,corr,1,None,None,None
401,exp_acyclic_depvary_step4_batch_yyy01.pl,b3,no,0.16,yes,inc,2,None,None,None
402,exp_acyclic_depvary_step4_batch_yyy01.pl,u1,no,0.12,no,corr,3,None,None,None
403,exp_acyclic_depvary_step4_batch_yyy01.pl,d3,no,0.17,no,corr,2,None,None,None
404,exp_acyclic_depvary_step4_batch_yyy01.pl,q5,no,0.14,no,corr,2,None,None,None
405,exp_acyclic_depvary_step4_batch_yyy01.pl,c2,no,0.17,yes,inc,2,None,None,None
406,exp_acyclic_depvary_step4_batch_yyy01.pl,f5,no,0.14,no,corr,2,None,None,None
407,exp_acyclic_depvary_step4_batch_yyy01.pl,w1,no,0.14,no,corr,2,None,None,None
408,exp_acyclic_depvary_step4_batch_yyy01.pl,s1,yes,0.14,yes,corr,1,None,None,None
409,exp_acyclic_depvary_step4_batch_yyy01.pl,x1,no,0.14,no,corr,3,None,None,None
410,exp_acyclic_depvary_step4_batch_yyy01.pl,f2,no,0.15,yes,inc,3,None,None,None
411,exp_acyclic_depvary_step4_batch_yyy02.pl,u1,yes,0.13,yes,corr,1,None,None,None
412,exp_acyclic_depvary_step4_batch_yyy02.pl,y3,no,0.12,no,corr,2,None,None,None
413,exp_acyclic_depvary_step4_batch_yyy02.pl,d2,no,0.17,yes,inc,3,None,None,None
414,exp_acyclic_depvary_step4_batch_yyy02.pl,y5,no,0.13,no,corr,2,None,None,None
415,exp_acyclic_depvary_step4_batch_yyy02.pl,w3,no,0.13,no,corr,2,None,None,None
416,exp_acyclic_depvary_step4_batch_yyy02.pl,b3,no,0.15,yes,inc,2,None,None,None
417,exp_acyclic_depvary_step4_batch_yyy02.pl,y4,no,0.12,no,corr,2,None,None,None
418,exp_acyclic_depvary_step4_batch_yyy02.pl,e2,no,0.16,yes,inc,2,None,None,None
419,exp_acyclic_depvary_step4_batch_yyy02.pl,t1,no,0.17,no,corr,2,None,None,None
420,exp_acyclic_depvary_step4_batch_yyy02.pl,q1,no,0.12,yes,inc,3,None,None,None
421,exp_acyclic_depvary_step4_batch_yyy03.pl,b2,no,0.13,yes,inc,4,None,None,None
422,exp_acyclic_depvary_step4_batch_yyy03.pl,p5,no,0.1,no,corr,2,None,None,None
423,exp_acyclic_depvary_step4_batch_yyy03.pl,d3,no,0.1,no,corr,2,None,None,None
424,exp_acyclic_depvary_step4_batch_yyy03.pl,t3,no,0.13,no,corr,2,None,None,None
425,exp_acyclic_depvary_step4_batch_yyy03.pl,u3,no,0.12,no,corr,2,None,None,None
426,exp_acyclic_depvary_step4_batch_yyy03.pl,s1,no,0.15,no,corr,2,None,None,None
427,exp_acyclic_depvary_step4_batch_yyy03.pl,q3,yes,0.15,yes,corr,2,None,None,None
428,exp_acyclic_depvary_step4_batch_yyy03.pl,b6,no,0.15,no,corr,2,None,None,None
429,exp_acyclic_depvary_step4_batch_yyy03.pl,c3,no,0.15,no,corr,3,None,None,None
430,exp_acyclic_depvary_step4_batch_yyy03.pl,t4,no,0.13,no,corr,2,None,None,None
431,exp_acyclic_depvary_step4_batch_yyy04.pl,u5,no,0.19,no,corr,1,None,None,None
432,exp_acyclic_depvary_step4_batch_yyy04.pl,b2,no,0.18,yes,inc,1,None,None,None
433,exp_acyclic_depvary_step4_batch_yyy04.pl,d4,no,0.15,no,corr,1,None,None,None
434,exp_acyclic_depvary_step4_batch_yyy04.pl,b4,no,0.12,no,corr,1,None,None,None
435,exp_acyclic_depvary_step4_batch_yyy04.pl,p3,no,0.12,no,corr,2,None,None,None
436,exp_acyclic_depvary_step4_batch_yyy04.pl,y1,no,0.11,no,corr,2,None,None,None
437,exp_acyclic_depvary_step4_batch_yyy04.pl,b6,no,0.1,no,corr,1,None,None,None
438,exp_acyclic_depvary_step4_batch_yyy04.pl,q1,no,0.12,no,corr,2,None,None,None
439,exp_acyclic_depvary_step4_batch_yyy04.pl,x2,yes,0.11,yes,corr,1,None,None,None
440,exp_acyclic_depvary_step4_batch_yyy04.pl,f5,no,0.1,no,corr,1,None,None,None
441,exp_acyclic_depvary_step4_batch_yyy05.pl,t4,no,0.12,no,corr,1,None,None,None
442,exp_acyclic_depvary_step4_batch_yyy05.pl,p5,no,0.12,no,corr,1,None,None,None
443,exp_acyclic_depvary_step4_batch_yyy05.pl,t3,no,0.12,no,corr,1,None,None,None
444,exp_acyclic_depvary_step4_batch_yyy05.pl,y1,no,0.14,no,corr,2,None,None,None
445,exp_acyclic_depvary_step4_batch_yyy05.pl,a3,no,0.13,no,corr,2,None,None,None
446,exp_acyclic_depvary_step4_batch_yyy05.pl,x4,no,0.13,no,corr,1,None,None,None
447,exp_acyclic_depvary_step4_batch_yyy05.pl,v5,no,0.13,no,corr,1,None,None,None
448,exp_acyclic_depvary_step4_batch_yyy05.pl,w5,no,0.14,no,corr,1,None,None,None
449,exp_acyclic_depvary_step4_batch_yyy05.pl,c6,no,0.13,no,corr,1,None,None,None
450,exp_acyclic_depvary_step4_batch_yyy05.pl,z2,yes,0.11,yes,corr,1,None,None,None
451,exp_acyclic_depvary_step4_batch_yyy06.pl,b3,no,0.14,no,corr,2,None,None,None
452,exp_acyclic_depvary_step4_batch_yyy06.pl,z5,no,0.14,no,corr,2,None,None,None
453,exp_acyclic_depvary_step4_batch_yyy06.pl,c2,no,0.11,yes,inc,2,None,None,None
454,exp_acyclic_depvary_step4_batch_yyy06.pl,x2,no,0.14,no,corr,3,None,None,None
455,exp_acyclic_depvary_step4_batch_yyy06.pl,z4,no,0.13,no,corr,2,None,None,None
456,exp_acyclic_depvary_step4_batch_yyy06.pl,v4,no,0.12,no,corr,2,None,None,None
457,exp_acyclic_depvary_step4_batch_yyy06.pl,r3,no,0.16,no,corr,3,None,None,None
458,exp_acyclic_depvary_step4_batch_yyy06.pl,u2,no,0.11,no,corr,2,None,None,None
459,exp_acyclic_depvary_step4_batch_yyy06.pl,a2,no,0.13,yes,inc,4,None,None,None
460,exp_acyclic_depvary_step4_batch_yyy06.pl,w3,no,0.11,no,corr,2,None,None,None
461,exp_acyclic_depvary_step4_batch_yyy07.pl,u5,no,0.1,no,corr,2,None,None,None
462,exp_acyclic_depvary_step4_batch_yyy07.pl,t5,no,0.11,no,corr,2,None,None,None
463,exp_acyclic_depvary_step4_batch_yyy07.pl,q4,no,0.14,no,corr,2,None,None,None
464,exp_acyclic_depvary_step4_batch_yyy07.pl,f3,no,0.12,no,corr,2,None,None,None
465,exp_acyclic_depvary_step4_batch_yyy07.pl,a1,no,0.14,yes,inc,2,None,None,None
466,exp_acyclic_depvary_step4_batch_yyy07.pl,x4,no,0.13,no,corr,2,None,None,None
467,exp_acyclic_depvary_step4_batch_yyy07.pl,s1,yes,0.14,yes,corr,1,None,None,None
468,exp_acyclic_depvary_step4_batch_yyy07.pl,d2,no,0.13,yes,inc,2,None,None,None
469,exp_acyclic_depvary_step4_batch_yyy07.pl,t1,no,0.12,no,corr,2,None,None,None
470,exp_acyclic_depvary_step4_batch_yyy07.pl,q1,no,0.12,no,corr,2,None,None,None
471,exp_acyclic_depvary_step4_batch_yyy08.pl,t5,no,0.12,no,corr,3,None,None,None
472,exp_acyclic_depvary_step4_batch_yyy08.pl,d4,no,0.16,no,corr,3,None,None,None
473,exp_acyclic_depvary_step4_batch_yyy08.pl,t3,no,0.15,no,corr,3,None,None,None
474,exp_acyclic_depvary_step4_batch_yyy08.pl,f3,no,0.12,no,corr,3,None,None,None
475,exp_acyclic_depvary_step4_batch_yyy08.pl,r1,no,0.14,no,corr,4,None,None,None
476,exp_acyclic_depvary_step4_batch_yyy08.pl,y2,no,0.17,yes,inc,4,None,None,None
477,exp_acyclic_depvary_step4_batch_yyy08.pl,v3,no,0.16,no,corr,3,None,None,None
478,exp_acyclic_depvary_step4_batch_yyy08.pl,y5,no,0.16,no,corr,3,None,None,None
479,exp_acyclic_depvary_step4_batch_yyy08.pl,w3,no,0.19,no,corr,3,None,None,None
480,exp_acyclic_depvary_step4_batch_yyy08.pl,f2,no,0.18,no,corr,3,None,None,None
481,exp_acyclic_depvary_step4_batch_yyy09.pl,v2,no,0.14,no,corr,2,None,None,None
482,exp_acyclic_depvary_step4_batch_yyy09.pl,d3,no,0.16,no,corr,1,None,None,None
483,exp_acyclic_depvary_step4_batch_yyy09.pl,t3,no,0.14,no,corr,1,None,None,None
484,exp_acyclic_depvary_step4_batch_yyy09.pl,z4,no,0.16,no,corr,1,None,None,None
485,exp_acyclic_depvary_step4_batch_yyy09.pl,v1,no,0.16,no,corr,2,None,None,None
486,exp_acyclic_depvary_step4_batch_yyy09.pl,c1,no,0.17,yes,inc,4,None,None,None
487,exp_acyclic_depvary_step4_batch_yyy09.pl,a6,no,0.13,no,corr,1,None,None,None
488,exp_acyclic_depvary_step4_batch_yyy09.pl,s4,no,0.13,no,corr,1,None,None,None
489,exp_acyclic_depvary_step4_batch_yyy09.pl,a4,no,0.13,no,corr,1,None,None,None
490,exp_acyclic_depvary_step4_batch_yyy09.pl,x2,no,0.12,no,corr,2,None,None,None
491,exp_acyclic_depvary_step4_batch_yyy10.pl,w5,no,0.13,no,corr,2,None,None,None
492,exp_acyclic_depvary_step4_batch_yyy10.pl,q4,no,0.16,no,corr,2,None,None,None
493,exp_acyclic_depvary_step4_batch_yyy10.pl,r5,no,0.15,no,corr,2,None,None,None
494,exp_acyclic_depvary_step4_batch_yyy10.pl,w4,no,0.17,no,corr,2,None,None,None
495,exp_acyclic_depvary_step4_batch_yyy10.pl,t2,no,0.18,no,corr,3,None,None,None
496,exp_acyclic_depvary_step4_batch_yyy10.pl,b6,no,0.16,no,corr,2,None,None,None
497,exp_acyclic_depvary_step4_batch_yyy10.pl,d1,no,0.14,yes,inc,2,None,None,None
498,exp_acyclic_depvary_step4_batch_yyy10.pl,f2,no,0.18,no,corr,4,None,None,None
499,exp_acyclic_depvary_step4_batch_yyy10.pl,u5,no,0.14,no,corr,2,None,None,None
500,exp_acyclic_depvary_step4_batch_yyy10.pl,d5,no,0.14,no,corr,2,None,None,None
501,exp_acyclic_depvary_step5_batch_yyy01.pl,d5,no,0.17,no,corr,1,None,None,None
502,exp_acyclic_depvary_step5_batch_yyy01.pl,p5,no,0.13,no,corr,1,None,None,None
503,exp_acyclic_depvary_step5_batch_yyy01.pl,a4,no,0.13,no,corr,1,None,None,None
504,exp_acyclic_depvary_step5_batch_yyy01.pl,p2,no,0.13,no,corr,2,None,None,None
505,exp_acyclic_depvary_step5_batch_yyy01.pl,v2,yes,0.14,yes,corr,1,None,None,None
506,exp_acyclic_depvary_step5_batch_yyy01.pl,e1,no,0.13,yes,inc,1,None,None,None
507,exp_acyclic_depvary_step5_batch_yyy01.pl,c5,no,0.15,no,corr,1,None,None,None
508,exp_acyclic_depvary_step5_batch_yyy01.pl,b1,no,0.18,yes,inc,5,None,None,None
509,exp_acyclic_depvary_step5_batch_yyy01.pl,d1,no,0.16,no,corr,2,None,None,None
510,exp_acyclic_depvary_step5_batch_yyy01.pl,q1,yes,0.14,yes,corr,1,None,None,None
511,exp_acyclic_depvary_step5_batch_yyy02.pl,u5,no,0.14,no,corr,2,None,None,None
512,exp_acyclic_depvary_step5_batch_yyy02.pl,t4,no,0.16,no,corr,2,None,None,None
513,exp_acyclic_depvary_step5_batch_yyy02.pl,e1,no,0.2,yes,inc,6,None,None,None
514,exp_acyclic_depvary_step5_batch_yyy02.pl,q4,no,0.16,no,corr,2,None,None,None
515,exp_acyclic_depvary_step5_batch_yyy02.pl,f5,no,0.21,no,corr,2,None,None,None
516,exp_acyclic_depvary_step5_batch_yyy02.pl,r5,no,0.15,no,corr,2,None,None,None
517,exp_acyclic_depvary_step5_batch_yyy02.pl,r1,no,0.17,no,corr,3,None,None,None
518,exp_acyclic_depvary_step5_batch_yyy02.pl,d1,no,0.12,yes,inc,2,None,None,None
519,exp_acyclic_depvary_step5_batch_yyy02.pl,p4,no,0.1,no,corr,2,None,None,None
520,exp_acyclic_depvary_step5_batch_yyy02.pl,d4,no,0.14,no,corr,2,None,None,None
521,exp_acyclic_depvary_step5_batch_yyy03.pl,s4,no,0.12,no,corr,2,None,None,None
522,exp_acyclic_depvary_step5_batch_yyy03.pl,d4,no,0.1,no,corr,2,None,None,None
523,exp_acyclic_depvary_step5_batch_yyy03.pl,s2,yes,0.1,yes,corr,1,None,None,None
524,exp_acyclic_depvary_step5_batch_yyy03.pl,w1,no,0.1,no,corr,2,None,None,None
525,exp_acyclic_depvary_step5_batch_yyy03.pl,f3,no,0.13,no,corr,7,None,None,None
526,exp_acyclic_depvary_step5_batch_yyy03.pl,t2,no,0.1,yes,inc,3,None,None,None
527,exp_acyclic_depvary_step5_batch_yyy03.pl,y1,no,0.09,no,corr,2,None,None,None
528,exp_acyclic_depvary_step5_batch_yyy03.pl,y5,no,0.09,no,corr,2,None,None,None
529,exp_acyclic_depvary_step5_batch_yyy03.pl,b6,no,0.09,no,corr,2,None,None,None
530,exp_acyclic_depvary_step5_batch_yyy03.pl,a1,no,0.09,no,corr,2,None,None,None
531,exp_acyclic_depvary_step5_batch_yyy04.pl,p5,no,0.09,no,corr,2,None,None,None
532,exp_acyclic_depvary_step5_batch_yyy04.pl,f1,no,0.09,yes,inc,2,None,None,None
533,exp_acyclic_depvary_step5_batch_yyy04.pl,v5,no,0.11,no,corr,2,None,None,None
534,exp_acyclic_depvary_step5_batch_yyy04.pl,w1,no,0.13,no,corr,3,None,None,None
535,exp_acyclic_depvary_step5_batch_yyy04.pl,v4,no,0.15,no,corr,2,None,None,None
536,exp_acyclic_depvary_step5_batch_yyy04.pl,v3,no,0.14,no,corr,3,None,None,None
537,exp_acyclic_depvary_step5_batch_yyy04.pl,s5,no,0.13,no,corr,2,None,None,None
538,exp_acyclic_depvary_step5_batch_yyy04.pl,b4,no,0.14,no,corr,2,None,None,None
539,exp_acyclic_depvary_step5_batch_yyy04.pl,r3,yes,0.15,yes,corr,2,None,None,None
540,exp_acyclic_depvary_step5_batch_yyy04.pl,t1,no,0.18,no,corr,3,None,None,None
541,exp_acyclic_depvary_step5_batch_yyy05.pl,t5,no,0.15,no,corr,2,None,None,None
542,exp_acyclic_depvary_step5_batch_yyy05.pl,y4,no,0.14,no,corr,2,None,None,None
543,exp_acyclic_depvary_step5_batch_yyy05.pl,a5,no,0.14,no,corr,2,None,None,None
544,exp_acyclic_depvary_step5_batch_yyy05.pl,y3,no,0.13,no,corr,2,None,None,None
545,exp_acyclic_depvary_step5_batch_yyy05.pl,x5,no,0.13,no,corr,2,None,None,None
546,exp_acyclic_depvary_step5_batch_yyy05.pl,r4,no,0.13,no,corr,2,None,None,None
547,exp_acyclic_depvary_step5_batch_yyy05.pl,d2,no,0.16,yes,inc,2,None,None,None
548,exp_acyclic_depvary_step5_batch_yyy05.pl,y2,yes,0.13,yes,corr,2,None,None,None
549,exp_acyclic_depvary_step5_batch_yyy05.pl,b4,no,0.15,no,corr,2,None,None,None
550,exp_acyclic_depvary_step5_batch_yyy05.pl,q5,no,0.15,no,corr,2,None,None,None
551,exp_acyclic_depvary_step5_batch_yyy06.pl,t5,no,0.15,no,corr,2,None,None,None
552,exp_acyclic_depvary_step5_batch_yyy06.pl,y4,no,0.14,no,corr,2,None,None,None
553,exp_acyclic_depvary_step5_batch_yyy06.pl,z5,no,0.14,no,corr,2,None,None,None
554,exp_acyclic_depvary_step5_batch_yyy06.pl,e3,no,0.14,yes,inc,2,None,None,None
555,exp_acyclic_depvary_step5_batch_yyy06.pl,y1,no,0.15,no,corr,2,None,None,None
556,exp_acyclic_depvary_step5_batch_yyy06.pl,q3,no,0.15,no,corr,3,None,None,None
557,exp_acyclic_depvary_step5_batch_yyy06.pl,p1,no,0.14,no,corr,3,None,None,None
558,exp_acyclic_depvary_step5_batch_yyy06.pl,a2,no,0.17,yes,inc,2,None,None,None
559,exp_acyclic_depvary_step5_batch_yyy06.pl,z4,no,0.14,no,corr,2,None,None,None
560,exp_acyclic_depvary_step5_batch_yyy06.pl,e4,no,0.14,no,corr,2,None,None,None
561,exp_acyclic_depvary_step5_batch_yyy07.pl,p5,no,0.15,no,corr,2,None,None,None
562,exp_acyclic_depvary_step5_batch_yyy07.pl,u1,no,0.15,no,corr,3,None,None,None
563,exp_acyclic_depvary_step5_batch_yyy07.pl,u4,no,0.14,no,corr,2,None,None,None
564,exp_acyclic_depvary_step5_batch_yyy07.pl,p3,no,0.16,no,corr,2,None,None,None
565,exp_acyclic_depvary_step5_batch_yyy07.pl,s1,yes,0.15,yes,corr,1,None,None,None
566,exp_acyclic_depvary_step5_batch_yyy07.pl,p2,no,0.13,no,corr,2,None,None,None
567,exp_acyclic_depvary_step5_batch_yyy07.pl,r3,no,0.15,no,corr,3,None,None,None
568,exp_acyclic_depvary_step5_batch_yyy07.pl,a2,no,0.15,no,corr,4,None,None,None
569,exp_acyclic_depvary_step5_batch_yyy07.pl,q3,no,0.14,no,corr,3,None,None,None
570,exp_acyclic_depvary_step5_batch_yyy07.pl,y2,no,0.14,no,corr,3,None,None,None
571,exp_acyclic_depvary_step5_batch_yyy08.pl,c4,no,0.18,no,corr,3,None,None,None
572,exp_acyclic_depvary_step5_batch_yyy08.pl,d4,no,0.18,no,corr,3,None,None,None
573,exp_acyclic_depvary_step5_batch_yyy08.pl,e5,no,0.16,no,corr,3,None,None,None
574,exp_acyclic_depvary_step5_batch_yyy08.pl,p3,no,0.18,no,corr,4,None,None,None
575,exp_acyclic_depvary_step5_batch_yyy08.pl,y2,no,0.18,no,corr,4,None,None,None
576,exp_acyclic_depvary_step5_batch_yyy08.pl,b6,no,0.19,no,corr,3,None,None,None
577,exp_acyclic_depvary_step5_batch_yyy08.pl,p1,yes,0.16,yes,corr,2,None,None,None
578,exp_acyclic_depvary_step5_batch_yyy08.pl,f2,no,0.19,no,corr,3,None,None,None
579,exp_acyclic_depvary_step5_batch_yyy08.pl,u3,no,0.2,no,corr,4,None,None,None
580,exp_acyclic_depvary_step5_batch_yyy08.pl,v4,no,0.15,no,corr,3,None,None,None
581,exp_acyclic_depvary_step5_batch_yyy09.pl,b3,no,0.18,no,corr,2,None,None,None
582,exp_acyclic_depvary_step5_batch_yyy09.pl,z1,yes,0.14,yes,corr,1,None,None,None
583,exp_acyclic_depvary_step5_batch_yyy09.pl,e4,no,0.15,no,corr,2,None,None,None
584,exp_acyclic_depvary_step5_batch_yyy09.pl,v1,no,0.15,no,corr,3,None,None,None
585,exp_acyclic_depvary_step5_batch_yyy09.pl,t2,no,0.14,no,corr,2,None,None,None
586,exp_acyclic_depvary_step5_batch_yyy09.pl,y1,no,0.15,no,corr,3,None,None,None
587,exp_acyclic_depvary_step5_batch_yyy09.pl,a3,no,0.15,yes,inc,2,None,None,None
588,exp_acyclic_depvary_step5_batch_yyy09.pl,e2,no,0.14,no,corr,2,None,None,None
589,exp_acyclic_depvary_step5_batch_yyy09.pl,y2,yes,0.15,yes,corr,2,None,None,None
590,exp_acyclic_depvary_step5_batch_yyy09.pl,x1,no,0.15,no,corr,2,None,None,None
591,exp_acyclic_depvary_step5_batch_yyy10.pl,e1,no,0.15,no,corr,2,None,None,None
592,exp_acyclic_depvary_step5_batch_yyy10.pl,d4,no,0.14,no,corr,2,None,None,None
593,exp_acyclic_depvary_step5_batch_yyy10.pl,w4,no,0.14,no,corr,2,None,None,None
594,exp_acyclic_depvary_step5_batch_yyy10.pl,t2,yes,0.13,yes,corr,2,None,None,None
595,exp_acyclic_depvary_step5_batch_yyy10.pl,z3,no,0.14,no,corr,2,None,None,None
596,exp_acyclic_depvary_step5_batch_yyy10.pl,x4,no,0.14,no,corr,2,None,None,None
597,exp_acyclic_depvary_step5_batch_yyy10.pl,t5,no,0.14,no,corr,2,None,None,None
598,exp_acyclic_depvary_step5_batch_yyy10.pl,s3,yes,0.15,yes,corr,2,None,None,None
599,exp_acyclic_depvary_step5_batch_yyy10.pl,v4,no,0.14,no,corr,2,None,None,None
600,exp_acyclic_depvary_step5_batch_yyy10.pl,e3,no,0.14,no,corr,2,None,None,None
601,exp_acyclic_depvary_step6_batch_yyy01.pl,d5,no,0.14,no,corr,1,None,None,None
602,exp_acyclic_depvary_step6_batch_yyy01.pl,s3,no,0.17,yes,inc,2,None,None,None
603,exp_acyclic_depvary_step6_batch_yyy01.pl,w5,no,0.12,no,corr,1,None,None,None
604,exp_acyclic_depvary_step6_batch_yyy01.pl,b4,no,0.18,no,corr,7,None,None,None
605,exp_acyclic_depvary_step6_batch_yyy01.pl,a5,no,0.12,no,corr,1,None,None,None
606,exp_acyclic_depvary_step6_batch_yyy01.pl,t2,no,0.12,no,corr,2,None,None,None
607,exp_acyclic_depvary_step6_batch_yyy01.pl,r4,no,0.14,no,corr,1,None,None,None
608,exp_acyclic_depvary_step6_batch_yyy01.pl,u2,no,0.12,no,corr,1,None,None,None
609,exp_acyclic_depvary_step6_batch_yyy01.pl,z4,no,0.11,no,corr,1,None,None,None
610,exp_acyclic_depvary_step6_batch_yyy01.pl,e4,no,0.17,no,corr,1,None,None,None
611,exp_acyclic_depvary_step6_batch_yyy02.pl,q4,no,0.15,no,corr,3,None,None,None
612,exp_acyclic_depvary_step6_batch_yyy02.pl,r5,no,0.12,no,corr,2,None,None,None
613,exp_acyclic_depvary_step6_batch_yyy02.pl,r4,no,0.12,no,corr,2,None,None,None
614,exp_acyclic_depvary_step6_batch_yyy02.pl,p2,yes,0.15,yes,corr,1,None,None,None
615,exp_acyclic_depvary_step6_batch_yyy02.pl,p5,no,0.15,no,corr,2,None,None,None
616,exp_acyclic_depvary_step6_batch_yyy02.pl,x3,yes,0.14,yes,corr,1,None,None,None
617,exp_acyclic_depvary_step6_batch_yyy02.pl,u1,no,0.12,no,corr,2,None,None,None
618,exp_acyclic_depvary_step6_batch_yyy02.pl,f1,no,0.12,yes,inc,5,None,None,None
619,exp_acyclic_depvary_step6_batch_yyy02.pl,x5,no,0.09,no,corr,2,None,None,None
620,exp_acyclic_depvary_step6_batch_yyy02.pl,z2,no,0.11,yes,inc,3,None,None,None
621,exp_acyclic_depvary_step6_batch_yyy03.pl,d5,no,0.1,no,corr,2,None,None,None
622,exp_acyclic_depvary_step6_batch_yyy03.pl,b2,no,0.1,yes,inc,2,None,None,None
623,exp_acyclic_depvary_step6_batch_yyy03.pl,e1,no,0.11,no,corr,2,None,None,None
624,exp_acyclic_depvary_step6_batch_yyy03.pl,d4,no,0.09,no,corr,2,None,None,None
625,exp_acyclic_depvary_step6_batch_yyy03.pl,u1,yes,0.09,yes,corr,1,None,None,None
626,exp_acyclic_depvary_step6_batch_yyy03.pl,s1,no,0.1,no,corr,2,None,None,None
627,exp_acyclic_depvary_step6_batch_yyy03.pl,r3,no,0.11,no,corr,2,None,None,None
628,exp_acyclic_depvary_step6_batch_yyy03.pl,f2,no,0.1,yes,inc,2,None,None,None
629,exp_acyclic_depvary_step6_batch_yyy03.pl,t4,no,0.09,no,corr,2,None,None,None
630,exp_acyclic_depvary_step6_batch_yyy03.pl,s3,yes,0.09,yes,corr,1,None,None,None
631,exp_acyclic_depvary_step6_batch_yyy04.pl,d5,no,0.1,no,corr,2,None,None,None
632,exp_acyclic_depvary_step6_batch_yyy04.pl,q5,no,0.1,no,corr,2,None,None,None
633,exp_acyclic_depvary_step6_batch_yyy04.pl,c2,no,0.12,yes,inc,5,None,None,None
634,exp_acyclic_depvary_step6_batch_yyy04.pl,w1,no,0.1,no,corr,3,None,None,None
635,exp_acyclic_depvary_step6_batch_yyy04.pl,p2,no,0.1,no,corr,3,None,None,None
636,exp_acyclic_depvary_step6_batch_yyy04.pl,q2,no,0.13,no,corr,3,None,None,None
637,exp_acyclic_depvary_step6_batch_yyy04.pl,p4,yes,0.12,yes,corr,1,None,None,None
638,exp_acyclic_depvary_step6_batch_yyy04.pl,d4,no,0.1,no,corr,2,None,None,None
639,exp_acyclic_depvary_step6_batch_yyy04.pl,r2,yes,0.12,yes,corr,2,None,None,None
640,exp_acyclic_depvary_step6_batch_yyy04.pl,a1,no,0.12,no,corr,2,None,None,None
641,exp_acyclic_depvary_step6_batch_yyy05.pl,b2,no,0.13,yes,inc,3,None,None,None
642,exp_acyclic_depvary_step6_batch_yyy05.pl,q5,no,0.12,no,corr,3,None,None,None
643,exp_acyclic_depvary_step6_batch_yyy05.pl,v1,no,0.14,yes,inc,4,None,None,None
644,exp_acyclic_depvary_step6_batch_yyy05.pl,z2,no,0.1,no,corr,3,None,None,None
645,exp_acyclic_depvary_step6_batch_yyy05.pl,d2,no,0.13,no,corr,3,None,None,None
646,exp_acyclic_depvary_step6_batch_yyy05.pl,a3,no,0.22,no,corr,6,None,None,None
647,exp_acyclic_depvary_step6_batch_yyy05.pl,u3,no,0.2,no,corr,4,None,None,None
648,exp_acyclic_depvary_step6_batch_yyy05.pl,v4,no,0.16,no,corr,3,None,None,None
649,exp_acyclic_depvary_step6_batch_yyy05.pl,d1,no,0.17,yes,inc,3,None,None,None
650,exp_acyclic_depvary_step6_batch_yyy05.pl,q1,yes,0.16,yes,corr,2,None,None,None
651,exp_acyclic_depvary_step6_batch_yyy06.pl,e5,no,0.16,no,corr,2,None,None,None
652,exp_acyclic_depvary_step6_batch_yyy06.pl,w5,no,0.17,no,corr,2,None,None,None
653,exp_acyclic_depvary_step6_batch_yyy06.pl,a5,no,0.16,no,corr,2,None,None,None
654,exp_acyclic_depvary_step6_batch_yyy06.pl,z4,no,0.15,no,corr,2,None,None,None
655,exp_acyclic_depvary_step6_batch_yyy06.pl,e3,no,0.13,yes,inc,2,None,None,None
656,exp_acyclic_depvary_step6_batch_yyy06.pl,q3,no,0.16,no,corr,3,None,None,None
657,exp_acyclic_depvary_step6_batch_yyy06.pl,p1,no,0.15,yes,inc,3,None,None,None
658,exp_acyclic_depvary_step6_batch_yyy06.pl,a2,no,0.14,yes,inc,2,None,None,None
659,exp_acyclic_depvary_step6_batch_yyy06.pl,s5,no,0.14,no,corr,2,None,None,None
660,exp_acyclic_depvary_step6_batch_yyy06.pl,q5,no,0.12,no,corr,2,None,None,None
661,exp_acyclic_depvary_step6_batch_yyy07.pl,b2,no,0.12,no,corr,3,None,None,None
662,exp_acyclic_depvary_step6_batch_yyy07.pl,z5,no,0.11,no,corr,3,None,None,None
663,exp_acyclic_depvary_step6_batch_yyy07.pl,w2,yes,0.11,yes,corr,1,None,None,None
664,exp_acyclic_depvary_step6_batch_yyy07.pl,q5,no,0.13,no,corr,3,None,None,None
665,exp_acyclic_depvary_step6_batch_yyy07.pl,c2,no,0.16,yes,inc,5,None,None,None
666,exp_acyclic_depvary_step6_batch_yyy07.pl,e4,no,0.14,no,corr,3,None,None,None
667,exp_acyclic_depvary_step6_batch_yyy07.pl,a3,no,0.12,no,corr,3,None,None,None
668,exp_acyclic_depvary_step6_batch_yyy07.pl,y2,yes,0.12,yes,corr,2,None,None,None
669,exp_acyclic_depvary_step6_batch_yyy07.pl,a2,no,0.13,yes,inc,3,None,None,None
670,exp_acyclic_depvary_step6_batch_yyy07.pl,x4,no,0.13,no,corr,3,None,None,None
671,exp_acyclic_depvary_step6_batch_yyy08.pl,r5,no,0.12,no,corr,1,None,None,None
672,exp_acyclic_depvary_step6_batch_yyy08.pl,c1,no,0.12,no,corr,1,None,None,None
673,exp_acyclic_depvary_step6_batch_yyy08.pl,e3,no,0.12,no,corr,1,None,None,None
674,exp_acyclic_depvary_step6_batch_yyy08.pl,r1,yes,0.12,yes,corr,1,None,None,None
675,exp_acyclic_depvary_step6_batch_yyy08.pl,z3,no,0.1,no,corr,1,None,None,None
676,exp_acyclic_depvary_step6_batch_yyy08.pl,p1,no,0.09,no,corr,2,None,None,None
677,exp_acyclic_depvary_step6_batch_yyy08.pl,w1,yes,0.09,yes,corr,1,None,None,None
678,exp_acyclic_depvary_step6_batch_yyy08.pl,p3,yes,0.09,yes,corr,1,None,None,None
679,exp_acyclic_depvary_step6_batch_yyy08.pl,e2,no,0.11,no,corr,3,None,None,None
680,exp_acyclic_depvary_step6_batch_yyy08.pl,u2,no,0.1,no,corr,2,None,None,None
681,exp_acyclic_depvary_step6_batch_yyy09.pl,d5,no,0.11,no,corr,2,None,None,None
682,exp_acyclic_depvary_step6_batch_yyy09.pl,t5,no,0.13,no,corr,2,None,None,None
683,exp_acyclic_depvary_step6_batch_yyy09.pl,w5,no,0.09,no,corr,2,None,None,None
684,exp_acyclic_depvary_step6_batch_yyy09.pl,c5,no,0.1,no,corr,2,None,None,None
685,exp_acyclic_depvary_step6_batch_yyy09.pl,q4,yes,0.09,yes,corr,2,None,None,None
686,exp_acyclic_depvary_step6_batch_yyy09.pl,f3,no,0.12,yes,inc,4,None,None,None
687,exp_acyclic_depvary_step6_batch_yyy09.pl,v4,no,0.11,no,corr,2,None,None,None
688,exp_acyclic_depvary_step6_batch_yyy09.pl,f2,no,0.18,no,corr,9,None,None,None
689,exp_acyclic_depvary_step6_batch_yyy09.pl,x2,yes,0.09,yes,corr,1,None,None,None
690,exp_acyclic_depvary_step6_batch_yyy09.pl,f5,no,0.1,no,corr,2,None,None,None
691,exp_acyclic_depvary_step6_batch_yyy10.pl,d5,no,0.11,no,corr,1,None,None,None
692,exp_acyclic_depvary_step6_batch_yyy10.pl,f1,no,0.12,yes,inc,1,None,None,None
693,exp_acyclic_depvary_step6_batch_yyy10.pl,t3,no,0.09,no,corr,1,None,None,None
694,exp_acyclic_depvary_step6_batch_yyy10.pl,q4,no,0.1,no,corr,2,None,None,None
695,exp_acyclic_depvary_step6_batch_yyy10.pl,y3,yes,0.09,yes,corr,1,None,None,None
696,exp_acyclic_depvary_step6_batch_yyy10.pl,p3,no,0.12,yes,inc,2,None,None,None
697,exp_acyclic_depvary_step6_batch_yyy10.pl,t4,no,0.12,no,corr,1,None,None,None
698,exp_acyclic_depvary_step6_batch_yyy10.pl,s3,no,0.11,no,corr,2,None,None,None
699,exp_acyclic_depvary_step6_batch_yyy10.pl,s2,yes,0.1,yes,corr,1,None,None,None
700,exp_acyclic_depvary_step6_batch_yyy10.pl,c5,no,0.09,no,corr,1,None,None,None
701,exp_acyclic_depvary_step7_batch_yyy01.pl,s4,no,0.1,yes,inc,2,None,None,None
702,exp_acyclic_depvary_step7_batch_yyy01.pl,p5,no,0.09,no,corr,1,None,None,None
703,exp_acyclic_depvary_step7_batch_yyy01.pl,q4,no,0.11,no,corr,2,None,None,None
704,exp_acyclic_depvary_step7_batch_yyy01.pl,e3,no,0.1,yes,inc,1,None,None,None
705,exp_acyclic_depvary_step7_batch_yyy01.pl,a3,no,0.2,yes,inc,7,None,None,None
706,exp_acyclic_depvary_step7_batch_yyy01.pl,v3,no,0.14,no,corr,2,None,None,None
707,exp_acyclic_depvary_step7_batch_yyy01.pl,e2,no,0.13,yes,inc,1,None,None,None
708,exp_acyclic_depvary_step7_batch_yyy01.pl,f2,no,0.14,no,corr,1,None,None,None
709,exp_acyclic_depvary_step7_batch_yyy01.pl,y1,yes,0.14,yes,corr,1,None,None,None
710,exp_acyclic_depvary_step7_batch_yyy01.pl,r1,no,0.15,no,corr,2,None,None,None
711,exp_acyclic_depvary_step7_batch_yyy02.pl,v2,no,0.14,no,corr,3,None,None,None
712,exp_acyclic_depvary_step7_batch_yyy02.pl,c5,no,0.1,no,corr,2,None,None,None
713,exp_acyclic_depvary_step7_batch_yyy02.pl,c1,no,0.11,yes,inc,2,None,None,None
714,exp_acyclic_depvary_step7_batch_yyy02.pl,q3,yes,0.09,yes,corr,1,None,None,None
715,exp_acyclic_depvary_step7_batch_yyy02.pl,q2,no,0.11,no,corr,3,None,None,None
716,exp_acyclic_depvary_step7_batch_yyy02.pl,t4,no,0.11,no,corr,3,None,None,None
717,exp_acyclic_depvary_step7_batch_yyy02.pl,s3,no,0.15,no,corr,3,None,None,None
718,exp_acyclic_depvary_step7_batch_yyy02.pl,c4,no,0.1,yes,inc,2,None,None,None
719,exp_acyclic_depvary_step7_batch_yyy02.pl,s5,no,0.1,no,corr,2,None,None,None
720,exp_acyclic_depvary_step7_batch_yyy02.pl,t3,yes,0.09,yes,corr,1,None,None,None
721,exp_acyclic_depvary_step7_batch_yyy03.pl,b2,no,0.1,yes,inc,2,None,None,None
722,exp_acyclic_depvary_step7_batch_yyy03.pl,b3,no,0.11,no,corr,2,None,None,None
723,exp_acyclic_depvary_step7_batch_yyy03.pl,v2,no,0.12,yes,inc,3,None,None,None
724,exp_acyclic_depvary_step7_batch_yyy03.pl,p4,no,0.11,no,corr,3,None,None,None
725,exp_acyclic_depvary_step7_batch_yyy03.pl,q5,no,0.12,no,corr,2,None,None,None
726,exp_acyclic_depvary_step7_batch_yyy03.pl,r5,no,0.16,no,corr,2,None,None,None
727,exp_acyclic_depvary_step7_batch_yyy03.pl,r1,no,0.12,no,corr,2,None,None,None
728,exp_acyclic_depvary_step7_batch_yyy03.pl,f4,no,0.13,no,corr,5,None,None,None
729,exp_acyclic_depvary_step7_batch_yyy03.pl,q3,yes,0.1,yes,corr,1,None,None,None
730,exp_acyclic_depvary_step7_batch_yyy03.pl,p1,yes,0.1,yes,corr,1,None,None,None
731,exp_acyclic_depvary_step7_batch_yyy04.pl,u5,no,0.13,no,corr,2,None,None,None
732,exp_acyclic_depvary_step7_batch_yyy04.pl,t4,no,0.14,no,corr,3,None,None,None
733,exp_acyclic_depvary_step7_batch_yyy04.pl,b2,no,0.1,yes,inc,2,None,None,None
734,exp_acyclic_depvary_step7_batch_yyy04.pl,e5,no,0.1,no,corr,2,None,None,None
735,exp_acyclic_depvary_step7_batch_yyy04.pl,c2,no,0.1,no,corr,2,None,None,None
736,exp_acyclic_depvary_step7_batch_yyy04.pl,v1,no,0.11,no,corr,3,None,None,None
737,exp_acyclic_depvary_step7_batch_yyy04.pl,t2,no,0.1,no,corr,3,None,None,None
738,exp_acyclic_depvary_step7_batch_yyy04.pl,f4,no,0.1,no,corr,2,None,None,None
739,exp_acyclic_depvary_step7_batch_yyy04.pl,x2,no,0.11,no,corr,3,None,None,None
740,exp_acyclic_depvary_step7_batch_yyy04.pl,f5,no,0.1,no,corr,2,None,None,None
741,exp_acyclic_depvary_step7_batch_yyy05.pl,c4,no,0.1,no,corr,2,None,None,None
742,exp_acyclic_depvary_step7_batch_yyy05.pl,p4,no,0.12,no,corr,3,None,None,None
743,exp_acyclic_depvary_step7_batch_yyy05.pl,u1,no,0.11,no,corr,2,None,None,None
744,exp_acyclic_depvary_step7_batch_yyy05.pl,b4,no,0.1,yes,inc,2,None,None,None
745,exp_acyclic_depvary_step7_batch_yyy05.pl,x2,yes,0.09,yes,corr,1,None,None,None
746,exp_acyclic_depvary_step7_batch_yyy05.pl,r5,no,0.1,no,corr,2,None,None,None
747,exp_acyclic_depvary_step7_batch_yyy05.pl,w4,no,0.11,no,corr,2,None,None,None
748,exp_acyclic_depvary_step7_batch_yyy05.pl,p2,yes,0.11,yes,corr,2,None,None,None
749,exp_acyclic_depvary_step7_batch_yyy05.pl,x1,no,0.11,yes,inc,3,None,None,None
750,exp_acyclic_depvary_step7_batch_yyy05.pl,r2,no,0.11,no,corr,3,None,None,None
751,exp_acyclic_depvary_step7_batch_yyy06.pl,y4,no,0.1,no,corr,2,None,None,None
752,exp_acyclic_depvary_step7_batch_yyy06.pl,w2,yes,0.09,yes,corr,1,None,None,None
753,exp_acyclic_depvary_step7_batch_yyy06.pl,e4,no,0.09,yes,inc,2,None,None,None
754,exp_acyclic_depvary_step7_batch_yyy06.pl,b5,no,0.1,no,corr,2,None,None,None
755,exp_acyclic_depvary_step7_batch_yyy06.pl,a3,no,0.1,no,corr,2,None,None,None
756,exp_acyclic_depvary_step7_batch_yyy06.pl,q3,yes,0.09,yes,corr,1,None,None,None
757,exp_acyclic_depvary_step7_batch_yyy06.pl,r2,no,0.11,yes,inc,3,None,None,None
758,exp_acyclic_depvary_step7_batch_yyy06.pl,p1,no,0.11,yes,inc,3,None,None,None
759,exp_acyclic_depvary_step7_batch_yyy06.pl,a2,no,0.1,yes,inc,2,None,None,None
760,exp_acyclic_depvary_step7_batch_yyy06.pl,x4,no,0.1,no,corr,2,None,None,None
761,exp_acyclic_depvary_step7_batch_yyy07.pl,t5,no,0.12,no,corr,3,None,None,None
762,exp_acyclic_depvary_step7_batch_yyy07.pl,v2,no,0.12,no,corr,3,None,None,None
763,exp_acyclic_depvary_step7_batch_yyy07.pl,b4,no,0.12,no,corr,3,None,None,None
764,exp_acyclic_depvary_step7_batch_yyy07.pl,r5,no,0.11,no,corr,3,None,None,None
765,exp_acyclic_depvary_step7_batch_yyy07.pl,p3,yes,0.1,yes,corr,2,None,None,None
766,exp_acyclic_depvary_step7_batch_yyy07.pl,c1,no,0.17,yes,inc,3,None,None,None
767,exp_acyclic_depvary_step7_batch_yyy07.pl,v4,no,0.12,no,corr,4,None,None,None
768,exp_acyclic_depvary_step7_batch_yyy07.pl,y5,no,0.11,no,corr,3,None,None,None
769,exp_acyclic_depvary_step7_batch_yyy07.pl,y2,no,0.14,yes,inc,4,None,None,None
770,exp_acyclic_depvary_step7_batch_yyy07.pl,x1,yes,0.09,yes,corr,1,None,None,None
771,exp_acyclic_depvary_step7_batch_yyy08.pl,c3,no,0.11,no,corr,3,None,None,None
772,exp_acyclic_depvary_step7_batch_yyy08.pl,w5,no,0.11,no,corr,3,None,None,None
773,exp_acyclic_depvary_step7_batch_yyy08.pl,c5,no,0.11,no,corr,3,None,None,None
774,exp_acyclic_depvary_step7_batch_yyy08.pl,r5,no,0.16,no,corr,3,None,None,None
775,exp_acyclic_depvary_step7_batch_yyy08.pl,b5,no,0.11,no,corr,3,None,None,None
776,exp_acyclic_depvary_step7_batch_yyy08.pl,a1,no,0.17,no,corr,8,None,None,None
777,exp_acyclic_depvary_step7_batch_yyy08.pl,s4,no,0.17,no,corr,4,None,None,None
778,exp_acyclic_depvary_step7_batch_yyy08.pl,y4,no,0.16,no,corr,3,None,None,None
779,exp_acyclic_depvary_step7_batch_yyy08.pl,e2,no,0.14,yes,inc,3,None,None,None
780,exp_acyclic_depvary_step7_batch_yyy08.pl,t1,yes,0.15,yes,corr,1,None,None,None
781,exp_acyclic_depvary_step7_batch_yyy09.pl,b2,no,0.15,yes,inc,2,None,None,None
782,exp_acyclic_depvary_step7_batch_yyy09.pl,v2,no,0.11,no,corr,3,None,None,None
783,exp_acyclic_depvary_step7_batch_yyy09.pl,u1,no,0.12,yes,inc,3,None,None,None
784,exp_acyclic_depvary_step7_batch_yyy09.pl,s5,no,0.1,no,corr,2,None,None,None
785,exp_acyclic_depvary_step7_batch_yyy09.pl,a5,no,0.14,no,corr,2,None,None,None
786,exp_acyclic_depvary_step7_batch_yyy09.pl,p2,yes,0.14,yes,corr,1,None,None,None
787,exp_acyclic_depvary_step7_batch_yyy09.pl,y2,yes,0.12,yes,corr,2,None,None,None
788,exp_acyclic_depvary_step7_batch_yyy09.pl,p1,no,0.11,no,corr,2,None,None,None
789,exp_acyclic_depvary_step7_batch_yyy09.pl,t1,no,0.11,no,corr,3,None,None,None
790,exp_acyclic_depvary_step7_batch_yyy09.pl,q1,no,0.11,no,corr,3,None,None,None
791,exp_acyclic_depvary_step7_batch_yyy10.pl,b2,no,0.1,yes,inc,2,None,None,None
792,exp_acyclic_depvary_step7_batch_yyy10.pl,s4,no,0.1,no,corr,2,None,None,None
793,exp_acyclic_depvary_step7_batch_yyy10.pl,u1,no,0.12,no,corr,3,None,None,None
794,exp_acyclic_depvary_step7_batch_yyy10.pl,r5,no,0.11,no,corr,2,None,None,None
795,exp_acyclic_depvary_step7_batch_yyy10.pl,t2,no,0.11,no,corr,2,None,None,None
796,exp_acyclic_depvary_step7_batch_yyy10.pl,r4,no,0.11,no,corr,2,None,None,None
797,exp_acyclic_depvary_step7_batch_yyy10.pl,y1,yes,0.09,yes,corr,1,None,None,None
798,exp_acyclic_depvary_step7_batch_yyy10.pl,f2,no,0.1,yes,inc,2,None,None,None
799,exp_acyclic_depvary_step7_batch_yyy10.pl,s2,yes,0.1,yes,corr,2,None,None,None
800,exp_acyclic_depvary_step7_batch_yyy10.pl,z1,no,0.11,no,corr,3,None,None,None
801,exp_acyclic_depvary_step8_batch_yyy01.pl,t4,no,0.12,no,corr,3,None,None,None
802,exp_acyclic_depvary_step8_batch_yyy01.pl,x2,no,0.11,yes,inc,3,None,None,None
803,exp_acyclic_depvary_step8_batch_yyy01.pl,r5,no,0.11,no,corr,2,None,None,None
804,exp_acyclic_depvary_step8_batch_yyy01.pl,v1,no,0.1,no,corr,2,None,None,None
805,exp_acyclic_depvary_step8_batch_yyy01.pl,p2,yes,0.1,yes,corr,1,None,None,None
806,exp_acyclic_depvary_step8_batch_yyy01.pl,a3,no,0.12,no,corr,3,None,None,None
807,exp_acyclic_depvary_step8_batch_yyy01.pl,c2,no,0.12,no,corr,3,None,None,None
808,exp_acyclic_depvary_step8_batch_yyy01.pl,b1,no,0.13,no,corr,2,None,None,None
809,exp_acyclic_depvary_step8_batch_yyy01.pl,x4,no,0.12,no,corr,3,None,None,None
810,exp_acyclic_depvary_step8_batch_yyy01.pl,w3,no,0.12,no,corr,3,None,None,None
811,exp_acyclic_depvary_step8_batch_yyy02.pl,s3,no,0.13,no,corr,4,None,None,None
812,exp_acyclic_depvary_step8_batch_yyy02.pl,y4,yes,0.1,yes,corr,1,None,None,None
813,exp_acyclic_depvary_step8_batch_yyy02.pl,p5,no,0.13,no,corr,4,None,None,None
814,exp_acyclic_depvary_step8_batch_yyy02.pl,d3,no,0.11,no,corr,3,None,None,None
815,exp_acyclic_depvary_step8_batch_yyy02.pl,w5,no,0.12,no,corr,3,None,None,None
816,exp_acyclic_depvary_step8_batch_yyy02.pl,s5,no,0.12,no,corr,3,None,None,None
817,exp_acyclic_depvary_step8_batch_yyy02.pl,c5,no,0.11,no,corr,3,None,None,None
818,exp_acyclic_depvary_step8_batch_yyy02.pl,u3,no,0.12,no,corr,4,None,None,None
819,exp_acyclic_depvary_step8_batch_yyy02.pl,s1,yes,0.14,yes,corr,1,None,None,None
820,exp_acyclic_depvary_step8_batch_yyy02.pl,r1,no,0.17,yes,inc,4,None,None,None
821,exp_acyclic_depvary_step8_batch_yyy03.pl,b2,no,0.18,no,corr,4,None,None,None
822,exp_acyclic_depvary_step8_batch_yyy03.pl,s4,yes,0.13,yes,corr,2,None,None,None
823,exp_acyclic_depvary_step8_batch_yyy03.pl,e1,no,0.15,no,corr,2,None,None,None
824,exp_acyclic_depvary_step8_batch_yyy03.pl,v5,no,0.13,no,corr,2,None,None,None
825,exp_acyclic_depvary_step8_batch_yyy03.pl,c5,no,0.14,yes,inc,5,None,None,None
826,exp_acyclic_depvary_step8_batch_yyy03.pl,a4,no,0.11,yes,inc,2,None,None,None
827,exp_acyclic_depvary_step8_batch_yyy03.pl,w1,no,0.15,no,corr,2,None,None,None
828,exp_acyclic_depvary_step8_batch_yyy03.pl,f3,no,0.12,no,corr,2,None,None,None
829,exp_acyclic_depvary_step8_batch_yyy03.pl,e3,no,0.22,no,corr,9,None,None,None
830,exp_acyclic_depvary_step8_batch_yyy03.pl,z3,no,0.13,no,corr,3,None,None,None
831,exp_acyclic_depvary_step8_batch_yyy04.pl,d5,no,0.18,no,corr,3,None,None,None
832,exp_acyclic_depvary_step8_batch_yyy04.pl,z5,no,0.17,no,corr,3,None,None,None
833,exp_acyclic_depvary_step8_batch_yyy04.pl,p5,yes,0.14,yes,corr,1,None,None,None
834,exp_acyclic_depvary_step8_batch_yyy04.pl,u4,yes,0.15,yes,corr,2,None,None,None
835,exp_acyclic_depvary_step8_batch_yyy04.pl,v5,no,0.12,no,corr,3,None,None,None
836,exp_acyclic_depvary_step8_batch_yyy04.pl,t2,no,0.12,no,corr,3,None,None,None
837,exp_acyclic_depvary_step8_batch_yyy04.pl,b6,no,0.12,no,corr,3,None,None,None
838,exp_acyclic_depvary_step8_batch_yyy04.pl,r3,yes,0.1,yes,corr,1,None,None,None
839,exp_acyclic_depvary_step8_batch_yyy04.pl,w1,no,0.19,yes,inc,4,None,None,None
840,exp_acyclic_depvary_step8_batch_yyy04.pl,p3,no,0.19,no,corr,4,None,None,None
841,exp_acyclic_depvary_step8_batch_yyy05.pl,v2,yes,0.12,yes,corr,2,None,None,None
842,exp_acyclic_depvary_step8_batch_yyy05.pl,s2,yes,0.13,yes,corr,1,None,None,None
843,exp_acyclic_depvary_step8_batch_yyy05.pl,q4,yes,0.1,yes,corr,1,None,None,None
844,exp_acyclic_depvary_step8_batch_yyy05.pl,v1,no,0.12,no,corr,4,None,None,None
845,exp_acyclic_depvary_step8_batch_yyy05.pl,f3,no,0.11,yes,inc,3,None,None,None
846,exp_acyclic_depvary_step8_batch_yyy05.pl,t2,yes,0.09,yes,corr,1,None,None,None
847,exp_acyclic_depvary_step8_batch_yyy05.pl,b6,no,0.14,no,corr,3,None,None,None
848,exp_acyclic_depvary_step8_batch_yyy05.pl,q2,no,0.13,no,corr,4,None,None,None
849,exp_acyclic_depvary_step8_batch_yyy05.pl,t4,no,0.13,no,corr,4,None,None,None
850,exp_acyclic_depvary_step8_batch_yyy05.pl,t5,no,0.13,no,corr,3,None,None,None
851,exp_acyclic_depvary_step8_batch_yyy06.pl,t4,no,0.12,yes,inc,3,None,None,None
852,exp_acyclic_depvary_step8_batch_yyy06.pl,t3,yes,0.1,yes,corr,1,None,None,None
853,exp_acyclic_depvary_step8_batch_yyy06.pl,p3,no,0.11,no,corr,2,None,None,None
854,exp_acyclic_depvary_step8_batch_yyy06.pl,w3,no,0.12,yes,inc,3,None,None,None
855,exp_acyclic_depvary_step8_batch_yyy06.pl,b3,no,0.14,no,corr,4,None,None,None
856,exp_acyclic_depvary_step8_batch_yyy06.pl,y4,no,0.12,no,corr,3,None,None,None
857,exp_acyclic_depvary_step8_batch_yyy06.pl,s2,no,0.13,no,corr,3,None,None,None
858,exp_acyclic_depvary_step8_batch_yyy06.pl,c5,no,0.11,yes,inc,2,None,None,None
859,exp_acyclic_depvary_step8_batch_yyy06.pl,x5,no,0.11,no,corr,2,None,None,None
860,exp_acyclic_depvary_step8_batch_yyy06.pl,t2,no,0.12,yes,inc,3,None,None,None
861,exp_acyclic_depvary_step8_batch_yyy07.pl,s2,no,0.13,no,corr,3,None,None,None
862,exp_acyclic_depvary_step8_batch_yyy07.pl,c6,no,0.11,no,corr,2,None,None,None
863,exp_acyclic_depvary_step8_batch_yyy07.pl,f4,no,0.14,no,corr,3,None,None,None
864,exp_acyclic_depvary_step8_batch_yyy07.pl,a2,no,0.1,yes,inc,2,None,None,None
865,exp_acyclic_depvary_step8_batch_yyy07.pl,z4,no,0.11,no,corr,2,None,None,None
866,exp_acyclic_depvary_step8_batch_yyy07.pl,e4,no,0.13,no,corr,2,None,None,None
867,exp_acyclic_depvary_step8_batch_yyy07.pl,r2,yes,0.11,yes,corr,1,None,None,None
868,exp_acyclic_depvary_step8_batch_yyy07.pl,a1,no,0.15,yes,inc,6,None,None,None
869,exp_acyclic_depvary_step8_batch_yyy07.pl,r3,no,0.11,no,corr,2,None,None,None
870,exp_acyclic_depvary_step8_batch_yyy07.pl,u2,yes,0.1,yes,corr,1,None,None,None
871,exp_acyclic_depvary_step8_batch_yyy08.pl,a5,no,0.11,yes,inc,2,None,None,None
872,exp_acyclic_depvary_step8_batch_yyy08.pl,v1,no,0.15,no,corr,2,None,None,None
873,exp_acyclic_depvary_step8_batch_yyy08.pl,t2,yes,0.12,yes,corr,1,None,None,None
874,exp_acyclic_depvary_step8_batch_yyy08.pl,r1,no,0.12,no,corr,3,None,None,None
875,exp_acyclic_depvary_step8_batch_yyy08.pl,f4,no,0.12,yes,inc,2,None,None,None
876,exp_acyclic_depvary_step8_batch_yyy08.pl,r2,yes,0.14,yes,corr,1,None,None,None
877,exp_acyclic_depvary_step8_batch_yyy08.pl,s4,no,0.13,no,corr,2,None,None,None
878,exp_acyclic_depvary_step8_batch_yyy08.pl,b3,no,0.21,no,corr,4,None,None,None
879,exp_acyclic_depvary_step8_batch_yyy08.pl,d1,no,0.12,yes,inc,2,None,None,None
880,exp_acyclic_depvary_step8_batch_yyy08.pl,q1,yes,0.11,yes,corr,1,None,None,None
881,exp_acyclic_depvary_step8_batch_yyy09.pl,a4,no,0.12,no,corr,2,None,None,None
882,exp_acyclic_depvary_step8_batch_yyy09.pl,p2,no,0.14,yes,inc,3,None,None,None
883,exp_acyclic_depvary_step8_batch_yyy09.pl,y2,no,0.14,no,corr,2,None,None,None
884,exp_acyclic_depvary_step8_batch_yyy09.pl,v3,no,0.17,yes,inc,3,None,None,None
885,exp_acyclic_depvary_step8_batch_yyy09.pl,q1,yes,0.12,yes,corr,1,None,None,None
886,exp_acyclic_depvary_step8_batch_yyy09.pl,f2,no,0.1,no,corr,2,None,None,None
887,exp_acyclic_depvary_step8_batch_yyy09.pl,c3,no,0.11,no,corr,2,None,None,None
888,exp_acyclic_depvary_step8_batch_yyy09.pl,c4,no,0.15,no,corr,2,None,None,None
889,exp_acyclic_depvary_step8_batch_yyy09.pl,p5,yes,0.12,yes,corr,1,None,None,None
890,exp_acyclic_depvary_step8_batch_yyy09.pl,x3,yes,0.11,yes,corr,1,None,None,None
891,exp_acyclic_depvary_step8_batch_yyy10.pl,b2,no,0.16,yes,inc,2,None,None,None
892,exp_acyclic_depvary_step8_batch_yyy10.pl,x3,no,0.14,no,corr,2,None,None,None
893,exp_acyclic_depvary_step8_batch_yyy10.pl,f1,no,0.11,yes,inc,2,None,None,None
894,exp_acyclic_depvary_step8_batch_yyy10.pl,s5,no,0.13,no,corr,2,None,None,None
895,exp_acyclic_depvary_step8_batch_yyy10.pl,f5,no,0.15,no,corr,2,None,None,None
896,exp_acyclic_depvary_step8_batch_yyy10.pl,r4,yes,0.15,yes,corr,2,None,None,None
897,exp_acyclic_depvary_step8_batch_yyy10.pl,w3,no,0.22,no,corr,3,None,None,None
898,exp_acyclic_depvary_step8_batch_yyy10.pl,f2,no,0.22,yes,inc,5,None,None,None
899,exp_acyclic_depvary_step8_batch_yyy10.pl,t5,no,0.16,no,corr,2,None,None,None
900,exp_acyclic_depvary_step8_batch_yyy10.pl,s3,yes,0.2,yes,corr,2,None,None,None
901,exp_acyclic_depvary_step9_batch_yyy01.pl,a6,no,0.14,no,corr,1,None,None,None
902,exp_acyclic_depvary_step9_batch_yyy01.pl,p5,no,0.15,yes,inc,2,None,None,None
903,exp_acyclic_depvary_step9_batch_yyy01.pl,v5,no,0.14,no,corr,1,None,None,None
904,exp_acyclic_depvary_step9_batch_yyy01.pl,q4,no,0.15,no,corr,2,None,None,None
905,exp_acyclic_depvary_step9_batch_yyy01.pl,z3,yes,0.14,yes,corr,1,None,None,None
906,exp_acyclic_depvary_step9_batch_yyy01.pl,w2,no,0.15,yes,inc,2,None,None,None
907,exp_acyclic_depvary_step9_batch_yyy01.pl,e5,no,0.12,no,corr,1,None,None,None
908,exp_acyclic_depvary_step9_batch_yyy01.pl,a4,no,0.12,yes,inc,1,None,None,None
909,exp_acyclic_depvary_step9_batch_yyy01.pl,x2,yes,0.12,yes,corr,1,None,None,None
910,exp_acyclic_depvary_step9_batch_yyy01.pl,f5,no,0.12,no,corr,1,None,None,None
911,exp_acyclic_depvary_step9_batch_yyy02.pl,u5,no,0.13,no,corr,3,None,None,None
912,exp_acyclic_depvary_step9_batch_yyy02.pl,s3,no,0.13,yes,inc,3,None,None,None
913,exp_acyclic_depvary_step9_batch_yyy02.pl,v2,yes,0.12,yes,corr,1,None,None,None
914,exp_acyclic_depvary_step9_batch_yyy02.pl,r4,no,0.16,no,corr,3,None,None,None
915,exp_acyclic_depvary_step9_batch_yyy02.pl,u2,yes,0.15,yes,corr,1,None,None,None
916,exp_acyclic_depvary_step9_batch_yyy02.pl,q2,no,0.16,no,corr,3,None,None,None
917,exp_acyclic_depvary_step9_batch_yyy02.pl,w2,no,0.16,no,corr,2,None,None,None
918,exp_acyclic_depvary_step9_batch_yyy02.pl,e5,no,0.19,no,corr,2,None,None,None
919,exp_acyclic_depvary_step9_batch_yyy02.pl,s1,no,0.18,no,corr,3,None,None,None
920,exp_acyclic_depvary_step9_batch_yyy02.pl,d2,no,0.46,yes,inc,10,None,None,None
921,exp_acyclic_depvary_step9_batch_yyy03.pl,u5,yes,0.15,yes,corr,1,None,None,None
922,exp_acyclic_depvary_step9_batch_yyy03.pl,x3,no,0.17,no,corr,3,None,None,None
923,exp_acyclic_depvary_step9_batch_yyy03.pl,q5,no,0.15,no,corr,2,None,None,None
924,exp_acyclic_depvary_step9_batch_yyy03.pl,q4,no,0.17,yes,inc,3,None,None,None
925,exp_acyclic_depvary_step9_batch_yyy03.pl,z4,no,0.17,no,corr,2,None,None,None
926,exp_acyclic_depvary_step9_batch_yyy03.pl,p2,no,0.24,yes,inc,3,None,None,None
927,exp_acyclic_depvary_step9_batch_yyy03.pl,x1,no,0.21,yes,inc,3,None,None,None
928,exp_acyclic_depvary_step9_batch_yyy03.pl,a1,no,0.2,no,corr,2,None,None,None
929,exp_acyclic_depvary_step9_batch_yyy03.pl,s4,no,0.18,no,corr,2,None,None,None
930,exp_acyclic_depvary_step9_batch_yyy03.pl,y4,no,0.2,yes,inc,3,None,None,None
931,exp_acyclic_depvary_step9_batch_yyy04.pl,a6,no,0.19,no,corr,3,None,None,None
932,exp_acyclic_depvary_step9_batch_yyy04.pl,v2,no,0.2,no,corr,3,None,None,None
933,exp_acyclic_depvary_step9_batch_yyy04.pl,p5,yes,0.16,yes,corr,1,None,None,None
934,exp_acyclic_depvary_step9_batch_yyy04.pl,b1,no,0.22,no,corr,3,None,None,None
935,exp_acyclic_depvary_step9_batch_yyy04.pl,p3,no,0.24,no,corr,4,None,None,None
936,exp_acyclic_depvary_step9_batch_yyy04.pl,v4,no,0.21,no,corr,3,None,None,None
937,exp_acyclic_depvary_step9_batch_yyy04.pl,c6,no,0.2,no,corr,3,None,None,None
938,exp_acyclic_depvary_step9_batch_yyy04.pl,b5,no,0.19,yes,inc,3,None,None,None
939,exp_acyclic_depvary_step9_batch_yyy04.pl,e2,no,8.83,no,corr,13,None,None,None
940,exp_acyclic_depvary_step9_batch_yyy04.pl,d1,no,0.19,no,corr,3,None,None,None
941,exp_acyclic_depvary_step9_batch_yyy05.pl,t5,yes,0.18,yes,corr,1,None,None,None
942,exp_acyclic_depvary_step9_batch_yyy05.pl,p5,yes,0.17,yes,corr,1,None,None,None
943,exp_acyclic_depvary_step9_batch_yyy05.pl,w5,no,0.21,no,corr,3,None,None,None
944,exp_acyclic_depvary_step9_batch_yyy05.pl,b4,no,0.22,yes,inc,3,None,None,None
945,exp_acyclic_depvary_step9_batch_yyy05.pl,w1,no,0.23,no,corr,4,None,None,None
946,exp_acyclic_depvary_step9_batch_yyy05.pl,d1,no,0.23,yes,inc,3,None,None,None
947,exp_acyclic_depvary_step9_batch_yyy05.pl,r5,yes,0.15,yes,corr,2,None,None,None
948,exp_acyclic_depvary_step9_batch_yyy05.pl,e4,no,0.21,no,corr,3,None,None,None
949,exp_acyclic_depvary_step9_batch_yyy05.pl,q3,no,0.24,no,corr,4,None,None,None
950,exp_acyclic_depvary_step9_batch_yyy05.pl,y2,yes,0.16,yes,corr,1,None,None,None
951,exp_acyclic_depvary_step9_batch_yyy06.pl,u4,yes,0.14,yes,corr,1,None,None,None
952,exp_acyclic_depvary_step9_batch_yyy06.pl,q5,no,0.19,no,corr,2,None,None,None
953,exp_acyclic_depvary_step9_batch_yyy06.pl,c5,no,0.22,no,corr,3,None,None,None
954,exp_acyclic_depvary_step9_batch_yyy06.pl,f4,no,0.2,no,corr,4,None,None,None
955,exp_acyclic_depvary_step9_batch_yyy06.pl,r2,no,0.16,no,corr,3,None,None,None
956,exp_acyclic_depvary_step9_batch_yyy06.pl,t1,no,0.17,no,corr,3,None,None,None
957,exp_acyclic_depvary_step9_batch_yyy06.pl,s3,no,0.17,no,corr,3,None,None,None
958,exp_acyclic_depvary_step9_batch_yyy06.pl,c4,no,0.17,no,corr,2,None,None,None
959,exp_acyclic_depvary_step9_batch_yyy06.pl,c1,no,0.15,no,corr,2,None,None,None
960,exp_acyclic_depvary_step9_batch_yyy06.pl,b5,no,0.14,yes,inc,2,None,None,None
961,exp_acyclic_depvary_step9_batch_yyy07.pl,t4,yes,0.13,yes,corr,1,None,None,None
962,exp_acyclic_depvary_step9_batch_yyy07.pl,v2,no,0.14,no,corr,2,None,None,None
963,exp_acyclic_depvary_step9_batch_yyy07.pl,d4,no,0.14,no,corr,2,None,None,None
964,exp_acyclic_depvary_step9_batch_yyy07.pl,w2,no,0.16,no,corr,3,None,None,None
965,exp_acyclic_depvary_step9_batch_yyy07.pl,z1,no,0.16,yes,inc,3,None,None,None
966,exp_acyclic_depvary_step9_batch_yyy07.pl,t2,no,0.14,no,corr,2,None,None,None
967,exp_acyclic_depvary_step9_batch_yyy07.pl,v4,no,0.16,yes,inc,3,None,None,None
968,exp_acyclic_depvary_step9_batch_yyy07.pl,f4,no,0.42,no,corr,10,None,None,None
969,exp_acyclic_depvary_step9_batch_yyy07.pl,a6,no,0.16,no,corr,2,None,None,None
970,exp_acyclic_depvary_step9_batch_yyy07.pl,y4,no,0.14,no,corr,2,None,None,None
971,exp_acyclic_depvary_step9_batch_yyy08.pl,d5,no,0.16,yes,inc,2,None,None,None
972,exp_acyclic_depvary_step9_batch_yyy08.pl,t5,no,0.15,no,corr,2,None,None,None
973,exp_acyclic_depvary_step9_batch_yyy08.pl,b4,no,0.15,yes,inc,2,None,None,None
974,exp_acyclic_depvary_step9_batch_yyy08.pl,b1,no,0.14,no,corr,2,None,None,None
975,exp_acyclic_depvary_step9_batch_yyy08.pl,y3,no,0.15,no,corr,2,None,None,None
976,exp_acyclic_depvary_step9_batch_yyy08.pl,f3,no,1.03,no,corr,11,None,None,None
977,exp_acyclic_depvary_step9_batch_yyy08.pl,q3,no,0.16,no,corr,2,None,None,None
978,exp_acyclic_depvary_step9_batch_yyy08.pl,a1,no,0.14,yes,inc,2,None,None,None
979,exp_acyclic_depvary_step9_batch_yyy08.pl,p1,no,0.15,no,corr,3,None,None,None
980,exp_acyclic_depvary_step9_batch_yyy08.pl,f2,no,0.16,no,corr,2,None,None,None
981,exp_acyclic_depvary_step9_batch_yyy09.pl,u2,no,0.18,no,corr,4,None,None,None
982,exp_acyclic_depvary_step9_batch_yyy09.pl,w3,no,0.16,yes,inc,4,None,None,None
983,exp_acyclic_depvary_step9_batch_yyy09.pl,q2,yes,0.11,yes,corr,1,None,None,None
984,exp_acyclic_depvary_step9_batch_yyy09.pl,a6,no,0.13,no,corr,3,None,None,None
985,exp_acyclic_depvary_step9_batch_yyy09.pl,s4,no,0.14,yes,inc,4,None,None,None
986,exp_acyclic_depvary_step9_batch_yyy09.pl,y4,no,0.14,no,corr,4,None,None,None
987,exp_acyclic_depvary_step9_batch_yyy09.pl,a5,no,0.14,no,corr,3,None,None,None
988,exp_acyclic_depvary_step9_batch_yyy09.pl,b1,no,0.14,no,corr,3,None,None,None
989,exp_acyclic_depvary_step9_batch_yyy09.pl,f4,no,0.24,no,corr,3,None,None,None
990,exp_acyclic_depvary_step9_batch_yyy09.pl,z3,no,0.14,no,corr,3,None,None,None
991,exp_acyclic_depvary_step9_batch_yyy10.pl,u5,yes,0.1,yes,corr,1,None,None,None
992,exp_acyclic_depvary_step9_batch_yyy10.pl,x3,yes,0.1,yes,corr,1,None,None,None
993,exp_acyclic_depvary_step9_batch_yyy10.pl,w5,no,0.12,no,corr,2,None,None,None
994,exp_acyclic_depvary_step9_batch_yyy10.pl,c6,no,0.17,no,corr,2,None,None,None
995,exp_acyclic_depvary_step9_batch_yyy10.pl,u3,no,0.16,no,corr,3,None,None,None
996,exp_acyclic_depvary_step9_batch_yyy10.pl,q2,no,0.12,no,corr,3,None,None,None
997,exp_acyclic_depvary_step9_batch_yyy10.pl,b4,no,0.12,no,corr,2,None,None,None
998,exp_acyclic_depvary_step9_batch_yyy10.pl,q5,no,0.12,no,corr,3,None,None,None
999,exp_acyclic_depvary_step9_batch_yyy10.pl,d1,no,0.16,yes,inc,2,None,None,None
1000,exp_acyclic_depvary_step9_batch_yyy10.pl,q1,yes,0.17,yes,corr,1,None,None,None
1001,exp_acyclic_indvary1_step1_batch_yyy01.pl,u1,no,0.11,no,corr,2,None,None,None
1002,exp_acyclic_indvary1_step1_batch_yyy01.pl,v5,no,0.1,no,corr,2,None,None,None
1003,exp_acyclic_indvary1_step1_batch_yyy01.pl,a5,no,0.1,no,corr,2,None,None,None
1004,exp_acyclic_indvary1_step1_batch_yyy01.pl,y3,no,0.13,no,corr,2,None,None,None
1005,exp_acyclic_indvary1_step1_batch_yyy01.pl,w1,no,0.13,no,corr,2,None,None,None
1006,exp_acyclic_indvary1_step1_batch_yyy01.pl,r4,no,0.12,no,corr,2,None,None,None
1007,exp_acyclic_indvary1_step1_batch_yyy01.pl,d2,no,0.15,yes,inc,3,None,None,None
1008,exp_acyclic_indvary1_step1_batch_yyy01.pl,y5,no,0.18,no,corr,2,None,None,None
1009,exp_acyclic_indvary1_step1_batch_yyy01.pl,c3,no,0.15,no,corr,3,None,None,None
1010,exp_acyclic_indvary1_step1_batch_yyy01.pl,t4,no,0.13,no,corr,2,None,None,None
1011,exp_acyclic_indvary1_step1_batch_yyy02.pl,b2,no,0.13,no,corr,3,None,None,None
1012,exp_acyclic_indvary1_step1_batch_yyy02.pl,b3,no,0.13,yes,inc,3,None,None,None
1013,exp_acyclic_indvary1_step1_batch_yyy02.pl,e1,no,0.19,yes,inc,3,None,None,None
1014,exp_acyclic_indvary1_step1_batch_yyy02.pl,p5,no,0.12,no,corr,2,None,None,None
1015,exp_acyclic_indvary1_step1_batch_yyy02.pl,b5,no,0.14,no,corr,2,None,None,None
1016,exp_acyclic_indvary1_step1_batch_yyy02.pl,d2,no,0.13,no,corr,2,None,None,None
1017,exp_acyclic_indvary1_step1_batch_yyy02.pl,p1,yes,0.14,yes,corr,2,None,None,None
1018,exp_acyclic_indvary1_step1_batch_yyy02.pl,c5,no,0.13,no,corr,2,None,None,None
1019,exp_acyclic_indvary1_step1_batch_yyy02.pl,c2,no,0.15,yes,inc,4,None,None,None
1020,exp_acyclic_indvary1_step1_batch_yyy02.pl,b1,no,0.14,no,corr,3,None,None,None
1021,exp_acyclic_indvary1_step1_batch_yyy03.pl,b2,no,0.16,yes,inc,6,None,None,None
1022,exp_acyclic_indvary1_step1_batch_yyy03.pl,y4,no,0.15,no,corr,3,None,None,None
1023,exp_acyclic_indvary1_step1_batch_yyy03.pl,z5,no,0.13,no,corr,3,None,None,None
1024,exp_acyclic_indvary1_step1_batch_yyy03.pl,e5,no,0.14,no,corr,3,None,None,None
1025,exp_acyclic_indvary1_step1_batch_yyy03.pl,z4,no,0.14,no,corr,3,None,None,None
1026,exp_acyclic_indvary1_step1_batch_yyy03.pl,v4,no,0.15,no,corr,3,None,None,None
1027,exp_acyclic_indvary1_step1_batch_yyy03.pl,d2,no,0.17,yes,inc,6,None,None,None
1028,exp_acyclic_indvary1_step1_batch_yyy03.pl,a1,no,0.14,yes,inc,6,None,None,None
1029,exp_acyclic_indvary1_step1_batch_yyy03.pl,v3,no,0.14,no,corr,3,None,None,None
1030,exp_acyclic_indvary1_step1_batch_yyy03.pl,q1,yes,0.13,yes,corr,2,None,None,None
1031,exp_acyclic_indvary1_step1_batch_yyy04.pl,b3,no,0.13,no,corr,2,None,None,None
1032,exp_acyclic_indvary1_step1_batch_yyy04.pl,u4,no,0.11,no,corr,2,None,None,None
1033,exp_acyclic_indvary1_step1_batch_yyy04.pl,s2,no,0.13,no,corr,2,None,None,None
1034,exp_acyclic_indvary1_step1_batch_yyy04.pl,v1,no,0.11,no,corr,2,None,None,None
1035,exp_acyclic_indvary1_step1_batch_yyy04.pl,r4,no,0.12,no,corr,2,None,None,None
1036,exp_acyclic_indvary1_step1_batch_yyy04.pl,d2,no,0.13,yes,inc,4,None,None,None
1037,exp_acyclic_indvary1_step1_batch_yyy04.pl,z3,no,0.11,no,corr,2,None,None,None
1038,exp_acyclic_indvary1_step1_batch_yyy04.pl,x4,no,0.11,no,corr,2,None,None,None
1039,exp_acyclic_indvary1_step1_batch_yyy04.pl,c1,no,0.14,yes,inc,3,None,None,None
1040,exp_acyclic_indvary1_step1_batch_yyy04.pl,t2,no,0.15,no,corr,2,None,None,None
1041,exp_acyclic_indvary1_step1_batch_yyy05.pl,b1,no,0.12,yes,inc,1,None,None,None
1042,exp_acyclic_indvary1_step1_batch_yyy05.pl,x2,no,0.11,no,corr,1,None,None,None
1043,exp_acyclic_indvary1_step1_batch_yyy05.pl,r5,no,0.12,no,corr,1,None,None,None
1044,exp_acyclic_indvary1_step1_batch_yyy05.pl,f3,no,0.1,no,corr,1,None,None,None
1045,exp_acyclic_indvary1_step1_batch_yyy05.pl,a3,no,0.1,no,corr,1,None,None,None
1046,exp_acyclic_indvary1_step1_batch_yyy05.pl,a2,no,0.13,yes,inc,2,None,None,None
1047,exp_acyclic_indvary1_step1_batch_yyy05.pl,t4,no,0.12,no,corr,1,None,None,None
1048,exp_acyclic_indvary1_step1_batch_yyy05.pl,c4,no,0.1,no,corr,1,None,None,None
1049,exp_acyclic_indvary1_step1_batch_yyy05.pl,t2,no,0.11,no,corr,1,None,None,None
1050,exp_acyclic_indvary1_step1_batch_yyy05.pl,z2,no,0.13,no,corr,1,None,None,None
1051,exp_acyclic_indvary1_step1_batch_yyy06.pl,t4,no,0.1,no,corr,1,None,None,None
1052,exp_acyclic_indvary1_step1_batch_yyy06.pl,p4,no,0.1,no,corr,1,None,None,None
1053,exp_acyclic_indvary1_step1_batch_yyy06.pl,u1,no,0.1,no,corr,1,None,None,None
1054,exp_acyclic_indvary1_step1_batch_yyy06.pl,t3,no,0.1,no,corr,1,None,None,None
1055,exp_acyclic_indvary1_step1_batch_yyy06.pl,q4,no,0.1,no,corr,1,None,None,None
1056,exp_acyclic_indvary1_step1_batch_yyy06.pl,r3,no,0.1,no,corr,1,None,None,None
1057,exp_acyclic_indvary1_step1_batch_yyy06.pl,z1,no,0.1,no,corr,1,None,None,None
1058,exp_acyclic_indvary1_step1_batch_yyy06.pl,b1,no,0.1,yes,inc,3,None,None,None
1059,exp_acyclic_indvary1_step1_batch_yyy06.pl,u3,no,0.1,no,corr,1,None,None,None
1060,exp_acyclic_indvary1_step1_batch_yyy06.pl,r4,no,0.09,no,corr,1,None,None,None
1061,exp_acyclic_indvary1_step1_batch_yyy07.pl,w2,no,0.1,no,corr,2,None,None,None
1062,exp_acyclic_indvary1_step1_batch_yyy07.pl,u4,no,0.09,no,corr,2,None,None,None
1063,exp_acyclic_indvary1_step1_batch_yyy07.pl,c2,no,0.1,no,corr,3,None,None,None
1064,exp_acyclic_indvary1_step1_batch_yyy07.pl,z4,no,0.14,no,corr,2,None,None,None
1065,exp_acyclic_indvary1_step1_batch_yyy07.pl,f3,no,0.11,no,corr,2,None,None,None
1066,exp_acyclic_indvary1_step1_batch_yyy07.pl,e3,no,0.09,no,corr,2,None,None,None
1067,exp_acyclic_indvary1_step1_batch_yyy07.pl,y1,no,0.11,no,corr,2,None,None,None
1068,exp_acyclic_indvary1_step1_batch_yyy07.pl,w3,no,0.1,no,corr,2,None,None,None
1069,exp_acyclic_indvary1_step1_batch_yyy07.pl,e2,no,0.1,no,corr,2,None,None,None
1070,exp_acyclic_indvary1_step1_batch_yyy07.pl,d1,no,0.1,yes,inc,3,None,None,None
1071,exp_acyclic_indvary1_step1_batch_yyy08.pl,y4,no,0.1,no,corr,2,None,None,None
1072,exp_acyclic_indvary1_step1_batch_yyy08.pl,z5,no,0.1,no,corr,2,None,None,None
1073,exp_acyclic_indvary1_step1_batch_yyy08.pl,w5,no,0.1,no,corr,2,None,None,None
1074,exp_acyclic_indvary1_step1_batch_yyy08.pl,f5,no,0.1,no,corr,2,None,None,None
1075,exp_acyclic_indvary1_step1_batch_yyy08.pl,z4,no,0.1,no,corr,2,None,None,None
1076,exp_acyclic_indvary1_step1_batch_yyy08.pl,x5,no,0.1,no,corr,2,None,None,None
1077,exp_acyclic_indvary1_step1_batch_yyy08.pl,f4,no,0.11,no,corr,2,None,None,None
1078,exp_acyclic_indvary1_step1_batch_yyy08.pl,y5,no,0.1,no,corr,2,None,None,None
1079,exp_acyclic_indvary1_step1_batch_yyy08.pl,s2,no,0.1,no,corr,2,None,None,None
1080,exp_acyclic_indvary1_step1_batch_yyy08.pl,b1,no,0.1,no,corr,2,None,None,None
1081,exp_acyclic_indvary1_step1_batch_yyy09.pl,s3,no,0.1,no,corr,2,None,None,None
1082,exp_acyclic_indvary1_step1_batch_yyy09.pl,z5,no,0.1,no,corr,2,None,None,None
1083,exp_acyclic_indvary1_step1_batch_yyy09.pl,s5,no,0.11,no,corr,2,None,None,None
1084,exp_acyclic_indvary1_step1_batch_yyy09.pl,x2,no,0.1,no,corr,2,None,None,None
1085,exp_acyclic_indvary1_step1_batch_yyy09.pl,e4,no,0.1,no,corr,2,None,None,None
1086,exp_acyclic_indvary1_step1_batch_yyy09.pl,u2,no,0.1,no,corr,2,None,None,None
1087,exp_acyclic_indvary1_step1_batch_yyy09.pl,p1,yes,0.09,yes,corr,1,None,None,None
1088,exp_acyclic_indvary1_step1_batch_yyy09.pl,a2,no,0.11,no,corr,4,None,None,None
1089,exp_acyclic_indvary1_step1_batch_yyy09.pl,s2,no,0.1,no,corr,2,None,None,None
1090,exp_acyclic_indvary1_step1_batch_yyy09.pl,z1,no,0.1,no,corr,2,None,None,None
1091,exp_acyclic_indvary1_step1_batch_yyy10.pl,d5,no,0.11,no,corr,2,None,None,None
1092,exp_acyclic_indvary1_step1_batch_yyy10.pl,v2,no,0.11,no,corr,2,None,None,None
1093,exp_acyclic_indvary1_step1_batch_yyy10.pl,p5,no,0.12,no,corr,2,None,None,None
1094,exp_acyclic_indvary1_step1_batch_yyy10.pl,v5,no,0.14,no,corr,2,None,None,None
1095,exp_acyclic_indvary1_step1_batch_yyy10.pl,a4,no,0.14,no,corr,2,None,None,None
1096,exp_acyclic_indvary1_step1_batch_yyy10.pl,p3,no,0.13,no,corr,2,None,None,None
1097,exp_acyclic_indvary1_step1_batch_yyy10.pl,d2,no,0.15,yes,inc,4,None,None,None
1098,exp_acyclic_indvary1_step1_batch_yyy10.pl,u2,no,0.14,no,corr,2,None,None,None
1099,exp_acyclic_indvary1_step1_batch_yyy10.pl,b6,no,0.14,no,corr,2,None,None,None
1100,exp_acyclic_indvary1_step1_batch_yyy10.pl,a1,no,0.11,no,corr,3,None,None,None
1101,exp_acyclic_indvary1_step2_batch_yyy01.pl,d5,no,0.11,no,corr,2,None,None,None
1102,exp_acyclic_indvary1_step2_batch_yyy01.pl,z5,no,0.17,no,corr,2,None,None,None
1103,exp_acyclic_indvary1_step2_batch_yyy01.pl,p4,no,0.17,no,corr,2,None,None,None
1104,exp_acyclic_indvary1_step2_batch_yyy01.pl,z4,no,0.14,no,corr,2,None,None,None
1105,exp_acyclic_indvary1_step2_batch_yyy01.pl,u3,no,0.18,no,corr,2,None,None,None
1106,exp_acyclic_indvary1_step2_batch_yyy01.pl,r1,yes,0.11,yes,corr,1,None,None,None
1107,exp_acyclic_indvary1_step2_batch_yyy01.pl,a1,no,0.15,yes,inc,6,None,None,None
1108,exp_acyclic_indvary1_step2_batch_yyy01.pl,v3,no,0.11,no,corr,2,None,None,None
1109,exp_acyclic_indvary1_step2_batch_yyy01.pl,d1,no,0.11,no,corr,2,None,None,None
1110,exp_acyclic_indvary1_step2_batch_yyy01.pl,u2,no,0.11,no,corr,2,None,None,None
1111,exp_acyclic_indvary1_step2_batch_yyy02.pl,w2,no,0.11,no,corr,2,None,None,None
1112,exp_acyclic_indvary1_step2_batch_yyy02.pl,a5,no,0.13,no,corr,2,None,None,None
1113,exp_acyclic_indvary1_step2_batch_yyy02.pl,y3,no,0.14,no,corr,2,None,None,None
1114,exp_acyclic_indvary1_step2_batch_yyy02.pl,w4,no,0.15,no,corr,2,None,None,None
1115,exp_acyclic_indvary1_step2_batch_yyy02.pl,p2,yes,0.12,yes,corr,1,None,None,None
1116,exp_acyclic_indvary1_step2_batch_yyy02.pl,a3,no,0.16,yes,inc,2,None,None,None
1117,exp_acyclic_indvary1_step2_batch_yyy02.pl,x5,no,0.16,no,corr,2,None,None,None
1118,exp_acyclic_indvary1_step2_batch_yyy02.pl,t2,no,0.15,no,corr,2,None,None,None
1119,exp_acyclic_indvary1_step2_batch_yyy02.pl,u3,no,0.14,no,corr,2,None,None,None
1120,exp_acyclic_indvary1_step2_batch_yyy02.pl,e3,no,0.15,no,corr,2,None,None,None
1121,exp_acyclic_indvary1_step2_batch_yyy03.pl,v2,no,0.12,no,corr,2,None,None,None
1122,exp_acyclic_indvary1_step2_batch_yyy03.pl,c5,no,0.15,no,corr,2,None,None,None
1123,exp_acyclic_indvary1_step2_batch_yyy03.pl,b5,no,0.14,no,corr,2,None,None,None
1124,exp_acyclic_indvary1_step2_batch_yyy03.pl,v4,no,0.11,no,corr,2,None,None,None
1125,exp_acyclic_indvary1_step2_batch_yyy03.pl,a3,no,0.14,no,corr,4,None,None,None
1126,exp_acyclic_indvary1_step2_batch_yyy03.pl,x1,yes,0.12,yes,corr,1,None,None,None
1127,exp_acyclic_indvary1_step2_batch_yyy03.pl,y5,no,0.11,no,corr,2,None,None,None
1128,exp_acyclic_indvary1_step2_batch_yyy03.pl,t4,no,0.13,no,corr,2,None,None,None
1129,exp_acyclic_indvary1_step2_batch_yyy03.pl,t5,no,0.11,no,corr,2,None,None,None
1130,exp_acyclic_indvary1_step2_batch_yyy03.pl,s3,no,0.13,no,corr,2,None,None,None
1131,exp_acyclic_indvary1_step2_batch_yyy04.pl,u5,no,0.13,no,corr,5,None,None,None
1132,exp_acyclic_indvary1_step2_batch_yyy04.pl,s3,no,0.14,no,corr,5,None,None,None
1133,exp_acyclic_indvary1_step2_batch_yyy04.pl,u1,yes,0.11,yes,corr,1,None,None,None
1134,exp_acyclic_indvary1_step2_batch_yyy04.pl,d3,no,0.14,no,corr,5,None,None,None
1135,exp_acyclic_indvary1_step2_batch_yyy04.pl,w5,no,0.12,no,corr,5,None,None,None
1136,exp_acyclic_indvary1_step2_batch_yyy04.pl,c5,no,0.13,no,corr,5,None,None,None
1137,exp_acyclic_indvary1_step2_batch_yyy04.pl,v4,no,0.13,no,corr,5,None,None,None
1138,exp_acyclic_indvary1_step2_batch_yyy04.pl,p2,yes,0.13,yes,corr,5,None,None,None
1139,exp_acyclic_indvary1_step2_batch_yyy04.pl,a1,no,0.13,yes,inc,5,None,None,None
1140,exp_acyclic_indvary1_step2_batch_yyy04.pl,d1,no,0.15,no,corr,5,None,None,None
1141,exp_acyclic_indvary1_step2_batch_yyy05.pl,p5,no,0.13,no,corr,2,None,None,None
1142,exp_acyclic_indvary1_step2_batch_yyy05.pl,w2,no,0.12,no,corr,2,None,None,None
1143,exp_acyclic_indvary1_step2_batch_yyy05.pl,s5,no,0.12,no,corr,2,None,None,None
1144,exp_acyclic_indvary1_step2_batch_yyy05.pl,d2,no,0.13,no,corr,2,None,None,None
1145,exp_acyclic_indvary1_step2_batch_yyy05.pl,v3,no,0.12,no,corr,2,None,None,None
1146,exp_acyclic_indvary1_step2_batch_yyy05.pl,u2,no,0.12,no,corr,2,None,None,None
1147,exp_acyclic_indvary1_step2_batch_yyy05.pl,u5,no,0.16,no,corr,2,None,None,None
1148,exp_acyclic_indvary1_step2_batch_yyy05.pl,d5,no,0.16,no,corr,2,None,None,None
1149,exp_acyclic_indvary1_step2_batch_yyy05.pl,a4,no,0.15,no,corr,2,None,None,None
1150,exp_acyclic_indvary1_step2_batch_yyy05.pl,f5,no,0.14,no,corr,2,None,None,None
1151,exp_acyclic_indvary1_step2_batch_yyy06.pl,q4,no,0.13,no,corr,3,None,None,None
1152,exp_acyclic_indvary1_step2_batch_yyy06.pl,z4,no,0.12,no,corr,3,None,None,None
1153,exp_acyclic_indvary1_step2_batch_yyy06.pl,v1,yes,0.12,yes,corr,2,None,None,None
1154,exp_acyclic_indvary1_step2_batch_yyy06.pl,x5,no,0.11,no,corr,3,None,None,None
1155,exp_acyclic_indvary1_step2_batch_yyy06.pl,s1,yes,0.12,yes,corr,1,None,None,None
1156,exp_acyclic_indvary1_step2_batch_yyy06.pl,v3,no,0.13,no,corr,3,None,None,None
1157,exp_acyclic_indvary1_step2_batch_yyy06.pl,w3,no,0.11,no,corr,3,None,None,None
1158,exp_acyclic_indvary1_step2_batch_yyy06.pl,q2,no,0.14,yes,inc,4,None,None,None
1159,exp_acyclic_indvary1_step2_batch_yyy06.pl,w2,no,0.12,no,corr,3,None,None,None
1160,exp_acyclic_indvary1_step2_batch_yyy06.pl,e5,no,0.12,no,corr,3,None,None,None
1161,exp_acyclic_indvary1_step2_batch_yyy07.pl,a6,no,0.11,no,corr,2,None,None,None
1162,exp_acyclic_indvary1_step2_batch_yyy07.pl,e5,no,0.11,no,corr,2,None,None,None
1163,exp_acyclic_indvary1_step2_batch_yyy07.pl,d3,no,0.12,no,corr,2,None,None,None
1164,exp_acyclic_indvary1_step2_batch_yyy07.pl,q5,no,0.11,no,corr,2,None,None,None
1165,exp_acyclic_indvary1_step2_batch_yyy07.pl,s1,yes,0.11,yes,corr,1,None,None,None
1166,exp_acyclic_indvary1_step2_batch_yyy07.pl,p2,no,0.12,no,corr,3,None,None,None
1167,exp_acyclic_indvary1_step2_batch_yyy07.pl,c3,no,0.11,no,corr,2,None,None,None
1168,exp_acyclic_indvary1_step2_batch_yyy07.pl,s3,no,0.11,no,corr,2,None,None,None
1169,exp_acyclic_indvary1_step2_batch_yyy07.pl,a2,no,0.13,no,corr,2,None,None,None
1170,exp_acyclic_indvary1_step2_batch_yyy07.pl,x4,no,0.11,no,corr,2,None,None,None
1171,exp_acyclic_indvary1_step2_batch_yyy08.pl,d5,no,0.12,no,corr,2,None,None,None
1172,exp_acyclic_indvary1_step2_batch_yyy08.pl,s3,no,0.11,no,corr,2,None,None,None
1173,exp_acyclic_indvary1_step2_batch_yyy08.pl,b2,no,0.15,yes,inc,3,None,None,None
1174,exp_acyclic_indvary1_step2_batch_yyy08.pl,u1,no,0.12,no,corr,3,None,None,None
1175,exp_acyclic_indvary1_step2_batch_yyy08.pl,d2,no,0.12,yes,inc,2,None,None,None
1176,exp_acyclic_indvary1_step2_batch_yyy08.pl,b6,no,0.14,no,corr,2,None,None,None
1177,exp_acyclic_indvary1_step2_batch_yyy08.pl,d1,no,0.15,no,corr,4,None,None,None
1178,exp_acyclic_indvary1_step2_batch_yyy08.pl,y5,no,0.12,no,corr,2,None,None,None
1179,exp_acyclic_indvary1_step2_batch_yyy08.pl,x5,no,0.12,no,corr,2,None,None,None
1180,exp_acyclic_indvary1_step2_batch_yyy08.pl,z2,no,0.13,no,corr,2,None,None,None
1181,exp_acyclic_indvary1_step2_batch_yyy09.pl,a6,no,0.14,no,corr,2,None,None,None
1182,exp_acyclic_indvary1_step2_batch_yyy09.pl,p4,no,0.12,no,corr,2,None,None,None
1183,exp_acyclic_indvary1_step2_batch_yyy09.pl,f1,no,0.13,yes,inc,3,None,None,None
1184,exp_acyclic_indvary1_step2_batch_yyy09.pl,z1,yes,0.13,yes,corr,1,None,None,None
1185,exp_acyclic_indvary1_step2_batch_yyy09.pl,a4,no,0.13,no,corr,2,None,None,None
1186,exp_acyclic_indvary1_step2_batch_yyy09.pl,t1,yes,0.17,yes,corr,1,None,None,None
1187,exp_acyclic_indvary1_step2_batch_yyy09.pl,a2,no,0.11,yes,inc,3,None,None,None
1188,exp_acyclic_indvary1_step2_batch_yyy09.pl,q2,no,0.13,no,corr,3,None,None,None
1189,exp_acyclic_indvary1_step2_batch_yyy09.pl,t2,no,0.11,no,corr,2,None,None,None
1190,exp_acyclic_indvary1_step2_batch_yyy09.pl,c6,no,0.13,no,corr,2,None,None,None
1191,exp_acyclic_indvary1_step2_batch_yyy10.pl,u5,no,0.11,no,corr,3,None,None,None
1192,exp_acyclic_indvary1_step2_batch_yyy10.pl,e5,no,0.17,no,corr,3,None,None,None
1193,exp_acyclic_indvary1_step2_batch_yyy10.pl,z1,yes,0.11,yes,corr,2,None,None,None
1194,exp_acyclic_indvary1_step2_batch_yyy10.pl,x5,no,0.15,no,corr,3,None,None,None
1195,exp_acyclic_indvary1_step2_batch_yyy10.pl,a3,no,0.12,yes,inc,4,None,None,None
1196,exp_acyclic_indvary1_step2_batch_yyy10.pl,r2,yes,0.14,yes,corr,3,None,None,None
1197,exp_acyclic_indvary1_step2_batch_yyy10.pl,v3,no,0.11,no,corr,3,None,None,None
1198,exp_acyclic_indvary1_step2_batch_yyy10.pl,q1,no,0.14,no,corr,4,None,None,None
1199,exp_acyclic_indvary1_step2_batch_yyy10.pl,v5,no,0.13,no,corr,3,None,None,None
1200,exp_acyclic_indvary1_step2_batch_yyy10.pl,w5,no,0.13,no,corr,3,None,None,None
1201,exp_acyclic_indvary1_step3_batch_yyy01.pl,p5,no,0.12,no,corr,2,None,None,None
1202,exp_acyclic_indvary1_step3_batch_yyy01.pl,w5,no,0.13,no,corr,2,None,None,None
1203,exp_acyclic_indvary1_step3_batch_yyy01.pl,q5,no,0.14,no,corr,2,None,None,None
1204,exp_acyclic_indvary1_step3_batch_yyy01.pl,v1,no,0.13,no,corr,2,None,None,None
1205,exp_acyclic_indvary1_step3_batch_yyy01.pl,z2,yes,0.12,yes,corr,2,None,None,None
1206,exp_acyclic_indvary1_step3_batch_yyy01.pl,v3,no,0.13,no,corr,2,None,None,None
1207,exp_acyclic_indvary1_step3_batch_yyy01.pl,a6,no,0.14,no,corr,2,None,None,None
1208,exp_acyclic_indvary1_step3_batch_yyy01.pl,y4,no,0.12,no,corr,2,None,None,None
1209,exp_acyclic_indvary1_step3_batch_yyy01.pl,w2,no,0.19,no,corr,3,None,None,None
1210,exp_acyclic_indvary1_step3_batch_yyy01.pl,u1,no,0.12,no,corr,3,None,None,None
1211,exp_acyclic_indvary1_step3_batch_yyy02.pl,t3,no,0.12,no,corr,2,None,None,None
1212,exp_acyclic_indvary1_step3_batch_yyy02.pl,f3,no,0.11,no,corr,2,None,None,None
1213,exp_acyclic_indvary1_step3_batch_yyy02.pl,e3,no,0.14,no,corr,2,None,None,None
1214,exp_acyclic_indvary1_step3_batch_yyy02.pl,y1,no,0.12,yes,inc,3,None,None,None
1215,exp_acyclic_indvary1_step3_batch_yyy02.pl,y2,yes,0.13,yes,corr,1,None,None,None
1216,exp_acyclic_indvary1_step3_batch_yyy02.pl,f2,no,0.11,no,corr,2,None,None,None
1217,exp_acyclic_indvary1_step3_batch_yyy02.pl,c2,no,0.13,yes,inc,2,None,None,None
1218,exp_acyclic_indvary1_step3_batch_yyy02.pl,b1,no,0.11,no,corr,2,None,None,None
1219,exp_acyclic_indvary1_step3_batch_yyy02.pl,d1,no,0.16,no,corr,5,None,None,None
1220,exp_acyclic_indvary1_step3_batch_yyy02.pl,t1,yes,0.14,yes,corr,1,None,None,None
1221,exp_acyclic_indvary1_step3_batch_yyy03.pl,y4,no,0.14,no,corr,1,None,None,None
1222,exp_acyclic_indvary1_step3_batch_yyy03.pl,c6,no,0.11,no,corr,1,None,None,None
1223,exp_acyclic_indvary1_step3_batch_yyy03.pl,d2,no,0.12,yes,inc,1,None,None,None
1224,exp_acyclic_indvary1_step3_batch_yyy03.pl,w3,no,0.13,no,corr,1,None,None,None
1225,exp_acyclic_indvary1_step3_batch_yyy03.pl,t4,no,0.12,no,corr,1,None,None,None
1226,exp_acyclic_indvary1_step3_batch_yyy03.pl,t5,no,0.11,no,corr,1,None,None,None
1227,exp_acyclic_indvary1_step3_batch_yyy03.pl,s5,no,0.11,no,corr,1,None,None,None
1228,exp_acyclic_indvary1_step3_batch_yyy03.pl,q5,no,0.11,no,corr,1,None,None,None
1229,exp_acyclic_indvary1_step3_batch_yyy03.pl,a4,no,0.11,no,corr,1,None,None,None
1230,exp_acyclic_indvary1_step3_batch_yyy03.pl,x2,no,0.11,no,corr,2,None,None,None
1231,exp_acyclic_indvary1_step3_batch_yyy04.pl,t4,no,0.18,no,corr,2,None,None,None
1232,exp_acyclic_indvary1_step3_batch_yyy04.pl,p5,no,0.13,no,corr,2,None,None,None
1233,exp_acyclic_indvary1_step3_batch_yyy04.pl,t3,no,0.14,no,corr,2,None,None,None
1234,exp_acyclic_indvary1_step3_batch_yyy04.pl,s2,yes,0.12,yes,corr,1,None,None,None
1235,exp_acyclic_indvary1_step3_batch_yyy04.pl,q4,no,0.14,no,corr,2,None,None,None
1236,exp_acyclic_indvary1_step3_batch_yyy04.pl,z3,no,0.15,no,corr,2,None,None,None
1237,exp_acyclic_indvary1_step3_batch_yyy04.pl,d3,no,0.12,no,corr,2,None,None,None
1238,exp_acyclic_indvary1_step3_batch_yyy04.pl,u4,no,0.13,no,corr,2,None,None,None
1239,exp_acyclic_indvary1_step3_batch_yyy04.pl,v4,no,0.14,no,corr,2,None,None,None
1240,exp_acyclic_indvary1_step3_batch_yyy04.pl,e3,no,0.14,no,corr,2,None,None,None
1241,exp_acyclic_indvary1_step3_batch_yyy05.pl,u5,no,0.12,no,corr,1,None,None,None
1242,exp_acyclic_indvary1_step3_batch_yyy05.pl,t4,no,0.13,no,corr,1,None,None,None
1243,exp_acyclic_indvary1_step3_batch_yyy05.pl,v2,no,0.15,yes,inc,2,None,None,None
1244,exp_acyclic_indvary1_step3_batch_yyy05.pl,d4,no,0.11,no,corr,1,None,None,None
1245,exp_acyclic_indvary1_step3_batch_yyy05.pl,u4,no,0.13,no,corr,1,None,None,None
1246,exp_acyclic_indvary1_step3_batch_yyy05.pl,v5,no,0.11,no,corr,1,None,None,None
1247,exp_acyclic_indvary1_step3_batch_yyy05.pl,q4,no,0.12,no,corr,1,None,None,None
1248,exp_acyclic_indvary1_step3_batch_yyy05.pl,p3,no,0.13,no,corr,2,None,None,None
1249,exp_acyclic_indvary1_step3_batch_yyy05.pl,y5,no,0.14,no,corr,1,None,None,None
1250,exp_acyclic_indvary1_step3_batch_yyy05.pl,q2,no,0.13,no,corr,2,None,None,None
1251,exp_acyclic_indvary1_step3_batch_yyy06.pl,c3,no,0.18,yes,inc,2,None,None,None
1252,exp_acyclic_indvary1_step3_batch_yyy06.pl,e5,no,0.11,no,corr,2,None,None,None
1253,exp_acyclic_indvary1_step3_batch_yyy06.pl,s5,no,0.13,no,corr,2,None,None,None
1254,exp_acyclic_indvary1_step3_batch_yyy06.pl,s2,yes,0.12,yes,corr,1,None,None,None
1255,exp_acyclic_indvary1_step3_batch_yyy06.pl,f3,no,0.13,no,corr,2,None,None,None
1256,exp_acyclic_indvary1_step3_batch_yyy06.pl,r4,no,0.16,no,corr,2,None,None,None
1257,exp_acyclic_indvary1_step3_batch_yyy06.pl,z3,no,0.12,no,corr,2,None,None,None
1258,exp_acyclic_indvary1_step3_batch_yyy06.pl,r2,no,0.12,no,corr,2,None,None,None
1259,exp_acyclic_indvary1_step3_batch_yyy06.pl,x4,no,0.11,no,corr,2,None,None,None
1260,exp_acyclic_indvary1_step3_batch_yyy06.pl,q2,yes,0.13,yes,corr,1,None,None,None
1261,exp_acyclic_indvary1_step3_batch_yyy07.pl,c4,no,0.12,no,corr,1,None,None,None
1262,exp_acyclic_indvary1_step3_batch_yyy07.pl,u4,no,0.12,no,corr,1,None,None,None
1263,exp_acyclic_indvary1_step3_batch_yyy07.pl,e4,no,0.12,no,corr,1,None,None,None
1264,exp_acyclic_indvary1_step3_batch_yyy07.pl,r4,no,0.14,no,corr,1,None,None,None
1265,exp_acyclic_indvary1_step3_batch_yyy07.pl,p2,no,0.11,no,corr,2,None,None,None
1266,exp_acyclic_indvary1_step3_batch_yyy07.pl,f4,no,0.11,no,corr,1,None,None,None
1267,exp_acyclic_indvary1_step3_batch_yyy07.pl,q1,no,0.12,yes,inc,2,None,None,None
1268,exp_acyclic_indvary1_step3_batch_yyy07.pl,a2,no,0.11,yes,inc,1,None,None,None
1269,exp_acyclic_indvary1_step3_batch_yyy07.pl,c2,no,0.11,no,corr,1,None,None,None
1270,exp_acyclic_indvary1_step3_batch_yyy07.pl,a5,no,0.12,no,corr,1,None,None,None
1271,exp_acyclic_indvary1_step3_batch_yyy08.pl,u1,yes,0.12,yes,corr,2,None,None,None
1272,exp_acyclic_indvary1_step3_batch_yyy08.pl,q4,no,0.16,no,corr,3,None,None,None
1273,exp_acyclic_indvary1_step3_batch_yyy08.pl,e4,no,0.17,no,corr,3,None,None,None
1274,exp_acyclic_indvary1_step3_batch_yyy08.pl,w1,no,0.12,no,corr,3,None,None,None
1275,exp_acyclic_indvary1_step3_batch_yyy08.pl,v4,no,0.14,no,corr,3,None,None,None
1276,exp_acyclic_indvary1_step3_batch_yyy08.pl,f2,no,0.15,no,corr,3,None,None,None
1277,exp_acyclic_indvary1_step3_batch_yyy08.pl,b4,no,0.12,no,corr,3,None,None,None
1278,exp_acyclic_indvary1_step3_batch_yyy08.pl,q5,no,0.14,no,corr,3,None,None,None
1279,exp_acyclic_indvary1_step3_batch_yyy08.pl,c2,no,0.17,yes,inc,3,None,None,None
1280,exp_acyclic_indvary1_step3_batch_yyy08.pl,b1,no,0.12,no,corr,3,None,None,None
1281,exp_acyclic_indvary1_step3_batch_yyy09.pl,b3,no,0.14,yes,inc,2,None,None,None
1282,exp_acyclic_indvary1_step3_batch_yyy09.pl,d4,no,0.15,no,corr,2,None,None,None
1283,exp_acyclic_indvary1_step3_batch_yyy09.pl,u1,no,0.13,no,corr,3,None,None,None
1284,exp_acyclic_indvary1_step3_batch_yyy09.pl,t3,no,0.14,no,corr,2,None,None,None
1285,exp_acyclic_indvary1_step3_batch_yyy09.pl,q4,no,0.18,no,corr,2,None,None,None
1286,exp_acyclic_indvary1_step3_batch_yyy09.pl,v1,no,0.12,no,corr,3,None,None,None
1287,exp_acyclic_indvary1_step3_batch_yyy09.pl,q1,no,0.13,no,corr,2,None,None,None
1288,exp_acyclic_indvary1_step3_batch_yyy09.pl,c1,no,0.14,no,corr,2,None,None,None
1289,exp_acyclic_indvary1_step3_batch_yyy09.pl,t2,no,0.13,no,corr,3,None,None,None
1290,exp_acyclic_indvary1_step3_batch_yyy09.pl,c6,no,0.15,no,corr,2,None,None,None
1291,exp_acyclic_indvary1_step3_batch_yyy10.pl,e1,no,0.11,yes,inc,1,None,None,None
1292,exp_acyclic_indvary1_step3_batch_yyy10.pl,w5,no,0.1,no,corr,1,None,None,None
1293,exp_acyclic_indvary1_step3_batch_yyy10.pl,z1,yes,0.14,yes,corr,1,None,None,None
1294,exp_acyclic_indvary1_step3_batch_yyy10.pl,a4,no,0.12,no,corr,1,None,None,None
1295,exp_acyclic_indvary1_step3_batch_yyy10.pl,p3,no,0.12,no,corr,2,None,None,None
1296,exp_acyclic_indvary1_step3_batch_yyy10.pl,b6,no,0.12,no,corr,1,None,None,None
1297,exp_acyclic_indvary1_step3_batch_yyy10.pl,d1,no,0.14,no,corr,1,None,None,None
1298,exp_acyclic_indvary1_step3_batch_yyy10.pl,c3,no,0.12,no,corr,1,None,None,None
1299,exp_acyclic_indvary1_step3_batch_yyy10.pl,t5,no,0.13,no,corr,1,None,None,None
1300,exp_acyclic_indvary1_step3_batch_yyy10.pl,s3,no,0.12,no,corr,1,None,None,None
1301,exp_acyclic_indvary1_step4_batch_yyy01.pl,u1,no,0.13,yes,inc,3,None,None,None
1302,exp_acyclic_indvary1_step4_batch_yyy01.pl,a5,no,0.11,no,corr,2,None,None,None
1303,exp_acyclic_indvary1_step4_batch_yyy01.pl,e4,no,0.14,no,corr,2,None,None,None
1304,exp_acyclic_indvary1_step4_batch_yyy01.pl,v4,no,0.11,no,corr,2,None,None,None
1305,exp_acyclic_indvary1_step4_batch_yyy01.pl,v3,no,0.14,yes,inc,3,None,None,None
1306,exp_acyclic_indvary1_step4_batch_yyy01.pl,e2,no,0.1,no,corr,2,None,None,None
1307,exp_acyclic_indvary1_step4_batch_yyy01.pl,s5,no,0.17,no,corr,2,None,None,None
1308,exp_acyclic_indvary1_step4_batch_yyy01.pl,q5,no,0.13,no,corr,2,None,None,None
1309,exp_acyclic_indvary1_step4_batch_yyy01.pl,y2,yes,0.12,yes,corr,1,None,None,None
1310,exp_acyclic_indvary1_step4_batch_yyy01.pl,x1,no,0.12,no,corr,2,None,None,None
1311,exp_acyclic_indvary1_step4_batch_yyy02.pl,s3,yes,0.15,yes,corr,1,None,None,None
1312,exp_acyclic_indvary1_step4_batch_yyy02.pl,b1,no,0.15,no,corr,1,None,None,None
1313,exp_acyclic_indvary1_step4_batch_yyy02.pl,w4,no,0.12,no,corr,1,None,None,None
1314,exp_acyclic_indvary1_step4_batch_yyy02.pl,a3,no,0.11,yes,inc,1,None,None,None
1315,exp_acyclic_indvary1_step4_batch_yyy02.pl,x1,no,0.13,no,corr,1,None,None,None
1316,exp_acyclic_indvary1_step4_batch_yyy02.pl,a1,no,0.11,yes,inc,1,None,None,None
1317,exp_acyclic_indvary1_step4_batch_yyy02.pl,r3,no,0.14,no,corr,2,None,None,None
1318,exp_acyclic_indvary1_step4_batch_yyy02.pl,f2,no,0.11,yes,inc,1,None,None,None
1319,exp_acyclic_indvary1_step4_batch_yyy02.pl,b3,no,0.13,yes,inc,2,None,None,None
1320,exp_acyclic_indvary1_step4_batch_yyy02.pl,y4,no,0.12,no,corr,1,None,None,None
1321,exp_acyclic_indvary1_step4_batch_yyy03.pl,u5,no,0.13,no,corr,2,None,None,None
1322,exp_acyclic_indvary1_step4_batch_yyy03.pl,q4,no,0.14,no,corr,3,None,None,None
1323,exp_acyclic_indvary1_step4_batch_yyy03.pl,z4,no,0.12,no,corr,2,None,None,None
1324,exp_acyclic_indvary1_step4_batch_yyy03.pl,y2,no,0.13,no,corr,2,None,None,None
1325,exp_acyclic_indvary1_step4_batch_yyy03.pl,r2,yes,0.12,yes,corr,1,None,None,None
1326,exp_acyclic_indvary1_step4_batch_yyy03.pl,v3,no,0.13,no,corr,2,None,None,None
1327,exp_acyclic_indvary1_step4_batch_yyy03.pl,t4,no,0.15,no,corr,2,None,None,None
1328,exp_acyclic_indvary1_step4_batch_yyy03.pl,c4,no,0.12,no,corr,2,None,None,None
1329,exp_acyclic_indvary1_step4_batch_yyy03.pl,p5,no,0.13,no,corr,2,None,None,None
1330,exp_acyclic_indvary1_step4_batch_yyy03.pl,x3,yes,0.14,yes,corr,1,None,None,None
1331,exp_acyclic_indvary1_step4_batch_yyy04.pl,a6,no,0.11,no,corr,1,None,None,None
1332,exp_acyclic_indvary1_step4_batch_yyy04.pl,z5,no,0.17,no,corr,1,None,None,None
1333,exp_acyclic_indvary1_step4_batch_yyy04.pl,p2,yes,0.1,yes,corr,1,None,None,None
1334,exp_acyclic_indvary1_step4_batch_yyy04.pl,a3,no,0.13,yes,inc,1,None,None,None
1335,exp_acyclic_indvary1_step4_batch_yyy04.pl,w3,no,0.13,no,corr,2,None,None,None
1336,exp_acyclic_indvary1_step4_batch_yyy04.pl,f2,no,0.14,no,corr,1,None,None,None
1337,exp_acyclic_indvary1_step4_batch_yyy04.pl,c2,no,0.12,yes,inc,1,None,None,None
1338,exp_acyclic_indvary1_step4_batch_yyy04.pl,b1,no,0.13,yes,inc,1,None,None,None
1339,exp_acyclic_indvary1_step4_batch_yyy04.pl,e3,no,0.11,no,corr,1,None,None,None
1340,exp_acyclic_indvary1_step4_batch_yyy04.pl,r4,no,0.11,no,corr,1,None,None,None
1341,exp_acyclic_indvary1_step4_batch_yyy05.pl,v2,no,0.12,no,corr,1,None,None,None
1342,exp_acyclic_indvary1_step4_batch_yyy05.pl,w5,no,0.12,no,corr,1,None,None,None
1343,exp_acyclic_indvary1_step4_batch_yyy05.pl,b4,no,0.12,no,corr,1,None,None,None
1344,exp_acyclic_indvary1_step4_batch_yyy05.pl,c5,no,0.11,no,corr,1,None,None,None
1345,exp_acyclic_indvary1_step4_batch_yyy05.pl,q4,yes,0.13,yes,corr,1,None,None,None
1346,exp_acyclic_indvary1_step4_batch_yyy05.pl,y3,no,0.11,no,corr,2,None,None,None
1347,exp_acyclic_indvary1_step4_batch_yyy05.pl,w4,no,0.11,no,corr,1,None,None,None
1348,exp_acyclic_indvary1_step4_batch_yyy05.pl,v4,no,0.12,no,corr,1,None,None,None
1349,exp_acyclic_indvary1_step4_batch_yyy05.pl,x1,yes,0.12,yes,corr,1,None,None,None
1350,exp_acyclic_indvary1_step4_batch_yyy05.pl,a2,no,0.13,no,corr,1,None,None,None
1351,exp_acyclic_indvary1_step4_batch_yyy06.pl,a6,no,0.12,no,corr,1,None,None,None
1352,exp_acyclic_indvary1_step4_batch_yyy06.pl,p5,no,0.13,no,corr,1,None,None,None
1353,exp_acyclic_indvary1_step4_batch_yyy06.pl,d3,no,0.14,no,corr,1,None,None,None
1354,exp_acyclic_indvary1_step4_batch_yyy06.pl,t3,no,0.12,no,corr,1,None,None,None
1355,exp_acyclic_indvary1_step4_batch_yyy06.pl,a4,no,0.13,no,corr,1,None,None,None
1356,exp_acyclic_indvary1_step4_batch_yyy06.pl,d2,no,0.18,no,corr,1,None,None,None
1357,exp_acyclic_indvary1_step4_batch_yyy06.pl,q1,no,0.12,yes,inc,2,None,None,None
1358,exp_acyclic_indvary1_step4_batch_yyy06.pl,p1,no,0.13,no,corr,1,None,None,None
1359,exp_acyclic_indvary1_step4_batch_yyy06.pl,b6,no,0.14,no,corr,1,None,None,None
1360,exp_acyclic_indvary1_step4_batch_yyy06.pl,a1,no,0.15,yes,inc,6,None,None,None
1361,exp_acyclic_indvary1_step4_batch_yyy07.pl,s3,yes,0.14,yes,corr,1,None,None,None
1362,exp_acyclic_indvary1_step4_batch_yyy07.pl,w2,no,0.13,no,corr,2,None,None,None
1363,exp_acyclic_indvary1_step4_batch_yyy07.pl,d3,no,0.12,no,corr,2,None,None,None
1364,exp_acyclic_indvary1_step4_batch_yyy07.pl,b4,no,0.15,no,corr,2,None,None,None
1365,exp_acyclic_indvary1_step4_batch_yyy07.pl,z1,no,0.17,no,corr,2,None,None,None
1366,exp_acyclic_indvary1_step4_batch_yyy07.pl,q4,yes,0.11,yes,corr,2,None,None,None
1367,exp_acyclic_indvary1_step4_batch_yyy07.pl,p3,yes,0.13,yes,corr,1,None,None,None
1368,exp_acyclic_indvary1_step4_batch_yyy07.pl,y1,no,0.12,no,corr,2,None,None,None
1369,exp_acyclic_indvary1_step4_batch_yyy07.pl,p1,yes,0.11,yes,corr,1,None,None,None
1370,exp_acyclic_indvary1_step4_batch_yyy07.pl,a2,no,0.13,yes,inc,2,None,None,None
1371,exp_acyclic_indvary1_step4_batch_yyy08.pl,u5,no,0.1,no,corr,1,None,None,None
1372,exp_acyclic_indvary1_step4_batch_yyy08.pl,v2,no,0.12,no,corr,1,None,None,None
1373,exp_acyclic_indvary1_step4_batch_yyy08.pl,f1,no,0.13,no,corr,1,None,None,None
1374,exp_acyclic_indvary1_step4_batch_yyy08.pl,f3,no,0.14,no,corr,1,None,None,None
1375,exp_acyclic_indvary1_step4_batch_yyy08.pl,b6,no,0.12,no,corr,1,None,None,None
1376,exp_acyclic_indvary1_step4_batch_yyy08.pl,x4,no,0.12,no,corr,1,None,None,None
1377,exp_acyclic_indvary1_step4_batch_yyy08.pl,s4,no,0.12,no,corr,1,None,None,None
1378,exp_acyclic_indvary1_step4_batch_yyy08.pl,b3,no,0.15,no,corr,1,None,None,None
1379,exp_acyclic_indvary1_step4_batch_yyy08.pl,z4,no,0.13,no,corr,1,None,None,None
1380,exp_acyclic_indvary1_step4_batch_yyy08.pl,y3,no,0.13,no,corr,1,None,None,None
1381,exp_acyclic_indvary1_step4_batch_yyy09.pl,c3,no,0.12,yes,inc,1,None,None,None
1382,exp_acyclic_indvary1_step4_batch_yyy09.pl,f5,no,0.17,no,corr,1,None,None,None
1383,exp_acyclic_indvary1_step4_batch_yyy09.pl,c1,no,0.11,yes,inc,1,None,None,None
1384,exp_acyclic_indvary1_step4_batch_yyy09.pl,p2,no,0.13,no,corr,2,None,None,None
1385,exp_acyclic_indvary1_step4_batch_yyy09.pl,q3,no,0.11,no,corr,2,None,None,None
1386,exp_acyclic_indvary1_step4_batch_yyy09.pl,y2,no,0.13,no,corr,2,None,None,None
1387,exp_acyclic_indvary1_step4_batch_yyy09.pl,r2,yes,0.11,yes,corr,1,None,None,None
1388,exp_acyclic_indvary1_step4_batch_yyy09.pl,a1,no,0.13,yes,inc,3,None,None,None
1389,exp_acyclic_indvary1_step4_batch_yyy09.pl,u2,no,0.1,no,corr,1,None,None,None
1390,exp_acyclic_indvary1_step4_batch_yyy09.pl,q1,no,0.12,no,corr,2,None,None,None
1391,exp_acyclic_indvary1_step4_batch_yyy10.pl,b2,no,0.12,yes,inc,2,None,None,None
1392,exp_acyclic_indvary1_step4_batch_yyy10.pl,p5,no,0.12,no,corr,2,None,None,None
1393,exp_acyclic_indvary1_step4_batch_yyy10.pl,w5,no,0.14,no,corr,2,None,None,None
1394,exp_acyclic_indvary1_step4_batch_yyy10.pl,w4,no,0.15,no,corr,2,None,None,None
1395,exp_acyclic_indvary1_step4_batch_yyy10.pl,x5,no,0.13,no,corr,2,None,None,None
1396,exp_acyclic_indvary1_step4_batch_yyy10.pl,e3,no,0.12,no,corr,2,None,None,None
1397,exp_acyclic_indvary1_step4_batch_yyy10.pl,f4,no,0.13,no,corr,2,None,None,None
1398,exp_acyclic_indvary1_step4_batch_yyy10.pl,q3,yes,0.12,yes,corr,2,None,None,None
1399,exp_acyclic_indvary1_step4_batch_yyy10.pl,w2,yes,0.14,yes,corr,1,None,None,None
1400,exp_acyclic_indvary1_step4_batch_yyy10.pl,f1,no,0.15,yes,inc,2,None,None,None
1401,exp_acyclic_indvary1_step5_batch_yyy01.pl,z5,no,0.13,no,corr,2,None,None,None
1402,exp_acyclic_indvary1_step5_batch_yyy01.pl,u1,no,0.13,no,corr,2,None,None,None
1403,exp_acyclic_indvary1_step5_batch_yyy01.pl,q5,no,0.13,no,corr,2,None,None,None
1404,exp_acyclic_indvary1_step5_batch_yyy01.pl,w4,no,0.12,no,corr,2,None,None,None
1405,exp_acyclic_indvary1_step5_batch_yyy01.pl,f4,no,0.13,no,corr,2,None,None,None
1406,exp_acyclic_indvary1_step5_batch_yyy01.pl,a2,no,0.14,yes,inc,2,None,None,None
1407,exp_acyclic_indvary1_step5_batch_yyy01.pl,t4,no,0.12,no,corr,2,None,None,None
1408,exp_acyclic_indvary1_step5_batch_yyy01.pl,t5,no,0.13,no,corr,2,None,None,None
1409,exp_acyclic_indvary1_step5_batch_yyy01.pl,c6,no,0.13,no,corr,2,None,None,None
1410,exp_acyclic_indvary1_step5_batch_yyy01.pl,z2,no,0.13,yes,inc,3,None,None,None
1411,exp_acyclic_indvary1_step5_batch_yyy02.pl,d5,no,0.18,no,corr,2,None,None,None
1412,exp_acyclic_indvary1_step5_batch_yyy02.pl,z5,no,0.13,no,corr,2,None,None,None
1413,exp_acyclic_indvary1_step5_batch_yyy02.pl,p4,yes,0.12,yes,corr,1,None,None,None
1414,exp_acyclic_indvary1_step5_batch_yyy02.pl,y3,no,0.13,no,corr,2,None,None,None
1415,exp_acyclic_indvary1_step5_batch_yyy02.pl,x4,no,0.17,yes,inc,3,None,None,None
1416,exp_acyclic_indvary1_step5_batch_yyy02.pl,f2,no,0.15,no,corr,5,None,None,None
1417,exp_acyclic_indvary1_step5_batch_yyy02.pl,y1,no,0.13,no,corr,3,None,None,None
1418,exp_acyclic_indvary1_step5_batch_yyy02.pl,r1,no,0.12,no,corr,3,None,None,None
1419,exp_acyclic_indvary1_step5_batch_yyy02.pl,t1,no,0.14,no,corr,2,None,None,None
1420,exp_acyclic_indvary1_step5_batch_yyy02.pl,q1,no,0.15,no,corr,2,None,None,None
1421,exp_acyclic_indvary1_step5_batch_yyy03.pl,s3,no,0.11,no,corr,1,None,None,None
1422,exp_acyclic_indvary1_step5_batch_yyy03.pl,z5,no,0.11,no,corr,1,None,None,None
1423,exp_acyclic_indvary1_step5_batch_yyy03.pl,p4,no,0.12,no,corr,1,None,None,None
1424,exp_acyclic_indvary1_step5_batch_yyy03.pl,e5,no,0.12,no,corr,1,None,None,None
1425,exp_acyclic_indvary1_step5_batch_yyy03.pl,t3,yes,0.13,yes,corr,1,None,None,None
1426,exp_acyclic_indvary1_step5_batch_yyy03.pl,e4,no,0.13,no,corr,1,None,None,None
1427,exp_acyclic_indvary1_step5_batch_yyy03.pl,x1,no,0.12,no,corr,1,None,None,None
1428,exp_acyclic_indvary1_step5_batch_yyy03.pl,b6,no,0.13,no,corr,1,None,None,None
1429,exp_acyclic_indvary1_step5_batch_yyy03.pl,s4,yes,0.13,yes,corr,1,None,None,None
1430,exp_acyclic_indvary1_step5_batch_yyy03.pl,b3,no,0.11,no,corr,1,None,None,None
1431,exp_acyclic_indvary1_step5_batch_yyy04.pl,e1,no,0.12,yes,inc,1,None,None,None
1432,exp_acyclic_indvary1_step5_batch_yyy04.pl,p4,yes,0.1,yes,corr,1,None,None,None
1433,exp_acyclic_indvary1_step5_batch_yyy04.pl,f1,no,0.19,no,corr,1,None,None,None
1434,exp_acyclic_indvary1_step5_batch_yyy04.pl,q4,no,0.14,yes,inc,2,None,None,None
1435,exp_acyclic_indvary1_step5_batch_yyy04.pl,r5,no,0.13,no,corr,1,None,None,None
1436,exp_acyclic_indvary1_step5_batch_yyy04.pl,x5,no,0.13,no,corr,1,None,None,None
1437,exp_acyclic_indvary1_step5_batch_yyy04.pl,a3,no,0.13,no,corr,1,None,None,None
1438,exp_acyclic_indvary1_step5_batch_yyy04.pl,y2,no,0.14,no,corr,2,None,None,None
1439,exp_acyclic_indvary1_step5_batch_yyy04.pl,a1,no,0.13,no,corr,1,None,None,None
1440,exp_acyclic_indvary1_step5_batch_yyy04.pl,p1,no,0.13,no,corr,1,None,None,None
1441,exp_acyclic_indvary1_step5_batch_yyy05.pl,t5,no,0.13,no,corr,2,None,None,None
1442,exp_acyclic_indvary1_step5_batch_yyy05.pl,e1,no,0.13,yes,inc,2,None,None,None
1443,exp_acyclic_indvary1_step5_batch_yyy05.pl,z1,no,0.14,no,corr,2,None,None,None
1444,exp_acyclic_indvary1_step5_batch_yyy05.pl,f5,no,0.14,no,corr,2,None,None,None
1445,exp_acyclic_indvary1_step5_batch_yyy05.pl,c1,no,0.18,yes,inc,6,None,None,None
1446,exp_acyclic_indvary1_step5_batch_yyy05.pl,u3,yes,0.16,yes,corr,1,None,None,None
1447,exp_acyclic_indvary1_step5_batch_yyy05.pl,r2,no,0.16,no,corr,2,None,None,None
1448,exp_acyclic_indvary1_step5_batch_yyy05.pl,w3,no,0.16,no,corr,2,None,None,None
1449,exp_acyclic_indvary1_step5_batch_yyy05.pl,p4,yes,0.11,yes,corr,2,None,None,None
1450,exp_acyclic_indvary1_step5_batch_yyy05.pl,x3,no,0.13,no,corr,2,None,None,None
1451,exp_acyclic_indvary1_step5_batch_yyy06.pl,d3,no,0.1,no,corr,1,None,None,None
1452,exp_acyclic_indvary1_step5_batch_yyy06.pl,v1,yes,0.12,yes,corr,1,None,None,None
1453,exp_acyclic_indvary1_step5_batch_yyy06.pl,s1,no,0.13,no,corr,1,None,None,None
1454,exp_acyclic_indvary1_step5_batch_yyy06.pl,p2,no,0.14,yes,inc,2,None,None,None
1455,exp_acyclic_indvary1_step5_batch_yyy06.pl,x4,yes,0.13,yes,corr,1,None,None,None
1456,exp_acyclic_indvary1_step5_batch_yyy06.pl,t5,no,0.12,no,corr,1,None,None,None
1457,exp_acyclic_indvary1_step5_batch_yyy06.pl,s3,yes,0.15,yes,corr,1,None,None,None
1458,exp_acyclic_indvary1_step5_batch_yyy06.pl,c4,no,0.15,no,corr,1,None,None,None
1459,exp_acyclic_indvary1_step5_batch_yyy06.pl,e3,no,0.12,no,corr,1,None,None,None
1460,exp_acyclic_indvary1_step5_batch_yyy06.pl,r4,no,0.13,no,corr,2,None,None,None
1461,exp_acyclic_indvary1_step5_batch_yyy07.pl,b2,no,0.11,yes,inc,1,None,None,None
1462,exp_acyclic_indvary1_step5_batch_yyy07.pl,p4,no,0.17,no,corr,2,None,None,None
1463,exp_acyclic_indvary1_step5_batch_yyy07.pl,w5,no,0.1,no,corr,1,None,None,None
1464,exp_acyclic_indvary1_step5_batch_yyy07.pl,b1,no,0.12,yes,inc,1,None,None,None
1465,exp_acyclic_indvary1_step5_batch_yyy07.pl,e3,no,0.11,no,corr,1,None,None,None
1466,exp_acyclic_indvary1_step5_batch_yyy07.pl,s1,no,0.14,no,corr,2,None,None,None
1467,exp_acyclic_indvary1_step5_batch_yyy07.pl,q3,no,0.14,no,corr,1,None,None,None
1468,exp_acyclic_indvary1_step5_batch_yyy07.pl,p1,yes,0.13,yes,corr,1,None,None,None
1469,exp_acyclic_indvary1_step5_batch_yyy07.pl,v1,no,0.11,no,corr,1,None,None,None
1470,exp_acyclic_indvary1_step5_batch_yyy07.pl,w1,yes,0.12,yes,corr,1,None,None,None
1471,exp_acyclic_indvary1_step5_batch_yyy08.pl,d4,no,0.12,no,corr,2,None,None,None
1472,exp_acyclic_indvary1_step5_batch_yyy08.pl,u1,no,0.12,no,corr,2,None,None,None
1473,exp_acyclic_indvary1_step5_batch_yyy08.pl,v5,no,0.13,no,corr,2,None,None,None
1474,exp_acyclic_indvary1_step5_batch_yyy08.pl,a4,no,0.15,no,corr,2,None,None,None
1475,exp_acyclic_indvary1_step5_batch_yyy08.pl,r5,no,0.12,no,corr,2,None,None,None
1476,exp_acyclic_indvary1_step5_batch_yyy08.pl,f3,no,0.12,no,corr,2,None,None,None
1477,exp_acyclic_indvary1_step5_batch_yyy08.pl,c6,no,0.13,no,corr,2,None,None,None
1478,exp_acyclic_indvary1_step5_batch_yyy08.pl,e3,no,0.15,no,corr,2,None,None,None
1479,exp_acyclic_indvary1_step5_batch_yyy08.pl,y2,no,0.17,no,corr,2,None,None,None
1480,exp_acyclic_indvary1_step5_batch_yyy08.pl,x1,yes,0.13,yes,corr,2,None,None,None
1481,exp_acyclic_indvary1_step5_batch_yyy09.pl,c4,no,0.12,no,corr,2,None,None,None
1482,exp_acyclic_indvary1_step5_batch_yyy09.pl,b2,no,0.14,yes,inc,2,None,None,None
1483,exp_acyclic_indvary1_step5_batch_yyy09.pl,w5,no,0.11,no,corr,2,None,None,None
1484,exp_acyclic_indvary1_step5_batch_yyy09.pl,a5,no,0.12,no,corr,2,None,None,None
1485,exp_acyclic_indvary1_step5_batch_yyy09.pl,x2,no,0.12,no,corr,2,None,None,None
1486,exp_acyclic_indvary1_step5_batch_yyy09.pl,r5,no,0.13,no,corr,2,None,None,None
1487,exp_acyclic_indvary1_step5_batch_yyy09.pl,w1,no,0.13,yes,inc,3,None,None,None
1488,exp_acyclic_indvary1_step5_batch_yyy09.pl,c1,no,0.13,no,corr,2,None,None,None
1489,exp_acyclic_indvary1_step5_batch_yyy09.pl,d2,no,0.13,no,corr,2,None,None,None
1490,exp_acyclic_indvary1_step5_batch_yyy09.pl,y2,yes,0.11,yes,corr,1,None,None,None
1491,exp_acyclic_indvary1_step5_batch_yyy10.pl,b3,no,0.13,no,corr,2,None,None,None
1492,exp_acyclic_indvary1_step5_batch_yyy10.pl,u4,yes,0.11,yes,corr,1,None,None,None
1493,exp_acyclic_indvary1_step5_batch_yyy10.pl,a5,no,0.13,no,corr,2,None,None,None
1494,exp_acyclic_indvary1_step5_batch_yyy10.pl,w1,no,0.1,no,corr,2,None,None,None
1495,exp_acyclic_indvary1_step5_batch_yyy10.pl,y1,yes,0.13,yes,corr,1,None,None,None
1496,exp_acyclic_indvary1_step5_batch_yyy10.pl,a3,no,0.12,yes,inc,2,None,None,None
1497,exp_acyclic_indvary1_step5_batch_yyy10.pl,t1,no,0.19,yes,inc,3,None,None,None
1498,exp_acyclic_indvary1_step5_batch_yyy10.pl,q2,no,0.15,no,corr,2,None,None,None
1499,exp_acyclic_indvary1_step5_batch_yyy10.pl,e3,no,0.13,no,corr,2,None,None,None
1500,exp_acyclic_indvary1_step5_batch_yyy10.pl,r4,no,0.13,no,corr,2,None,None,None
1501,exp_acyclic_indvary1_step6_batch_yyy01.pl,d5,no,0.15,no,corr,2,None,None,None
1502,exp_acyclic_indvary1_step6_batch_yyy01.pl,v2,no,0.11,no,corr,2,None,None,None
1503,exp_acyclic_indvary1_step6_batch_yyy01.pl,f1,no,0.12,no,corr,2,None,None,None
1504,exp_acyclic_indvary1_step6_batch_yyy01.pl,t3,no,0.13,no,corr,2,None,None,None
1505,exp_acyclic_indvary1_step6_batch_yyy01.pl,s2,no,0.14,no,corr,2,None,None,None
1506,exp_acyclic_indvary1_step6_batch_yyy01.pl,f3,no,0.12,no,corr,2,None,None,None
1507,exp_acyclic_indvary1_step6_batch_yyy01.pl,x5,no,0.13,no,corr,2,None,None,None
1508,exp_acyclic_indvary1_step6_batch_yyy01.pl,f4,no,0.17,no,corr,2,None,None,None
1509,exp_acyclic_indvary1_step6_batch_yyy01.pl,y2,no,0.12,no,corr,2,None,None,None
1510,exp_acyclic_indvary1_step6_batch_yyy01.pl,x4,no,0.15,yes,inc,3,None,None,None
1511,exp_acyclic_indvary1_step6_batch_yyy02.pl,y4,no,0.14,no,corr,1,None,None,None
1512,exp_acyclic_indvary1_step6_batch_yyy02.pl,e5,no,0.17,no,corr,1,None,None,None
1513,exp_acyclic_indvary1_step6_batch_yyy02.pl,v5,no,0.16,no,corr,2,None,None,None
1514,exp_acyclic_indvary1_step6_batch_yyy02.pl,b1,no,0.13,yes,inc,1,None,None,None
1515,exp_acyclic_indvary1_step6_batch_yyy02.pl,f5,no,0.11,no,corr,1,None,None,None
1516,exp_acyclic_indvary1_step6_batch_yyy02.pl,f3,no,0.13,no,corr,1,None,None,None
1517,exp_acyclic_indvary1_step6_batch_yyy02.pl,b5,no,0.11,no,corr,1,None,None,None
1518,exp_acyclic_indvary1_step6_batch_yyy02.pl,e3,no,0.12,no,corr,1,None,None,None
1519,exp_acyclic_indvary1_step6_batch_yyy02.pl,x4,no,0.12,no,corr,1,None,None,None
1520,exp_acyclic_indvary1_step6_batch_yyy02.pl,f2,no,0.14,no,corr,1,None,None,None
1521,exp_acyclic_indvary1_step6_batch_yyy03.pl,v2,no,0.17,no,corr,3,None,None,None
1522,exp_acyclic_indvary1_step6_batch_yyy03.pl,p5,no,0.14,no,corr,3,None,None,None
1523,exp_acyclic_indvary1_step6_batch_yyy03.pl,a5,no,0.13,no,corr,3,None,None,None
1524,exp_acyclic_indvary1_step6_batch_yyy03.pl,r5,no,0.13,no,corr,3,None,None,None
1525,exp_acyclic_indvary1_step6_batch_yyy03.pl,v1,no,0.13,no,corr,3,None,None,None
1526,exp_acyclic_indvary1_step6_batch_yyy03.pl,r4,no,0.14,no,corr,3,None,None,None
1527,exp_acyclic_indvary1_step6_batch_yyy03.pl,z3,no,0.13,no,corr,3,None,None,None
1528,exp_acyclic_indvary1_step6_batch_yyy03.pl,x1,no,0.14,no,corr,4,None,None,None
1529,exp_acyclic_indvary1_step6_batch_yyy03.pl,e2,no,0.13,yes,inc,3,None,None,None
1530,exp_acyclic_indvary1_step6_batch_yyy03.pl,p1,no,0.12,no,corr,3,None,None,None
1531,exp_acyclic_indvary1_step6_batch_yyy04.pl,s3,no,0.16,no,corr,3,None,None,None
1532,exp_acyclic_indvary1_step6_batch_yyy04.pl,b2,no,0.17,yes,inc,3,None,None,None
1533,exp_acyclic_indvary1_step6_batch_yyy04.pl,e1,no,0.16,no,corr,3,None,None,None
1534,exp_acyclic_indvary1_step6_batch_yyy04.pl,p5,no,0.16,yes,inc,4,None,None,None
1535,exp_acyclic_indvary1_step6_batch_yyy04.pl,a5,no,0.12,no,corr,3,None,None,None
1536,exp_acyclic_indvary1_step6_batch_yyy04.pl,x2,no,0.14,no,corr,3,None,None,None
1537,exp_acyclic_indvary1_step6_batch_yyy04.pl,v1,no,0.16,no,corr,3,None,None,None
1538,exp_acyclic_indvary1_step6_batch_yyy04.pl,a3,no,0.12,yes,inc,3,None,None,None
1539,exp_acyclic_indvary1_step6_batch_yyy04.pl,d1,no,0.15,yes,inc,3,None,None,None
1540,exp_acyclic_indvary1_step6_batch_yyy04.pl,u2,yes,0.16,yes,corr,2,None,None,None
1541,exp_acyclic_indvary1_step6_batch_yyy05.pl,a6,no,0.12,no,corr,1,None,None,None
1542,exp_acyclic_indvary1_step6_batch_yyy05.pl,p5,no,0.13,no,corr,1,None,None,None
1543,exp_acyclic_indvary1_step6_batch_yyy05.pl,z4,no,0.12,no,corr,1,None,None,None
1544,exp_acyclic_indvary1_step6_batch_yyy05.pl,z2,no,0.13,no,corr,2,None,None,None
1545,exp_acyclic_indvary1_step6_batch_yyy05.pl,r4,no,0.13,no,corr,1,None,None,None
1546,exp_acyclic_indvary1_step6_batch_yyy05.pl,t4,no,0.16,yes,inc,2,None,None,None
1547,exp_acyclic_indvary1_step6_batch_yyy05.pl,s3,no,0.12,no,corr,1,None,None,None
1548,exp_acyclic_indvary1_step6_batch_yyy05.pl,c4,no,0.12,no,corr,1,None,None,None
1549,exp_acyclic_indvary1_step6_batch_yyy05.pl,f4,no,0.11,no,corr,1,None,None,None
1550,exp_acyclic_indvary1_step6_batch_yyy05.pl,z3,no,0.12,no,corr,1,None,None,None
1551,exp_acyclic_indvary1_step6_batch_yyy06.pl,t5,yes,0.12,yes,corr,1,None,None,None
1552,exp_acyclic_indvary1_step6_batch_yyy06.pl,w2,yes,0.13,yes,corr,1,None,None,None
1553,exp_acyclic_indvary1_step6_batch_yyy06.pl,t3,no,0.19,no,corr,1,None,None,None
1554,exp_acyclic_indvary1_step6_batch_yyy06.pl,e4,no,0.12,no,corr,1,None,None,None
1555,exp_acyclic_indvary1_step6_batch_yyy06.pl,v1,no,0.13,no,corr,1,None,None,None
1556,exp_acyclic_indvary1_step6_batch_yyy06.pl,b5,no,0.11,no,corr,1,None,None,None
1557,exp_acyclic_indvary1_step6_batch_yyy06.pl,v4,no,0.11,no,corr,1,None,None,None
1558,exp_acyclic_indvary1_step6_batch_yyy06.pl,e3,no,0.13,no,corr,1,None,None,None
1559,exp_acyclic_indvary1_step6_batch_yyy06.pl,d1,no,0.1,yes,inc,1,None,None,None
1560,exp_acyclic_indvary1_step6_batch_yyy06.pl,u2,no,0.11,no,corr,1,None,None,None
1561,exp_acyclic_indvary1_step6_batch_yyy07.pl,t5,no,0.15,no,corr,2,None,None,None
1562,exp_acyclic_indvary1_step6_batch_yyy07.pl,x3,no,0.11,no,corr,2,None,None,None
1563,exp_acyclic_indvary1_step6_batch_yyy07.pl,f1,no,0.12,yes,inc,2,None,None,None
1564,exp_acyclic_indvary1_step6_batch_yyy07.pl,z4,no,0.11,no,corr,2,None,None,None
1565,exp_acyclic_indvary1_step6_batch_yyy07.pl,u3,no,0.13,no,corr,2,None,None,None
1566,exp_acyclic_indvary1_step6_batch_yyy07.pl,r2,no,0.11,no,corr,2,None,None,None
1567,exp_acyclic_indvary1_step6_batch_yyy07.pl,t1,no,0.13,no,corr,2,None,None,None
1568,exp_acyclic_indvary1_step6_batch_yyy07.pl,y5,no,0.13,no,corr,3,None,None,None
1569,exp_acyclic_indvary1_step6_batch_yyy07.pl,a2,no,0.12,yes,inc,2,None,None,None
1570,exp_acyclic_indvary1_step6_batch_yyy07.pl,w3,no,0.16,no,corr,3,None,None,None
1571,exp_acyclic_indvary1_step6_batch_yyy08.pl,w5,yes,0.13,yes,corr,1,None,None,None
1572,exp_acyclic_indvary1_step6_batch_yyy08.pl,q5,yes,0.11,yes,corr,1,None,None,None
1573,exp_acyclic_indvary1_step6_batch_yyy08.pl,z4,no,0.13,no,corr,2,None,None,None
1574,exp_acyclic_indvary1_step6_batch_yyy08.pl,p3,yes,0.11,yes,corr,1,None,None,None
1575,exp_acyclic_indvary1_step6_batch_yyy08.pl,b5,no,0.14,no,corr,2,None,None,None
1576,exp_acyclic_indvary1_step6_batch_yyy08.pl,q2,yes,0.1,yes,corr,1,None,None,None
1577,exp_acyclic_indvary1_step6_batch_yyy08.pl,s4,no,0.12,no,corr,2,None,None,None
1578,exp_acyclic_indvary1_step6_batch_yyy08.pl,b3,no,0.17,yes,inc,2,None,None,None
1579,exp_acyclic_indvary1_step6_batch_yyy08.pl,u3,no,0.15,no,corr,2,None,None,None
1580,exp_acyclic_indvary1_step6_batch_yyy08.pl,r4,no,0.13,no,corr,3,None,None,None
1581,exp_acyclic_indvary1_step6_batch_yyy09.pl,s4,yes,0.12,yes,corr,1,None,None,None
1582,exp_acyclic_indvary1_step6_batch_yyy09.pl,p4,no,0.12,no,corr,1,None,None,None
1583,exp_acyclic_indvary1_step6_batch_yyy09.pl,a4,no,0.12,no,corr,1,None,None,None
1584,exp_acyclic_indvary1_step6_batch_yyy09.pl,v1,yes,0.11,yes,corr,1,None,None,None
1585,exp_acyclic_indvary1_step6_batch_yyy09.pl,t2,no,0.13,no,corr,1,None,None,None
1586,exp_acyclic_indvary1_step6_batch_yyy09.pl,q2,no,0.12,no,corr,1,None,None,None
1587,exp_acyclic_indvary1_step6_batch_yyy09.pl,y1,no,0.14,no,corr,2,None,None,None
1588,exp_acyclic_indvary1_step6_batch_yyy09.pl,r1,no,0.13,no,corr,1,None,None,None
1589,exp_acyclic_indvary1_step6_batch_yyy09.pl,d1,no,0.15,yes,inc,1,None,None,None
1590,exp_acyclic_indvary1_step6_batch_yyy09.pl,u2,no,0.11,no,corr,1,None,None,None
1591,exp_acyclic_indvary1_step6_batch_yyy10.pl,d5,no,0.12,no,corr,1,None,None,None
1592,exp_acyclic_indvary1_step6_batch_yyy10.pl,v5,no,0.14,yes,inc,2,None,None,None
1593,exp_acyclic_indvary1_step6_batch_yyy10.pl,p3,no,0.14,no,corr,1,None,None,None
1594,exp_acyclic_indvary1_step6_batch_yyy10.pl,z2,no,0.13,no,corr,1,None,None,None
1595,exp_acyclic_indvary1_step6_batch_yyy10.pl,r3,no,0.11,no,corr,1,None,None,None
1596,exp_acyclic_indvary1_step6_batch_yyy10.pl,y5,no,0.13,no,corr,1,None,None,None
1597,exp_acyclic_indvary1_step6_batch_yyy10.pl,a2,no,0.12,yes,inc,2,None,None,None
1598,exp_acyclic_indvary1_step6_batch_yyy10.pl,u3,no,0.11,no,corr,1,None,None,None
1599,exp_acyclic_indvary1_step6_batch_yyy10.pl,v4,no,0.14,no,corr,1,None,None,None
1600,exp_acyclic_indvary1_step6_batch_yyy10.pl,r4,yes,0.11,yes,corr,1,None,None,None
1601,exp_acyclic_indvary1_step7_batch_yyy01.pl,c4,no,0.13,no,corr,1,None,None,None
1602,exp_acyclic_indvary1_step7_batch_yyy01.pl,u1,no,0.11,no,corr,1,None,None,None
1603,exp_acyclic_indvary1_step7_batch_yyy01.pl,a5,no,0.13,no,corr,1,None,None,None
1604,exp_acyclic_indvary1_step7_batch_yyy01.pl,q4,no,0.12,no,corr,1,None,None,None
1605,exp_acyclic_indvary1_step7_batch_yyy01.pl,w4,no,0.14,no,corr,2,None,None,None
1606,exp_acyclic_indvary1_step7_batch_yyy01.pl,b5,no,0.14,no,corr,1,None,None,None
1607,exp_acyclic_indvary1_step7_batch_yyy01.pl,p2,no,0.14,no,corr,1,None,None,None
1608,exp_acyclic_indvary1_step7_batch_yyy01.pl,p1,no,0.16,no,corr,1,None,None,None
1609,exp_acyclic_indvary1_step7_batch_yyy01.pl,a2,no,0.14,yes,inc,1,None,None,None
1610,exp_acyclic_indvary1_step7_batch_yyy01.pl,f2,no,0.12,no,corr,1,None,None,None
1611,exp_acyclic_indvary1_step7_batch_yyy02.pl,u6,no,0.15,no,corr,2,None,None,None
1612,exp_acyclic_indvary1_step7_batch_yyy02.pl,d4,no,0.17,no,corr,2,None,None,None
1613,exp_acyclic_indvary1_step7_batch_yyy02.pl,u1,no,0.12,no,corr,2,None,None,None
1614,exp_acyclic_indvary1_step7_batch_yyy02.pl,p1,no,0.14,no,corr,3,None,None,None
1615,exp_acyclic_indvary1_step7_batch_yyy02.pl,x4,no,0.15,no,corr,2,None,None,None
1616,exp_acyclic_indvary1_step7_batch_yyy02.pl,p6,no,0.12,no,corr,2,None,None,None
1617,exp_acyclic_indvary1_step7_batch_yyy02.pl,a6,no,0.13,no,corr,2,None,None,None
1618,exp_acyclic_indvary1_step7_batch_yyy02.pl,s4,no,0.11,no,corr,2,None,None,None
1619,exp_acyclic_indvary1_step7_batch_yyy02.pl,w4,no,0.12,no,corr,2,None,None,None
1620,exp_acyclic_indvary1_step7_batch_yyy02.pl,f3,no,0.13,no,corr,2,None,None,None
1621,exp_acyclic_indvary1_step7_batch_yyy03.pl,t4,no,0.16,no,corr,3,None,None,None
1622,exp_acyclic_indvary1_step7_batch_yyy03.pl,p5,no,0.13,no,corr,3,None,None,None
1623,exp_acyclic_indvary1_step7_batch_yyy03.pl,w6,no,0.14,no,corr,4,None,None,None
1624,exp_acyclic_indvary1_step7_batch_yyy03.pl,s6,no,0.13,no,corr,4,None,None,None
1625,exp_acyclic_indvary1_step7_batch_yyy03.pl,r1,no,0.15,no,corr,3,None,None,None
1626,exp_acyclic_indvary1_step7_batch_yyy03.pl,v3,yes,0.12,yes,corr,1,None,None,None
1627,exp_acyclic_indvary1_step7_batch_yyy03.pl,z5,no,0.13,no,corr,3,None,None,None
1628,exp_acyclic_indvary1_step7_batch_yyy03.pl,v2,no,0.12,no,corr,3,None,None,None
1629,exp_acyclic_indvary1_step7_batch_yyy03.pl,t6,no,0.14,no,corr,3,None,None,None
1630,exp_acyclic_indvary1_step7_batch_yyy03.pl,a5,no,0.15,no,corr,3,None,None,None
1631,exp_acyclic_indvary1_step7_batch_yyy04.pl,d4,no,0.11,no,corr,1,None,None,None
1632,exp_acyclic_indvary1_step7_batch_yyy04.pl,f1,no,0.12,yes,inc,1,None,None,None
1633,exp_acyclic_indvary1_step7_batch_yyy04.pl,w5,no,0.13,no,corr,1,None,None,None
1634,exp_acyclic_indvary1_step7_batch_yyy04.pl,z1,no,0.14,no,corr,1,None,None,None
1635,exp_acyclic_indvary1_step7_batch_yyy04.pl,x2,no,0.11,no,corr,1,None,None,None
1636,exp_acyclic_indvary1_step7_batch_yyy04.pl,f3,no,0.11,no,corr,1,None,None,None
1637,exp_acyclic_indvary1_step7_batch_yyy04.pl,r1,no,0.12,no,corr,1,None,None,None
1638,exp_acyclic_indvary1_step7_batch_yyy04.pl,a3,no,0.17,no,corr,1,None,None,None
1639,exp_acyclic_indvary1_step7_batch_yyy04.pl,b6,no,0.13,no,corr,1,None,None,None
1640,exp_acyclic_indvary1_step7_batch_yyy04.pl,p6,yes,0.11,yes,corr,1,None,None,None
1641,exp_acyclic_indvary1_step7_batch_yyy05.pl,d4,no,0.12,no,corr,1,None,None,None
1642,exp_acyclic_indvary1_step7_batch_yyy05.pl,y3,no,0.11,no,corr,1,None,None,None
1643,exp_acyclic_indvary1_step7_batch_yyy05.pl,s6,no,0.12,no,corr,1,None,None,None
1644,exp_acyclic_indvary1_step7_batch_yyy05.pl,u3,no,0.13,no,corr,1,None,None,None
1645,exp_acyclic_indvary1_step7_batch_yyy05.pl,f4,no,0.14,no,corr,1,None,None,None
1646,exp_acyclic_indvary1_step7_batch_yyy05.pl,e2,no,0.12,no,corr,1,None,None,None
1647,exp_acyclic_indvary1_step7_batch_yyy05.pl,w3,no,0.12,no,corr,1,None,None,None
1648,exp_acyclic_indvary1_step7_batch_yyy05.pl,q2,no,0.11,no,corr,1,None,None,None
1649,exp_acyclic_indvary1_step7_batch_yyy05.pl,c5,no,0.13,no,corr,1,None,None,None
1650,exp_acyclic_indvary1_step7_batch_yyy05.pl,a5,no,0.12,no,corr,1,None,None,None
1651,exp_acyclic_indvary1_step7_batch_yyy06.pl,d5,no,0.14,no,corr,1,None,None,None
1652,exp_acyclic_indvary1_step7_batch_yyy06.pl,t4,no,0.13,no,corr,1,None,None,None
1653,exp_acyclic_indvary1_step7_batch_yyy06.pl,e1,no,0.12,no,corr,1,None,None,None
1654,exp_acyclic_indvary1_step7_batch_yyy06.pl,x3,no,0.12,no,corr,1,None,None,None
1655,exp_acyclic_indvary1_step7_batch_yyy06.pl,u4,no,0.13,no,corr,1,None,None,None
1656,exp_acyclic_indvary1_step7_batch_yyy06.pl,r1,no,0.13,no,corr,1,None,None,None
1657,exp_acyclic_indvary1_step7_batch_yyy06.pl,b6,no,0.13,no,corr,1,None,None,None
1658,exp_acyclic_indvary1_step7_batch_yyy06.pl,v3,yes,0.13,yes,corr,1,None,None,None
1659,exp_acyclic_indvary1_step7_batch_yyy06.pl,y6,no,0.13,no,corr,1,None,None,None
1660,exp_acyclic_indvary1_step7_batch_yyy06.pl,x4,no,0.12,no,corr,1,None,None,None
1661,exp_acyclic_indvary1_step7_batch_yyy07.pl,p4,no,0.15,no,corr,1,None,None,None
1662,exp_acyclic_indvary1_step7_batch_yyy07.pl,z1,no,0.14,no,corr,1,None,None,None
1663,exp_acyclic_indvary1_step7_batch_yyy07.pl,z4,yes,0.12,yes,corr,1,None,None,None
1664,exp_acyclic_indvary1_step7_batch_yyy07.pl,p2,no,0.13,no,corr,1,None,None,None
1665,exp_acyclic_indvary1_step7_batch_yyy07.pl,y2,no,0.15,no,corr,1,None,None,None
1666,exp_acyclic_indvary1_step7_batch_yyy07.pl,b5,no,0.13,no,corr,1,None,None,None
1667,exp_acyclic_indvary1_step7_batch_yyy07.pl,z2,no,0.12,no,corr,1,None,None,None
1668,exp_acyclic_indvary1_step7_batch_yyy07.pl,s6,no,0.13,no,corr,1,None,None,None
1669,exp_acyclic_indvary1_step7_batch_yyy07.pl,v4,no,0.18,no,corr,1,None,None,None
1670,exp_acyclic_indvary1_step7_batch_yyy07.pl,r4,no,0.12,no,corr,1,None,None,None
1671,exp_acyclic_indvary1_step7_batch_yyy08.pl,c4,no,0.14,no,corr,1,None,None,None
1672,exp_acyclic_indvary1_step7_batch_yyy08.pl,y4,no,0.15,no,corr,1,None,None,None
1673,exp_acyclic_indvary1_step7_batch_yyy08.pl,w5,no,0.12,no,corr,1,None,None,None
1674,exp_acyclic_indvary1_step7_batch_yyy08.pl,q5,no,0.13,no,corr,1,None,None,None
1675,exp_acyclic_indvary1_step7_batch_yyy08.pl,a5,no,0.14,no,corr,1,None,None,None
1676,exp_acyclic_indvary1_step7_batch_yyy08.pl,p3,no,0.12,no,corr,1,None,None,None
1677,exp_acyclic_indvary1_step7_batch_yyy08.pl,c1,no,0.11,no,corr,1,None,None,None
1678,exp_acyclic_indvary1_step7_batch_yyy08.pl,a3,no,0.14,yes,inc,1,None,None,None
1679,exp_acyclic_indvary1_step7_batch_yyy08.pl,y5,no,0.11,no,corr,1,None,None,None
1680,exp_acyclic_indvary1_step7_batch_yyy08.pl,y6,no,0.14,no,corr,2,None,None,None
1681,exp_acyclic_indvary1_step7_batch_yyy09.pl,e1,no,0.13,no,corr,2,None,None,None
1682,exp_acyclic_indvary1_step7_batch_yyy09.pl,p2,no,0.13,no,corr,2,None,None,None
1683,exp_acyclic_indvary1_step7_batch_yyy09.pl,a1,no,0.15,yes,inc,2,None,None,None
1684,exp_acyclic_indvary1_step7_batch_yyy09.pl,q2,yes,0.12,yes,corr,1,None,None,None
1685,exp_acyclic_indvary1_step7_batch_yyy09.pl,s2,no,0.13,no,corr,2,None,None,None
1686,exp_acyclic_indvary1_step7_batch_yyy09.pl,z1,no,0.14,no,corr,2,None,None,None
1687,exp_acyclic_indvary1_step7_batch_yyy09.pl,f4,no,0.13,no,corr,2,None,None,None
1688,exp_acyclic_indvary1_step7_batch_yyy09.pl,a3,no,0.12,yes,inc,2,None,None,None
1689,exp_acyclic_indvary1_step7_batch_yyy09.pl,r3,yes,0.12,yes,corr,1,None,None,None
1690,exp_acyclic_indvary1_step7_batch_yyy09.pl,t1,no,0.13,no,corr,2,None,None,None
1691,exp_acyclic_indvary1_step7_batch_yyy10.pl,e5,no,0.15,no,corr,2,None,None,None
1692,exp_acyclic_indvary1_step7_batch_yyy10.pl,c2,no,0.12,yes,inc,2,None,None,None
1693,exp_acyclic_indvary1_step7_batch_yyy10.pl,v1,no,0.14,no,corr,2,None,None,None
1694,exp_acyclic_indvary1_step7_batch_yyy10.pl,r2,no,0.12,no,corr,2,None,None,None
1695,exp_acyclic_indvary1_step7_batch_yyy10.pl,y5,no,0.16,no,corr,2,None,None,None
1696,exp_acyclic_indvary1_step7_batch_yyy10.pl,q2,no,0.17,no,corr,3,None,None,None
1697,exp_acyclic_indvary1_step7_batch_yyy10.pl,a4,no,0.14,no,corr,2,None,None,None
1698,exp_acyclic_indvary1_step7_batch_yyy10.pl,f5,no,0.14,no,corr,2,None,None,None
1699,exp_acyclic_indvary1_step7_batch_yyy10.pl,y1,yes,0.12,yes,corr,1,None,None,None
1700,exp_acyclic_indvary1_step7_batch_yyy10.pl,s1,no,0.14,no,corr,2,None,None,None
1701,exp_acyclic_indvary1_step8_batch_yyy01.pl,u5,no,0.19,no,corr,1,None,None,None
1702,exp_acyclic_indvary1_step8_batch_yyy01.pl,b3,no,0.11,yes,inc,1,None,None,None
1703,exp_acyclic_indvary1_step8_batch_yyy01.pl,z2,no,0.13,no,corr,1,None,None,None
1704,exp_acyclic_indvary1_step8_batch_yyy01.pl,y6,no,0.11,no,corr,1,None,None,None
1705,exp_acyclic_indvary1_step8_batch_yyy01.pl,a2,no,0.12,yes,inc,1,None,None,None
1706,exp_acyclic_indvary1_step8_batch_yyy01.pl,z1,yes,0.13,yes,corr,1,None,None,None
1707,exp_acyclic_indvary1_step8_batch_yyy01.pl,t6,no,0.11,no,corr,1,None,None,None
1708,exp_acyclic_indvary1_step8_batch_yyy01.pl,d1,no,0.12,yes,inc,1,None,None,None
1709,exp_acyclic_indvary1_step8_batch_yyy01.pl,u2,no,0.13,no,corr,1,None,None,None
1710,exp_acyclic_indvary1_step8_batch_yyy01.pl,t1,no,0.14,no,corr,1,None,None,None
1711,exp_acyclic_indvary1_step8_batch_yyy02.pl,t4,no,0.13,yes,inc,3,None,None,None
1712,exp_acyclic_indvary1_step8_batch_yyy02.pl,z5,yes,0.12,yes,corr,1,None,None,None
1713,exp_acyclic_indvary1_step8_batch_yyy02.pl,w2,no,0.17,no,corr,2,None,None,None
1714,exp_acyclic_indvary1_step8_batch_yyy02.pl,s2,no,0.15,yes,inc,3,None,None,None
1715,exp_acyclic_indvary1_step8_batch_yyy02.pl,v4,yes,0.14,yes,corr,1,None,None,None
1716,exp_acyclic_indvary1_step8_batch_yyy02.pl,z3,no,0.13,no,corr,2,None,None,None
1717,exp_acyclic_indvary1_step8_batch_yyy02.pl,q1,no,0.13,no,corr,2,None,None,None
1718,exp_acyclic_indvary1_step8_batch_yyy02.pl,f2,no,0.13,no,corr,2,None,None,None
1719,exp_acyclic_indvary1_step8_batch_yyy02.pl,s4,no,0.13,no,corr,2,None,None,None
1720,exp_acyclic_indvary1_step8_batch_yyy02.pl,y4,no,0.13,no,corr,2,None,None,None
1721,exp_acyclic_indvary1_step8_batch_yyy03.pl,x7,no,0.14,no,corr,1,None,None,None
1722,exp_acyclic_indvary1_step8_batch_yyy03.pl,a4,no,0.13,no,corr,1,None,None,None
1723,exp_acyclic_indvary1_step8_batch_yyy03.pl,w1,yes,0.14,yes,corr,1,None,None,None
1724,exp_acyclic_indvary1_step8_batch_yyy03.pl,u3,no,0.13,yes,inc,2,None,None,None
1725,exp_acyclic_indvary1_step8_batch_yyy03.pl,r1,no,0.12,no,corr,1,None,None,None
1726,exp_acyclic_indvary1_step8_batch_yyy03.pl,x4,no,0.13,no,corr,1,None,None,None
1727,exp_acyclic_indvary1_step8_batch_yyy03.pl,f2,no,0.15,yes,inc,1,None,None,None
1728,exp_acyclic_indvary1_step8_batch_yyy03.pl,c1,no,0.16,yes,inc,1,None,None,None
1729,exp_acyclic_indvary1_step8_batch_yyy03.pl,s6,no,0.13,no,corr,1,None,None,None
1730,exp_acyclic_indvary1_step8_batch_yyy03.pl,b5,no,0.12,no,corr,1,None,None,None
1731,exp_acyclic_indvary1_step8_batch_yyy04.pl,t5,no,0.14,no,corr,1,None,None,None
1732,exp_acyclic_indvary1_step8_batch_yyy04.pl,f1,no,0.11,yes,inc,1,None,None,None
1733,exp_acyclic_indvary1_step8_batch_yyy04.pl,t3,no,0.18,no,corr,1,None,None,None
1734,exp_acyclic_indvary1_step8_batch_yyy04.pl,s2,no,0.14,no,corr,1,None,None,None
1735,exp_acyclic_indvary1_step8_batch_yyy04.pl,c6,no,0.12,no,corr,1,None,None,None
1736,exp_acyclic_indvary1_step8_batch_yyy04.pl,y6,no,0.12,no,corr,1,None,None,None
1737,exp_acyclic_indvary1_step8_batch_yyy04.pl,v2,no,0.11,no,corr,2,None,None,None
1738,exp_acyclic_indvary1_step8_batch_yyy04.pl,q6,yes,0.14,yes,corr,1,None,None,None
1739,exp_acyclic_indvary1_step8_batch_yyy04.pl,a4,no,0.13,no,corr,1,None,None,None
1740,exp_acyclic_indvary1_step8_batch_yyy04.pl,w6,no,0.12,no,corr,1,None,None,None
1741,exp_acyclic_indvary1_step8_batch_yyy05.pl,u5,no,0.13,no,corr,1,None,None,None
1742,exp_acyclic_indvary1_step8_batch_yyy05.pl,x2,no,0.14,no,corr,1,None,None,None
1743,exp_acyclic_indvary1_step8_batch_yyy05.pl,x1,no,0.15,no,corr,1,None,None,None
1744,exp_acyclic_indvary1_step8_batch_yyy05.pl,r2,no,0.12,no,corr,1,None,None,None
1745,exp_acyclic_indvary1_step8_batch_yyy05.pl,s4,no,0.12,no,corr,1,None,None,None
1746,exp_acyclic_indvary1_step8_batch_yyy05.pl,w7,yes,0.11,yes,corr,1,None,None,None
1747,exp_acyclic_indvary1_step8_batch_yyy05.pl,z4,no,0.12,no,corr,1,None,None,None
1748,exp_acyclic_indvary1_step8_batch_yyy05.pl,r5,no,0.12,no,corr,1,None,None,None
1749,exp_acyclic_indvary1_step8_batch_yyy05.pl,t7,no,0.1,no,corr,1,None,None,None
1750,exp_acyclic_indvary1_step8_batch_yyy05.pl,c6,no,0.13,no,corr,1,None,None,None
1751,exp_acyclic_indvary1_step8_batch_yyy06.pl,c3,no,0.11,yes,inc,1,None,None,None
1752,exp_acyclic_indvary1_step8_batch_yyy06.pl,v6,no,0.13,no,corr,1,None,None,None
1753,exp_acyclic_indvary1_step8_batch_yyy06.pl,w5,no,0.1,no,corr,1,None,None,None
1754,exp_acyclic_indvary1_step8_batch_yyy06.pl,x2,yes,0.13,yes,corr,1,None,None,None
1755,exp_acyclic_indvary1_step8_batch_yyy06.pl,x6,no,0.1,no,corr,1,None,None,None
1756,exp_acyclic_indvary1_step8_batch_yyy06.pl,v3,no,0.11,no,corr,1,None,None,None
1757,exp_acyclic_indvary1_step8_batch_yyy06.pl,d1,no,0.11,no,corr,1,None,None,None
1758,exp_acyclic_indvary1_step8_batch_yyy06.pl,q7,no,0.13,no,corr,1,None,None,None
1759,exp_acyclic_indvary1_step8_batch_yyy06.pl,z5,no,0.12,no,corr,1,None,None,None
1760,exp_acyclic_indvary1_step8_batch_yyy06.pl,v2,no,0.11,no,corr,1,None,None,None
1761,exp_acyclic_indvary1_step8_batch_yyy07.pl,p5,no,0.13,no,corr,2,None,None,None
1762,exp_acyclic_indvary1_step8_batch_yyy07.pl,r6,yes,0.13,yes,corr,1,None,None,None
1763,exp_acyclic_indvary1_step8_batch_yyy07.pl,s2,yes,0.12,yes,corr,1,None,None,None
1764,exp_acyclic_indvary1_step8_batch_yyy07.pl,v1,no,0.12,no,corr,2,None,None,None
1765,exp_acyclic_indvary1_step8_batch_yyy07.pl,f3,no,0.14,no,corr,2,None,None,None
1766,exp_acyclic_indvary1_step8_batch_yyy07.pl,e3,no,0.15,no,corr,2,None,None,None
1767,exp_acyclic_indvary1_step8_batch_yyy07.pl,q7,no,0.12,no,corr,2,None,None,None
1768,exp_acyclic_indvary1_step8_batch_yyy07.pl,f2,no,0.11,yes,inc,2,None,None,None
1769,exp_acyclic_indvary1_step8_batch_yyy07.pl,c3,no,0.13,yes,inc,2,None,None,None
1770,exp_acyclic_indvary1_step8_batch_yyy07.pl,c4,no,0.14,no,corr,2,None,None,None
1771,exp_acyclic_indvary1_step8_batch_yyy08.pl,e5,no,0.17,no,corr,2,None,None,None
1772,exp_acyclic_indvary1_step8_batch_yyy08.pl,u4,no,0.11,no,corr,2,None,None,None
1773,exp_acyclic_indvary1_step8_batch_yyy08.pl,w5,no,0.13,no,corr,2,None,None,None
1774,exp_acyclic_indvary1_step8_batch_yyy08.pl,c2,no,0.13,yes,inc,2,None,None,None
1775,exp_acyclic_indvary1_step8_batch_yyy08.pl,q4,no,0.13,no,corr,2,None,None,None
1776,exp_acyclic_indvary1_step8_batch_yyy08.pl,f5,no,0.12,no,corr,2,None,None,None
1777,exp_acyclic_indvary1_step8_batch_yyy08.pl,r4,no,0.13,yes,inc,3,None,None,None
1778,exp_acyclic_indvary1_step8_batch_yyy08.pl,z3,no,0.13,no,corr,2,None,None,None
1779,exp_acyclic_indvary1_step8_batch_yyy08.pl,y2,no,0.15,no,corr,3,None,None,None
1780,exp_acyclic_indvary1_step8_batch_yyy08.pl,q1,no,0.11,no,corr,2,None,None,None
1781,exp_acyclic_indvary1_step8_batch_yyy09.pl,c4,no,0.13,no,corr,1,None,None,None
1782,exp_acyclic_indvary1_step8_batch_yyy09.pl,s4,no,0.11,no,corr,1,None,None,None
1783,exp_acyclic_indvary1_step8_batch_yyy09.pl,e1,no,0.12,yes,inc,1,None,None,None
1784,exp_acyclic_indvary1_step8_batch_yyy09.pl,e5,no,0.12,no,corr,1,None,None,None
1785,exp_acyclic_indvary1_step8_batch_yyy09.pl,d3,no,0.12,no,corr,1,None,None,None
1786,exp_acyclic_indvary1_step8_batch_yyy09.pl,a4,no,0.11,no,corr,1,None,None,None
1787,exp_acyclic_indvary1_step8_batch_yyy09.pl,x5,no,0.13,no,corr,1,None,None,None
1788,exp_acyclic_indvary1_step8_batch_yyy09.pl,w3,no,0.15,no,corr,1,None,None,None
1789,exp_acyclic_indvary1_step8_batch_yyy09.pl,s2,no,0.13,no,corr,1,None,None,None
1790,exp_acyclic_indvary1_step8_batch_yyy09.pl,z1,no,0.12,no,corr,2,None,None,None
1791,exp_acyclic_indvary1_step8_batch_yyy10.pl,p4,no,0.13,no,corr,2,None,None,None
1792,exp_acyclic_indvary1_step8_batch_yyy10.pl,b4,no,0.15,no,corr,2,None,None,None
1793,exp_acyclic_indvary1_step8_batch_yyy10.pl,c5,no,0.11,no,corr,2,None,None,None
1794,exp_acyclic_indvary1_step8_batch_yyy10.pl,t2,no,0.13,no,corr,3,None,None,None
1795,exp_acyclic_indvary1_step8_batch_yyy10.pl,u3,no,0.11,yes,inc,3,None,None,None
1796,exp_acyclic_indvary1_step8_batch_yyy10.pl,r7,no,0.12,no,corr,2,None,None,None
1797,exp_acyclic_indvary1_step8_batch_yyy10.pl,q7,no,0.12,no,corr,2,None,None,None
1798,exp_acyclic_indvary1_step8_batch_yyy10.pl,a2,no,0.11,yes,inc,2,None,None,None
1799,exp_acyclic_indvary1_step8_batch_yyy10.pl,u5,no,0.12,no,corr,2,None,None,None
1800,exp_acyclic_indvary1_step8_batch_yyy10.pl,d5,no,0.14,no,corr,2,None,None,None
1801,exp_acyclic_indvary2_step1_batch_yyy01.pl,d5,no,0.14,no,corr,2,None,None,None
1802,exp_acyclic_indvary2_step1_batch_yyy01.pl,c4,no,0.12,no,corr,2,None,None,None
1803,exp_acyclic_indvary2_step1_batch_yyy01.pl,t3,no,0.14,no,corr,2,None,None,None
1804,exp_acyclic_indvary2_step1_batch_yyy01.pl,t6,no,0.14,no,corr,2,None,None,None
1805,exp_acyclic_indvary2_step1_batch_yyy01.pl,p1,no,0.15,yes,inc,3,None,None,None
1806,exp_acyclic_indvary2_step1_batch_yyy01.pl,x4,no,0.14,no,corr,2,None,None,None
1807,exp_acyclic_indvary2_step1_batch_yyy01.pl,p4,no,0.15,no,corr,2,None,None,None
1808,exp_acyclic_indvary2_step1_batch_yyy01.pl,x3,no,0.14,no,corr,2,None,None,None
1809,exp_acyclic_indvary2_step1_batch_yyy01.pl,t2,yes,0.13,yes,corr,2,None,None,None
1810,exp_acyclic_indvary2_step1_batch_yyy01.pl,b5,no,0.13,no,corr,2,None,None,None
1811,exp_acyclic_indvary2_step1_batch_yyy02.pl,d5,no,0.14,no,corr,3,None,None,None
1812,exp_acyclic_indvary2_step1_batch_yyy02.pl,s3,no,0.13,no,corr,3,None,None,None
1813,exp_acyclic_indvary2_step1_batch_yyy02.pl,b3,no,0.14,no,corr,3,None,None,None
1814,exp_acyclic_indvary2_step1_batch_yyy02.pl,p5,no,0.13,no,corr,3,None,None,None
1815,exp_acyclic_indvary2_step1_batch_yyy02.pl,x7,no,0.2,no,corr,3,None,None,None
1816,exp_acyclic_indvary2_step1_batch_yyy02.pl,r4,no,0.14,no,corr,3,None,None,None
1817,exp_acyclic_indvary2_step1_batch_yyy02.pl,z3,no,0.16,no,corr,3,None,None,None
1818,exp_acyclic_indvary2_step1_batch_yyy02.pl,w3,no,0.14,no,corr,3,None,None,None
1819,exp_acyclic_indvary2_step1_batch_yyy02.pl,u2,yes,0.13,yes,corr,1,None,None,None
1820,exp_acyclic_indvary2_step1_batch_yyy02.pl,t1,no,0.15,yes,inc,4,None,None,None
1821,exp_acyclic_indvary2_step1_batch_yyy03.pl,u6,no,0.14,no,corr,2,None,None,None
1822,exp_acyclic_indvary2_step1_batch_yyy03.pl,t5,no,0.12,no,corr,2,None,None,None
1823,exp_acyclic_indvary2_step1_batch_yyy03.pl,y4,no,0.15,no,corr,2,None,None,None
1824,exp_acyclic_indvary2_step1_batch_yyy03.pl,s5,no,0.16,no,corr,2,None,None,None
1825,exp_acyclic_indvary2_step1_batch_yyy03.pl,c5,no,0.13,no,corr,2,None,None,None
1826,exp_acyclic_indvary2_step1_batch_yyy03.pl,e4,no,0.14,no,corr,2,None,None,None
1827,exp_acyclic_indvary2_step1_batch_yyy03.pl,v4,no,0.13,no,corr,2,None,None,None
1828,exp_acyclic_indvary2_step1_batch_yyy03.pl,v6,no,0.13,no,corr,2,None,None,None
1829,exp_acyclic_indvary2_step1_batch_yyy03.pl,u1,no,0.19,no,corr,2,None,None,None
1830,exp_acyclic_indvary2_step1_batch_yyy03.pl,f1,no,0.14,yes,inc,2,None,None,None
1831,exp_acyclic_indvary2_step1_batch_yyy04.pl,c3,no,0.12,no,corr,3,None,None,None
1832,exp_acyclic_indvary2_step1_batch_yyy04.pl,q6,no,0.1,no,corr,1,None,None,None
1833,exp_acyclic_indvary2_step1_batch_yyy04.pl,x3,no,0.11,no,corr,1,None,None,None
1834,exp_acyclic_indvary2_step1_batch_yyy04.pl,c5,no,0.12,no,corr,1,None,None,None
1835,exp_acyclic_indvary2_step1_batch_yyy04.pl,q4,no,0.13,no,corr,1,None,None,None
1836,exp_acyclic_indvary2_step1_batch_yyy04.pl,v4,no,0.13,no,corr,1,None,None,None
1837,exp_acyclic_indvary2_step1_batch_yyy04.pl,y2,no,0.12,no,corr,1,None,None,None
1838,exp_acyclic_indvary2_step1_batch_yyy04.pl,r7,no,0.09,no,corr,1,None,None,None
1839,exp_acyclic_indvary2_step1_batch_yyy04.pl,q7,no,0.1,no,corr,1,None,None,None
1840,exp_acyclic_indvary2_step1_batch_yyy04.pl,x4,no,0.14,no,corr,1,None,None,None
1841,exp_acyclic_indvary2_step1_batch_yyy05.pl,s3,no,0.14,no,corr,3,None,None,None
1842,exp_acyclic_indvary2_step1_batch_yyy05.pl,y4,no,0.15,no,corr,3,None,None,None
1843,exp_acyclic_indvary2_step1_batch_yyy05.pl,v2,yes,0.13,yes,corr,1,None,None,None
1844,exp_acyclic_indvary2_step1_batch_yyy05.pl,u7,no,0.15,no,corr,3,None,None,None
1845,exp_acyclic_indvary2_step1_batch_yyy05.pl,x7,no,0.14,no,corr,3,None,None,None
1846,exp_acyclic_indvary2_step1_batch_yyy05.pl,x2,yes,0.12,yes,corr,1,None,None,None
1847,exp_acyclic_indvary2_step1_batch_yyy05.pl,r5,no,0.13,no,corr,3,None,None,None
1848,exp_acyclic_indvary2_step1_batch_yyy05.pl,a2,no,0.14,no,corr,4,None,None,None
1849,exp_acyclic_indvary2_step1_batch_yyy05.pl,s2,no,0.14,no,corr,4,None,None,None
1850,exp_acyclic_indvary2_step1_batch_yyy05.pl,b1,no,0.17,no,corr,7,None,None,None
1851,exp_acyclic_indvary2_step1_batch_yyy06.pl,q5,no,0.15,no,corr,1,None,None,None
1852,exp_acyclic_indvary2_step1_batch_yyy06.pl,c2,no,0.12,yes,inc,1,None,None,None
1853,exp_acyclic_indvary2_step1_batch_yyy06.pl,y3,no,0.13,no,corr,1,None,None,None
1854,exp_acyclic_indvary2_step1_batch_yyy06.pl,t2,no,0.14,no,corr,2,None,None,None
1855,exp_acyclic_indvary2_step1_batch_yyy06.pl,u3,no,0.14,no,corr,1,None,None,None
1856,exp_acyclic_indvary2_step1_batch_yyy06.pl,s1,yes,0.14,yes,corr,1,None,None,None
1857,exp_acyclic_indvary2_step1_batch_yyy06.pl,z3,no,0.14,no,corr,1,None,None,None
1858,exp_acyclic_indvary2_step1_batch_yyy06.pl,r7,no,0.15,no,corr,1,None,None,None
1859,exp_acyclic_indvary2_step1_batch_yyy06.pl,y4,no,0.12,no,corr,1,None,None,None
1860,exp_acyclic_indvary2_step1_batch_yyy06.pl,v7,no,0.11,no,corr,1,None,None,None
1861,exp_acyclic_indvary2_step1_batch_yyy07.pl,d5,no,0.16,no,corr,2,None,None,None
1862,exp_acyclic_indvary2_step1_batch_yyy07.pl,a6,no,0.11,no,corr,2,None,None,None
1863,exp_acyclic_indvary2_step1_batch_yyy07.pl,e1,no,0.12,yes,inc,2,None,None,None
1864,exp_acyclic_indvary2_step1_batch_yyy07.pl,c5,no,0.12,no,corr,2,None,None,None
1865,exp_acyclic_indvary2_step1_batch_yyy07.pl,y3,no,0.14,no,corr,2,None,None,None
1866,exp_acyclic_indvary2_step1_batch_yyy07.pl,w4,no,0.13,no,corr,2,None,None,None
1867,exp_acyclic_indvary2_step1_batch_yyy07.pl,q1,no,0.13,no,corr,2,None,None,None
1868,exp_acyclic_indvary2_step1_batch_yyy07.pl,w3,no,0.13,no,corr,2,None,None,None
1869,exp_acyclic_indvary2_step1_batch_yyy07.pl,c3,no,0.15,yes,inc,4,None,None,None
1870,exp_acyclic_indvary2_step1_batch_yyy07.pl,t4,no,0.14,no,corr,2,None,None,None
1871,exp_acyclic_indvary2_step1_batch_yyy08.pl,w2,no,0.16,no,corr,3,None,None,None
1872,exp_acyclic_indvary2_step1_batch_yyy08.pl,s2,yes,0.15,yes,corr,2,None,None,None
1873,exp_acyclic_indvary2_step1_batch_yyy08.pl,y5,no,0.14,no,corr,2,None,None,None
1874,exp_acyclic_indvary2_step1_batch_yyy08.pl,a6,no,0.14,no,corr,2,None,None,None
1875,exp_acyclic_indvary2_step1_batch_yyy08.pl,b3,no,0.13,yes,inc,2,None,None,None
1876,exp_acyclic_indvary2_step1_batch_yyy08.pl,y4,no,0.13,no,corr,2,None,None,None
1877,exp_acyclic_indvary2_step1_batch_yyy08.pl,z4,no,0.14,no,corr,2,None,None,None
1878,exp_acyclic_indvary2_step1_batch_yyy08.pl,r5,no,0.13,no,corr,2,None,None,None
1879,exp_acyclic_indvary2_step1_batch_yyy08.pl,r2,yes,0.12,yes,corr,1,None,None,None
1880,exp_acyclic_indvary2_step1_batch_yyy08.pl,a1,no,0.14,yes,inc,4,None,None,None
1881,exp_acyclic_indvary2_step1_batch_yyy09.pl,z6,no,0.14,no,corr,3,None,None,None
1882,exp_acyclic_indvary2_step1_batch_yyy09.pl,t3,no,0.15,no,corr,3,None,None,None
1883,exp_acyclic_indvary2_step1_batch_yyy09.pl,u5,no,0.19,no,corr,3,None,None,None
1884,exp_acyclic_indvary2_step1_batch_yyy09.pl,d5,no,0.16,no,corr,3,None,None,None
1885,exp_acyclic_indvary2_step1_batch_yyy09.pl,w2,no,0.15,no,corr,3,None,None,None
1886,exp_acyclic_indvary2_step1_batch_yyy09.pl,e5,no,0.16,no,corr,3,None,None,None
1887,exp_acyclic_indvary2_step1_batch_yyy09.pl,b6,no,0.15,no,corr,3,None,None,None
1888,exp_acyclic_indvary2_step1_batch_yyy09.pl,a1,no,0.14,yes,inc,4,None,None,None
1889,exp_acyclic_indvary2_step1_batch_yyy09.pl,u2,yes,0.12,yes,corr,1,None,None,None
1890,exp_acyclic_indvary2_step1_batch_yyy09.pl,q1,no,0.13,no,corr,3,None,None,None
1891,exp_acyclic_indvary2_step1_batch_yyy10.pl,w7,no,0.13,no,corr,2,None,None,None
1892,exp_acyclic_indvary2_step1_batch_yyy10.pl,f1,no,0.18,yes,inc,4,None,None,None
1893,exp_acyclic_indvary2_step1_batch_yyy10.pl,d3,no,0.18,no,corr,2,None,None,None
1894,exp_acyclic_indvary2_step1_batch_yyy10.pl,u7,no,0.13,no,corr,2,None,None,None
1895,exp_acyclic_indvary2_step1_batch_yyy10.pl,x2,yes,0.14,yes,corr,1,None,None,None
1896,exp_acyclic_indvary2_step1_batch_yyy10.pl,u3,no,0.15,no,corr,2,None,None,None
1897,exp_acyclic_indvary2_step1_batch_yyy10.pl,r7,no,0.13,no,corr,2,None,None,None
1898,exp_acyclic_indvary2_step1_batch_yyy10.pl,y5,no,0.15,no,corr,2,None,None,None
1899,exp_acyclic_indvary2_step1_batch_yyy10.pl,c1,no,0.15,yes,inc,4,None,None,None
1900,exp_acyclic_indvary2_step1_batch_yyy10.pl,z2,yes,0.14,yes,corr,1,None,None,None
1901,exp_acyclic_indvary2_step2_batch_yyy01.pl,u6,no,0.16,no,corr,3,None,None,None
1902,exp_acyclic_indvary2_step2_batch_yyy01.pl,t4,no,0.16,no,corr,3,None,None,None
1903,exp_acyclic_indvary2_step2_batch_yyy01.pl,b2,no,0.14,yes,inc,3,None,None,None
1904,exp_acyclic_indvary2_step2_batch_yyy01.pl,y4,no,0.11,no,corr,3,None,None,None
1905,exp_acyclic_indvary2_step2_batch_yyy01.pl,p3,no,0.11,no,corr,3,None,None,None
1906,exp_acyclic_indvary2_step2_batch_yyy01.pl,f3,no,0.1,no,corr,3,None,None,None
1907,exp_acyclic_indvary2_step2_batch_yyy01.pl,u2,no,0.11,no,corr,3,None,None,None
1908,exp_acyclic_indvary2_step2_batch_yyy01.pl,r2,yes,0.1,yes,corr,2,None,None,None
1909,exp_acyclic_indvary2_step2_batch_yyy01.pl,r7,no,0.12,no,corr,3,None,None,None
1910,exp_acyclic_indvary2_step2_batch_yyy01.pl,a1,no,0.12,yes,inc,5,None,None,None
1911,exp_acyclic_indvary2_step2_batch_yyy02.pl,v2,yes,0.16,yes,corr,1,None,None,None
1912,exp_acyclic_indvary2_step2_batch_yyy02.pl,x7,no,0.1,no,corr,3,None,None,None
1913,exp_acyclic_indvary2_step2_batch_yyy02.pl,z4,no,0.11,no,corr,3,None,None,None
1914,exp_acyclic_indvary2_step2_batch_yyy02.pl,q1,yes,0.1,yes,corr,1,None,None,None
1915,exp_acyclic_indvary2_step2_batch_yyy02.pl,p4,no,0.12,no,corr,3,None,None,None
1916,exp_acyclic_indvary2_step2_batch_yyy02.pl,x3,no,0.13,no,corr,3,None,None,None
1917,exp_acyclic_indvary2_step2_batch_yyy02.pl,v6,no,0.13,no,corr,3,None,None,None
1918,exp_acyclic_indvary2_step2_batch_yyy02.pl,f1,no,0.14,no,corr,3,None,None,None
1919,exp_acyclic_indvary2_step2_batch_yyy02.pl,x4,no,0.12,no,corr,3,None,None,None
1920,exp_acyclic_indvary2_step2_batch_yyy02.pl,w3,no,0.13,no,corr,3,None,None,None
1921,exp_acyclic_indvary2_step2_batch_yyy03.pl,d5,no,0.14,no,corr,2,None,None,None
1922,exp_acyclic_indvary2_step2_batch_yyy03.pl,y4,no,0.12,no,corr,2,None,None,None
1923,exp_acyclic_indvary2_step2_batch_yyy03.pl,p4,no,0.12,no,corr,2,None,None,None
1924,exp_acyclic_indvary2_step2_batch_yyy03.pl,z1,yes,0.11,yes,corr,1,None,None,None
1925,exp_acyclic_indvary2_step2_batch_yyy03.pl,w6,no,0.14,no,corr,2,None,None,None
1926,exp_acyclic_indvary2_step2_batch_yyy03.pl,c6,no,0.11,no,corr,2,None,None,None
1927,exp_acyclic_indvary2_step2_batch_yyy03.pl,f4,no,0.12,no,corr,2,None,None,None
1928,exp_acyclic_indvary2_step2_batch_yyy03.pl,r3,yes,0.11,yes,corr,1,None,None,None
1929,exp_acyclic_indvary2_step2_batch_yyy03.pl,q7,no,0.11,no,corr,2,None,None,None
1930,exp_acyclic_indvary2_step2_batch_yyy03.pl,f2,no,0.11,no,corr,2,None,None,None
1931,exp_acyclic_indvary2_step2_batch_yyy04.pl,t4,no,0.11,no,corr,3,None,None,None
1932,exp_acyclic_indvary2_step2_batch_yyy04.pl,b2,no,0.32,no,corr,11,None,None,None
1933,exp_acyclic_indvary2_step2_batch_yyy04.pl,y4,no,0.11,no,corr,3,None,None,None
1934,exp_acyclic_indvary2_step2_batch_yyy04.pl,f1,no,0.11,yes,inc,3,None,None,None
1935,exp_acyclic_indvary2_step2_batch_yyy04.pl,v5,no,0.11,no,corr,3,None,None,None
1936,exp_acyclic_indvary2_step2_batch_yyy04.pl,c2,no,0.12,no,corr,5,None,None,None
1937,exp_acyclic_indvary2_step2_batch_yyy04.pl,e4,no,0.11,no,corr,3,None,None,None
1938,exp_acyclic_indvary2_step2_batch_yyy04.pl,t7,no,0.12,no,corr,3,None,None,None
1939,exp_acyclic_indvary2_step2_batch_yyy04.pl,p2,no,0.1,no,corr,3,None,None,None
1940,exp_acyclic_indvary2_step2_batch_yyy04.pl,a3,no,0.12,yes,inc,5,None,None,None
1941,exp_acyclic_indvary2_step2_batch_yyy05.pl,t4,no,0.11,no,corr,2,None,None,None
1942,exp_acyclic_indvary2_step2_batch_yyy05.pl,z6,no,0.11,no,corr,2,None,None,None
1943,exp_acyclic_indvary2_step2_batch_yyy05.pl,f1,no,0.16,yes,inc,8,None,None,None
1944,exp_acyclic_indvary2_step2_batch_yyy05.pl,v5,no,0.1,no,corr,2,None,None,None
1945,exp_acyclic_indvary2_step2_batch_yyy05.pl,w1,no,0.1,no,corr,2,None,None,None
1946,exp_acyclic_indvary2_step2_batch_yyy05.pl,e3,no,0.1,no,corr,2,None,None,None
1947,exp_acyclic_indvary2_step2_batch_yyy05.pl,e2,no,0.1,no,corr,2,None,None,None
1948,exp_acyclic_indvary2_step2_batch_yyy05.pl,q7,no,0.1,no,corr,2,None,None,None
1949,exp_acyclic_indvary2_step2_batch_yyy05.pl,b3,no,0.13,yes,inc,6,None,None,None
1950,exp_acyclic_indvary2_step2_batch_yyy05.pl,v7,no,0.09,no,corr,2,None,None,None
1951,exp_acyclic_indvary2_step2_batch_yyy06.pl,c3,no,0.1,no,corr,2,None,None,None
1952,exp_acyclic_indvary2_step2_batch_yyy06.pl,y4,no,0.1,no,corr,2,None,None,None
1953,exp_acyclic_indvary2_step2_batch_yyy06.pl,v6,no,0.11,no,corr,2,None,None,None
1954,exp_acyclic_indvary2_step2_batch_yyy06.pl,w1,yes,0.1,yes,corr,2,None,None,None
1955,exp_acyclic_indvary2_step2_batch_yyy06.pl,b5,no,0.1,no,corr,2,None,None,None
1956,exp_acyclic_indvary2_step2_batch_yyy06.pl,z3,no,0.1,no,corr,2,None,None,None
1957,exp_acyclic_indvary2_step2_batch_yyy06.pl,p7,no,0.15,no,corr,2,None,None,None
1958,exp_acyclic_indvary2_step2_batch_yyy06.pl,p5,no,0.1,no,corr,2,None,None,None
1959,exp_acyclic_indvary2_step2_batch_yyy06.pl,e2,no,0.12,no,corr,2,None,None,None
1960,exp_acyclic_indvary2_step2_batch_yyy06.pl,r3,no,0.11,no,corr,3,None,None,None
1961,exp_acyclic_indvary2_step2_batch_yyy07.pl,t5,no,0.12,no,corr,3,None,None,None
1962,exp_acyclic_indvary2_step2_batch_yyy07.pl,y4,no,0.11,no,corr,3,None,None,None
1963,exp_acyclic_indvary2_step2_batch_yyy07.pl,v5,no,0.12,no,corr,3,None,None,None
1964,exp_acyclic_indvary2_step2_batch_yyy07.pl,a4,no,0.1,no,corr,3,None,None,None
1965,exp_acyclic_indvary2_step2_batch_yyy07.pl,z4,no,0.11,no,corr,3,None,None,None
1966,exp_acyclic_indvary2_step2_batch_yyy07.pl,u3,no,0.1,no,corr,3,None,None,None
1967,exp_acyclic_indvary2_step2_batch_yyy07.pl,t1,yes,0.1,yes,corr,1,None,None,None
1968,exp_acyclic_indvary2_step2_batch_yyy07.pl,p6,no,0.11,no,corr,3,None,None,None
1969,exp_acyclic_indvary2_step2_batch_yyy07.pl,r2,yes,0.1,yes,corr,1,None,None,None
1970,exp_acyclic_indvary2_step2_batch_yyy07.pl,a1,no,0.12,no,corr,3,None,None,None
1971,exp_acyclic_indvary2_step2_batch_yyy08.pl,d5,no,0.16,no,corr,2,None,None,None
1972,exp_acyclic_indvary2_step2_batch_yyy08.pl,v7,no,0.15,no,corr,2,None,None,None
1973,exp_acyclic_indvary2_step2_batch_yyy08.pl,u1,yes,0.14,yes,corr,2,None,None,None
1974,exp_acyclic_indvary2_step2_batch_yyy08.pl,c5,no,0.15,no,corr,2,None,None,None
1975,exp_acyclic_indvary2_step2_batch_yyy08.pl,x2,no,0.17,no,corr,2,None,None,None
1976,exp_acyclic_indvary2_step2_batch_yyy08.pl,a3,no,0.17,no,corr,2,None,None,None
1977,exp_acyclic_indvary2_step2_batch_yyy08.pl,q7,no,0.14,no,corr,2,None,None,None
1978,exp_acyclic_indvary2_step2_batch_yyy08.pl,x5,no,0.14,no,corr,2,None,None,None
1979,exp_acyclic_indvary2_step2_batch_yyy08.pl,z2,yes,0.14,yes,corr,2,None,None,None
1980,exp_acyclic_indvary2_step2_batch_yyy08.pl,b5,no,0.16,no,corr,2,None,None,None
1981,exp_acyclic_indvary2_step2_batch_yyy09.pl,c3,no,0.2,yes,inc,4,None,None,None
1982,exp_acyclic_indvary2_step2_batch_yyy09.pl,f1,no,0.14,no,corr,2,None,None,None
1983,exp_acyclic_indvary2_step2_batch_yyy09.pl,f3,no,0.13,no,corr,2,None,None,None
1984,exp_acyclic_indvary2_step2_batch_yyy09.pl,r1,yes,0.11,yes,corr,1,None,None,None
1985,exp_acyclic_indvary2_step2_batch_yyy09.pl,q3,yes,0.14,yes,corr,1,None,None,None
1986,exp_acyclic_indvary2_step2_batch_yyy09.pl,p1,yes,0.16,yes,corr,2,None,None,None
1987,exp_acyclic_indvary2_step2_batch_yyy09.pl,z4,no,0.21,no,corr,2,None,None,None
1988,exp_acyclic_indvary2_step2_batch_yyy09.pl,r5,no,0.17,no,corr,2,None,None,None
1989,exp_acyclic_indvary2_step2_batch_yyy09.pl,u3,no,0.17,no,corr,2,None,None,None
1990,exp_acyclic_indvary2_step2_batch_yyy09.pl,e3,no,0.17,no,corr,2,None,None,None
1991,exp_acyclic_indvary2_step2_batch_yyy10.pl,t5,no,0.18,no,corr,2,None,None,None
1992,exp_acyclic_indvary2_step2_batch_yyy10.pl,z6,no,0.18,no,corr,2,None,None,None
1993,exp_acyclic_indvary2_step2_batch_yyy10.pl,s4,no,0.16,no,corr,2,None,None,None
1994,exp_acyclic_indvary2_step2_batch_yyy10.pl,e1,no,0.14,yes,inc,2,None,None,None
1995,exp_acyclic_indvary2_step2_batch_yyy10.pl,x3,no,0.15,no,corr,2,None,None,None
1996,exp_acyclic_indvary2_step2_batch_yyy10.pl,v6,no,0.14,no,corr,2,None,None,None
1997,exp_acyclic_indvary2_step2_batch_yyy10.pl,c5,no,0.15,no,corr,2,None,None,None
1998,exp_acyclic_indvary2_step2_batch_yyy10.pl,q4,no,0.14,no,corr,2,None,None,None
1999,exp_acyclic_indvary2_step2_batch_yyy10.pl,c1,no,0.15,no,corr,2,None,None,None
2000,exp_acyclic_indvary2_step2_batch_yyy10.pl,a3,no,0.2,yes,inc,7,None,None,None
2001,exp_acyclic_indvary2_step3_batch_yyy01.pl,d5,no,0.15,no,corr,3,None,None,None
2002,exp_acyclic_indvary2_step3_batch_yyy01.pl,s3,no,0.17,no,corr,3,None,None,None
2003,exp_acyclic_indvary2_step3_batch_yyy01.pl,u7,no,0.16,no,corr,3,None,None,None
2004,exp_acyclic_indvary2_step3_batch_yyy01.pl,x7,no,0.15,no,corr,3,None,None,None
2005,exp_acyclic_indvary2_step3_batch_yyy01.pl,v1,no,0.17,no,corr,4,None,None,None
2006,exp_acyclic_indvary2_step3_batch_yyy01.pl,r2,no,0.16,no,corr,3,None,None,None
2007,exp_acyclic_indvary2_step3_batch_yyy01.pl,p7,no,0.15,no,corr,3,None,None,None
2008,exp_acyclic_indvary2_step3_batch_yyy01.pl,d4,no,0.16,no,corr,3,None,None,None
2009,exp_acyclic_indvary2_step3_batch_yyy01.pl,q7,no,0.17,no,corr,3,None,None,None
2010,exp_acyclic_indvary2_step3_batch_yyy01.pl,y5,no,0.19,no,corr,3,None,None,None
2011,exp_acyclic_indvary2_step3_batch_yyy02.pl,e1,no,0.2,yes,inc,3,None,None,None
2012,exp_acyclic_indvary2_step3_batch_yyy02.pl,v5,no,0.19,no,corr,2,None,None,None
2013,exp_acyclic_indvary2_step3_batch_yyy02.pl,z4,no,0.21,no,corr,2,None,None,None
2014,exp_acyclic_indvary2_step3_batch_yyy02.pl,c1,no,0.17,yes,inc,2,None,None,None
2015,exp_acyclic_indvary2_step3_batch_yyy02.pl,b6,no,0.17,no,corr,2,None,None,None
2016,exp_acyclic_indvary2_step3_batch_yyy02.pl,u2,yes,0.16,yes,corr,1,None,None,None
2017,exp_acyclic_indvary2_step3_batch_yyy02.pl,y5,no,0.17,no,corr,2,None,None,None
2018,exp_acyclic_indvary2_step3_batch_yyy02.pl,x4,no,0.16,no,corr,2,None,None,None
2019,exp_acyclic_indvary2_step3_batch_yyy02.pl,t4,no,0.13,no,corr,2,None,None,None
2020,exp_acyclic_indvary2_step3_batch_yyy02.pl,s3,no,0.13,no,corr,2,None,None,None
2021,exp_acyclic_indvary2_step3_batch_yyy03.pl,v2,yes,0.14,yes,corr,1,None,None,None
2022,exp_acyclic_indvary2_step3_batch_yyy03.pl,d4,no,0.13,no,corr,2,None,None,None
2023,exp_acyclic_indvary2_step3_batch_yyy03.pl,v1,no,0.16,no,corr,3,None,None,None
2024,exp_acyclic_indvary2_step3_batch_yyy03.pl,v4,no,0.13,no,corr,2,None,None,None
2025,exp_acyclic_indvary2_step3_batch_yyy03.pl,q2,yes,0.13,yes,corr,1,None,None,None
2026,exp_acyclic_indvary2_step3_batch_yyy03.pl,c5,no,0.13,no,corr,2,None,None,None
2027,exp_acyclic_indvary2_step3_batch_yyy03.pl,c2,no,0.14,no,corr,2,None,None,None
2028,exp_acyclic_indvary2_step3_batch_yyy03.pl,a5,no,0.12,no,corr,2,None,None,None
2029,exp_acyclic_indvary2_step3_batch_yyy03.pl,y1,no,0.14,no,corr,2,None,None,None
2030,exp_acyclic_indvary2_step3_batch_yyy03.pl,r1,no,0.17,no,corr,3,None,None,None
2031,exp_acyclic_indvary2_step3_batch_yyy04.pl,u5,no,0.19,no,corr,3,None,None,None
2032,exp_acyclic_indvary2_step3_batch_yyy04.pl,d4,no,0.21,no,corr,3,None,None,None
2033,exp_acyclic_indvary2_step3_batch_yyy04.pl,u7,no,0.21,no,corr,3,None,None,None
2034,exp_acyclic_indvary2_step3_batch_yyy04.pl,x7,no,0.2,no,corr,3,None,None,None
2035,exp_acyclic_indvary2_step3_batch_yyy04.pl,f5,no,0.22,no,corr,3,None,None,None
2036,exp_acyclic_indvary2_step3_batch_yyy04.pl,p3,yes,0.15,yes,corr,1,None,None,None
2037,exp_acyclic_indvary2_step3_batch_yyy04.pl,v4,no,0.18,no,corr,3,None,None,None
2038,exp_acyclic_indvary2_step3_batch_yyy04.pl,q3,no,0.18,no,corr,3,None,None,None
2039,exp_acyclic_indvary2_step3_batch_yyy04.pl,t1,yes,0.17,yes,corr,1,None,None,None
2040,exp_acyclic_indvary2_step3_batch_yyy04.pl,w3,no,0.18,no,corr,3,None,None,None
2041,exp_acyclic_indvary2_step3_batch_yyy05.pl,r6,no,0.17,no,corr,2,None,None,None
2042,exp_acyclic_indvary2_step3_batch_yyy05.pl,b1,no,0.37,yes,inc,9,None,None,None
2043,exp_acyclic_indvary2_step3_batch_yyy05.pl,w1,yes,0.16,yes,corr,1,None,None,None
2044,exp_acyclic_indvary2_step3_batch_yyy05.pl,q7,no,0.18,no,corr,2,None,None,None
2045,exp_acyclic_indvary2_step3_batch_yyy05.pl,z6,no,0.18,no,corr,2,None,None,None
2046,exp_acyclic_indvary2_step3_batch_yyy05.pl,b2,no,0.17,no,corr,2,None,None,None
2047,exp_acyclic_indvary2_step3_batch_yyy05.pl,v4,no,0.16,no,corr,2,None,None,None
2048,exp_acyclic_indvary2_step3_batch_yyy05.pl,e3,no,0.17,no,corr,2,None,None,None
2049,exp_acyclic_indvary2_step3_batch_yyy05.pl,a2,no,0.15,no,corr,2,None,None,None
2050,exp_acyclic_indvary2_step3_batch_yyy05.pl,w3,no,0.13,no,corr,2,None,None,None
2051,exp_acyclic_indvary2_step3_batch_yyy06.pl,t4,no,0.11,no,corr,2,None,None,None
2052,exp_acyclic_indvary2_step3_batch_yyy06.pl,x3,no,0.1,no,corr,2,None,None,None
2053,exp_acyclic_indvary2_step3_batch_yyy06.pl,t3,no,0.16,no,corr,2,None,None,None
2054,exp_acyclic_indvary2_step3_batch_yyy06.pl,a5,no,0.15,no,corr,2,None,None,None
2055,exp_acyclic_indvary2_step3_batch_yyy06.pl,w1,yes,0.2,yes,corr,2,None,None,None
2056,exp_acyclic_indvary2_step3_batch_yyy06.pl,b5,no,0.17,no,corr,2,None,None,None
2057,exp_acyclic_indvary2_step3_batch_yyy06.pl,z3,no,0.15,no,corr,2,None,None,None
2058,exp_acyclic_indvary2_step3_batch_yyy06.pl,r3,no,0.16,no,corr,3,None,None,None
2059,exp_acyclic_indvary2_step3_batch_yyy06.pl,q7,no,0.14,no,corr,2,None,None,None
2060,exp_acyclic_indvary2_step3_batch_yyy06.pl,q2,yes,0.12,yes,corr,1,None,None,None
2061,exp_acyclic_indvary2_step3_batch_yyy07.pl,y4,no,0.15,no,corr,3,None,None,None
2062,exp_acyclic_indvary2_step3_batch_yyy07.pl,q5,no,0.16,no,corr,3,None,None,None
2063,exp_acyclic_indvary2_step3_batch_yyy07.pl,w1,yes,0.15,yes,corr,2,None,None,None
2064,exp_acyclic_indvary2_step3_batch_yyy07.pl,f3,no,0.15,no,corr,3,None,None,None
2065,exp_acyclic_indvary2_step3_batch_yyy07.pl,r4,no,0.16,no,corr,3,None,None,None
2066,exp_acyclic_indvary2_step3_batch_yyy07.pl,q1,yes,0.17,yes,corr,2,None,None,None
2067,exp_acyclic_indvary2_step3_batch_yyy07.pl,z5,no,0.19,no,corr,3,None,None,None
2068,exp_acyclic_indvary2_step3_batch_yyy07.pl,v2,no,0.17,no,corr,3,None,None,None
2069,exp_acyclic_indvary2_step3_batch_yyy07.pl,a4,no,0.17,no,corr,3,None,None,None
2070,exp_acyclic_indvary2_step3_batch_yyy07.pl,w6,no,0.16,no,corr,3,None,None,None
2071,exp_acyclic_indvary2_step3_batch_yyy08.pl,d5,no,0.15,no,corr,3,None,None,None
2072,exp_acyclic_indvary2_step3_batch_yyy08.pl,t5,no,0.16,no,corr,3,None,None,None
2073,exp_acyclic_indvary2_step3_batch_yyy08.pl,w7,no,0.19,no,corr,3,None,None,None
2074,exp_acyclic_indvary2_step3_batch_yyy08.pl,a4,no,0.19,no,corr,3,None,None,None
2075,exp_acyclic_indvary2_step3_batch_yyy08.pl,r5,no,0.19,no,corr,3,None,None,None
2076,exp_acyclic_indvary2_step3_batch_yyy08.pl,u3,no,0.18,no,corr,3,None,None,None
2077,exp_acyclic_indvary2_step3_batch_yyy08.pl,r2,no,0.22,no,corr,4,None,None,None
2078,exp_acyclic_indvary2_step3_batch_yyy08.pl,y6,no,0.19,no,corr,3,None,None,None
2079,exp_acyclic_indvary2_step3_batch_yyy08.pl,p4,no,0.17,no,corr,3,None,None,None
2080,exp_acyclic_indvary2_step3_batch_yyy08.pl,x3,no,0.17,no,corr,3,None,None,None
2081,exp_acyclic_indvary2_step3_batch_yyy09.pl,b1,no,0.19,no,corr,4,None,None,None
2082,exp_acyclic_indvary2_step3_batch_yyy09.pl,r5,no,0.21,no,corr,4,None,None,None
2083,exp_acyclic_indvary2_step3_batch_yyy09.pl,a3,no,11.33,yes,inc,14,None,None,None
2084,exp_acyclic_indvary2_step3_batch_yyy09.pl,a1,no,0.23,yes,inc,4,None,None,None
2085,exp_acyclic_indvary2_step3_batch_yyy09.pl,f2,no,0.19,no,corr,4,None,None,None
2086,exp_acyclic_indvary2_step3_batch_yyy09.pl,v1,yes,0.16,yes,corr,1,None,None,None
2087,exp_acyclic_indvary2_step3_batch_yyy09.pl,p3,no,0.2,no,corr,5,None,None,None
2088,exp_acyclic_indvary2_step3_batch_yyy09.pl,c1,no,0.19,no,corr,4,None,None,None
2089,exp_acyclic_indvary2_step3_batch_yyy09.pl,c6,no,0.21,no,corr,4,None,None,None
2090,exp_acyclic_indvary2_step3_batch_yyy09.pl,z2,no,0.23,no,corr,4,None,None,None
2091,exp_acyclic_indvary2_step3_batch_yyy10.pl,w2,yes,0.19,yes,corr,2,None,None,None
2092,exp_acyclic_indvary2_step3_batch_yyy10.pl,u3,no,0.18,no,corr,3,None,None,None
2093,exp_acyclic_indvary2_step3_batch_yyy10.pl,p1,yes,0.18,yes,corr,1,None,None,None
2094,exp_acyclic_indvary2_step3_batch_yyy10.pl,p7,no,0.22,no,corr,3,None,None,None
2095,exp_acyclic_indvary2_step3_batch_yyy10.pl,p5,no,0.22,no,corr,3,None,None,None
2096,exp_acyclic_indvary2_step3_batch_yyy10.pl,c2,no,11.95,no,corr,13,None,None,None
2097,exp_acyclic_indvary2_step3_batch_yyy10.pl,t6,no,0.17,no,corr,3,None,None,None
2098,exp_acyclic_indvary2_step3_batch_yyy10.pl,d1,no,0.13,no,corr,3,None,None,None
2099,exp_acyclic_indvary2_step3_batch_yyy10.pl,u2,yes,0.15,yes,corr,1,None,None,None
2100,exp_acyclic_indvary2_step3_batch_yyy10.pl,t1,yes,0.21,yes,corr,1,None,None,None
2101,exp_acyclic_indvary2_step4_batch_yyy01.pl,p4,no,0.17,no,corr,3,None,None,None
2102,exp_acyclic_indvary2_step4_batch_yyy01.pl,e5,no,0.2,no,corr,3,None,None,None
2103,exp_acyclic_indvary2_step4_batch_yyy01.pl,d3,no,0.18,no,corr,3,None,None,None
2104,exp_acyclic_indvary2_step4_batch_yyy01.pl,s1,yes,0.18,yes,corr,1,None,None,None
2105,exp_acyclic_indvary2_step4_batch_yyy01.pl,t5,no,0.2,no,corr,3,None,None,None
2106,exp_acyclic_indvary2_step4_batch_yyy01.pl,s3,no,0.18,no,corr,3,None,None,None
2107,exp_acyclic_indvary2_step4_batch_yyy01.pl,r3,no,0.21,no,corr,3,None,None,None
2108,exp_acyclic_indvary2_step4_batch_yyy01.pl,d1,no,0.19,no,corr,3,None,None,None
2109,exp_acyclic_indvary2_step4_batch_yyy01.pl,x4,no,0.22,no,corr,3,None,None,None
2110,exp_acyclic_indvary2_step4_batch_yyy01.pl,w3,no,0.22,no,corr,3,None,None,None
2111,exp_acyclic_indvary2_step4_batch_yyy02.pl,u5,no,0.2,no,corr,3,None,None,None
2112,exp_acyclic_indvary2_step4_batch_yyy02.pl,c3,no,0.19,no,corr,3,None,None,None
2113,exp_acyclic_indvary2_step4_batch_yyy02.pl,z6,no,0.22,no,corr,3,None,None,None
2114,exp_acyclic_indvary2_step4_batch_yyy02.pl,p7,no,0.17,no,corr,3,None,None,None
2115,exp_acyclic_indvary2_step4_batch_yyy02.pl,w5,no,0.24,no,corr,3,None,None,None
2116,exp_acyclic_indvary2_step4_batch_yyy02.pl,r3,yes,0.13,yes,corr,2,None,None,None
2117,exp_acyclic_indvary2_step4_batch_yyy02.pl,p1,yes,0.15,yes,corr,1,None,None,None
2118,exp_acyclic_indvary2_step4_batch_yyy02.pl,a2,no,0.95,yes,inc,12,None,None,None
2119,exp_acyclic_indvary2_step4_batch_yyy02.pl,u3,no,0.2,no,corr,3,None,None,None
2120,exp_acyclic_indvary2_step4_batch_yyy02.pl,r4,no,0.15,no,corr,3,None,None,None
2121,exp_acyclic_indvary2_step4_batch_yyy03.pl,b2,,600.0,yes,TIMEOUT,,,,
2122,exp_acyclic_indvary2_step4_batch_yyy03.pl,d3,no,0.47,no,corr,3,None,None,None
2123,exp_acyclic_indvary2_step4_batch_yyy03.pl,w6,no,0.4,no,corr,3,None,None,None
2124,exp_acyclic_indvary2_step4_batch_yyy03.pl,c1,no,0.5,no,corr,3,None,None,None
2125,exp_acyclic_indvary2_step4_batch_yyy03.pl,s1,yes,0.38,yes,corr,2,None,None,None
2126,exp_acyclic_indvary2_step4_batch_yyy03.pl,q3,yes,0.49,yes,corr,2,None,None,None
2127,exp_acyclic_indvary2_step4_batch_yyy03.pl,b6,no,0.46,no,corr,3,None,None,None
2128,exp_acyclic_indvary2_step4_batch_yyy03.pl,y5,no,0.47,no,corr,3,None,None,None
2129,exp_acyclic_indvary2_step4_batch_yyy03.pl,a2,no,0.5,yes,inc,3,None,None,None
2130,exp_acyclic_indvary2_step4_batch_yyy03.pl,w3,no,0.56,no,corr,3,None,None,None
2131,exp_acyclic_indvary2_step4_batch_yyy04.pl,t5,no,0.64,no,corr,3,None,None,None
2132,exp_acyclic_indvary2_step4_batch_yyy04.pl,a6,no,0.49,no,corr,3,None,None,None
2133,exp_acyclic_indvary2_step4_batch_yyy04.pl,r5,no,0.42,no,corr,3,None,None,None
2134,exp_acyclic_indvary2_step4_batch_yyy04.pl,v1,yes,0.32,yes,corr,1,None,None,None
2135,exp_acyclic_indvary2_step4_batch_yyy04.pl,x6,no,0.4,no,corr,3,None,None,None
2136,exp_acyclic_indvary2_step4_batch_yyy04.pl,q1,yes,0.46,yes,corr,1,None,None,None
2137,exp_acyclic_indvary2_step4_batch_yyy04.pl,w2,yes,0.32,yes,corr,1,None,None,None
2138,exp_acyclic_indvary2_step4_batch_yyy04.pl,u1,yes,0.32,yes,corr,1,None,None,None
2139,exp_acyclic_indvary2_step4_batch_yyy04.pl,a2,no,1.27,yes,inc,11,None,None,None
2140,exp_acyclic_indvary2_step4_batch_yyy04.pl,x4,no,0.49,no,corr,3,None,None,None
2141,exp_acyclic_indvary2_step4_batch_yyy05.pl,p5,no,0.5,no,corr,3,None,None,None
2142,exp_acyclic_indvary2_step4_batch_yyy05.pl,t3,no,0.47,no,corr,3,None,None,None
2143,exp_acyclic_indvary2_step4_batch_yyy05.pl,t6,no,0.35,no,corr,3,None,None,None
2144,exp_acyclic_indvary2_step4_batch_yyy05.pl,a4,no,0.36,no,corr,3,None,None,None
2145,exp_acyclic_indvary2_step4_batch_yyy05.pl,v4,no,0.33,no,corr,3,None,None,None
2146,exp_acyclic_indvary2_step4_batch_yyy05.pl,f4,no,0.39,no,corr,3,None,None,None
2147,exp_acyclic_indvary2_step4_batch_yyy05.pl,x6,no,0.31,no,corr,3,None,None,None
2148,exp_acyclic_indvary2_step4_batch_yyy05.pl,p1,yes,0.3,yes,corr,1,None,None,None
2149,exp_acyclic_indvary2_step4_batch_yyy05.pl,a6,no,0.33,no,corr,3,None,None,None
2150,exp_acyclic_indvary2_step4_batch_yyy05.pl,w7,no,0.38,no,corr,3,None,None,None
2151,exp_acyclic_indvary2_step4_batch_yyy06.pl,d5,no,0.4,no,corr,3,None,None,None
2152,exp_acyclic_indvary2_step4_batch_yyy06.pl,p7,no,0.41,no,corr,3,None,None,None
2153,exp_acyclic_indvary2_step4_batch_yyy06.pl,v5,no,0.39,no,corr,3,None,None,None
2154,exp_acyclic_indvary2_step4_batch_yyy06.pl,b1,no,0.5,yes,inc,3,None,None,None
2155,exp_acyclic_indvary2_step4_batch_yyy06.pl,p3,yes,0.33,yes,corr,1,None,None,None
2156,exp_acyclic_indvary2_step4_batch_yyy06.pl,f3,no,0.33,no,corr,3,None,None,None
2157,exp_acyclic_indvary2_step4_batch_yyy06.pl,e3,no,0.33,no,corr,3,None,None,None
2158,exp_acyclic_indvary2_step4_batch_yyy06.pl,a3,no,0.35,yes,inc,3,None,None,None
2159,exp_acyclic_indvary2_step4_batch_yyy06.pl,r7,no,0.31,no,corr,3,None,None,None
2160,exp_acyclic_indvary2_step4_batch_yyy06.pl,d1,,600.0,yes,TIMEOUT,,,,
2161,exp_acyclic_indvary2_step4_batch_yyy07.pl,w2,yes,0.44,yes,corr,2,None,None,None
2162,exp_acyclic_indvary2_step4_batch_yyy07.pl,u4,no,0.39,no,corr,3,None,None,None
2163,exp_acyclic_indvary2_step4_batch_yyy07.pl,z1,no,0.48,no,corr,3,None,None,None
2164,exp_acyclic_indvary2_step4_batch_yyy07.pl,v1,no,0.75,no,corr,3,None,None,None
2165,exp_acyclic_indvary2_step4_batch_yyy07.pl,s1,yes,0.39,yes,corr,1,None,None,None
2166,exp_acyclic_indvary2_step4_batch_yyy07.pl,z3,no,0.45,no,corr,3,None,None,None
2167,exp_acyclic_indvary2_step4_batch_yyy07.pl,s4,no,0.67,no,corr,3,None,None,None
2168,exp_acyclic_indvary2_step4_batch_yyy07.pl,y4,no,0.7,no,corr,3,None,None,None
2169,exp_acyclic_indvary2_step4_batch_yyy07.pl,t2,no,0.5,no,corr,3,None,None,None
2170,exp_acyclic_indvary2_step4_batch_yyy07.pl,t7,no,0.48,no,corr,3,None,None,None
2171,exp_acyclic_indvary2_step4_batch_yyy08.pl,u6,no,0.63,no,corr,3,None,None,None
2172,exp_acyclic_indvary2_step4_batch_yyy08.pl,f5,no,0.55,no,corr,3,None,None,None
2173,exp_acyclic_indvary2_step4_batch_yyy08.pl,f3,no,0.55,no,corr,3,None,None,None
2174,exp_acyclic_indvary2_step4_batch_yyy08.pl,t7,no,0.57,no,corr,3,None,None,None
2175,exp_acyclic_indvary2_step4_batch_yyy08.pl,v4,no,0.49,no,corr,3,None,None,None
2176,exp_acyclic_indvary2_step4_batch_yyy08.pl,s7,no,0.41,no,corr,3,None,None,None
2177,exp_acyclic_indvary2_step4_batch_yyy08.pl,y2,no,0.41,yes,inc,4,None,None,None
2178,exp_acyclic_indvary2_step4_batch_yyy08.pl,x6,no,0.36,no,corr,3,None,None,None
2179,exp_acyclic_indvary2_step4_batch_yyy08.pl,r3,yes,0.41,yes,corr,2,None,None,None
2180,exp_acyclic_indvary2_step4_batch_yyy08.pl,t1,yes,0.36,yes,corr,1,None,None,None
2181,exp_acyclic_indvary2_step4_batch_yyy09.pl,e1,no,0.44,no,corr,3,None,None,None
2182,exp_acyclic_indvary2_step4_batch_yyy09.pl,s5,no,0.36,no,corr,3,None,None,None
2183,exp_acyclic_indvary2_step4_batch_yyy09.pl,c5,no,0.38,no,corr,3,None,None,None
2184,exp_acyclic_indvary2_step4_batch_yyy09.pl,x7,no,0.38,no,corr,3,None,None,None
2185,exp_acyclic_indvary2_step4_batch_yyy09.pl,e3,no,0.4,no,corr,3,None,None,None
2186,exp_acyclic_indvary2_step4_batch_yyy09.pl,p2,yes,0.49,yes,corr,1,None,None,None
2187,exp_acyclic_indvary2_step4_batch_yyy09.pl,y2,yes,0.36,yes,corr,1,None,None,None
2188,exp_acyclic_indvary2_step4_batch_yyy09.pl,r2,yes,0.34,yes,corr,1,None,None,None
2189,exp_acyclic_indvary2_step4_batch_yyy09.pl,b6,no,0.36,no,corr,3,None,None,None
2190,exp_acyclic_indvary2_step4_batch_yyy09.pl,a1,no,20.36,yes,inc,16,None,None,None
2191,exp_acyclic_indvary2_step4_batch_yyy10.pl,t5,no,0.5,no,corr,3,None,None,None
2192,exp_acyclic_indvary2_step4_batch_yyy10.pl,z6,no,0.45,no,corr,3,None,None,None
2193,exp_acyclic_indvary2_step4_batch_yyy10.pl,p7,no,0.49,no,corr,3,None,None,None
2194,exp_acyclic_indvary2_step4_batch_yyy10.pl,z4,no,0.42,no,corr,3,None,None,None
2195,exp_acyclic_indvary2_step4_batch_yyy10.pl,c1,no,0.43,no,corr,3,None,None,None
2196,exp_acyclic_indvary2_step4_batch_yyy10.pl,r7,no,0.4,no,corr,3,None,None,None
2197,exp_acyclic_indvary2_step4_batch_yyy10.pl,u2,yes,0.44,yes,corr,1,None,None,None
2198,exp_acyclic_indvary2_step4_batch_yyy10.pl,x4,no,0.39,no,corr,3,None,None,None
2199,exp_acyclic_indvary2_step4_batch_yyy10.pl,y2,yes,0.31,yes,corr,1,None,None,None
2200,exp_acyclic_indvary2_step4_batch_yyy10.pl,x1,yes,0.34,yes,corr,2,None,None,None
2201,exp_acyclic_indvary2_step5_batch_yyy01.pl,d3,no,0.34,no,corr,2,None,None,None
2202,exp_acyclic_indvary2_step5_batch_yyy01.pl,u7,no,0.36,no,corr,2,None,None,None
2203,exp_acyclic_indvary2_step5_batch_yyy01.pl,e4,no,0.37,no,corr,2,None,None,None
2204,exp_acyclic_indvary2_step5_batch_yyy01.pl,f3,no,0.35,no,corr,2,None,None,None
2205,exp_acyclic_indvary2_step5_batch_yyy01.pl,t2,no,0.39,no,corr,2,None,None,None
2206,exp_acyclic_indvary2_step5_batch_yyy01.pl,v4,no,0.34,no,corr,2,None,None,None
2207,exp_acyclic_indvary2_step5_batch_yyy01.pl,a3,no,0.43,no,corr,2,None,None,None
2208,exp_acyclic_indvary2_step5_batch_yyy01.pl,y6,no,0.37,no,corr,2,None,None,None
2209,exp_acyclic_indvary2_step5_batch_yyy01.pl,s2,yes,0.43,yes,corr,2,None,None,None
2210,exp_acyclic_indvary2_step5_batch_yyy01.pl,z1,yes,0.32,yes,corr,2,None,None,None
2211,exp_acyclic_indvary2_step5_batch_yyy02.pl,s3,no,0.45,no,corr,3,None,None,None
2212,exp_acyclic_indvary2_step5_batch_yyy02.pl,v7,no,0.37,no,corr,3,None,None,None
2213,exp_acyclic_indvary2_step5_batch_yyy02.pl,v2,yes,0.37,yes,corr,2,None,None,None
2214,exp_acyclic_indvary2_step5_batch_yyy02.pl,w1,yes,0.32,yes,corr,1,None,None,None
2215,exp_acyclic_indvary2_step5_batch_yyy02.pl,r4,no,0.43,no,corr,3,None,None,None
2216,exp_acyclic_indvary2_step5_batch_yyy02.pl,p2,no,0.45,no,corr,3,None,None,None
2217,exp_acyclic_indvary2_step5_batch_yyy02.pl,d1,,600.0,yes,TIMEOUT,,,,
2218,exp_acyclic_indvary2_step5_batch_yyy02.pl,q2,yes,0.6,yes,corr,2,None,None,None
2219,exp_acyclic_indvary2_step5_batch_yyy02.pl,b6,no,0.57,no,corr,3,None,None,None
2220,exp_acyclic_indvary2_step5_batch_yyy02.pl,a1,no,0.42,no,corr,3,None,None,None
2221,exp_acyclic_indvary2_step5_batch_yyy03.pl,u6,no,0.42,no,corr,3,None,None,None
2222,exp_acyclic_indvary2_step5_batch_yyy03.pl,p5,no,0.39,no,corr,3,None,None,None
2223,exp_acyclic_indvary2_step5_batch_yyy03.pl,r6,no,0.4,no,corr,3,None,None,None
2224,exp_acyclic_indvary2_step5_batch_yyy03.pl,v5,no,0.4,no,corr,3,None,None,None
2225,exp_acyclic_indvary2_step5_batch_yyy03.pl,u3,no,0.4,no,corr,3,None,None,None
2226,exp_acyclic_indvary2_step5_batch_yyy03.pl,p2,no,0.38,no,corr,3,None,None,None
2227,exp_acyclic_indvary2_step5_batch_yyy03.pl,r7,no,0.5,no,corr,3,None,None,None
2228,exp_acyclic_indvary2_step5_batch_yyy03.pl,e2,no,0.42,no,corr,3,None,None,None
2229,exp_acyclic_indvary2_step5_batch_yyy03.pl,c6,no,0.46,no,corr,3,None,None,None
2230,exp_acyclic_indvary2_step5_batch_yyy03.pl,b5,no,0.37,no,corr,3,None,None,None
2231,exp_acyclic_indvary2_step5_batch_yyy04.pl,c4,no,0.34,no,corr,2,None,None,None
2232,exp_acyclic_indvary2_step5_batch_yyy04.pl,s4,no,0.35,no,corr,2,None,None,None
2233,exp_acyclic_indvary2_step5_batch_yyy04.pl,v2,yes,0.31,yes,corr,1,None,None,None
2234,exp_acyclic_indvary2_step5_batch_yyy04.pl,x2,yes,0.39,yes,corr,2,None,None,None
2235,exp_acyclic_indvary2_step5_batch_yyy04.pl,y2,yes,0.39,yes,corr,1,None,None,None
2236,exp_acyclic_indvary2_step5_batch_yyy04.pl,x5,no,0.52,no,corr,2,None,None,None
2237,exp_acyclic_indvary2_step5_batch_yyy04.pl,c1,,600.0,yes,TIMEOUT,,,,
2238,exp_acyclic_indvary2_step5_batch_yyy04.pl,t7,no,0.56,no,corr,2,None,None,None
2239,exp_acyclic_indvary2_step5_batch_yyy04.pl,x4,no,0.57,no,corr,2,None,None,None
2240,exp_acyclic_indvary2_step5_batch_yyy04.pl,w3,no,0.55,no,corr,2,None,None,None
2241,exp_acyclic_indvary2_step5_batch_yyy05.pl,z6,no,0.49,no,corr,3,None,None,None
2242,exp_acyclic_indvary2_step5_batch_yyy05.pl,p5,no,0.5,no,corr,3,None,None,None
2243,exp_acyclic_indvary2_step5_batch_yyy05.pl,w2,no,0.59,yes,inc,4,None,None,None
2244,exp_acyclic_indvary2_step5_batch_yyy05.pl,w5,no,0.55,no,corr,3,None,None,None
2245,exp_acyclic_indvary2_step5_batch_yyy05.pl,z2,yes,0.48,yes,corr,1,None,None,None
2246,exp_acyclic_indvary2_step5_batch_yyy05.pl,d2,no,0.51,no,corr,3,None,None,None
2247,exp_acyclic_indvary2_step5_batch_yyy05.pl,u2,yes,0.62,yes,corr,2,None,None,None
2248,exp_acyclic_indvary2_step5_batch_yyy05.pl,x4,no,0.52,no,corr,3,None,None,None
2249,exp_acyclic_indvary2_step5_batch_yyy05.pl,c3,no,0.76,no,corr,5,None,None,None
2250,exp_acyclic_indvary2_step5_batch_yyy05.pl,t5,no,0.55,no,corr,3,None,None,None
2251,exp_acyclic_indvary2_step5_batch_yyy06.pl,y4,no,0.6,no,corr,3,None,None,None
2252,exp_acyclic_indvary2_step5_batch_yyy06.pl,t3,no,0.52,no,corr,3,None,None,None
2253,exp_acyclic_indvary2_step5_batch_yyy06.pl,x7,no,0.53,no,corr,3,None,None,None
2254,exp_acyclic_indvary2_step5_batch_yyy06.pl,a4,no,0.53,no,corr,3,None,None,None
2255,exp_acyclic_indvary2_step5_batch_yyy06.pl,w4,no,0.5,no,corr,3,None,None,None
2256,exp_acyclic_indvary2_step5_batch_yyy06.pl,t7,no,0.61,no,corr,3,None,None,None
2257,exp_acyclic_indvary2_step5_batch_yyy06.pl,q3,yes,0.39,yes,corr,1,None,None,None
2258,exp_acyclic_indvary2_step5_batch_yyy06.pl,v3,no,0.65,no,corr,3,None,None,None
2259,exp_acyclic_indvary2_step5_batch_yyy06.pl,r3,yes,0.37,yes,corr,1,None,None,None
2260,exp_acyclic_indvary2_step5_batch_yyy06.pl,w3,no,0.57,no,corr,3,None,None,None
2261,exp_acyclic_indvary2_step5_batch_yyy07.pl,u6,no,0.51,no,corr,3,None,None,None
2262,exp_acyclic_indvary2_step5_batch_yyy07.pl,x3,no,0.49,no,corr,3,None,None,None
2263,exp_acyclic_indvary2_step5_batch_yyy07.pl,e5,no,0.51,no,corr,3,None,None,None
2264,exp_acyclic_indvary2_step5_batch_yyy07.pl,a5,no,0.78,no,corr,3,None,None,None
2265,exp_acyclic_indvary2_step5_batch_yyy07.pl,r5,no,0.65,no,corr,3,None,None,None
2266,exp_acyclic_indvary2_step5_batch_yyy07.pl,y6,no,0.47,no,corr,3,None,None,None
2267,exp_acyclic_indvary2_step5_batch_yyy07.pl,c3,no,0.55,no,corr,5,None,None,None
2268,exp_acyclic_indvary2_step5_batch_yyy07.pl,t5,no,0.44,no,corr,3,None,None,None
2269,exp_acyclic_indvary2_step5_batch_yyy07.pl,b3,no,0.76,no,corr,3,None,None,None
2270,exp_acyclic_indvary2_step5_batch_yyy07.pl,w7,no,0.56,no,corr,3,None,None,None
2271,exp_acyclic_indvary2_step5_batch_yyy08.pl,d5,no,0.57,no,corr,3,None,None,None
2272,exp_acyclic_indvary2_step5_batch_yyy08.pl,c3,no,0.68,no,corr,3,None,None,None
2273,exp_acyclic_indvary2_step5_batch_yyy08.pl,q6,no,0.48,no,corr,3,None,None,None
2274,exp_acyclic_indvary2_step5_batch_yyy08.pl,e5,no,0.53,no,corr,3,None,None,None
2275,exp_acyclic_indvary2_step5_batch_yyy08.pl,c5,no,0.45,no,corr,3,None,None,None
2276,exp_acyclic_indvary2_step5_batch_yyy08.pl,e4,no,0.44,no,corr,3,None,None,None
2277,exp_acyclic_indvary2_step5_batch_yyy08.pl,w4,no,0.45,no,corr,3,None,None,None
2278,exp_acyclic_indvary2_step5_batch_yyy08.pl,v4,no,0.5,no,corr,3,None,None,None
2279,exp_acyclic_indvary2_step5_batch_yyy08.pl,s7,no,0.47,no,corr,3,None,None,None
2280,exp_acyclic_indvary2_step5_batch_yyy08.pl,p1,yes,0.47,yes,corr,2,None,None,None
2281,exp_acyclic_indvary2_step5_batch_yyy09.pl,a6,no,0.47,no,corr,2,None,None,None
2282,exp_acyclic_indvary2_step5_batch_yyy09.pl,d4,no,0.41,no,corr,2,None,None,None
2283,exp_acyclic_indvary2_step5_batch_yyy09.pl,u7,no,0.41,no,corr,2,None,None,None
2284,exp_acyclic_indvary2_step5_batch_yyy09.pl,c5,no,0.6,no,corr,2,None,None,None
2285,exp_acyclic_indvary2_step5_batch_yyy09.pl,a4,no,0.72,no,corr,2,None,None,None
2286,exp_acyclic_indvary2_step5_batch_yyy09.pl,x5,no,0.6,no,corr,2,None,None,None
2287,exp_acyclic_indvary2_step5_batch_yyy09.pl,a3,no,0.44,no,corr,2,None,None,None
2288,exp_acyclic_indvary2_step5_batch_yyy09.pl,y2,no,0.44,no,corr,2,None,None,None
2289,exp_acyclic_indvary2_step5_batch_yyy09.pl,v1,yes,0.36,yes,corr,1,None,None,None
2290,exp_acyclic_indvary2_step5_batch_yyy09.pl,p3,yes,0.45,yes,corr,2,None,None,None
2291,exp_acyclic_indvary2_step5_batch_yyy10.pl,v7,no,0.56,no,corr,3,None,None,None
2292,exp_acyclic_indvary2_step5_batch_yyy10.pl,v2,yes,0.49,yes,corr,2,None,None,None
2293,exp_acyclic_indvary2_step5_batch_yyy10.pl,u1,yes,0.44,yes,corr,1,None,None,None
2294,exp_acyclic_indvary2_step5_batch_yyy10.pl,d3,no,0.44,no,corr,3,None,None,None
2295,exp_acyclic_indvary2_step5_batch_yyy10.pl,z1,yes,0.39,yes,corr,2,None,None,None
2296,exp_acyclic_indvary2_step5_batch_yyy10.pl,q4,no,0.46,no,corr,3,None,None,None
2297,exp_acyclic_indvary2_step5_batch_yyy10.pl,v1,yes,0.65,yes,corr,2,None,None,None
2298,exp_acyclic_indvary2_step5_batch_yyy10.pl,t2,yes,0.38,yes,corr,1,None,None,None
2299,exp_acyclic_indvary2_step5_batch_yyy10.pl,s7,no,0.48,no,corr,3,None,None,None
2300,exp_acyclic_indvary2_step5_batch_yyy10.pl,w3,no,0.52,no,corr,3,None,None,None
2301,exp_acyclic_indvary2_step6_batch_yyy01.pl,v2,no,0.55,no,corr,2,None,None,None
2302,exp_acyclic_indvary2_step6_batch_yyy01.pl,u4,no,0.46,no,corr,2,None,None,None
2303,exp_acyclic_indvary2_step6_batch_yyy01.pl,w5,no,0.53,no,corr,2,None,None,None
2304,exp_acyclic_indvary2_step6_batch_yyy01.pl,t7,no,0.42,no,corr,2,None,None,None
2305,exp_acyclic_indvary2_step6_batch_yyy01.pl,x6,no,0.45,no,corr,2,None,None,None
2306,exp_acyclic_indvary2_step6_batch_yyy01.pl,r2,no,0.44,no,corr,2,None,None,None
2307,exp_acyclic_indvary2_step6_batch_yyy01.pl,a6,no,0.43,no,corr,2,None,None,None
2308,exp_acyclic_indvary2_step6_batch_yyy01.pl,s4,no,0.48,no,corr,2,None,None,None
2309,exp_acyclic_indvary2_step6_batch_yyy01.pl,f1,no,0.43,no,corr,2,None,None,None
2310,exp_acyclic_indvary2_step6_batch_yyy01.pl,e5,no,0.5,no,corr,2,None,None,None
2311,exp_acyclic_indvary2_step6_batch_yyy02.pl,z6,no,0.5,no,corr,2,None,None,None
2312,exp_acyclic_indvary2_step6_batch_yyy02.pl,x3,no,0.45,no,corr,2,None,None,None
2313,exp_acyclic_indvary2_step6_batch_yyy02.pl,v5,no,0.48,no,corr,2,None,None,None
2314,exp_acyclic_indvary2_step6_batch_yyy02.pl,s5,no,0.45,no,corr,2,None,None,None
2315,exp_acyclic_indvary2_step6_batch_yyy02.pl,a5,no,0.53,no,corr,2,None,None,None
2316,exp_acyclic_indvary2_step6_batch_yyy02.pl,t2,yes,0.6,yes,corr,1,None,None,None
2317,exp_acyclic_indvary2_step6_batch_yyy02.pl,d1,,600.0,yes,TIMEOUT,,,,
2318,exp_acyclic_indvary2_step6_batch_yyy02.pl,q2,yes,0.84,yes,corr,2,None,None,None
2319,exp_acyclic_indvary2_step6_batch_yyy02.pl,w7,no,0.95,no,corr,2,None,None,None
2320,exp_acyclic_indvary2_step6_batch_yyy02.pl,v7,no,0.66,no,corr,2,None,None,None
2321,exp_acyclic_indvary2_step6_batch_yyy03.pl,v7,no,0.49,no,corr,2,None,None,None
2322,exp_acyclic_indvary2_step6_batch_yyy03.pl,x3,no,0.51,no,corr,2,None,None,None
2323,exp_acyclic_indvary2_step6_batch_yyy03.pl,f1,no,0.56,no,corr,2,None,None,None
2324,exp_acyclic_indvary2_step6_batch_yyy03.pl,s2,no,0.83,no,corr,2,None,None,None
2325,exp_acyclic_indvary2_step6_batch_yyy03.pl,c1,no,0.7,no,corr,2,None,None,None
2326,exp_acyclic_indvary2_step6_batch_yyy03.pl,s1,yes,0.51,yes,corr,1,None,None,None
2327,exp_acyclic_indvary2_step6_batch_yyy03.pl,a1,no,0.45,no,corr,2,None,None,None
2328,exp_acyclic_indvary2_step6_batch_yyy03.pl,u3,no,0.54,no,corr,2,None,None,None
2329,exp_acyclic_indvary2_step6_batch_yyy03.pl,e3,no,0.6,no,corr,2,None,None,None
2330,exp_acyclic_indvary2_step6_batch_yyy03.pl,r4,no,0.48,no,corr,2,None,None,None
2331,exp_acyclic_indvary2_step6_batch_yyy04.pl,a6,no,0.63,no,corr,2,None,None,None
2332,exp_acyclic_indvary2_step6_batch_yyy04.pl,u4,no,0.7,no,corr,2,None,None,None
2333,exp_acyclic_indvary2_step6_batch_yyy04.pl,w5,no,0.72,no,corr,2,None,None,None
2334,exp_acyclic_indvary2_step6_batch_yyy04.pl,c2,no,0.61,no,corr,2,None,None,None
2335,exp_acyclic_indvary2_step6_batch_yyy04.pl,e4,no,0.54,no,corr,2,None,None,None
2336,exp_acyclic_indvary2_step6_batch_yyy04.pl,c6,no,0.49,no,corr,2,None,None,None
2337,exp_acyclic_indvary2_step6_batch_yyy04.pl,a3,no,0.48,no,corr,2,None,None,None
2338,exp_acyclic_indvary2_step6_batch_yyy04.pl,y6,no,0.55,no,corr,2,None,None,None
2339,exp_acyclic_indvary2_step6_batch_yyy04.pl,y1,yes,0.44,yes,corr,1,None,None,None
2340,exp_acyclic_indvary2_step6_batch_yyy04.pl,r1,no,0.53,no,corr,2,None,None,None
2341,exp_acyclic_indvary2_step6_batch_yyy05.pl,e1,no,0.59,no,corr,2,None,None,None
2342,exp_acyclic_indvary2_step6_batch_yyy05.pl,c2,no,0.58,no,corr,3,None,None,None
2343,exp_acyclic_indvary2_step6_batch_yyy05.pl,x7,no,0.5,no,corr,2,None,None,None
2344,exp_acyclic_indvary2_step6_batch_yyy05.pl,w6,no,0.47,no,corr,2,None,None,None
2345,exp_acyclic_indvary2_step6_batch_yyy05.pl,e4,no,0.49,no,corr,2,None,None,None
2346,exp_acyclic_indvary2_step6_batch_yyy05.pl,f2,no,0.46,no,corr,2,None,None,None
2347,exp_acyclic_indvary2_step6_batch_yyy05.pl,y1,yes,0.75,yes,corr,2,None,None,None
2348,exp_acyclic_indvary2_step6_batch_yyy05.pl,s1,yes,0.57,yes,corr,1,None,None,None
2349,exp_acyclic_indvary2_step6_batch_yyy05.pl,y2,yes,0.5,yes,corr,1,None,None,None
2350,exp_acyclic_indvary2_step6_batch_yyy05.pl,x6,no,0.51,no,corr,2,None,None,None
2351,exp_acyclic_indvary2_step6_batch_yyy06.pl,t5,no,0.53,no,corr,2,None,None,None
2352,exp_acyclic_indvary2_step6_batch_yyy06.pl,z5,no,0.54,no,corr,2,None,None,None
2353,exp_acyclic_indvary2_step6_batch_yyy06.pl,e5,no,0.47,no,corr,2,None,None,None
2354,exp_acyclic_indvary2_step6_batch_yyy06.pl,s2,yes,0.54,yes,corr,1,None,None,None
2355,exp_acyclic_indvary2_step6_batch_yyy06.pl,z4,no,0.64,no,corr,2,None,None,None
2356,exp_acyclic_indvary2_step6_batch_yyy06.pl,v4,no,0.54,no,corr,2,None,None,None
2357,exp_acyclic_indvary2_step6_batch_yyy06.pl,a3,no,0.5,no,corr,2,None,None,None
2358,exp_acyclic_indvary2_step6_batch_yyy06.pl,x1,yes,0.49,yes,corr,1,None,None,None
2359,exp_acyclic_indvary2_step6_batch_yyy06.pl,s7,no,0.51,no,corr,2,None,None,None
2360,exp_acyclic_indvary2_step6_batch_yyy06.pl,f2,no,0.65,no,corr,4,None,None,None
2361,exp_acyclic_indvary2_step6_batch_yyy07.pl,u5,no,0.61,no,corr,2,None,None,None
2362,exp_acyclic_indvary2_step6_batch_yyy07.pl,u1,yes,0.42,yes,corr,1,None,None,None
2363,exp_acyclic_indvary2_step6_batch_yyy07.pl,v5,no,0.47,no,corr,2,None,None,None
2364,exp_acyclic_indvary2_step6_batch_yyy07.pl,s2,yes,0.42,yes,corr,1,None,None,None
2365,exp_acyclic_indvary2_step6_batch_yyy07.pl,e3,no,0.54,no,corr,2,None,None,None
2366,exp_acyclic_indvary2_step6_batch_yyy07.pl,d2,no,0.6,no,corr,2,None,None,None
2367,exp_acyclic_indvary2_step6_batch_yyy07.pl,v1,yes,0.47,yes,corr,1,None,None,None
2368,exp_acyclic_indvary2_step6_batch_yyy07.pl,p3,yes,0.44,yes,corr,1,None,None,None
2369,exp_acyclic_indvary2_step6_batch_yyy07.pl,t2,no,0.51,no,corr,2,None,None,None
2370,exp_acyclic_indvary2_step6_batch_yyy07.pl,s6,no,0.59,no,corr,2,None,None,None
2371,exp_acyclic_indvary2_step6_batch_yyy08.pl,u5,no,0.52,no,corr,2,None,None,None
2372,exp_acyclic_indvary2_step6_batch_yyy08.pl,b3,no,0.51,no,corr,2,None,None,None
2373,exp_acyclic_indvary2_step6_batch_yyy08.pl,t6,no,0.52,no,corr,2,None,None,None
2374,exp_acyclic_indvary2_step6_batch_yyy08.pl,d2,,600.0,yes,TIMEOUT,,,,
2375,exp_acyclic_indvary2_step6_batch_yyy08.pl,x1,no,0.66,no,corr,2,None,None,None
2376,exp_acyclic_indvary2_step6_batch_yyy08.pl,s7,no,0.87,no,corr,2,None,None,None
2377,exp_acyclic_indvary2_step6_batch_yyy08.pl,e2,no,0.9,no,corr,2,None,None,None
2378,exp_acyclic_indvary2_step6_batch_yyy08.pl,q2,no,0.87,no,corr,2,None,None,None
2379,exp_acyclic_indvary2_step6_batch_yyy08.pl,w2,yes,0.59,yes,corr,1,None,None,None
2380,exp_acyclic_indvary2_step6_batch_yyy08.pl,e5,no,0.78,no,corr,2,None,None,None
2381,exp_acyclic_indvary2_step6_batch_yyy09.pl,u5,no,0.89,no,corr,2,None,None,None
2382,exp_acyclic_indvary2_step6_batch_yyy09.pl,t5,no,0.71,no,corr,2,None,None,None
2383,exp_acyclic_indvary2_step6_batch_yyy09.pl,b2,no,0.86,no,corr,2,None,None,None
2384,exp_acyclic_indvary2_step6_batch_yyy09.pl,p5,no,0.9,no,corr,2,None,None,None
2385,exp_acyclic_indvary2_step6_batch_yyy09.pl,e5,no,0.81,no,corr,2,None,None,None
2386,exp_acyclic_indvary2_step6_batch_yyy09.pl,t3,no,0.77,no,corr,2,None,None,None
2387,exp_acyclic_indvary2_step6_batch_yyy09.pl,b1,no,0.92,no,corr,2,None,None,None
2388,exp_acyclic_indvary2_step6_batch_yyy09.pl,b5,no,0.65,no,corr,2,None,None,None
2389,exp_acyclic_indvary2_step6_batch_yyy09.pl,d2,no,45.84,yes,inc,12,None,None,None
2390,exp_acyclic_indvary2_step6_batch_yyy09.pl,e2,,600.0,yes,TIMEOUT,,,,
2391,exp_acyclic_indvary2_step6_batch_yyy10.pl,z6,no,0.62,no,corr,3,None,None,None
2392,exp_acyclic_indvary2_step6_batch_yyy10.pl,p7,no,0.54,no,corr,3,None,None,None
2393,exp_acyclic_indvary2_step6_batch_yyy10.pl,x2,no,0.55,no,corr,3,None,None,None
2394,exp_acyclic_indvary2_step6_batch_yyy10.pl,c6,no,0.54,no,corr,3,None,None,None
2395,exp_acyclic_indvary2_step6_batch_yyy10.pl,x1,yes,0.51,yes,corr,1,None,None,None
2396,exp_acyclic_indvary2_step6_batch_yyy10.pl,r7,no,0.56,no,corr,3,None,None,None
2397,exp_acyclic_indvary2_step6_batch_yyy10.pl,e2,no,0.58,no,corr,3,None,None,None
2398,exp_acyclic_indvary2_step6_batch_yyy10.pl,q7,no,0.66,no,corr,3,None,None,None
2399,exp_acyclic_indvary2_step6_batch_yyy10.pl,c5,no,0.53,no,corr,3,None,None,None
2400,exp_acyclic_indvary2_step6_batch_yyy10.pl,c2,,600.0,yes,TIMEOUT,,,,
2401,exp_acyclic_indvary2_step7_batch_yyy01.pl,t4,no,0.88,no,corr,3,None,None,None
2402,exp_acyclic_indvary2_step7_batch_yyy01.pl,b2,no,0.95,yes,inc,3,None,None,None
2403,exp_acyclic_indvary2_step7_batch_yyy01.pl,p5,no,0.92,no,corr,3,None,None,None
2404,exp_acyclic_indvary2_step7_batch_yyy01.pl,r5,no,0.92,no,corr,3,None,None,None
2405,exp_acyclic_indvary2_step7_batch_yyy01.pl,z2,no,0.96,yes,inc,4,None,None,None
2406,exp_acyclic_indvary2_step7_batch_yyy01.pl,b6,no,0.67,no,corr,3,None,None,None
2407,exp_acyclic_indvary2_step7_batch_yyy01.pl,r3,no,1.08,no,corr,3,None,None,None
2408,exp_acyclic_indvary2_step7_batch_yyy01.pl,w3,no,0.82,no,corr,3,None,None,None
2409,exp_acyclic_indvary2_step7_batch_yyy01.pl,r6,no,0.96,no,corr,3,None,None,None
2410,exp_acyclic_indvary2_step7_batch_yyy01.pl,e5,no,1.12,no,corr,3,None,None,None
2411,exp_acyclic_indvary2_step7_batch_yyy02.pl,s3,no,0.76,no,corr,2,None,None,None
2412,exp_acyclic_indvary2_step7_batch_yyy02.pl,z6,no,0.77,no,corr,2,None,None,None
2413,exp_acyclic_indvary2_step7_batch_yyy02.pl,e1,,600.0,yes,TIMEOUT,,,,
2414,exp_acyclic_indvary2_step7_batch_yyy02.pl,v5,no,0.66,no,corr,2,None,None,None
2415,exp_acyclic_indvary2_step7_batch_yyy02.pl,q5,no,0.65,no,corr,2,None,None,None
2416,exp_acyclic_indvary2_step7_batch_yyy02.pl,c5,no,0.78,no,corr,2,None,None,None
2417,exp_acyclic_indvary2_step7_batch_yyy02.pl,f5,no,0.78,no,corr,2,None,None,None
2418,exp_acyclic_indvary2_step7_batch_yyy02.pl,p3,yes,0.59,yes,corr,1,None,None,None
2419,exp_acyclic_indvary2_step7_batch_yyy02.pl,z4,no,0.63,no,corr,2,None,None,None
2420,exp_acyclic_indvary2_step7_batch_yyy02.pl,r5,no,0.62,no,corr,2,None,None,None
2421,exp_acyclic_indvary2_step7_batch_yyy03.pl,z5,no,0.69,no,corr,2,None,None,None
2422,exp_acyclic_indvary2_step7_batch_yyy03.pl,x3,no,0.62,no,corr,2,None,None,None
2423,exp_acyclic_indvary2_step7_batch_yyy03.pl,w2,yes,0.77,yes,corr,1,None,None,None
2424,exp_acyclic_indvary2_step7_batch_yyy03.pl,u7,no,0.86,no,corr,2,None,None,None
2425,exp_acyclic_indvary2_step7_batch_yyy03.pl,s5,no,0.96,no,corr,2,None,None,None
2426,exp_acyclic_indvary2_step7_batch_yyy03.pl,c2,no,1.14,no,corr,4,None,None,None
2427,exp_acyclic_indvary2_step7_batch_yyy03.pl,b5,no,0.9,no,corr,2,None,None,None
2428,exp_acyclic_indvary2_step7_batch_yyy03.pl,u3,no,0.75,no,corr,2,None,None,None
2429,exp_acyclic_indvary2_step7_batch_yyy03.pl,r1,no,0.63,no,corr,2,None,None,None
2430,exp_acyclic_indvary2_step7_batch_yyy03.pl,r7,no,0.72,no,corr,2,None,None,None
2431,exp_acyclic_indvary2_step7_batch_yyy04.pl,t4,no,0.73,no,corr,2,None,None,None
2432,exp_acyclic_indvary2_step7_batch_yyy04.pl,u7,no,1.13,no,corr,2,None,None,None
2433,exp_acyclic_indvary2_step7_batch_yyy04.pl,t3,no,0.83,no,corr,2,None,None,None
2434,exp_acyclic_indvary2_step7_batch_yyy04.pl,c5,no,0.88,no,corr,2,None,None,None
2435,exp_acyclic_indvary2_step7_batch_yyy04.pl,d2,no,0.77,no,corr,2,None,None,None
2436,exp_acyclic_indvary2_step7_batch_yyy04.pl,t1,yes,0.88,yes,corr,2,None,None,None
2437,exp_acyclic_indvary2_step7_batch_yyy04.pl,q3,yes,0.75,yes,corr,2,None,None,None
2438,exp_acyclic_indvary2_step7_batch_yyy04.pl,y2,yes,0.81,yes,corr,1,None,None,None
2439,exp_acyclic_indvary2_step7_batch_yyy04.pl,y5,no,0.95,no,corr,2,None,None,None
2440,exp_acyclic_indvary2_step7_batch_yyy04.pl,y6,no,0.7,no,corr,2,None,None,None
2441,exp_acyclic_indvary2_step7_batch_yyy05.pl,u6,no,0.78,no,corr,3,None,None,None
2442,exp_acyclic_indvary2_step7_batch_yyy05.pl,c4,no,0.77,no,corr,3,None,None,None
2443,exp_acyclic_indvary2_step7_batch_yyy05.pl,s4,no,1.21,no,corr,3,None,None,None
2444,exp_acyclic_indvary2_step7_batch_yyy05.pl,c5,no,1.28,no,corr,3,None,None,None
2445,exp_acyclic_indvary2_step7_batch_yyy05.pl,q4,no,0.78,no,corr,3,None,None,None
2446,exp_acyclic_indvary2_step7_batch_yyy05.pl,f5,no,0.77,no,corr,3,None,None,None
2447,exp_acyclic_indvary2_step7_batch_yyy05.pl,w1,yes,0.66,yes,corr,2,None,None,None
2448,exp_acyclic_indvary2_step7_batch_yyy05.pl,e3,no,0.73,no,corr,3,None,None,None
2449,exp_acyclic_indvary2_step7_batch_yyy05.pl,y2,yes,0.89,yes,corr,2,None,None,None
2450,exp_acyclic_indvary2_step7_batch_yyy05.pl,q2,yes,0.64,yes,corr,2,None,None,None
2451,exp_acyclic_indvary2_step7_batch_yyy06.pl,s4,no,1.1,no,corr,3,None,None,None
2452,exp_acyclic_indvary2_step7_batch_yyy06.pl,w2,yes,0.89,yes,corr,2,None,None,None
2453,exp_acyclic_indvary2_step7_batch_yyy06.pl,w4,no,1.14,no,corr,3,None,None,None
2454,exp_acyclic_indvary2_step7_batch_yyy06.pl,f4,no,0.97,no,corr,3,None,None,None
2455,exp_acyclic_indvary2_step7_batch_yyy06.pl,x1,yes,0.64,yes,corr,2,None,None,None
2456,exp_acyclic_indvary2_step7_batch_yyy06.pl,r7,no,0.82,no,corr,3,None,None,None
2457,exp_acyclic_indvary2_step7_batch_yyy06.pl,p1,yes,0.61,yes,corr,1,None,None,None
